Indexing opening suite...
Started game 5 of 10000 (SingularV2 vs SeeFutility)
Started game 2 of 10000 (SeeFutility vs SingularV2)
Started game 12 of 10000 (SeeFutility vs SingularV2)
Started game 9 of 10000 (SingularV2 vs SeeFutility)
Started game 3 of 10000 (SingularV2 vs SeeFutility)
Started game 1 of 10000 (SingularV2 vs SeeFutility)
Started game 13 of 10000 (SingularV2 vs SeeFutility)
Started game 7 of 10000 (SingularV2 vs SeeFutility)
Started game 4 of 10000 (SeeFutility vs SingularV2)
Started game 11 of 10000 (SingularV2 vs SeeFutility)
Started game 10 of 10000 (SeeFutility vs SingularV2)
Started game 8 of 10000 (SeeFutility vs SingularV2)
Started game 6 of 10000 (SeeFutility vs SingularV2)
Finished game 11 (SingularV2 vs SeeFutility): 1/2-1/2 {Draw by adjudication}
Score of SingularV2 vs SeeFutility: 0 - 0 - 1  [0.500] 1
Started game 14 of 10000 (SeeFutility vs SingularV2)
Finished game 1 (SingularV2 vs SeeFutility): 1-0 {White wins by adjudication}
Score of SingularV2 vs SeeFutility: 1 - 0 - 1  [0.750] 2
Started game 15 of 10000 (SingularV2 vs SeeFutility)
Finished game 12 (SeeFutility vs SingularV2): 1-0 {White mates}
Score of SingularV2 vs SeeFutility: 1 - 1 - 1  [0.500] 3
Started game 16 of 10000 (SeeFutility vs SingularV2)
Finished game 6 (SeeFutility vs SingularV2): 0-1 {Black wins by adjudication}
Score of SingularV2 vs SeeFutility: 2 - 1 - 1  [0.625] 4
Started game 17 of 10000 (SingularV2 vs SeeFutility)
Finished game 5 (SingularV2 vs SeeFutility): 1-0 {White wins by adjudication}
Score of SingularV2 vs SeeFutility: 3 - 1 - 1  [0.700] 5
Started game 18 of 10000 (SeeFutility vs SingularV2)
Finished game 10 (SeeFutility vs SingularV2): 1-0 {White wins by adjudication}
Score of SingularV2 vs SeeFutility: 3 - 2 - 1  [0.583] 6
Started game 19 of 10000 (SingularV2 vs SeeFutility)
Finished game 3 (SingularV2 vs SeeFutility): 1/2-1/2 {Draw by adjudication}
Score of SingularV2 vs SeeFutility: 3 - 2 - 2  [0.571] 7
Started game 20 of 10000 (SeeFutility vs SingularV2)
Finished game 4 (SeeFutility vs SingularV2): 0-1 {Black wins by adjudication}
Score of SingularV2 vs SeeFutility: 4 - 2 - 2  [0.625] 8
Started game 21 of 10000 (SingularV2 vs SeeFutility)
Finished game 7 (SingularV2 vs SeeFutility): 0-1 {Black wins by adjudication}
Score of SingularV2 vs SeeFutility: 4 - 3 - 2  [0.556] 9
Started game 22 of 10000 (SeeFutility vs SingularV2)
Finished game 13 (SingularV2 vs SeeFutility): 1-0 {White wins by adjudication}
Score of SingularV2 vs SeeFutility: 5 - 3 - 2  [0.600] 10
Started game 23 of 10000 (SingularV2 vs SeeFutility)
Finished game 2 (SeeFutility vs SingularV2): 0-1 {Black mates}
Score of SingularV2 vs SeeFutility: 6 - 3 - 2  [0.636] 11
Started game 24 of 10000 (SeeFutility vs SingularV2)
Finished game 8 (SeeFutility vs SingularV2): 1/2-1/2 {Draw by fifty moves rule}
Score of SingularV2 vs SeeFutility: 6 - 3 - 3  [0.625] 12
Started game 25 of 10000 (SingularV2 vs SeeFutility)
Finished game 9 (SingularV2 vs SeeFutility): 1/2-1/2 {Draw by insufficient mating material}
Score of SingularV2 vs SeeFutility: 6 - 3 - 4  [0.615] 13
Started game 26 of 10000 (SeeFutility vs SingularV2)
Finished game 18 (SeeFutility vs SingularV2): 1/2-1/2 {Draw by 3-fold repetition}
Score of SingularV2 vs SeeFutility: 6 - 3 - 5  [0.607] 14
Started game 27 of 10000 (SingularV2 vs SeeFutility)
Finished game 20 (SeeFutility vs SingularV2): 1/2-1/2 {Draw by 3-fold repetition}
Score of SingularV2 vs SeeFutility: 6 - 3 - 6  [0.600] 15
Started game 28 of 10000 (SeeFutility vs SingularV2)
Finished game 14 (SeeFutility vs SingularV2): 1-0 {White wins by adjudication}
Score of SingularV2 vs SeeFutility: 6 - 4 - 6  [0.563] 16
Started game 29 of 10000 (SingularV2 vs SeeFutility)
Finished game 19 (SingularV2 vs SeeFutility): 0-1 {Black wins by adjudication}
Score of SingularV2 vs SeeFutility: 6 - 5 - 6  [0.529] 17
Started game 30 of 10000 (SeeFutility vs SingularV2)
Finished game 15 (SingularV2 vs SeeFutility): 0-1 {Black wins by adjudication}
Score of SingularV2 vs SeeFutility: 6 - 6 - 6  [0.500] 18
Started game 31 of 10000 (SingularV2 vs SeeFutility)
Finished game 22 (SeeFutility vs SingularV2): 1/2-1/2 {Draw by 3-fold repetition}
Score of SingularV2 vs SeeFutility: 6 - 6 - 7  [0.500] 19
Started game 32 of 10000 (SeeFutility vs SingularV2)
Finished game 17 (SingularV2 vs SeeFutility): 0-1 {Black wins by adjudication}
Score of SingularV2 vs SeeFutility: 6 - 7 - 7  [0.475] 20
Started game 33 of 10000 (SingularV2 vs SeeFutility)
Finished game 24 (SeeFutility vs SingularV2): 1/2-1/2 {Draw by 3-fold repetition}
Score of SingularV2 vs SeeFutility: 6 - 7 - 8  [0.476] 21
Started game 34 of 10000 (SeeFutility vs SingularV2)
Finished game 16 (SeeFutility vs SingularV2): 0-1 {Black wins by adjudication}
Score of SingularV2 vs SeeFutility: 7 - 7 - 8  [0.500] 22
Started game 35 of 10000 (SingularV2 vs SeeFutility)
Finished game 21 (SingularV2 vs SeeFutility): 1-0 {White wins by adjudication}
Score of SingularV2 vs SeeFutility: 8 - 7 - 8  [0.522] 23
Started game 36 of 10000 (SeeFutility vs SingularV2)
Finished game 27 (SingularV2 vs SeeFutility): 1/2-1/2 {Draw by 3-fold repetition}
Score of SingularV2 vs SeeFutility: 8 - 7 - 9  [0.521] 24
Started game 37 of 10000 (SingularV2 vs SeeFutility)
Finished game 26 (SeeFutility vs SingularV2): 0-1 {Black wins by adjudication}
Score of SingularV2 vs SeeFutility: 9 - 7 - 9  [0.540] 25
Started game 38 of 10000 (SeeFutility vs SingularV2)
Finished game 25 (SingularV2 vs SeeFutility): 0-1 {Black wins by adjudication}
Score of SingularV2 vs SeeFutility: 9 - 8 - 9  [0.519] 26
Started game 39 of 10000 (SingularV2 vs SeeFutility)
Finished game 28 (SeeFutility vs SingularV2): 1-0 {White wins by adjudication}
Score of SingularV2 vs SeeFutility: 9 - 9 - 9  [0.500] 27
Started game 40 of 10000 (SeeFutility vs SingularV2)
Finished game 33 (SingularV2 vs SeeFutility): 1/2-1/2 {Draw by adjudication}
Score of SingularV2 vs SeeFutility: 9 - 9 - 10  [0.500] 28
Started game 41 of 10000 (SingularV2 vs SeeFutility)
Finished game 29 (SingularV2 vs SeeFutility): 0-1 {Black wins by adjudication}
Score of SingularV2 vs SeeFutility: 9 - 10 - 10  [0.483] 29
Started game 42 of 10000 (SeeFutility vs SingularV2)
Finished game 31 (SingularV2 vs SeeFutility): 1-0 {White wins by adjudication}
Score of SingularV2 vs SeeFutility: 10 - 10 - 10  [0.500] 30
Started game 43 of 10000 (SingularV2 vs SeeFutility)
Finished game 30 (SeeFutility vs SingularV2): 1/2-1/2 {Draw by adjudication}
Score of SingularV2 vs SeeFutility: 10 - 10 - 11  [0.500] 31
Started game 44 of 10000 (SeeFutility vs SingularV2)
Finished game 23 (SingularV2 vs SeeFutility): 1/2-1/2 {Draw by adjudication}
Score of SingularV2 vs SeeFutility: 10 - 10 - 12  [0.500] 32
Started game 45 of 10000 (SingularV2 vs SeeFutility)
Finished game 39 (SingularV2 vs SeeFutility): 0-1 {Black wins by adjudication}
Score of SingularV2 vs SeeFutility: 10 - 11 - 12  [0.485] 33
Started game 46 of 10000 (SeeFutility vs SingularV2)
Finished game 34 (SeeFutility vs SingularV2): 0-1 {Black wins by adjudication}
Score of SingularV2 vs SeeFutility: 11 - 11 - 12  [0.500] 34
Started game 47 of 10000 (SingularV2 vs SeeFutility)
Finished game 32 (SeeFutility vs SingularV2): 1-0 {White wins by adjudication}
Score of SingularV2 vs SeeFutility: 11 - 12 - 12  [0.486] 35
Started game 48 of 10000 (SeeFutility vs SingularV2)
Finished game 38 (SeeFutility vs SingularV2): 0-1 {Black wins by adjudication}
Score of SingularV2 vs SeeFutility: 12 - 12 - 12  [0.500] 36
Started game 49 of 10000 (SingularV2 vs SeeFutility)
Finished game 35 (SingularV2 vs SeeFutility): 1/2-1/2 {Draw by insufficient mating material}
Score of SingularV2 vs SeeFutility: 12 - 12 - 13  [0.500] 37
Started game 50 of 10000 (SeeFutility vs SingularV2)
Finished game 36 (SeeFutility vs SingularV2): 1/2-1/2 {Draw by 3-fold repetition}
Score of SingularV2 vs SeeFutility: 12 - 12 - 14  [0.500] 38
Started game 51 of 10000 (SingularV2 vs SeeFutility)
Finished game 37 (SingularV2 vs SeeFutility): 0-1 {Black wins by adjudication}
Score of SingularV2 vs SeeFutility: 12 - 13 - 14  [0.487] 39
Started game 52 of 10000 (SeeFutility vs SingularV2)
Finished game 40 (SeeFutility vs SingularV2): 0-1 {Black wins by adjudication}
Score of SingularV2 vs SeeFutility: 13 - 13 - 14  [0.500] 40
Started game 53 of 10000 (SingularV2 vs SeeFutility)
Finished game 44 (SeeFutility vs SingularV2): 1/2-1/2 {Draw by 3-fold repetition}
Score of SingularV2 vs SeeFutility: 13 - 13 - 15  [0.500] 41
Started game 54 of 10000 (SeeFutility vs SingularV2)
Finished game 42 (SeeFutility vs SingularV2): 1/2-1/2 {Draw by insufficient mating material}
Score of SingularV2 vs SeeFutility: 13 - 13 - 16  [0.500] 42
Started game 55 of 10000 (SingularV2 vs SeeFutility)
Finished game 41 (SingularV2 vs SeeFutility): 0-1 {Black wins by adjudication}
Score of SingularV2 vs SeeFutility: 13 - 14 - 16  [0.488] 43
Started game 56 of 10000 (SeeFutility vs SingularV2)
Finished game 43 (SingularV2 vs SeeFutility): 0-1 {Black wins by adjudication}
Score of SingularV2 vs SeeFutility: 13 - 15 - 16  [0.477] 44
Started game 57 of 10000 (SingularV2 vs SeeFutility)
Finished game 46 (SeeFutility vs SingularV2): 1-0 {White mates}
Score of SingularV2 vs SeeFutility: 13 - 16 - 16  [0.467] 45
Started game 58 of 10000 (SeeFutility vs SingularV2)
Finished game 49 (SingularV2 vs SeeFutility): 0-1 {Black wins by adjudication}
Score of SingularV2 vs SeeFutility: 13 - 17 - 16  [0.457] 46
Started game 59 of 10000 (SingularV2 vs SeeFutility)
Finished game 45 (SingularV2 vs SeeFutility): 1/2-1/2 {Draw by fifty moves rule}
Score of SingularV2 vs SeeFutility: 13 - 17 - 17  [0.457] 47
Started game 60 of 10000 (SeeFutility vs SingularV2)
Finished game 55 (SingularV2 vs SeeFutility): 1/2-1/2 {Draw by 3-fold repetition}
Score of SingularV2 vs SeeFutility: 13 - 17 - 18  [0.458] 48
Started game 61 of 10000 (SingularV2 vs SeeFutility)
Finished game 48 (SeeFutility vs SingularV2): 1-0 {White wins by adjudication}
Score of SingularV2 vs SeeFutility: 13 - 18 - 18  [0.449] 49
Started game 62 of 10000 (SeeFutility vs SingularV2)
Finished game 47 (SingularV2 vs SeeFutility): 1-0 {White wins by adjudication}
Score of SingularV2 vs SeeFutility: 14 - 18 - 18  [0.460] 50
Started game 63 of 10000 (SingularV2 vs SeeFutility)
Finished game 51 (SingularV2 vs SeeFutility): 1-0 {White wins by adjudication}
Score of SingularV2 vs SeeFutility: 15 - 18 - 18  [0.471] 51
Started game 64 of 10000 (SeeFutility vs SingularV2)
Finished game 50 (SeeFutility vs SingularV2): 1-0 {White wins by adjudication}
Score of SingularV2 vs SeeFutility: 15 - 19 - 18  [0.462] 52
Started game 65 of 10000 (SingularV2 vs SeeFutility)
Finished game 52 (SeeFutility vs SingularV2): 1-0 {White wins by adjudication}
Score of SingularV2 vs SeeFutility: 15 - 20 - 18  [0.453] 53
Started game 66 of 10000 (SeeFutility vs SingularV2)
Finished game 53 (SingularV2 vs SeeFutility): 1/2-1/2 {Draw by insufficient mating material}
Score of SingularV2 vs SeeFutility: 15 - 20 - 19  [0.454] 54
Started game 67 of 10000 (SingularV2 vs SeeFutility)
Finished game 57 (SingularV2 vs SeeFutility): 1/2-1/2 {Draw by 3-fold repetition}
Score of SingularV2 vs SeeFutility: 15 - 20 - 20  [0.455] 55
Started game 68 of 10000 (SeeFutility vs SingularV2)
Finished game 56 (SeeFutility vs SingularV2): 0-1 {Black wins by adjudication}
Score of SingularV2 vs SeeFutility: 16 - 20 - 20  [0.464] 56
Started game 69 of 10000 (SingularV2 vs SeeFutility)
Finished game 60 (SeeFutility vs SingularV2): 1-0 {White wins by adjudication}
Score of SingularV2 vs SeeFutility: 16 - 21 - 20  [0.456] 57
Started game 70 of 10000 (SeeFutility vs SingularV2)
Finished game 54 (SeeFutility vs SingularV2): 1-0 {White wins by adjudication}
Score of SingularV2 vs SeeFutility: 16 - 22 - 20  [0.448] 58
Started game 71 of 10000 (SingularV2 vs SeeFutility)
Finished game 64 (SeeFutility vs SingularV2): 1/2-1/2 {Draw by 3-fold repetition}
Score of SingularV2 vs SeeFutility: 16 - 22 - 21  [0.449] 59
Started game 72 of 10000 (SeeFutility vs SingularV2)
Finished game 61 (SingularV2 vs SeeFutility): 0-1 {Black wins by adjudication}
Score of SingularV2 vs SeeFutility: 16 - 23 - 21  [0.442] 60
Started game 73 of 10000 (SingularV2 vs SeeFutility)
Finished game 59 (SingularV2 vs SeeFutility): 0-1 {Black wins by adjudication}
Score of SingularV2 vs SeeFutility: 16 - 24 - 21  [0.434] 61
Started game 74 of 10000 (SeeFutility vs SingularV2)
Finished game 58 (SeeFutility vs SingularV2): 1-0 {White wins by adjudication}
Score of SingularV2 vs SeeFutility: 16 - 25 - 21  [0.427] 62
Started game 75 of 10000 (SingularV2 vs SeeFutility)
Finished game 62 (SeeFutility vs SingularV2): 0-1 {Black wins by adjudication}
Score of SingularV2 vs SeeFutility: 17 - 25 - 21  [0.437] 63
Started game 76 of 10000 (SeeFutility vs SingularV2)
Finished game 66 (SeeFutility vs SingularV2): 1-0 {White wins by adjudication}
Score of SingularV2 vs SeeFutility: 17 - 26 - 21  [0.430] 64
Started game 77 of 10000 (SingularV2 vs SeeFutility)
Finished game 65 (SingularV2 vs SeeFutility): 1/2-1/2 {Draw by insufficient mating material}
Score of SingularV2 vs SeeFutility: 17 - 26 - 22  [0.431] 65
Started game 78 of 10000 (SeeFutility vs SingularV2)
Finished game 71 (SingularV2 vs SeeFutility): 1/2-1/2 {Draw by 3-fold repetition}
Score of SingularV2 vs SeeFutility: 17 - 26 - 23  [0.432] 66
Started game 79 of 10000 (SingularV2 vs SeeFutility)
Finished game 67 (SingularV2 vs SeeFutility): 0-1 {Black wins by adjudication}
Score of SingularV2 vs SeeFutility: 17 - 27 - 23  [0.425] 67
Started game 80 of 10000 (SeeFutility vs SingularV2)
Finished game 68 (SeeFutility vs SingularV2): 1/2-1/2 {Draw by adjudication}
Score of SingularV2 vs SeeFutility: 17 - 27 - 24  [0.426] 68
Started game 81 of 10000 (SingularV2 vs SeeFutility)
Finished game 63 (SingularV2 vs SeeFutility): 1/2-1/2 {Draw by fifty moves rule}
Score of SingularV2 vs SeeFutility: 17 - 27 - 25  [0.428] 69
Started game 82 of 10000 (SeeFutility vs SingularV2)
Finished game 74 (SeeFutility vs SingularV2): 1/2-1/2 {Draw by 3-fold repetition}
Score of SingularV2 vs SeeFutility: 17 - 27 - 26  [0.429] 70
Started game 83 of 10000 (SingularV2 vs SeeFutility)
Finished game 75 (SingularV2 vs SeeFutility): 1/2-1/2 {Draw by insufficient mating material}
Score of SingularV2 vs SeeFutility: 17 - 27 - 27  [0.430] 71
Started game 84 of 10000 (SeeFutility vs SingularV2)
Finished game 76 (SeeFutility vs SingularV2): 1/2-1/2 {Draw by adjudication}
Score of SingularV2 vs SeeFutility: 17 - 27 - 28  [0.431] 72
Started game 85 of 10000 (SingularV2 vs SeeFutility)
Finished game 77 (SingularV2 vs SeeFutility): 1/2-1/2 {Draw by 3-fold repetition}
Score of SingularV2 vs SeeFutility: 17 - 27 - 29  [0.432] 73
Started game 86 of 10000 (SeeFutility vs SingularV2)
Finished game 69 (SingularV2 vs SeeFutility): 1/2-1/2 {Draw by insufficient mating material}
Score of SingularV2 vs SeeFutility: 17 - 27 - 30  [0.432] 74
Started game 87 of 10000 (SingularV2 vs SeeFutility)
Finished game 70 (SeeFutility vs SingularV2): 1-0 {White wins by adjudication}
Score of SingularV2 vs SeeFutility: 17 - 28 - 30  [0.427] 75
Started game 88 of 10000 (SeeFutility vs SingularV2)
Finished game 72 (SeeFutility vs SingularV2): 1/2-1/2 {Draw by 3-fold repetition}
Score of SingularV2 vs SeeFutility: 17 - 28 - 31  [0.428] 76
Started game 89 of 10000 (SingularV2 vs SeeFutility)
Finished game 80 (SeeFutility vs SingularV2): 1-0 {White wins by adjudication}
Score of SingularV2 vs SeeFutility: 17 - 29 - 31  [0.422] 77
Started game 90 of 10000 (SeeFutility vs SingularV2)
Finished game 79 (SingularV2 vs SeeFutility): 1-0 {White wins by adjudication}
Score of SingularV2 vs SeeFutility: 18 - 29 - 31  [0.429] 78
Started game 91 of 10000 (SingularV2 vs SeeFutility)
Finished game 82 (SeeFutility vs SingularV2): 1/2-1/2 {Draw by 3-fold repetition}
Score of SingularV2 vs SeeFutility: 18 - 29 - 32  [0.430] 79
Started game 92 of 10000 (SeeFutility vs SingularV2)
Finished game 78 (SeeFutility vs SingularV2): 1-0 {White wins by adjudication}
Score of SingularV2 vs SeeFutility: 18 - 30 - 32  [0.425] 80
Started game 93 of 10000 (SingularV2 vs SeeFutility)
Finished game 73 (SingularV2 vs SeeFutility): 1/2-1/2 {Draw by insufficient mating material}
Score of SingularV2 vs SeeFutility: 18 - 30 - 33  [0.426] 81
Started game 94 of 10000 (SeeFutility vs SingularV2)
Finished game 81 (SingularV2 vs SeeFutility): 1-0 {White wins by adjudication}
Score of SingularV2 vs SeeFutility: 19 - 30 - 33  [0.433] 82
Started game 95 of 10000 (SingularV2 vs SeeFutility)
Finished game 84 (SeeFutility vs SingularV2): 0-1 {Black wins by adjudication}
Score of SingularV2 vs SeeFutility: 20 - 30 - 33  [0.440] 83
Started game 96 of 10000 (SeeFutility vs SingularV2)
Finished game 88 (SeeFutility vs SingularV2): 1/2-1/2 {Draw by 3-fold repetition}
Score of SingularV2 vs SeeFutility: 20 - 30 - 34  [0.440] 84
Started game 97 of 10000 (SingularV2 vs SeeFutility)
Finished game 86 (SeeFutility vs SingularV2): 1-0 {White wins by adjudication}
Score of SingularV2 vs SeeFutility: 20 - 31 - 34  [0.435] 85
Started game 98 of 10000 (SeeFutility vs SingularV2)
Finished game 85 (SingularV2 vs SeeFutility): 0-1 {Black wins by adjudication}
Score of SingularV2 vs SeeFutility: 20 - 32 - 34  [0.430] 86
Started game 99 of 10000 (SingularV2 vs SeeFutility)
Finished game 90 (SeeFutility vs SingularV2): 1/2-1/2 {Draw by 3-fold repetition}
Score of SingularV2 vs SeeFutility: 20 - 32 - 35  [0.431] 87
Started game 100 of 10000 (SeeFutility vs SingularV2)
Finished game 89 (SingularV2 vs SeeFutility): 1/2-1/2 {Draw by 3-fold repetition}
Score of SingularV2 vs SeeFutility: 20 - 32 - 36  [0.432] 88
Started game 101 of 10000 (SingularV2 vs SeeFutility)
Finished game 95 (SingularV2 vs SeeFutility): 1/2-1/2 {Draw by 3-fold repetition}
Score of SingularV2 vs SeeFutility: 20 - 32 - 37  [0.433] 89
Started game 102 of 10000 (SeeFutility vs SingularV2)
Finished game 83 (SingularV2 vs SeeFutility): 1/2-1/2 {Draw by fifty moves rule}
Score of SingularV2 vs SeeFutility: 20 - 32 - 38  [0.433] 90
Started game 103 of 10000 (SingularV2 vs SeeFutility)
Finished game 93 (SingularV2 vs SeeFutility): 1/2-1/2 {Draw by adjudication}
Score of SingularV2 vs SeeFutility: 20 - 32 - 39  [0.434] 91
Started game 104 of 10000 (SeeFutility vs SingularV2)
Finished game 87 (SingularV2 vs SeeFutility): 0-1 {Black wins by adjudication}
Score of SingularV2 vs SeeFutility: 20 - 33 - 39  [0.429] 92
Started game 105 of 10000 (SingularV2 vs SeeFutility)
Finished game 92 (SeeFutility vs SingularV2): 1/2-1/2 {Draw by adjudication}
Score of SingularV2 vs SeeFutility: 20 - 33 - 40  [0.430] 93
Started game 106 of 10000 (SeeFutility vs SingularV2)
Finished game 97 (SingularV2 vs SeeFutility): 1/2-1/2 {Draw by 3-fold repetition}
Score of SingularV2 vs SeeFutility: 20 - 33 - 41  [0.431] 94
Started game 107 of 10000 (SingularV2 vs SeeFutility)
Finished game 104 (SeeFutility vs SingularV2): 1/2-1/2 {Draw by 3-fold repetition}
Score of SingularV2 vs SeeFutility: 20 - 33 - 42  [0.432] 95
Started game 108 of 10000 (SeeFutility vs SingularV2)
Finished game 94 (SeeFutility vs SingularV2): 0-1 {Black wins by adjudication}
Score of SingularV2 vs SeeFutility: 21 - 33 - 42  [0.438] 96
Started game 109 of 10000 (SingularV2 vs SeeFutility)
Finished game 91 (SingularV2 vs SeeFutility): 0-1 {Black wins by adjudication}
Score of SingularV2 vs SeeFutility: 21 - 34 - 42  [0.433] 97
Started game 110 of 10000 (SeeFutility vs SingularV2)
Finished game 98 (SeeFutility vs SingularV2): 1-0 {White wins by adjudication}
Score of SingularV2 vs SeeFutility: 21 - 35 - 42  [0.429] 98
Started game 111 of 10000 (SingularV2 vs SeeFutility)
Finished game 100 (SeeFutility vs SingularV2): 1/2-1/2 {Draw by adjudication}
Score of SingularV2 vs SeeFutility: 21 - 35 - 43  [0.429] 99
Started game 112 of 10000 (SeeFutility vs SingularV2)
Finished game 101 (SingularV2 vs SeeFutility): 1/2-1/2 {Draw by 3-fold repetition}
Score of SingularV2 vs SeeFutility: 21 - 35 - 44  [0.430] 100
Started game 113 of 10000 (SingularV2 vs SeeFutility)
Finished game 96 (SeeFutility vs SingularV2): 1/2-1/2 {Draw by adjudication}
Score of SingularV2 vs SeeFutility: 21 - 35 - 45  [0.431] 101
Started game 114 of 10000 (SeeFutility vs SingularV2)
Finished game 105 (SingularV2 vs SeeFutility): 0-1 {Black wins by adjudication}
Score of SingularV2 vs SeeFutility: 21 - 36 - 45  [0.426] 102
Started game 115 of 10000 (SingularV2 vs SeeFutility)
Finished game 107 (SingularV2 vs SeeFutility): 1/2-1/2 {Draw by 3-fold repetition}
Score of SingularV2 vs SeeFutility: 21 - 36 - 46  [0.427] 103
Started game 116 of 10000 (SeeFutility vs SingularV2)
Finished game 102 (SeeFutility vs SingularV2): 0-1 {Black wins by adjudication}
Score of SingularV2 vs SeeFutility: 22 - 36 - 46  [0.433] 104
Started game 117 of 10000 (SingularV2 vs SeeFutility)
Finished game 103 (SingularV2 vs SeeFutility): 1/2-1/2 {Draw by adjudication}
Score of SingularV2 vs SeeFutility: 22 - 36 - 47  [0.433] 105
Started game 118 of 10000 (SeeFutility vs SingularV2)
Finished game 106 (SeeFutility vs SingularV2): 0-1 {Black wins by adjudication}
Score of SingularV2 vs SeeFutility: 23 - 36 - 47  [0.439] 106
Started game 119 of 10000 (SingularV2 vs SeeFutility)
Finished game 108 (SeeFutility vs SingularV2): 1/2-1/2 {Draw by 3-fold repetition}
Score of SingularV2 vs SeeFutility: 23 - 36 - 48  [0.439] 107
Started game 120 of 10000 (SeeFutility vs SingularV2)
Finished game 99 (SingularV2 vs SeeFutility): 1-0 {White mates}
Score of SingularV2 vs SeeFutility: 24 - 36 - 48  [0.444] 108
Started game 121 of 10000 (SingularV2 vs SeeFutility)
Finished game 111 (SingularV2 vs SeeFutility): 0-1 {Black wins by adjudication}
Score of SingularV2 vs SeeFutility: 24 - 37 - 48  [0.440] 109
Started game 122 of 10000 (SeeFutility vs SingularV2)
Finished game 110 (SeeFutility vs SingularV2): 0-1 {Black wins by adjudication}
Score of SingularV2 vs SeeFutility: 25 - 37 - 48  [0.445] 110
Started game 123 of 10000 (SingularV2 vs SeeFutility)
Finished game 113 (SingularV2 vs SeeFutility): 0-1 {Black wins by adjudication}
Score of SingularV2 vs SeeFutility: 25 - 38 - 48  [0.441] 111
Started game 124 of 10000 (SeeFutility vs SingularV2)
Finished game 109 (SingularV2 vs SeeFutility): 1-0 {White wins by adjudication}
Score of SingularV2 vs SeeFutility: 26 - 38 - 48  [0.446] 112
Started game 125 of 10000 (SingularV2 vs SeeFutility)
Finished game 116 (SeeFutility vs SingularV2): 1-0 {White wins by adjudication}
Score of SingularV2 vs SeeFutility: 26 - 39 - 48  [0.442] 113
Started game 126 of 10000 (SeeFutility vs SingularV2)
Finished game 118 (SeeFutility vs SingularV2): 0-1 {Black wins by adjudication}
Score of SingularV2 vs SeeFutility: 27 - 39 - 48  [0.447] 114
Started game 127 of 10000 (SingularV2 vs SeeFutility)
Finished game 120 (SeeFutility vs SingularV2): 1/2-1/2 {Draw by 3-fold repetition}
Score of SingularV2 vs SeeFutility: 27 - 39 - 49  [0.448] 115
Started game 128 of 10000 (SeeFutility vs SingularV2)
Finished game 112 (SeeFutility vs SingularV2): 1-0 {White wins by adjudication}
Score of SingularV2 vs SeeFutility: 27 - 40 - 49  [0.444] 116
Started game 129 of 10000 (SingularV2 vs SeeFutility)
Finished game 114 (SeeFutility vs SingularV2): 0-1 {Black wins by adjudication}
Score of SingularV2 vs SeeFutility: 28 - 40 - 49  [0.449] 117
Started game 130 of 10000 (SeeFutility vs SingularV2)
Finished game 124 (SeeFutility vs SingularV2): 1/2-1/2 {Draw by 3-fold repetition}
Score of SingularV2 vs SeeFutility: 28 - 40 - 50  [0.449] 118
Started game 131 of 10000 (SingularV2 vs SeeFutility)
Finished game 115 (SingularV2 vs SeeFutility): 0-1 {Black wins by adjudication}
Score of SingularV2 vs SeeFutility: 28 - 41 - 50  [0.445] 119
Started game 132 of 10000 (SeeFutility vs SingularV2)
Finished game 121 (SingularV2 vs SeeFutility): 1-0 {White wins by adjudication}
Score of SingularV2 vs SeeFutility: 29 - 41 - 50  [0.450] 120
Started game 133 of 10000 (SingularV2 vs SeeFutility)
Finished game 119 (SingularV2 vs SeeFutility): 0-1 {Black wins by adjudication}
Score of SingularV2 vs SeeFutility: 29 - 42 - 50  [0.446] 121
Started game 134 of 10000 (SeeFutility vs SingularV2)
Finished game 122 (SeeFutility vs SingularV2): 0-1 {Black wins by adjudication}
Score of SingularV2 vs SeeFutility: 30 - 42 - 50  [0.451] 122
Started game 135 of 10000 (SingularV2 vs SeeFutility)
Finished game 123 (SingularV2 vs SeeFutility): 0-1 {Black wins by adjudication}
Score of SingularV2 vs SeeFutility: 30 - 43 - 50  [0.447] 123
Started game 136 of 10000 (SeeFutility vs SingularV2)
Finished game 125 (SingularV2 vs SeeFutility): 1/2-1/2 {Draw by adjudication}
Score of SingularV2 vs SeeFutility: 30 - 43 - 51  [0.448] 124
Started game 137 of 10000 (SingularV2 vs SeeFutility)
Finished game 128 (SeeFutility vs SingularV2): 1-0 {White wins by adjudication}
Score of SingularV2 vs SeeFutility: 30 - 44 - 51  [0.444] 125
Started game 138 of 10000 (SeeFutility vs SingularV2)
Finished game 129 (SingularV2 vs SeeFutility): 0-1 {Black wins by adjudication}
Score of SingularV2 vs SeeFutility: 30 - 45 - 51  [0.440] 126
Started game 139 of 10000 (SingularV2 vs SeeFutility)
Finished game 117 (SingularV2 vs SeeFutility): 1/2-1/2 {Draw by fifty moves rule}
Score of SingularV2 vs SeeFutility: 30 - 45 - 52  [0.441] 127
Started game 140 of 10000 (SeeFutility vs SingularV2)
Finished game 133 (SingularV2 vs SeeFutility): 1-0 {White wins by adjudication}
Score of SingularV2 vs SeeFutility: 31 - 45 - 52  [0.445] 128
Started game 141 of 10000 (SingularV2 vs SeeFutility)
Finished game 126 (SeeFutility vs SingularV2): 1-0 {White wins by adjudication}
Score of SingularV2 vs SeeFutility: 31 - 46 - 52  [0.442] 129
Started game 142 of 10000 (SeeFutility vs SingularV2)
Finished game 130 (SeeFutility vs SingularV2): 1/2-1/2 {Draw by insufficient mating material}
Score of SingularV2 vs SeeFutility: 31 - 46 - 53  [0.442] 130
Started game 143 of 10000 (SingularV2 vs SeeFutility)
Finished game 132 (SeeFutility vs SingularV2): 1-0 {White wins by adjudication}
Score of SingularV2 vs SeeFutility: 31 - 47 - 53  [0.439] 131
Started game 144 of 10000 (SeeFutility vs SingularV2)
Finished game 131 (SingularV2 vs SeeFutility): 1/2-1/2 {Draw by adjudication}
Score of SingularV2 vs SeeFutility: 31 - 47 - 54  [0.439] 132
Started game 145 of 10000 (SingularV2 vs SeeFutility)
Finished game 136 (SeeFutility vs SingularV2): 1-0 {White wins by adjudication}
Score of SingularV2 vs SeeFutility: 31 - 48 - 54  [0.436] 133
Started game 146 of 10000 (SeeFutility vs SingularV2)
Finished game 127 (SingularV2 vs SeeFutility): 0-1 {Black wins by adjudication}
Score of SingularV2 vs SeeFutility: 31 - 49 - 54  [0.433] 134
Started game 147 of 10000 (SingularV2 vs SeeFutility)
Finished game 137 (SingularV2 vs SeeFutility): 1/2-1/2 {Draw by 3-fold repetition}
Score of SingularV2 vs SeeFutility: 31 - 49 - 55  [0.433] 135
Started game 148 of 10000 (SeeFutility vs SingularV2)
Finished game 135 (SingularV2 vs SeeFutility): 1/2-1/2 {Draw by stalemate}
Score of SingularV2 vs SeeFutility: 31 - 49 - 56  [0.434] 136
Started game 149 of 10000 (SingularV2 vs SeeFutility)
Finished game 134 (SeeFutility vs SingularV2): 1/2-1/2 {Draw by 3-fold repetition}
Score of SingularV2 vs SeeFutility: 31 - 49 - 57  [0.434] 137
Started game 150 of 10000 (SeeFutility vs SingularV2)
Finished game 139 (SingularV2 vs SeeFutility): 1/2-1/2 {Draw by 3-fold repetition}
Score of SingularV2 vs SeeFutility: 31 - 49 - 58  [0.435] 138
Started game 151 of 10000 (SingularV2 vs SeeFutility)
Finished game 140 (SeeFutility vs SingularV2): 1/2-1/2 {Draw by 3-fold repetition}
Score of SingularV2 vs SeeFutility: 31 - 49 - 59  [0.435] 139
Started game 152 of 10000 (SeeFutility vs SingularV2)
Finished game 141 (SingularV2 vs SeeFutility): 1/2-1/2 {Draw by 3-fold repetition}
Score of SingularV2 vs SeeFutility: 31 - 49 - 60  [0.436] 140
Started game 153 of 10000 (SingularV2 vs SeeFutility)
Finished game 144 (SeeFutility vs SingularV2): 1-0 {White wins by adjudication}
Score of SingularV2 vs SeeFutility: 31 - 50 - 60  [0.433] 141
Started game 154 of 10000 (SeeFutility vs SingularV2)
Finished game 142 (SeeFutility vs SingularV2): 0-1 {Black wins by adjudication}
Score of SingularV2 vs SeeFutility: 32 - 50 - 60  [0.437] 142
Started game 155 of 10000 (SingularV2 vs SeeFutility)
Finished game 146 (SeeFutility vs SingularV2): 0-1 {Black wins by adjudication}
Score of SingularV2 vs SeeFutility: 33 - 50 - 60  [0.441] 143
Started game 156 of 10000 (SeeFutility vs SingularV2)
Finished game 145 (SingularV2 vs SeeFutility): 1-0 {White wins by adjudication}
Score of SingularV2 vs SeeFutility: 34 - 50 - 60  [0.444] 144
Started game 157 of 10000 (SingularV2 vs SeeFutility)
Finished game 143 (SingularV2 vs SeeFutility): 0-1 {Black wins by adjudication}
Score of SingularV2 vs SeeFutility: 34 - 51 - 60  [0.441] 145
Started game 158 of 10000 (SeeFutility vs SingularV2)
Finished game 138 (SeeFutility vs SingularV2): 1-0 {White wins by adjudication}
Score of SingularV2 vs SeeFutility: 34 - 52 - 60  [0.438] 146
Started game 159 of 10000 (SingularV2 vs SeeFutility)
Finished game 148 (SeeFutility vs SingularV2): 1-0 {White wins by adjudication}
Score of SingularV2 vs SeeFutility: 34 - 53 - 60  [0.435] 147
Started game 160 of 10000 (SeeFutility vs SingularV2)
Finished game 147 (SingularV2 vs SeeFutility): 0-1 {Black wins by adjudication}
Score of SingularV2 vs SeeFutility: 34 - 54 - 60  [0.432] 148
Started game 161 of 10000 (SingularV2 vs SeeFutility)
Finished game 153 (SingularV2 vs SeeFutility): 1-0 {White wins by adjudication}
Score of SingularV2 vs SeeFutility: 35 - 54 - 60  [0.436] 149
Started game 162 of 10000 (SeeFutility vs SingularV2)
Finished game 152 (SeeFutility vs SingularV2): 1/2-1/2 {Draw by 3-fold repetition}
Score of SingularV2 vs SeeFutility: 35 - 54 - 61  [0.437] 150
Started game 163 of 10000 (SingularV2 vs SeeFutility)
Finished game 154 (SeeFutility vs SingularV2): 1-0 {White wins by adjudication}
Score of SingularV2 vs SeeFutility: 35 - 55 - 61  [0.434] 151
Started game 164 of 10000 (SeeFutility vs SingularV2)
Finished game 149 (SingularV2 vs SeeFutility): 1/2-1/2 {Draw by insufficient mating material}
Score of SingularV2 vs SeeFutility: 35 - 55 - 62  [0.434] 152
Started game 165 of 10000 (SingularV2 vs SeeFutility)
Finished game 150 (SeeFutility vs SingularV2): 1/2-1/2 {Draw by insufficient mating material}
Score of SingularV2 vs SeeFutility: 35 - 55 - 63  [0.435] 153
Started game 166 of 10000 (SeeFutility vs SingularV2)
Finished game 156 (SeeFutility vs SingularV2): 0-1 {Black wins by adjudication}
Score of SingularV2 vs SeeFutility: 36 - 55 - 63  [0.438] 154
Started game 167 of 10000 (SingularV2 vs SeeFutility)
Finished game 155 (SingularV2 vs SeeFutility): 1-0 {White wins by adjudication}
Score of SingularV2 vs SeeFutility: 37 - 55 - 63  [0.442] 155
Started game 168 of 10000 (SeeFutility vs SingularV2)
Finished game 151 (SingularV2 vs SeeFutility): 1/2-1/2 {Draw by adjudication}
Score of SingularV2 vs SeeFutility: 37 - 55 - 64  [0.442] 156
Started game 169 of 10000 (SingularV2 vs SeeFutility)
Finished game 159 (SingularV2 vs SeeFutility): 1/2-1/2 {Draw by 3-fold repetition}
Score of SingularV2 vs SeeFutility: 37 - 55 - 65  [0.443] 157
Started game 170 of 10000 (SeeFutility vs SingularV2)
Finished game 157 (SingularV2 vs SeeFutility): 1-0 {White wins by adjudication}
Score of SingularV2 vs SeeFutility: 38 - 55 - 65  [0.446] 158
Started game 171 of 10000 (SingularV2 vs SeeFutility)
Finished game 158 (SeeFutility vs SingularV2): 1/2-1/2 {Draw by insufficient mating material}
Score of SingularV2 vs SeeFutility: 38 - 55 - 66  [0.447] 159
Started game 172 of 10000 (SeeFutility vs SingularV2)
Finished game 161 (SingularV2 vs SeeFutility): 0-1 {Black wins by adjudication}
Score of SingularV2 vs SeeFutility: 38 - 56 - 66  [0.444] 160
Started game 173 of 10000 (SingularV2 vs SeeFutility)
Finished game 160 (SeeFutility vs SingularV2): 1-0 {White wins by adjudication}
Score of SingularV2 vs SeeFutility: 38 - 57 - 66  [0.441] 161
Started game 174 of 10000 (SeeFutility vs SingularV2)
Finished game 162 (SeeFutility vs SingularV2): 1-0 {White wins by adjudication}
Score of SingularV2 vs SeeFutility: 38 - 58 - 66  [0.438] 162
Started game 175 of 10000 (SingularV2 vs SeeFutility)
Finished game 165 (SingularV2 vs SeeFutility): 0-1 {Black wins by adjudication}
Score of SingularV2 vs SeeFutility: 38 - 59 - 66  [0.436] 163
Started game 176 of 10000 (SeeFutility vs SingularV2)
Finished game 164 (SeeFutility vs SingularV2): 0-1 {Black wins by adjudication}
Score of SingularV2 vs SeeFutility: 39 - 59 - 66  [0.439] 164
Started game 177 of 10000 (SingularV2 vs SeeFutility)
Finished game 163 (SingularV2 vs SeeFutility): 1-0 {White wins by adjudication}
Score of SingularV2 vs SeeFutility: 40 - 59 - 66  [0.442] 165
Started game 178 of 10000 (SeeFutility vs SingularV2)
Finished game 166 (SeeFutility vs SingularV2): 1-0 {White wins by adjudication}
Score of SingularV2 vs SeeFutility: 40 - 60 - 66  [0.440] 166
Started game 179 of 10000 (SingularV2 vs SeeFutility)
Finished game 170 (SeeFutility vs SingularV2): 1-0 {White wins by adjudication}
Score of SingularV2 vs SeeFutility: 40 - 61 - 66  [0.437] 167
Started game 180 of 10000 (SeeFutility vs SingularV2)
Finished game 168 (SeeFutility vs SingularV2): 1-0 {White wins by adjudication}
Score of SingularV2 vs SeeFutility: 40 - 62 - 66  [0.435] 168
Started game 181 of 10000 (SingularV2 vs SeeFutility)
Finished game 172 (SeeFutility vs SingularV2): 1-0 {White wins by adjudication}
Score of SingularV2 vs SeeFutility: 40 - 63 - 66  [0.432] 169
Started game 182 of 10000 (SeeFutility vs SingularV2)
Finished game 167 (SingularV2 vs SeeFutility): 1/2-1/2 {Draw by insufficient mating material}
Score of SingularV2 vs SeeFutility: 40 - 63 - 67  [0.432] 170
Started game 183 of 10000 (SingularV2 vs SeeFutility)
Finished game 169 (SingularV2 vs SeeFutility): 1-0 {White wins by adjudication}
Score of SingularV2 vs SeeFutility: 41 - 63 - 67  [0.436] 171
Started game 184 of 10000 (SeeFutility vs SingularV2)
Finished game 171 (SingularV2 vs SeeFutility): 1/2-1/2 {Draw by 3-fold repetition}
Score of SingularV2 vs SeeFutility: 41 - 63 - 68  [0.436] 172
Started game 185 of 10000 (SingularV2 vs SeeFutility)
Finished game 178 (SeeFutility vs SingularV2): 1-0 {White wins by adjudication}
Score of SingularV2 vs SeeFutility: 41 - 64 - 68  [0.434] 173
Started game 186 of 10000 (SeeFutility vs SingularV2)
Finished game 175 (SingularV2 vs SeeFutility): 1/2-1/2 {Draw by adjudication}
Score of SingularV2 vs SeeFutility: 41 - 64 - 69  [0.434] 174
Started game 187 of 10000 (SingularV2 vs SeeFutility)
Finished game 174 (SeeFutility vs SingularV2): 1/2-1/2 {Draw by 3-fold repetition}
Score of SingularV2 vs SeeFutility: 41 - 64 - 70  [0.434] 175
Started game 188 of 10000 (SeeFutility vs SingularV2)
Finished game 173 (SingularV2 vs SeeFutility): 0-1 {Black wins by adjudication}
Score of SingularV2 vs SeeFutility: 41 - 65 - 70  [0.432] 176
Started game 189 of 10000 (SingularV2 vs SeeFutility)
Finished game 180 (SeeFutility vs SingularV2): 1/2-1/2 {Draw by 3-fold repetition}
Score of SingularV2 vs SeeFutility: 41 - 65 - 71  [0.432] 177
Started game 190 of 10000 (SeeFutility vs SingularV2)
Finished game 181 (SingularV2 vs SeeFutility): 1/2-1/2 {Draw by 3-fold repetition}
Score of SingularV2 vs SeeFutility: 41 - 65 - 72  [0.433] 178
Started game 191 of 10000 (SingularV2 vs SeeFutility)
Finished game 176 (SeeFutility vs SingularV2): 0-1 {Black wins by adjudication}
Score of SingularV2 vs SeeFutility: 42 - 65 - 72  [0.436] 179
Started game 192 of 10000 (SeeFutility vs SingularV2)
Finished game 177 (SingularV2 vs SeeFutility): 1-0 {White wins by adjudication}
Score of SingularV2 vs SeeFutility: 43 - 65 - 72  [0.439] 180
Started game 193 of 10000 (SingularV2 vs SeeFutility)
Finished game 182 (SeeFutility vs SingularV2): 1-0 {White wins by adjudication}
Score of SingularV2 vs SeeFutility: 43 - 66 - 72  [0.436] 181
Started game 194 of 10000 (SeeFutility vs SingularV2)
Finished game 184 (SeeFutility vs SingularV2): 0-1 {Black wins by adjudication}
Score of SingularV2 vs SeeFutility: 44 - 66 - 72  [0.440] 182
Started game 195 of 10000 (SingularV2 vs SeeFutility)
Finished game 194 (SeeFutility vs SingularV2): 1/2-1/2 {Draw by 3-fold repetition}
Score of SingularV2 vs SeeFutility: 44 - 66 - 73  [0.440] 183
Started game 196 of 10000 (SeeFutility vs SingularV2)
Finished game 179 (SingularV2 vs SeeFutility): 0-1 {Black wins by adjudication}
Score of SingularV2 vs SeeFutility: 44 - 67 - 73  [0.438] 184
Started game 197 of 10000 (SingularV2 vs SeeFutility)
Finished game 185 (SingularV2 vs SeeFutility): 1/2-1/2 {Draw by 3-fold repetition}
Score of SingularV2 vs SeeFutility: 44 - 67 - 74  [0.438] 185
Started game 198 of 10000 (SeeFutility vs SingularV2)
Finished game 188 (SeeFutility vs SingularV2): 0-1 {Black wins by adjudication}
Score of SingularV2 vs SeeFutility: 45 - 67 - 74  [0.441] 186
Started game 199 of 10000 (SingularV2 vs SeeFutility)
Finished game 187 (SingularV2 vs SeeFutility): 1-0 {White wins by adjudication}
Score of SingularV2 vs SeeFutility: 46 - 67 - 74  [0.444] 187
Started game 200 of 10000 (SeeFutility vs SingularV2)
Finished game 183 (SingularV2 vs SeeFutility): 1/2-1/2 {Draw by 3-fold repetition}
Score of SingularV2 vs SeeFutility: 46 - 67 - 75  [0.444] 188
Started game 201 of 10000 (SingularV2 vs SeeFutility)
Finished game 190 (SeeFutility vs SingularV2): 1-0 {White wins by adjudication}
Score of SingularV2 vs SeeFutility: 46 - 68 - 75  [0.442] 189
Started game 202 of 10000 (SeeFutility vs SingularV2)
Finished game 199 (SingularV2 vs SeeFutility): 1/2-1/2 {Draw by 3-fold repetition}
Score of SingularV2 vs SeeFutility: 46 - 68 - 76  [0.442] 190
Started game 203 of 10000 (SingularV2 vs SeeFutility)
Finished game 189 (SingularV2 vs SeeFutility): 0-1 {Black wins by adjudication}
Score of SingularV2 vs SeeFutility: 46 - 69 - 76  [0.440] 191
Started game 204 of 10000 (SeeFutility vs SingularV2)
Finished game 191 (SingularV2 vs SeeFutility): 0-1 {Black wins by adjudication}
Score of SingularV2 vs SeeFutility: 46 - 70 - 76  [0.438] 192
Started game 205 of 10000 (SingularV2 vs SeeFutility)
Finished game 193 (SingularV2 vs SeeFutility): 1/2-1/2 {Draw by 3-fold repetition}
Score of SingularV2 vs SeeFutility: 46 - 70 - 77  [0.438] 193
Started game 206 of 10000 (SeeFutility vs SingularV2)
Finished game 195 (SingularV2 vs SeeFutility): 1/2-1/2 {Draw by 3-fold repetition}
Score of SingularV2 vs SeeFutility: 46 - 70 - 78  [0.438] 194
Started game 207 of 10000 (SingularV2 vs SeeFutility)
Finished game 200 (SeeFutility vs SingularV2): 1/2-1/2 {Draw by 3-fold repetition}
Score of SingularV2 vs SeeFutility: 46 - 70 - 79  [0.438] 195
Started game 208 of 10000 (SeeFutility vs SingularV2)
Finished game 186 (SeeFutility vs SingularV2): 1/2-1/2 {Draw by adjudication}
Score of SingularV2 vs SeeFutility: 46 - 70 - 80  [0.439] 196
Started game 209 of 10000 (SingularV2 vs SeeFutility)
Finished game 192 (SeeFutility vs SingularV2): 1/2-1/2 {Draw by 3-fold repetition}
Score of SingularV2 vs SeeFutility: 46 - 70 - 81  [0.439] 197
Started game 210 of 10000 (SeeFutility vs SingularV2)
Finished game 198 (SeeFutility vs SingularV2): 0-1 {Black wins by adjudication}
Score of SingularV2 vs SeeFutility: 47 - 70 - 81  [0.442] 198
Started game 211 of 10000 (SingularV2 vs SeeFutility)
Finished game 196 (SeeFutility vs SingularV2): 1/2-1/2 {Draw by insufficient mating material}
Score of SingularV2 vs SeeFutility: 47 - 70 - 82  [0.442] 199
Started game 212 of 10000 (SeeFutility vs SingularV2)
Finished game 197 (SingularV2 vs SeeFutility): 0-1 {Black wins by adjudication}
Score of SingularV2 vs SeeFutility: 47 - 71 - 82  [0.440] 200
Started game 213 of 10000 (SingularV2 vs SeeFutility)
Finished game 201 (SingularV2 vs SeeFutility): 0-1 {Black wins by adjudication}
Score of SingularV2 vs SeeFutility: 47 - 72 - 82  [0.438] 201
Started game 214 of 10000 (SeeFutility vs SingularV2)
Finished game 202 (SeeFutility vs SingularV2): 0-1 {Black wins by adjudication}
Score of SingularV2 vs SeeFutility: 48 - 72 - 82  [0.441] 202
Started game 215 of 10000 (SingularV2 vs SeeFutility)
Finished game 203 (SingularV2 vs SeeFutility): 1-0 {White wins by adjudication}
Score of SingularV2 vs SeeFutility: 49 - 72 - 82  [0.443] 203
Started game 216 of 10000 (SeeFutility vs SingularV2)
Finished game 204 (SeeFutility vs SingularV2): 1-0 {White wins by adjudication}
Score of SingularV2 vs SeeFutility: 49 - 73 - 82  [0.441] 204
Started game 217 of 10000 (SingularV2 vs SeeFutility)
Finished game 206 (SeeFutility vs SingularV2): 1/2-1/2 {Draw by 3-fold repetition}
Score of SingularV2 vs SeeFutility: 49 - 73 - 83  [0.441] 205
Started game 218 of 10000 (SeeFutility vs SingularV2)
Finished game 207 (SingularV2 vs SeeFutility): 1-0 {White wins by adjudication}
Score of SingularV2 vs SeeFutility: 50 - 73 - 83  [0.444] 206
Started game 219 of 10000 (SingularV2 vs SeeFutility)
Finished game 205 (SingularV2 vs SeeFutility): 1/2-1/2 {Draw by insufficient mating material}
Score of SingularV2 vs SeeFutility: 50 - 73 - 84  [0.444] 207
Started game 220 of 10000 (SeeFutility vs SingularV2)
Finished game 209 (SingularV2 vs SeeFutility): 1/2-1/2 {Draw by insufficient mating material}
Score of SingularV2 vs SeeFutility: 50 - 73 - 85  [0.445] 208
Started game 221 of 10000 (SingularV2 vs SeeFutility)
Finished game 208 (SeeFutility vs SingularV2): 0-1 {Black wins by adjudication}
Score of SingularV2 vs SeeFutility: 51 - 73 - 85  [0.447] 209
Started game 222 of 10000 (SeeFutility vs SingularV2)
Finished game 212 (SeeFutility vs SingularV2): 1-0 {White wins by adjudication}
Score of SingularV2 vs SeeFutility: 51 - 74 - 85  [0.445] 210
Started game 223 of 10000 (SingularV2 vs SeeFutility)
Finished game 210 (SeeFutility vs SingularV2): 0-1 {Black wins by adjudication}
Score of SingularV2 vs SeeFutility: 52 - 74 - 85  [0.448] 211
Started game 224 of 10000 (SeeFutility vs SingularV2)
Finished game 211 (SingularV2 vs SeeFutility): 1-0 {White mates}
Score of SingularV2 vs SeeFutility: 53 - 74 - 85  [0.450] 212
Started game 225 of 10000 (SingularV2 vs SeeFutility)
Finished game 215 (SingularV2 vs SeeFutility): 1-0 {White wins by adjudication}
Score of SingularV2 vs SeeFutility: 54 - 74 - 85  [0.453] 213
Started game 226 of 10000 (SeeFutility vs SingularV2)
Finished game 213 (SingularV2 vs SeeFutility): 1/2-1/2 {Draw by insufficient mating material}
Score of SingularV2 vs SeeFutility: 54 - 74 - 86  [0.453] 214
Started game 227 of 10000 (SingularV2 vs SeeFutility)
Finished game 216 (SeeFutility vs SingularV2): 0-1 {Black wins by adjudication}
Score of SingularV2 vs SeeFutility: 55 - 74 - 86  [0.456] 215
Started game 228 of 10000 (SeeFutility vs SingularV2)
Finished game 214 (SeeFutility vs SingularV2): 1/2-1/2 {Draw by adjudication}
Score of SingularV2 vs SeeFutility: 55 - 74 - 87  [0.456] 216
Started game 229 of 10000 (SingularV2 vs SeeFutility)
Finished game 218 (SeeFutility vs SingularV2): 1/2-1/2 {Draw by adjudication}
Score of SingularV2 vs SeeFutility: 55 - 74 - 88  [0.456] 217
Started game 230 of 10000 (SeeFutility vs SingularV2)
Finished game 217 (SingularV2 vs SeeFutility): 1/2-1/2 {Draw by 3-fold repetition}
Score of SingularV2 vs SeeFutility: 55 - 74 - 89  [0.456] 218
Started game 231 of 10000 (SingularV2 vs SeeFutility)
Finished game 222 (SeeFutility vs SingularV2): 1/2-1/2 {Draw by 3-fold repetition}
Score of SingularV2 vs SeeFutility: 55 - 74 - 90  [0.457] 219
Started game 232 of 10000 (SeeFutility vs SingularV2)
Finished game 219 (SingularV2 vs SeeFutility): 0-1 {Black wins by adjudication}
Score of SingularV2 vs SeeFutility: 55 - 75 - 90  [0.455] 220
Started game 233 of 10000 (SingularV2 vs SeeFutility)
Finished game 220 (SeeFutility vs SingularV2): 0-1 {Black wins by adjudication}
Score of SingularV2 vs SeeFutility: 56 - 75 - 90  [0.457] 221
Started game 234 of 10000 (SeeFutility vs SingularV2)
Finished game 221 (SingularV2 vs SeeFutility): 0-1 {Black wins by adjudication}
Score of SingularV2 vs SeeFutility: 56 - 76 - 90  [0.455] 222
Started game 235 of 10000 (SingularV2 vs SeeFutility)
Finished game 223 (SingularV2 vs SeeFutility): 1/2-1/2 {Draw by 3-fold repetition}
Score of SingularV2 vs SeeFutility: 56 - 76 - 91  [0.455] 223
Started game 236 of 10000 (SeeFutility vs SingularV2)
Finished game 224 (SeeFutility vs SingularV2): 0-1 {Black wins by adjudication}
Score of SingularV2 vs SeeFutility: 57 - 76 - 91  [0.458] 224
Started game 237 of 10000 (SingularV2 vs SeeFutility)
Finished game 225 (SingularV2 vs SeeFutility): 0-1 {Black wins by adjudication}
Score of SingularV2 vs SeeFutility: 57 - 77 - 91  [0.456] 225
Started game 238 of 10000 (SeeFutility vs SingularV2)
Finished game 231 (SingularV2 vs SeeFutility): 1/2-1/2 {Draw by 3-fold repetition}
Score of SingularV2 vs SeeFutility: 57 - 77 - 92  [0.456] 226
Started game 239 of 10000 (SingularV2 vs SeeFutility)
Finished game 227 (SingularV2 vs SeeFutility): 1-0 {White wins by adjudication}
Score of SingularV2 vs SeeFutility: 58 - 77 - 92  [0.458] 227
Started game 240 of 10000 (SeeFutility vs SingularV2)
Finished game 228 (SeeFutility vs SingularV2): 0-1 {Black wins by adjudication}
Score of SingularV2 vs SeeFutility: 59 - 77 - 92  [0.461] 228
Started game 241 of 10000 (SingularV2 vs SeeFutility)
Finished game 233 (SingularV2 vs SeeFutility): 0-1 {Black wins by adjudication}
Score of SingularV2 vs SeeFutility: 59 - 78 - 92  [0.459] 229
Started game 242 of 10000 (SeeFutility vs SingularV2)
Finished game 229 (SingularV2 vs SeeFutility): 0-1 {Black wins by adjudication}
Score of SingularV2 vs SeeFutility: 59 - 79 - 92  [0.457] 230
Started game 243 of 10000 (SingularV2 vs SeeFutility)
Finished game 235 (SingularV2 vs SeeFutility): 1/2-1/2 {Draw by 3-fold repetition}
Score of SingularV2 vs SeeFutility: 59 - 79 - 93  [0.457] 231
Started game 244 of 10000 (SeeFutility vs SingularV2)
Finished game 234 (SeeFutility vs SingularV2): 0-1 {Black wins by adjudication}
Score of SingularV2 vs SeeFutility: 60 - 79 - 93  [0.459] 232
Started game 245 of 10000 (SingularV2 vs SeeFutility)
Finished game 230 (SeeFutility vs SingularV2): 0-1 {Black wins by adjudication}
Score of SingularV2 vs SeeFutility: 61 - 79 - 93  [0.461] 233
Started game 246 of 10000 (SeeFutility vs SingularV2)
Finished game 232 (SeeFutility vs SingularV2): 0-1 {Black wins by adjudication}
Score of SingularV2 vs SeeFutility: 62 - 79 - 93  [0.464] 234
Started game 247 of 10000 (SingularV2 vs SeeFutility)
Finished game 236 (SeeFutility vs SingularV2): 0-1 {Black wins by adjudication}
Score of SingularV2 vs SeeFutility: 63 - 79 - 93  [0.466] 235
Started game 248 of 10000 (SeeFutility vs SingularV2)
Finished game 226 (SeeFutility vs SingularV2): 1/2-1/2 {Draw by fifty moves rule}
Score of SingularV2 vs SeeFutility: 63 - 79 - 94  [0.466] 236
Started game 249 of 10000 (SingularV2 vs SeeFutility)
Finished game 237 (SingularV2 vs SeeFutility): 0-1 {Black wins by adjudication}
Score of SingularV2 vs SeeFutility: 63 - 80 - 94  [0.464] 237
Started game 250 of 10000 (SeeFutility vs SingularV2)
Finished game 240 (SeeFutility vs SingularV2): 0-1 {Black wins by adjudication}
Score of SingularV2 vs SeeFutility: 64 - 80 - 94  [0.466] 238
Started game 251 of 10000 (SingularV2 vs SeeFutility)
Finished game 238 (SeeFutility vs SingularV2): 0-1 {Black wins by adjudication}
Score of SingularV2 vs SeeFutility: 65 - 80 - 94  [0.469] 239
Started game 252 of 10000 (SeeFutility vs SingularV2)
Finished game 243 (SingularV2 vs SeeFutility): 1-0 {White wins by adjudication}
Score of SingularV2 vs SeeFutility: 66 - 80 - 94  [0.471] 240
Started game 253 of 10000 (SingularV2 vs SeeFutility)
Finished game 241 (SingularV2 vs SeeFutility): 1-0 {White wins by adjudication}
Score of SingularV2 vs SeeFutility: 67 - 80 - 94  [0.473] 241
Started game 254 of 10000 (SeeFutility vs SingularV2)
Finished game 242 (SeeFutility vs SingularV2): 1/2-1/2 {Draw by insufficient mating material}
Score of SingularV2 vs SeeFutility: 67 - 80 - 95  [0.473] 242
Started game 255 of 10000 (SingularV2 vs SeeFutility)
Finished game 239 (SingularV2 vs SeeFutility): 1/2-1/2 {Draw by 3-fold repetition}
Score of SingularV2 vs SeeFutility: 67 - 80 - 96  [0.473] 243
Started game 256 of 10000 (SeeFutility vs SingularV2)
Finished game 249 (SingularV2 vs SeeFutility): 1/2-1/2 {Draw by 3-fold repetition}
Score of SingularV2 vs SeeFutility: 67 - 80 - 97  [0.473] 244
Started game 257 of 10000 (SingularV2 vs SeeFutility)
Finished game 248 (SeeFutility vs SingularV2): 1/2-1/2 {Draw by adjudication}
Score of SingularV2 vs SeeFutility: 67 - 80 - 98  [0.473] 245
Started game 258 of 10000 (SeeFutility vs SingularV2)
Finished game 246 (SeeFutility vs SingularV2): 1-0 {White mates}
Score of SingularV2 vs SeeFutility: 67 - 81 - 98  [0.472] 246
Started game 259 of 10000 (SingularV2 vs SeeFutility)
Finished game 244 (SeeFutility vs SingularV2): 1/2-1/2 {Draw by adjudication}
Score of SingularV2 vs SeeFutility: 67 - 81 - 99  [0.472] 247
Started game 260 of 10000 (SeeFutility vs SingularV2)
Finished game 250 (SeeFutility vs SingularV2): 1-0 {White wins by adjudication}
Score of SingularV2 vs SeeFutility: 67 - 82 - 99  [0.470] 248
Started game 261 of 10000 (SingularV2 vs SeeFutility)
Finished game 245 (SingularV2 vs SeeFutility): 0-1 {Black wins by adjudication}
Score of SingularV2 vs SeeFutility: 67 - 83 - 99  [0.468] 249
Started game 262 of 10000 (SeeFutility vs SingularV2)
Finished game 247 (SingularV2 vs SeeFutility): 1-0 {White wins by adjudication}
Score of SingularV2 vs SeeFutility: 68 - 83 - 99  [0.470] 250
Started game 263 of 10000 (SingularV2 vs SeeFutility)
Finished game 255 (SingularV2 vs SeeFutility): 1/2-1/2 {Draw by 3-fold repetition}
Score of SingularV2 vs SeeFutility: 68 - 83 - 100  [0.470] 251
Started game 264 of 10000 (SeeFutility vs SingularV2)
Finished game 252 (SeeFutility vs SingularV2): 1-0 {White wins by adjudication}
Score of SingularV2 vs SeeFutility: 68 - 84 - 100  [0.468] 252
Started game 265 of 10000 (SingularV2 vs SeeFutility)
Finished game 251 (SingularV2 vs SeeFutility): 1/2-1/2 {Draw by adjudication}
Score of SingularV2 vs SeeFutility: 68 - 84 - 101  [0.468] 253
Started game 266 of 10000 (SeeFutility vs SingularV2)
Finished game 257 (SingularV2 vs SeeFutility): 1/2-1/2 {Draw by 3-fold repetition}
Score of SingularV2 vs SeeFutility: 68 - 84 - 102  [0.469] 254
Started game 267 of 10000 (SingularV2 vs SeeFutility)
Finished game 258 (SeeFutility vs SingularV2): 0-1 {Black wins by adjudication}
Score of SingularV2 vs SeeFutility: 69 - 84 - 102  [0.471] 255
Started game 268 of 10000 (SeeFutility vs SingularV2)
Finished game 254 (SeeFutility vs SingularV2): 1/2-1/2 {Draw by 3-fold repetition}
Score of SingularV2 vs SeeFutility: 69 - 84 - 103  [0.471] 256
Started game 269 of 10000 (SingularV2 vs SeeFutility)
Finished game 256 (SeeFutility vs SingularV2): 1/2-1/2 {Draw by 3-fold repetition}
Score of SingularV2 vs SeeFutility: 69 - 84 - 104  [0.471] 257
Started game 270 of 10000 (SeeFutility vs SingularV2)
Finished game 260 (SeeFutility vs SingularV2): 1-0 {White wins by adjudication}
Score of SingularV2 vs SeeFutility: 69 - 85 - 104  [0.469] 258
Started game 271 of 10000 (SingularV2 vs SeeFutility)
Finished game 261 (SingularV2 vs SeeFutility): 1-0 {White wins by adjudication}
Score of SingularV2 vs SeeFutility: 70 - 85 - 104  [0.471] 259
Started game 272 of 10000 (SeeFutility vs SingularV2)
Finished game 253 (SingularV2 vs SeeFutility): 1/2-1/2 {Draw by insufficient mating material}
Score of SingularV2 vs SeeFutility: 70 - 85 - 105  [0.471] 260
Started game 273 of 10000 (SingularV2 vs SeeFutility)
Finished game 259 (SingularV2 vs SeeFutility): 0-1 {Black wins by adjudication}
Score of SingularV2 vs SeeFutility: 70 - 86 - 105  [0.469] 261
Started game 274 of 10000 (SeeFutility vs SingularV2)
Finished game 263 (SingularV2 vs SeeFutility): 1/2-1/2 {Draw by 3-fold repetition}
Score of SingularV2 vs SeeFutility: 70 - 86 - 106  [0.469] 262
Started game 275 of 10000 (SingularV2 vs SeeFutility)
Finished game 262 (SeeFutility vs SingularV2): 1-0 {White wins by adjudication}
Score of SingularV2 vs SeeFutility: 70 - 87 - 106  [0.468] 263
Started game 276 of 10000 (SeeFutility vs SingularV2)
Finished game 268 (SeeFutility vs SingularV2): 1/2-1/2 {Draw by 3-fold repetition}
Score of SingularV2 vs SeeFutility: 70 - 87 - 107  [0.468] 264
Started game 277 of 10000 (SingularV2 vs SeeFutility)
Finished game 264 (SeeFutility vs SingularV2): 1/2-1/2 {Draw by insufficient mating material}
Score of SingularV2 vs SeeFutility: 70 - 87 - 108  [0.468] 265
Started game 278 of 10000 (SeeFutility vs SingularV2)
Finished game 265 (SingularV2 vs SeeFutility): 1/2-1/2 {Draw by insufficient mating material}
Score of SingularV2 vs SeeFutility: 70 - 87 - 109  [0.468] 266
Started game 279 of 10000 (SingularV2 vs SeeFutility)
Finished game 266 (SeeFutility vs SingularV2): 1-0 {White wins by adjudication}
Score of SingularV2 vs SeeFutility: 70 - 88 - 109  [0.466] 267
Started game 280 of 10000 (SeeFutility vs SingularV2)
Finished game 275 (SingularV2 vs SeeFutility): 1-0 {White wins by adjudication}
Score of SingularV2 vs SeeFutility: 71 - 88 - 109  [0.468] 268
Started game 281 of 10000 (SingularV2 vs SeeFutility)
Finished game 274 (SeeFutility vs SingularV2): 1/2-1/2 {Draw by adjudication}
Score of SingularV2 vs SeeFutility: 71 - 88 - 110  [0.468] 269
Started game 282 of 10000 (SeeFutility vs SingularV2)
Finished game 271 (SingularV2 vs SeeFutility): 1-0 {White wins by adjudication}
Score of SingularV2 vs SeeFutility: 72 - 88 - 110  [0.470] 270
Started game 283 of 10000 (SingularV2 vs SeeFutility)
Finished game 267 (SingularV2 vs SeeFutility): 1-0 {White wins by adjudication}
Score of SingularV2 vs SeeFutility: 73 - 88 - 110  [0.472] 271
Started game 284 of 10000 (SeeFutility vs SingularV2)
Finished game 273 (SingularV2 vs SeeFutility): 1/2-1/2 {Draw by 3-fold repetition}
Score of SingularV2 vs SeeFutility: 73 - 88 - 111  [0.472] 272
Started game 285 of 10000 (SingularV2 vs SeeFutility)
Finished game 269 (SingularV2 vs SeeFutility): 1/2-1/2 {Draw by adjudication}
Score of SingularV2 vs SeeFutility: 73 - 88 - 112  [0.473] 273
Started game 286 of 10000 (SeeFutility vs SingularV2)
Finished game 272 (SeeFutility vs SingularV2): 0-1 {Black wins by adjudication}
Score of SingularV2 vs SeeFutility: 74 - 88 - 112  [0.474] 274
Started game 287 of 10000 (SingularV2 vs SeeFutility)
Finished game 270 (SeeFutility vs SingularV2): 1/2-1/2 {Draw by adjudication}
Score of SingularV2 vs SeeFutility: 74 - 88 - 113  [0.475] 275
Started game 288 of 10000 (SeeFutility vs SingularV2)
Finished game 276 (SeeFutility vs SingularV2): 1-0 {White wins by adjudication}
Score of SingularV2 vs SeeFutility: 74 - 89 - 113  [0.473] 276
Started game 289 of 10000 (SingularV2 vs SeeFutility)
Finished game 279 (SingularV2 vs SeeFutility): 1/2-1/2 {Draw by adjudication}
Score of SingularV2 vs SeeFutility: 74 - 89 - 114  [0.473] 277
Started game 290 of 10000 (SeeFutility vs SingularV2)
Finished game 280 (SeeFutility vs SingularV2): 1-0 {White wins by adjudication}
Score of SingularV2 vs SeeFutility: 74 - 90 - 114  [0.471] 278
Started game 291 of 10000 (SingularV2 vs SeeFutility)
Finished game 282 (SeeFutility vs SingularV2): 1/2-1/2 {Draw by adjudication}
Score of SingularV2 vs SeeFutility: 74 - 90 - 115  [0.471] 279
Started game 292 of 10000 (SeeFutility vs SingularV2)
Finished game 283 (SingularV2 vs SeeFutility): 1-0 {White wins by adjudication}
Score of SingularV2 vs SeeFutility: 75 - 90 - 115  [0.473] 280
Started game 293 of 10000 (SingularV2 vs SeeFutility)
Finished game 278 (SeeFutility vs SingularV2): 0-1 {Black wins by adjudication}
Score of SingularV2 vs SeeFutility: 76 - 90 - 115  [0.475] 281
Started game 294 of 10000 (SeeFutility vs SingularV2)
Finished game 281 (SingularV2 vs SeeFutility): 1-0 {White wins by adjudication}
Score of SingularV2 vs SeeFutility: 77 - 90 - 115  [0.477] 282
Started game 295 of 10000 (SingularV2 vs SeeFutility)
Finished game 277 (SingularV2 vs SeeFutility): 1/2-1/2 {Draw by insufficient mating material}
Score of SingularV2 vs SeeFutility: 77 - 90 - 116  [0.477] 283
Started game 296 of 10000 (SeeFutility vs SingularV2)
Finished game 288 (SeeFutility vs SingularV2): 1-0 {White wins by adjudication}
Score of SingularV2 vs SeeFutility: 77 - 91 - 116  [0.475] 284
Started game 297 of 10000 (SingularV2 vs SeeFutility)
Finished game 285 (SingularV2 vs SeeFutility): 0-1 {Black wins by adjudication}
Score of SingularV2 vs SeeFutility: 77 - 92 - 116  [0.474] 285
Started game 298 of 10000 (SeeFutility vs SingularV2)
Finished game 284 (SeeFutility vs SingularV2): 1-0 {White wins by adjudication}
Score of SingularV2 vs SeeFutility: 77 - 93 - 116  [0.472] 286
Started game 299 of 10000 (SingularV2 vs SeeFutility)
Finished game 286 (SeeFutility vs SingularV2): 0-1 {Black wins by adjudication}
Score of SingularV2 vs SeeFutility: 78 - 93 - 116  [0.474] 287
Started game 300 of 10000 (SeeFutility vs SingularV2)
Finished game 289 (SingularV2 vs SeeFutility): 1-0 {White wins by adjudication}
Score of SingularV2 vs SeeFutility: 79 - 93 - 116  [0.476] 288
Started game 301 of 10000 (SingularV2 vs SeeFutility)
Finished game 294 (SeeFutility vs SingularV2): 1/2-1/2 {Draw by 3-fold repetition}
Score of SingularV2 vs SeeFutility: 79 - 93 - 117  [0.476] 289
Started game 302 of 10000 (SeeFutility vs SingularV2)
Finished game 287 (SingularV2 vs SeeFutility): 1/2-1/2 {Draw by insufficient mating material}
Score of SingularV2 vs SeeFutility: 79 - 93 - 118  [0.476] 290
Started game 303 of 10000 (SingularV2 vs SeeFutility)
Finished game 290 (SeeFutility vs SingularV2): 1-0 {White wins by adjudication}
Score of SingularV2 vs SeeFutility: 79 - 94 - 118  [0.474] 291
Started game 304 of 10000 (SeeFutility vs SingularV2)
Finished game 293 (SingularV2 vs SeeFutility): 1-0 {White wins by adjudication}
Score of SingularV2 vs SeeFutility: 80 - 94 - 118  [0.476] 292
Started game 305 of 10000 (SingularV2 vs SeeFutility)
Finished game 295 (SingularV2 vs SeeFutility): 1/2-1/2 {Draw by 3-fold repetition}
Score of SingularV2 vs SeeFutility: 80 - 94 - 119  [0.476] 293
Started game 306 of 10000 (SeeFutility vs SingularV2)
Finished game 296 (SeeFutility vs SingularV2): 0-1 {Black wins by adjudication}
Score of SingularV2 vs SeeFutility: 81 - 94 - 119  [0.478] 294
Started game 307 of 10000 (SingularV2 vs SeeFutility)
Finished game 292 (SeeFutility vs SingularV2): 1-0 {White wins by adjudication}
Score of SingularV2 vs SeeFutility: 81 - 95 - 119  [0.476] 295
Started game 308 of 10000 (SeeFutility vs SingularV2)
Finished game 291 (SingularV2 vs SeeFutility): 1/2-1/2 {Draw by fifty moves rule}
Score of SingularV2 vs SeeFutility: 81 - 95 - 120  [0.476] 296
Started game 309 of 10000 (SingularV2 vs SeeFutility)
Finished game 298 (SeeFutility vs SingularV2): 0-1 {Black wins by adjudication}
Score of SingularV2 vs SeeFutility: 82 - 95 - 120  [0.478] 297
Started game 310 of 10000 (SeeFutility vs SingularV2)
Finished game 299 (SingularV2 vs SeeFutility): 1-0 {White wins by adjudication}
Score of SingularV2 vs SeeFutility: 83 - 95 - 120  [0.480] 298
Started game 311 of 10000 (SingularV2 vs SeeFutility)
Finished game 302 (SeeFutility vs SingularV2): 0-1 {Black wins by adjudication}
Score of SingularV2 vs SeeFutility: 84 - 95 - 120  [0.482] 299
Started game 312 of 10000 (SeeFutility vs SingularV2)
Finished game 306 (SeeFutility vs SingularV2): 1/2-1/2 {Draw by 3-fold repetition}
Score of SingularV2 vs SeeFutility: 84 - 95 - 121  [0.482] 300
Started game 313 of 10000 (SingularV2 vs SeeFutility)
Finished game 301 (SingularV2 vs SeeFutility): 1-0 {White mates}
Score of SingularV2 vs SeeFutility: 85 - 95 - 121  [0.483] 301
Started game 314 of 10000 (SeeFutility vs SingularV2)
Finished game 297 (SingularV2 vs SeeFutility): 0-1 {Black wins by adjudication}
Score of SingularV2 vs SeeFutility: 85 - 96 - 121  [0.482] 302
Started game 315 of 10000 (SingularV2 vs SeeFutility)
Finished game 303 (SingularV2 vs SeeFutility): 1/2-1/2 {Draw by 3-fold repetition}
Score of SingularV2 vs SeeFutility: 85 - 96 - 122  [0.482] 303
Started game 316 of 10000 (SeeFutility vs SingularV2)
Finished game 300 (SeeFutility vs SingularV2): 0-1 {Black wins by adjudication}
Score of SingularV2 vs SeeFutility: 86 - 96 - 122  [0.484] 304
Started game 317 of 10000 (SingularV2 vs SeeFutility)
Finished game 305 (SingularV2 vs SeeFutility): 1-0 {White wins by adjudication}
Score of SingularV2 vs SeeFutility: 87 - 96 - 122  [0.485] 305
Started game 318 of 10000 (SeeFutility vs SingularV2)
Finished game 307 (SingularV2 vs SeeFutility): 1/2-1/2 {Draw by 3-fold repetition}
Score of SingularV2 vs SeeFutility: 87 - 96 - 123  [0.485] 306
Started game 319 of 10000 (SingularV2 vs SeeFutility)
Finished game 308 (SeeFutility vs SingularV2): 1/2-1/2 {Draw by 3-fold repetition}
Score of SingularV2 vs SeeFutility: 87 - 96 - 124  [0.485] 307
Started game 320 of 10000 (SeeFutility vs SingularV2)
Finished game 304 (SeeFutility vs SingularV2): 1/2-1/2 {Draw by adjudication}
Score of SingularV2 vs SeeFutility: 87 - 96 - 125  [0.485] 308
Started game 321 of 10000 (SingularV2 vs SeeFutility)
Finished game 309 (SingularV2 vs SeeFutility): 1/2-1/2 {Draw by 3-fold repetition}
Score of SingularV2 vs SeeFutility: 87 - 96 - 126  [0.485] 309
Started game 322 of 10000 (SeeFutility vs SingularV2)
Finished game 311 (SingularV2 vs SeeFutility): 1/2-1/2 {Draw by 3-fold repetition}
Score of SingularV2 vs SeeFutility: 87 - 96 - 127  [0.485] 310
Started game 323 of 10000 (SingularV2 vs SeeFutility)
Finished game 313 (SingularV2 vs SeeFutility): 1/2-1/2 {Draw by 3-fold repetition}
Score of SingularV2 vs SeeFutility: 87 - 96 - 128  [0.486] 311
Started game 324 of 10000 (SeeFutility vs SingularV2)
Finished game 310 (SeeFutility vs SingularV2): 0-1 {Black wins by adjudication}
Score of SingularV2 vs SeeFutility: 88 - 96 - 128  [0.487] 312
Started game 325 of 10000 (SingularV2 vs SeeFutility)
Finished game 316 (SeeFutility vs SingularV2): 1-0 {White wins by adjudication}
Score of SingularV2 vs SeeFutility: 88 - 97 - 128  [0.486] 313
Started game 326 of 10000 (SeeFutility vs SingularV2)
Finished game 317 (SingularV2 vs SeeFutility): 1-0 {White wins by adjudication}
Score of SingularV2 vs SeeFutility: 89 - 97 - 128  [0.487] 314
Started game 327 of 10000 (SingularV2 vs SeeFutility)
Finished game 314 (SeeFutility vs SingularV2): 1-0 {White mates}
Score of SingularV2 vs SeeFutility: 89 - 98 - 128  [0.486] 315
Started game 328 of 10000 (SeeFutility vs SingularV2)
Finished game 318 (SeeFutility vs SingularV2): 1-0 {White wins by adjudication}
Score of SingularV2 vs SeeFutility: 89 - 99 - 128  [0.484] 316
Started game 329 of 10000 (SingularV2 vs SeeFutility)
Finished game 315 (SingularV2 vs SeeFutility): 1-0 {White wins by adjudication}
Score of SingularV2 vs SeeFutility: 90 - 99 - 128  [0.486] 317
Started game 330 of 10000 (SeeFutility vs SingularV2)
Finished game 319 (SingularV2 vs SeeFutility): 1/2-1/2 {Draw by insufficient mating material}
Score of SingularV2 vs SeeFutility: 90 - 99 - 129  [0.486] 318
Started game 331 of 10000 (SingularV2 vs SeeFutility)
Finished game 321 (SingularV2 vs SeeFutility): 1-0 {White wins by adjudication}
Score of SingularV2 vs SeeFutility: 91 - 99 - 129  [0.487] 319
Started game 332 of 10000 (SeeFutility vs SingularV2)
Finished game 320 (SeeFutility vs SingularV2): 1-0 {White wins by adjudication}
Score of SingularV2 vs SeeFutility: 91 - 100 - 129  [0.486] 320
Started game 333 of 10000 (SingularV2 vs SeeFutility)
Finished game 312 (SeeFutility vs SingularV2): 1/2-1/2 {Draw by fifty moves rule}
Score of SingularV2 vs SeeFutility: 91 - 100 - 130  [0.486] 321
Started game 334 of 10000 (SeeFutility vs SingularV2)
Finished game 323 (SingularV2 vs SeeFutility): 0-1 {Black wins by adjudication}
Score of SingularV2 vs SeeFutility: 91 - 101 - 130  [0.484] 322
Started game 335 of 10000 (SingularV2 vs SeeFutility)
Finished game 332 (SeeFutility vs SingularV2): 0-1 {Black wins by adjudication}
Score of SingularV2 vs SeeFutility: 92 - 101 - 130  [0.486] 323
Started game 336 of 10000 (SeeFutility vs SingularV2)
Finished game 331 (SingularV2 vs SeeFutility): 0-1 {Black wins by adjudication}
Score of SingularV2 vs SeeFutility: 92 - 102 - 130  [0.485] 324
Started game 337 of 10000 (SingularV2 vs SeeFutility)
Finished game 322 (SeeFutility vs SingularV2): 1-0 {White wins by adjudication}
Score of SingularV2 vs SeeFutility: 92 - 103 - 130  [0.483] 325
Started game 338 of 10000 (SeeFutility vs SingularV2)
Finished game 325 (SingularV2 vs SeeFutility): 0-1 {Black wins by adjudication}
Score of SingularV2 vs SeeFutility: 92 - 104 - 130  [0.482] 326
Started game 339 of 10000 (SingularV2 vs SeeFutility)
Finished game 328 (SeeFutility vs SingularV2): 0-1 {Black wins by adjudication}
Score of SingularV2 vs SeeFutility: 93 - 104 - 130  [0.483] 327
Started game 340 of 10000 (SeeFutility vs SingularV2)
Finished game 327 (SingularV2 vs SeeFutility): 1/2-1/2 {Draw by 3-fold repetition}
Score of SingularV2 vs SeeFutility: 93 - 104 - 131  [0.483] 328
Started game 341 of 10000 (SingularV2 vs SeeFutility)
Finished game 333 (SingularV2 vs SeeFutility): 0-1 {Black wins by adjudication}
Score of SingularV2 vs SeeFutility: 93 - 105 - 131  [0.482] 329
Started game 342 of 10000 (SeeFutility vs SingularV2)
Finished game 324 (SeeFutility vs SingularV2): 1-0 {White mates}
Score of SingularV2 vs SeeFutility: 93 - 106 - 131  [0.480] 330
Started game 343 of 10000 (SingularV2 vs SeeFutility)
Finished game 330 (SeeFutility vs SingularV2): 1-0 {White wins by adjudication}
Score of SingularV2 vs SeeFutility: 93 - 107 - 131  [0.479] 331
Started game 344 of 10000 (SeeFutility vs SingularV2)
Finished game 329 (SingularV2 vs SeeFutility): 0-1 {Black wins by adjudication}
Score of SingularV2 vs SeeFutility: 93 - 108 - 131  [0.477] 332
Started game 345 of 10000 (SingularV2 vs SeeFutility)
Finished game 326 (SeeFutility vs SingularV2): 1/2-1/2 {Draw by fifty moves rule}
Score of SingularV2 vs SeeFutility: 93 - 108 - 132  [0.477] 333
Started game 346 of 10000 (SeeFutility vs SingularV2)
Finished game 334 (SeeFutility vs SingularV2): 1-0 {White wins by adjudication}
Score of SingularV2 vs SeeFutility: 93 - 109 - 132  [0.476] 334
Started game 347 of 10000 (SingularV2 vs SeeFutility)
Finished game 336 (SeeFutility vs SingularV2): 1/2-1/2 {Draw by 3-fold repetition}
Score of SingularV2 vs SeeFutility: 93 - 109 - 133  [0.476] 335
Started game 348 of 10000 (SeeFutility vs SingularV2)
Finished game 339 (SingularV2 vs SeeFutility): 1-0 {White wins by adjudication}
Score of SingularV2 vs SeeFutility: 94 - 109 - 133  [0.478] 336
Started game 349 of 10000 (SingularV2 vs SeeFutility)
Finished game 340 (SeeFutility vs SingularV2): 1/2-1/2 {Draw by adjudication}
Score of SingularV2 vs SeeFutility: 94 - 109 - 134  [0.478] 337
Started game 350 of 10000 (SeeFutility vs SingularV2)
Finished game 338 (SeeFutility vs SingularV2): 1-0 {White wins by adjudication}
Score of SingularV2 vs SeeFutility: 94 - 110 - 134  [0.476] 338
Started game 351 of 10000 (SingularV2 vs SeeFutility)
Finished game 337 (SingularV2 vs SeeFutility): 1-0 {White wins by adjudication}
Score of SingularV2 vs SeeFutility: 95 - 110 - 134  [0.478] 339
Started game 352 of 10000 (SeeFutility vs SingularV2)
Finished game 343 (SingularV2 vs SeeFutility): 0-1 {Black wins by adjudication}
Score of SingularV2 vs SeeFutility: 95 - 111 - 134  [0.476] 340
Started game 353 of 10000 (SingularV2 vs SeeFutility)
Finished game 335 (SingularV2 vs SeeFutility): 1-0 {White wins by adjudication}
Score of SingularV2 vs SeeFutility: 96 - 111 - 134  [0.478] 341
Started game 354 of 10000 (SeeFutility vs SingularV2)
Finished game 341 (SingularV2 vs SeeFutility): 1/2-1/2 {Draw by adjudication}
Score of SingularV2 vs SeeFutility: 96 - 111 - 135  [0.478] 342
Started game 355 of 10000 (SingularV2 vs SeeFutility)
Finished game 346 (SeeFutility vs SingularV2): 0-1 {Black wins by adjudication}
Score of SingularV2 vs SeeFutility: 97 - 111 - 135  [0.480] 343
Started game 356 of 10000 (SeeFutility vs SingularV2)
Finished game 345 (SingularV2 vs SeeFutility): 0-1 {Black wins by adjudication}
Score of SingularV2 vs SeeFutility: 97 - 112 - 135  [0.478] 344
Started game 357 of 10000 (SingularV2 vs SeeFutility)
Finished game 344 (SeeFutility vs SingularV2): 1/2-1/2 {Draw by fifty moves rule}
Score of SingularV2 vs SeeFutility: 97 - 112 - 136  [0.478] 345
Started game 358 of 10000 (SeeFutility vs SingularV2)
Finished game 348 (SeeFutility vs SingularV2): 1-0 {White wins by adjudication}
Score of SingularV2 vs SeeFutility: 97 - 113 - 136  [0.477] 346
Started game 359 of 10000 (SingularV2 vs SeeFutility)
Finished game 349 (SingularV2 vs SeeFutility): 1-0 {White wins by adjudication}
Score of SingularV2 vs SeeFutility: 98 - 113 - 136  [0.478] 347
Started game 360 of 10000 (SeeFutility vs SingularV2)
Finished game 342 (SeeFutility vs SingularV2): 1/2-1/2 {Draw by adjudication}
Score of SingularV2 vs SeeFutility: 98 - 113 - 137  [0.478] 348
Started game 361 of 10000 (SingularV2 vs SeeFutility)
Finished game 352 (SeeFutility vs SingularV2): 0-1 {Black wins by adjudication}
Score of SingularV2 vs SeeFutility: 99 - 113 - 137  [0.480] 349
Started game 362 of 10000 (SeeFutility vs SingularV2)
Finished game 351 (SingularV2 vs SeeFutility): 0-1 {Black wins by adjudication}
Score of SingularV2 vs SeeFutility: 99 - 114 - 137  [0.479] 350
Started game 363 of 10000 (SingularV2 vs SeeFutility)
Finished game 355 (SingularV2 vs SeeFutility): 1/2-1/2 {Draw by 3-fold repetition}
Score of SingularV2 vs SeeFutility: 99 - 114 - 138  [0.479] 351
Started game 364 of 10000 (SeeFutility vs SingularV2)
Finished game 350 (SeeFutility vs SingularV2): 1/2-1/2 {Draw by adjudication}
Score of SingularV2 vs SeeFutility: 99 - 114 - 139  [0.479] 352
Started game 365 of 10000 (SingularV2 vs SeeFutility)
Finished game 354 (SeeFutility vs SingularV2): 1-0 {White wins by adjudication}
Score of SingularV2 vs SeeFutility: 99 - 115 - 139  [0.477] 353
Started game 366 of 10000 (SeeFutility vs SingularV2)
Finished game 356 (SeeFutility vs SingularV2): 1-0 {White wins by adjudication}
Score of SingularV2 vs SeeFutility: 99 - 116 - 139  [0.476] 354
Started game 367 of 10000 (SingularV2 vs SeeFutility)
Finished game 353 (SingularV2 vs SeeFutility): 1-0 {White wins by adjudication}
Score of SingularV2 vs SeeFutility: 100 - 116 - 139  [0.477] 355
Started game 368 of 10000 (SeeFutility vs SingularV2)
Finished game 347 (SingularV2 vs SeeFutility): 1-0 {White wins by adjudication}
Score of SingularV2 vs SeeFutility: 101 - 116 - 139  [0.479] 356
Started game 369 of 10000 (SingularV2 vs SeeFutility)
Finished game 357 (SingularV2 vs SeeFutility): 0-1 {Black wins by adjudication}
Score of SingularV2 vs SeeFutility: 101 - 117 - 139  [0.478] 357
Started game 370 of 10000 (SeeFutility vs SingularV2)
Finished game 359 (SingularV2 vs SeeFutility): 0-1 {Black mates}
Score of SingularV2 vs SeeFutility: 101 - 118 - 139  [0.476] 358
Started game 371 of 10000 (SingularV2 vs SeeFutility)
Finished game 358 (SeeFutility vs SingularV2): 1-0 {White wins by adjudication}
Score of SingularV2 vs SeeFutility: 101 - 119 - 139  [0.475] 359
Started game 372 of 10000 (SeeFutility vs SingularV2)
Finished game 361 (SingularV2 vs SeeFutility): 1/2-1/2 {Draw by 3-fold repetition}
Score of SingularV2 vs SeeFutility: 101 - 119 - 140  [0.475] 360
Started game 373 of 10000 (SingularV2 vs SeeFutility)
Finished game 362 (SeeFutility vs SingularV2): 1/2-1/2 {Draw by 3-fold repetition}
Score of SingularV2 vs SeeFutility: 101 - 119 - 141  [0.475] 361
Started game 374 of 10000 (SeeFutility vs SingularV2)
Finished game 368 (SeeFutility vs SingularV2): 0-1 {Black wins by adjudication}
Score of SingularV2 vs SeeFutility: 102 - 119 - 141  [0.477] 362
Started game 375 of 10000 (SingularV2 vs SeeFutility)
Finished game 366 (SeeFutility vs SingularV2): 1-0 {White wins by adjudication}
Score of SingularV2 vs SeeFutility: 102 - 120 - 141  [0.475] 363
Started game 376 of 10000 (SeeFutility vs SingularV2)
Finished game 360 (SeeFutility vs SingularV2): 1/2-1/2 {Draw by insufficient mating material}
Score of SingularV2 vs SeeFutility: 102 - 120 - 142  [0.475] 364
Started game 377 of 10000 (SingularV2 vs SeeFutility)
Finished game 367 (SingularV2 vs SeeFutility): 1/2-1/2 {Draw by 3-fold repetition}
Score of SingularV2 vs SeeFutility: 102 - 120 - 143  [0.475] 365
Started game 378 of 10000 (SeeFutility vs SingularV2)
Finished game 365 (SingularV2 vs SeeFutility): 1-0 {White wins by adjudication}
Score of SingularV2 vs SeeFutility: 103 - 120 - 143  [0.477] 366
Started game 379 of 10000 (SingularV2 vs SeeFutility)
Finished game 369 (SingularV2 vs SeeFutility): 1-0 {White wins by adjudication}
Score of SingularV2 vs SeeFutility: 104 - 120 - 143  [0.478] 367
Started game 380 of 10000 (SeeFutility vs SingularV2)
Finished game 370 (SeeFutility vs SingularV2): 1-0 {White wins by adjudication}
Score of SingularV2 vs SeeFutility: 104 - 121 - 143  [0.477] 368
Started game 381 of 10000 (SingularV2 vs SeeFutility)
Finished game 364 (SeeFutility vs SingularV2): 1/2-1/2 {Draw by insufficient mating material}
Score of SingularV2 vs SeeFutility: 104 - 121 - 144  [0.477] 369
Started game 382 of 10000 (SeeFutility vs SingularV2)
Finished game 363 (SingularV2 vs SeeFutility): 1/2-1/2 {Draw by 3-fold repetition}
Score of SingularV2 vs SeeFutility: 104 - 121 - 145  [0.477] 370
Started game 383 of 10000 (SingularV2 vs SeeFutility)
Finished game 371 (SingularV2 vs SeeFutility): 1-0 {White wins by adjudication}
Score of SingularV2 vs SeeFutility: 105 - 121 - 145  [0.478] 371
Started game 384 of 10000 (SeeFutility vs SingularV2)
Finished game 372 (SeeFutility vs SingularV2): 1-0 {White wins by adjudication}
Score of SingularV2 vs SeeFutility: 105 - 122 - 145  [0.477] 372
Started game 385 of 10000 (SingularV2 vs SeeFutility)
Finished game 375 (SingularV2 vs SeeFutility): 1-0 {White wins by adjudication}
Score of SingularV2 vs SeeFutility: 106 - 122 - 145  [0.479] 373
Started game 386 of 10000 (SeeFutility vs SingularV2)
Finished game 376 (SeeFutility vs SingularV2): 1-0 {White wins by adjudication}
Score of SingularV2 vs SeeFutility: 106 - 123 - 145  [0.477] 374
Started game 387 of 10000 (SingularV2 vs SeeFutility)
Finished game 374 (SeeFutility vs SingularV2): 1-0 {White wins by adjudication}
Score of SingularV2 vs SeeFutility: 106 - 124 - 145  [0.476] 375
Started game 388 of 10000 (SeeFutility vs SingularV2)
Finished game 378 (SeeFutility vs SingularV2): 0-1 {Black wins by adjudication}
Score of SingularV2 vs SeeFutility: 107 - 124 - 145  [0.477] 376
Started game 389 of 10000 (SingularV2 vs SeeFutility)
Finished game 379 (SingularV2 vs SeeFutility): 1/2-1/2 {Draw by 3-fold repetition}
Score of SingularV2 vs SeeFutility: 107 - 124 - 146  [0.477] 377
Started game 390 of 10000 (SeeFutility vs SingularV2)
Finished game 377 (SingularV2 vs SeeFutility): 1-0 {White wins by adjudication}
Score of SingularV2 vs SeeFutility: 108 - 124 - 146  [0.479] 378
Started game 391 of 10000 (SingularV2 vs SeeFutility)
Finished game 382 (SeeFutility vs SingularV2): 0-1 {Black wins by adjudication}
Score of SingularV2 vs SeeFutility: 109 - 124 - 146  [0.480] 379
Started game 392 of 10000 (SeeFutility vs SingularV2)
Finished game 380 (SeeFutility vs SingularV2): 0-1 {Black wins by adjudication}
Score of SingularV2 vs SeeFutility: 110 - 124 - 146  [0.482] 380
Started game 393 of 10000 (SingularV2 vs SeeFutility)
Finished game 373 (SingularV2 vs SeeFutility): 1/2-1/2 {Draw by adjudication}
Score of SingularV2 vs SeeFutility: 110 - 124 - 147  [0.482] 381
Started game 394 of 10000 (SeeFutility vs SingularV2)
Finished game 383 (SingularV2 vs SeeFutility): 0-1 {Black wins by adjudication}
Score of SingularV2 vs SeeFutility: 110 - 125 - 147  [0.480] 382
Started game 395 of 10000 (SingularV2 vs SeeFutility)
Finished game 381 (SingularV2 vs SeeFutility): 1/2-1/2 {Draw by adjudication}
Score of SingularV2 vs SeeFutility: 110 - 125 - 148  [0.480] 383
Started game 396 of 10000 (SeeFutility vs SingularV2)
Finished game 388 (SeeFutility vs SingularV2): 0-1 {Black wins by adjudication}
Score of SingularV2 vs SeeFutility: 111 - 125 - 148  [0.482] 384
Started game 397 of 10000 (SingularV2 vs SeeFutility)
Finished game 387 (SingularV2 vs SeeFutility): 1-0 {White wins by adjudication}
Score of SingularV2 vs SeeFutility: 112 - 125 - 148  [0.483] 385
Started game 398 of 10000 (SeeFutility vs SingularV2)
Finished game 386 (SeeFutility vs SingularV2): 0-1 {Black wins by adjudication}
Score of SingularV2 vs SeeFutility: 113 - 125 - 148  [0.484] 386
Started game 399 of 10000 (SingularV2 vs SeeFutility)
Finished game 390 (SeeFutility vs SingularV2): 1/2-1/2 {Draw by 3-fold repetition}
Score of SingularV2 vs SeeFutility: 113 - 125 - 149  [0.484] 387
Started game 400 of 10000 (SeeFutility vs SingularV2)
Finished game 384 (SeeFutility vs SingularV2): 1-0 {White wins by adjudication}
Score of SingularV2 vs SeeFutility: 113 - 126 - 149  [0.483] 388
Started game 401 of 10000 (SingularV2 vs SeeFutility)
Finished game 389 (SingularV2 vs SeeFutility): 1/2-1/2 {Draw by 3-fold repetition}
Score of SingularV2 vs SeeFutility: 113 - 126 - 150  [0.483] 389
Started game 402 of 10000 (SeeFutility vs SingularV2)
Finished game 391 (SingularV2 vs SeeFutility): 1-0 {White wins by adjudication}
Score of SingularV2 vs SeeFutility: 114 - 126 - 150  [0.485] 390
Started game 403 of 10000 (SingularV2 vs SeeFutility)
Finished game 393 (SingularV2 vs SeeFutility): 1/2-1/2 {Draw by 3-fold repetition}
Score of SingularV2 vs SeeFutility: 114 - 126 - 151  [0.485] 391
Started game 404 of 10000 (SeeFutility vs SingularV2)
Finished game 394 (SeeFutility vs SingularV2): 1/2-1/2 {Draw by insufficient mating material}
Score of SingularV2 vs SeeFutility: 114 - 126 - 152  [0.485] 392
Started game 405 of 10000 (SingularV2 vs SeeFutility)
Finished game 392 (SeeFutility vs SingularV2): 1-0 {White wins by adjudication}
Score of SingularV2 vs SeeFutility: 114 - 127 - 152  [0.483] 393
Started game 406 of 10000 (SeeFutility vs SingularV2)
Finished game 396 (SeeFutility vs SingularV2): 1/2-1/2 {Draw by 3-fold repetition}
Score of SingularV2 vs SeeFutility: 114 - 127 - 153  [0.484] 394
Started game 407 of 10000 (SingularV2 vs SeeFutility)
Finished game 404 (SeeFutility vs SingularV2): 1/2-1/2 {Draw by 3-fold repetition}
Score of SingularV2 vs SeeFutility: 114 - 127 - 154  [0.484] 395
Started game 408 of 10000 (SeeFutility vs SingularV2)
Finished game 395 (SingularV2 vs SeeFutility): 1/2-1/2 {Draw by 3-fold repetition}
Score of SingularV2 vs SeeFutility: 114 - 127 - 155  [0.484] 396
Started game 409 of 10000 (SingularV2 vs SeeFutility)
Finished game 397 (SingularV2 vs SeeFutility): 0-1 {Black wins by adjudication}
Score of SingularV2 vs SeeFutility: 114 - 128 - 155  [0.482] 397
Started game 410 of 10000 (SeeFutility vs SingularV2)
Finished game 398 (SeeFutility vs SingularV2): 0-1 {Black wins by adjudication}
Score of SingularV2 vs SeeFutility: 115 - 128 - 155  [0.484] 398
Started game 411 of 10000 (SingularV2 vs SeeFutility)
Finished game 401 (SingularV2 vs SeeFutility): 1-0 {White wins by adjudication}
Score of SingularV2 vs SeeFutility: 116 - 128 - 155  [0.485] 399
Started game 412 of 10000 (SeeFutility vs SingularV2)
Finished game 402 (SeeFutility vs SingularV2): 1-0 {White wins by adjudication}
Score of SingularV2 vs SeeFutility: 116 - 129 - 155  [0.484] 400
Started game 413 of 10000 (SingularV2 vs SeeFutility)
Finished game 399 (SingularV2 vs SeeFutility): 1-0 {White wins by adjudication}
Score of SingularV2 vs SeeFutility: 117 - 129 - 155  [0.485] 401
Started game 414 of 10000 (SeeFutility vs SingularV2)
Finished game 400 (SeeFutility vs SingularV2): 1/2-1/2 {Draw by insufficient mating material}
Score of SingularV2 vs SeeFutility: 117 - 129 - 156  [0.485] 402
Started game 415 of 10000 (SingularV2 vs SeeFutility)
Finished game 403 (SingularV2 vs SeeFutility): 1/2-1/2 {Draw by adjudication}
Score of SingularV2 vs SeeFutility: 117 - 129 - 157  [0.485] 403
Started game 416 of 10000 (SeeFutility vs SingularV2)
Finished game 409 (SingularV2 vs SeeFutility): 1/2-1/2 {Draw by 3-fold repetition}
Score of SingularV2 vs SeeFutility: 117 - 129 - 158  [0.485] 404
Started game 417 of 10000 (SingularV2 vs SeeFutility)
Finished game 405 (SingularV2 vs SeeFutility): 1-0 {White wins by adjudication}
Score of SingularV2 vs SeeFutility: 118 - 129 - 158  [0.486] 405
Started game 418 of 10000 (SeeFutility vs SingularV2)
Finished game 385 (SingularV2 vs SeeFutility): 1/2-1/2 {Draw by insufficient mating material}
Score of SingularV2 vs SeeFutility: 118 - 129 - 159  [0.486] 406
Started game 419 of 10000 (SingularV2 vs SeeFutility)
Finished game 411 (SingularV2 vs SeeFutility): 0-1 {Black wins by adjudication}
Score of SingularV2 vs SeeFutility: 118 - 130 - 159  [0.485] 407
Started game 420 of 10000 (SeeFutility vs SingularV2)
Finished game 406 (SeeFutility vs SingularV2): 1/2-1/2 {Draw by insufficient mating material}
Score of SingularV2 vs SeeFutility: 118 - 130 - 160  [0.485] 408
Started game 421 of 10000 (SingularV2 vs SeeFutility)
Finished game 407 (SingularV2 vs SeeFutility): 0-1 {Black wins by adjudication}
Score of SingularV2 vs SeeFutility: 118 - 131 - 160  [0.484] 409
Started game 422 of 10000 (SeeFutility vs SingularV2)
Finished game 408 (SeeFutility vs SingularV2): 1-0 {White wins by adjudication}
Score of SingularV2 vs SeeFutility: 118 - 132 - 160  [0.483] 410
Started game 423 of 10000 (SingularV2 vs SeeFutility)
Finished game 414 (SeeFutility vs SingularV2): 1/2-1/2 {Draw by adjudication}
Score of SingularV2 vs SeeFutility: 118 - 132 - 161  [0.483] 411
Started game 424 of 10000 (SeeFutility vs SingularV2)
Finished game 412 (SeeFutility vs SingularV2): 0-1 {Black wins by adjudication}
Score of SingularV2 vs SeeFutility: 119 - 132 - 161  [0.484] 412
Started game 425 of 10000 (SingularV2 vs SeeFutility)
Finished game 410 (SeeFutility vs SingularV2): 1/2-1/2 {Draw by 3-fold repetition}
Score of SingularV2 vs SeeFutility: 119 - 132 - 162  [0.484] 413
Started game 426 of 10000 (SeeFutility vs SingularV2)
Finished game 413 (SingularV2 vs SeeFutility): 0-1 {Black wins by adjudication}
Score of SingularV2 vs SeeFutility: 119 - 133 - 162  [0.483] 414
Started game 427 of 10000 (SingularV2 vs SeeFutility)
Finished game 416 (SeeFutility vs SingularV2): 1-0 {White wins by adjudication}
Score of SingularV2 vs SeeFutility: 119 - 134 - 162  [0.482] 415
Started game 428 of 10000 (SeeFutility vs SingularV2)
Finished game 415 (SingularV2 vs SeeFutility): 1/2-1/2 {Draw by adjudication}
Score of SingularV2 vs SeeFutility: 119 - 134 - 163  [0.482] 416
Started game 429 of 10000 (SingularV2 vs SeeFutility)
Finished game 417 (SingularV2 vs SeeFutility): 0-1 {Black wins by adjudication}
Score of SingularV2 vs SeeFutility: 119 - 135 - 163  [0.481] 417
Started game 430 of 10000 (SeeFutility vs SingularV2)
Finished game 424 (SeeFutility vs SingularV2): 1-0 {White wins by adjudication}
Score of SingularV2 vs SeeFutility: 119 - 136 - 163  [0.480] 418
Started game 431 of 10000 (SingularV2 vs SeeFutility)
Finished game 420 (SeeFutility vs SingularV2): 1-0 {White wins by adjudication}
Score of SingularV2 vs SeeFutility: 119 - 137 - 163  [0.479] 419
Started game 432 of 10000 (SeeFutility vs SingularV2)
Finished game 423 (SingularV2 vs SeeFutility): 1-0 {White wins by adjudication}
Score of SingularV2 vs SeeFutility: 120 - 137 - 163  [0.480] 420
Started game 433 of 10000 (SingularV2 vs SeeFutility)
Finished game 419 (SingularV2 vs SeeFutility): 1/2-1/2 {Draw by adjudication}
Score of SingularV2 vs SeeFutility: 120 - 137 - 164  [0.480] 421
Started game 434 of 10000 (SeeFutility vs SingularV2)
Finished game 418 (SeeFutility vs SingularV2): 1/2-1/2 {Draw by adjudication}
Score of SingularV2 vs SeeFutility: 120 - 137 - 165  [0.480] 422
Started game 435 of 10000 (SingularV2 vs SeeFutility)
Finished game 421 (SingularV2 vs SeeFutility): 1/2-1/2 {Draw by insufficient mating material}
Score of SingularV2 vs SeeFutility: 120 - 137 - 166  [0.480] 423
Started game 436 of 10000 (SeeFutility vs SingularV2)
Finished game 422 (SeeFutility vs SingularV2): 1/2-1/2 {Draw by adjudication}
Score of SingularV2 vs SeeFutility: 120 - 137 - 167  [0.480] 424
Started game 437 of 10000 (SingularV2 vs SeeFutility)
Finished game 425 (SingularV2 vs SeeFutility): 1/2-1/2 {Draw by insufficient mating material}
Score of SingularV2 vs SeeFutility: 120 - 137 - 168  [0.480] 425
Started game 438 of 10000 (SeeFutility vs SingularV2)
Finished game 430 (SeeFutility vs SingularV2): 1/2-1/2 {Draw by 3-fold repetition}
Score of SingularV2 vs SeeFutility: 120 - 137 - 169  [0.480] 426
Started game 439 of 10000 (SingularV2 vs SeeFutility)
Finished game 427 (SingularV2 vs SeeFutility): 1-0 {White wins by adjudication}
Score of SingularV2 vs SeeFutility: 121 - 137 - 169  [0.481] 427
Started game 440 of 10000 (SeeFutility vs SingularV2)
Finished game 426 (SeeFutility vs SingularV2): 1/2-1/2 {Draw by adjudication}
Score of SingularV2 vs SeeFutility: 121 - 137 - 170  [0.481] 428
Started game 441 of 10000 (SingularV2 vs SeeFutility)
Finished game 428 (SeeFutility vs SingularV2): 1-0 {White wins by adjudication}
Score of SingularV2 vs SeeFutility: 121 - 138 - 170  [0.480] 429
Started game 442 of 10000 (SeeFutility vs SingularV2)
Finished game 429 (SingularV2 vs SeeFutility): 0-1 {Black wins by adjudication}
Score of SingularV2 vs SeeFutility: 121 - 139 - 170  [0.479] 430
Started game 443 of 10000 (SingularV2 vs SeeFutility)
Finished game 431 (SingularV2 vs SeeFutility): 1-0 {White wins by adjudication}
Score of SingularV2 vs SeeFutility: 122 - 139 - 170  [0.480] 431
Started game 444 of 10000 (SeeFutility vs SingularV2)
Finished game 433 (SingularV2 vs SeeFutility): 1-0 {White wins by adjudication}
Score of SingularV2 vs SeeFutility: 123 - 139 - 170  [0.481] 432
Started game 445 of 10000 (SingularV2 vs SeeFutility)
Finished game 432 (SeeFutility vs SingularV2): 1-0 {White wins by adjudication}
Score of SingularV2 vs SeeFutility: 123 - 140 - 170  [0.480] 433
Started game 446 of 10000 (SeeFutility vs SingularV2)
Finished game 434 (SeeFutility vs SingularV2): 0-1 {Black wins by adjudication}
Score of SingularV2 vs SeeFutility: 124 - 140 - 170  [0.482] 434
Started game 447 of 10000 (SingularV2 vs SeeFutility)
Finished game 436 (SeeFutility vs SingularV2): 0-1 {Black wins by adjudication}
Score of SingularV2 vs SeeFutility: 125 - 140 - 170  [0.483] 435
Started game 448 of 10000 (SeeFutility vs SingularV2)
Finished game 435 (SingularV2 vs SeeFutility): 0-1 {Black wins by adjudication}
Score of SingularV2 vs SeeFutility: 125 - 141 - 170  [0.482] 436
Started game 449 of 10000 (SingularV2 vs SeeFutility)
Finished game 442 (SeeFutility vs SingularV2): 1-0 {White wins by adjudication}
Score of SingularV2 vs SeeFutility: 125 - 142 - 170  [0.481] 437
Started game 450 of 10000 (SeeFutility vs SingularV2)
Finished game 440 (SeeFutility vs SingularV2): 1-0 {White wins by adjudication}
Score of SingularV2 vs SeeFutility: 125 - 143 - 170  [0.479] 438
Started game 451 of 10000 (SingularV2 vs SeeFutility)
Finished game 438 (SeeFutility vs SingularV2): 1/2-1/2 {Draw by insufficient mating material}
Score of SingularV2 vs SeeFutility: 125 - 143 - 171  [0.479] 439
Started game 452 of 10000 (SeeFutility vs SingularV2)
Finished game 439 (SingularV2 vs SeeFutility): 0-1 {Black mates}
Score of SingularV2 vs SeeFutility: 125 - 144 - 171  [0.478] 440
Started game 453 of 10000 (SingularV2 vs SeeFutility)
Finished game 446 (SeeFutility vs SingularV2): 0-1 {Black wins by adjudication}
Score of SingularV2 vs SeeFutility: 126 - 144 - 171  [0.480] 441
Started game 454 of 10000 (SeeFutility vs SingularV2)
Finished game 443 (SingularV2 vs SeeFutility): 0-1 {Black wins by adjudication}
Score of SingularV2 vs SeeFutility: 126 - 145 - 171  [0.479] 442
Started game 455 of 10000 (SingularV2 vs SeeFutility)
Finished game 441 (SingularV2 vs SeeFutility): 0-1 {Black wins by adjudication}
Score of SingularV2 vs SeeFutility: 126 - 146 - 171  [0.477] 443
Started game 456 of 10000 (SeeFutility vs SingularV2)
Finished game 437 (SingularV2 vs SeeFutility): 1/2-1/2 {Draw by fifty moves rule}
Score of SingularV2 vs SeeFutility: 126 - 146 - 172  [0.477] 444
Started game 457 of 10000 (SingularV2 vs SeeFutility)
Finished game 445 (SingularV2 vs SeeFutility): 0-1 {Black wins by adjudication}
Score of SingularV2 vs SeeFutility: 126 - 147 - 172  [0.476] 445
Started game 458 of 10000 (SeeFutility vs SingularV2)
Finished game 444 (SeeFutility vs SingularV2): 0-1 {Black wins by adjudication}
Score of SingularV2 vs SeeFutility: 127 - 147 - 172  [0.478] 446
Started game 459 of 10000 (SingularV2 vs SeeFutility)
Finished game 449 (SingularV2 vs SeeFutility): 1/2-1/2 {Draw by 3-fold repetition}
Score of SingularV2 vs SeeFutility: 127 - 147 - 173  [0.478] 447
Started game 460 of 10000 (SeeFutility vs SingularV2)
Finished game 448 (SeeFutility vs SingularV2): 1-0 {White wins by adjudication}
Score of SingularV2 vs SeeFutility: 127 - 148 - 173  [0.477] 448
Started game 461 of 10000 (SingularV2 vs SeeFutility)
Finished game 447 (SingularV2 vs SeeFutility): 1/2-1/2 {Draw by adjudication}
Score of SingularV2 vs SeeFutility: 127 - 148 - 174  [0.477] 449
Started game 462 of 10000 (SeeFutility vs SingularV2)
Finished game 454 (SeeFutility vs SingularV2): 1/2-1/2 {Draw by 3-fold repetition}
Score of SingularV2 vs SeeFutility: 127 - 148 - 175  [0.477] 450
Started game 463 of 10000 (SingularV2 vs SeeFutility)
Finished game 453 (SingularV2 vs SeeFutility): 0-1 {Black wins by adjudication}
Score of SingularV2 vs SeeFutility: 127 - 149 - 175  [0.476] 451
Started game 464 of 10000 (SeeFutility vs SingularV2)
Finished game 455 (SingularV2 vs SeeFutility): 0-1 {Black wins by adjudication}
Score of SingularV2 vs SeeFutility: 127 - 150 - 175  [0.475] 452
Started game 465 of 10000 (SingularV2 vs SeeFutility)
Finished game 450 (SeeFutility vs SingularV2): 1/2-1/2 {Draw by 3-fold repetition}
Score of SingularV2 vs SeeFutility: 127 - 150 - 176  [0.475] 453
Started game 466 of 10000 (SeeFutility vs SingularV2)
Finished game 457 (SingularV2 vs SeeFutility): 0-1 {Black wins by adjudication}
Score of SingularV2 vs SeeFutility: 127 - 151 - 176  [0.474] 454
Started game 467 of 10000 (SingularV2 vs SeeFutility)
Finished game 458 (SeeFutility vs SingularV2): 1-0 {White wins by adjudication}
Score of SingularV2 vs SeeFutility: 127 - 152 - 176  [0.473] 455
Started game 468 of 10000 (SeeFutility vs SingularV2)
Finished game 456 (SeeFutility vs SingularV2): 1/2-1/2 {Draw by 3-fold repetition}
Score of SingularV2 vs SeeFutility: 127 - 152 - 177  [0.473] 456
Started game 469 of 10000 (SingularV2 vs SeeFutility)
Finished game 460 (SeeFutility vs SingularV2): 1-0 {White wins by adjudication}
Score of SingularV2 vs SeeFutility: 127 - 153 - 177  [0.472] 457
Started game 470 of 10000 (SeeFutility vs SingularV2)
Finished game 452 (SeeFutility vs SingularV2): 1/2-1/2 {Draw by insufficient mating material}
Score of SingularV2 vs SeeFutility: 127 - 153 - 178  [0.472] 458
Started game 471 of 10000 (SingularV2 vs SeeFutility)
Finished game 451 (SingularV2 vs SeeFutility): 1/2-1/2 {Draw by fifty moves rule}
Score of SingularV2 vs SeeFutility: 127 - 153 - 179  [0.472] 459
Started game 472 of 10000 (SeeFutility vs SingularV2)
Finished game 464 (SeeFutility vs SingularV2): 1-0 {White wins by adjudication}
Score of SingularV2 vs SeeFutility: 127 - 154 - 179  [0.471] 460
Started game 473 of 10000 (SingularV2 vs SeeFutility)
Finished game 459 (SingularV2 vs SeeFutility): 0-1 {Black wins by adjudication}
Score of SingularV2 vs SeeFutility: 127 - 155 - 179  [0.470] 461
Started game 474 of 10000 (SeeFutility vs SingularV2)
Finished game 462 (SeeFutility vs SingularV2): 0-1 {Black wins by adjudication}
Score of SingularV2 vs SeeFutility: 128 - 155 - 179  [0.471] 462
Started game 475 of 10000 (SingularV2 vs SeeFutility)
Finished game 465 (SingularV2 vs SeeFutility): 1/2-1/2 {Draw by 3-fold repetition}
Score of SingularV2 vs SeeFutility: 128 - 155 - 180  [0.471] 463
Started game 476 of 10000 (SeeFutility vs SingularV2)
Finished game 468 (SeeFutility vs SingularV2): 1/2-1/2 {Draw by 3-fold repetition}
Score of SingularV2 vs SeeFutility: 128 - 155 - 181  [0.471] 464
Started game 477 of 10000 (SingularV2 vs SeeFutility)
Finished game 463 (SingularV2 vs SeeFutility): 1/2-1/2 {Draw by adjudication}
Score of SingularV2 vs SeeFutility: 128 - 155 - 182  [0.471] 465
Started game 478 of 10000 (SeeFutility vs SingularV2)
Finished game 469 (SingularV2 vs SeeFutility): 1-0 {White wins by adjudication}
Score of SingularV2 vs SeeFutility: 129 - 155 - 182  [0.472] 466
Started game 479 of 10000 (SingularV2 vs SeeFutility)
Finished game 472 (SeeFutility vs SingularV2): 0-1 {Black wins by adjudication}
Score of SingularV2 vs SeeFutility: 130 - 155 - 182  [0.473] 467
Started game 480 of 10000 (SeeFutility vs SingularV2)
Finished game 467 (SingularV2 vs SeeFutility): 1-0 {White wins by adjudication}
Score of SingularV2 vs SeeFutility: 131 - 155 - 182  [0.474] 468
Started game 481 of 10000 (SingularV2 vs SeeFutility)
Finished game 466 (SeeFutility vs SingularV2): 1/2-1/2 {Draw by fifty moves rule}
Score of SingularV2 vs SeeFutility: 131 - 155 - 183  [0.474] 469
Started game 482 of 10000 (SeeFutility vs SingularV2)
Finished game 461 (SingularV2 vs SeeFutility): 1/2-1/2 {Draw by insufficient mating material}
Score of SingularV2 vs SeeFutility: 131 - 155 - 184  [0.474] 470
Started game 483 of 10000 (SingularV2 vs SeeFutility)
Finished game 471 (SingularV2 vs SeeFutility): 1-0 {White mates}
Score of SingularV2 vs SeeFutility: 132 - 155 - 184  [0.476] 471
Started game 484 of 10000 (SeeFutility vs SingularV2)
Finished game 470 (SeeFutility vs SingularV2): 1/2-1/2 {Draw by fifty moves rule}
Score of SingularV2 vs SeeFutility: 132 - 155 - 185  [0.476] 472
Started game 485 of 10000 (SingularV2 vs SeeFutility)
Finished game 474 (SeeFutility vs SingularV2): 1/2-1/2 {Draw by 3-fold repetition}
Score of SingularV2 vs SeeFutility: 132 - 155 - 186  [0.476] 473
Started game 486 of 10000 (SeeFutility vs SingularV2)
Finished game 475 (SingularV2 vs SeeFutility): 0-1 {Black wins by adjudication}
Score of SingularV2 vs SeeFutility: 132 - 156 - 186  [0.475] 474
Started game 487 of 10000 (SingularV2 vs SeeFutility)
Finished game 473 (SingularV2 vs SeeFutility): 0-1 {Black mates}
Score of SingularV2 vs SeeFutility: 132 - 157 - 186  [0.474] 475
Started game 488 of 10000 (SeeFutility vs SingularV2)
Finished game 484 (SeeFutility vs SingularV2): 1/2-1/2 {Draw by 3-fold repetition}
Score of SingularV2 vs SeeFutility: 132 - 157 - 187  [0.474] 476
Started game 489 of 10000 (SingularV2 vs SeeFutility)
Finished game 477 (SingularV2 vs SeeFutility): 0-1 {Black wins by adjudication}
Score of SingularV2 vs SeeFutility: 132 - 158 - 187  [0.473] 477
Started game 490 of 10000 (SeeFutility vs SingularV2)
Finished game 476 (SeeFutility vs SingularV2): 0-1 {Black wins by adjudication}
Score of SingularV2 vs SeeFutility: 133 - 158 - 187  [0.474] 478
Started game 491 of 10000 (SingularV2 vs SeeFutility)
Finished game 478 (SeeFutility vs SingularV2): 1/2-1/2 {Draw by adjudication}
Score of SingularV2 vs SeeFutility: 133 - 158 - 188  [0.474] 479
Started game 492 of 10000 (SeeFutility vs SingularV2)
Finished game 481 (SingularV2 vs SeeFutility): 1/2-1/2 {Draw by 3-fold repetition}
Score of SingularV2 vs SeeFutility: 133 - 158 - 189  [0.474] 480
Started game 493 of 10000 (SingularV2 vs SeeFutility)
Finished game 479 (SingularV2 vs SeeFutility): 1-0 {White wins by adjudication}
Score of SingularV2 vs SeeFutility: 134 - 158 - 189  [0.475] 481
Started game 494 of 10000 (SeeFutility vs SingularV2)
Finished game 480 (SeeFutility vs SingularV2): 1/2-1/2 {Draw by 3-fold repetition}
Score of SingularV2 vs SeeFutility: 134 - 158 - 190  [0.475] 482
Started game 495 of 10000 (SingularV2 vs SeeFutility)
Finished game 482 (SeeFutility vs SingularV2): 1-0 {White wins by adjudication}
Score of SingularV2 vs SeeFutility: 134 - 159 - 190  [0.474] 483
Started game 496 of 10000 (SeeFutility vs SingularV2)
Finished game 488 (SeeFutility vs SingularV2): 1-0 {White wins by adjudication}
Score of SingularV2 vs SeeFutility: 134 - 160 - 190  [0.473] 484
Started game 497 of 10000 (SingularV2 vs SeeFutility)
Finished game 486 (SeeFutility vs SingularV2): 1/2-1/2 {Draw by 3-fold repetition}
Score of SingularV2 vs SeeFutility: 134 - 160 - 191  [0.473] 485
Started game 498 of 10000 (SeeFutility vs SingularV2)
Finished game 487 (SingularV2 vs SeeFutility): 0-1 {Black wins by adjudication}
Score of SingularV2 vs SeeFutility: 134 - 161 - 191  [0.472] 486
Started game 499 of 10000 (SingularV2 vs SeeFutility)
Finished game 483 (SingularV2 vs SeeFutility): 0-1 {Black wins by adjudication}
Score of SingularV2 vs SeeFutility: 134 - 162 - 191  [0.471] 487
Started game 500 of 10000 (SeeFutility vs SingularV2)
Finished game 485 (SingularV2 vs SeeFutility): 1-0 {White wins by adjudication}
Score of SingularV2 vs SeeFutility: 135 - 162 - 191  [0.472] 488
Started game 501 of 10000 (SingularV2 vs SeeFutility)
Finished game 489 (SingularV2 vs SeeFutility): 0-1 {Black wins by adjudication}
Score of SingularV2 vs SeeFutility: 135 - 163 - 191  [0.471] 489
Started game 502 of 10000 (SeeFutility vs SingularV2)
Finished game 490 (SeeFutility vs SingularV2): 1/2-1/2 {Draw by 3-fold repetition}
Score of SingularV2 vs SeeFutility: 135 - 163 - 192  [0.471] 490
Started game 503 of 10000 (SingularV2 vs SeeFutility)
Finished game 494 (SeeFutility vs SingularV2): 1/2-1/2 {Draw by 3-fold repetition}
Score of SingularV2 vs SeeFutility: 135 - 163 - 193  [0.471] 491
Started game 504 of 10000 (SeeFutility vs SingularV2)
Finished game 492 (SeeFutility vs SingularV2): 1-0 {White wins by adjudication}
Score of SingularV2 vs SeeFutility: 135 - 164 - 193  [0.471] 492
Started game 505 of 10000 (SingularV2 vs SeeFutility)
Finished game 493 (SingularV2 vs SeeFutility): 1-0 {White wins by adjudication}
Score of SingularV2 vs SeeFutility: 136 - 164 - 193  [0.472] 493
Started game 506 of 10000 (SeeFutility vs SingularV2)
Finished game 491 (SingularV2 vs SeeFutility): 1/2-1/2 {Draw by insufficient mating material}
Score of SingularV2 vs SeeFutility: 136 - 164 - 194  [0.472] 494
Started game 507 of 10000 (SingularV2 vs SeeFutility)
Finished game 501 (SingularV2 vs SeeFutility): 0-1 {Black wins by adjudication}
Score of SingularV2 vs SeeFutility: 136 - 165 - 194  [0.471] 495
Started game 508 of 10000 (SeeFutility vs SingularV2)
Finished game 496 (SeeFutility vs SingularV2): 1/2-1/2 {Draw by 3-fold repetition}
Score of SingularV2 vs SeeFutility: 136 - 165 - 195  [0.471] 496
Started game 509 of 10000 (SingularV2 vs SeeFutility)
Finished game 499 (SingularV2 vs SeeFutility): 1-0 {White wins by adjudication}
Score of SingularV2 vs SeeFutility: 137 - 165 - 195  [0.472] 497
Started game 510 of 10000 (SeeFutility vs SingularV2)
Finished game 500 (SeeFutility vs SingularV2): 1-0 {White wins by adjudication}
Score of SingularV2 vs SeeFutility: 137 - 166 - 195  [0.471] 498
Started game 511 of 10000 (SingularV2 vs SeeFutility)
Finished game 498 (SeeFutility vs SingularV2): 1-0 {White wins by adjudication}
Score of SingularV2 vs SeeFutility: 137 - 167 - 195  [0.470] 499
Started game 512 of 10000 (SeeFutility vs SingularV2)
Finished game 497 (SingularV2 vs SeeFutility): 1/2-1/2 {Draw by adjudication}
Score of SingularV2 vs SeeFutility: 137 - 167 - 196  [0.470] 500
Started game 513 of 10000 (SingularV2 vs SeeFutility)
Finished game 503 (SingularV2 vs SeeFutility): 1/2-1/2 {Draw by 3-fold repetition}
Score of SingularV2 vs SeeFutility: 137 - 167 - 197  [0.470] 501
Started game 514 of 10000 (SeeFutility vs SingularV2)
Finished game 502 (SeeFutility vs SingularV2): 0-1 {Black wins by adjudication}
Score of SingularV2 vs SeeFutility: 138 - 167 - 197  [0.471] 502
Started game 515 of 10000 (SingularV2 vs SeeFutility)
Finished game 495 (SingularV2 vs SeeFutility): 1/2-1/2 {Draw by fifty moves rule}
Score of SingularV2 vs SeeFutility: 138 - 167 - 198  [0.471] 503
Started game 516 of 10000 (SeeFutility vs SingularV2)
Finished game 510 (SeeFutility vs SingularV2): 1/2-1/2 {Draw by 3-fold repetition}
Score of SingularV2 vs SeeFutility: 138 - 167 - 199  [0.471] 504
Started game 517 of 10000 (SingularV2 vs SeeFutility)
Finished game 504 (SeeFutility vs SingularV2): 1/2-1/2 {Draw by fifty moves rule}
Score of SingularV2 vs SeeFutility: 138 - 167 - 200  [0.471] 505
Started game 518 of 10000 (SeeFutility vs SingularV2)
Finished game 507 (SingularV2 vs SeeFutility): 0-1 {Black wins by adjudication}
Score of SingularV2 vs SeeFutility: 138 - 168 - 200  [0.470] 506
Started game 519 of 10000 (SingularV2 vs SeeFutility)
Finished game 508 (SeeFutility vs SingularV2): 1/2-1/2 {Draw by adjudication}
Score of SingularV2 vs SeeFutility: 138 - 168 - 201  [0.470] 507
Started game 520 of 10000 (SeeFutility vs SingularV2)
Finished game 506 (SeeFutility vs SingularV2): 0-1 {Black wins by adjudication}
Score of SingularV2 vs SeeFutility: 139 - 168 - 201  [0.471] 508
Started game 521 of 10000 (SingularV2 vs SeeFutility)
Finished game 512 (SeeFutility vs SingularV2): 1/2-1/2 {Draw by 3-fold repetition}
Score of SingularV2 vs SeeFutility: 139 - 168 - 202  [0.472] 509
Started game 522 of 10000 (SeeFutility vs SingularV2)
Finished game 511 (SingularV2 vs SeeFutility): 1/2-1/2 {Draw by 3-fold repetition}
Score of SingularV2 vs SeeFutility: 139 - 168 - 203  [0.472] 510
Started game 523 of 10000 (SingularV2 vs SeeFutility)
Finished game 514 (SeeFutility vs SingularV2): 1/2-1/2 {Draw by insufficient mating material}
Score of SingularV2 vs SeeFutility: 139 - 168 - 204  [0.472] 511
Started game 524 of 10000 (SeeFutility vs SingularV2)
Finished game 509 (SingularV2 vs SeeFutility): 1/2-1/2 {Draw by adjudication}
Score of SingularV2 vs SeeFutility: 139 - 168 - 205  [0.472] 512
Started game 525 of 10000 (SingularV2 vs SeeFutility)
Finished game 513 (SingularV2 vs SeeFutility): 1/2-1/2 {Draw by insufficient mating material}
Score of SingularV2 vs SeeFutility: 139 - 168 - 206  [0.472] 513
Started game 526 of 10000 (SeeFutility vs SingularV2)
Finished game 522 (SeeFutility vs SingularV2): 1/2-1/2 {Draw by 3-fold repetition}
Score of SingularV2 vs SeeFutility: 139 - 168 - 207  [0.472] 514
Started game 527 of 10000 (SingularV2 vs SeeFutility)
Finished game 505 (SingularV2 vs SeeFutility): 1/2-1/2 {Draw by adjudication}
Score of SingularV2 vs SeeFutility: 139 - 168 - 208  [0.472] 515
Started game 528 of 10000 (SeeFutility vs SingularV2)
Finished game 517 (SingularV2 vs SeeFutility): 0-1 {Black wins by adjudication}
Score of SingularV2 vs SeeFutility: 139 - 169 - 208  [0.471] 516
Started game 529 of 10000 (SingularV2 vs SeeFutility)
Finished game 518 (SeeFutility vs SingularV2): 1-0 {White wins by adjudication}
Score of SingularV2 vs SeeFutility: 139 - 170 - 208  [0.470] 517
Started game 530 of 10000 (SeeFutility vs SingularV2)
Finished game 515 (SingularV2 vs SeeFutility): 1/2-1/2 {Draw by 3-fold repetition}
Score of SingularV2 vs SeeFutility: 139 - 170 - 209  [0.470] 518
Started game 531 of 10000 (SingularV2 vs SeeFutility)
Finished game 521 (SingularV2 vs SeeFutility): 1-0 {White wins by adjudication}
Score of SingularV2 vs SeeFutility: 140 - 170 - 209  [0.471] 519
Started game 532 of 10000 (SeeFutility vs SingularV2)
Finished game 516 (SeeFutility vs SingularV2): 1/2-1/2 {Draw by adjudication}
Score of SingularV2 vs SeeFutility: 140 - 170 - 210  [0.471] 520
Started game 533 of 10000 (SingularV2 vs SeeFutility)
Finished game 520 (SeeFutility vs SingularV2): 1/2-1/2 {Draw by 3-fold repetition}
Score of SingularV2 vs SeeFutility: 140 - 170 - 211  [0.471] 521
Started game 534 of 10000 (SeeFutility vs SingularV2)
Finished game 523 (SingularV2 vs SeeFutility): 1/2-1/2 {Draw by 3-fold repetition}
Score of SingularV2 vs SeeFutility: 140 - 170 - 212  [0.471] 522
Started game 535 of 10000 (SingularV2 vs SeeFutility)
Finished game 525 (SingularV2 vs SeeFutility): 1/2-1/2 {Draw by 3-fold repetition}
Score of SingularV2 vs SeeFutility: 140 - 170 - 213  [0.471] 523
Started game 536 of 10000 (SeeFutility vs SingularV2)
Finished game 519 (SingularV2 vs SeeFutility): 1-0 {White wins by adjudication}
Score of SingularV2 vs SeeFutility: 141 - 170 - 213  [0.472] 524
Started game 537 of 10000 (SingularV2 vs SeeFutility)
Finished game 532 (SeeFutility vs SingularV2): 1-0 {White wins by adjudication}
Score of SingularV2 vs SeeFutility: 141 - 171 - 213  [0.471] 525
Started game 538 of 10000 (SeeFutility vs SingularV2)
Finished game 528 (SeeFutility vs SingularV2): 0-1 {Black wins by adjudication}
Score of SingularV2 vs SeeFutility: 142 - 171 - 213  [0.472] 526
Started game 539 of 10000 (SingularV2 vs SeeFutility)
Finished game 526 (SeeFutility vs SingularV2): 0-1 {Black wins by adjudication}
Score of SingularV2 vs SeeFutility: 143 - 171 - 213  [0.473] 527
Started game 540 of 10000 (SeeFutility vs SingularV2)
Finished game 527 (SingularV2 vs SeeFutility): 1/2-1/2 {Draw by insufficient mating material}
Score of SingularV2 vs SeeFutility: 143 - 171 - 214  [0.473] 528
Started game 541 of 10000 (SingularV2 vs SeeFutility)
Finished game 529 (SingularV2 vs SeeFutility): 1-0 {White wins by adjudication}
Score of SingularV2 vs SeeFutility: 144 - 171 - 214  [0.474] 529
Started game 542 of 10000 (SeeFutility vs SingularV2)
Finished game 524 (SeeFutility vs SingularV2): 1-0 {White wins by adjudication}
Score of SingularV2 vs SeeFutility: 144 - 172 - 214  [0.474] 530
Started game 543 of 10000 (SingularV2 vs SeeFutility)
Finished game 534 (SeeFutility vs SingularV2): 1/2-1/2 {Draw by adjudication}
Score of SingularV2 vs SeeFutility: 144 - 172 - 215  [0.474] 531
Started game 544 of 10000 (SeeFutility vs SingularV2)
Finished game 530 (SeeFutility vs SingularV2): 1/2-1/2 {Draw by 3-fold repetition}
Score of SingularV2 vs SeeFutility: 144 - 172 - 216  [0.474] 532
Started game 545 of 10000 (SingularV2 vs SeeFutility)
Finished game 535 (SingularV2 vs SeeFutility): 1/2-1/2 {Draw by adjudication}
Score of SingularV2 vs SeeFutility: 144 - 172 - 217  [0.474] 533
Started game 546 of 10000 (SeeFutility vs SingularV2)
Finished game 537 (SingularV2 vs SeeFutility): 1/2-1/2 {Draw by 3-fold repetition}
Score of SingularV2 vs SeeFutility: 144 - 172 - 218  [0.474] 534
Started game 547 of 10000 (SingularV2 vs SeeFutility)
Finished game 536 (SeeFutility vs SingularV2): 0-1 {Black wins by adjudication}
Score of SingularV2 vs SeeFutility: 145 - 172 - 218  [0.475] 535
Started game 548 of 10000 (SeeFutility vs SingularV2)
Finished game 533 (SingularV2 vs SeeFutility): 0-1 {Black wins by adjudication}
Score of SingularV2 vs SeeFutility: 145 - 173 - 218  [0.474] 536
Started game 549 of 10000 (SingularV2 vs SeeFutility)
Finished game 531 (SingularV2 vs SeeFutility): 1/2-1/2 {Draw by fifty moves rule}
Score of SingularV2 vs SeeFutility: 145 - 173 - 219  [0.474] 537
Started game 550 of 10000 (SeeFutility vs SingularV2)
Finished game 540 (SeeFutility vs SingularV2): 1-0 {White wins by adjudication}
Score of SingularV2 vs SeeFutility: 145 - 174 - 219  [0.473] 538
Started game 551 of 10000 (SingularV2 vs SeeFutility)
Finished game 539 (SingularV2 vs SeeFutility): 1-0 {White wins by adjudication}
Score of SingularV2 vs SeeFutility: 146 - 174 - 219  [0.474] 539
Started game 552 of 10000 (SeeFutility vs SingularV2)
Finished game 541 (SingularV2 vs SeeFutility): 1-0 {White wins by adjudication}
Score of SingularV2 vs SeeFutility: 147 - 174 - 219  [0.475] 540
Started game 553 of 10000 (SingularV2 vs SeeFutility)
Finished game 538 (SeeFutility vs SingularV2): 1-0 {White wins by adjudication}
Score of SingularV2 vs SeeFutility: 147 - 175 - 219  [0.474] 541
Started game 554 of 10000 (SeeFutility vs SingularV2)
Finished game 543 (SingularV2 vs SeeFutility): 1-0 {White wins by adjudication}
Score of SingularV2 vs SeeFutility: 148 - 175 - 219  [0.475] 542
Started game 555 of 10000 (SingularV2 vs SeeFutility)
Finished game 542 (SeeFutility vs SingularV2): 0-1 {Black wins by adjudication}
Score of SingularV2 vs SeeFutility: 149 - 175 - 219  [0.476] 543
Started game 556 of 10000 (SeeFutility vs SingularV2)
Finished game 544 (SeeFutility vs SingularV2): 1/2-1/2 {Draw by adjudication}
Score of SingularV2 vs SeeFutility: 149 - 175 - 220  [0.476] 544
Started game 557 of 10000 (SingularV2 vs SeeFutility)
Finished game 547 (SingularV2 vs SeeFutility): 1-0 {White wins by adjudication}
Score of SingularV2 vs SeeFutility: 150 - 175 - 220  [0.477] 545
Started game 558 of 10000 (SeeFutility vs SingularV2)
Finished game 548 (SeeFutility vs SingularV2): 1/2-1/2 {Draw by 3-fold repetition}
Score of SingularV2 vs SeeFutility: 150 - 175 - 221  [0.477] 546
Started game 559 of 10000 (SingularV2 vs SeeFutility)
Finished game 549 (SingularV2 vs SeeFutility): 1-0 {White wins by adjudication}
Score of SingularV2 vs SeeFutility: 151 - 175 - 221  [0.478] 547
Started game 560 of 10000 (SeeFutility vs SingularV2)
Finished game 546 (SeeFutility vs SingularV2): 0-1 {Black wins by adjudication}
Score of SingularV2 vs SeeFutility: 152 - 175 - 221  [0.479] 548
Started game 561 of 10000 (SingularV2 vs SeeFutility)
Finished game 550 (SeeFutility vs SingularV2): 1-0 {White wins by adjudication}
Score of SingularV2 vs SeeFutility: 152 - 176 - 221  [0.478] 549
Started game 562 of 10000 (SeeFutility vs SingularV2)
Finished game 545 (SingularV2 vs SeeFutility): 1/2-1/2 {Draw by adjudication}
Score of SingularV2 vs SeeFutility: 152 - 176 - 222  [0.478] 550
Started game 563 of 10000 (SingularV2 vs SeeFutility)
Finished game 553 (SingularV2 vs SeeFutility): 0-1 {Black wins by adjudication}
Score of SingularV2 vs SeeFutility: 152 - 177 - 222  [0.477] 551
Started game 564 of 10000 (SeeFutility vs SingularV2)
Finished game 551 (SingularV2 vs SeeFutility): 1-0 {White wins by adjudication}
Score of SingularV2 vs SeeFutility: 153 - 177 - 222  [0.478] 552
Started game 565 of 10000 (SingularV2 vs SeeFutility)
Finished game 555 (SingularV2 vs SeeFutility): 0-1 {Black wins by adjudication}
Score of SingularV2 vs SeeFutility: 153 - 178 - 222  [0.477] 553
Started game 566 of 10000 (SeeFutility vs SingularV2)
Finished game 554 (SeeFutility vs SingularV2): 1/2-1/2 {Draw by adjudication}
Score of SingularV2 vs SeeFutility: 153 - 178 - 223  [0.477] 554
Started game 567 of 10000 (SingularV2 vs SeeFutility)
Finished game 552 (SeeFutility vs SingularV2): 0-1 {Black wins by adjudication}
Score of SingularV2 vs SeeFutility: 154 - 178 - 223  [0.478] 555
Started game 568 of 10000 (SeeFutility vs SingularV2)
Finished game 556 (SeeFutility vs SingularV2): 1/2-1/2 {Draw by adjudication}
Score of SingularV2 vs SeeFutility: 154 - 178 - 224  [0.478] 556
Started game 569 of 10000 (SingularV2 vs SeeFutility)
Finished game 559 (SingularV2 vs SeeFutility): 1/2-1/2 {Draw by 3-fold repetition}
Score of SingularV2 vs SeeFutility: 154 - 178 - 225  [0.478] 557
Started game 570 of 10000 (SeeFutility vs SingularV2)
Finished game 561 (SingularV2 vs SeeFutility): 1-0 {White wins by adjudication}
Score of SingularV2 vs SeeFutility: 155 - 178 - 225  [0.479] 558
Started game 571 of 10000 (SingularV2 vs SeeFutility)
Finished game 560 (SeeFutility vs SingularV2): 1-0 {White wins by adjudication}
Score of SingularV2 vs SeeFutility: 155 - 179 - 225  [0.479] 559
Started game 572 of 10000 (SeeFutility vs SingularV2)
Finished game 568 (SeeFutility vs SingularV2): 1/2-1/2 {Draw by 3-fold repetition}
Score of SingularV2 vs SeeFutility: 155 - 179 - 226  [0.479] 560
Started game 573 of 10000 (SingularV2 vs SeeFutility)
Finished game 562 (SeeFutility vs SingularV2): 1/2-1/2 {Draw by stalemate}
Score of SingularV2 vs SeeFutility: 155 - 179 - 227  [0.479] 561
Started game 574 of 10000 (SeeFutility vs SingularV2)
Finished game 564 (SeeFutility vs SingularV2): 1-0 {White wins by adjudication}
Score of SingularV2 vs SeeFutility: 155 - 180 - 227  [0.478] 562
Started game 575 of 10000 (SingularV2 vs SeeFutility)
Finished game 563 (SingularV2 vs SeeFutility): 1-0 {White wins by adjudication}
Score of SingularV2 vs SeeFutility: 156 - 180 - 227  [0.479] 563
Started game 576 of 10000 (SeeFutility vs SingularV2)
Finished game 566 (SeeFutility vs SingularV2): 0-1 {Black wins by adjudication}
Score of SingularV2 vs SeeFutility: 157 - 180 - 227  [0.480] 564
Started game 577 of 10000 (SingularV2 vs SeeFutility)
Finished game 557 (SingularV2 vs SeeFutility): 0-1 {Black wins by adjudication}
Score of SingularV2 vs SeeFutility: 157 - 181 - 227  [0.479] 565
Started game 578 of 10000 (SeeFutility vs SingularV2)
Finished game 565 (SingularV2 vs SeeFutility): 0-1 {Black wins by adjudication}
Score of SingularV2 vs SeeFutility: 157 - 182 - 227  [0.478] 566
Started game 579 of 10000 (SingularV2 vs SeeFutility)
Finished game 558 (SeeFutility vs SingularV2): 0-1 {Black wins by adjudication}
Score of SingularV2 vs SeeFutility: 158 - 182 - 227  [0.479] 567
Started game 580 of 10000 (SeeFutility vs SingularV2)
Finished game 570 (SeeFutility vs SingularV2): 0-1 {Black wins by adjudication}
Score of SingularV2 vs SeeFutility: 159 - 182 - 227  [0.480] 568
Started game 581 of 10000 (SingularV2 vs SeeFutility)
Finished game 569 (SingularV2 vs SeeFutility): 1/2-1/2 {Draw by adjudication}
Score of SingularV2 vs SeeFutility: 159 - 182 - 228  [0.480] 569
Started game 582 of 10000 (SeeFutility vs SingularV2)
Finished game 567 (SingularV2 vs SeeFutility): 1-0 {White wins by adjudication}
Score of SingularV2 vs SeeFutility: 160 - 182 - 228  [0.481] 570
Started game 583 of 10000 (SingularV2 vs SeeFutility)
Finished game 571 (SingularV2 vs SeeFutility): 1-0 {White wins by adjudication}
Score of SingularV2 vs SeeFutility: 161 - 182 - 228  [0.482] 571
Started game 584 of 10000 (SeeFutility vs SingularV2)
Finished game 579 (SingularV2 vs SeeFutility): 1/2-1/2 {Draw by 3-fold repetition}
Score of SingularV2 vs SeeFutility: 161 - 182 - 229  [0.482] 572
Started game 585 of 10000 (SingularV2 vs SeeFutility)
Finished game 578 (SeeFutility vs SingularV2): 1/2-1/2 {Draw by 3-fold repetition}
Score of SingularV2 vs SeeFutility: 161 - 182 - 230  [0.482] 573
Started game 586 of 10000 (SeeFutility vs SingularV2)
Finished game 573 (SingularV2 vs SeeFutility): 0-1 {Black wins by adjudication}
Score of SingularV2 vs SeeFutility: 161 - 183 - 230  [0.481] 574
Started game 587 of 10000 (SingularV2 vs SeeFutility)
Finished game 576 (SeeFutility vs SingularV2): 1/2-1/2 {Draw by 3-fold repetition}
Score of SingularV2 vs SeeFutility: 161 - 183 - 231  [0.481] 575
Started game 588 of 10000 (SeeFutility vs SingularV2)
Finished game 575 (SingularV2 vs SeeFutility): 0-1 {Black wins by adjudication}
Score of SingularV2 vs SeeFutility: 161 - 184 - 231  [0.480] 576
Started game 589 of 10000 (SingularV2 vs SeeFutility)
Finished game 572 (SeeFutility vs SingularV2): 1-0 {White wins by adjudication}
Score of SingularV2 vs SeeFutility: 161 - 185 - 231  [0.479] 577
Started game 590 of 10000 (SeeFutility vs SingularV2)
Finished game 580 (SeeFutility vs SingularV2): 0-1 {Black wins by adjudication}
Score of SingularV2 vs SeeFutility: 162 - 185 - 231  [0.480] 578
Started game 591 of 10000 (SingularV2 vs SeeFutility)
Finished game 582 (SeeFutility vs SingularV2): 1/2-1/2 {Draw by 3-fold repetition}
Score of SingularV2 vs SeeFutility: 162 - 185 - 232  [0.480] 579
Started game 592 of 10000 (SeeFutility vs SingularV2)
Finished game 577 (SingularV2 vs SeeFutility): 1/2-1/2 {Draw by insufficient mating material}
Score of SingularV2 vs SeeFutility: 162 - 185 - 233  [0.480] 580
Started game 593 of 10000 (SingularV2 vs SeeFutility)
Finished game 583 (SingularV2 vs SeeFutility): 1/2-1/2 {Draw by 3-fold repetition}
Score of SingularV2 vs SeeFutility: 162 - 185 - 234  [0.480] 581
Started game 594 of 10000 (SeeFutility vs SingularV2)
Finished game 574 (SeeFutility vs SingularV2): 1/2-1/2 {Draw by fifty moves rule}
Score of SingularV2 vs SeeFutility: 162 - 185 - 235  [0.480] 582
Started game 595 of 10000 (SingularV2 vs SeeFutility)
Finished game 584 (SeeFutility vs SingularV2): 1/2-1/2 {Draw by 3-fold repetition}
Score of SingularV2 vs SeeFutility: 162 - 185 - 236  [0.480] 583
Started game 596 of 10000 (SeeFutility vs SingularV2)
Finished game 587 (SingularV2 vs SeeFutility): 1-0 {White wins by adjudication}
Score of SingularV2 vs SeeFutility: 163 - 185 - 236  [0.481] 584
Started game 597 of 10000 (SingularV2 vs SeeFutility)
Finished game 581 (SingularV2 vs SeeFutility): 1/2-1/2 {Draw by insufficient mating material}
Score of SingularV2 vs SeeFutility: 163 - 185 - 237  [0.481] 585
Started game 598 of 10000 (SeeFutility vs SingularV2)
Finished game 585 (SingularV2 vs SeeFutility): 0-1 {Black wins by adjudication}
Score of SingularV2 vs SeeFutility: 163 - 186 - 237  [0.480] 586
Started game 599 of 10000 (SingularV2 vs SeeFutility)
Finished game 586 (SeeFutility vs SingularV2): 1-0 {White wins by adjudication}
Score of SingularV2 vs SeeFutility: 163 - 187 - 237  [0.480] 587
Started game 600 of 10000 (SeeFutility vs SingularV2)
Finished game 591 (SingularV2 vs SeeFutility): 1-0 {White wins by adjudication}
Score of SingularV2 vs SeeFutility: 164 - 187 - 237  [0.480] 588
Started game 601 of 10000 (SingularV2 vs SeeFutility)
Finished game 589 (SingularV2 vs SeeFutility): 0-1 {Black wins by adjudication}
Score of SingularV2 vs SeeFutility: 164 - 188 - 237  [0.480] 589
Started game 602 of 10000 (SeeFutility vs SingularV2)
Finished game 588 (SeeFutility vs SingularV2): 0-1 {Black wins by adjudication}
Score of SingularV2 vs SeeFutility: 165 - 188 - 237  [0.481] 590
Started game 603 of 10000 (SingularV2 vs SeeFutility)
Finished game 590 (SeeFutility vs SingularV2): 1-0 {White wins by adjudication}
Score of SingularV2 vs SeeFutility: 165 - 189 - 237  [0.480] 591
Started game 604 of 10000 (SeeFutility vs SingularV2)
Finished game 592 (SeeFutility vs SingularV2): 1/2-1/2 {Draw by insufficient mating material}
Score of SingularV2 vs SeeFutility: 165 - 189 - 238  [0.480] 592
Started game 605 of 10000 (SingularV2 vs SeeFutility)
Finished game 594 (SeeFutility vs SingularV2): 0-1 {Black wins by adjudication}
Score of SingularV2 vs SeeFutility: 166 - 189 - 238  [0.481] 593
Started game 606 of 10000 (SeeFutility vs SingularV2)
Finished game 593 (SingularV2 vs SeeFutility): 1/2-1/2 {Draw by insufficient mating material}
Score of SingularV2 vs SeeFutility: 166 - 189 - 239  [0.481] 594
Started game 607 of 10000 (SingularV2 vs SeeFutility)
Finished game 598 (SeeFutility vs SingularV2): 1/2-1/2 {Draw by 3-fold repetition}
Score of SingularV2 vs SeeFutility: 166 - 189 - 240  [0.481] 595
Started game 608 of 10000 (SeeFutility vs SingularV2)
Finished game 595 (SingularV2 vs SeeFutility): 0-1 {Black wins by adjudication}
Score of SingularV2 vs SeeFutility: 166 - 190 - 240  [0.480] 596
Started game 609 of 10000 (SingularV2 vs SeeFutility)
Finished game 596 (SeeFutility vs SingularV2): 0-1 {Black wins by adjudication}
Score of SingularV2 vs SeeFutility: 167 - 190 - 240  [0.481] 597
Started game 610 of 10000 (SeeFutility vs SingularV2)
Finished game 607 (SingularV2 vs SeeFutility): 1-0 {White wins by adjudication}
Score of SingularV2 vs SeeFutility: 168 - 190 - 240  [0.482] 598
Started game 611 of 10000 (SingularV2 vs SeeFutility)
Finished game 604 (SeeFutility vs SingularV2): 1/2-1/2 {Draw by 3-fold repetition}
Score of SingularV2 vs SeeFutility: 168 - 190 - 241  [0.482] 599
Started game 612 of 10000 (SeeFutility vs SingularV2)
Finished game 597 (SingularV2 vs SeeFutility): 1-0 {White wins by adjudication}
Score of SingularV2 vs SeeFutility: 169 - 190 - 241  [0.482] 600
Started game 613 of 10000 (SingularV2 vs SeeFutility)
Finished game 599 (SingularV2 vs SeeFutility): 1-0 {White wins by adjudication}
Score of SingularV2 vs SeeFutility: 170 - 190 - 241  [0.483] 601
Started game 614 of 10000 (SeeFutility vs SingularV2)
Finished game 603 (SingularV2 vs SeeFutility): 1/2-1/2 {Draw by 3-fold repetition}
Score of SingularV2 vs SeeFutility: 170 - 190 - 242  [0.483] 602
Started game 615 of 10000 (SingularV2 vs SeeFutility)
Finished game 601 (SingularV2 vs SeeFutility): 1/2-1/2 {Draw by insufficient mating material}
Score of SingularV2 vs SeeFutility: 170 - 190 - 243  [0.483] 603
Started game 616 of 10000 (SeeFutility vs SingularV2)
Finished game 600 (SeeFutility vs SingularV2): 1/2-1/2 {Draw by adjudication}
Score of SingularV2 vs SeeFutility: 170 - 190 - 244  [0.483] 604
Started game 617 of 10000 (SingularV2 vs SeeFutility)
Finished game 605 (SingularV2 vs SeeFutility): 0-1 {Black wins by adjudication}
Score of SingularV2 vs SeeFutility: 170 - 191 - 244  [0.483] 605
Started game 618 of 10000 (SeeFutility vs SingularV2)
Finished game 606 (SeeFutility vs SingularV2): 1/2-1/2 {Draw by 3-fold repetition}
Score of SingularV2 vs SeeFutility: 170 - 191 - 245  [0.483] 606
Started game 619 of 10000 (SingularV2 vs SeeFutility)
Finished game 611 (SingularV2 vs SeeFutility): 1/2-1/2 {Draw by 3-fold repetition}
Score of SingularV2 vs SeeFutility: 170 - 191 - 246  [0.483] 607
Started game 620 of 10000 (SeeFutility vs SingularV2)
Finished game 609 (SingularV2 vs SeeFutility): 1-0 {White wins by adjudication}
Score of SingularV2 vs SeeFutility: 171 - 191 - 246  [0.484] 608
Started game 621 of 10000 (SingularV2 vs SeeFutility)
Finished game 608 (SeeFutility vs SingularV2): 1-0 {White wins by adjudication}
Score of SingularV2 vs SeeFutility: 171 - 192 - 246  [0.483] 609
Started game 622 of 10000 (SeeFutility vs SingularV2)
Finished game 602 (SeeFutility vs SingularV2): 1/2-1/2 {Draw by fifty moves rule}
Score of SingularV2 vs SeeFutility: 171 - 192 - 247  [0.483] 610
Started game 623 of 10000 (SingularV2 vs SeeFutility)
Finished game 612 (SeeFutility vs SingularV2): 1/2-1/2 {Draw by insufficient mating material}
Score of SingularV2 vs SeeFutility: 171 - 192 - 248  [0.483] 611
Started game 624 of 10000 (SeeFutility vs SingularV2)
Finished game 610 (SeeFutility vs SingularV2): 1/2-1/2 {Draw by insufficient mating material}
Score of SingularV2 vs SeeFutility: 171 - 192 - 249  [0.483] 612
Started game 625 of 10000 (SingularV2 vs SeeFutility)
Finished game 615 (SingularV2 vs SeeFutility): 1-0 {White wins by adjudication}
Score of SingularV2 vs SeeFutility: 172 - 192 - 249  [0.484] 613
Started game 626 of 10000 (SeeFutility vs SingularV2)
Finished game 618 (SeeFutility vs SingularV2): 1-0 {White wins by adjudication}
Score of SingularV2 vs SeeFutility: 172 - 193 - 249  [0.483] 614
Started game 627 of 10000 (SingularV2 vs SeeFutility)
Finished game 616 (SeeFutility vs SingularV2): 0-1 {Black wins by adjudication}
Score of SingularV2 vs SeeFutility: 173 - 193 - 249  [0.484] 615
Started game 628 of 10000 (SeeFutility vs SingularV2)
Finished game 613 (SingularV2 vs SeeFutility): 1/2-1/2 {Draw by fifty moves rule}
Score of SingularV2 vs SeeFutility: 173 - 193 - 250  [0.484] 616
Started game 629 of 10000 (SingularV2 vs SeeFutility)
Finished game 623 (SingularV2 vs SeeFutility): 1/2-1/2 {Draw by 3-fold repetition}
Score of SingularV2 vs SeeFutility: 173 - 193 - 251  [0.484] 617
Started game 630 of 10000 (SeeFutility vs SingularV2)
Finished game 617 (SingularV2 vs SeeFutility): 1-0 {White wins by adjudication}
Score of SingularV2 vs SeeFutility: 174 - 193 - 251  [0.485] 618
Started game 631 of 10000 (SingularV2 vs SeeFutility)
Finished game 620 (SeeFutility vs SingularV2): 1/2-1/2 {Draw by 3-fold repetition}
Score of SingularV2 vs SeeFutility: 174 - 193 - 252  [0.485] 619
Started game 632 of 10000 (SeeFutility vs SingularV2)
Finished game 619 (SingularV2 vs SeeFutility): 1/2-1/2 {Draw by adjudication}
Score of SingularV2 vs SeeFutility: 174 - 193 - 253  [0.485] 620
Started game 633 of 10000 (SingularV2 vs SeeFutility)
Finished game 614 (SeeFutility vs SingularV2): 1-0 {White wins by adjudication}
Score of SingularV2 vs SeeFutility: 174 - 194 - 253  [0.484] 621
Started game 634 of 10000 (SeeFutility vs SingularV2)
Finished game 622 (SeeFutility vs SingularV2): 1-0 {White wins by adjudication}
Score of SingularV2 vs SeeFutility: 174 - 195 - 253  [0.483] 622
Started game 635 of 10000 (SingularV2 vs SeeFutility)
Finished game 625 (SingularV2 vs SeeFutility): 1/2-1/2 {Draw by 3-fold repetition}
Score of SingularV2 vs SeeFutility: 174 - 195 - 254  [0.483] 623
Started game 636 of 10000 (SeeFutility vs SingularV2)
Finished game 621 (SingularV2 vs SeeFutility): 1-0 {White wins by adjudication}
Score of SingularV2 vs SeeFutility: 175 - 195 - 254  [0.484] 624
Started game 637 of 10000 (SingularV2 vs SeeFutility)
Finished game 624 (SeeFutility vs SingularV2): 1/2-1/2 {Draw by 3-fold repetition}
Score of SingularV2 vs SeeFutility: 175 - 195 - 255  [0.484] 625
Started game 638 of 10000 (SeeFutility vs SingularV2)
Finished game 626 (SeeFutility vs SingularV2): 1/2-1/2 {Draw by 3-fold repetition}
Score of SingularV2 vs SeeFutility: 175 - 195 - 256  [0.484] 626
Started game 639 of 10000 (SingularV2 vs SeeFutility)
Finished game 627 (SingularV2 vs SeeFutility): 1-0 {White wins by adjudication}
Score of SingularV2 vs SeeFutility: 176 - 195 - 256  [0.485] 627
Started game 640 of 10000 (SeeFutility vs SingularV2)
Finished game 633 (SingularV2 vs SeeFutility): 1-0 {White wins by adjudication}
Score of SingularV2 vs SeeFutility: 177 - 195 - 256  [0.486] 628
Started game 641 of 10000 (SingularV2 vs SeeFutility)
Finished game 629 (SingularV2 vs SeeFutility): 1/2-1/2 {Draw by adjudication}
Score of SingularV2 vs SeeFutility: 177 - 195 - 257  [0.486] 629
Started game 642 of 10000 (SeeFutility vs SingularV2)
Finished game 632 (SeeFutility vs SingularV2): 1/2-1/2 {Draw by stalemate}
Score of SingularV2 vs SeeFutility: 177 - 195 - 258  [0.486] 630
Started game 643 of 10000 (SingularV2 vs SeeFutility)
Finished game 631 (SingularV2 vs SeeFutility): 0-1 {Black wins by adjudication}
Score of SingularV2 vs SeeFutility: 177 - 196 - 258  [0.485] 631
Started game 644 of 10000 (SeeFutility vs SingularV2)
Finished game 630 (SeeFutility vs SingularV2): 1/2-1/2 {Draw by 3-fold repetition}
Score of SingularV2 vs SeeFutility: 177 - 196 - 259  [0.485] 632
Started game 645 of 10000 (SingularV2 vs SeeFutility)
Finished game 636 (SeeFutility vs SingularV2): 0-1 {Black wins by adjudication}
Score of SingularV2 vs SeeFutility: 178 - 196 - 259  [0.486] 633
Started game 646 of 10000 (SeeFutility vs SingularV2)
Finished game 634 (SeeFutility vs SingularV2): 0-1 {Black mates}
Score of SingularV2 vs SeeFutility: 179 - 196 - 259  [0.487] 634
Started game 647 of 10000 (SingularV2 vs SeeFutility)
Finished game 628 (SeeFutility vs SingularV2): 1/2-1/2 {Draw by fifty moves rule}
Score of SingularV2 vs SeeFutility: 179 - 196 - 260  [0.487] 635
Started game 648 of 10000 (SeeFutility vs SingularV2)
Finished game 637 (SingularV2 vs SeeFutility): 0-1 {Black wins by adjudication}
Score of SingularV2 vs SeeFutility: 179 - 197 - 260  [0.486] 636
Started game 649 of 10000 (SingularV2 vs SeeFutility)
Finished game 638 (SeeFutility vs SingularV2): 1-0 {White wins by adjudication}
Score of SingularV2 vs SeeFutility: 179 - 198 - 260  [0.485] 637
Started game 650 of 10000 (SeeFutility vs SingularV2)
Finished game 635 (SingularV2 vs SeeFutility): 1/2-1/2 {Draw by adjudication}
Score of SingularV2 vs SeeFutility: 179 - 198 - 261  [0.485] 638
Started game 651 of 10000 (SingularV2 vs SeeFutility)
Finished game 642 (SeeFutility vs SingularV2): 1/2-1/2 {Draw by adjudication}
Score of SingularV2 vs SeeFutility: 179 - 198 - 262  [0.485] 639
Started game 652 of 10000 (SeeFutility vs SingularV2)
Finished game 643 (SingularV2 vs SeeFutility): 1/2-1/2 {Draw by 3-fold repetition}
Score of SingularV2 vs SeeFutility: 179 - 198 - 263  [0.485] 640
Started game 653 of 10000 (SingularV2 vs SeeFutility)
Finished game 641 (SingularV2 vs SeeFutility): 1-0 {White wins by adjudication}
Score of SingularV2 vs SeeFutility: 180 - 198 - 263  [0.486] 641
Started game 654 of 10000 (SeeFutility vs SingularV2)
Finished game 640 (SeeFutility vs SingularV2): 1/2-1/2 {Draw by insufficient mating material}
Score of SingularV2 vs SeeFutility: 180 - 198 - 264  [0.486] 642
Started game 655 of 10000 (SingularV2 vs SeeFutility)
Finished game 645 (SingularV2 vs SeeFutility): 1-0 {White wins by adjudication}
Score of SingularV2 vs SeeFutility: 181 - 198 - 264  [0.487] 643
Started game 656 of 10000 (SeeFutility vs SingularV2)
Finished game 644 (SeeFutility vs SingularV2): 0-1 {Black wins by adjudication}
Score of SingularV2 vs SeeFutility: 182 - 198 - 264  [0.488] 644
Started game 657 of 10000 (SingularV2 vs SeeFutility)
Finished game 639 (SingularV2 vs SeeFutility): 0-1 {Black mates}
Score of SingularV2 vs SeeFutility: 182 - 199 - 264  [0.487] 645
Started game 658 of 10000 (SeeFutility vs SingularV2)
Finished game 646 (SeeFutility vs SingularV2): 1/2-1/2 {Draw by adjudication}
Score of SingularV2 vs SeeFutility: 182 - 199 - 265  [0.487] 646
Started game 659 of 10000 (SingularV2 vs SeeFutility)
Finished game 649 (SingularV2 vs SeeFutility): 0-1 {Black wins by adjudication}
Score of SingularV2 vs SeeFutility: 182 - 200 - 265  [0.486] 647
Started game 660 of 10000 (SeeFutility vs SingularV2)
Finished game 653 (SingularV2 vs SeeFutility): 1/2-1/2 {Draw by 3-fold repetition}
Score of SingularV2 vs SeeFutility: 182 - 200 - 266  [0.486] 648
Started game 661 of 10000 (SingularV2 vs SeeFutility)
Finished game 652 (SeeFutility vs SingularV2): 1/2-1/2 {Draw by insufficient mating material}
Score of SingularV2 vs SeeFutility: 182 - 200 - 267  [0.486] 649
Started game 662 of 10000 (SeeFutility vs SingularV2)
Finished game 648 (SeeFutility vs SingularV2): 1/2-1/2 {Draw by 3-fold repetition}
Score of SingularV2 vs SeeFutility: 182 - 200 - 268  [0.486] 650
Started game 663 of 10000 (SingularV2 vs SeeFutility)
Finished game 651 (SingularV2 vs SeeFutility): 0-1 {Black wins by adjudication}
Score of SingularV2 vs SeeFutility: 182 - 201 - 268  [0.485] 651
Started game 664 of 10000 (SeeFutility vs SingularV2)
Finished game 655 (SingularV2 vs SeeFutility): 0-1 {Black wins by adjudication}
Score of SingularV2 vs SeeFutility: 182 - 202 - 268  [0.485] 652
Started game 665 of 10000 (SingularV2 vs SeeFutility)
Finished game 650 (SeeFutility vs SingularV2): 0-1 {Black wins by adjudication}
Score of SingularV2 vs SeeFutility: 183 - 202 - 268  [0.485] 653
Started game 666 of 10000 (SeeFutility vs SingularV2)
Finished game 656 (SeeFutility vs SingularV2): 0-1 {Black wins by adjudication}
Score of SingularV2 vs SeeFutility: 184 - 202 - 268  [0.486] 654
Started game 667 of 10000 (SingularV2 vs SeeFutility)
Finished game 654 (SeeFutility vs SingularV2): 1/2-1/2 {Draw by stalemate}
Score of SingularV2 vs SeeFutility: 184 - 202 - 269  [0.486] 655
Started game 668 of 10000 (SeeFutility vs SingularV2)
Finished game 658 (SeeFutility vs SingularV2): 0-1 {Black wins by adjudication}
Score of SingularV2 vs SeeFutility: 185 - 202 - 269  [0.487] 656
Started game 669 of 10000 (SingularV2 vs SeeFutility)
Finished game 660 (SeeFutility vs SingularV2): 1/2-1/2 {Draw by 3-fold repetition}
Score of SingularV2 vs SeeFutility: 185 - 202 - 270  [0.487] 657
Started game 670 of 10000 (SeeFutility vs SingularV2)
Finished game 659 (SingularV2 vs SeeFutility): 1/2-1/2 {Draw by 3-fold repetition}
Score of SingularV2 vs SeeFutility: 185 - 202 - 271  [0.487] 658
Started game 671 of 10000 (SingularV2 vs SeeFutility)
Finished game 667 (SingularV2 vs SeeFutility): 1/2-1/2 {Draw by 3-fold repetition}
Score of SingularV2 vs SeeFutility: 185 - 202 - 272  [0.487] 659
Started game 672 of 10000 (SeeFutility vs SingularV2)
Finished game 663 (SingularV2 vs SeeFutility): 1-0 {White wins by adjudication}
Score of SingularV2 vs SeeFutility: 186 - 202 - 272  [0.488] 660
Started game 673 of 10000 (SingularV2 vs SeeFutility)
Finished game 662 (SeeFutility vs SingularV2): 1-0 {White wins by adjudication}
Score of SingularV2 vs SeeFutility: 186 - 203 - 272  [0.487] 661
Started game 674 of 10000 (SeeFutility vs SingularV2)
Finished game 666 (SeeFutility vs SingularV2): 1-0 {White wins by adjudication}
Score of SingularV2 vs SeeFutility: 186 - 204 - 272  [0.486] 662
Started game 675 of 10000 (SingularV2 vs SeeFutility)
Finished game 657 (SingularV2 vs SeeFutility): 0-1 {Black wins by adjudication}
Score of SingularV2 vs SeeFutility: 186 - 205 - 272  [0.486] 663
Started game 676 of 10000 (SeeFutility vs SingularV2)
Finished game 668 (SeeFutility vs SingularV2): 1/2-1/2 {Draw by 3-fold repetition}
Score of SingularV2 vs SeeFutility: 186 - 205 - 273  [0.486] 664
Started game 677 of 10000 (SingularV2 vs SeeFutility)
Finished game 664 (SeeFutility vs SingularV2): 0-1 {Black wins by adjudication}
Score of SingularV2 vs SeeFutility: 187 - 205 - 273  [0.486] 665
Started game 678 of 10000 (SeeFutility vs SingularV2)
Finished game 665 (SingularV2 vs SeeFutility): 1-0 {White wins by adjudication}
Score of SingularV2 vs SeeFutility: 188 - 205 - 273  [0.487] 666
Started game 679 of 10000 (SingularV2 vs SeeFutility)
Finished game 671 (SingularV2 vs SeeFutility): 1/2-1/2 {Draw by 3-fold repetition}
Score of SingularV2 vs SeeFutility: 188 - 205 - 274  [0.487] 667
Started game 680 of 10000 (SeeFutility vs SingularV2)
Finished game 647 (SingularV2 vs SeeFutility): 1/2-1/2 {Draw by insufficient mating material}
Score of SingularV2 vs SeeFutility: 188 - 205 - 275  [0.487] 668
Started game 681 of 10000 (SingularV2 vs SeeFutility)
Finished game 661 (SingularV2 vs SeeFutility): 1/2-1/2 {Draw by fifty moves rule}
Score of SingularV2 vs SeeFutility: 188 - 205 - 276  [0.487] 669
Started game 682 of 10000 (SeeFutility vs SingularV2)
Finished game 669 (SingularV2 vs SeeFutility): 1-0 {White wins by adjudication}
Score of SingularV2 vs SeeFutility: 189 - 205 - 276  [0.488] 670
Started game 683 of 10000 (SingularV2 vs SeeFutility)
Finished game 672 (SeeFutility vs SingularV2): 1-0 {White mates}
Score of SingularV2 vs SeeFutility: 189 - 206 - 276  [0.487] 671
Started game 684 of 10000 (SeeFutility vs SingularV2)
Finished game 670 (SeeFutility vs SingularV2): 1-0 {White wins by adjudication}
Score of SingularV2 vs SeeFutility: 189 - 207 - 276  [0.487] 672
Started game 685 of 10000 (SingularV2 vs SeeFutility)
Finished game 678 (SeeFutility vs SingularV2): 0-1 {Black wins by adjudication}
Score of SingularV2 vs SeeFutility: 190 - 207 - 276  [0.487] 673
Started game 686 of 10000 (SeeFutility vs SingularV2)
Finished game 674 (SeeFutility vs SingularV2): 1-0 {White wins by adjudication}
Score of SingularV2 vs SeeFutility: 190 - 208 - 276  [0.487] 674
Started game 687 of 10000 (SingularV2 vs SeeFutility)
Finished game 675 (SingularV2 vs SeeFutility): 0-1 {Black wins by adjudication}
Score of SingularV2 vs SeeFutility: 190 - 209 - 276  [0.486] 675
Started game 688 of 10000 (SeeFutility vs SingularV2)
Finished game 676 (SeeFutility vs SingularV2): 1-0 {White wins by adjudication}
Score of SingularV2 vs SeeFutility: 190 - 210 - 276  [0.485] 676
Started game 689 of 10000 (SingularV2 vs SeeFutility)
Finished game 679 (SingularV2 vs SeeFutility): 1-0 {White wins by adjudication}
Score of SingularV2 vs SeeFutility: 191 - 210 - 276  [0.486] 677
Started game 690 of 10000 (SeeFutility vs SingularV2)
Finished game 673 (SingularV2 vs SeeFutility): 1/2-1/2 {Draw by 3-fold repetition}
Score of SingularV2 vs SeeFutility: 191 - 210 - 277  [0.486] 678
Started game 691 of 10000 (SingularV2 vs SeeFutility)
Finished game 677 (SingularV2 vs SeeFutility): 0-1 {Black wins by adjudication}
Score of SingularV2 vs SeeFutility: 191 - 211 - 277  [0.485] 679
Started game 692 of 10000 (SeeFutility vs SingularV2)
Finished game 682 (SeeFutility vs SingularV2): 1/2-1/2 {Draw by 3-fold repetition}
Score of SingularV2 vs SeeFutility: 191 - 211 - 278  [0.485] 680
Started game 693 of 10000 (SingularV2 vs SeeFutility)
Finished game 687 (SingularV2 vs SeeFutility): 1/2-1/2 {Draw by 3-fold repetition}
Score of SingularV2 vs SeeFutility: 191 - 211 - 279  [0.485] 681
Started game 694 of 10000 (SeeFutility vs SingularV2)
Finished game 681 (SingularV2 vs SeeFutility): 1-0 {White wins by adjudication}
Score of SingularV2 vs SeeFutility: 192 - 211 - 279  [0.486] 682
Started game 695 of 10000 (SingularV2 vs SeeFutility)
Finished game 684 (SeeFutility vs SingularV2): 1/2-1/2 {Draw by adjudication}
Score of SingularV2 vs SeeFutility: 192 - 211 - 280  [0.486] 683
Started game 696 of 10000 (SeeFutility vs SingularV2)
Finished game 680 (SeeFutility vs SingularV2): 1-0 {White wins by adjudication}
Score of SingularV2 vs SeeFutility: 192 - 212 - 280  [0.485] 684
Started game 697 of 10000 (SingularV2 vs SeeFutility)
Finished game 690 (SeeFutility vs SingularV2): 1-0 {White wins by adjudication}
Score of SingularV2 vs SeeFutility: 192 - 213 - 280  [0.485] 685
Started game 698 of 10000 (SeeFutility vs SingularV2)
Finished game 686 (SeeFutility vs SingularV2): 1/2-1/2 {Draw by 3-fold repetition}
Score of SingularV2 vs SeeFutility: 192 - 213 - 281  [0.485] 686
Started game 699 of 10000 (SingularV2 vs SeeFutility)
Finished game 688 (SeeFutility vs SingularV2): 1/2-1/2 {Draw by 3-fold repetition}
Score of SingularV2 vs SeeFutility: 192 - 213 - 282  [0.485] 687
Started game 700 of 10000 (SeeFutility vs SingularV2)
Finished game 685 (SingularV2 vs SeeFutility): 0-1 {Black wins by adjudication}
Score of SingularV2 vs SeeFutility: 192 - 214 - 282  [0.484] 688
Started game 701 of 10000 (SingularV2 vs SeeFutility)
Finished game 689 (SingularV2 vs SeeFutility): 1-0 {White wins by adjudication}
Score of SingularV2 vs SeeFutility: 193 - 214 - 282  [0.485] 689
Started game 702 of 10000 (SeeFutility vs SingularV2)
Finished game 683 (SingularV2 vs SeeFutility): 0-1 {Black wins by adjudication}
Score of SingularV2 vs SeeFutility: 193 - 215 - 282  [0.484] 690
Started game 703 of 10000 (SingularV2 vs SeeFutility)
Finished game 691 (SingularV2 vs SeeFutility): 0-1 {Black wins by adjudication}
Score of SingularV2 vs SeeFutility: 193 - 216 - 282  [0.483] 691
Started game 704 of 10000 (SeeFutility vs SingularV2)
Finished game 693 (SingularV2 vs SeeFutility): 0-1 {Black wins by adjudication}
Score of SingularV2 vs SeeFutility: 193 - 217 - 282  [0.483] 692
Started game 705 of 10000 (SingularV2 vs SeeFutility)
Finished game 692 (SeeFutility vs SingularV2): 0-1 {Black wins by adjudication}
Score of SingularV2 vs SeeFutility: 194 - 217 - 282  [0.483] 693
Started game 706 of 10000 (SeeFutility vs SingularV2)
Finished game 695 (SingularV2 vs SeeFutility): 1/2-1/2 {Draw by 3-fold repetition}
Score of SingularV2 vs SeeFutility: 194 - 217 - 283  [0.483] 694
Started game 707 of 10000 (SingularV2 vs SeeFutility)
Finished game 697 (SingularV2 vs SeeFutility): 0-1 {Black wins by adjudication}
Score of SingularV2 vs SeeFutility: 194 - 218 - 283  [0.483] 695
Started game 708 of 10000 (SeeFutility vs SingularV2)
Finished game 696 (SeeFutility vs SingularV2): 1-0 {White wins by adjudication}
Score of SingularV2 vs SeeFutility: 194 - 219 - 283  [0.482] 696
Started game 709 of 10000 (SingularV2 vs SeeFutility)
Finished game 698 (SeeFutility vs SingularV2): 1-0 {White wins by adjudication}
Score of SingularV2 vs SeeFutility: 194 - 220 - 283  [0.481] 697
Started game 710 of 10000 (SeeFutility vs SingularV2)
Finished game 699 (SingularV2 vs SeeFutility): 1/2-1/2 {Draw by adjudication}
Score of SingularV2 vs SeeFutility: 194 - 220 - 284  [0.481] 698
Started game 711 of 10000 (SingularV2 vs SeeFutility)
Finished game 700 (SeeFutility vs SingularV2): 0-1 {Black wins by adjudication}
Score of SingularV2 vs SeeFutility: 195 - 220 - 284  [0.482] 699
Started game 712 of 10000 (SeeFutility vs SingularV2)
Finished game 710 (SeeFutility vs SingularV2): 1/2-1/2 {Draw by 3-fold repetition}
Score of SingularV2 vs SeeFutility: 195 - 220 - 285  [0.482] 700
Started game 713 of 10000 (SingularV2 vs SeeFutility)
Finished game 706 (SeeFutility vs SingularV2): 1-0 {White wins by adjudication}
Score of SingularV2 vs SeeFutility: 195 - 221 - 285  [0.481] 701
Started game 714 of 10000 (SeeFutility vs SingularV2)
Finished game 702 (SeeFutility vs SingularV2): 0-1 {Black wins by adjudication}
Score of SingularV2 vs SeeFutility: 196 - 221 - 285  [0.482] 702
Started game 715 of 10000 (SingularV2 vs SeeFutility)
Finished game 707 (SingularV2 vs SeeFutility): 1-0 {White wins by adjudication}
Score of SingularV2 vs SeeFutility: 197 - 221 - 285  [0.483] 703
Started game 716 of 10000 (SeeFutility vs SingularV2)
Finished game 703 (SingularV2 vs SeeFutility): 0-1 {Black wins by adjudication}
Score of SingularV2 vs SeeFutility: 197 - 222 - 285  [0.482] 704
Started game 717 of 10000 (SingularV2 vs SeeFutility)
Finished game 694 (SeeFutility vs SingularV2): 1/2-1/2 {Draw by fifty moves rule}
Score of SingularV2 vs SeeFutility: 197 - 222 - 286  [0.482] 705
Started game 718 of 10000 (SeeFutility vs SingularV2)
Finished game 708 (SeeFutility vs SingularV2): 1/2-1/2 {Draw by adjudication}
Score of SingularV2 vs SeeFutility: 197 - 222 - 287  [0.482] 706
Started game 719 of 10000 (SingularV2 vs SeeFutility)
Finished game 701 (SingularV2 vs SeeFutility): 1/2-1/2 {Draw by fifty moves rule}
Score of SingularV2 vs SeeFutility: 197 - 222 - 288  [0.482] 707
Started game 720 of 10000 (SeeFutility vs SingularV2)
Finished game 705 (SingularV2 vs SeeFutility): 1-0 {White wins by adjudication}
Score of SingularV2 vs SeeFutility: 198 - 222 - 288  [0.483] 708
Started game 721 of 10000 (SingularV2 vs SeeFutility)
Finished game 711 (SingularV2 vs SeeFutility): 1-0 {White wins by adjudication}
Score of SingularV2 vs SeeFutility: 199 - 222 - 288  [0.484] 709
Started game 722 of 10000 (SeeFutility vs SingularV2)
Finished game 712 (SeeFutility vs SingularV2): 1/2-1/2 {Draw by 3-fold repetition}
Score of SingularV2 vs SeeFutility: 199 - 222 - 289  [0.484] 710
Started game 723 of 10000 (SingularV2 vs SeeFutility)
Finished game 714 (SeeFutility vs SingularV2): 1/2-1/2 {Draw by 3-fold repetition}
Score of SingularV2 vs SeeFutility: 199 - 222 - 290  [0.484] 711
Started game 724 of 10000 (SeeFutility vs SingularV2)
Finished game 709 (SingularV2 vs SeeFutility): 1/2-1/2 {Draw by fifty moves rule}
Score of SingularV2 vs SeeFutility: 199 - 222 - 291  [0.484] 712
Started game 725 of 10000 (SingularV2 vs SeeFutility)
Finished game 713 (SingularV2 vs SeeFutility): 1/2-1/2 {Draw by 3-fold repetition}
Score of SingularV2 vs SeeFutility: 199 - 222 - 292  [0.484] 713
Started game 726 of 10000 (SeeFutility vs SingularV2)
Finished game 704 (SeeFutility vs SingularV2): 1/2-1/2 {Draw by fifty moves rule}
Score of SingularV2 vs SeeFutility: 199 - 222 - 293  [0.484] 714
Started game 727 of 10000 (SingularV2 vs SeeFutility)
Finished game 715 (SingularV2 vs SeeFutility): 1/2-1/2 {Draw by insufficient mating material}
Score of SingularV2 vs SeeFutility: 199 - 222 - 294  [0.484] 715
Started game 728 of 10000 (SeeFutility vs SingularV2)
Finished game 717 (SingularV2 vs SeeFutility): 1-0 {White wins by adjudication}
Score of SingularV2 vs SeeFutility: 200 - 222 - 294  [0.485] 716
Started game 729 of 10000 (SingularV2 vs SeeFutility)
Finished game 716 (SeeFutility vs SingularV2): 1/2-1/2 {Draw by 3-fold repetition}
Score of SingularV2 vs SeeFutility: 200 - 222 - 295  [0.485] 717
Started game 730 of 10000 (SeeFutility vs SingularV2)
Finished game 719 (SingularV2 vs SeeFutility): 1/2-1/2 {Draw by adjudication}
Score of SingularV2 vs SeeFutility: 200 - 222 - 296  [0.485] 718
Started game 731 of 10000 (SingularV2 vs SeeFutility)
Finished game 720 (SeeFutility vs SingularV2): 1-0 {White wins by adjudication}
Score of SingularV2 vs SeeFutility: 200 - 223 - 296  [0.484] 719
Started game 732 of 10000 (SeeFutility vs SingularV2)
Finished game 718 (SeeFutility vs SingularV2): 1/2-1/2 {Draw by adjudication}
Score of SingularV2 vs SeeFutility: 200 - 223 - 297  [0.484] 720
Started game 733 of 10000 (SingularV2 vs SeeFutility)
Finished game 721 (SingularV2 vs SeeFutility): 0-1 {Black wins by adjudication}
Score of SingularV2 vs SeeFutility: 200 - 224 - 297  [0.483] 721
Started game 734 of 10000 (SeeFutility vs SingularV2)
Finished game 723 (SingularV2 vs SeeFutility): 0-1 {Black wins by adjudication}
Score of SingularV2 vs SeeFutility: 200 - 225 - 297  [0.483] 722
Started game 735 of 10000 (SingularV2 vs SeeFutility)
Finished game 722 (SeeFutility vs SingularV2): 1-0 {White wins by adjudication}
Score of SingularV2 vs SeeFutility: 200 - 226 - 297  [0.482] 723
Started game 736 of 10000 (SeeFutility vs SingularV2)
Finished game 725 (SingularV2 vs SeeFutility): 1-0 {White wins by adjudication}
Score of SingularV2 vs SeeFutility: 201 - 226 - 297  [0.483] 724
Started game 737 of 10000 (SingularV2 vs SeeFutility)
Finished game 724 (SeeFutility vs SingularV2): 1/2-1/2 {Draw by adjudication}
Score of SingularV2 vs SeeFutility: 201 - 226 - 298  [0.483] 725
Started game 738 of 10000 (SeeFutility vs SingularV2)
Finished game 727 (SingularV2 vs SeeFutility): 0-1 {Black wins by adjudication}
Score of SingularV2 vs SeeFutility: 201 - 227 - 298  [0.482] 726
Started game 739 of 10000 (SingularV2 vs SeeFutility)
Finished game 726 (SeeFutility vs SingularV2): 0-1 {Black wins by adjudication}
Score of SingularV2 vs SeeFutility: 202 - 227 - 298  [0.483] 727
Started game 740 of 10000 (SeeFutility vs SingularV2)
Finished game 728 (SeeFutility vs SingularV2): 1/2-1/2 {Draw by insufficient mating material}
Score of SingularV2 vs SeeFutility: 202 - 227 - 299  [0.483] 728
Started game 741 of 10000 (SingularV2 vs SeeFutility)
Finished game 732 (SeeFutility vs SingularV2): 0-1 {Black wins by adjudication}
Score of SingularV2 vs SeeFutility: 203 - 227 - 299  [0.484] 729
Started game 742 of 10000 (SeeFutility vs SingularV2)
Finished game 729 (SingularV2 vs SeeFutility): 1-0 {White wins by adjudication}
Score of SingularV2 vs SeeFutility: 204 - 227 - 299  [0.484] 730
Started game 743 of 10000 (SingularV2 vs SeeFutility)
Finished game 731 (SingularV2 vs SeeFutility): 1/2-1/2 {Draw by stalemate}
Score of SingularV2 vs SeeFutility: 204 - 227 - 300  [0.484] 731
Started game 744 of 10000 (SeeFutility vs SingularV2)
Finished game 735 (SingularV2 vs SeeFutility): 1/2-1/2 {Draw by 3-fold repetition}
Score of SingularV2 vs SeeFutility: 204 - 227 - 301  [0.484] 732
Started game 745 of 10000 (SingularV2 vs SeeFutility)
Finished game 733 (SingularV2 vs SeeFutility): 1/2-1/2 {Draw by insufficient mating material}
Score of SingularV2 vs SeeFutility: 204 - 227 - 302  [0.484] 733
Started game 746 of 10000 (SeeFutility vs SingularV2)
Finished game 730 (SeeFutility vs SingularV2): 1-0 {White wins by adjudication}
Score of SingularV2 vs SeeFutility: 204 - 228 - 302  [0.484] 734
Started game 747 of 10000 (SingularV2 vs SeeFutility)
Finished game 734 (SeeFutility vs SingularV2): 1/2-1/2 {Draw by adjudication}
Score of SingularV2 vs SeeFutility: 204 - 228 - 303  [0.484] 735
Started game 748 of 10000 (SeeFutility vs SingularV2)
Finished game 738 (SeeFutility vs SingularV2): 1-0 {White wins by adjudication}
Score of SingularV2 vs SeeFutility: 204 - 229 - 303  [0.483] 736
Started game 749 of 10000 (SingularV2 vs SeeFutility)
Finished game 739 (SingularV2 vs SeeFutility): 1-0 {White wins by adjudication}
Score of SingularV2 vs SeeFutility: 205 - 229 - 303  [0.484] 737
Started game 750 of 10000 (SeeFutility vs SingularV2)
Finished game 736 (SeeFutility vs SingularV2): 1/2-1/2 {Draw by 3-fold repetition}
Score of SingularV2 vs SeeFutility: 205 - 229 - 304  [0.484] 738
Started game 751 of 10000 (SingularV2 vs SeeFutility)
Finished game 737 (SingularV2 vs SeeFutility): 1/2-1/2 {Draw by 3-fold repetition}
Score of SingularV2 vs SeeFutility: 205 - 229 - 305  [0.484] 739
Started game 752 of 10000 (SeeFutility vs SingularV2)
Finished game 740 (SeeFutility vs SingularV2): 1-0 {White wins by adjudication}
Score of SingularV2 vs SeeFutility: 205 - 230 - 305  [0.483] 740
Started game 753 of 10000 (SingularV2 vs SeeFutility)
Finished game 741 (SingularV2 vs SeeFutility): 0-1 {Black wins by adjudication}
Score of SingularV2 vs SeeFutility: 205 - 231 - 305  [0.482] 741
Started game 754 of 10000 (SeeFutility vs SingularV2)
Finished game 744 (SeeFutility vs SingularV2): 0-1 {Black wins by adjudication}
Score of SingularV2 vs SeeFutility: 206 - 231 - 305  [0.483] 742
Started game 755 of 10000 (SingularV2 vs SeeFutility)
Finished game 742 (SeeFutility vs SingularV2): 1-0 {White wins by adjudication}
Score of SingularV2 vs SeeFutility: 206 - 232 - 305  [0.483] 743
Started game 756 of 10000 (SeeFutility vs SingularV2)
Finished game 746 (SeeFutility vs SingularV2): 1-0 {White wins by adjudication}
Score of SingularV2 vs SeeFutility: 206 - 233 - 305  [0.482] 744
Started game 757 of 10000 (SingularV2 vs SeeFutility)
Finished game 745 (SingularV2 vs SeeFutility): 0-1 {Black wins by adjudication}
Score of SingularV2 vs SeeFutility: 206 - 234 - 305  [0.481] 745
Started game 758 of 10000 (SeeFutility vs SingularV2)
Finished game 743 (SingularV2 vs SeeFutility): 0-1 {Black wins by adjudication}
Score of SingularV2 vs SeeFutility: 206 - 235 - 305  [0.481] 746
Started game 759 of 10000 (SingularV2 vs SeeFutility)
Finished game 747 (SingularV2 vs SeeFutility): 0-1 {Black wins by adjudication}
Score of SingularV2 vs SeeFutility: 206 - 236 - 305  [0.480] 747
Started game 760 of 10000 (SeeFutility vs SingularV2)
Finished game 750 (SeeFutility vs SingularV2): 1/2-1/2 {Draw by adjudication}
Score of SingularV2 vs SeeFutility: 206 - 236 - 306  [0.480] 748
Started game 761 of 10000 (SingularV2 vs SeeFutility)
Finished game 748 (SeeFutility vs SingularV2): 1-0 {White wins by adjudication}
Score of SingularV2 vs SeeFutility: 206 - 237 - 306  [0.479] 749
Started game 762 of 10000 (SeeFutility vs SingularV2)
Finished game 749 (SingularV2 vs SeeFutility): 1-0 {White wins by adjudication}
Score of SingularV2 vs SeeFutility: 207 - 237 - 306  [0.480] 750
Started game 763 of 10000 (SingularV2 vs SeeFutility)
Finished game 752 (SeeFutility vs SingularV2): 0-1 {Black wins by adjudication}
Score of SingularV2 vs SeeFutility: 208 - 237 - 306  [0.481] 751
Started game 764 of 10000 (SeeFutility vs SingularV2)
Finished game 753 (SingularV2 vs SeeFutility): 1-0 {White wins by adjudication}
Score of SingularV2 vs SeeFutility: 209 - 237 - 306  [0.481] 752
Started game 765 of 10000 (SingularV2 vs SeeFutility)
Finished game 754 (SeeFutility vs SingularV2): 1-0 {White wins by adjudication}
Score of SingularV2 vs SeeFutility: 209 - 238 - 306  [0.481] 753
Started game 766 of 10000 (SeeFutility vs SingularV2)
Finished game 761 (SingularV2 vs SeeFutility): 1/2-1/2 {Draw by 3-fold repetition}
Score of SingularV2 vs SeeFutility: 209 - 238 - 307  [0.481] 754
Started game 767 of 10000 (SingularV2 vs SeeFutility)
Finished game 759 (SingularV2 vs SeeFutility): 1-0 {White wins by adjudication}
Score of SingularV2 vs SeeFutility: 210 - 238 - 307  [0.481] 755
Started game 768 of 10000 (SeeFutility vs SingularV2)
Finished game 757 (SingularV2 vs SeeFutility): 1-0 {White wins by adjudication}
Score of SingularV2 vs SeeFutility: 211 - 238 - 307  [0.482] 756
Started game 769 of 10000 (SingularV2 vs SeeFutility)
Finished game 762 (SeeFutility vs SingularV2): 1-0 {White wins by adjudication}
Score of SingularV2 vs SeeFutility: 211 - 239 - 307  [0.482] 757
Started game 770 of 10000 (SeeFutility vs SingularV2)
Finished game 755 (SingularV2 vs SeeFutility): 0-1 {Black wins by adjudication}
Score of SingularV2 vs SeeFutility: 211 - 240 - 307  [0.481] 758
Started game 771 of 10000 (SingularV2 vs SeeFutility)
Finished game 751 (SingularV2 vs SeeFutility): 1/2-1/2 {Draw by fifty moves rule}
Score of SingularV2 vs SeeFutility: 211 - 240 - 308  [0.481] 759
Started game 772 of 10000 (SeeFutility vs SingularV2)
Finished game 760 (SeeFutility vs SingularV2): 1/2-1/2 {Draw by 3-fold repetition}
Score of SingularV2 vs SeeFutility: 211 - 240 - 309  [0.481] 760
Started game 773 of 10000 (SingularV2 vs SeeFutility)
Finished game 763 (SingularV2 vs SeeFutility): 1-0 {White wins by adjudication}
Score of SingularV2 vs SeeFutility: 212 - 240 - 309  [0.482] 761
Started game 774 of 10000 (SeeFutility vs SingularV2)
Finished game 758 (SeeFutility vs SingularV2): 0-1 {Black wins by adjudication}
Score of SingularV2 vs SeeFutility: 213 - 240 - 309  [0.482] 762
Started game 775 of 10000 (SingularV2 vs SeeFutility)
Finished game 765 (SingularV2 vs SeeFutility): 1/2-1/2 {Draw by 3-fold repetition}
Score of SingularV2 vs SeeFutility: 213 - 240 - 310  [0.482] 763
Started game 776 of 10000 (SeeFutility vs SingularV2)
Finished game 756 (SeeFutility vs SingularV2): 1/2-1/2 {Draw by insufficient mating material}
Score of SingularV2 vs SeeFutility: 213 - 240 - 311  [0.482] 764
Started game 777 of 10000 (SingularV2 vs SeeFutility)
Finished game 764 (SeeFutility vs SingularV2): 0-1 {Black wins by adjudication}
Score of SingularV2 vs SeeFutility: 214 - 240 - 311  [0.483] 765
Started game 778 of 10000 (SeeFutility vs SingularV2)
Finished game 768 (SeeFutility vs SingularV2): 1-0 {White wins by adjudication}
Score of SingularV2 vs SeeFutility: 214 - 241 - 311  [0.482] 766
Started game 779 of 10000 (SingularV2 vs SeeFutility)
Finished game 772 (SeeFutility vs SingularV2): 1-0 {White wins by adjudication}
Score of SingularV2 vs SeeFutility: 214 - 242 - 311  [0.482] 767
Started game 780 of 10000 (SeeFutility vs SingularV2)
Finished game 766 (SeeFutility vs SingularV2): 1/2-1/2 {Draw by 3-fold repetition}
Score of SingularV2 vs SeeFutility: 214 - 242 - 312  [0.482] 768
Started game 781 of 10000 (SingularV2 vs SeeFutility)
Finished game 771 (SingularV2 vs SeeFutility): 1/2-1/2 {Draw by 3-fold repetition}
Score of SingularV2 vs SeeFutility: 214 - 242 - 313  [0.482] 769
Started game 782 of 10000 (SeeFutility vs SingularV2)
Finished game 770 (SeeFutility vs SingularV2): 0-1 {Black wins by adjudication}
Score of SingularV2 vs SeeFutility: 215 - 242 - 313  [0.482] 770
Started game 783 of 10000 (SingularV2 vs SeeFutility)
Finished game 769 (SingularV2 vs SeeFutility): 1-0 {White wins by adjudication}
Score of SingularV2 vs SeeFutility: 216 - 242 - 313  [0.483] 771
Started game 784 of 10000 (SeeFutility vs SingularV2)
Finished game 767 (SingularV2 vs SeeFutility): 1/2-1/2 {Draw by fifty moves rule}
Score of SingularV2 vs SeeFutility: 216 - 242 - 314  [0.483] 772
Started game 785 of 10000 (SingularV2 vs SeeFutility)
Finished game 775 (SingularV2 vs SeeFutility): 1-0 {White mates}
Score of SingularV2 vs SeeFutility: 217 - 242 - 314  [0.484] 773
Started game 786 of 10000 (SeeFutility vs SingularV2)
Finished game 774 (SeeFutility vs SingularV2): 1-0 {White wins by adjudication}
Score of SingularV2 vs SeeFutility: 217 - 243 - 314  [0.483] 774
Started game 787 of 10000 (SingularV2 vs SeeFutility)
Finished game 776 (SeeFutility vs SingularV2): 1-0 {White wins by adjudication}
Score of SingularV2 vs SeeFutility: 217 - 244 - 314  [0.483] 775
Started game 788 of 10000 (SeeFutility vs SingularV2)
Finished game 778 (SeeFutility vs SingularV2): 0-1 {Black wins by adjudication}
Score of SingularV2 vs SeeFutility: 218 - 244 - 314  [0.483] 776
Started game 789 of 10000 (SingularV2 vs SeeFutility)
Finished game 777 (SingularV2 vs SeeFutility): 1-0 {White wins by adjudication}
Score of SingularV2 vs SeeFutility: 219 - 244 - 314  [0.484] 777
Started game 790 of 10000 (SeeFutility vs SingularV2)
Finished game 788 (SeeFutility vs SingularV2): 1/2-1/2 {Draw by 3-fold repetition}
Score of SingularV2 vs SeeFutility: 219 - 244 - 315  [0.484] 778
Started game 791 of 10000 (SingularV2 vs SeeFutility)
Finished game 773 (SingularV2 vs SeeFutility): 1-0 {White wins by adjudication}
Score of SingularV2 vs SeeFutility: 220 - 244 - 315  [0.485] 779
Started game 792 of 10000 (SeeFutility vs SingularV2)
Finished game 779 (SingularV2 vs SeeFutility): 1-0 {White wins by adjudication}
Score of SingularV2 vs SeeFutility: 221 - 244 - 315  [0.485] 780
Started game 793 of 10000 (SingularV2 vs SeeFutility)
Finished game 780 (SeeFutility vs SingularV2): 0-1 {Black wins by adjudication}
Score of SingularV2 vs SeeFutility: 222 - 244 - 315  [0.486] 781
Started game 794 of 10000 (SeeFutility vs SingularV2)
Finished game 781 (SingularV2 vs SeeFutility): 1-0 {White wins by adjudication}
Score of SingularV2 vs SeeFutility: 223 - 244 - 315  [0.487] 782
Started game 795 of 10000 (SingularV2 vs SeeFutility)
Finished game 789 (SingularV2 vs SeeFutility): 1-0 {White wins by adjudication}
Score of SingularV2 vs SeeFutility: 224 - 244 - 315  [0.487] 783
Started game 796 of 10000 (SeeFutility vs SingularV2)
Finished game 785 (SingularV2 vs SeeFutility): 0-1 {Black wins by adjudication}
Score of SingularV2 vs SeeFutility: 224 - 245 - 315  [0.487] 784
Started game 797 of 10000 (SingularV2 vs SeeFutility)
Finished game 782 (SeeFutility vs SingularV2): 1-0 {White wins by adjudication}
Score of SingularV2 vs SeeFutility: 224 - 246 - 315  [0.486] 785
Started game 798 of 10000 (SeeFutility vs SingularV2)
Finished game 786 (SeeFutility vs SingularV2): 0-1 {Black wins by adjudication}
Score of SingularV2 vs SeeFutility: 225 - 246 - 315  [0.487] 786
Started game 799 of 10000 (SingularV2 vs SeeFutility)
Finished game 784 (SeeFutility vs SingularV2): 1/2-1/2 {Draw by 3-fold repetition}
Score of SingularV2 vs SeeFutility: 225 - 246 - 316  [0.487] 787
Started game 800 of 10000 (SeeFutility vs SingularV2)
Finished game 790 (SeeFutility vs SingularV2): 0-1 {Black wins by adjudication}
Score of SingularV2 vs SeeFutility: 226 - 246 - 316  [0.487] 788
Started game 801 of 10000 (SingularV2 vs SeeFutility)
Finished game 783 (SingularV2 vs SeeFutility): 1-0 {White wins by adjudication}
Score of SingularV2 vs SeeFutility: 227 - 246 - 316  [0.488] 789
Started game 802 of 10000 (SeeFutility vs SingularV2)
Finished game 787 (SingularV2 vs SeeFutility): 1-0 {White mates}
Score of SingularV2 vs SeeFutility: 228 - 246 - 316  [0.489] 790
Started game 803 of 10000 (SingularV2 vs SeeFutility)
Finished game 792 (SeeFutility vs SingularV2): 1-0 {White wins by adjudication}
Score of SingularV2 vs SeeFutility: 228 - 247 - 316  [0.488] 791
Started game 804 of 10000 (SeeFutility vs SingularV2)
Finished game 798 (SeeFutility vs SingularV2): 1/2-1/2 {Draw by 3-fold repetition}
Score of SingularV2 vs SeeFutility: 228 - 247 - 317  [0.488] 792
Started game 805 of 10000 (SingularV2 vs SeeFutility)
Finished game 795 (SingularV2 vs SeeFutility): 1-0 {White wins by adjudication}
Score of SingularV2 vs SeeFutility: 229 - 247 - 317  [0.489] 793
Started game 806 of 10000 (SeeFutility vs SingularV2)
Finished game 794 (SeeFutility vs SingularV2): 0-1 {Black wins by adjudication}
Score of SingularV2 vs SeeFutility: 230 - 247 - 317  [0.489] 794
Started game 807 of 10000 (SingularV2 vs SeeFutility)
Finished game 796 (SeeFutility vs SingularV2): 1-0 {White wins by adjudication}
Score of SingularV2 vs SeeFutility: 230 - 248 - 317  [0.489] 795
Started game 808 of 10000 (SeeFutility vs SingularV2)
Finished game 791 (SingularV2 vs SeeFutility): 1-0 {White wins by adjudication}
Score of SingularV2 vs SeeFutility: 231 - 248 - 317  [0.489] 796
Started game 809 of 10000 (SingularV2 vs SeeFutility)
Finished game 793 (SingularV2 vs SeeFutility): 1/2-1/2 {Draw by insufficient mating material}
Score of SingularV2 vs SeeFutility: 231 - 248 - 318  [0.489] 797
Started game 810 of 10000 (SeeFutility vs SingularV2)
Finished game 800 (SeeFutility vs SingularV2): 1/2-1/2 {Draw by 3-fold repetition}
Score of SingularV2 vs SeeFutility: 231 - 248 - 319  [0.489] 798
Started game 811 of 10000 (SingularV2 vs SeeFutility)
Finished game 799 (SingularV2 vs SeeFutility): 1/2-1/2 {Draw by adjudication}
Score of SingularV2 vs SeeFutility: 231 - 248 - 320  [0.489] 799
Started game 812 of 10000 (SeeFutility vs SingularV2)
Finished game 803 (SingularV2 vs SeeFutility): 0-1 {Black wins by adjudication}
Score of SingularV2 vs SeeFutility: 231 - 249 - 320  [0.489] 800
Started game 813 of 10000 (SingularV2 vs SeeFutility)
Finished game 797 (SingularV2 vs SeeFutility): 1/2-1/2 {Draw by adjudication}
Score of SingularV2 vs SeeFutility: 231 - 249 - 321  [0.489] 801
Started game 814 of 10000 (SeeFutility vs SingularV2)
Finished game 804 (SeeFutility vs SingularV2): 1-0 {White wins by adjudication}
Score of SingularV2 vs SeeFutility: 231 - 250 - 321  [0.488] 802
Started game 815 of 10000 (SingularV2 vs SeeFutility)
Finished game 801 (SingularV2 vs SeeFutility): 1/2-1/2 {Draw by insufficient mating material}
Score of SingularV2 vs SeeFutility: 231 - 250 - 322  [0.488] 803
Started game 816 of 10000 (SeeFutility vs SingularV2)
Finished game 806 (SeeFutility vs SingularV2): 1/2-1/2 {Draw by adjudication}
Score of SingularV2 vs SeeFutility: 231 - 250 - 323  [0.488] 804
Started game 817 of 10000 (SingularV2 vs SeeFutility)
Finished game 808 (SeeFutility vs SingularV2): 1/2-1/2 {Draw by adjudication}
Score of SingularV2 vs SeeFutility: 231 - 250 - 324  [0.488] 805
Started game 818 of 10000 (SeeFutility vs SingularV2)
Finished game 805 (SingularV2 vs SeeFutility): 0-1 {Black wins by adjudication}
Score of SingularV2 vs SeeFutility: 231 - 251 - 324  [0.488] 806
Started game 819 of 10000 (SingularV2 vs SeeFutility)
Finished game 810 (SeeFutility vs SingularV2): 0-1 {Black wins by adjudication}
Score of SingularV2 vs SeeFutility: 232 - 251 - 324  [0.488] 807
Started game 820 of 10000 (SeeFutility vs SingularV2)
Finished game 802 (SeeFutility vs SingularV2): 0-1 {Black wins by adjudication}
Score of SingularV2 vs SeeFutility: 233 - 251 - 324  [0.489] 808
Started game 821 of 10000 (SingularV2 vs SeeFutility)
Finished game 811 (SingularV2 vs SeeFutility): 1/2-1/2 {Draw by 3-fold repetition}
Score of SingularV2 vs SeeFutility: 233 - 251 - 325  [0.489] 809
Started game 822 of 10000 (SeeFutility vs SingularV2)
Finished game 807 (SingularV2 vs SeeFutility): 0-1 {Black wins by adjudication}
Score of SingularV2 vs SeeFutility: 233 - 252 - 325  [0.488] 810
Started game 823 of 10000 (SingularV2 vs SeeFutility)
Finished game 812 (SeeFutility vs SingularV2): 1-0 {White wins by adjudication}
Score of SingularV2 vs SeeFutility: 233 - 253 - 325  [0.488] 811
Started game 824 of 10000 (SeeFutility vs SingularV2)
Finished game 809 (SingularV2 vs SeeFutility): 1-0 {White mates}
Score of SingularV2 vs SeeFutility: 234 - 253 - 325  [0.488] 812
Started game 825 of 10000 (SingularV2 vs SeeFutility)
Finished game 814 (SeeFutility vs SingularV2): 1/2-1/2 {Draw by 3-fold repetition}
Score of SingularV2 vs SeeFutility: 234 - 253 - 326  [0.488] 813
Started game 826 of 10000 (SeeFutility vs SingularV2)
Finished game 817 (SingularV2 vs SeeFutility): 0-1 {Black wins by adjudication}
Score of SingularV2 vs SeeFutility: 234 - 254 - 326  [0.488] 814
Started game 827 of 10000 (SingularV2 vs SeeFutility)
Finished game 819 (SingularV2 vs SeeFutility): 0-1 {Black wins by adjudication}
Score of SingularV2 vs SeeFutility: 234 - 255 - 326  [0.487] 815
Started game 828 of 10000 (SeeFutility vs SingularV2)
Finished game 815 (SingularV2 vs SeeFutility): 1-0 {White wins by adjudication}
Score of SingularV2 vs SeeFutility: 235 - 255 - 326  [0.488] 816
Started game 829 of 10000 (SingularV2 vs SeeFutility)
Finished game 813 (SingularV2 vs SeeFutility): 0-1 {Black wins by adjudication}
Score of SingularV2 vs SeeFutility: 235 - 256 - 326  [0.487] 817
Started game 830 of 10000 (SeeFutility vs SingularV2)
Finished game 821 (SingularV2 vs SeeFutility): 1-0 {White wins by adjudication}
Score of SingularV2 vs SeeFutility: 236 - 256 - 326  [0.488] 818
Started game 831 of 10000 (SingularV2 vs SeeFutility)
Finished game 816 (SeeFutility vs SingularV2): 1/2-1/2 {Draw by 3-fold repetition}
Score of SingularV2 vs SeeFutility: 236 - 256 - 327  [0.488] 819
Started game 832 of 10000 (SeeFutility vs SingularV2)
Finished game 820 (SeeFutility vs SingularV2): 1-0 {White wins by adjudication}
Score of SingularV2 vs SeeFutility: 236 - 257 - 327  [0.487] 820
Started game 833 of 10000 (SingularV2 vs SeeFutility)
Finished game 818 (SeeFutility vs SingularV2): 0-1 {Black wins by adjudication}
Score of SingularV2 vs SeeFutility: 237 - 257 - 327  [0.488] 821
Started game 834 of 10000 (SeeFutility vs SingularV2)
Finished game 824 (SeeFutility vs SingularV2): 1-0 {White wins by adjudication}
Score of SingularV2 vs SeeFutility: 237 - 258 - 327  [0.487] 822
Started game 835 of 10000 (SingularV2 vs SeeFutility)
Finished game 826 (SeeFutility vs SingularV2): 1-0 {White wins by adjudication}
Score of SingularV2 vs SeeFutility: 237 - 259 - 327  [0.487] 823
Started game 836 of 10000 (SeeFutility vs SingularV2)
Finished game 830 (SeeFutility vs SingularV2): 1/2-1/2 {Draw by 3-fold repetition}
Score of SingularV2 vs SeeFutility: 237 - 259 - 328  [0.487] 824
Started game 837 of 10000 (SingularV2 vs SeeFutility)
Finished game 823 (SingularV2 vs SeeFutility): 1/2-1/2 {Draw by adjudication}
Score of SingularV2 vs SeeFutility: 237 - 259 - 329  [0.487] 825
Started game 838 of 10000 (SeeFutility vs SingularV2)
Finished game 825 (SingularV2 vs SeeFutility): 1/2-1/2 {Draw by 3-fold repetition}
Score of SingularV2 vs SeeFutility: 237 - 259 - 330  [0.487] 826
Started game 839 of 10000 (SingularV2 vs SeeFutility)
Finished game 827 (SingularV2 vs SeeFutility): 0-1 {Black wins by adjudication}
Score of SingularV2 vs SeeFutility: 237 - 260 - 330  [0.486] 827
Started game 840 of 10000 (SeeFutility vs SingularV2)
Finished game 822 (SeeFutility vs SingularV2): 1/2-1/2 {Draw by insufficient mating material}
Score of SingularV2 vs SeeFutility: 237 - 260 - 331  [0.486] 828
Started game 841 of 10000 (SingularV2 vs SeeFutility)
Finished game 829 (SingularV2 vs SeeFutility): 1-0 {White wins by adjudication}
Score of SingularV2 vs SeeFutility: 238 - 260 - 331  [0.487] 829
Started game 842 of 10000 (SeeFutility vs SingularV2)
Finished game 828 (SeeFutility vs SingularV2): 0-1 {Black wins by adjudication}
Score of SingularV2 vs SeeFutility: 239 - 260 - 331  [0.487] 830
Started game 843 of 10000 (SingularV2 vs SeeFutility)
Finished game 833 (SingularV2 vs SeeFutility): 1/2-1/2 {Draw by 3-fold repetition}
Score of SingularV2 vs SeeFutility: 239 - 260 - 332  [0.487] 831
Started game 844 of 10000 (SeeFutility vs SingularV2)
Finished game 832 (SeeFutility vs SingularV2): 0-1 {Black wins by adjudication}
Score of SingularV2 vs SeeFutility: 240 - 260 - 332  [0.488] 832
Started game 845 of 10000 (SingularV2 vs SeeFutility)
Finished game 831 (SingularV2 vs SeeFutility): 1-0 {White wins by adjudication}
Score of SingularV2 vs SeeFutility: 241 - 260 - 332  [0.489] 833
Started game 846 of 10000 (SeeFutility vs SingularV2)
Finished game 838 (SeeFutility vs SingularV2): 1/2-1/2 {Draw by 3-fold repetition}
Score of SingularV2 vs SeeFutility: 241 - 260 - 333  [0.489] 834
Started game 847 of 10000 (SingularV2 vs SeeFutility)
Finished game 842 (SeeFutility vs SingularV2): 1-0 {White mates}
Score of SingularV2 vs SeeFutility: 241 - 261 - 333  [0.488] 835
Started game 848 of 10000 (SeeFutility vs SingularV2)
Finished game 839 (SingularV2 vs SeeFutility): 1/2-1/2 {Draw by 3-fold repetition}
Score of SingularV2 vs SeeFutility: 241 - 261 - 334  [0.488] 836
Started game 849 of 10000 (SingularV2 vs SeeFutility)
Finished game 834 (SeeFutility vs SingularV2): 1-0 {White wins by adjudication}
Score of SingularV2 vs SeeFutility: 241 - 262 - 334  [0.487] 837
Started game 850 of 10000 (SeeFutility vs SingularV2)
Finished game 840 (SeeFutility vs SingularV2): 0-1 {Black wins by adjudication}
Score of SingularV2 vs SeeFutility: 242 - 262 - 334  [0.488] 838
Started game 851 of 10000 (SingularV2 vs SeeFutility)
Finished game 835 (SingularV2 vs SeeFutility): 0-1 {Black wins by adjudication}
Score of SingularV2 vs SeeFutility: 242 - 263 - 334  [0.487] 839
Started game 852 of 10000 (SeeFutility vs SingularV2)
Finished game 841 (SingularV2 vs SeeFutility): 0-1 {Black wins by adjudication}
Score of SingularV2 vs SeeFutility: 242 - 264 - 334  [0.487] 840
Started game 853 of 10000 (SingularV2 vs SeeFutility)
Finished game 836 (SeeFutility vs SingularV2): 1-0 {White wins by adjudication}
Score of SingularV2 vs SeeFutility: 242 - 265 - 334  [0.486] 841
Started game 854 of 10000 (SeeFutility vs SingularV2)
Finished game 837 (SingularV2 vs SeeFutility): 0-1 {Black wins by adjudication}
Score of SingularV2 vs SeeFutility: 242 - 266 - 334  [0.486] 842
Started game 855 of 10000 (SingularV2 vs SeeFutility)
Finished game 844 (SeeFutility vs SingularV2): 0-1 {Black wins by adjudication}
Score of SingularV2 vs SeeFutility: 243 - 266 - 334  [0.486] 843
Started game 856 of 10000 (SeeFutility vs SingularV2)
Finished game 843 (SingularV2 vs SeeFutility): 1/2-1/2 {Draw by 3-fold repetition}
Score of SingularV2 vs SeeFutility: 243 - 266 - 335  [0.486] 844
Started game 857 of 10000 (SingularV2 vs SeeFutility)
Finished game 846 (SeeFutility vs SingularV2): 0-1 {Black wins by adjudication}
Score of SingularV2 vs SeeFutility: 244 - 266 - 335  [0.487] 845
Started game 858 of 10000 (SeeFutility vs SingularV2)
Finished game 848 (SeeFutility vs SingularV2): 1/2-1/2 {Draw by 3-fold repetition}
Score of SingularV2 vs SeeFutility: 244 - 266 - 336  [0.487] 846
Started game 859 of 10000 (SingularV2 vs SeeFutility)
Finished game 845 (SingularV2 vs SeeFutility): 0-1 {Black wins by adjudication}
Score of SingularV2 vs SeeFutility: 244 - 267 - 336  [0.486] 847
Started game 860 of 10000 (SeeFutility vs SingularV2)
Finished game 850 (SeeFutility vs SingularV2): 1/2-1/2 {Draw by 3-fold repetition}
Score of SingularV2 vs SeeFutility: 244 - 267 - 337  [0.486] 848
Started game 861 of 10000 (SingularV2 vs SeeFutility)
Finished game 847 (SingularV2 vs SeeFutility): 1-0 {White wins by adjudication}
Score of SingularV2 vs SeeFutility: 245 - 267 - 337  [0.487] 849
Started game 862 of 10000 (SeeFutility vs SingularV2)
Finished game 854 (SeeFutility vs SingularV2): 1/2-1/2 {Draw by adjudication}
Score of SingularV2 vs SeeFutility: 245 - 267 - 338  [0.487] 850
Started game 863 of 10000 (SingularV2 vs SeeFutility)
Finished game 849 (SingularV2 vs SeeFutility): 1/2-1/2 {Draw by 3-fold repetition}
Score of SingularV2 vs SeeFutility: 245 - 267 - 339  [0.487] 851
Started game 864 of 10000 (SeeFutility vs SingularV2)
Finished game 859 (SingularV2 vs SeeFutility): 1-0 {White wins by adjudication}
Score of SingularV2 vs SeeFutility: 246 - 267 - 339  [0.488] 852
Started game 865 of 10000 (SingularV2 vs SeeFutility)
Finished game 856 (SeeFutility vs SingularV2): 1-0 {White wins by adjudication}
Score of SingularV2 vs SeeFutility: 246 - 268 - 339  [0.487] 853
Started game 866 of 10000 (SeeFutility vs SingularV2)
Finished game 855 (SingularV2 vs SeeFutility): 1-0 {White wins by adjudication}
Score of SingularV2 vs SeeFutility: 247 - 268 - 339  [0.488] 854
Started game 867 of 10000 (SingularV2 vs SeeFutility)
Finished game 853 (SingularV2 vs SeeFutility): 1/2-1/2 {Draw by 3-fold repetition}
Score of SingularV2 vs SeeFutility: 247 - 268 - 340  [0.488] 855
Started game 868 of 10000 (SeeFutility vs SingularV2)
Finished game 851 (SingularV2 vs SeeFutility): 1/2-1/2 {Draw by adjudication}
Score of SingularV2 vs SeeFutility: 247 - 268 - 341  [0.488] 856
Started game 869 of 10000 (SingularV2 vs SeeFutility)
Finished game 852 (SeeFutility vs SingularV2): 0-1 {Black wins by adjudication}
Score of SingularV2 vs SeeFutility: 248 - 268 - 341  [0.488] 857
Started game 870 of 10000 (SeeFutility vs SingularV2)
Finished game 862 (SeeFutility vs SingularV2): 0-1 {Black wins by adjudication}
Score of SingularV2 vs SeeFutility: 249 - 268 - 341  [0.489] 858
Started game 871 of 10000 (SingularV2 vs SeeFutility)
Finished game 857 (SingularV2 vs SeeFutility): 1-0 {White wins by adjudication}
Score of SingularV2 vs SeeFutility: 250 - 268 - 341  [0.490] 859
Started game 872 of 10000 (SeeFutility vs SingularV2)
Finished game 860 (SeeFutility vs SingularV2): 1-0 {White wins by adjudication}
Score of SingularV2 vs SeeFutility: 250 - 269 - 341  [0.489] 860
Started game 873 of 10000 (SingularV2 vs SeeFutility)
Finished game 858 (SeeFutility vs SingularV2): 1/2-1/2 {Draw by stalemate}
Score of SingularV2 vs SeeFutility: 250 - 269 - 342  [0.489] 861
Started game 874 of 10000 (SeeFutility vs SingularV2)
Finished game 865 (SingularV2 vs SeeFutility): 1/2-1/2 {Draw by 3-fold repetition}
Score of SingularV2 vs SeeFutility: 250 - 269 - 343  [0.489] 862
Started game 875 of 10000 (SingularV2 vs SeeFutility)
Finished game 864 (SeeFutility vs SingularV2): 0-1 {Black wins by adjudication}
Score of SingularV2 vs SeeFutility: 251 - 269 - 343  [0.490] 863
Started game 876 of 10000 (SeeFutility vs SingularV2)
Finished game 863 (SingularV2 vs SeeFutility): 1-0 {White wins by adjudication}
Score of SingularV2 vs SeeFutility: 252 - 269 - 343  [0.490] 864
Started game 877 of 10000 (SingularV2 vs SeeFutility)
Finished game 861 (SingularV2 vs SeeFutility): 1/2-1/2 {Draw by 3-fold repetition}
Score of SingularV2 vs SeeFutility: 252 - 269 - 344  [0.490] 865
Started game 878 of 10000 (SeeFutility vs SingularV2)
Finished game 867 (SingularV2 vs SeeFutility): 1-0 {White wins by adjudication}
Score of SingularV2 vs SeeFutility: 253 - 269 - 344  [0.491] 866
Started game 879 of 10000 (SingularV2 vs SeeFutility)
Finished game 866 (SeeFutility vs SingularV2): 1-0 {White wins by adjudication}
Score of SingularV2 vs SeeFutility: 253 - 270 - 344  [0.490] 867
Started game 880 of 10000 (SeeFutility vs SingularV2)
Finished game 869 (SingularV2 vs SeeFutility): 1/2-1/2 {Draw by 3-fold repetition}
Score of SingularV2 vs SeeFutility: 253 - 270 - 345  [0.490] 868
Started game 881 of 10000 (SingularV2 vs SeeFutility)
Finished game 871 (SingularV2 vs SeeFutility): 1/2-1/2 {Draw by 3-fold repetition}
Score of SingularV2 vs SeeFutility: 253 - 270 - 346  [0.490] 869
Started game 882 of 10000 (SeeFutility vs SingularV2)
Finished game 872 (SeeFutility vs SingularV2): 1-0 {White mates}
Score of SingularV2 vs SeeFutility: 253 - 271 - 346  [0.490] 870
Started game 883 of 10000 (SingularV2 vs SeeFutility)
Finished game 877 (SingularV2 vs SeeFutility): 0-1 {Black wins by adjudication}
Score of SingularV2 vs SeeFutility: 253 - 272 - 346  [0.489] 871
Started game 884 of 10000 (SeeFutility vs SingularV2)
Finished game 868 (SeeFutility vs SingularV2): 1/2-1/2 {Draw by fifty moves rule}
Score of SingularV2 vs SeeFutility: 253 - 272 - 347  [0.489] 872
Started game 885 of 10000 (SingularV2 vs SeeFutility)
Finished game 874 (SeeFutility vs SingularV2): 1/2-1/2 {Draw by 3-fold repetition}
Score of SingularV2 vs SeeFutility: 253 - 272 - 348  [0.489] 873
Started game 886 of 10000 (SeeFutility vs SingularV2)
Finished game 878 (SeeFutility vs SingularV2): 1-0 {White wins by adjudication}
Score of SingularV2 vs SeeFutility: 253 - 273 - 348  [0.489] 874
Started game 887 of 10000 (SingularV2 vs SeeFutility)
Finished game 876 (SeeFutility vs SingularV2): 1/2-1/2 {Draw by 3-fold repetition}
Score of SingularV2 vs SeeFutility: 253 - 273 - 349  [0.489] 875
Started game 888 of 10000 (SeeFutility vs SingularV2)
Finished game 875 (SingularV2 vs SeeFutility): 1/2-1/2 {Draw by insufficient mating material}
Score of SingularV2 vs SeeFutility: 253 - 273 - 350  [0.489] 876
Started game 889 of 10000 (SingularV2 vs SeeFutility)
Finished game 870 (SeeFutility vs SingularV2): 1/2-1/2 {Draw by stalemate}
Score of SingularV2 vs SeeFutility: 253 - 273 - 351  [0.489] 877
Started game 890 of 10000 (SeeFutility vs SingularV2)
Finished game 882 (SeeFutility vs SingularV2): 1/2-1/2 {Draw by adjudication}
Score of SingularV2 vs SeeFutility: 253 - 273 - 352  [0.489] 878
Started game 891 of 10000 (SingularV2 vs SeeFutility)
Finished game 873 (SingularV2 vs SeeFutility): 1/2-1/2 {Draw by fifty moves rule}
Score of SingularV2 vs SeeFutility: 253 - 273 - 353  [0.489] 879
Started game 892 of 10000 (SeeFutility vs SingularV2)
Finished game 879 (SingularV2 vs SeeFutility): 1-0 {White wins by adjudication}
Score of SingularV2 vs SeeFutility: 254 - 273 - 353  [0.489] 880
Started game 893 of 10000 (SingularV2 vs SeeFutility)
Finished game 881 (SingularV2 vs SeeFutility): 0-1 {Black wins by adjudication}
Score of SingularV2 vs SeeFutility: 254 - 274 - 353  [0.489] 881
Started game 894 of 10000 (SeeFutility vs SingularV2)
Finished game 883 (SingularV2 vs SeeFutility): 1/2-1/2 {Draw by 3-fold repetition}
Score of SingularV2 vs SeeFutility: 254 - 274 - 354  [0.489] 882
Started game 895 of 10000 (SingularV2 vs SeeFutility)
Finished game 886 (SeeFutility vs SingularV2): 1-0 {White wins by adjudication}
Score of SingularV2 vs SeeFutility: 254 - 275 - 354  [0.488] 883
Started game 896 of 10000 (SeeFutility vs SingularV2)
Finished game 880 (SeeFutility vs SingularV2): 1/2-1/2 {Draw by stalemate}
Score of SingularV2 vs SeeFutility: 254 - 275 - 355  [0.488] 884
Started game 897 of 10000 (SingularV2 vs SeeFutility)
Finished game 887 (SingularV2 vs SeeFutility): 1-0 {White wins by adjudication}
Score of SingularV2 vs SeeFutility: 255 - 275 - 355  [0.489] 885
Started game 898 of 10000 (SeeFutility vs SingularV2)
Finished game 888 (SeeFutility vs SingularV2): 1/2-1/2 {Draw by 3-fold repetition}
Score of SingularV2 vs SeeFutility: 255 - 275 - 356  [0.489] 886
Started game 899 of 10000 (SingularV2 vs SeeFutility)
Finished game 884 (SeeFutility vs SingularV2): 0-1 {Black mates}
Score of SingularV2 vs SeeFutility: 256 - 275 - 356  [0.489] 887
Started game 900 of 10000 (SeeFutility vs SingularV2)
Finished game 895 (SingularV2 vs SeeFutility): 1/2-1/2 {Draw by 3-fold repetition}
Score of SingularV2 vs SeeFutility: 256 - 275 - 357  [0.489] 888
Started game 901 of 10000 (SingularV2 vs SeeFutility)
Finished game 892 (SeeFutility vs SingularV2): 1-0 {White wins by adjudication}
Score of SingularV2 vs SeeFutility: 256 - 276 - 357  [0.489] 889
Started game 902 of 10000 (SeeFutility vs SingularV2)
Finished game 893 (SingularV2 vs SeeFutility): 1-0 {White wins by adjudication}
Score of SingularV2 vs SeeFutility: 257 - 276 - 357  [0.489] 890
Started game 903 of 10000 (SingularV2 vs SeeFutility)
Finished game 885 (SingularV2 vs SeeFutility): 0-1 {Black wins by adjudication}
Score of SingularV2 vs SeeFutility: 257 - 277 - 357  [0.489] 891
Started game 904 of 10000 (SeeFutility vs SingularV2)
Finished game 889 (SingularV2 vs SeeFutility): 1/2-1/2 {Draw by insufficient mating material}
Score of SingularV2 vs SeeFutility: 257 - 277 - 358  [0.489] 892
Started game 905 of 10000 (SingularV2 vs SeeFutility)
Finished game 890 (SeeFutility vs SingularV2): 1/2-1/2 {Draw by fifty moves rule}
Score of SingularV2 vs SeeFutility: 257 - 277 - 359  [0.489] 893
Started game 906 of 10000 (SeeFutility vs SingularV2)
Finished game 898 (SeeFutility vs SingularV2): 0-1 {Black wins by adjudication}
Score of SingularV2 vs SeeFutility: 258 - 277 - 359  [0.489] 894
Started game 907 of 10000 (SingularV2 vs SeeFutility)
Finished game 894 (SeeFutility vs SingularV2): 0-1 {Black wins by adjudication}
Score of SingularV2 vs SeeFutility: 259 - 277 - 359  [0.490] 895
Started game 908 of 10000 (SeeFutility vs SingularV2)
Finished game 899 (SingularV2 vs SeeFutility): 1-0 {White wins by adjudication}
Score of SingularV2 vs SeeFutility: 260 - 277 - 359  [0.491] 896
Started game 909 of 10000 (SingularV2 vs SeeFutility)
Finished game 904 (SeeFutility vs SingularV2): 1/2-1/2 {Draw by 3-fold repetition}
Score of SingularV2 vs SeeFutility: 260 - 277 - 360  [0.491] 897
Started game 910 of 10000 (SeeFutility vs SingularV2)
Finished game 902 (SeeFutility vs SingularV2): 1-0 {White wins by adjudication}
Score of SingularV2 vs SeeFutility: 260 - 278 - 360  [0.490] 898
Started game 911 of 10000 (SingularV2 vs SeeFutility)
Finished game 897 (SingularV2 vs SeeFutility): 1/2-1/2 {Draw by fifty moves rule}
Score of SingularV2 vs SeeFutility: 260 - 278 - 361  [0.490] 899
Started game 912 of 10000 (SeeFutility vs SingularV2)
Finished game 891 (SingularV2 vs SeeFutility): 1/2-1/2 {Draw by fifty moves rule}
Score of SingularV2 vs SeeFutility: 260 - 278 - 362  [0.490] 900
Started game 913 of 10000 (SingularV2 vs SeeFutility)
Finished game 901 (SingularV2 vs SeeFutility): 1-0 {White wins by adjudication}
Score of SingularV2 vs SeeFutility: 261 - 278 - 362  [0.491] 901
Started game 914 of 10000 (SeeFutility vs SingularV2)
Finished game 900 (SeeFutility vs SingularV2): 1/2-1/2 {Draw by adjudication}
Score of SingularV2 vs SeeFutility: 261 - 278 - 363  [0.491] 902
Started game 915 of 10000 (SingularV2 vs SeeFutility)
Finished game 896 (SeeFutility vs SingularV2): 1/2-1/2 {Draw by fifty moves rule}
Score of SingularV2 vs SeeFutility: 261 - 278 - 364  [0.491] 903
Started game 916 of 10000 (SeeFutility vs SingularV2)
Finished game 911 (SingularV2 vs SeeFutility): 1/2-1/2 {Draw by 3-fold repetition}
Score of SingularV2 vs SeeFutility: 261 - 278 - 365  [0.491] 904
Started game 917 of 10000 (SingularV2 vs SeeFutility)
Finished game 905 (SingularV2 vs SeeFutility): 0-1 {Black wins by adjudication}
Score of SingularV2 vs SeeFutility: 261 - 279 - 365  [0.490] 905
Started game 918 of 10000 (SeeFutility vs SingularV2)
Finished game 906 (SeeFutility vs SingularV2): 0-1 {Black wins by adjudication}
Score of SingularV2 vs SeeFutility: 262 - 279 - 365  [0.491] 906
Started game 919 of 10000 (SingularV2 vs SeeFutility)
Finished game 907 (SingularV2 vs SeeFutility): 0-1 {Black wins by adjudication}
Score of SingularV2 vs SeeFutility: 262 - 280 - 365  [0.490] 907
Started game 920 of 10000 (SeeFutility vs SingularV2)
Finished game 903 (SingularV2 vs SeeFutility): 1-0 {White wins by adjudication}
Score of SingularV2 vs SeeFutility: 263 - 280 - 365  [0.491] 908
Started game 921 of 10000 (SingularV2 vs SeeFutility)
Finished game 908 (SeeFutility vs SingularV2): 0-1 {Black wins by adjudication}
Score of SingularV2 vs SeeFutility: 264 - 280 - 365  [0.491] 909
Started game 922 of 10000 (SeeFutility vs SingularV2)
Finished game 909 (SingularV2 vs SeeFutility): 0-1 {Black wins by adjudication}
Score of SingularV2 vs SeeFutility: 264 - 281 - 365  [0.491] 910
Started game 923 of 10000 (SingularV2 vs SeeFutility)
Finished game 910 (SeeFutility vs SingularV2): 1-0 {White wins by adjudication}
Score of SingularV2 vs SeeFutility: 264 - 282 - 365  [0.490] 911
Started game 924 of 10000 (SeeFutility vs SingularV2)
Finished game 914 (SeeFutility vs SingularV2): 1-0 {White wins by adjudication}
Score of SingularV2 vs SeeFutility: 264 - 283 - 365  [0.490] 912
Started game 925 of 10000 (SingularV2 vs SeeFutility)
Finished game 920 (SeeFutility vs SingularV2): 1-0 {White wins by adjudication}
Score of SingularV2 vs SeeFutility: 264 - 284 - 365  [0.489] 913
Started game 926 of 10000 (SeeFutility vs SingularV2)
Finished game 913 (SingularV2 vs SeeFutility): 1-0 {White wins by adjudication}
Score of SingularV2 vs SeeFutility: 265 - 284 - 365  [0.490] 914
Started game 927 of 10000 (SingularV2 vs SeeFutility)
Finished game 922 (SeeFutility vs SingularV2): 1-0 {White wins by adjudication}
Score of SingularV2 vs SeeFutility: 265 - 285 - 365  [0.489] 915
Started game 928 of 10000 (SeeFutility vs SingularV2)
Finished game 917 (SingularV2 vs SeeFutility): 1/2-1/2 {Draw by 3-fold repetition}
Score of SingularV2 vs SeeFutility: 265 - 285 - 366  [0.489] 916
Started game 929 of 10000 (SingularV2 vs SeeFutility)
Finished game 912 (SeeFutility vs SingularV2): 1-0 {White wins by adjudication}
Score of SingularV2 vs SeeFutility: 265 - 286 - 366  [0.489] 917
Started game 930 of 10000 (SeeFutility vs SingularV2)
Finished game 918 (SeeFutility vs SingularV2): 1-0 {White wins by adjudication}
Score of SingularV2 vs SeeFutility: 265 - 287 - 366  [0.488] 918
Started game 931 of 10000 (SingularV2 vs SeeFutility)
Finished game 916 (SeeFutility vs SingularV2): 0-1 {Black wins by adjudication}
Score of SingularV2 vs SeeFutility: 266 - 287 - 366  [0.489] 919
Started game 932 of 10000 (SeeFutility vs SingularV2)
Finished game 919 (SingularV2 vs SeeFutility): 1/2-1/2 {Draw by insufficient mating material}
Score of SingularV2 vs SeeFutility: 266 - 287 - 367  [0.489] 920
Started game 933 of 10000 (SingularV2 vs SeeFutility)
Finished game 915 (SingularV2 vs SeeFutility): 1-0 {White wins by adjudication}
Score of SingularV2 vs SeeFutility: 267 - 287 - 367  [0.489] 921
Started game 934 of 10000 (SeeFutility vs SingularV2)
Finished game 921 (SingularV2 vs SeeFutility): 0-1 {Black wins by adjudication}
Score of SingularV2 vs SeeFutility: 267 - 288 - 367  [0.489] 922
Started game 935 of 10000 (SingularV2 vs SeeFutility)
Finished game 931 (SingularV2 vs SeeFutility): 1/2-1/2 {Draw by 3-fold repetition}
Score of SingularV2 vs SeeFutility: 267 - 288 - 368  [0.489] 923
Started game 936 of 10000 (SeeFutility vs SingularV2)
Finished game 924 (SeeFutility vs SingularV2): 1-0 {White wins by adjudication}
Score of SingularV2 vs SeeFutility: 267 - 289 - 368  [0.488] 924
Started game 937 of 10000 (SingularV2 vs SeeFutility)
Finished game 927 (SingularV2 vs SeeFutility): 1/2-1/2 {Draw by 3-fold repetition}
Score of SingularV2 vs SeeFutility: 267 - 289 - 369  [0.488] 925
Started game 938 of 10000 (SeeFutility vs SingularV2)
Finished game 923 (SingularV2 vs SeeFutility): 0-1 {Black wins by adjudication}
Score of SingularV2 vs SeeFutility: 267 - 290 - 369  [0.488] 926
Started game 939 of 10000 (SingularV2 vs SeeFutility)
Finished game 925 (SingularV2 vs SeeFutility): 1/2-1/2 {Draw by adjudication}
Score of SingularV2 vs SeeFutility: 267 - 290 - 370  [0.488] 927
Started game 940 of 10000 (SeeFutility vs SingularV2)
Finished game 933 (SingularV2 vs SeeFutility): 1-0 {White wins by adjudication}
Score of SingularV2 vs SeeFutility: 268 - 290 - 370  [0.488] 928
Started game 941 of 10000 (SingularV2 vs SeeFutility)
Finished game 926 (SeeFutility vs SingularV2): 1-0 {White wins by adjudication}
Score of SingularV2 vs SeeFutility: 268 - 291 - 370  [0.488] 929
Started game 942 of 10000 (SeeFutility vs SingularV2)
Finished game 928 (SeeFutility vs SingularV2): 1/2-1/2 {Draw by adjudication}
Score of SingularV2 vs SeeFutility: 268 - 291 - 371  [0.488] 930
Started game 943 of 10000 (SingularV2 vs SeeFutility)
Finished game 937 (SingularV2 vs SeeFutility): 1-0 {White mates}
Score of SingularV2 vs SeeFutility: 269 - 291 - 371  [0.488] 931
Started game 944 of 10000 (SeeFutility vs SingularV2)
Finished game 930 (SeeFutility vs SingularV2): 1/2-1/2 {Draw by 3-fold repetition}
Score of SingularV2 vs SeeFutility: 269 - 291 - 372  [0.488] 932
Started game 945 of 10000 (SingularV2 vs SeeFutility)
Finished game 929 (SingularV2 vs SeeFutility): 1-0 {White mates}
Score of SingularV2 vs SeeFutility: 270 - 291 - 372  [0.489] 933
Started game 946 of 10000 (SeeFutility vs SingularV2)
Finished game 932 (SeeFutility vs SingularV2): 1-0 {White wins by adjudication}
Score of SingularV2 vs SeeFutility: 270 - 292 - 372  [0.488] 934
Started game 947 of 10000 (SingularV2 vs SeeFutility)
Finished game 934 (SeeFutility vs SingularV2): 1-0 {White wins by adjudication}
Score of SingularV2 vs SeeFutility: 270 - 293 - 372  [0.488] 935
Started game 948 of 10000 (SeeFutility vs SingularV2)
Finished game 936 (SeeFutility vs SingularV2): 1/2-1/2 {Draw by 3-fold repetition}
Score of SingularV2 vs SeeFutility: 270 - 293 - 373  [0.488] 936
Started game 949 of 10000 (SingularV2 vs SeeFutility)
Finished game 938 (SeeFutility vs SingularV2): 1-0 {White wins by adjudication}
Score of SingularV2 vs SeeFutility: 270 - 294 - 373  [0.487] 937
Started game 950 of 10000 (SeeFutility vs SingularV2)
Finished game 935 (SingularV2 vs SeeFutility): 1/2-1/2 {Draw by 3-fold repetition}
Score of SingularV2 vs SeeFutility: 270 - 294 - 374  [0.487] 938
Started game 951 of 10000 (SingularV2 vs SeeFutility)
Finished game 942 (SeeFutility vs SingularV2): 0-1 {Black wins by adjudication}
Score of SingularV2 vs SeeFutility: 271 - 294 - 374  [0.488] 939
Started game 952 of 10000 (SeeFutility vs SingularV2)
Finished game 946 (SeeFutility vs SingularV2): 1-0 {White wins by adjudication}
Score of SingularV2 vs SeeFutility: 271 - 295 - 374  [0.487] 940
Started game 953 of 10000 (SingularV2 vs SeeFutility)
Finished game 941 (SingularV2 vs SeeFutility): 0-1 {Black wins by adjudication}
Score of SingularV2 vs SeeFutility: 271 - 296 - 374  [0.487] 941
Started game 954 of 10000 (SeeFutility vs SingularV2)
Finished game 939 (SingularV2 vs SeeFutility): 0-1 {Black wins by adjudication}
Score of SingularV2 vs SeeFutility: 271 - 297 - 374  [0.486] 942
Started game 955 of 10000 (SingularV2 vs SeeFutility)
Finished game 944 (SeeFutility vs SingularV2): 1-0 {White wins by adjudication}
Score of SingularV2 vs SeeFutility: 271 - 298 - 374  [0.486] 943
Started game 956 of 10000 (SeeFutility vs SingularV2)
Finished game 943 (SingularV2 vs SeeFutility): 1-0 {White wins by adjudication}
Score of SingularV2 vs SeeFutility: 272 - 298 - 374  [0.486] 944
Started game 957 of 10000 (SingularV2 vs SeeFutility)
Finished game 945 (SingularV2 vs SeeFutility): 1-0 {White wins by adjudication}
Score of SingularV2 vs SeeFutility: 273 - 298 - 374  [0.487] 945
Started game 958 of 10000 (SeeFutility vs SingularV2)
Finished game 947 (SingularV2 vs SeeFutility): 0-1 {Black wins by adjudication}
Score of SingularV2 vs SeeFutility: 273 - 299 - 374  [0.486] 946
Started game 959 of 10000 (SingularV2 vs SeeFutility)
Finished game 950 (SeeFutility vs SingularV2): 1-0 {White wins by adjudication}
Score of SingularV2 vs SeeFutility: 273 - 300 - 374  [0.486] 947
Started game 960 of 10000 (SeeFutility vs SingularV2)
Finished game 940 (SeeFutility vs SingularV2): 1/2-1/2 {Draw by fifty moves rule}
Score of SingularV2 vs SeeFutility: 273 - 300 - 375  [0.486] 948
Started game 961 of 10000 (SingularV2 vs SeeFutility)
Finished game 951 (SingularV2 vs SeeFutility): 1-0 {White wins by adjudication}
Score of SingularV2 vs SeeFutility: 274 - 300 - 375  [0.486] 949
Started game 962 of 10000 (SeeFutility vs SingularV2)
Finished game 948 (SeeFutility vs SingularV2): 1-0 {White wins by adjudication}
Score of SingularV2 vs SeeFutility: 274 - 301 - 375  [0.486] 950
Started game 963 of 10000 (SingularV2 vs SeeFutility)
Finished game 949 (SingularV2 vs SeeFutility): 1-0 {White wins by adjudication}
Score of SingularV2 vs SeeFutility: 275 - 301 - 375  [0.486] 951
Started game 964 of 10000 (SeeFutility vs SingularV2)
Finished game 957 (SingularV2 vs SeeFutility): 0-1 {Black wins by adjudication}
Score of SingularV2 vs SeeFutility: 275 - 302 - 375  [0.486] 952
Started game 965 of 10000 (SingularV2 vs SeeFutility)
Finished game 954 (SeeFutility vs SingularV2): 1-0 {White wins by adjudication}
Score of SingularV2 vs SeeFutility: 275 - 303 - 375  [0.485] 953
Started game 966 of 10000 (SeeFutility vs SingularV2)
Finished game 955 (SingularV2 vs SeeFutility): 1/2-1/2 {Draw by insufficient mating material}
Score of SingularV2 vs SeeFutility: 275 - 303 - 376  [0.485] 954
Started game 967 of 10000 (SingularV2 vs SeeFutility)
Finished game 958 (SeeFutility vs SingularV2): 0-1 {Black wins by adjudication}
Score of SingularV2 vs SeeFutility: 276 - 303 - 376  [0.486] 955
Started game 968 of 10000 (SeeFutility vs SingularV2)
Finished game 952 (SeeFutility vs SingularV2): 1/2-1/2 {Draw by adjudication}
Score of SingularV2 vs SeeFutility: 276 - 303 - 377  [0.486] 956
Started game 969 of 10000 (SingularV2 vs SeeFutility)
Finished game 956 (SeeFutility vs SingularV2): 1-0 {White wins by adjudication}
Score of SingularV2 vs SeeFutility: 276 - 304 - 377  [0.485] 957
Started game 970 of 10000 (SeeFutility vs SingularV2)
Finished game 953 (SingularV2 vs SeeFutility): 0-1 {Black wins by adjudication}
Score of SingularV2 vs SeeFutility: 276 - 305 - 377  [0.485] 958
Started game 971 of 10000 (SingularV2 vs SeeFutility)
Finished game 959 (SingularV2 vs SeeFutility): 0-1 {Black wins by adjudication}
Score of SingularV2 vs SeeFutility: 276 - 306 - 377  [0.484] 959
Started game 972 of 10000 (SeeFutility vs SingularV2)
Finished game 960 (SeeFutility vs SingularV2): 0-1 {Black wins by adjudication}
Score of SingularV2 vs SeeFutility: 277 - 306 - 377  [0.485] 960
Started game 973 of 10000 (SingularV2 vs SeeFutility)
Finished game 962 (SeeFutility vs SingularV2): 1-0 {White wins by adjudication}
Score of SingularV2 vs SeeFutility: 277 - 307 - 377  [0.484] 961
Started game 974 of 10000 (SeeFutility vs SingularV2)
Finished game 964 (SeeFutility vs SingularV2): 1/2-1/2 {Draw by 3-fold repetition}
Score of SingularV2 vs SeeFutility: 277 - 307 - 378  [0.484] 962
Started game 975 of 10000 (SingularV2 vs SeeFutility)
Finished game 963 (SingularV2 vs SeeFutility): 0-1 {Black wins by adjudication}
Score of SingularV2 vs SeeFutility: 277 - 308 - 378  [0.484] 963
Started game 976 of 10000 (SeeFutility vs SingularV2)
Finished game 961 (SingularV2 vs SeeFutility): 0-1 {Black mates}
Score of SingularV2 vs SeeFutility: 277 - 309 - 378  [0.483] 964
Started game 977 of 10000 (SingularV2 vs SeeFutility)
Finished game 966 (SeeFutility vs SingularV2): 1/2-1/2 {Draw by 3-fold repetition}
Score of SingularV2 vs SeeFutility: 277 - 309 - 379  [0.483] 965
Started game 978 of 10000 (SeeFutility vs SingularV2)
Finished game 969 (SingularV2 vs SeeFutility): 0-1 {Black wins by adjudication}
Score of SingularV2 vs SeeFutility: 277 - 310 - 379  [0.483] 966
Started game 979 of 10000 (SingularV2 vs SeeFutility)
Finished game 968 (SeeFutility vs SingularV2): 0-1 {Black wins by adjudication}
Score of SingularV2 vs SeeFutility: 278 - 310 - 379  [0.483] 967
Started game 980 of 10000 (SeeFutility vs SingularV2)
Finished game 972 (SeeFutility vs SingularV2): 1-0 {White wins by adjudication}
Score of SingularV2 vs SeeFutility: 278 - 311 - 379  [0.483] 968
Started game 981 of 10000 (SingularV2 vs SeeFutility)
Finished game 971 (SingularV2 vs SeeFutility): 0-1 {Black wins by adjudication}
Score of SingularV2 vs SeeFutility: 278 - 312 - 379  [0.482] 969
Started game 982 of 10000 (SeeFutility vs SingularV2)
Finished game 970 (SeeFutility vs SingularV2): 1/2-1/2 {Draw by 3-fold repetition}
Score of SingularV2 vs SeeFutility: 278 - 312 - 380  [0.482] 970
Started game 983 of 10000 (SingularV2 vs SeeFutility)
Finished game 965 (SingularV2 vs SeeFutility): 1/2-1/2 {Draw by fifty moves rule}
Score of SingularV2 vs SeeFutility: 278 - 312 - 381  [0.482] 971
Started game 984 of 10000 (SeeFutility vs SingularV2)
Finished game 967 (SingularV2 vs SeeFutility): 1/2-1/2 {Draw by stalemate}
Score of SingularV2 vs SeeFutility: 278 - 312 - 382  [0.483] 972
Started game 985 of 10000 (SingularV2 vs SeeFutility)
Finished game 975 (SingularV2 vs SeeFutility): 0-1 {Black wins by adjudication}
Score of SingularV2 vs SeeFutility: 278 - 313 - 382  [0.482] 973
Started game 986 of 10000 (SeeFutility vs SingularV2)
Finished game 974 (SeeFutility vs SingularV2): 1-0 {White wins by adjudication}
Score of SingularV2 vs SeeFutility: 278 - 314 - 382  [0.482] 974
Started game 987 of 10000 (SingularV2 vs SeeFutility)
Finished game 978 (SeeFutility vs SingularV2): 1/2-1/2 {Draw by 3-fold repetition}
Score of SingularV2 vs SeeFutility: 278 - 314 - 383  [0.482] 975
Started game 988 of 10000 (SeeFutility vs SingularV2)
Finished game 973 (SingularV2 vs SeeFutility): 1/2-1/2 {Draw by insufficient mating material}
Score of SingularV2 vs SeeFutility: 278 - 314 - 384  [0.482] 976
Started game 989 of 10000 (SingularV2 vs SeeFutility)
Finished game 976 (SeeFutility vs SingularV2): 1/2-1/2 {Draw by adjudication}
Score of SingularV2 vs SeeFutility: 278 - 314 - 385  [0.482] 977
Started game 990 of 10000 (SeeFutility vs SingularV2)
Finished game 977 (SingularV2 vs SeeFutility): 0-1 {Black wins by adjudication}
Score of SingularV2 vs SeeFutility: 278 - 315 - 385  [0.481] 978
Started game 991 of 10000 (SingularV2 vs SeeFutility)
Finished game 980 (SeeFutility vs SingularV2): 1/2-1/2 {Draw by adjudication}
Score of SingularV2 vs SeeFutility: 278 - 315 - 386  [0.481] 979
Started game 992 of 10000 (SeeFutility vs SingularV2)
Finished game 982 (SeeFutility vs SingularV2): 1-0 {White wins by adjudication}
Score of SingularV2 vs SeeFutility: 278 - 316 - 386  [0.481] 980
Started game 993 of 10000 (SingularV2 vs SeeFutility)
Finished game 984 (SeeFutility vs SingularV2): 1-0 {White wins by adjudication}
Score of SingularV2 vs SeeFutility: 278 - 317 - 386  [0.480] 981
Started game 994 of 10000 (SeeFutility vs SingularV2)
Finished game 985 (SingularV2 vs SeeFutility): 1-0 {White wins by adjudication}
Score of SingularV2 vs SeeFutility: 279 - 317 - 386  [0.481] 982
Started game 995 of 10000 (SingularV2 vs SeeFutility)
Finished game 979 (SingularV2 vs SeeFutility): 1/2-1/2 {Draw by stalemate}
Score of SingularV2 vs SeeFutility: 279 - 317 - 387  [0.481] 983
Started game 996 of 10000 (SeeFutility vs SingularV2)
Finished game 981 (SingularV2 vs SeeFutility): 1/2-1/2 {Draw by insufficient mating material}
Score of SingularV2 vs SeeFutility: 279 - 317 - 388  [0.481] 984
Started game 997 of 10000 (SingularV2 vs SeeFutility)
Finished game 983 (SingularV2 vs SeeFutility): 1-0 {White wins by adjudication}
Score of SingularV2 vs SeeFutility: 280 - 317 - 388  [0.481] 985
Started game 998 of 10000 (SeeFutility vs SingularV2)
Finished game 987 (SingularV2 vs SeeFutility): 1-0 {White wins by adjudication}
Score of SingularV2 vs SeeFutility: 281 - 317 - 388  [0.482] 986
Started game 999 of 10000 (SingularV2 vs SeeFutility)
Finished game 986 (SeeFutility vs SingularV2): 1-0 {White wins by adjudication}
Score of SingularV2 vs SeeFutility: 281 - 318 - 388  [0.481] 987
Started game 1000 of 10000 (SeeFutility vs SingularV2)
Finished game 993 (SingularV2 vs SeeFutility): 1/2-1/2 {Draw by 3-fold repetition}
Score of SingularV2 vs SeeFutility: 281 - 318 - 389  [0.481] 988
Started game 1001 of 10000 (SingularV2 vs SeeFutility)
Finished game 991 (SingularV2 vs SeeFutility): 1-0 {White wins by adjudication}
Score of SingularV2 vs SeeFutility: 282 - 318 - 389  [0.482] 989
Started game 1002 of 10000 (SeeFutility vs SingularV2)
Finished game 989 (SingularV2 vs SeeFutility): 0-1 {Black wins by adjudication}
Score of SingularV2 vs SeeFutility: 282 - 319 - 389  [0.481] 990
Started game 1003 of 10000 (SingularV2 vs SeeFutility)
Finished game 992 (SeeFutility vs SingularV2): 1-0 {White wins by adjudication}
Score of SingularV2 vs SeeFutility: 282 - 320 - 389  [0.481] 991
Started game 1004 of 10000 (SeeFutility vs SingularV2)
Finished game 990 (SeeFutility vs SingularV2): 1-0 {White wins by adjudication}
Score of SingularV2 vs SeeFutility: 282 - 321 - 389  [0.480] 992
Started game 1005 of 10000 (SingularV2 vs SeeFutility)
Finished game 988 (SeeFutility vs SingularV2): 1/2-1/2 {Draw by 3-fold repetition}
Score of SingularV2 vs SeeFutility: 282 - 321 - 390  [0.480] 993
Started game 1006 of 10000 (SeeFutility vs SingularV2)
Finished game 997 (SingularV2 vs SeeFutility): 1-0 {White wins by adjudication}
Score of SingularV2 vs SeeFutility: 283 - 321 - 390  [0.481] 994
Started game 1007 of 10000 (SingularV2 vs SeeFutility)
Finished game 998 (SeeFutility vs SingularV2): 1-0 {White wins by adjudication}
Score of SingularV2 vs SeeFutility: 283 - 322 - 390  [0.480] 995
Started game 1008 of 10000 (SeeFutility vs SingularV2)
Finished game 1002 (SeeFutility vs SingularV2): 1-0 {White wins by adjudication}
Score of SingularV2 vs SeeFutility: 283 - 323 - 390  [0.480] 996
Started game 1009 of 10000 (SingularV2 vs SeeFutility)
Finished game 996 (SeeFutility vs SingularV2): 1/2-1/2 {Draw by insufficient mating material}
Score of SingularV2 vs SeeFutility: 283 - 323 - 391  [0.480] 997
Started game 1010 of 10000 (SeeFutility vs SingularV2)
Finished game 999 (SingularV2 vs SeeFutility): 1-0 {White wins by adjudication}
Score of SingularV2 vs SeeFutility: 284 - 323 - 391  [0.480] 998
Started game 1011 of 10000 (SingularV2 vs SeeFutility)
Finished game 994 (SeeFutility vs SingularV2): 1-0 {White wins by adjudication}
Score of SingularV2 vs SeeFutility: 284 - 324 - 391  [0.480] 999
Started game 1012 of 10000 (SeeFutility vs SingularV2)
Finished game 1000 (SeeFutility vs SingularV2): 1-0 {White wins by adjudication}
Score of SingularV2 vs SeeFutility: 284 - 325 - 391  [0.479] 1000
Started game 1013 of 10000 (SingularV2 vs SeeFutility)
Finished game 995 (SingularV2 vs SeeFutility): 1-0 {White wins by adjudication}
Score of SingularV2 vs SeeFutility: 285 - 325 - 391  [0.480] 1001
Started game 1014 of 10000 (SeeFutility vs SingularV2)
Finished game 1001 (SingularV2 vs SeeFutility): 1/2-1/2 {Draw by 3-fold repetition}
Score of SingularV2 vs SeeFutility: 285 - 325 - 392  [0.480] 1002
Started game 1015 of 10000 (SingularV2 vs SeeFutility)
Finished game 1003 (SingularV2 vs SeeFutility): 1/2-1/2 {Draw by 3-fold repetition}
Score of SingularV2 vs SeeFutility: 285 - 325 - 393  [0.480] 1003
Started game 1016 of 10000 (SeeFutility vs SingularV2)
Finished game 1004 (SeeFutility vs SingularV2): 1/2-1/2 {Draw by adjudication}
Score of SingularV2 vs SeeFutility: 285 - 325 - 394  [0.480] 1004
Started game 1017 of 10000 (SingularV2 vs SeeFutility)
Finished game 1006 (SeeFutility vs SingularV2): 0-1 {Black wins by adjudication}
Score of SingularV2 vs SeeFutility: 286 - 325 - 394  [0.481] 1005
Started game 1018 of 10000 (SeeFutility vs SingularV2)
Finished game 1009 (SingularV2 vs SeeFutility): 1-0 {White wins by adjudication}
Score of SingularV2 vs SeeFutility: 287 - 325 - 394  [0.481] 1006
Started game 1019 of 10000 (SingularV2 vs SeeFutility)
Finished game 1007 (SingularV2 vs SeeFutility): 1/2-1/2 {Draw by adjudication}
Score of SingularV2 vs SeeFutility: 287 - 325 - 395  [0.481] 1007
Started game 1020 of 10000 (SeeFutility vs SingularV2)
Finished game 1011 (SingularV2 vs SeeFutility): 0-1 {Black wins by adjudication}
Score of SingularV2 vs SeeFutility: 287 - 326 - 395  [0.481] 1008
Started game 1021 of 10000 (SingularV2 vs SeeFutility)
Finished game 1015 (SingularV2 vs SeeFutility): 1/2-1/2 {Draw by 3-fold repetition}
Score of SingularV2 vs SeeFutility: 287 - 326 - 396  [0.481] 1009
Started game 1022 of 10000 (SeeFutility vs SingularV2)
Finished game 1020 (SeeFutility vs SingularV2): 1/2-1/2 {Draw by 3-fold repetition}
Score of SingularV2 vs SeeFutility: 287 - 326 - 397  [0.481] 1010
Started game 1023 of 10000 (SingularV2 vs SeeFutility)
Finished game 1010 (SeeFutility vs SingularV2): 0-1 {Black wins by adjudication}
Score of SingularV2 vs SeeFutility: 288 - 326 - 397  [0.481] 1011
Started game 1024 of 10000 (SeeFutility vs SingularV2)
Finished game 1008 (SeeFutility vs SingularV2): 1-0 {White wins by adjudication}
Score of SingularV2 vs SeeFutility: 288 - 327 - 397  [0.481] 1012
Started game 1025 of 10000 (SingularV2 vs SeeFutility)
Finished game 1017 (SingularV2 vs SeeFutility): 1/2-1/2 {Draw by 3-fold repetition}
Score of SingularV2 vs SeeFutility: 288 - 327 - 398  [0.481] 1013
Started game 1026 of 10000 (SeeFutility vs SingularV2)
Finished game 1013 (SingularV2 vs SeeFutility): 1-0 {White wins by adjudication}
Score of SingularV2 vs SeeFutility: 289 - 327 - 398  [0.481] 1014
Started game 1027 of 10000 (SingularV2 vs SeeFutility)
Finished game 1014 (SeeFutility vs SingularV2): 1-0 {White wins by adjudication}
Score of SingularV2 vs SeeFutility: 289 - 328 - 398  [0.481] 1015
Started game 1028 of 10000 (SeeFutility vs SingularV2)
Finished game 1012 (SeeFutility vs SingularV2): 0-1 {Black wins by adjudication}
Score of SingularV2 vs SeeFutility: 290 - 328 - 398  [0.481] 1016
Started game 1029 of 10000 (SingularV2 vs SeeFutility)
Finished game 1005 (SingularV2 vs SeeFutility): 1-0 {White wins by adjudication}
Score of SingularV2 vs SeeFutility: 291 - 328 - 398  [0.482] 1017
Started game 1030 of 10000 (SeeFutility vs SingularV2)
Finished game 1016 (SeeFutility vs SingularV2): 0-1 {Black wins by adjudication}
Score of SingularV2 vs SeeFutility: 292 - 328 - 398  [0.482] 1018
Started game 1031 of 10000 (SingularV2 vs SeeFutility)
Finished game 1018 (SeeFutility vs SingularV2): 1-0 {White mates}
Score of SingularV2 vs SeeFutility: 292 - 329 - 398  [0.482] 1019
Started game 1032 of 10000 (SeeFutility vs SingularV2)
Finished game 1023 (SingularV2 vs SeeFutility): 1/2-1/2 {Draw by 3-fold repetition}
Score of SingularV2 vs SeeFutility: 292 - 329 - 399  [0.482] 1020
Started game 1033 of 10000 (SingularV2 vs SeeFutility)
Finished game 1019 (SingularV2 vs SeeFutility): 1-0 {White wins by adjudication}
Score of SingularV2 vs SeeFutility: 293 - 329 - 399  [0.482] 1021
Started game 1034 of 10000 (SeeFutility vs SingularV2)
Finished game 1022 (SeeFutility vs SingularV2): 1-0 {White wins by adjudication}
Score of SingularV2 vs SeeFutility: 293 - 330 - 399  [0.482] 1022
Started game 1035 of 10000 (SingularV2 vs SeeFutility)
Finished game 1029 (SingularV2 vs SeeFutility): 1/2-1/2 {Draw by 3-fold repetition}
Score of SingularV2 vs SeeFutility: 293 - 330 - 400  [0.482] 1023
Started game 1036 of 10000 (SeeFutility vs SingularV2)
Finished game 1021 (SingularV2 vs SeeFutility): 0-1 {Black wins by adjudication}
Score of SingularV2 vs SeeFutility: 293 - 331 - 400  [0.481] 1024
Started game 1037 of 10000 (SingularV2 vs SeeFutility)
Finished game 1024 (SeeFutility vs SingularV2): 0-1 {Black mates}
Score of SingularV2 vs SeeFutility: 294 - 331 - 400  [0.482] 1025
Started game 1038 of 10000 (SeeFutility vs SingularV2)
Finished game 1025 (SingularV2 vs SeeFutility): 1-0 {White wins by adjudication}
Score of SingularV2 vs SeeFutility: 295 - 331 - 400  [0.482] 1026
Started game 1039 of 10000 (SingularV2 vs SeeFutility)
Finished game 1032 (SeeFutility vs SingularV2): 1/2-1/2 {Draw by 3-fold repetition}
Score of SingularV2 vs SeeFutility: 295 - 331 - 401  [0.482] 1027
Started game 1040 of 10000 (SeeFutility vs SingularV2)
Finished game 1030 (SeeFutility vs SingularV2): 0-1 {Black wins by adjudication}
Score of SingularV2 vs SeeFutility: 296 - 331 - 401  [0.483] 1028
Started game 1041 of 10000 (SingularV2 vs SeeFutility)
Finished game 1027 (SingularV2 vs SeeFutility): 0-1 {Black wins by adjudication}
Score of SingularV2 vs SeeFutility: 296 - 332 - 401  [0.483] 1029
Started game 1042 of 10000 (SeeFutility vs SingularV2)
Finished game 1026 (SeeFutility vs SingularV2): 1-0 {White wins by adjudication}
Score of SingularV2 vs SeeFutility: 296 - 333 - 401  [0.482] 1030
Started game 1043 of 10000 (SingularV2 vs SeeFutility)
Finished game 1028 (SeeFutility vs SingularV2): 1/2-1/2 {Draw by adjudication}
Score of SingularV2 vs SeeFutility: 296 - 333 - 402  [0.482] 1031
Started game 1044 of 10000 (SeeFutility vs SingularV2)
Finished game 1031 (SingularV2 vs SeeFutility): 1-0 {White wins by adjudication}
Score of SingularV2 vs SeeFutility: 297 - 333 - 402  [0.483] 1032
Started game 1045 of 10000 (SingularV2 vs SeeFutility)
Finished game 1033 (SingularV2 vs SeeFutility): 0-1 {Black wins by adjudication}
Score of SingularV2 vs SeeFutility: 297 - 334 - 402  [0.482] 1033
Started game 1046 of 10000 (SeeFutility vs SingularV2)
Finished game 1037 (SingularV2 vs SeeFutility): 1-0 {White wins by adjudication}
Score of SingularV2 vs SeeFutility: 298 - 334 - 402  [0.483] 1034
Started game 1047 of 10000 (SingularV2 vs SeeFutility)
Finished game 1038 (SeeFutility vs SingularV2): 1-0 {White wins by adjudication}
Score of SingularV2 vs SeeFutility: 298 - 335 - 402  [0.482] 1035
Started game 1048 of 10000 (SeeFutility vs SingularV2)
Finished game 1034 (SeeFutility vs SingularV2): 0-1 {Black wins by adjudication}
Score of SingularV2 vs SeeFutility: 299 - 335 - 402  [0.483] 1036
Started game 1049 of 10000 (SingularV2 vs SeeFutility)
Finished game 1039 (SingularV2 vs SeeFutility): 1/2-1/2 {Draw by adjudication}
Score of SingularV2 vs SeeFutility: 299 - 335 - 403  [0.483] 1037
Started game 1050 of 10000 (SeeFutility vs SingularV2)
Finished game 1040 (SeeFutility vs SingularV2): 1/2-1/2 {Draw by 3-fold repetition}
Score of SingularV2 vs SeeFutility: 299 - 335 - 404  [0.483] 1038
Started game 1051 of 10000 (SingularV2 vs SeeFutility)
Finished game 1042 (SeeFutility vs SingularV2): 1/2-1/2 {Draw by adjudication}
Score of SingularV2 vs SeeFutility: 299 - 335 - 405  [0.483] 1039
Started game 1052 of 10000 (SeeFutility vs SingularV2)
Finished game 1045 (SingularV2 vs SeeFutility): 1/2-1/2 {Draw by 3-fold repetition}
Score of SingularV2 vs SeeFutility: 299 - 335 - 406  [0.483] 1040
Started game 1053 of 10000 (SingularV2 vs SeeFutility)
Finished game 1043 (SingularV2 vs SeeFutility): 0-1 {Black wins by adjudication}
Score of SingularV2 vs SeeFutility: 299 - 336 - 406  [0.482] 1041
Started game 1054 of 10000 (SeeFutility vs SingularV2)
Finished game 1047 (SingularV2 vs SeeFutility): 0-1 {Black wins by adjudication}
Score of SingularV2 vs SeeFutility: 299 - 337 - 406  [0.482] 1042
Started game 1055 of 10000 (SingularV2 vs SeeFutility)
Finished game 1041 (SingularV2 vs SeeFutility): 0-1 {Black wins by adjudication}
Score of SingularV2 vs SeeFutility: 299 - 338 - 406  [0.481] 1043
Started game 1056 of 10000 (SeeFutility vs SingularV2)
Finished game 1036 (SeeFutility vs SingularV2): 1/2-1/2 {Draw by adjudication}
Score of SingularV2 vs SeeFutility: 299 - 338 - 407  [0.481] 1044
Started game 1057 of 10000 (SingularV2 vs SeeFutility)
Finished game 1044 (SeeFutility vs SingularV2): 1/2-1/2 {Draw by 3-fold repetition}
Score of SingularV2 vs SeeFutility: 299 - 338 - 408  [0.481] 1045
Started game 1058 of 10000 (SeeFutility vs SingularV2)
Finished game 1049 (SingularV2 vs SeeFutility): 1/2-1/2 {Draw by 3-fold repetition}
Score of SingularV2 vs SeeFutility: 299 - 338 - 409  [0.481] 1046
Started game 1059 of 10000 (SingularV2 vs SeeFutility)
Finished game 1048 (SeeFutility vs SingularV2): 1/2-1/2 {Draw by insufficient mating material}
Score of SingularV2 vs SeeFutility: 299 - 338 - 410  [0.481] 1047
Started game 1060 of 10000 (SeeFutility vs SingularV2)
Finished game 1035 (SingularV2 vs SeeFutility): 1/2-1/2 {Draw by fifty moves rule}
Score of SingularV2 vs SeeFutility: 299 - 338 - 411  [0.481] 1048
Started game 1061 of 10000 (SingularV2 vs SeeFutility)
Finished game 1046 (SeeFutility vs SingularV2): 1/2-1/2 {Draw by 3-fold repetition}
Score of SingularV2 vs SeeFutility: 299 - 338 - 412  [0.481] 1049
Started game 1062 of 10000 (SeeFutility vs SingularV2)
Finished game 1050 (SeeFutility vs SingularV2): 1-0 {White wins by adjudication}
Score of SingularV2 vs SeeFutility: 299 - 339 - 412  [0.481] 1050
Started game 1063 of 10000 (SingularV2 vs SeeFutility)
Finished game 1053 (SingularV2 vs SeeFutility): 1/2-1/2 {Draw by 3-fold repetition}
Score of SingularV2 vs SeeFutility: 299 - 339 - 413  [0.481] 1051
Started game 1064 of 10000 (SeeFutility vs SingularV2)
Finished game 1052 (SeeFutility vs SingularV2): 1-0 {White wins by adjudication}
Score of SingularV2 vs SeeFutility: 299 - 340 - 413  [0.481] 1052
Started game 1065 of 10000 (SingularV2 vs SeeFutility)
Finished game 1056 (SeeFutility vs SingularV2): 1-0 {White wins by adjudication}
Score of SingularV2 vs SeeFutility: 299 - 341 - 413  [0.480] 1053
Started game 1066 of 10000 (SeeFutility vs SingularV2)
Finished game 1055 (SingularV2 vs SeeFutility): 1-0 {White wins by adjudication}
Score of SingularV2 vs SeeFutility: 300 - 341 - 413  [0.481] 1054
Started game 1067 of 10000 (SingularV2 vs SeeFutility)
Finished game 1054 (SeeFutility vs SingularV2): 1-0 {White wins by adjudication}
Score of SingularV2 vs SeeFutility: 300 - 342 - 413  [0.480] 1055
Started game 1068 of 10000 (SeeFutility vs SingularV2)
Finished game 1062 (SeeFutility vs SingularV2): 1/2-1/2 {Draw by 3-fold repetition}
Score of SingularV2 vs SeeFutility: 300 - 342 - 414  [0.480] 1056
Started game 1069 of 10000 (SingularV2 vs SeeFutility)
Finished game 1051 (SingularV2 vs SeeFutility): 0-1 {Black wins by adjudication}
Score of SingularV2 vs SeeFutility: 300 - 343 - 414  [0.480] 1057
Started game 1070 of 10000 (SeeFutility vs SingularV2)
Finished game 1058 (SeeFutility vs SingularV2): 1/2-1/2 {Draw by 3-fold repetition}
Score of SingularV2 vs SeeFutility: 300 - 343 - 415  [0.480] 1058
Started game 1071 of 10000 (SingularV2 vs SeeFutility)
Finished game 1057 (SingularV2 vs SeeFutility): 0-1 {Black wins by adjudication}
Score of SingularV2 vs SeeFutility: 300 - 344 - 415  [0.479] 1059
Started game 1072 of 10000 (SeeFutility vs SingularV2)
Finished game 1064 (SeeFutility vs SingularV2): 1/2-1/2 {Draw by 3-fold repetition}
Score of SingularV2 vs SeeFutility: 300 - 344 - 416  [0.479] 1060
Started game 1073 of 10000 (SingularV2 vs SeeFutility)
Finished game 1059 (SingularV2 vs SeeFutility): 1/2-1/2 {Draw by adjudication}
Score of SingularV2 vs SeeFutility: 300 - 344 - 417  [0.479] 1061
Started game 1074 of 10000 (SeeFutility vs SingularV2)
Finished game 1060 (SeeFutility vs SingularV2): 0-1 {Black wins by adjudication}
Score of SingularV2 vs SeeFutility: 301 - 344 - 417  [0.480] 1062
Started game 1075 of 10000 (SingularV2 vs SeeFutility)
Finished game 1061 (SingularV2 vs SeeFutility): 1/2-1/2 {Draw by insufficient mating material}
Score of SingularV2 vs SeeFutility: 301 - 344 - 418  [0.480] 1063
Started game 1076 of 10000 (SeeFutility vs SingularV2)
Finished game 1066 (SeeFutility vs SingularV2): 1-0 {White wins by adjudication}
Score of SingularV2 vs SeeFutility: 301 - 345 - 418  [0.479] 1064
Started game 1077 of 10000 (SingularV2 vs SeeFutility)
Finished game 1065 (SingularV2 vs SeeFutility): 1-0 {White wins by adjudication}
Score of SingularV2 vs SeeFutility: 302 - 345 - 418  [0.480] 1065
Started game 1078 of 10000 (SeeFutility vs SingularV2)
Finished game 1063 (SingularV2 vs SeeFutility): 0-1 {Black wins by adjudication}
Score of SingularV2 vs SeeFutility: 302 - 346 - 418  [0.479] 1066
Started game 1079 of 10000 (SingularV2 vs SeeFutility)
Finished game 1067 (SingularV2 vs SeeFutility): 1/2-1/2 {Draw by 3-fold repetition}
Score of SingularV2 vs SeeFutility: 302 - 346 - 419  [0.479] 1067
Started game 1080 of 10000 (SeeFutility vs SingularV2)
Finished game 1074 (SeeFutility vs SingularV2): 1/2-1/2 {Draw by 3-fold repetition}
Score of SingularV2 vs SeeFutility: 302 - 346 - 420  [0.479] 1068
Started game 1081 of 10000 (SingularV2 vs SeeFutility)
Finished game 1068 (SeeFutility vs SingularV2): 1/2-1/2 {Draw by 3-fold repetition}
Score of SingularV2 vs SeeFutility: 302 - 346 - 421  [0.479] 1069
Started game 1082 of 10000 (SeeFutility vs SingularV2)
Finished game 1071 (SingularV2 vs SeeFutility): 1-0 {White wins by adjudication}
Score of SingularV2 vs SeeFutility: 303 - 346 - 421  [0.480] 1070
Started game 1083 of 10000 (SingularV2 vs SeeFutility)
Finished game 1069 (SingularV2 vs SeeFutility): 1/2-1/2 {Draw by insufficient mating material}
Score of SingularV2 vs SeeFutility: 303 - 346 - 422  [0.480] 1071
Started game 1084 of 10000 (SeeFutility vs SingularV2)
Finished game 1070 (SeeFutility vs SingularV2): 1/2-1/2 {Draw by 3-fold repetition}
Score of SingularV2 vs SeeFutility: 303 - 346 - 423  [0.480] 1072
Started game 1085 of 10000 (SingularV2 vs SeeFutility)
Finished game 1072 (SeeFutility vs SingularV2): 1-0 {White wins by adjudication}
Score of SingularV2 vs SeeFutility: 303 - 347 - 423  [0.479] 1073
Started game 1086 of 10000 (SeeFutility vs SingularV2)
Finished game 1078 (SeeFutility vs SingularV2): 1/2-1/2 {Draw by 3-fold repetition}
Score of SingularV2 vs SeeFutility: 303 - 347 - 424  [0.480] 1074
Started game 1087 of 10000 (SingularV2 vs SeeFutility)
Finished game 1073 (SingularV2 vs SeeFutility): 0-1 {Black wins by adjudication}
Score of SingularV2 vs SeeFutility: 303 - 348 - 424  [0.479] 1075
Started game 1088 of 10000 (SeeFutility vs SingularV2)
Finished game 1075 (SingularV2 vs SeeFutility): 1-0 {White wins by adjudication}
Score of SingularV2 vs SeeFutility: 304 - 348 - 424  [0.480] 1076
Started game 1089 of 10000 (SingularV2 vs SeeFutility)
Finished game 1077 (SingularV2 vs SeeFutility): 1/2-1/2 {Draw by 3-fold repetition}
Score of SingularV2 vs SeeFutility: 304 - 348 - 425  [0.480] 1077
Started game 1090 of 10000 (SeeFutility vs SingularV2)
Finished game 1076 (SeeFutility vs SingularV2): 1-0 {White wins by adjudication}
Score of SingularV2 vs SeeFutility: 304 - 349 - 425  [0.479] 1078
Started game 1091 of 10000 (SingularV2 vs SeeFutility)
Finished game 1080 (SeeFutility vs SingularV2): 1/2-1/2 {Draw by 3-fold repetition}
Score of SingularV2 vs SeeFutility: 304 - 349 - 426  [0.479] 1079
Started game 1092 of 10000 (SeeFutility vs SingularV2)
Finished game 1079 (SingularV2 vs SeeFutility): 1-0 {White wins by adjudication}
Score of SingularV2 vs SeeFutility: 305 - 349 - 426  [0.480] 1080
Started game 1093 of 10000 (SingularV2 vs SeeFutility)
Finished game 1084 (SeeFutility vs SingularV2): 1-0 {White mates}
Score of SingularV2 vs SeeFutility: 305 - 350 - 426  [0.479] 1081
Started game 1094 of 10000 (SeeFutility vs SingularV2)
Finished game 1083 (SingularV2 vs SeeFutility): 1-0 {White wins by adjudication}
Score of SingularV2 vs SeeFutility: 306 - 350 - 426  [0.480] 1082
Started game 1095 of 10000 (SingularV2 vs SeeFutility)
Finished game 1086 (SeeFutility vs SingularV2): 0-1 {Black wins by adjudication}
Score of SingularV2 vs SeeFutility: 307 - 350 - 426  [0.480] 1083
Started game 1096 of 10000 (SeeFutility vs SingularV2)
Finished game 1081 (SingularV2 vs SeeFutility): 0-1 {Black wins by adjudication}
Score of SingularV2 vs SeeFutility: 307 - 351 - 426  [0.480] 1084
Started game 1097 of 10000 (SingularV2 vs SeeFutility)
Finished game 1085 (SingularV2 vs SeeFutility): 0-1 {Black wins by adjudication}
Score of SingularV2 vs SeeFutility: 307 - 352 - 426  [0.479] 1085
Started game 1098 of 10000 (SeeFutility vs SingularV2)
Finished game 1089 (SingularV2 vs SeeFutility): 1-0 {White wins by adjudication}
Score of SingularV2 vs SeeFutility: 308 - 352 - 426  [0.480] 1086
Started game 1099 of 10000 (SingularV2 vs SeeFutility)
Finished game 1088 (SeeFutility vs SingularV2): 1/2-1/2 {Draw by insufficient mating material}
Score of SingularV2 vs SeeFutility: 308 - 352 - 427  [0.480] 1087
Started game 1100 of 10000 (SeeFutility vs SingularV2)
Finished game 1087 (SingularV2 vs SeeFutility): 1/2-1/2 {Draw by adjudication}
Score of SingularV2 vs SeeFutility: 308 - 352 - 428  [0.480] 1088
Started game 1101 of 10000 (SingularV2 vs SeeFutility)
Finished game 1091 (SingularV2 vs SeeFutility): 1-0 {White wins by adjudication}
Score of SingularV2 vs SeeFutility: 309 - 352 - 428  [0.480] 1089
Started game 1102 of 10000 (SeeFutility vs SingularV2)
Finished game 1090 (SeeFutility vs SingularV2): 1/2-1/2 {Draw by adjudication}
Score of SingularV2 vs SeeFutility: 309 - 352 - 429  [0.480] 1090
Started game 1103 of 10000 (SingularV2 vs SeeFutility)
Finished game 1093 (SingularV2 vs SeeFutility): 1/2-1/2 {Draw by 3-fold repetition}
Score of SingularV2 vs SeeFutility: 309 - 352 - 430  [0.480] 1091
Started game 1104 of 10000 (SeeFutility vs SingularV2)
Finished game 1082 (SeeFutility vs SingularV2): 1-0 {White wins by adjudication}
Score of SingularV2 vs SeeFutility: 309 - 353 - 430  [0.480] 1092
Started game 1105 of 10000 (SingularV2 vs SeeFutility)
Finished game 1098 (SeeFutility vs SingularV2): 1/2-1/2 {Draw by 3-fold repetition}
Score of SingularV2 vs SeeFutility: 309 - 353 - 431  [0.480] 1093
Started game 1106 of 10000 (SeeFutility vs SingularV2)
Finished game 1092 (SeeFutility vs SingularV2): 1-0 {White wins by adjudication}
Score of SingularV2 vs SeeFutility: 309 - 354 - 431  [0.479] 1094
Started game 1107 of 10000 (SingularV2 vs SeeFutility)
Finished game 1096 (SeeFutility vs SingularV2): 1-0 {White wins by adjudication}
Score of SingularV2 vs SeeFutility: 309 - 355 - 431  [0.479] 1095
Started game 1108 of 10000 (SeeFutility vs SingularV2)
Finished game 1094 (SeeFutility vs SingularV2): 0-1 {Black wins by adjudication}
Score of SingularV2 vs SeeFutility: 310 - 355 - 431  [0.479] 1096
Started game 1109 of 10000 (SingularV2 vs SeeFutility)
Finished game 1100 (SeeFutility vs SingularV2): 1/2-1/2 {Draw by 3-fold repetition}
Score of SingularV2 vs SeeFutility: 310 - 355 - 432  [0.479] 1097
Started game 1110 of 10000 (SeeFutility vs SingularV2)
Finished game 1097 (SingularV2 vs SeeFutility): 1-0 {White wins by adjudication}
Score of SingularV2 vs SeeFutility: 311 - 355 - 432  [0.480] 1098
Started game 1111 of 10000 (SingularV2 vs SeeFutility)
Finished game 1095 (SingularV2 vs SeeFutility): 1-0 {White wins by adjudication}
Score of SingularV2 vs SeeFutility: 312 - 355 - 432  [0.480] 1099
Started game 1112 of 10000 (SeeFutility vs SingularV2)
Finished game 1099 (SingularV2 vs SeeFutility): 1-0 {White wins by adjudication}
Score of SingularV2 vs SeeFutility: 313 - 355 - 432  [0.481] 1100
Started game 1113 of 10000 (SingularV2 vs SeeFutility)
Finished game 1101 (SingularV2 vs SeeFutility): 1/2-1/2 {Draw by insufficient mating material}
Score of SingularV2 vs SeeFutility: 313 - 355 - 433  [0.481] 1101
Started game 1114 of 10000 (SeeFutility vs SingularV2)
Finished game 1102 (SeeFutility vs SingularV2): 1/2-1/2 {Draw by insufficient mating material}
Score of SingularV2 vs SeeFutility: 313 - 355 - 434  [0.481] 1102
Started game 1115 of 10000 (SingularV2 vs SeeFutility)
Finished game 1110 (SeeFutility vs SingularV2): 1-0 {White wins by adjudication}
Score of SingularV2 vs SeeFutility: 313 - 356 - 434  [0.481] 1103
Started game 1116 of 10000 (SeeFutility vs SingularV2)
Finished game 1103 (SingularV2 vs SeeFutility): 0-1 {Black wins by adjudication}
Score of SingularV2 vs SeeFutility: 313 - 357 - 434  [0.480] 1104
Started game 1117 of 10000 (SingularV2 vs SeeFutility)
Finished game 1104 (SeeFutility vs SingularV2): 0-1 {Black wins by adjudication}
Score of SingularV2 vs SeeFutility: 314 - 357 - 434  [0.481] 1105
Started game 1118 of 10000 (SeeFutility vs SingularV2)
Finished game 1105 (SingularV2 vs SeeFutility): 1-0 {White wins by adjudication}
Score of SingularV2 vs SeeFutility: 315 - 357 - 434  [0.481] 1106
Started game 1119 of 10000 (SingularV2 vs SeeFutility)
Finished game 1106 (SeeFutility vs SingularV2): 1/2-1/2 {Draw by 3-fold repetition}
Score of SingularV2 vs SeeFutility: 315 - 357 - 435  [0.481] 1107
Started game 1120 of 10000 (SeeFutility vs SingularV2)
Finished game 1108 (SeeFutility vs SingularV2): 1-0 {White wins by adjudication}
Score of SingularV2 vs SeeFutility: 315 - 358 - 435  [0.481] 1108
Started game 1121 of 10000 (SingularV2 vs SeeFutility)
Finished game 1107 (SingularV2 vs SeeFutility): 1-0 {White wins by adjudication}
Score of SingularV2 vs SeeFutility: 316 - 358 - 435  [0.481] 1109
Started game 1122 of 10000 (SeeFutility vs SingularV2)
Finished game 1113 (SingularV2 vs SeeFutility): 1-0 {White wins by adjudication}
Score of SingularV2 vs SeeFutility: 317 - 358 - 435  [0.482] 1110
Started game 1123 of 10000 (SingularV2 vs SeeFutility)
Finished game 1111 (SingularV2 vs SeeFutility): 1/2-1/2 {Draw by 3-fold repetition}
Score of SingularV2 vs SeeFutility: 317 - 358 - 436  [0.482] 1111
Started game 1124 of 10000 (SeeFutility vs SingularV2)
Finished game 1109 (SingularV2 vs SeeFutility): 1/2-1/2 {Draw by insufficient mating material}
Score of SingularV2 vs SeeFutility: 317 - 358 - 437  [0.482] 1112
Started game 1125 of 10000 (SingularV2 vs SeeFutility)
Finished game 1116 (SeeFutility vs SingularV2): 1/2-1/2 {Draw by 3-fold repetition}
Score of SingularV2 vs SeeFutility: 317 - 358 - 438  [0.482] 1113
Started game 1126 of 10000 (SeeFutility vs SingularV2)
Finished game 1114 (SeeFutility vs SingularV2): 1-0 {White wins by adjudication}
Score of SingularV2 vs SeeFutility: 317 - 359 - 438  [0.481] 1114
Started game 1127 of 10000 (SingularV2 vs SeeFutility)
Finished game 1112 (SeeFutility vs SingularV2): 0-1 {Black wins by adjudication}
Score of SingularV2 vs SeeFutility: 318 - 359 - 438  [0.482] 1115
Started game 1128 of 10000 (SeeFutility vs SingularV2)
Finished game 1117 (SingularV2 vs SeeFutility): 1-0 {White wins by adjudication}
Score of SingularV2 vs SeeFutility: 319 - 359 - 438  [0.482] 1116
Started game 1129 of 10000 (SingularV2 vs SeeFutility)
Finished game 1118 (SeeFutility vs SingularV2): 1-0 {White wins by adjudication}
Score of SingularV2 vs SeeFutility: 319 - 360 - 438  [0.482] 1117
Started game 1130 of 10000 (SeeFutility vs SingularV2)
Finished game 1120 (SeeFutility vs SingularV2): 1-0 {White wins by adjudication}
Score of SingularV2 vs SeeFutility: 319 - 361 - 438  [0.481] 1118
Started game 1131 of 10000 (SingularV2 vs SeeFutility)
Finished game 1126 (SeeFutility vs SingularV2): 1/2-1/2 {Draw by 3-fold repetition}
Score of SingularV2 vs SeeFutility: 319 - 361 - 439  [0.481] 1119
Started game 1132 of 10000 (SeeFutility vs SingularV2)
Finished game 1119 (SingularV2 vs SeeFutility): 0-1 {Black wins by adjudication}
Score of SingularV2 vs SeeFutility: 319 - 362 - 439  [0.481] 1120
Started game 1133 of 10000 (SingularV2 vs SeeFutility)
Finished game 1115 (SingularV2 vs SeeFutility): 1/2-1/2 {Draw by fifty moves rule}
Score of SingularV2 vs SeeFutility: 319 - 362 - 440  [0.481] 1121
Started game 1134 of 10000 (SeeFutility vs SingularV2)
Finished game 1125 (SingularV2 vs SeeFutility): 0-1 {Black wins by adjudication}
Score of SingularV2 vs SeeFutility: 319 - 363 - 440  [0.480] 1122
Started game 1135 of 10000 (SingularV2 vs SeeFutility)
Finished game 1122 (SeeFutility vs SingularV2): 1/2-1/2 {Draw by adjudication}
Score of SingularV2 vs SeeFutility: 319 - 363 - 441  [0.480] 1123
Started game 1136 of 10000 (SeeFutility vs SingularV2)
Finished game 1123 (SingularV2 vs SeeFutility): 1-0 {White mates}
Score of SingularV2 vs SeeFutility: 320 - 363 - 441  [0.481] 1124
Started game 1137 of 10000 (SingularV2 vs SeeFutility)
Finished game 1131 (SingularV2 vs SeeFutility): 1/2-1/2 {Draw by 3-fold repetition}
Score of SingularV2 vs SeeFutility: 320 - 363 - 442  [0.481] 1125
Started game 1138 of 10000 (SeeFutility vs SingularV2)
Finished game 1129 (SingularV2 vs SeeFutility): 0-1 {Black wins by adjudication}
Score of SingularV2 vs SeeFutility: 320 - 364 - 442  [0.480] 1126
Started game 1139 of 10000 (SingularV2 vs SeeFutility)
Finished game 1121 (SingularV2 vs SeeFutility): 1/2-1/2 {Draw by adjudication}
Score of SingularV2 vs SeeFutility: 320 - 364 - 443  [0.480] 1127
Started game 1140 of 10000 (SeeFutility vs SingularV2)
Finished game 1130 (SeeFutility vs SingularV2): 0-1 {Black wins by adjudication}
Score of SingularV2 vs SeeFutility: 321 - 364 - 443  [0.481] 1128
Started game 1141 of 10000 (SingularV2 vs SeeFutility)
Finished game 1127 (SingularV2 vs SeeFutility): 1/2-1/2 {Draw by insufficient mating material}
Score of SingularV2 vs SeeFutility: 321 - 364 - 444  [0.481] 1129
Started game 1142 of 10000 (SeeFutility vs SingularV2)
Finished game 1128 (SeeFutility vs SingularV2): 1-0 {White wins by adjudication}
Score of SingularV2 vs SeeFutility: 321 - 365 - 444  [0.481] 1130
Started game 1143 of 10000 (SingularV2 vs SeeFutility)
Finished game 1124 (SeeFutility vs SingularV2): 1/2-1/2 {Draw by 3-fold repetition}
Score of SingularV2 vs SeeFutility: 321 - 365 - 445  [0.481] 1131
Started game 1144 of 10000 (SeeFutility vs SingularV2)
Finished game 1132 (SeeFutility vs SingularV2): 0-1 {Black wins by adjudication}
Score of SingularV2 vs SeeFutility: 322 - 365 - 445  [0.481] 1132
Started game 1145 of 10000 (SingularV2 vs SeeFutility)
Finished game 1134 (SeeFutility vs SingularV2): 1-0 {White wins by adjudication}
Score of SingularV2 vs SeeFutility: 322 - 366 - 445  [0.481] 1133
Started game 1146 of 10000 (SeeFutility vs SingularV2)
Finished game 1135 (SingularV2 vs SeeFutility): 1/2-1/2 {Draw by adjudication}
Score of SingularV2 vs SeeFutility: 322 - 366 - 446  [0.481] 1134
Started game 1147 of 10000 (SingularV2 vs SeeFutility)
Finished game 1133 (SingularV2 vs SeeFutility): 0-1 {Black wins by adjudication}
Score of SingularV2 vs SeeFutility: 322 - 367 - 446  [0.480] 1135
Started game 1148 of 10000 (SeeFutility vs SingularV2)
Finished game 1143 (SingularV2 vs SeeFutility): 1-0 {White wins by adjudication}
Score of SingularV2 vs SeeFutility: 323 - 367 - 446  [0.481] 1136
Started game 1149 of 10000 (SingularV2 vs SeeFutility)
Finished game 1138 (SeeFutility vs SingularV2): 1-0 {White wins by adjudication}
Score of SingularV2 vs SeeFutility: 323 - 368 - 446  [0.480] 1137
Started game 1150 of 10000 (SeeFutility vs SingularV2)
Finished game 1144 (SeeFutility vs SingularV2): 1-0 {White wins by adjudication}
Score of SingularV2 vs SeeFutility: 323 - 369 - 446  [0.480] 1138
Started game 1151 of 10000 (SingularV2 vs SeeFutility)
Finished game 1136 (SeeFutility vs SingularV2): 0-1 {Black wins by adjudication}
Score of SingularV2 vs SeeFutility: 324 - 369 - 446  [0.480] 1139
Started game 1152 of 10000 (SeeFutility vs SingularV2)
Finished game 1141 (SingularV2 vs SeeFutility): 1/2-1/2 {Draw by insufficient mating material}
Score of SingularV2 vs SeeFutility: 324 - 369 - 447  [0.480] 1140
Started game 1153 of 10000 (SingularV2 vs SeeFutility)
Finished game 1139 (SingularV2 vs SeeFutility): 1/2-1/2 {Draw by 3-fold repetition}
Score of SingularV2 vs SeeFutility: 324 - 369 - 448  [0.480] 1141
Started game 1154 of 10000 (SeeFutility vs SingularV2)
Finished game 1140 (SeeFutility vs SingularV2): 1-0 {White wins by adjudication}
Score of SingularV2 vs SeeFutility: 324 - 370 - 448  [0.480] 1142
Started game 1155 of 10000 (SingularV2 vs SeeFutility)
Finished game 1137 (SingularV2 vs SeeFutility): 1/2-1/2 {Draw by 3-fold repetition}
Score of SingularV2 vs SeeFutility: 324 - 370 - 449  [0.480] 1143
Started game 1156 of 10000 (SeeFutility vs SingularV2)
Finished game 1146 (SeeFutility vs SingularV2): 0-1 {Black wins by adjudication}
Score of SingularV2 vs SeeFutility: 325 - 370 - 449  [0.480] 1144
Started game 1157 of 10000 (SingularV2 vs SeeFutility)
Finished game 1147 (SingularV2 vs SeeFutility): 1-0 {White wins by adjudication}
Score of SingularV2 vs SeeFutility: 326 - 370 - 449  [0.481] 1145
Started game 1158 of 10000 (SeeFutility vs SingularV2)
Finished game 1149 (SingularV2 vs SeeFutility): 1-0 {White wins by adjudication}
Score of SingularV2 vs SeeFutility: 327 - 370 - 449  [0.481] 1146
Started game 1159 of 10000 (SingularV2 vs SeeFutility)
Finished game 1145 (SingularV2 vs SeeFutility): 1/2-1/2 {Draw by insufficient mating material}
Score of SingularV2 vs SeeFutility: 327 - 370 - 450  [0.481] 1147
Started game 1160 of 10000 (SeeFutility vs SingularV2)
Finished game 1148 (SeeFutility vs SingularV2): 1/2-1/2 {Draw by adjudication}
Score of SingularV2 vs SeeFutility: 327 - 370 - 451  [0.481] 1148
Started game 1161 of 10000 (SingularV2 vs SeeFutility)
Finished game 1142 (SeeFutility vs SingularV2): 1/2-1/2 {Draw by fifty moves rule}
Score of SingularV2 vs SeeFutility: 327 - 370 - 452  [0.481] 1149
Started game 1162 of 10000 (SeeFutility vs SingularV2)
Finished game 1150 (SeeFutility vs SingularV2): 1-0 {White wins by adjudication}
Score of SingularV2 vs SeeFutility: 327 - 371 - 452  [0.481] 1150
Started game 1163 of 10000 (SingularV2 vs SeeFutility)
Finished game 1155 (SingularV2 vs SeeFutility): 1/2-1/2 {Draw by 3-fold repetition}
Score of SingularV2 vs SeeFutility: 327 - 371 - 453  [0.481] 1151
Started game 1164 of 10000 (SeeFutility vs SingularV2)
Finished game 1153 (SingularV2 vs SeeFutility): 0-1 {Black wins by adjudication}
Score of SingularV2 vs SeeFutility: 327 - 372 - 453  [0.480] 1152
Started game 1165 of 10000 (SingularV2 vs SeeFutility)
Finished game 1151 (SingularV2 vs SeeFutility): 1/2-1/2 {Draw by insufficient mating material}
Score of SingularV2 vs SeeFutility: 327 - 372 - 454  [0.480] 1153
Started game 1166 of 10000 (SeeFutility vs SingularV2)
Finished game 1162 (SeeFutility vs SingularV2): 1/2-1/2 {Draw by 3-fold repetition}
Score of SingularV2 vs SeeFutility: 327 - 372 - 455  [0.481] 1154
Started game 1167 of 10000 (SingularV2 vs SeeFutility)
Finished game 1152 (SeeFutility vs SingularV2): 1-0 {White wins by adjudication}
Score of SingularV2 vs SeeFutility: 327 - 373 - 455  [0.480] 1155
Started game 1168 of 10000 (SeeFutility vs SingularV2)
Finished game 1157 (SingularV2 vs SeeFutility): 1-0 {White wins by adjudication}
Score of SingularV2 vs SeeFutility: 328 - 373 - 455  [0.481] 1156
Started game 1169 of 10000 (SingularV2 vs SeeFutility)
Finished game 1158 (SeeFutility vs SingularV2): 1-0 {White wins by adjudication}
Score of SingularV2 vs SeeFutility: 328 - 374 - 455  [0.480] 1157
Started game 1170 of 10000 (SeeFutility vs SingularV2)
Finished game 1161 (SingularV2 vs SeeFutility): 1-0 {White wins by adjudication}
Score of SingularV2 vs SeeFutility: 329 - 374 - 455  [0.481] 1158
Started game 1171 of 10000 (SingularV2 vs SeeFutility)
Finished game 1159 (SingularV2 vs SeeFutility): 1-0 {White wins by adjudication}
Score of SingularV2 vs SeeFutility: 330 - 374 - 455  [0.481] 1159
Started game 1172 of 10000 (SeeFutility vs SingularV2)
Finished game 1154 (SeeFutility vs SingularV2): 1/2-1/2 {Draw by fifty moves rule}
Score of SingularV2 vs SeeFutility: 330 - 374 - 456  [0.481] 1160
Started game 1173 of 10000 (SingularV2 vs SeeFutility)
Finished game 1160 (SeeFutility vs SingularV2): 1-0 {White wins by adjudication}
Score of SingularV2 vs SeeFutility: 330 - 375 - 456  [0.481] 1161
Started game 1174 of 10000 (SeeFutility vs SingularV2)
Finished game 1163 (SingularV2 vs SeeFutility): 1/2-1/2 {Draw by 3-fold repetition}
Score of SingularV2 vs SeeFutility: 330 - 375 - 457  [0.481] 1162
Started game 1175 of 10000 (SingularV2 vs SeeFutility)
Finished game 1156 (SeeFutility vs SingularV2): 1/2-1/2 {Draw by adjudication}
Score of SingularV2 vs SeeFutility: 330 - 375 - 458  [0.481] 1163
Started game 1176 of 10000 (SeeFutility vs SingularV2)
Finished game 1164 (SeeFutility vs SingularV2): 0-1 {Black wins by adjudication}
Score of SingularV2 vs SeeFutility: 331 - 375 - 458  [0.481] 1164
Started game 1177 of 10000 (SingularV2 vs SeeFutility)
Finished game 1167 (SingularV2 vs SeeFutility): 1/2-1/2 {Draw by adjudication}
Score of SingularV2 vs SeeFutility: 331 - 375 - 459  [0.481] 1165
Started game 1178 of 10000 (SeeFutility vs SingularV2)
Finished game 1166 (SeeFutility vs SingularV2): 1-0 {White wins by adjudication}
Score of SingularV2 vs SeeFutility: 331 - 376 - 459  [0.481] 1166
Started game 1179 of 10000 (SingularV2 vs SeeFutility)
Finished game 1171 (SingularV2 vs SeeFutility): 1-0 {White wins by adjudication}
Score of SingularV2 vs SeeFutility: 332 - 376 - 459  [0.481] 1167
Started game 1180 of 10000 (SeeFutility vs SingularV2)
Finished game 1173 (SingularV2 vs SeeFutility): 1/2-1/2 {Draw by 3-fold repetition}
Score of SingularV2 vs SeeFutility: 332 - 376 - 460  [0.481] 1168
Started game 1181 of 10000 (SingularV2 vs SeeFutility)
Finished game 1165 (SingularV2 vs SeeFutility): 1-0 {White wins by adjudication}
Score of SingularV2 vs SeeFutility: 333 - 376 - 460  [0.482] 1169
Started game 1182 of 10000 (SeeFutility vs SingularV2)
Finished game 1170 (SeeFutility vs SingularV2): 1/2-1/2 {Draw by adjudication}
Score of SingularV2 vs SeeFutility: 333 - 376 - 461  [0.482] 1170
Started game 1183 of 10000 (SingularV2 vs SeeFutility)
Finished game 1172 (SeeFutility vs SingularV2): 1-0 {White wins by adjudication}
Score of SingularV2 vs SeeFutility: 333 - 377 - 461  [0.481] 1171
Started game 1184 of 10000 (SeeFutility vs SingularV2)
Finished game 1168 (SeeFutility vs SingularV2): 1/2-1/2 {Draw by adjudication}
Score of SingularV2 vs SeeFutility: 333 - 377 - 462  [0.481] 1172
Started game 1185 of 10000 (SingularV2 vs SeeFutility)
Finished game 1177 (SingularV2 vs SeeFutility): 1-0 {White wins by adjudication}
Score of SingularV2 vs SeeFutility: 334 - 377 - 462  [0.482] 1173
Started game 1186 of 10000 (SeeFutility vs SingularV2)
Finished game 1169 (SingularV2 vs SeeFutility): 1-0 {White wins by adjudication}
Score of SingularV2 vs SeeFutility: 335 - 377 - 462  [0.482] 1174
Started game 1187 of 10000 (SingularV2 vs SeeFutility)
Finished game 1175 (SingularV2 vs SeeFutility): 0-1 {Black wins by adjudication}
Score of SingularV2 vs SeeFutility: 335 - 378 - 462  [0.482] 1175
Started game 1188 of 10000 (SeeFutility vs SingularV2)
Finished game 1174 (SeeFutility vs SingularV2): 1/2-1/2 {Draw by adjudication}
Score of SingularV2 vs SeeFutility: 335 - 378 - 463  [0.482] 1176
Started game 1189 of 10000 (SingularV2 vs SeeFutility)
Finished game 1176 (SeeFutility vs SingularV2): 0-1 {Black wins by adjudication}
Score of SingularV2 vs SeeFutility: 336 - 378 - 463  [0.482] 1177
Started game 1190 of 10000 (SeeFutility vs SingularV2)
Finished game 1178 (SeeFutility vs SingularV2): 1-0 {White wins by adjudication}
Score of SingularV2 vs SeeFutility: 336 - 379 - 463  [0.482] 1178
Started game 1191 of 10000 (SingularV2 vs SeeFutility)
Finished game 1181 (SingularV2 vs SeeFutility): 1/2-1/2 {Draw by 3-fold repetition}
Score of SingularV2 vs SeeFutility: 336 - 379 - 464  [0.482] 1179
Started game 1192 of 10000 (SeeFutility vs SingularV2)
Finished game 1179 (SingularV2 vs SeeFutility): 0-1 {Black wins by adjudication}
Score of SingularV2 vs SeeFutility: 336 - 380 - 464  [0.481] 1180
Started game 1193 of 10000 (SingularV2 vs SeeFutility)
Finished game 1180 (SeeFutility vs SingularV2): 0-1 {Black wins by adjudication}
Score of SingularV2 vs SeeFutility: 337 - 380 - 464  [0.482] 1181
Started game 1194 of 10000 (SeeFutility vs SingularV2)
Finished game 1183 (SingularV2 vs SeeFutility): 1-0 {White wins by adjudication}
Score of SingularV2 vs SeeFutility: 338 - 380 - 464  [0.482] 1182
Started game 1195 of 10000 (SingularV2 vs SeeFutility)
Finished game 1184 (SeeFutility vs SingularV2): 1-0 {White wins by adjudication}
Score of SingularV2 vs SeeFutility: 338 - 381 - 464  [0.482] 1183
Started game 1196 of 10000 (SeeFutility vs SingularV2)
Finished game 1187 (SingularV2 vs SeeFutility): 0-1 {Black wins by adjudication}
Score of SingularV2 vs SeeFutility: 338 - 382 - 464  [0.481] 1184
Started game 1197 of 10000 (SingularV2 vs SeeFutility)
Finished game 1185 (SingularV2 vs SeeFutility): 1-0 {White wins by adjudication}
Score of SingularV2 vs SeeFutility: 339 - 382 - 464  [0.482] 1185
Started game 1198 of 10000 (SeeFutility vs SingularV2)
Finished game 1188 (SeeFutility vs SingularV2): 1-0 {White wins by adjudication}
Score of SingularV2 vs SeeFutility: 339 - 383 - 464  [0.481] 1186
Started game 1199 of 10000 (SingularV2 vs SeeFutility)
Finished game 1189 (SingularV2 vs SeeFutility): 1/2-1/2 {Draw by insufficient mating material}
Score of SingularV2 vs SeeFutility: 339 - 383 - 465  [0.481] 1187
Started game 1200 of 10000 (SeeFutility vs SingularV2)
Finished game 1182 (SeeFutility vs SingularV2): 1/2-1/2 {Draw by adjudication}
Score of SingularV2 vs SeeFutility: 339 - 383 - 466  [0.481] 1188
Started game 1201 of 10000 (SingularV2 vs SeeFutility)
Finished game 1186 (SeeFutility vs SingularV2): 0-1 {Black wins by adjudication}
Score of SingularV2 vs SeeFutility: 340 - 383 - 466  [0.482] 1189
Started game 1202 of 10000 (SeeFutility vs SingularV2)
Finished game 1191 (SingularV2 vs SeeFutility): 1/2-1/2 {Draw by 3-fold repetition}
Score of SingularV2 vs SeeFutility: 340 - 383 - 467  [0.482] 1190
Started game 1203 of 10000 (SingularV2 vs SeeFutility)
Finished game 1190 (SeeFutility vs SingularV2): 0-1 {Black wins by adjudication}
Score of SingularV2 vs SeeFutility: 341 - 383 - 467  [0.482] 1191
Started game 1204 of 10000 (SeeFutility vs SingularV2)
Finished game 1194 (SeeFutility vs SingularV2): 0-1 {Black wins by adjudication}
Score of SingularV2 vs SeeFutility: 342 - 383 - 467  [0.483] 1192
Started game 1205 of 10000 (SingularV2 vs SeeFutility)
Finished game 1193 (SingularV2 vs SeeFutility): 1/2-1/2 {Draw by adjudication}
Score of SingularV2 vs SeeFutility: 342 - 383 - 468  [0.483] 1193
Started game 1206 of 10000 (SeeFutility vs SingularV2)
Finished game 1201 (SingularV2 vs SeeFutility): 1/2-1/2 {Draw by 3-fold repetition}
Score of SingularV2 vs SeeFutility: 342 - 383 - 469  [0.483] 1194
Started game 1207 of 10000 (SingularV2 vs SeeFutility)
Finished game 1192 (SeeFutility vs SingularV2): 0-1 {Black wins by adjudication}
Score of SingularV2 vs SeeFutility: 343 - 383 - 469  [0.483] 1195
Started game 1208 of 10000 (SeeFutility vs SingularV2)
Finished game 1196 (SeeFutility vs SingularV2): 1/2-1/2 {Draw by 3-fold repetition}
Score of SingularV2 vs SeeFutility: 343 - 383 - 470  [0.483] 1196
Started game 1209 of 10000 (SingularV2 vs SeeFutility)
Finished game 1202 (SeeFutility vs SingularV2): 1-0 {White wins by adjudication}
Score of SingularV2 vs SeeFutility: 343 - 384 - 470  [0.483] 1197
Started game 1210 of 10000 (SeeFutility vs SingularV2)
Finished game 1199 (SingularV2 vs SeeFutility): 1-0 {White wins by adjudication}
Score of SingularV2 vs SeeFutility: 344 - 384 - 470  [0.483] 1198
Started game 1211 of 10000 (SingularV2 vs SeeFutility)
Finished game 1197 (SingularV2 vs SeeFutility): 1-0 {White wins by adjudication}
Score of SingularV2 vs SeeFutility: 345 - 384 - 470  [0.484] 1199
Started game 1212 of 10000 (SeeFutility vs SingularV2)
Finished game 1195 (SingularV2 vs SeeFutility): 1-0 {White wins by adjudication}
Score of SingularV2 vs SeeFutility: 346 - 384 - 470  [0.484] 1200
Started game 1213 of 10000 (SingularV2 vs SeeFutility)
Finished game 1203 (SingularV2 vs SeeFutility): 1-0 {White wins by adjudication}
Score of SingularV2 vs SeeFutility: 347 - 384 - 470  [0.485] 1201
Started game 1214 of 10000 (SeeFutility vs SingularV2)
Finished game 1200 (SeeFutility vs SingularV2): 1-0 {White wins by adjudication}
Score of SingularV2 vs SeeFutility: 347 - 385 - 470  [0.484] 1202
Started game 1215 of 10000 (SingularV2 vs SeeFutility)
Finished game 1204 (SeeFutility vs SingularV2): 1-0 {White wins by adjudication}
Score of SingularV2 vs SeeFutility: 347 - 386 - 470  [0.484] 1203
Started game 1216 of 10000 (SeeFutility vs SingularV2)
Finished game 1198 (SeeFutility vs SingularV2): 1-0 {White wins by adjudication}
Score of SingularV2 vs SeeFutility: 347 - 387 - 470  [0.483] 1204
Started game 1217 of 10000 (SingularV2 vs SeeFutility)
Finished game 1207 (SingularV2 vs SeeFutility): 0-1 {Black mates}
Score of SingularV2 vs SeeFutility: 347 - 388 - 470  [0.483] 1205
Started game 1218 of 10000 (SeeFutility vs SingularV2)
Finished game 1206 (SeeFutility vs SingularV2): 1/2-1/2 {Draw by adjudication}
Score of SingularV2 vs SeeFutility: 347 - 388 - 471  [0.483] 1206
Started game 1219 of 10000 (SingularV2 vs SeeFutility)
Finished game 1208 (SeeFutility vs SingularV2): 1-0 {White wins by adjudication}
Score of SingularV2 vs SeeFutility: 347 - 389 - 471  [0.483] 1207
Started game 1220 of 10000 (SeeFutility vs SingularV2)
Finished game 1209 (SingularV2 vs SeeFutility): 1-0 {White wins by adjudication}
Score of SingularV2 vs SeeFutility: 348 - 389 - 471  [0.483] 1208
Started game 1221 of 10000 (SingularV2 vs SeeFutility)
Finished game 1211 (SingularV2 vs SeeFutility): 1-0 {White wins by adjudication}
Score of SingularV2 vs SeeFutility: 349 - 389 - 471  [0.483] 1209
Started game 1222 of 10000 (SeeFutility vs SingularV2)
Finished game 1210 (SeeFutility vs SingularV2): 1-0 {White wins by adjudication}
Score of SingularV2 vs SeeFutility: 349 - 390 - 471  [0.483] 1210
Started game 1223 of 10000 (SingularV2 vs SeeFutility)
Finished game 1212 (SeeFutility vs SingularV2): 1/2-1/2 {Draw by 3-fold repetition}
Score of SingularV2 vs SeeFutility: 349 - 390 - 472  [0.483] 1211
Started game 1224 of 10000 (SeeFutility vs SingularV2)
Finished game 1220 (SeeFutility vs SingularV2): 1/2-1/2 {Draw by 3-fold repetition}
Score of SingularV2 vs SeeFutility: 349 - 390 - 473  [0.483] 1212
Started game 1225 of 10000 (SingularV2 vs SeeFutility)
Finished game 1213 (SingularV2 vs SeeFutility): 0-1 {Black wins by adjudication}
Score of SingularV2 vs SeeFutility: 349 - 391 - 473  [0.483] 1213
Started game 1226 of 10000 (SeeFutility vs SingularV2)
Finished game 1214 (SeeFutility vs SingularV2): 1-0 {White wins by adjudication}
Score of SingularV2 vs SeeFutility: 349 - 392 - 473  [0.482] 1214
Started game 1227 of 10000 (SingularV2 vs SeeFutility)
Finished game 1215 (SingularV2 vs SeeFutility): 1-0 {White wins by adjudication}
Score of SingularV2 vs SeeFutility: 350 - 392 - 473  [0.483] 1215
Started game 1228 of 10000 (SeeFutility vs SingularV2)
Finished game 1205 (SingularV2 vs SeeFutility): 1/2-1/2 {Draw by insufficient mating material}
Score of SingularV2 vs SeeFutility: 350 - 392 - 474  [0.483] 1216
Started game 1229 of 10000 (SingularV2 vs SeeFutility)
Finished game 1216 (SeeFutility vs SingularV2): 1-0 {White wins by adjudication}
Score of SingularV2 vs SeeFutility: 350 - 393 - 474  [0.482] 1217
Started game 1230 of 10000 (SeeFutility vs SingularV2)
Finished game 1218 (SeeFutility vs SingularV2): 1/2-1/2 {Draw by 3-fold repetition}
Score of SingularV2 vs SeeFutility: 350 - 393 - 475  [0.482] 1218
Started game 1231 of 10000 (SingularV2 vs SeeFutility)
Finished game 1217 (SingularV2 vs SeeFutility): 1-0 {White wins by adjudication}
Score of SingularV2 vs SeeFutility: 351 - 393 - 475  [0.483] 1219
Started game 1232 of 10000 (SeeFutility vs SingularV2)
Finished game 1221 (SingularV2 vs SeeFutility): 0-1 {Black wins by adjudication}
Score of SingularV2 vs SeeFutility: 351 - 394 - 475  [0.482] 1220
Started game 1233 of 10000 (SingularV2 vs SeeFutility)
Finished game 1224 (SeeFutility vs SingularV2): 1/2-1/2 {Draw by insufficient mating material}
Score of SingularV2 vs SeeFutility: 351 - 394 - 476  [0.482] 1221
Started game 1234 of 10000 (SeeFutility vs SingularV2)
Finished game 1222 (SeeFutility vs SingularV2): 0-1 {Black wins by adjudication}
Score of SingularV2 vs SeeFutility: 352 - 394 - 476  [0.483] 1222
Started game 1235 of 10000 (SingularV2 vs SeeFutility)
Finished game 1223 (SingularV2 vs SeeFutility): 1/2-1/2 {Draw by 3-fold repetition}
Score of SingularV2 vs SeeFutility: 352 - 394 - 477  [0.483] 1223
Started game 1236 of 10000 (SeeFutility vs SingularV2)
Finished game 1219 (SingularV2 vs SeeFutility): 1/2-1/2 {Draw by fifty moves rule}
Score of SingularV2 vs SeeFutility: 352 - 394 - 478  [0.483] 1224
Started game 1237 of 10000 (SingularV2 vs SeeFutility)
Finished game 1228 (SeeFutility vs SingularV2): 1-0 {White wins by adjudication}
Score of SingularV2 vs SeeFutility: 352 - 395 - 478  [0.482] 1225
Started game 1238 of 10000 (SeeFutility vs SingularV2)
Finished game 1226 (SeeFutility vs SingularV2): 0-1 {Black wins by adjudication}
Score of SingularV2 vs SeeFutility: 353 - 395 - 478  [0.483] 1226
Started game 1239 of 10000 (SingularV2 vs SeeFutility)
Finished game 1225 (SingularV2 vs SeeFutility): 1/2-1/2 {Draw by insufficient mating material}
Score of SingularV2 vs SeeFutility: 353 - 395 - 479  [0.483] 1227
Started game 1240 of 10000 (SeeFutility vs SingularV2)
Finished game 1227 (SingularV2 vs SeeFutility): 1-0 {White wins by adjudication}
Score of SingularV2 vs SeeFutility: 354 - 395 - 479  [0.483] 1228
Started game 1241 of 10000 (SingularV2 vs SeeFutility)
Finished game 1231 (SingularV2 vs SeeFutility): 1-0 {White wins by adjudication}
Score of SingularV2 vs SeeFutility: 355 - 395 - 479  [0.484] 1229
Started game 1242 of 10000 (SeeFutility vs SingularV2)
Finished game 1232 (SeeFutility vs SingularV2): 1-0 {White wins by adjudication}
Score of SingularV2 vs SeeFutility: 355 - 396 - 479  [0.483] 1230
Started game 1243 of 10000 (SingularV2 vs SeeFutility)
Finished game 1229 (SingularV2 vs SeeFutility): 1-0 {White mates}
Score of SingularV2 vs SeeFutility: 356 - 396 - 479  [0.484] 1231
Started game 1244 of 10000 (SeeFutility vs SingularV2)
Finished game 1230 (SeeFutility vs SingularV2): 1/2-1/2 {Draw by insufficient mating material}
Score of SingularV2 vs SeeFutility: 356 - 396 - 480  [0.484] 1232
Started game 1245 of 10000 (SingularV2 vs SeeFutility)
Finished game 1234 (SeeFutility vs SingularV2): 1/2-1/2 {Draw by 3-fold repetition}
Score of SingularV2 vs SeeFutility: 356 - 396 - 481  [0.484] 1233
Started game 1246 of 10000 (SeeFutility vs SingularV2)
Finished game 1233 (SingularV2 vs SeeFutility): 1/2-1/2 {Draw by insufficient mating material}
Score of SingularV2 vs SeeFutility: 356 - 396 - 482  [0.484] 1234
Started game 1247 of 10000 (SingularV2 vs SeeFutility)
Finished game 1247 (SingularV2 vs SeeFutility): 1-0 {White mates}
Score of SingularV2 vs SeeFutility: 357 - 396 - 482  [0.484] 1235
Started game 1248 of 10000 (SeeFutility vs SingularV2)
Finished game 1248 (SeeFutility vs SingularV2): 1-0 {White mates}
Score of SingularV2 vs SeeFutility: 357 - 397 - 482  [0.484] 1236
Started game 1249 of 10000 (SingularV2 vs SeeFutility)
Finished game 1236 (SeeFutility vs SingularV2): 0-1 {Black wins by adjudication}
Score of SingularV2 vs SeeFutility: 358 - 397 - 482  [0.484] 1237
Started game 1250 of 10000 (SeeFutility vs SingularV2)
Finished game 1240 (SeeFutility vs SingularV2): 1-0 {White wins by adjudication}
Score of SingularV2 vs SeeFutility: 358 - 398 - 482  [0.484] 1238
Started game 1251 of 10000 (SingularV2 vs SeeFutility)
Finished game 1237 (SingularV2 vs SeeFutility): 1/2-1/2 {Draw by adjudication}
Score of SingularV2 vs SeeFutility: 358 - 398 - 483  [0.484] 1239
Started game 1252 of 10000 (SeeFutility vs SingularV2)
Finished game 1235 (SingularV2 vs SeeFutility): 0-1 {Black wins by adjudication}
Score of SingularV2 vs SeeFutility: 358 - 399 - 483  [0.483] 1240
Started game 1253 of 10000 (SingularV2 vs SeeFutility)
Finished game 1239 (SingularV2 vs SeeFutility): 1/2-1/2 {Draw by adjudication}
Score of SingularV2 vs SeeFutility: 358 - 399 - 484  [0.483] 1241
Started game 1254 of 10000 (SeeFutility vs SingularV2)
Finished game 1241 (SingularV2 vs SeeFutility): 0-1 {Black mates}
Score of SingularV2 vs SeeFutility: 358 - 400 - 484  [0.483] 1242
Started game 1255 of 10000 (SingularV2 vs SeeFutility)
Finished game 1238 (SeeFutility vs SingularV2): 1-0 {White wins by adjudication}
Score of SingularV2 vs SeeFutility: 358 - 401 - 484  [0.483] 1243
Finished game 1244 (SeeFutility vs SingularV2): 0-1 {Black wins by adjudication}
Score of SingularV2 vs SeeFutility: 359 - 401 - 484  [0.483] 1244
Started game 1256 of 10000 (SeeFutility vs SingularV2)
Started game 1257 of 10000 (SingularV2 vs SeeFutility)
Finished game 1242 (SeeFutility vs SingularV2): 0-1 {Black wins by adjudication}
Score of SingularV2 vs SeeFutility: 360 - 401 - 484  [0.484] 1245
Started game 1258 of 10000 (SeeFutility vs SingularV2)
Finished game 1250 (SeeFutility vs SingularV2): 1-0 {White wins by adjudication}
Score of SingularV2 vs SeeFutility: 360 - 402 - 484  [0.483] 1246
Started game 1259 of 10000 (SingularV2 vs SeeFutility)
Finished game 1243 (SingularV2 vs SeeFutility): 0-1 {Black wins by adjudication}
Score of SingularV2 vs SeeFutility: 360 - 403 - 484  [0.483] 1247
Started game 1260 of 10000 (SeeFutility vs SingularV2)
Finished game 1245 (SingularV2 vs SeeFutility): 1/2-1/2 {Draw by fifty moves rule}
Score of SingularV2 vs SeeFutility: 360 - 403 - 485  [0.483] 1248
Started game 1261 of 10000 (SingularV2 vs SeeFutility)
Finished game 1249 (SingularV2 vs SeeFutility): 1-0 {White wins by adjudication}
Score of SingularV2 vs SeeFutility: 361 - 403 - 485  [0.483] 1249
Started game 1262 of 10000 (SeeFutility vs SingularV2)
Finished game 1246 (SeeFutility vs SingularV2): 1-0 {White wins by adjudication}
Score of SingularV2 vs SeeFutility: 361 - 404 - 485  [0.483] 1250
Started game 1263 of 10000 (SingularV2 vs SeeFutility)
Finished game 1251 (SingularV2 vs SeeFutility): 0-1 {Black wins by adjudication}
Score of SingularV2 vs SeeFutility: 361 - 405 - 485  [0.482] 1251
Started game 1264 of 10000 (SeeFutility vs SingularV2)
Finished game 1253 (SingularV2 vs SeeFutility): 1/2-1/2 {Draw by adjudication}
Score of SingularV2 vs SeeFutility: 361 - 405 - 486  [0.482] 1252
Started game 1265 of 10000 (SingularV2 vs SeeFutility)
Finished game 1252 (SeeFutility vs SingularV2): 0-1 {Black wins by adjudication}
Score of SingularV2 vs SeeFutility: 362 - 405 - 486  [0.483] 1253
Started game 1266 of 10000 (SeeFutility vs SingularV2)
Finished game 1254 (SeeFutility vs SingularV2): 1-0 {White wins by adjudication}
Score of SingularV2 vs SeeFutility: 362 - 406 - 486  [0.482] 1254
Started game 1267 of 10000 (SingularV2 vs SeeFutility)
Finished game 1256 (SeeFutility vs SingularV2): 1/2-1/2 {Draw by insufficient mating material}
Score of SingularV2 vs SeeFutility: 362 - 406 - 487  [0.482] 1255
Started game 1268 of 10000 (SeeFutility vs SingularV2)
Finished game 1261 (SingularV2 vs SeeFutility): 1-0 {White wins by adjudication}
Score of SingularV2 vs SeeFutility: 363 - 406 - 487  [0.483] 1256
Started game 1269 of 10000 (SingularV2 vs SeeFutility)
Finished game 1259 (SingularV2 vs SeeFutility): 1-0 {White wins by adjudication}
Score of SingularV2 vs SeeFutility: 364 - 406 - 487  [0.483] 1257
Started game 1270 of 10000 (SeeFutility vs SingularV2)
Finished game 1255 (SingularV2 vs SeeFutility): 1-0 {White wins by adjudication}
Score of SingularV2 vs SeeFutility: 365 - 406 - 487  [0.484] 1258
Started game 1271 of 10000 (SingularV2 vs SeeFutility)
Finished game 1257 (SingularV2 vs SeeFutility): 0-1 {Black wins by adjudication}
Score of SingularV2 vs SeeFutility: 365 - 407 - 487  [0.483] 1259
Started game 1272 of 10000 (SeeFutility vs SingularV2)
Finished game 1258 (SeeFutility vs SingularV2): 0-1 {Black wins by adjudication}
Score of SingularV2 vs SeeFutility: 366 - 407 - 487  [0.484] 1260
Started game 1273 of 10000 (SingularV2 vs SeeFutility)
Finished game 1260 (SeeFutility vs SingularV2): 0-1 {Black wins by adjudication}
Score of SingularV2 vs SeeFutility: 367 - 407 - 487  [0.484] 1261
Started game 1274 of 10000 (SeeFutility vs SingularV2)
Finished game 1263 (SingularV2 vs SeeFutility): 1-0 {White wins by adjudication}
Score of SingularV2 vs SeeFutility: 368 - 407 - 487  [0.485] 1262
Started game 1275 of 10000 (SingularV2 vs SeeFutility)
Finished game 1265 (SingularV2 vs SeeFutility): 0-1 {Black wins by adjudication}
Score of SingularV2 vs SeeFutility: 368 - 408 - 487  [0.484] 1263
Started game 1276 of 10000 (SeeFutility vs SingularV2)
Finished game 1266 (SeeFutility vs SingularV2): 0-1 {Black wins by adjudication}
Score of SingularV2 vs SeeFutility: 369 - 408 - 487  [0.485] 1264
Started game 1277 of 10000 (SingularV2 vs SeeFutility)
Finished game 1267 (SingularV2 vs SeeFutility): 0-1 {Black wins by adjudication}
Score of SingularV2 vs SeeFutility: 369 - 409 - 487  [0.484] 1265
Started game 1278 of 10000 (SeeFutility vs SingularV2)
Finished game 1273 (SingularV2 vs SeeFutility): 1/2-1/2 {Draw by insufficient mating material}
Score of SingularV2 vs SeeFutility: 369 - 409 - 488  [0.484] 1266
Started game 1279 of 10000 (SingularV2 vs SeeFutility)
Finished game 1274 (SeeFutility vs SingularV2): 1/2-1/2 {Draw by 3-fold repetition}
Score of SingularV2 vs SeeFutility: 369 - 409 - 489  [0.484] 1267
Started game 1280 of 10000 (SeeFutility vs SingularV2)
Finished game 1272 (SeeFutility vs SingularV2): 1/2-1/2 {Draw by 3-fold repetition}
Score of SingularV2 vs SeeFutility: 369 - 409 - 490  [0.484] 1268
Started game 1281 of 10000 (SingularV2 vs SeeFutility)
Finished game 1271 (SingularV2 vs SeeFutility): 0-1 {Black wins by adjudication}
Score of SingularV2 vs SeeFutility: 369 - 410 - 490  [0.484] 1269
Started game 1282 of 10000 (SeeFutility vs SingularV2)
Finished game 1262 (SeeFutility vs SingularV2): 1/2-1/2 {Draw by fifty moves rule}
Score of SingularV2 vs SeeFutility: 369 - 410 - 491  [0.484] 1270
Started game 1283 of 10000 (SingularV2 vs SeeFutility)
Finished game 1264 (SeeFutility vs SingularV2): 1-0 {White wins by adjudication}
Score of SingularV2 vs SeeFutility: 369 - 411 - 491  [0.483] 1271
Started game 1284 of 10000 (SeeFutility vs SingularV2)
Finished game 1270 (SeeFutility vs SingularV2): 1-0 {White wins by adjudication}
Score of SingularV2 vs SeeFutility: 369 - 412 - 491  [0.483] 1272
Started game 1285 of 10000 (SingularV2 vs SeeFutility)
Finished game 1269 (SingularV2 vs SeeFutility): 1-0 {White wins by adjudication}
Score of SingularV2 vs SeeFutility: 370 - 412 - 491  [0.484] 1273
Started game 1286 of 10000 (SeeFutility vs SingularV2)
Finished game 1268 (SeeFutility vs SingularV2): 1-0 {White wins by adjudication}
Score of SingularV2 vs SeeFutility: 370 - 413 - 491  [0.483] 1274
Started game 1287 of 10000 (SingularV2 vs SeeFutility)
Finished game 1283 (SingularV2 vs SeeFutility): 0-1 {Black mates}
Score of SingularV2 vs SeeFutility: 370 - 414 - 491  [0.483] 1275
Started game 1288 of 10000 (SeeFutility vs SingularV2)
Finished game 1275 (SingularV2 vs SeeFutility): 1-0 {White wins by adjudication}
Score of SingularV2 vs SeeFutility: 371 - 414 - 491  [0.483] 1276
Started game 1289 of 10000 (SingularV2 vs SeeFutility)
Finished game 1278 (SeeFutility vs SingularV2): 1-0 {White wins by adjudication}
Score of SingularV2 vs SeeFutility: 371 - 415 - 491  [0.483] 1277
Started game 1290 of 10000 (SeeFutility vs SingularV2)
Finished game 1277 (SingularV2 vs SeeFutility): 0-1 {Black wins by adjudication}
Score of SingularV2 vs SeeFutility: 371 - 416 - 491  [0.482] 1278
Started game 1291 of 10000 (SingularV2 vs SeeFutility)
Finished game 1279 (SingularV2 vs SeeFutility): 1-0 {White wins by adjudication}
Score of SingularV2 vs SeeFutility: 372 - 416 - 491  [0.483] 1279
Started game 1292 of 10000 (SeeFutility vs SingularV2)
Finished game 1282 (SeeFutility vs SingularV2): 0-1 {Black wins by adjudication}
Score of SingularV2 vs SeeFutility: 373 - 416 - 491  [0.483] 1280
Started game 1293 of 10000 (SingularV2 vs SeeFutility)
Finished game 1280 (SeeFutility vs SingularV2): 1/2-1/2 {Draw by adjudication}
Score of SingularV2 vs SeeFutility: 373 - 416 - 492  [0.483] 1281
Started game 1294 of 10000 (SeeFutility vs SingularV2)
Finished game 1285 (SingularV2 vs SeeFutility): 1-0 {White wins by adjudication}
Score of SingularV2 vs SeeFutility: 374 - 416 - 492  [0.484] 1282
Started game 1295 of 10000 (SingularV2 vs SeeFutility)
Finished game 1276 (SeeFutility vs SingularV2): 1-0 {White mates}
Score of SingularV2 vs SeeFutility: 374 - 417 - 492  [0.483] 1283
Started game 1296 of 10000 (SeeFutility vs SingularV2)
Finished game 1286 (SeeFutility vs SingularV2): 1/2-1/2 {Draw by adjudication}
Score of SingularV2 vs SeeFutility: 374 - 417 - 493  [0.483] 1284
Started game 1297 of 10000 (SingularV2 vs SeeFutility)
Finished game 1281 (SingularV2 vs SeeFutility): 1/2-1/2 {Draw by adjudication}
Score of SingularV2 vs SeeFutility: 374 - 417 - 494  [0.483] 1285
Started game 1298 of 10000 (SeeFutility vs SingularV2)
Finished game 1287 (SingularV2 vs SeeFutility): 1/2-1/2 {Draw by adjudication}
Score of SingularV2 vs SeeFutility: 374 - 417 - 495  [0.483] 1286
Started game 1299 of 10000 (SingularV2 vs SeeFutility)
Finished game 1288 (SeeFutility vs SingularV2): 1-0 {White wins by adjudication}
Score of SingularV2 vs SeeFutility: 374 - 418 - 495  [0.483] 1287
Started game 1300 of 10000 (SeeFutility vs SingularV2)
Finished game 1295 (SingularV2 vs SeeFutility): 1/2-1/2 {Draw by 3-fold repetition}
Score of SingularV2 vs SeeFutility: 374 - 418 - 496  [0.483] 1288
Started game 1301 of 10000 (SingularV2 vs SeeFutility)
Finished game 1292 (SeeFutility vs SingularV2): 1/2-1/2 {Draw by 3-fold repetition}
Score of SingularV2 vs SeeFutility: 374 - 418 - 497  [0.483] 1289
Started game 1302 of 10000 (SeeFutility vs SingularV2)
Finished game 1289 (SingularV2 vs SeeFutility): 0-1 {Black wins by adjudication}
Score of SingularV2 vs SeeFutility: 374 - 419 - 497  [0.483] 1290
Started game 1303 of 10000 (SingularV2 vs SeeFutility)
Finished game 1284 (SeeFutility vs SingularV2): 1/2-1/2 {Draw by fifty moves rule}
Score of SingularV2 vs SeeFutility: 374 - 419 - 498  [0.483] 1291
Started game 1304 of 10000 (SeeFutility vs SingularV2)
Finished game 1294 (SeeFutility vs SingularV2): 0-1 {Black wins by adjudication}
Score of SingularV2 vs SeeFutility: 375 - 419 - 498  [0.483] 1292
Started game 1305 of 10000 (SingularV2 vs SeeFutility)
Finished game 1293 (SingularV2 vs SeeFutility): 1-0 {White wins by adjudication}
Score of SingularV2 vs SeeFutility: 376 - 419 - 498  [0.483] 1293
Started game 1306 of 10000 (SeeFutility vs SingularV2)
Finished game 1297 (SingularV2 vs SeeFutility): 1-0 {White wins by adjudication}
Score of SingularV2 vs SeeFutility: 377 - 419 - 498  [0.484] 1294
Started game 1307 of 10000 (SingularV2 vs SeeFutility)
Finished game 1291 (SingularV2 vs SeeFutility): 0-1 {Black mates}
Score of SingularV2 vs SeeFutility: 377 - 420 - 498  [0.483] 1295
Started game 1308 of 10000 (SeeFutility vs SingularV2)
Finished game 1299 (SingularV2 vs SeeFutility): 0-1 {Black wins by adjudication}
Score of SingularV2 vs SeeFutility: 377 - 421 - 498  [0.483] 1296
Started game 1309 of 10000 (SingularV2 vs SeeFutility)
Finished game 1298 (SeeFutility vs SingularV2): 0-1 {Black wins by adjudication}
Score of SingularV2 vs SeeFutility: 378 - 421 - 498  [0.483] 1297
Started game 1310 of 10000 (SeeFutility vs SingularV2)
Finished game 1290 (SeeFutility vs SingularV2): 1/2-1/2 {Draw by 3-fold repetition}
Score of SingularV2 vs SeeFutility: 378 - 421 - 499  [0.483] 1298
Started game 1311 of 10000 (SingularV2 vs SeeFutility)
Finished game 1300 (SeeFutility vs SingularV2): 1-0 {White wins by adjudication}
Score of SingularV2 vs SeeFutility: 378 - 422 - 499  [0.483] 1299
Started game 1312 of 10000 (SeeFutility vs SingularV2)
Finished game 1301 (SingularV2 vs SeeFutility): 1-0 {White wins by adjudication}
Score of SingularV2 vs SeeFutility: 379 - 422 - 499  [0.483] 1300
Started game 1313 of 10000 (SingularV2 vs SeeFutility)
Finished game 1296 (SeeFutility vs SingularV2): 1/2-1/2 {Draw by fifty moves rule}
Score of SingularV2 vs SeeFutility: 379 - 422 - 500  [0.483] 1301
Started game 1314 of 10000 (SeeFutility vs SingularV2)
Finished game 1302 (SeeFutility vs SingularV2): 1/2-1/2 {Draw by adjudication}
Score of SingularV2 vs SeeFutility: 379 - 422 - 501  [0.483] 1302
Started game 1315 of 10000 (SingularV2 vs SeeFutility)
Finished game 1308 (SeeFutility vs SingularV2): 0-1 {Black wins by adjudication}
Score of SingularV2 vs SeeFutility: 380 - 422 - 501  [0.484] 1303
Started game 1316 of 10000 (SeeFutility vs SingularV2)
Finished game 1305 (SingularV2 vs SeeFutility): 1-0 {White wins by adjudication}
Score of SingularV2 vs SeeFutility: 381 - 422 - 501  [0.484] 1304
Started game 1317 of 10000 (SingularV2 vs SeeFutility)
Finished game 1304 (SeeFutility vs SingularV2): 1-0 {White wins by adjudication}
Score of SingularV2 vs SeeFutility: 381 - 423 - 501  [0.484] 1305
Started game 1318 of 10000 (SeeFutility vs SingularV2)
Finished game 1303 (SingularV2 vs SeeFutility): 1/2-1/2 {Draw by adjudication}
Score of SingularV2 vs SeeFutility: 381 - 423 - 502  [0.484] 1306
Started game 1319 of 10000 (SingularV2 vs SeeFutility)
Finished game 1306 (SeeFutility vs SingularV2): 1/2-1/2 {Draw by 3-fold repetition}
Score of SingularV2 vs SeeFutility: 381 - 423 - 503  [0.484] 1307
Started game 1320 of 10000 (SeeFutility vs SingularV2)
Finished game 1309 (SingularV2 vs SeeFutility): 1/2-1/2 {Draw by 3-fold repetition}
Score of SingularV2 vs SeeFutility: 381 - 423 - 504  [0.484] 1308
Started game 1321 of 10000 (SingularV2 vs SeeFutility)
Finished game 1307 (SingularV2 vs SeeFutility): 1-0 {White wins by adjudication}
Score of SingularV2 vs SeeFutility: 382 - 423 - 504  [0.484] 1309
Started game 1322 of 10000 (SeeFutility vs SingularV2)
Finished game 1311 (SingularV2 vs SeeFutility): 1/2-1/2 {Draw by insufficient mating material}
Score of SingularV2 vs SeeFutility: 382 - 423 - 505  [0.484] 1310
Started game 1323 of 10000 (SingularV2 vs SeeFutility)
Finished game 1310 (SeeFutility vs SingularV2): 1/2-1/2 {Draw by insufficient mating material}
Score of SingularV2 vs SeeFutility: 382 - 423 - 506  [0.484] 1311
Started game 1324 of 10000 (SeeFutility vs SingularV2)
Finished game 1321 (SingularV2 vs SeeFutility): 1/2-1/2 {Draw by 3-fold repetition}
Score of SingularV2 vs SeeFutility: 382 - 423 - 507  [0.484] 1312
Started game 1325 of 10000 (SingularV2 vs SeeFutility)
Finished game 1315 (SingularV2 vs SeeFutility): 1/2-1/2 {Draw by 3-fold repetition}
Score of SingularV2 vs SeeFutility: 382 - 423 - 508  [0.484] 1313
Started game 1326 of 10000 (SeeFutility vs SingularV2)
Finished game 1314 (SeeFutility vs SingularV2): 1-0 {White wins by adjudication}
Score of SingularV2 vs SeeFutility: 382 - 424 - 508  [0.484] 1314
Started game 1327 of 10000 (SingularV2 vs SeeFutility)
Finished game 1319 (SingularV2 vs SeeFutility): 1-0 {White wins by adjudication}
Score of SingularV2 vs SeeFutility: 383 - 424 - 508  [0.484] 1315
Started game 1328 of 10000 (SeeFutility vs SingularV2)
Finished game 1317 (SingularV2 vs SeeFutility): 1-0 {White wins by adjudication}
Score of SingularV2 vs SeeFutility: 384 - 424 - 508  [0.485] 1316
Started game 1329 of 10000 (SingularV2 vs SeeFutility)
Finished game 1313 (SingularV2 vs SeeFutility): 1-0 {White wins by adjudication}
Score of SingularV2 vs SeeFutility: 385 - 424 - 508  [0.485] 1317
Started game 1330 of 10000 (SeeFutility vs SingularV2)
Finished game 1318 (SeeFutility vs SingularV2): 1/2-1/2 {Draw by adjudication}
Score of SingularV2 vs SeeFutility: 385 - 424 - 509  [0.485] 1318
Started game 1331 of 10000 (SingularV2 vs SeeFutility)
Finished game 1322 (SeeFutility vs SingularV2): 1/2-1/2 {Draw by insufficient mating material}
Score of SingularV2 vs SeeFutility: 385 - 424 - 510  [0.485] 1319
Started game 1332 of 10000 (SeeFutility vs SingularV2)
Finished game 1312 (SeeFutility vs SingularV2): 0-1 {Black wins by adjudication}
Score of SingularV2 vs SeeFutility: 386 - 424 - 510  [0.486] 1320
Started game 1333 of 10000 (SingularV2 vs SeeFutility)
Finished game 1316 (SeeFutility vs SingularV2): 1-0 {White wins by adjudication}
Score of SingularV2 vs SeeFutility: 386 - 425 - 510  [0.485] 1321
Started game 1334 of 10000 (SeeFutility vs SingularV2)
Finished game 1323 (SingularV2 vs SeeFutility): 1/2-1/2 {Draw by adjudication}
Score of SingularV2 vs SeeFutility: 386 - 425 - 511  [0.485] 1322
Started game 1335 of 10000 (SingularV2 vs SeeFutility)
Finished game 1320 (SeeFutility vs SingularV2): 1/2-1/2 {Draw by 3-fold repetition}
Score of SingularV2 vs SeeFutility: 386 - 425 - 512  [0.485] 1323
Started game 1336 of 10000 (SeeFutility vs SingularV2)
Finished game 1324 (SeeFutility vs SingularV2): 1/2-1/2 {Draw by 3-fold repetition}
Score of SingularV2 vs SeeFutility: 386 - 425 - 513  [0.485] 1324
Started game 1337 of 10000 (SingularV2 vs SeeFutility)
Finished game 1325 (SingularV2 vs SeeFutility): 0-1 {Black wins by adjudication}
Score of SingularV2 vs SeeFutility: 386 - 426 - 513  [0.485] 1325
Started game 1338 of 10000 (SeeFutility vs SingularV2)
Finished game 1329 (SingularV2 vs SeeFutility): 1-0 {White wins by adjudication}
Score of SingularV2 vs SeeFutility: 387 - 426 - 513  [0.485] 1326
Started game 1339 of 10000 (SingularV2 vs SeeFutility)
Finished game 1328 (SeeFutility vs SingularV2): 0-1 {Black wins by adjudication}
Score of SingularV2 vs SeeFutility: 388 - 426 - 513  [0.486] 1327
Started game 1340 of 10000 (SeeFutility vs SingularV2)
Finished game 1327 (SingularV2 vs SeeFutility): 1-0 {White wins by adjudication}
Score of SingularV2 vs SeeFutility: 389 - 426 - 513  [0.486] 1328
Started game 1341 of 10000 (SingularV2 vs SeeFutility)
Finished game 1332 (SeeFutility vs SingularV2): 0-1 {Black wins by adjudication}
Score of SingularV2 vs SeeFutility: 390 - 426 - 513  [0.486] 1329
Started game 1342 of 10000 (SeeFutility vs SingularV2)
Finished game 1330 (SeeFutility vs SingularV2): 1-0 {White wins by adjudication}
Score of SingularV2 vs SeeFutility: 390 - 427 - 513  [0.486] 1330
Started game 1343 of 10000 (SingularV2 vs SeeFutility)
Finished game 1331 (SingularV2 vs SeeFutility): 0-1 {Black wins by adjudication}
Score of SingularV2 vs SeeFutility: 390 - 428 - 513  [0.486] 1331
Started game 1344 of 10000 (SeeFutility vs SingularV2)
Finished game 1337 (SingularV2 vs SeeFutility): 0-1 {Black wins by adjudication}
Score of SingularV2 vs SeeFutility: 390 - 429 - 513  [0.485] 1332
Started game 1345 of 10000 (SingularV2 vs SeeFutility)
Finished game 1333 (SingularV2 vs SeeFutility): 1-0 {White wins by adjudication}
Score of SingularV2 vs SeeFutility: 391 - 429 - 513  [0.486] 1333
Started game 1346 of 10000 (SeeFutility vs SingularV2)
Finished game 1335 (SingularV2 vs SeeFutility): 1-0 {White wins by adjudication}
Score of SingularV2 vs SeeFutility: 392 - 429 - 513  [0.486] 1334
Started game 1347 of 10000 (SingularV2 vs SeeFutility)
Finished game 1326 (SeeFutility vs SingularV2): 1/2-1/2 {Draw by adjudication}
Score of SingularV2 vs SeeFutility: 392 - 429 - 514  [0.486] 1335
Started game 1348 of 10000 (SeeFutility vs SingularV2)
Finished game 1334 (SeeFutility vs SingularV2): 0-1 {Black wins by adjudication}
Score of SingularV2 vs SeeFutility: 393 - 429 - 514  [0.487] 1336
Started game 1349 of 10000 (SingularV2 vs SeeFutility)
Finished game 1336 (SeeFutility vs SingularV2): 1-0 {White wins by adjudication}
Score of SingularV2 vs SeeFutility: 393 - 430 - 514  [0.486] 1337
Started game 1350 of 10000 (SeeFutility vs SingularV2)
Finished game 1339 (SingularV2 vs SeeFutility): 0-1 {Black wins by adjudication}
Score of SingularV2 vs SeeFutility: 393 - 431 - 514  [0.486] 1338
Started game 1351 of 10000 (SingularV2 vs SeeFutility)
Finished game 1338 (SeeFutility vs SingularV2): 0-1 {Black wins by adjudication}
Score of SingularV2 vs SeeFutility: 394 - 431 - 514  [0.486] 1339
Started game 1352 of 10000 (SeeFutility vs SingularV2)
Finished game 1343 (SingularV2 vs SeeFutility): 1/2-1/2 {Draw by 3-fold repetition}
Score of SingularV2 vs SeeFutility: 394 - 431 - 515  [0.486] 1340
Started game 1353 of 10000 (SingularV2 vs SeeFutility)
Finished game 1340 (SeeFutility vs SingularV2): 1-0 {White wins by adjudication}
Score of SingularV2 vs SeeFutility: 394 - 432 - 515  [0.486] 1341
Started game 1354 of 10000 (SeeFutility vs SingularV2)
Finished game 1342 (SeeFutility vs SingularV2): 0-1 {Black wins by adjudication}
Score of SingularV2 vs SeeFutility: 395 - 432 - 515  [0.486] 1342
Started game 1355 of 10000 (SingularV2 vs SeeFutility)
Finished game 1344 (SeeFutility vs SingularV2): 0-1 {Black wins by adjudication}
Score of SingularV2 vs SeeFutility: 396 - 432 - 515  [0.487] 1343
Started game 1356 of 10000 (SeeFutility vs SingularV2)
Finished game 1346 (SeeFutility vs SingularV2): 1-0 {White wins by adjudication}
Score of SingularV2 vs SeeFutility: 396 - 433 - 515  [0.486] 1344
Started game 1357 of 10000 (SingularV2 vs SeeFutility)
Finished game 1345 (SingularV2 vs SeeFutility): 0-1 {Black wins by adjudication}
Score of SingularV2 vs SeeFutility: 396 - 434 - 515  [0.486] 1345
Started game 1358 of 10000 (SeeFutility vs SingularV2)
Finished game 1341 (SingularV2 vs SeeFutility): 0-1 {Black wins by adjudication}
Score of SingularV2 vs SeeFutility: 396 - 435 - 515  [0.486] 1346
Started game 1359 of 10000 (SingularV2 vs SeeFutility)
Finished game 1348 (SeeFutility vs SingularV2): 0-1 {Black wins by adjudication}
Score of SingularV2 vs SeeFutility: 397 - 435 - 515  [0.486] 1347
Started game 1360 of 10000 (SeeFutility vs SingularV2)
Finished game 1352 (SeeFutility vs SingularV2): 1/2-1/2 {Draw by insufficient mating material}
Score of SingularV2 vs SeeFutility: 397 - 435 - 516  [0.486] 1348
Started game 1361 of 10000 (SingularV2 vs SeeFutility)
Finished game 1349 (SingularV2 vs SeeFutility): 1-0 {White wins by adjudication}
Score of SingularV2 vs SeeFutility: 398 - 435 - 516  [0.486] 1349
Started game 1362 of 10000 (SeeFutility vs SingularV2)
Finished game 1347 (SingularV2 vs SeeFutility): 1/2-1/2 {Draw by adjudication}
Score of SingularV2 vs SeeFutility: 398 - 435 - 517  [0.486] 1350
Started game 1363 of 10000 (SingularV2 vs SeeFutility)
Finished game 1350 (SeeFutility vs SingularV2): 0-1 {Black mates}
Score of SingularV2 vs SeeFutility: 399 - 435 - 517  [0.487] 1351
Started game 1364 of 10000 (SeeFutility vs SingularV2)
Finished game 1351 (SingularV2 vs SeeFutility): 1/2-1/2 {Draw by adjudication}
Score of SingularV2 vs SeeFutility: 399 - 435 - 518  [0.487] 1352
Started game 1365 of 10000 (SingularV2 vs SeeFutility)
Finished game 1355 (SingularV2 vs SeeFutility): 1/2-1/2 {Draw by 3-fold repetition}
Score of SingularV2 vs SeeFutility: 399 - 435 - 519  [0.487] 1353
Started game 1366 of 10000 (SeeFutility vs SingularV2)
Finished game 1356 (SeeFutility vs SingularV2): 0-1 {Black wins by adjudication}
Score of SingularV2 vs SeeFutility: 400 - 435 - 519  [0.487] 1354
Started game 1367 of 10000 (SingularV2 vs SeeFutility)
Finished game 1358 (SeeFutility vs SingularV2): 1/2-1/2 {Draw by 3-fold repetition}
Score of SingularV2 vs SeeFutility: 400 - 435 - 520  [0.487] 1355
Started game 1368 of 10000 (SeeFutility vs SingularV2)
Finished game 1359 (SingularV2 vs SeeFutility): 1/2-1/2 {Draw by 3-fold repetition}
Score of SingularV2 vs SeeFutility: 400 - 435 - 521  [0.487] 1356
Started game 1369 of 10000 (SingularV2 vs SeeFutility)
Finished game 1360 (SeeFutility vs SingularV2): 1-0 {White wins by adjudication}
Score of SingularV2 vs SeeFutility: 400 - 436 - 521  [0.487] 1357
Started game 1370 of 10000 (SeeFutility vs SingularV2)
Finished game 1357 (SingularV2 vs SeeFutility): 0-1 {Black wins by adjudication}
Score of SingularV2 vs SeeFutility: 400 - 437 - 521  [0.486] 1358
Started game 1371 of 10000 (SingularV2 vs SeeFutility)
Finished game 1353 (SingularV2 vs SeeFutility): 1/2-1/2 {Draw by insufficient mating material}
Score of SingularV2 vs SeeFutility: 400 - 437 - 522  [0.486] 1359
Started game 1372 of 10000 (SeeFutility vs SingularV2)
Finished game 1354 (SeeFutility vs SingularV2): 1/2-1/2 {Draw by 3-fold repetition}
Score of SingularV2 vs SeeFutility: 400 - 437 - 523  [0.486] 1360
Started game 1373 of 10000 (SingularV2 vs SeeFutility)
Finished game 1362 (SeeFutility vs SingularV2): 1-0 {White wins by adjudication}
Score of SingularV2 vs SeeFutility: 400 - 438 - 523  [0.486] 1361
Started game 1374 of 10000 (SeeFutility vs SingularV2)
Finished game 1363 (SingularV2 vs SeeFutility): 1-0 {White wins by adjudication}
Score of SingularV2 vs SeeFutility: 401 - 438 - 523  [0.486] 1362
Started game 1375 of 10000 (SingularV2 vs SeeFutility)
Finished game 1361 (SingularV2 vs SeeFutility): 1/2-1/2 {Draw by adjudication}
Score of SingularV2 vs SeeFutility: 401 - 438 - 524  [0.486] 1363
Started game 1376 of 10000 (SeeFutility vs SingularV2)
Finished game 1366 (SeeFutility vs SingularV2): 0-1 {Black wins by adjudication}
Score of SingularV2 vs SeeFutility: 402 - 438 - 524  [0.487] 1364
Started game 1377 of 10000 (SingularV2 vs SeeFutility)
Finished game 1364 (SeeFutility vs SingularV2): 1/2-1/2 {Draw by 3-fold repetition}
Score of SingularV2 vs SeeFutility: 402 - 438 - 525  [0.487] 1365
Started game 1378 of 10000 (SeeFutility vs SingularV2)
Finished game 1371 (SingularV2 vs SeeFutility): 1/2-1/2 {Draw by 3-fold repetition}
Score of SingularV2 vs SeeFutility: 402 - 438 - 526  [0.487] 1366
Started game 1379 of 10000 (SingularV2 vs SeeFutility)
Finished game 1372 (SeeFutility vs SingularV2): 1/2-1/2 {Draw by 3-fold repetition}
Score of SingularV2 vs SeeFutility: 402 - 438 - 527  [0.487] 1367
Started game 1380 of 10000 (SeeFutility vs SingularV2)
Finished game 1365 (SingularV2 vs SeeFutility): 0-1 {Black wins by adjudication}
Score of SingularV2 vs SeeFutility: 402 - 439 - 527  [0.486] 1368
Started game 1381 of 10000 (SingularV2 vs SeeFutility)
Finished game 1368 (SeeFutility vs SingularV2): 1-0 {White wins by adjudication}
Score of SingularV2 vs SeeFutility: 402 - 440 - 527  [0.486] 1369
Started game 1382 of 10000 (SeeFutility vs SingularV2)
Finished game 1367 (SingularV2 vs SeeFutility): 1/2-1/2 {Draw by fifty moves rule}
Score of SingularV2 vs SeeFutility: 402 - 440 - 528  [0.486] 1370
Started game 1383 of 10000 (SingularV2 vs SeeFutility)
Finished game 1374 (SeeFutility vs SingularV2): 1/2-1/2 {Draw by insufficient mating material}
Score of SingularV2 vs SeeFutility: 402 - 440 - 529  [0.486] 1371
Started game 1384 of 10000 (SeeFutility vs SingularV2)
Finished game 1369 (SingularV2 vs SeeFutility): 1-0 {White wins by adjudication}
Score of SingularV2 vs SeeFutility: 403 - 440 - 529  [0.487] 1372
Started game 1385 of 10000 (SingularV2 vs SeeFutility)
Finished game 1370 (SeeFutility vs SingularV2): 1/2-1/2 {Draw by 3-fold repetition}
Score of SingularV2 vs SeeFutility: 403 - 440 - 530  [0.487] 1373
Started game 1386 of 10000 (SeeFutility vs SingularV2)
Finished game 1385 (SingularV2 vs SeeFutility): 1/2-1/2 {Draw by 3-fold repetition}
Score of SingularV2 vs SeeFutility: 403 - 440 - 531  [0.487] 1374
Started game 1387 of 10000 (SingularV2 vs SeeFutility)
Finished game 1386 (SeeFutility vs SingularV2): 1/2-1/2 {Draw by 3-fold repetition}
Score of SingularV2 vs SeeFutility: 403 - 440 - 532  [0.487] 1375
Started game 1388 of 10000 (SeeFutility vs SingularV2)
Finished game 1377 (SingularV2 vs SeeFutility): 0-1 {Black wins by adjudication}
Score of SingularV2 vs SeeFutility: 403 - 441 - 532  [0.486] 1376
Started game 1389 of 10000 (SingularV2 vs SeeFutility)
Finished game 1373 (SingularV2 vs SeeFutility): 1/2-1/2 {Draw by 3-fold repetition}
Score of SingularV2 vs SeeFutility: 403 - 441 - 533  [0.486] 1377
Started game 1390 of 10000 (SeeFutility vs SingularV2)
Finished game 1376 (SeeFutility vs SingularV2): 0-1 {Black wins by adjudication}
Score of SingularV2 vs SeeFutility: 404 - 441 - 533  [0.487] 1378
Started game 1391 of 10000 (SingularV2 vs SeeFutility)
Finished game 1381 (SingularV2 vs SeeFutility): 1-0 {White wins by adjudication}
Score of SingularV2 vs SeeFutility: 405 - 441 - 533  [0.487] 1379
Started game 1392 of 10000 (SeeFutility vs SingularV2)
Finished game 1378 (SeeFutility vs SingularV2): 0-1 {Black wins by adjudication}
Score of SingularV2 vs SeeFutility: 406 - 441 - 533  [0.487] 1380
Started game 1393 of 10000 (SingularV2 vs SeeFutility)
Finished game 1380 (SeeFutility vs SingularV2): 1-0 {White wins by adjudication}
Score of SingularV2 vs SeeFutility: 406 - 442 - 533  [0.487] 1381
Started game 1394 of 10000 (SeeFutility vs SingularV2)
Finished game 1375 (SingularV2 vs SeeFutility): 1/2-1/2 {Draw by 3-fold repetition}
Score of SingularV2 vs SeeFutility: 406 - 442 - 534  [0.487] 1382
Started game 1395 of 10000 (SingularV2 vs SeeFutility)
Finished game 1383 (SingularV2 vs SeeFutility): 1-0 {White wins by adjudication}
Score of SingularV2 vs SeeFutility: 407 - 442 - 534  [0.487] 1383
Started game 1396 of 10000 (SeeFutility vs SingularV2)
Finished game 1384 (SeeFutility vs SingularV2): 1/2-1/2 {Draw by 3-fold repetition}
Score of SingularV2 vs SeeFutility: 407 - 442 - 535  [0.487] 1384
Started game 1397 of 10000 (SingularV2 vs SeeFutility)
Finished game 1388 (SeeFutility vs SingularV2): 1/2-1/2 {Draw by 3-fold repetition}
Score of SingularV2 vs SeeFutility: 407 - 442 - 536  [0.487] 1385
Started game 1398 of 10000 (SeeFutility vs SingularV2)
Finished game 1389 (SingularV2 vs SeeFutility): 1-0 {White wins by adjudication}
Score of SingularV2 vs SeeFutility: 408 - 442 - 536  [0.488] 1386
Started game 1399 of 10000 (SingularV2 vs SeeFutility)
Finished game 1382 (SeeFutility vs SingularV2): 0-1 {Black wins by adjudication}
Score of SingularV2 vs SeeFutility: 409 - 442 - 536  [0.488] 1387
Started game 1400 of 10000 (SeeFutility vs SingularV2)
Finished game 1387 (SingularV2 vs SeeFutility): 1-0 {White wins by adjudication}
Score of SingularV2 vs SeeFutility: 410 - 442 - 536  [0.488] 1388
Started game 1401 of 10000 (SingularV2 vs SeeFutility)
Finished game 1379 (SingularV2 vs SeeFutility): 0-1 {Black mates}
Score of SingularV2 vs SeeFutility: 410 - 443 - 536  [0.488] 1389
Started game 1402 of 10000 (SeeFutility vs SingularV2)
Finished game 1392 (SeeFutility vs SingularV2): 1-0 {White wins by adjudication}
Score of SingularV2 vs SeeFutility: 410 - 444 - 536  [0.488] 1390
Started game 1403 of 10000 (SingularV2 vs SeeFutility)
Finished game 1390 (SeeFutility vs SingularV2): 1-0 {White wins by adjudication}
Score of SingularV2 vs SeeFutility: 410 - 445 - 536  [0.487] 1391
Started game 1404 of 10000 (SeeFutility vs SingularV2)
Finished game 1393 (SingularV2 vs SeeFutility): 1-0 {White wins by adjudication}
Score of SingularV2 vs SeeFutility: 411 - 445 - 536  [0.488] 1392
Started game 1405 of 10000 (SingularV2 vs SeeFutility)
Finished game 1391 (SingularV2 vs SeeFutility): 0-1 {Black wins by adjudication}
Score of SingularV2 vs SeeFutility: 411 - 446 - 536  [0.487] 1393
Started game 1406 of 10000 (SeeFutility vs SingularV2)
Finished game 1394 (SeeFutility vs SingularV2): 1-0 {White wins by adjudication}
Score of SingularV2 vs SeeFutility: 411 - 447 - 536  [0.487] 1394
Started game 1407 of 10000 (SingularV2 vs SeeFutility)
Finished game 1396 (SeeFutility vs SingularV2): 0-1 {Black wins by adjudication}
Score of SingularV2 vs SeeFutility: 412 - 447 - 536  [0.487] 1395
Started game 1408 of 10000 (SeeFutility vs SingularV2)
Finished game 1398 (SeeFutility vs SingularV2): 1/2-1/2 {Draw by 3-fold repetition}
Score of SingularV2 vs SeeFutility: 412 - 447 - 537  [0.487] 1396
Started game 1409 of 10000 (SingularV2 vs SeeFutility)
Finished game 1400 (SeeFutility vs SingularV2): 1/2-1/2 {Draw by adjudication}
Score of SingularV2 vs SeeFutility: 412 - 447 - 538  [0.487] 1397
Started game 1410 of 10000 (SeeFutility vs SingularV2)
Finished game 1397 (SingularV2 vs SeeFutility): 1/2-1/2 {Draw by adjudication}
Score of SingularV2 vs SeeFutility: 412 - 447 - 539  [0.487] 1398
Started game 1411 of 10000 (SingularV2 vs SeeFutility)
Finished game 1395 (SingularV2 vs SeeFutility): 1-0 {White mates}
Score of SingularV2 vs SeeFutility: 413 - 447 - 539  [0.488] 1399
Started game 1412 of 10000 (SeeFutility vs SingularV2)
Finished game 1402 (SeeFutility vs SingularV2): 1/2-1/2 {Draw by 3-fold repetition}
Score of SingularV2 vs SeeFutility: 413 - 447 - 540  [0.488] 1400
Started game 1413 of 10000 (SingularV2 vs SeeFutility)
Finished game 1401 (SingularV2 vs SeeFutility): 1-0 {White wins by adjudication}
Score of SingularV2 vs SeeFutility: 414 - 447 - 540  [0.488] 1401
Started game 1414 of 10000 (SeeFutility vs SingularV2)
Finished game 1404 (SeeFutility vs SingularV2): 1-0 {White wins by adjudication}
Score of SingularV2 vs SeeFutility: 414 - 448 - 540  [0.488] 1402
Started game 1415 of 10000 (SingularV2 vs SeeFutility)
Finished game 1399 (SingularV2 vs SeeFutility): 0-1 {Black wins by adjudication}
Score of SingularV2 vs SeeFutility: 414 - 449 - 540  [0.488] 1403
Started game 1416 of 10000 (SeeFutility vs SingularV2)
Finished game 1403 (SingularV2 vs SeeFutility): 0-1 {Black wins by adjudication}
Score of SingularV2 vs SeeFutility: 414 - 450 - 540  [0.487] 1404
Started game 1417 of 10000 (SingularV2 vs SeeFutility)
Finished game 1406 (SeeFutility vs SingularV2): 1-0 {White wins by adjudication}
Score of SingularV2 vs SeeFutility: 414 - 451 - 540  [0.487] 1405
Started game 1418 of 10000 (SeeFutility vs SingularV2)
Finished game 1405 (SingularV2 vs SeeFutility): 1/2-1/2 {Draw by adjudication}
Score of SingularV2 vs SeeFutility: 414 - 451 - 541  [0.487] 1406
Started game 1419 of 10000 (SingularV2 vs SeeFutility)
Finished game 1408 (SeeFutility vs SingularV2): 1-0 {White wins by adjudication}
Score of SingularV2 vs SeeFutility: 414 - 452 - 541  [0.486] 1407
Started game 1420 of 10000 (SeeFutility vs SingularV2)
Finished game 1407 (SingularV2 vs SeeFutility): 1/2-1/2 {Draw by fifty moves rule}
Score of SingularV2 vs SeeFutility: 414 - 452 - 542  [0.487] 1408
Started game 1421 of 10000 (SingularV2 vs SeeFutility)
Finished game 1409 (SingularV2 vs SeeFutility): 0-1 {Black wins by adjudication}
Score of SingularV2 vs SeeFutility: 414 - 453 - 542  [0.486] 1409
Started game 1422 of 10000 (SeeFutility vs SingularV2)
Finished game 1410 (SeeFutility vs SingularV2): 0-1 {Black wins by adjudication}
Score of SingularV2 vs SeeFutility: 415 - 453 - 542  [0.487] 1410
Started game 1423 of 10000 (SingularV2 vs SeeFutility)
Finished game 1411 (SingularV2 vs SeeFutility): 1/2-1/2 {Draw by 3-fold repetition}
Score of SingularV2 vs SeeFutility: 415 - 453 - 543  [0.487] 1411
Started game 1424 of 10000 (SeeFutility vs SingularV2)
Finished game 1413 (SingularV2 vs SeeFutility): 1/2-1/2 {Draw by 3-fold repetition}
Score of SingularV2 vs SeeFutility: 415 - 453 - 544  [0.487] 1412
Started game 1425 of 10000 (SingularV2 vs SeeFutility)
Finished game 1414 (SeeFutility vs SingularV2): 0-1 {Black wins by adjudication}
Score of SingularV2 vs SeeFutility: 416 - 453 - 544  [0.487] 1413
Started game 1426 of 10000 (SeeFutility vs SingularV2)
Finished game 1412 (SeeFutility vs SingularV2): 1-0 {White wins by adjudication}
Score of SingularV2 vs SeeFutility: 416 - 454 - 544  [0.487] 1414
Started game 1427 of 10000 (SingularV2 vs SeeFutility)
Finished game 1419 (SingularV2 vs SeeFutility): 1-0 {White wins by adjudication}
Score of SingularV2 vs SeeFutility: 417 - 454 - 544  [0.487] 1415
Started game 1428 of 10000 (SeeFutility vs SingularV2)
Finished game 1415 (SingularV2 vs SeeFutility): 1-0 {White wins by adjudication}
Score of SingularV2 vs SeeFutility: 418 - 454 - 544  [0.487] 1416
Started game 1429 of 10000 (SingularV2 vs SeeFutility)
Finished game 1416 (SeeFutility vs SingularV2): 1-0 {White wins by adjudication}
Score of SingularV2 vs SeeFutility: 418 - 455 - 544  [0.487] 1417
Started game 1430 of 10000 (SeeFutility vs SingularV2)
Finished game 1422 (SeeFutility vs SingularV2): 1/2-1/2 {Draw by 3-fold repetition}
Score of SingularV2 vs SeeFutility: 418 - 455 - 545  [0.487] 1418
Started game 1431 of 10000 (SingularV2 vs SeeFutility)
Finished game 1417 (SingularV2 vs SeeFutility): 0-1 {Black wins by adjudication}
Score of SingularV2 vs SeeFutility: 418 - 456 - 545  [0.487] 1419
Started game 1432 of 10000 (SeeFutility vs SingularV2)
Finished game 1420 (SeeFutility vs SingularV2): 1/2-1/2 {Draw by 3-fold repetition}
Score of SingularV2 vs SeeFutility: 418 - 456 - 546  [0.487] 1420
Started game 1433 of 10000 (SingularV2 vs SeeFutility)
Finished game 1418 (SeeFutility vs SingularV2): 0-1 {Black wins by adjudication}
Score of SingularV2 vs SeeFutility: 419 - 456 - 546  [0.487] 1421
Started game 1434 of 10000 (SeeFutility vs SingularV2)
Finished game 1421 (SingularV2 vs SeeFutility): 1/2-1/2 {Draw by 3-fold repetition}
Score of SingularV2 vs SeeFutility: 419 - 456 - 547  [0.487] 1422
Started game 1435 of 10000 (SingularV2 vs SeeFutility)
Finished game 1427 (SingularV2 vs SeeFutility): 1-0 {White wins by adjudication}
Score of SingularV2 vs SeeFutility: 420 - 456 - 547  [0.487] 1423
Started game 1436 of 10000 (SeeFutility vs SingularV2)
Finished game 1425 (SingularV2 vs SeeFutility): 1-0 {White wins by adjudication}
Score of SingularV2 vs SeeFutility: 421 - 456 - 547  [0.488] 1424
Started game 1437 of 10000 (SingularV2 vs SeeFutility)
Finished game 1423 (SingularV2 vs SeeFutility): 1/2-1/2 {Draw by 3-fold repetition}
Score of SingularV2 vs SeeFutility: 421 - 456 - 548  [0.488] 1425
Started game 1438 of 10000 (SeeFutility vs SingularV2)
Finished game 1424 (SeeFutility vs SingularV2): 1/2-1/2 {Draw by insufficient mating material}
Score of SingularV2 vs SeeFutility: 421 - 456 - 549  [0.488] 1426
Started game 1439 of 10000 (SingularV2 vs SeeFutility)
Finished game 1429 (SingularV2 vs SeeFutility): 1-0 {White wins by adjudication}
Score of SingularV2 vs SeeFutility: 422 - 456 - 549  [0.488] 1427
Started game 1440 of 10000 (SeeFutility vs SingularV2)
Finished game 1428 (SeeFutility vs SingularV2): 0-1 {Black wins by adjudication}
Score of SingularV2 vs SeeFutility: 423 - 456 - 549  [0.488] 1428
Started game 1441 of 10000 (SingularV2 vs SeeFutility)
Finished game 1433 (SingularV2 vs SeeFutility): 1/2-1/2 {Draw by adjudication}
Score of SingularV2 vs SeeFutility: 423 - 456 - 550  [0.488] 1429
Started game 1442 of 10000 (SeeFutility vs SingularV2)
Finished game 1436 (SeeFutility vs SingularV2): 1-0 {White wins by adjudication}
Score of SingularV2 vs SeeFutility: 423 - 457 - 550  [0.488] 1430
Started game 1443 of 10000 (SingularV2 vs SeeFutility)
Finished game 1435 (SingularV2 vs SeeFutility): 1-0 {White wins by adjudication}
Score of SingularV2 vs SeeFutility: 424 - 457 - 550  [0.488] 1431
Started game 1444 of 10000 (SeeFutility vs SingularV2)
Finished game 1432 (SeeFutility vs SingularV2): 0-1 {Black mates}
Score of SingularV2 vs SeeFutility: 425 - 457 - 550  [0.489] 1432
Started game 1445 of 10000 (SingularV2 vs SeeFutility)
Finished game 1431 (SingularV2 vs SeeFutility): 1/2-1/2 {Draw by adjudication}
Score of SingularV2 vs SeeFutility: 425 - 457 - 551  [0.489] 1433
Started game 1446 of 10000 (SeeFutility vs SingularV2)
Finished game 1426 (SeeFutility vs SingularV2): 1/2-1/2 {Draw by fifty moves rule}
Score of SingularV2 vs SeeFutility: 425 - 457 - 552  [0.489] 1434
Started game 1447 of 10000 (SingularV2 vs SeeFutility)
Finished game 1430 (SeeFutility vs SingularV2): 1/2-1/2 {Draw by insufficient mating material}
Score of SingularV2 vs SeeFutility: 425 - 457 - 553  [0.489] 1435
Started game 1448 of 10000 (SeeFutility vs SingularV2)
Finished game 1437 (SingularV2 vs SeeFutility): 1/2-1/2 {Draw by insufficient mating material}
Score of SingularV2 vs SeeFutility: 425 - 457 - 554  [0.489] 1436
Started game 1449 of 10000 (SingularV2 vs SeeFutility)
Finished game 1434 (SeeFutility vs SingularV2): 1/2-1/2 {Draw by insufficient mating material}
Score of SingularV2 vs SeeFutility: 425 - 457 - 555  [0.489] 1437
Started game 1450 of 10000 (SeeFutility vs SingularV2)
Finished game 1438 (SeeFutility vs SingularV2): 0-1 {Black wins by adjudication}
Score of SingularV2 vs SeeFutility: 426 - 457 - 555  [0.489] 1438
Started game 1451 of 10000 (SingularV2 vs SeeFutility)
Finished game 1440 (SeeFutility vs SingularV2): 0-1 {Black wins by adjudication}
Score of SingularV2 vs SeeFutility: 427 - 457 - 555  [0.490] 1439
Started game 1452 of 10000 (SeeFutility vs SingularV2)
Finished game 1439 (SingularV2 vs SeeFutility): 1-0 {White wins by adjudication}
Score of SingularV2 vs SeeFutility: 428 - 457 - 555  [0.490] 1440
Started game 1453 of 10000 (SingularV2 vs SeeFutility)
Finished game 1442 (SeeFutility vs SingularV2): 1/2-1/2 {Draw by 3-fold repetition}
Score of SingularV2 vs SeeFutility: 428 - 457 - 556  [0.490] 1441
Started game 1454 of 10000 (SeeFutility vs SingularV2)
Finished game 1444 (SeeFutility vs SingularV2): 1-0 {White wins by adjudication}
Score of SingularV2 vs SeeFutility: 428 - 458 - 556  [0.490] 1442
Started game 1455 of 10000 (SingularV2 vs SeeFutility)
Finished game 1443 (SingularV2 vs SeeFutility): 1-0 {White wins by adjudication}
Score of SingularV2 vs SeeFutility: 429 - 458 - 556  [0.490] 1443
Started game 1456 of 10000 (SeeFutility vs SingularV2)
Finished game 1445 (SingularV2 vs SeeFutility): 0-1 {Black wins by adjudication}
Score of SingularV2 vs SeeFutility: 429 - 459 - 556  [0.490] 1444
Started game 1457 of 10000 (SingularV2 vs SeeFutility)
Finished game 1447 (SingularV2 vs SeeFutility): 1/2-1/2 {Draw by 3-fold repetition}
Score of SingularV2 vs SeeFutility: 429 - 459 - 557  [0.490] 1445
Started game 1458 of 10000 (SeeFutility vs SingularV2)
Finished game 1446 (SeeFutility vs SingularV2): 0-1 {Black wins by adjudication}
Score of SingularV2 vs SeeFutility: 430 - 459 - 557  [0.490] 1446
Started game 1459 of 10000 (SingularV2 vs SeeFutility)
Finished game 1452 (SeeFutility vs SingularV2): 1/2-1/2 {Draw by 3-fold repetition}
Score of SingularV2 vs SeeFutility: 430 - 459 - 558  [0.490] 1447
Started game 1460 of 10000 (SeeFutility vs SingularV2)
Finished game 1449 (SingularV2 vs SeeFutility): 1-0 {White wins by adjudication}
Score of SingularV2 vs SeeFutility: 431 - 459 - 558  [0.490] 1448
Started game 1461 of 10000 (SingularV2 vs SeeFutility)
Finished game 1441 (SingularV2 vs SeeFutility): 1/2-1/2 {Draw by fifty moves rule}
Score of SingularV2 vs SeeFutility: 431 - 459 - 559  [0.490] 1449
Started game 1462 of 10000 (SeeFutility vs SingularV2)
Finished game 1451 (SingularV2 vs SeeFutility): 1-0 {White wins by adjudication}
Score of SingularV2 vs SeeFutility: 432 - 459 - 559  [0.491] 1450
Started game 1463 of 10000 (SingularV2 vs SeeFutility)
Finished game 1455 (SingularV2 vs SeeFutility): 0-1 {Black wins by adjudication}
Score of SingularV2 vs SeeFutility: 432 - 460 - 559  [0.490] 1451
Started game 1464 of 10000 (SeeFutility vs SingularV2)
Finished game 1458 (SeeFutility vs SingularV2): 1/2-1/2 {Draw by 3-fold repetition}
Score of SingularV2 vs SeeFutility: 432 - 460 - 560  [0.490] 1452
Started game 1465 of 10000 (SingularV2 vs SeeFutility)
Finished game 1453 (SingularV2 vs SeeFutility): 0-1 {Black wins by adjudication}
Score of SingularV2 vs SeeFutility: 432 - 461 - 560  [0.490] 1453
Started game 1466 of 10000 (SeeFutility vs SingularV2)
Finished game 1450 (SeeFutility vs SingularV2): 1-0 {White wins by adjudication}
Score of SingularV2 vs SeeFutility: 432 - 462 - 560  [0.490] 1454
Started game 1467 of 10000 (SingularV2 vs SeeFutility)
Finished game 1448 (SeeFutility vs SingularV2): 1-0 {White mates}
Score of SingularV2 vs SeeFutility: 432 - 463 - 560  [0.489] 1455
Started game 1468 of 10000 (SeeFutility vs SingularV2)
Finished game 1454 (SeeFutility vs SingularV2): 1/2-1/2 {Draw by insufficient mating material}
Score of SingularV2 vs SeeFutility: 432 - 463 - 561  [0.489] 1456
Started game 1469 of 10000 (SingularV2 vs SeeFutility)
Finished game 1457 (SingularV2 vs SeeFutility): 1/2-1/2 {Draw by 3-fold repetition}
Score of SingularV2 vs SeeFutility: 432 - 463 - 562  [0.489] 1457
Started game 1470 of 10000 (SeeFutility vs SingularV2)
Finished game 1460 (SeeFutility vs SingularV2): 1/2-1/2 {Draw by 3-fold repetition}
Score of SingularV2 vs SeeFutility: 432 - 463 - 563  [0.489] 1458
Started game 1471 of 10000 (SingularV2 vs SeeFutility)
Finished game 1456 (SeeFutility vs SingularV2): 0-1 {Black wins by adjudication}
Score of SingularV2 vs SeeFutility: 433 - 463 - 563  [0.490] 1459
Started game 1472 of 10000 (SeeFutility vs SingularV2)
Finished game 1461 (SingularV2 vs SeeFutility): 1/2-1/2 {Draw by 3-fold repetition}
Score of SingularV2 vs SeeFutility: 433 - 463 - 564  [0.490] 1460
Started game 1473 of 10000 (SingularV2 vs SeeFutility)
Finished game 1462 (SeeFutility vs SingularV2): 1-0 {White wins by adjudication}
Score of SingularV2 vs SeeFutility: 433 - 464 - 564  [0.489] 1461
Started game 1474 of 10000 (SeeFutility vs SingularV2)
Finished game 1463 (SingularV2 vs SeeFutility): 1-0 {White wins by adjudication}
Score of SingularV2 vs SeeFutility: 434 - 464 - 564  [0.490] 1462
Started game 1475 of 10000 (SingularV2 vs SeeFutility)
Finished game 1467 (SingularV2 vs SeeFutility): 1-0 {White wins by adjudication}
Score of SingularV2 vs SeeFutility: 435 - 464 - 564  [0.490] 1463
Started game 1476 of 10000 (SeeFutility vs SingularV2)
Finished game 1459 (SingularV2 vs SeeFutility): 1/2-1/2 {Draw by insufficient mating material}
Score of SingularV2 vs SeeFutility: 435 - 464 - 565  [0.490] 1464
Started game 1477 of 10000 (SingularV2 vs SeeFutility)
Finished game 1466 (SeeFutility vs SingularV2): 0-1 {Black wins by adjudication}
Score of SingularV2 vs SeeFutility: 436 - 464 - 565  [0.490] 1465
Started game 1478 of 10000 (SeeFutility vs SingularV2)
Finished game 1469 (SingularV2 vs SeeFutility): 1-0 {White wins by adjudication}
Score of SingularV2 vs SeeFutility: 437 - 464 - 565  [0.491] 1466
Started game 1479 of 10000 (SingularV2 vs SeeFutility)
Finished game 1464 (SeeFutility vs SingularV2): 1/2-1/2 {Draw by insufficient mating material}
Score of SingularV2 vs SeeFutility: 437 - 464 - 566  [0.491] 1467
Started game 1480 of 10000 (SeeFutility vs SingularV2)
Finished game 1474 (SeeFutility vs SingularV2): 1/2-1/2 {Draw by 3-fold repetition}
Score of SingularV2 vs SeeFutility: 437 - 464 - 567  [0.491] 1468
Started game 1481 of 10000 (SingularV2 vs SeeFutility)
Finished game 1465 (SingularV2 vs SeeFutility): 1/2-1/2 {Draw by 3-fold repetition}
Score of SingularV2 vs SeeFutility: 437 - 464 - 568  [0.491] 1469
Started game 1482 of 10000 (SeeFutility vs SingularV2)
Finished game 1468 (SeeFutility vs SingularV2): 1-0 {White wins by adjudication}
Score of SingularV2 vs SeeFutility: 437 - 465 - 568  [0.490] 1470
Started game 1483 of 10000 (SingularV2 vs SeeFutility)
Finished game 1476 (SeeFutility vs SingularV2): 1/2-1/2 {Draw by 3-fold repetition}
Score of SingularV2 vs SeeFutility: 437 - 465 - 569  [0.490] 1471
Started game 1484 of 10000 (SeeFutility vs SingularV2)
Finished game 1473 (SingularV2 vs SeeFutility): 0-1 {Black wins by adjudication}
Score of SingularV2 vs SeeFutility: 437 - 466 - 569  [0.490] 1472
Started game 1485 of 10000 (SingularV2 vs SeeFutility)
Finished game 1472 (SeeFutility vs SingularV2): 0-1 {Black wins by adjudication}
Score of SingularV2 vs SeeFutility: 438 - 466 - 569  [0.490] 1473
Started game 1486 of 10000 (SeeFutility vs SingularV2)
Finished game 1471 (SingularV2 vs SeeFutility): 1-0 {White wins by adjudication}
Score of SingularV2 vs SeeFutility: 439 - 466 - 569  [0.491] 1474
Started game 1487 of 10000 (SingularV2 vs SeeFutility)
Finished game 1475 (SingularV2 vs SeeFutility): 1/2-1/2 {Draw by insufficient mating material}
Score of SingularV2 vs SeeFutility: 439 - 466 - 570  [0.491] 1475
Started game 1488 of 10000 (SeeFutility vs SingularV2)
Finished game 1478 (SeeFutility vs SingularV2): 1/2-1/2 {Draw by 3-fold repetition}
Score of SingularV2 vs SeeFutility: 439 - 466 - 571  [0.491] 1476
Started game 1489 of 10000 (SingularV2 vs SeeFutility)
Finished game 1470 (SeeFutility vs SingularV2): 1/2-1/2 {Draw by 3-fold repetition}
Score of SingularV2 vs SeeFutility: 439 - 466 - 572  [0.491] 1477
Started game 1490 of 10000 (SeeFutility vs SingularV2)
Finished game 1477 (SingularV2 vs SeeFutility): 0-1 {Black wins by adjudication}
Score of SingularV2 vs SeeFutility: 439 - 467 - 572  [0.491] 1478
Started game 1491 of 10000 (SingularV2 vs SeeFutility)
Finished game 1486 (SeeFutility vs SingularV2): 1-0 {White mates}
Score of SingularV2 vs SeeFutility: 439 - 468 - 572  [0.490] 1479
Started game 1492 of 10000 (SeeFutility vs SingularV2)
Finished game 1479 (SingularV2 vs SeeFutility): 1-0 {White wins by adjudication}
Score of SingularV2 vs SeeFutility: 440 - 468 - 572  [0.491] 1480
Started game 1493 of 10000 (SingularV2 vs SeeFutility)
Finished game 1481 (SingularV2 vs SeeFutility): 0-1 {Black wins by adjudication}
Score of SingularV2 vs SeeFutility: 440 - 469 - 572  [0.490] 1481
Started game 1494 of 10000 (SeeFutility vs SingularV2)
Finished game 1480 (SeeFutility vs SingularV2): 1/2-1/2 {Draw by adjudication}
Score of SingularV2 vs SeeFutility: 440 - 469 - 573  [0.490] 1482
Started game 1495 of 10000 (SingularV2 vs SeeFutility)
Finished game 1483 (SingularV2 vs SeeFutility): 1-0 {White wins by adjudication}
Score of SingularV2 vs SeeFutility: 441 - 469 - 573  [0.491] 1483
Started game 1496 of 10000 (SeeFutility vs SingularV2)
Finished game 1482 (SeeFutility vs SingularV2): 0-1 {Black wins by adjudication}
Score of SingularV2 vs SeeFutility: 442 - 469 - 573  [0.491] 1484
Started game 1497 of 10000 (SingularV2 vs SeeFutility)
Finished game 1491 (SingularV2 vs SeeFutility): 1-0 {White wins by adjudication}
Score of SingularV2 vs SeeFutility: 443 - 469 - 573  [0.491] 1485
Started game 1498 of 10000 (SeeFutility vs SingularV2)
Finished game 1484 (SeeFutility vs SingularV2): 0-1 {Black wins by adjudication}
Score of SingularV2 vs SeeFutility: 444 - 469 - 573  [0.492] 1486
Started game 1499 of 10000 (SingularV2 vs SeeFutility)
Finished game 1489 (SingularV2 vs SeeFutility): 1/2-1/2 {Draw by 3-fold repetition}
Score of SingularV2 vs SeeFutility: 444 - 469 - 574  [0.492] 1487
Started game 1500 of 10000 (SeeFutility vs SingularV2)
Finished game 1488 (SeeFutility vs SingularV2): 1/2-1/2 {Draw by insufficient mating material}
Score of SingularV2 vs SeeFutility: 444 - 469 - 575  [0.492] 1488
Started game 1501 of 10000 (SingularV2 vs SeeFutility)
Finished game 1490 (SeeFutility vs SingularV2): 1/2-1/2 {Draw by stalemate}
Score of SingularV2 vs SeeFutility: 444 - 469 - 576  [0.492] 1489
Started game 1502 of 10000 (SeeFutility vs SingularV2)
Finished game 1493 (SingularV2 vs SeeFutility): 1-0 {White wins by adjudication}
Score of SingularV2 vs SeeFutility: 445 - 469 - 576  [0.492] 1490
Started game 1503 of 10000 (SingularV2 vs SeeFutility)
Finished game 1495 (SingularV2 vs SeeFutility): 1/2-1/2 {Draw by 3-fold repetition}
Score of SingularV2 vs SeeFutility: 445 - 469 - 577  [0.492] 1491
Started game 1504 of 10000 (SeeFutility vs SingularV2)
Finished game 1497 (SingularV2 vs SeeFutility): 1/2-1/2 {Draw by adjudication}
Score of SingularV2 vs SeeFutility: 445 - 469 - 578  [0.492] 1492
Started game 1505 of 10000 (SingularV2 vs SeeFutility)
Finished game 1487 (SingularV2 vs SeeFutility): 0-1 {Black mates}
Score of SingularV2 vs SeeFutility: 445 - 470 - 578  [0.492] 1493
Started game 1506 of 10000 (SeeFutility vs SingularV2)
Finished game 1496 (SeeFutility vs SingularV2): 0-1 {Black wins by adjudication}
Score of SingularV2 vs SeeFutility: 446 - 470 - 578  [0.492] 1494
Started game 1507 of 10000 (SingularV2 vs SeeFutility)
Finished game 1494 (SeeFutility vs SingularV2): 0-1 {Black wins by adjudication}
Score of SingularV2 vs SeeFutility: 447 - 470 - 578  [0.492] 1495
Started game 1508 of 10000 (SeeFutility vs SingularV2)
Finished game 1485 (SingularV2 vs SeeFutility): 1/2-1/2 {Draw by fifty moves rule}
Score of SingularV2 vs SeeFutility: 447 - 470 - 579  [0.492] 1496
Started game 1509 of 10000 (SingularV2 vs SeeFutility)
Finished game 1498 (SeeFutility vs SingularV2): 1/2-1/2 {Draw by insufficient mating material}
Score of SingularV2 vs SeeFutility: 447 - 470 - 580  [0.492] 1497
Started game 1510 of 10000 (SeeFutility vs SingularV2)
Finished game 1500 (SeeFutility vs SingularV2): 1-0 {White mates}
Score of SingularV2 vs SeeFutility: 447 - 471 - 580  [0.492] 1498
Started game 1511 of 10000 (SingularV2 vs SeeFutility)
Finished game 1499 (SingularV2 vs SeeFutility): 1-0 {White wins by adjudication}
Score of SingularV2 vs SeeFutility: 448 - 471 - 580  [0.492] 1499
Started game 1512 of 10000 (SeeFutility vs SingularV2)
Finished game 1501 (SingularV2 vs SeeFutility): 1/2-1/2 {Draw by 3-fold repetition}
Score of SingularV2 vs SeeFutility: 448 - 471 - 581  [0.492] 1500
Started game 1513 of 10000 (SingularV2 vs SeeFutility)
Finished game 1505 (SingularV2 vs SeeFutility): 0-1 {Black wins by adjudication}
Score of SingularV2 vs SeeFutility: 448 - 472 - 581  [0.492] 1501
Started game 1514 of 10000 (SeeFutility vs SingularV2)
Finished game 1502 (SeeFutility vs SingularV2): 1/2-1/2 {Draw by 3-fold repetition}
Score of SingularV2 vs SeeFutility: 448 - 472 - 582  [0.492] 1502
Started game 1515 of 10000 (SingularV2 vs SeeFutility)
Finished game 1504 (SeeFutility vs SingularV2): 1/2-1/2 {Draw by 3-fold repetition}
Score of SingularV2 vs SeeFutility: 448 - 472 - 583  [0.492] 1503
Started game 1516 of 10000 (SeeFutility vs SingularV2)
Finished game 1492 (SeeFutility vs SingularV2): 1/2-1/2 {Draw by fifty moves rule}
Score of SingularV2 vs SeeFutility: 448 - 472 - 584  [0.492] 1504
Started game 1517 of 10000 (SingularV2 vs SeeFutility)
Finished game 1503 (SingularV2 vs SeeFutility): 1-0 {White wins by adjudication}
Score of SingularV2 vs SeeFutility: 449 - 472 - 584  [0.492] 1505
Started game 1518 of 10000 (SeeFutility vs SingularV2)
Finished game 1506 (SeeFutility vs SingularV2): 0-1 {Black wins by adjudication}
Score of SingularV2 vs SeeFutility: 450 - 472 - 584  [0.493] 1506
Started game 1519 of 10000 (SingularV2 vs SeeFutility)
Finished game 1507 (SingularV2 vs SeeFutility): 1/2-1/2 {Draw by insufficient mating material}
Score of SingularV2 vs SeeFutility: 450 - 472 - 585  [0.493] 1507
Started game 1520 of 10000 (SeeFutility vs SingularV2)
Finished game 1511 (SingularV2 vs SeeFutility): 1-0 {White wins by adjudication}
Score of SingularV2 vs SeeFutility: 451 - 472 - 585  [0.493] 1508
Started game 1521 of 10000 (SingularV2 vs SeeFutility)
Finished game 1508 (SeeFutility vs SingularV2): 1-0 {White wins by adjudication}
Score of SingularV2 vs SeeFutility: 451 - 473 - 585  [0.493] 1509
Started game 1522 of 10000 (SeeFutility vs SingularV2)
Finished game 1512 (SeeFutility vs SingularV2): 1/2-1/2 {Draw by adjudication}
Score of SingularV2 vs SeeFutility: 451 - 473 - 586  [0.493] 1510
Started game 1523 of 10000 (SingularV2 vs SeeFutility)
Finished game 1509 (SingularV2 vs SeeFutility): 1-0 {White wins by adjudication}
Score of SingularV2 vs SeeFutility: 452 - 473 - 586  [0.493] 1511
Started game 1524 of 10000 (SeeFutility vs SingularV2)
Finished game 1510 (SeeFutility vs SingularV2): 1/2-1/2 {Draw by 3-fold repetition}
Score of SingularV2 vs SeeFutility: 452 - 473 - 587  [0.493] 1512
Started game 1525 of 10000 (SingularV2 vs SeeFutility)
Finished game 1516 (SeeFutility vs SingularV2): 1/2-1/2 {Draw by adjudication}
Score of SingularV2 vs SeeFutility: 452 - 473 - 588  [0.493] 1513
Started game 1526 of 10000 (SeeFutility vs SingularV2)
Finished game 1515 (SingularV2 vs SeeFutility): 1-0 {White wins by adjudication}
Score of SingularV2 vs SeeFutility: 453 - 473 - 588  [0.493] 1514
Started game 1527 of 10000 (SingularV2 vs SeeFutility)
Finished game 1514 (SeeFutility vs SingularV2): 1-0 {White wins by adjudication}
Score of SingularV2 vs SeeFutility: 453 - 474 - 588  [0.493] 1515
Started game 1528 of 10000 (SeeFutility vs SingularV2)
Finished game 1513 (SingularV2 vs SeeFutility): 1-0 {White wins by adjudication}
Score of SingularV2 vs SeeFutility: 454 - 474 - 588  [0.493] 1516
Started game 1529 of 10000 (SingularV2 vs SeeFutility)
Finished game 1521 (SingularV2 vs SeeFutility): 1-0 {White wins by adjudication}
Score of SingularV2 vs SeeFutility: 455 - 474 - 588  [0.494] 1517
Started game 1530 of 10000 (SeeFutility vs SingularV2)
Finished game 1519 (SingularV2 vs SeeFutility): 1-0 {White wins by adjudication}
Score of SingularV2 vs SeeFutility: 456 - 474 - 588  [0.494] 1518
Started game 1531 of 10000 (SingularV2 vs SeeFutility)
Finished game 1517 (SingularV2 vs SeeFutility): 0-1 {Black wins by adjudication}
Score of SingularV2 vs SeeFutility: 456 - 475 - 588  [0.494] 1519
Started game 1532 of 10000 (SeeFutility vs SingularV2)
Finished game 1520 (SeeFutility vs SingularV2): 1/2-1/2 {Draw by adjudication}
Score of SingularV2 vs SeeFutility: 456 - 475 - 589  [0.494] 1520
Started game 1533 of 10000 (SingularV2 vs SeeFutility)
Finished game 1524 (SeeFutility vs SingularV2): 1-0 {White wins by adjudication}
Score of SingularV2 vs SeeFutility: 456 - 476 - 589  [0.493] 1521
Started game 1534 of 10000 (SeeFutility vs SingularV2)
Finished game 1518 (SeeFutility vs SingularV2): 1/2-1/2 {Draw by 3-fold repetition}
Score of SingularV2 vs SeeFutility: 456 - 476 - 590  [0.493] 1522
Started game 1535 of 10000 (SingularV2 vs SeeFutility)
Finished game 1526 (SeeFutility vs SingularV2): 1/2-1/2 {Draw by insufficient mating material}
Score of SingularV2 vs SeeFutility: 456 - 476 - 591  [0.493] 1523
Started game 1536 of 10000 (SeeFutility vs SingularV2)
Finished game 1522 (SeeFutility vs SingularV2): 1-0 {White wins by adjudication}
Score of SingularV2 vs SeeFutility: 456 - 477 - 591  [0.493] 1524
Started game 1537 of 10000 (SingularV2 vs SeeFutility)
Finished game 1528 (SeeFutility vs SingularV2): 1/2-1/2 {Draw by 3-fold repetition}
Score of SingularV2 vs SeeFutility: 456 - 477 - 592  [0.493] 1525
Started game 1538 of 10000 (SeeFutility vs SingularV2)
Finished game 1523 (SingularV2 vs SeeFutility): 1/2-1/2 {Draw by fifty moves rule}
Score of SingularV2 vs SeeFutility: 456 - 477 - 593  [0.493] 1526
Started game 1539 of 10000 (SingularV2 vs SeeFutility)
Finished game 1529 (SingularV2 vs SeeFutility): 1/2-1/2 {Draw by adjudication}
Score of SingularV2 vs SeeFutility: 456 - 477 - 594  [0.493] 1527
Started game 1540 of 10000 (SeeFutility vs SingularV2)
Finished game 1531 (SingularV2 vs SeeFutility): 1-0 {White wins by adjudication}
Score of SingularV2 vs SeeFutility: 457 - 477 - 594  [0.493] 1528
Started game 1541 of 10000 (SingularV2 vs SeeFutility)
Finished game 1532 (SeeFutility vs SingularV2): 0-1 {Black wins by adjudication}
Score of SingularV2 vs SeeFutility: 458 - 477 - 594  [0.494] 1529
Started game 1542 of 10000 (SeeFutility vs SingularV2)
Finished game 1525 (SingularV2 vs SeeFutility): 1/2-1/2 {Draw by fifty moves rule}
Score of SingularV2 vs SeeFutility: 458 - 477 - 595  [0.494] 1530
Started game 1543 of 10000 (SingularV2 vs SeeFutility)
Finished game 1537 (SingularV2 vs SeeFutility): 1/2-1/2 {Draw by 3-fold repetition}
Score of SingularV2 vs SeeFutility: 458 - 477 - 596  [0.494] 1531
Started game 1544 of 10000 (SeeFutility vs SingularV2)
Finished game 1533 (SingularV2 vs SeeFutility): 1-0 {White wins by adjudication}
Score of SingularV2 vs SeeFutility: 459 - 477 - 596  [0.494] 1532
Started game 1545 of 10000 (SingularV2 vs SeeFutility)
Finished game 1530 (SeeFutility vs SingularV2): 1-0 {White wins by adjudication}
Score of SingularV2 vs SeeFutility: 459 - 478 - 596  [0.494] 1533
Started game 1546 of 10000 (SeeFutility vs SingularV2)
Finished game 1535 (SingularV2 vs SeeFutility): 0-1 {Black wins by adjudication}
Score of SingularV2 vs SeeFutility: 459 - 479 - 596  [0.493] 1534
Started game 1547 of 10000 (SingularV2 vs SeeFutility)
Finished game 1536 (SeeFutility vs SingularV2): 1-0 {White wins by adjudication}
Score of SingularV2 vs SeeFutility: 459 - 480 - 596  [0.493] 1535
Started game 1548 of 10000 (SeeFutility vs SingularV2)
Finished game 1527 (SingularV2 vs SeeFutility): 1/2-1/2 {Draw by fifty moves rule}
Score of SingularV2 vs SeeFutility: 459 - 480 - 597  [0.493] 1536
Started game 1549 of 10000 (SingularV2 vs SeeFutility)
Finished game 1538 (SeeFutility vs SingularV2): 1-0 {White wins by adjudication}
Score of SingularV2 vs SeeFutility: 459 - 481 - 597  [0.493] 1537
Started game 1550 of 10000 (SeeFutility vs SingularV2)
Finished game 1539 (SingularV2 vs SeeFutility): 0-1 {Black wins by adjudication}
Score of SingularV2 vs SeeFutility: 459 - 482 - 597  [0.493] 1538
Started game 1551 of 10000 (SingularV2 vs SeeFutility)
Finished game 1534 (SeeFutility vs SingularV2): 1-0 {White wins by adjudication}
Score of SingularV2 vs SeeFutility: 459 - 483 - 597  [0.492] 1539
Started game 1552 of 10000 (SeeFutility vs SingularV2)
Finished game 1540 (SeeFutility vs SingularV2): 1-0 {White wins by adjudication}
Score of SingularV2 vs SeeFutility: 459 - 484 - 597  [0.492] 1540
Started game 1553 of 10000 (SingularV2 vs SeeFutility)
Finished game 1542 (SeeFutility vs SingularV2): 1-0 {White wins by adjudication}
Score of SingularV2 vs SeeFutility: 459 - 485 - 597  [0.492] 1541
Started game 1554 of 10000 (SeeFutility vs SingularV2)
Finished game 1541 (SingularV2 vs SeeFutility): 0-1 {Black mates}
Score of SingularV2 vs SeeFutility: 459 - 486 - 597  [0.491] 1542
Started game 1555 of 10000 (SingularV2 vs SeeFutility)
Finished game 1548 (SeeFutility vs SingularV2): 1/2-1/2 {Draw by 3-fold repetition}
Score of SingularV2 vs SeeFutility: 459 - 486 - 598  [0.491] 1543
Started game 1556 of 10000 (SeeFutility vs SingularV2)
Finished game 1544 (SeeFutility vs SingularV2): 0-1 {Black wins by adjudication}
Score of SingularV2 vs SeeFutility: 460 - 486 - 598  [0.492] 1544
Started game 1557 of 10000 (SingularV2 vs SeeFutility)
Finished game 1543 (SingularV2 vs SeeFutility): 0-1 {Black wins by adjudication}
Score of SingularV2 vs SeeFutility: 460 - 487 - 598  [0.491] 1545
Started game 1558 of 10000 (SeeFutility vs SingularV2)
Finished game 1547 (SingularV2 vs SeeFutility): 1-0 {White wins by adjudication}
Score of SingularV2 vs SeeFutility: 461 - 487 - 598  [0.492] 1546
Started game 1559 of 10000 (SingularV2 vs SeeFutility)
Finished game 1545 (SingularV2 vs SeeFutility): 0-1 {Black wins by adjudication}
Score of SingularV2 vs SeeFutility: 461 - 488 - 598  [0.491] 1547
Started game 1560 of 10000 (SeeFutility vs SingularV2)
Finished game 1546 (SeeFutility vs SingularV2): 0-1 {Black wins by adjudication}
Score of SingularV2 vs SeeFutility: 462 - 488 - 598  [0.492] 1548
Started game 1561 of 10000 (SingularV2 vs SeeFutility)
Finished game 1550 (SeeFutility vs SingularV2): 1-0 {White wins by adjudication}
Score of SingularV2 vs SeeFutility: 462 - 489 - 598  [0.491] 1549
Started game 1562 of 10000 (SeeFutility vs SingularV2)
Finished game 1553 (SingularV2 vs SeeFutility): 1/2-1/2 {Draw by 3-fold repetition}
Score of SingularV2 vs SeeFutility: 462 - 489 - 599  [0.491] 1550
Started game 1563 of 10000 (SingularV2 vs SeeFutility)
Finished game 1549 (SingularV2 vs SeeFutility): 1-0 {White wins by adjudication}
Score of SingularV2 vs SeeFutility: 463 - 489 - 599  [0.492] 1551
Started game 1564 of 10000 (SeeFutility vs SingularV2)
Finished game 1552 (SeeFutility vs SingularV2): 1-0 {White mates}
Score of SingularV2 vs SeeFutility: 463 - 490 - 599  [0.491] 1552
Started game 1565 of 10000 (SingularV2 vs SeeFutility)
Finished game 1554 (SeeFutility vs SingularV2): 1-0 {White wins by adjudication}
Score of SingularV2 vs SeeFutility: 463 - 491 - 599  [0.491] 1553
Started game 1566 of 10000 (SeeFutility vs SingularV2)
Finished game 1557 (SingularV2 vs SeeFutility): 1-0 {White wins by adjudication}
Score of SingularV2 vs SeeFutility: 464 - 491 - 599  [0.491] 1554
Started game 1567 of 10000 (SingularV2 vs SeeFutility)
Finished game 1555 (SingularV2 vs SeeFutility): 0-1 {Black wins by adjudication}
Score of SingularV2 vs SeeFutility: 464 - 492 - 599  [0.491] 1555
Started game 1568 of 10000 (SeeFutility vs SingularV2)
Finished game 1551 (SingularV2 vs SeeFutility): 1/2-1/2 {Draw by fifty moves rule}
Score of SingularV2 vs SeeFutility: 464 - 492 - 600  [0.491] 1556
Started game 1569 of 10000 (SingularV2 vs SeeFutility)
Finished game 1559 (SingularV2 vs SeeFutility): 0-1 {Black wins by adjudication}
Score of SingularV2 vs SeeFutility: 464 - 493 - 600  [0.491] 1557
Started game 1570 of 10000 (SeeFutility vs SingularV2)
Finished game 1562 (SeeFutility vs SingularV2): 1-0 {White wins by adjudication}
Score of SingularV2 vs SeeFutility: 464 - 494 - 600  [0.490] 1558
Started game 1571 of 10000 (SingularV2 vs SeeFutility)
Finished game 1560 (SeeFutility vs SingularV2): 0-1 {Black wins by adjudication}
Score of SingularV2 vs SeeFutility: 465 - 494 - 600  [0.491] 1559
Started game 1572 of 10000 (SeeFutility vs SingularV2)
Finished game 1556 (SeeFutility vs SingularV2): 1/2-1/2 {Draw by 3-fold repetition}
Score of SingularV2 vs SeeFutility: 465 - 494 - 601  [0.491] 1560
Started game 1573 of 10000 (SingularV2 vs SeeFutility)
Finished game 1561 (SingularV2 vs SeeFutility): 1/2-1/2 {Draw by adjudication}
Score of SingularV2 vs SeeFutility: 465 - 494 - 602  [0.491] 1561
Started game 1574 of 10000 (SeeFutility vs SingularV2)
Finished game 1558 (SeeFutility vs SingularV2): 1/2-1/2 {Draw by insufficient mating material}
Score of SingularV2 vs SeeFutility: 465 - 494 - 603  [0.491] 1562
Started game 1575 of 10000 (SingularV2 vs SeeFutility)
Finished game 1564 (SeeFutility vs SingularV2): 0-1 {Black wins by adjudication}
Score of SingularV2 vs SeeFutility: 466 - 494 - 603  [0.491] 1563
Started game 1576 of 10000 (SeeFutility vs SingularV2)
Finished game 1567 (SingularV2 vs SeeFutility): 1-0 {White mates}
Score of SingularV2 vs SeeFutility: 467 - 494 - 603  [0.491] 1564
Started game 1577 of 10000 (SingularV2 vs SeeFutility)
Finished game 1565 (SingularV2 vs SeeFutility): 0-1 {Black wins by adjudication}
Score of SingularV2 vs SeeFutility: 467 - 495 - 603  [0.491] 1565
Started game 1578 of 10000 (SeeFutility vs SingularV2)
Finished game 1568 (SeeFutility vs SingularV2): 1/2-1/2 {Draw by insufficient mating material}
Score of SingularV2 vs SeeFutility: 467 - 495 - 604  [0.491] 1566
Started game 1579 of 10000 (SingularV2 vs SeeFutility)
Finished game 1566 (SeeFutility vs SingularV2): 1/2-1/2 {Draw by insufficient mating material}
Score of SingularV2 vs SeeFutility: 467 - 495 - 605  [0.491] 1567
Started game 1580 of 10000 (SeeFutility vs SingularV2)
Finished game 1563 (SingularV2 vs SeeFutility): 1/2-1/2 {Draw by adjudication}
Score of SingularV2 vs SeeFutility: 467 - 495 - 606  [0.491] 1568
Started game 1581 of 10000 (SingularV2 vs SeeFutility)
Finished game 1570 (SeeFutility vs SingularV2): 0-1 {Black wins by adjudication}
Score of SingularV2 vs SeeFutility: 468 - 495 - 606  [0.491] 1569
Started game 1582 of 10000 (SeeFutility vs SingularV2)
Finished game 1569 (SingularV2 vs SeeFutility): 0-1 {Black wins by adjudication}
Score of SingularV2 vs SeeFutility: 468 - 496 - 606  [0.491] 1570
Started game 1583 of 10000 (SingularV2 vs SeeFutility)
Finished game 1572 (SeeFutility vs SingularV2): 1/2-1/2 {Draw by 3-fold repetition}
Score of SingularV2 vs SeeFutility: 468 - 496 - 607  [0.491] 1571
Started game 1584 of 10000 (SeeFutility vs SingularV2)
Finished game 1571 (SingularV2 vs SeeFutility): 0-1 {Black wins by adjudication}
Score of SingularV2 vs SeeFutility: 468 - 497 - 607  [0.491] 1572
Started game 1585 of 10000 (SingularV2 vs SeeFutility)
Finished game 1582 (SeeFutility vs SingularV2): 1/2-1/2 {Draw by 3-fold repetition}
Score of SingularV2 vs SeeFutility: 468 - 497 - 608  [0.491] 1573
Started game 1586 of 10000 (SeeFutility vs SingularV2)
Finished game 1573 (SingularV2 vs SeeFutility): 1/2-1/2 {Draw by adjudication}
Score of SingularV2 vs SeeFutility: 468 - 497 - 609  [0.491] 1574
Started game 1587 of 10000 (SingularV2 vs SeeFutility)
Finished game 1575 (SingularV2 vs SeeFutility): 1-0 {White wins by adjudication}
Score of SingularV2 vs SeeFutility: 469 - 497 - 609  [0.491] 1575
Started game 1588 of 10000 (SeeFutility vs SingularV2)
Finished game 1574 (SeeFutility vs SingularV2): 1/2-1/2 {Draw by insufficient mating material}
Score of SingularV2 vs SeeFutility: 469 - 497 - 610  [0.491] 1576
Started game 1589 of 10000 (SingularV2 vs SeeFutility)
Finished game 1576 (SeeFutility vs SingularV2): 1-0 {White wins by adjudication}
Score of SingularV2 vs SeeFutility: 469 - 498 - 610  [0.491] 1577
Started game 1590 of 10000 (SeeFutility vs SingularV2)
Finished game 1579 (SingularV2 vs SeeFutility): 1-0 {White wins by adjudication}
Score of SingularV2 vs SeeFutility: 470 - 498 - 610  [0.491] 1578
Started game 1591 of 10000 (SingularV2 vs SeeFutility)
Finished game 1577 (SingularV2 vs SeeFutility): 1/2-1/2 {Draw by 3-fold repetition}
Score of SingularV2 vs SeeFutility: 470 - 498 - 611  [0.491] 1579
Started game 1592 of 10000 (SeeFutility vs SingularV2)
Finished game 1580 (SeeFutility vs SingularV2): 0-1 {Black wins by adjudication}
Score of SingularV2 vs SeeFutility: 471 - 498 - 611  [0.491] 1580
Started game 1593 of 10000 (SingularV2 vs SeeFutility)
Finished game 1578 (SeeFutility vs SingularV2): 1-0 {White wins by adjudication}
Score of SingularV2 vs SeeFutility: 471 - 499 - 611  [0.491] 1581
Started game 1594 of 10000 (SeeFutility vs SingularV2)
Finished game 1583 (SingularV2 vs SeeFutility): 1/2-1/2 {Draw by adjudication}
Score of SingularV2 vs SeeFutility: 471 - 499 - 612  [0.491] 1582
Started game 1595 of 10000 (SingularV2 vs SeeFutility)
Finished game 1581 (SingularV2 vs SeeFutility): 0-1 {Black wins by adjudication}
Score of SingularV2 vs SeeFutility: 471 - 500 - 612  [0.491] 1583
Started game 1596 of 10000 (SeeFutility vs SingularV2)
Finished game 1586 (SeeFutility vs SingularV2): 1/2-1/2 {Draw by adjudication}
Score of SingularV2 vs SeeFutility: 471 - 500 - 613  [0.491] 1584
Started game 1597 of 10000 (SingularV2 vs SeeFutility)
Finished game 1584 (SeeFutility vs SingularV2): 0-1 {Black wins by adjudication}
Score of SingularV2 vs SeeFutility: 472 - 500 - 613  [0.491] 1585
Started game 1598 of 10000 (SeeFutility vs SingularV2)
Finished game 1585 (SingularV2 vs SeeFutility): 1/2-1/2 {Draw by insufficient mating material}
Score of SingularV2 vs SeeFutility: 472 - 500 - 614  [0.491] 1586
Started game 1599 of 10000 (SingularV2 vs SeeFutility)
Finished game 1588 (SeeFutility vs SingularV2): 1/2-1/2 {Draw by 3-fold repetition}
Score of SingularV2 vs SeeFutility: 472 - 500 - 615  [0.491] 1587
Started game 1600 of 10000 (SeeFutility vs SingularV2)
Finished game 1590 (SeeFutility vs SingularV2): 0-1 {Black wins by adjudication}
Score of SingularV2 vs SeeFutility: 473 - 500 - 615  [0.491] 1588
Started game 1601 of 10000 (SingularV2 vs SeeFutility)
Finished game 1595 (SingularV2 vs SeeFutility): 1/2-1/2 {Draw by 3-fold repetition}
Score of SingularV2 vs SeeFutility: 473 - 500 - 616  [0.492] 1589
Started game 1602 of 10000 (SeeFutility vs SingularV2)
Finished game 1587 (SingularV2 vs SeeFutility): 1/2-1/2 {Draw by insufficient mating material}
Score of SingularV2 vs SeeFutility: 473 - 500 - 617  [0.492] 1590
Started game 1603 of 10000 (SingularV2 vs SeeFutility)
Finished game 1591 (SingularV2 vs SeeFutility): 1-0 {White wins by adjudication}
Score of SingularV2 vs SeeFutility: 474 - 500 - 617  [0.492] 1591
Started game 1604 of 10000 (SeeFutility vs SingularV2)
Finished game 1589 (SingularV2 vs SeeFutility): 0-1 {Black wins by adjudication}
Score of SingularV2 vs SeeFutility: 474 - 501 - 617  [0.492] 1592
Started game 1605 of 10000 (SingularV2 vs SeeFutility)
Finished game 1594 (SeeFutility vs SingularV2): 1/2-1/2 {Draw by 3-fold repetition}
Score of SingularV2 vs SeeFutility: 474 - 501 - 618  [0.492] 1593
Started game 1606 of 10000 (SeeFutility vs SingularV2)
Finished game 1592 (SeeFutility vs SingularV2): 1-0 {White wins by adjudication}
Score of SingularV2 vs SeeFutility: 474 - 502 - 618  [0.491] 1594
Started game 1607 of 10000 (SingularV2 vs SeeFutility)
Finished game 1598 (SeeFutility vs SingularV2): 1/2-1/2 {Draw by 3-fold repetition}
Score of SingularV2 vs SeeFutility: 474 - 502 - 619  [0.491] 1595
Started game 1608 of 10000 (SeeFutility vs SingularV2)
Finished game 1603 (SingularV2 vs SeeFutility): 1/2-1/2 {Draw by 3-fold repetition}
Score of SingularV2 vs SeeFutility: 474 - 502 - 620  [0.491] 1596
Started game 1609 of 10000 (SingularV2 vs SeeFutility)
Finished game 1593 (SingularV2 vs SeeFutility): 1-0 {White wins by adjudication}
Score of SingularV2 vs SeeFutility: 475 - 502 - 620  [0.492] 1597
Started game 1610 of 10000 (SeeFutility vs SingularV2)
Finished game 1606 (SeeFutility vs SingularV2): 1-0 {White wins by adjudication}
Score of SingularV2 vs SeeFutility: 475 - 503 - 620  [0.491] 1598
Started game 1611 of 10000 (SingularV2 vs SeeFutility)
Finished game 1597 (SingularV2 vs SeeFutility): 1/2-1/2 {Draw by stalemate}
Score of SingularV2 vs SeeFutility: 475 - 503 - 621  [0.491] 1599
Started game 1612 of 10000 (SeeFutility vs SingularV2)
Finished game 1604 (SeeFutility vs SingularV2): 0-1 {Black wins by adjudication}
Score of SingularV2 vs SeeFutility: 476 - 503 - 621  [0.492] 1600
Started game 1613 of 10000 (SingularV2 vs SeeFutility)
Finished game 1600 (SeeFutility vs SingularV2): 0-1 {Black wins by adjudication}
Score of SingularV2 vs SeeFutility: 477 - 503 - 621  [0.492] 1601
Started game 1614 of 10000 (SeeFutility vs SingularV2)
Finished game 1596 (SeeFutility vs SingularV2): 1-0 {White wins by adjudication}
Score of SingularV2 vs SeeFutility: 477 - 504 - 621  [0.492] 1602
Started game 1615 of 10000 (SingularV2 vs SeeFutility)
Finished game 1602 (SeeFutility vs SingularV2): 1-0 {White wins by adjudication}
Score of SingularV2 vs SeeFutility: 477 - 505 - 621  [0.491] 1603
Started game 1616 of 10000 (SeeFutility vs SingularV2)
Finished game 1605 (SingularV2 vs SeeFutility): 0-1 {Black wins by adjudication}
Score of SingularV2 vs SeeFutility: 477 - 506 - 621  [0.491] 1604
Started game 1617 of 10000 (SingularV2 vs SeeFutility)
Finished game 1599 (SingularV2 vs SeeFutility): 1/2-1/2 {Draw by 3-fold repetition}
Score of SingularV2 vs SeeFutility: 477 - 506 - 622  [0.491] 1605
Started game 1618 of 10000 (SeeFutility vs SingularV2)
Finished game 1601 (SingularV2 vs SeeFutility): 0-1 {Black mates}
Score of SingularV2 vs SeeFutility: 477 - 507 - 622  [0.491] 1606
Started game 1619 of 10000 (SingularV2 vs SeeFutility)
Finished game 1607 (SingularV2 vs SeeFutility): 0-1 {Black wins by adjudication}
Score of SingularV2 vs SeeFutility: 477 - 508 - 622  [0.490] 1607
Started game 1620 of 10000 (SeeFutility vs SingularV2)
Finished game 1612 (SeeFutility vs SingularV2): 1/2-1/2 {Draw by 3-fold repetition}
Score of SingularV2 vs SeeFutility: 477 - 508 - 623  [0.490] 1608
Started game 1621 of 10000 (SingularV2 vs SeeFutility)
Finished game 1611 (SingularV2 vs SeeFutility): 0-1 {Black wins by adjudication}
Score of SingularV2 vs SeeFutility: 477 - 509 - 623  [0.490] 1609
Started game 1622 of 10000 (SeeFutility vs SingularV2)
Finished game 1609 (SingularV2 vs SeeFutility): 1/2-1/2 {Draw by 3-fold repetition}
Score of SingularV2 vs SeeFutility: 477 - 509 - 624  [0.490] 1610
Started game 1623 of 10000 (SingularV2 vs SeeFutility)
Finished game 1614 (SeeFutility vs SingularV2): 1-0 {White wins by adjudication}
Score of SingularV2 vs SeeFutility: 477 - 510 - 624  [0.490] 1611
Started game 1624 of 10000 (SeeFutility vs SingularV2)
Finished game 1608 (SeeFutility vs SingularV2): 1/2-1/2 {Draw by 3-fold repetition}
Score of SingularV2 vs SeeFutility: 477 - 510 - 625  [0.490] 1612
Started game 1625 of 10000 (SingularV2 vs SeeFutility)
Finished game 1610 (SeeFutility vs SingularV2): 1-0 {White wins by adjudication}
Score of SingularV2 vs SeeFutility: 477 - 511 - 625  [0.489] 1613
Started game 1626 of 10000 (SeeFutility vs SingularV2)
Finished game 1619 (SingularV2 vs SeeFutility): 1/2-1/2 {Draw by adjudication}
Score of SingularV2 vs SeeFutility: 477 - 511 - 626  [0.489] 1614
Started game 1627 of 10000 (SingularV2 vs SeeFutility)
Finished game 1616 (SeeFutility vs SingularV2): 1/2-1/2 {Draw by adjudication}
Score of SingularV2 vs SeeFutility: 477 - 511 - 627  [0.489] 1615
Started game 1628 of 10000 (SeeFutility vs SingularV2)
Finished game 1615 (SingularV2 vs SeeFutility): 1-0 {White wins by adjudication}
Score of SingularV2 vs SeeFutility: 478 - 511 - 627  [0.490] 1616
Started game 1629 of 10000 (SingularV2 vs SeeFutility)
Finished game 1613 (SingularV2 vs SeeFutility): 1/2-1/2 {Draw by adjudication}
Score of SingularV2 vs SeeFutility: 478 - 511 - 628  [0.490] 1617
Started game 1630 of 10000 (SeeFutility vs SingularV2)
Finished game 1617 (SingularV2 vs SeeFutility): 0-1 {Black wins by adjudication}
Score of SingularV2 vs SeeFutility: 478 - 512 - 628  [0.489] 1618
Started game 1631 of 10000 (SingularV2 vs SeeFutility)
Finished game 1620 (SeeFutility vs SingularV2): 0-1 {Black wins by adjudication}
Score of SingularV2 vs SeeFutility: 479 - 512 - 628  [0.490] 1619
Started game 1632 of 10000 (SeeFutility vs SingularV2)
Finished game 1622 (SeeFutility vs SingularV2): 1/2-1/2 {Draw by 3-fold repetition}
Score of SingularV2 vs SeeFutility: 479 - 512 - 629  [0.490] 1620
Started game 1633 of 10000 (SingularV2 vs SeeFutility)
Finished game 1621 (SingularV2 vs SeeFutility): 1/2-1/2 {Draw by 3-fold repetition}
Score of SingularV2 vs SeeFutility: 479 - 512 - 630  [0.490] 1621
Started game 1634 of 10000 (SeeFutility vs SingularV2)
Finished game 1629 (SingularV2 vs SeeFutility): 1/2-1/2 {Draw by 3-fold repetition}
Score of SingularV2 vs SeeFutility: 479 - 512 - 631  [0.490] 1622
Started game 1635 of 10000 (SingularV2 vs SeeFutility)
Finished game 1623 (SingularV2 vs SeeFutility): 1-0 {White wins by adjudication}
Score of SingularV2 vs SeeFutility: 480 - 512 - 631  [0.490] 1623
Started game 1636 of 10000 (SeeFutility vs SingularV2)
Finished game 1618 (SeeFutility vs SingularV2): 1/2-1/2 {Draw by adjudication}
Score of SingularV2 vs SeeFutility: 480 - 512 - 632  [0.490] 1624
Started game 1637 of 10000 (SingularV2 vs SeeFutility)
Finished game 1626 (SeeFutility vs SingularV2): 1/2-1/2 {Draw by adjudication}
Score of SingularV2 vs SeeFutility: 480 - 512 - 633  [0.490] 1625
Started game 1638 of 10000 (SeeFutility vs SingularV2)
Finished game 1625 (SingularV2 vs SeeFutility): 1-0 {White wins by adjudication}
Score of SingularV2 vs SeeFutility: 481 - 512 - 633  [0.490] 1626
Started game 1639 of 10000 (SingularV2 vs SeeFutility)
Finished game 1627 (SingularV2 vs SeeFutility): 1/2-1/2 {Draw by 3-fold repetition}
Score of SingularV2 vs SeeFutility: 481 - 512 - 634  [0.490] 1627
Started game 1640 of 10000 (SeeFutility vs SingularV2)
Finished game 1631 (SingularV2 vs SeeFutility): 0-1 {Black wins by adjudication}
Score of SingularV2 vs SeeFutility: 481 - 513 - 634  [0.490] 1628
Started game 1641 of 10000 (SingularV2 vs SeeFutility)
Finished game 1632 (SeeFutility vs SingularV2): 1/2-1/2 {Draw by insufficient mating material}
Score of SingularV2 vs SeeFutility: 481 - 513 - 635  [0.490] 1629
Started game 1642 of 10000 (SeeFutility vs SingularV2)
Finished game 1628 (SeeFutility vs SingularV2): 1/2-1/2 {Draw by insufficient mating material}
Score of SingularV2 vs SeeFutility: 481 - 513 - 636  [0.490] 1630
Started game 1643 of 10000 (SingularV2 vs SeeFutility)
Finished game 1633 (SingularV2 vs SeeFutility): 1/2-1/2 {Draw by adjudication}
Score of SingularV2 vs SeeFutility: 481 - 513 - 637  [0.490] 1631
Started game 1644 of 10000 (SeeFutility vs SingularV2)
Finished game 1630 (SeeFutility vs SingularV2): 1/2-1/2 {Draw by adjudication}
Score of SingularV2 vs SeeFutility: 481 - 513 - 638  [0.490] 1632
Started game 1645 of 10000 (SingularV2 vs SeeFutility)
Finished game 1636 (SeeFutility vs SingularV2): 1/2-1/2 {Draw by 3-fold repetition}
Score of SingularV2 vs SeeFutility: 481 - 513 - 639  [0.490] 1633
Started game 1646 of 10000 (SeeFutility vs SingularV2)
Finished game 1624 (SeeFutility vs SingularV2): 1/2-1/2 {Draw by 3-fold repetition}
Score of SingularV2 vs SeeFutility: 481 - 513 - 640  [0.490] 1634
Started game 1647 of 10000 (SingularV2 vs SeeFutility)
Finished game 1635 (SingularV2 vs SeeFutility): 0-1 {Black wins by adjudication}
Score of SingularV2 vs SeeFutility: 481 - 514 - 640  [0.490] 1635
Started game 1648 of 10000 (SeeFutility vs SingularV2)
Finished game 1643 (SingularV2 vs SeeFutility): 0-1 {Black wins by adjudication}
Score of SingularV2 vs SeeFutility: 481 - 515 - 640  [0.490] 1636
Started game 1649 of 10000 (SingularV2 vs SeeFutility)
Finished game 1637 (SingularV2 vs SeeFutility): 1-0 {White wins by adjudication}
Score of SingularV2 vs SeeFutility: 482 - 515 - 640  [0.490] 1637
Started game 1650 of 10000 (SeeFutility vs SingularV2)
Finished game 1639 (SingularV2 vs SeeFutility): 1-0 {White wins by adjudication}
Score of SingularV2 vs SeeFutility: 483 - 515 - 640  [0.490] 1638
Started game 1651 of 10000 (SingularV2 vs SeeFutility)
Finished game 1642 (SeeFutility vs SingularV2): 0-1 {Black wins by adjudication}
Score of SingularV2 vs SeeFutility: 484 - 515 - 640  [0.491] 1639
Started game 1652 of 10000 (SeeFutility vs SingularV2)
Finished game 1634 (SeeFutility vs SingularV2): 1/2-1/2 {Draw by adjudication}
Score of SingularV2 vs SeeFutility: 484 - 515 - 641  [0.491] 1640
Started game 1653 of 10000 (SingularV2 vs SeeFutility)
Finished game 1644 (SeeFutility vs SingularV2): 1/2-1/2 {Draw by 3-fold repetition}
Score of SingularV2 vs SeeFutility: 484 - 515 - 642  [0.491] 1641
Started game 1654 of 10000 (SeeFutility vs SingularV2)
Finished game 1638 (SeeFutility vs SingularV2): 0-1 {Black wins by adjudication}
Score of SingularV2 vs SeeFutility: 485 - 515 - 642  [0.491] 1642
Started game 1655 of 10000 (SingularV2 vs SeeFutility)
Finished game 1650 (SeeFutility vs SingularV2): 1/2-1/2 {Draw by 3-fold repetition}
Score of SingularV2 vs SeeFutility: 485 - 515 - 643  [0.491] 1643
Started game 1656 of 10000 (SeeFutility vs SingularV2)
Finished game 1640 (SeeFutility vs SingularV2): 0-1 {Black wins by adjudication}
Score of SingularV2 vs SeeFutility: 486 - 515 - 643  [0.491] 1644
Started game 1657 of 10000 (SingularV2 vs SeeFutility)
Finished game 1641 (SingularV2 vs SeeFutility): 1/2-1/2 {Draw by fifty moves rule}
Score of SingularV2 vs SeeFutility: 486 - 515 - 644  [0.491] 1645
Started game 1658 of 10000 (SeeFutility vs SingularV2)
Finished game 1647 (SingularV2 vs SeeFutility): 1-0 {White wins by adjudication}
Score of SingularV2 vs SeeFutility: 487 - 515 - 644  [0.491] 1646
Started game 1659 of 10000 (SingularV2 vs SeeFutility)
Finished game 1645 (SingularV2 vs SeeFutility): 1/2-1/2 {Draw by 3-fold repetition}
Score of SingularV2 vs SeeFutility: 487 - 515 - 645  [0.491] 1647
Started game 1660 of 10000 (SeeFutility vs SingularV2)
Finished game 1652 (SeeFutility vs SingularV2): 0-1 {Black wins by adjudication}
Score of SingularV2 vs SeeFutility: 488 - 515 - 645  [0.492] 1648
Started game 1661 of 10000 (SingularV2 vs SeeFutility)
Finished game 1651 (SingularV2 vs SeeFutility): 0-1 {Black wins by adjudication}
Score of SingularV2 vs SeeFutility: 488 - 516 - 645  [0.492] 1649
Started game 1662 of 10000 (SeeFutility vs SingularV2)
Finished game 1646 (SeeFutility vs SingularV2): 1-0 {White wins by adjudication}
Score of SingularV2 vs SeeFutility: 488 - 517 - 645  [0.491] 1650
Started game 1663 of 10000 (SingularV2 vs SeeFutility)
Finished game 1648 (SeeFutility vs SingularV2): 1-0 {White wins by adjudication}
Score of SingularV2 vs SeeFutility: 488 - 518 - 645  [0.491] 1651
Started game 1664 of 10000 (SeeFutility vs SingularV2)
Finished game 1658 (SeeFutility vs SingularV2): 1-0 {White wins by adjudication}
Score of SingularV2 vs SeeFutility: 488 - 519 - 645  [0.491] 1652
Started game 1665 of 10000 (SingularV2 vs SeeFutility)
Finished game 1653 (SingularV2 vs SeeFutility): 0-1 {Black wins by adjudication}
Score of SingularV2 vs SeeFutility: 488 - 520 - 645  [0.490] 1653
Started game 1666 of 10000 (SeeFutility vs SingularV2)
Finished game 1649 (SingularV2 vs SeeFutility): 1/2-1/2 {Draw by adjudication}
Score of SingularV2 vs SeeFutility: 488 - 520 - 646  [0.490] 1654
Started game 1667 of 10000 (SingularV2 vs SeeFutility)
Finished game 1656 (SeeFutility vs SingularV2): 1-0 {White wins by adjudication}
Score of SingularV2 vs SeeFutility: 488 - 521 - 646  [0.490] 1655
Started game 1668 of 10000 (SeeFutility vs SingularV2)
Finished game 1654 (SeeFutility vs SingularV2): 0-1 {Black wins by adjudication}
Score of SingularV2 vs SeeFutility: 489 - 521 - 646  [0.490] 1656
Started game 1669 of 10000 (SingularV2 vs SeeFutility)
Finished game 1659 (SingularV2 vs SeeFutility): 1/2-1/2 {Draw by 3-fold repetition}
Score of SingularV2 vs SeeFutility: 489 - 521 - 647  [0.490] 1657
Started game 1670 of 10000 (SeeFutility vs SingularV2)
Finished game 1657 (SingularV2 vs SeeFutility): 1-0 {White wins by adjudication}
Score of SingularV2 vs SeeFutility: 490 - 521 - 647  [0.491] 1658
Started game 1671 of 10000 (SingularV2 vs SeeFutility)
Finished game 1663 (SingularV2 vs SeeFutility): 1/2-1/2 {Draw by 3-fold repetition}
Score of SingularV2 vs SeeFutility: 490 - 521 - 648  [0.491] 1659
Started game 1672 of 10000 (SeeFutility vs SingularV2)
Finished game 1662 (SeeFutility vs SingularV2): 0-1 {Black wins by adjudication}
Score of SingularV2 vs SeeFutility: 491 - 521 - 648  [0.491] 1660
Started game 1673 of 10000 (SingularV2 vs SeeFutility)
Finished game 1668 (SeeFutility vs SingularV2): 1/2-1/2 {Draw by 3-fold repetition}
Score of SingularV2 vs SeeFutility: 491 - 521 - 649  [0.491] 1661
Started game 1674 of 10000 (SeeFutility vs SingularV2)
Finished game 1655 (SingularV2 vs SeeFutility): 1/2-1/2 {Draw by insufficient mating material}
Score of SingularV2 vs SeeFutility: 491 - 521 - 650  [0.491] 1662
Started game 1675 of 10000 (SingularV2 vs SeeFutility)
Finished game 1666 (SeeFutility vs SingularV2): 1-0 {White wins by adjudication}
Score of SingularV2 vs SeeFutility: 491 - 522 - 650  [0.491] 1663
Started game 1676 of 10000 (SeeFutility vs SingularV2)
Finished game 1665 (SingularV2 vs SeeFutility): 0-1 {Black wins by adjudication}
Score of SingularV2 vs SeeFutility: 491 - 523 - 650  [0.490] 1664
Started game 1677 of 10000 (SingularV2 vs SeeFutility)
Finished game 1660 (SeeFutility vs SingularV2): 1-0 {White wins by adjudication}
Score of SingularV2 vs SeeFutility: 491 - 524 - 650  [0.490] 1665
Started game 1678 of 10000 (SeeFutility vs SingularV2)
Finished game 1664 (SeeFutility vs SingularV2): 1-0 {White wins by adjudication}
Score of SingularV2 vs SeeFutility: 491 - 525 - 650  [0.490] 1666
Started game 1679 of 10000 (SingularV2 vs SeeFutility)
Finished game 1661 (SingularV2 vs SeeFutility): 1/2-1/2 {Draw by fifty moves rule}
Score of SingularV2 vs SeeFutility: 491 - 525 - 651  [0.490] 1667
Started game 1680 of 10000 (SeeFutility vs SingularV2)
Finished game 1667 (SingularV2 vs SeeFutility): 1-0 {White wins by adjudication}
Score of SingularV2 vs SeeFutility: 492 - 525 - 651  [0.490] 1668
Started game 1681 of 10000 (SingularV2 vs SeeFutility)
Finished game 1677 (SingularV2 vs SeeFutility): 1/2-1/2 {Draw by 3-fold repetition}
Score of SingularV2 vs SeeFutility: 492 - 525 - 652  [0.490] 1669
Started game 1682 of 10000 (SeeFutility vs SingularV2)
Finished game 1669 (SingularV2 vs SeeFutility): 1-0 {White wins by adjudication}
Score of SingularV2 vs SeeFutility: 493 - 525 - 652  [0.490] 1670
Started game 1683 of 10000 (SingularV2 vs SeeFutility)
Finished game 1670 (SeeFutility vs SingularV2): 1-0 {White wins by adjudication}
Score of SingularV2 vs SeeFutility: 493 - 526 - 652  [0.490] 1671
Started game 1684 of 10000 (SeeFutility vs SingularV2)
Finished game 1676 (SeeFutility vs SingularV2): 1-0 {White wins by adjudication}
Score of SingularV2 vs SeeFutility: 493 - 527 - 652  [0.490] 1672
Started game 1685 of 10000 (SingularV2 vs SeeFutility)
Finished game 1673 (SingularV2 vs SeeFutility): 1/2-1/2 {Draw by 3-fold repetition}
Score of SingularV2 vs SeeFutility: 493 - 527 - 653  [0.490] 1673
Started game 1686 of 10000 (SeeFutility vs SingularV2)
Finished game 1672 (SeeFutility vs SingularV2): 1/2-1/2 {Draw by adjudication}
Score of SingularV2 vs SeeFutility: 493 - 527 - 654  [0.490] 1674
Started game 1687 of 10000 (SingularV2 vs SeeFutility)
Finished game 1671 (SingularV2 vs SeeFutility): 0-1 {Black wins by adjudication}
Score of SingularV2 vs SeeFutility: 493 - 528 - 654  [0.490] 1675
Started game 1688 of 10000 (SeeFutility vs SingularV2)
Finished game 1675 (SingularV2 vs SeeFutility): 1/2-1/2 {Draw by adjudication}
Score of SingularV2 vs SeeFutility: 493 - 528 - 655  [0.490] 1676
Started game 1689 of 10000 (SingularV2 vs SeeFutility)
Finished game 1674 (SeeFutility vs SingularV2): 0-1 {Black wins by adjudication}
Score of SingularV2 vs SeeFutility: 494 - 528 - 655  [0.490] 1677
Started game 1690 of 10000 (SeeFutility vs SingularV2)
Finished game 1680 (SeeFutility vs SingularV2): 1/2-1/2 {Draw by 3-fold repetition}
Score of SingularV2 vs SeeFutility: 494 - 528 - 656  [0.490] 1678
Started game 1691 of 10000 (SingularV2 vs SeeFutility)
Finished game 1679 (SingularV2 vs SeeFutility): 1/2-1/2 {Draw by 3-fold repetition}
Score of SingularV2 vs SeeFutility: 494 - 528 - 657  [0.490] 1679
Started game 1692 of 10000 (SeeFutility vs SingularV2)
Finished game 1681 (SingularV2 vs SeeFutility): 1/2-1/2 {Draw by 3-fold repetition}
Score of SingularV2 vs SeeFutility: 494 - 528 - 658  [0.490] 1680
Started game 1693 of 10000 (SingularV2 vs SeeFutility)
Finished game 1678 (SeeFutility vs SingularV2): 0-1 {Black wins by adjudication}
Score of SingularV2 vs SeeFutility: 495 - 528 - 658  [0.490] 1681
Started game 1694 of 10000 (SeeFutility vs SingularV2)
Finished game 1690 (SeeFutility vs SingularV2): 1/2-1/2 {Draw by 3-fold repetition}
Score of SingularV2 vs SeeFutility: 495 - 528 - 659  [0.490] 1682
Started game 1695 of 10000 (SingularV2 vs SeeFutility)
Finished game 1686 (SeeFutility vs SingularV2): 1-0 {White wins by adjudication}
Score of SingularV2 vs SeeFutility: 495 - 529 - 659  [0.490] 1683
Started game 1696 of 10000 (SeeFutility vs SingularV2)
Finished game 1685 (SingularV2 vs SeeFutility): 1-0 {White wins by adjudication}
Score of SingularV2 vs SeeFutility: 496 - 529 - 659  [0.490] 1684
Started game 1697 of 10000 (SingularV2 vs SeeFutility)
Finished game 1683 (SingularV2 vs SeeFutility): 1/2-1/2 {Draw by 3-fold repetition}
Score of SingularV2 vs SeeFutility: 496 - 529 - 660  [0.490] 1685
Started game 1698 of 10000 (SeeFutility vs SingularV2)
Finished game 1684 (SeeFutility vs SingularV2): 0-1 {Black wins by adjudication}
Score of SingularV2 vs SeeFutility: 497 - 529 - 660  [0.491] 1686
Started game 1699 of 10000 (SingularV2 vs SeeFutility)
Finished game 1688 (SeeFutility vs SingularV2): 1-0 {White wins by adjudication}
Score of SingularV2 vs SeeFutility: 497 - 530 - 660  [0.490] 1687
Started game 1700 of 10000 (SeeFutility vs SingularV2)
Finished game 1689 (SingularV2 vs SeeFutility): 1-0 {White wins by adjudication}
Score of SingularV2 vs SeeFutility: 498 - 530 - 660  [0.491] 1688
Started game 1701 of 10000 (SingularV2 vs SeeFutility)
Finished game 1691 (SingularV2 vs SeeFutility): 0-1 {Black wins by adjudication}
Score of SingularV2 vs SeeFutility: 498 - 531 - 660  [0.490] 1689
Started game 1702 of 10000 (SeeFutility vs SingularV2)
Finished game 1693 (SingularV2 vs SeeFutility): 1/2-1/2 {Draw by insufficient mating material}
Score of SingularV2 vs SeeFutility: 498 - 531 - 661  [0.490] 1690
Started game 1703 of 10000 (SingularV2 vs SeeFutility)
Finished game 1687 (SingularV2 vs SeeFutility): 1-0 {White wins by adjudication}
Score of SingularV2 vs SeeFutility: 499 - 531 - 661  [0.491] 1691
Started game 1704 of 10000 (SeeFutility vs SingularV2)
Finished game 1694 (SeeFutility vs SingularV2): 0-1 {Black wins by adjudication}
Score of SingularV2 vs SeeFutility: 500 - 531 - 661  [0.491] 1692
Started game 1705 of 10000 (SingularV2 vs SeeFutility)
Finished game 1682 (SeeFutility vs SingularV2): 0-1 {Black wins by adjudication}
Score of SingularV2 vs SeeFutility: 501 - 531 - 661  [0.491] 1693
Started game 1706 of 10000 (SeeFutility vs SingularV2)
Finished game 1692 (SeeFutility vs SingularV2): 1/2-1/2 {Draw by 3-fold repetition}
Score of SingularV2 vs SeeFutility: 501 - 531 - 662  [0.491] 1694
Started game 1707 of 10000 (SingularV2 vs SeeFutility)
Finished game 1698 (SeeFutility vs SingularV2): 1-0 {White wins by adjudication}
Score of SingularV2 vs SeeFutility: 501 - 532 - 662  [0.491] 1695
Started game 1708 of 10000 (SeeFutility vs SingularV2)
Finished game 1703 (SingularV2 vs SeeFutility): 1/2-1/2 {Draw by 3-fold repetition}
Score of SingularV2 vs SeeFutility: 501 - 532 - 663  [0.491] 1696
Started game 1709 of 10000 (SingularV2 vs SeeFutility)
Finished game 1696 (SeeFutility vs SingularV2): 1/2-1/2 {Draw by adjudication}
Score of SingularV2 vs SeeFutility: 501 - 532 - 664  [0.491] 1697
Started game 1710 of 10000 (SeeFutility vs SingularV2)
Finished game 1700 (SeeFutility vs SingularV2): 1/2-1/2 {Draw by adjudication}
Score of SingularV2 vs SeeFutility: 501 - 532 - 665  [0.491] 1698
Started game 1711 of 10000 (SingularV2 vs SeeFutility)
Finished game 1695 (SingularV2 vs SeeFutility): 0-1 {Black wins by adjudication}
Score of SingularV2 vs SeeFutility: 501 - 533 - 665  [0.491] 1699
Started game 1712 of 10000 (SeeFutility vs SingularV2)
Finished game 1701 (SingularV2 vs SeeFutility): 1-0 {White wins by adjudication}
Score of SingularV2 vs SeeFutility: 502 - 533 - 665  [0.491] 1700
Started game 1713 of 10000 (SingularV2 vs SeeFutility)
Finished game 1699 (SingularV2 vs SeeFutility): 1/2-1/2 {Draw by 3-fold repetition}
Score of SingularV2 vs SeeFutility: 502 - 533 - 666  [0.491] 1701
Started game 1714 of 10000 (SeeFutility vs SingularV2)
Finished game 1706 (SeeFutility vs SingularV2): 1/2-1/2 {Draw by 3-fold repetition}
Score of SingularV2 vs SeeFutility: 502 - 533 - 667  [0.491] 1702
Started game 1715 of 10000 (SingularV2 vs SeeFutility)
Finished game 1697 (SingularV2 vs SeeFutility): 1/2-1/2 {Draw by 3-fold repetition}
Score of SingularV2 vs SeeFutility: 502 - 533 - 668  [0.491] 1703
Started game 1716 of 10000 (SeeFutility vs SingularV2)
Finished game 1702 (SeeFutility vs SingularV2): 1/2-1/2 {Draw by adjudication}
Score of SingularV2 vs SeeFutility: 502 - 533 - 669  [0.491] 1704
Started game 1717 of 10000 (SingularV2 vs SeeFutility)
Finished game 1705 (SingularV2 vs SeeFutility): 1/2-1/2 {Draw by adjudication}
Score of SingularV2 vs SeeFutility: 502 - 533 - 670  [0.491] 1705
Started game 1718 of 10000 (SeeFutility vs SingularV2)
Finished game 1704 (SeeFutility vs SingularV2): 1-0 {White wins by adjudication}
Score of SingularV2 vs SeeFutility: 502 - 534 - 670  [0.491] 1706
Started game 1719 of 10000 (SingularV2 vs SeeFutility)
Finished game 1707 (SingularV2 vs SeeFutility): 0-1 {Black wins by adjudication}
Score of SingularV2 vs SeeFutility: 502 - 535 - 670  [0.490] 1707
Started game 1720 of 10000 (SeeFutility vs SingularV2)
Finished game 1712 (SeeFutility vs SingularV2): 1/2-1/2 {Draw by 3-fold repetition}
Score of SingularV2 vs SeeFutility: 502 - 535 - 671  [0.490] 1708
Started game 1721 of 10000 (SingularV2 vs SeeFutility)
Finished game 1709 (SingularV2 vs SeeFutility): 1/2-1/2 {Draw by 3-fold repetition}
Score of SingularV2 vs SeeFutility: 502 - 535 - 672  [0.490] 1709
Started game 1722 of 10000 (SeeFutility vs SingularV2)
Finished game 1711 (SingularV2 vs SeeFutility): 1-0 {White wins by adjudication}
Score of SingularV2 vs SeeFutility: 503 - 535 - 672  [0.491] 1710
Started game 1723 of 10000 (SingularV2 vs SeeFutility)
Finished game 1713 (SingularV2 vs SeeFutility): 1-0 {White wins by adjudication}
Score of SingularV2 vs SeeFutility: 504 - 535 - 672  [0.491] 1711
Started game 1724 of 10000 (SeeFutility vs SingularV2)
Finished game 1710 (SeeFutility vs SingularV2): 1-0 {White wins by adjudication}
Score of SingularV2 vs SeeFutility: 504 - 536 - 672  [0.491] 1712
Started game 1725 of 10000 (SingularV2 vs SeeFutility)
Finished game 1715 (SingularV2 vs SeeFutility): 0-1 {Black wins by adjudication}
Score of SingularV2 vs SeeFutility: 504 - 537 - 672  [0.490] 1713
Started game 1726 of 10000 (SeeFutility vs SingularV2)
Finished game 1708 (SeeFutility vs SingularV2): 1/2-1/2 {Draw by 3-fold repetition}
Score of SingularV2 vs SeeFutility: 504 - 537 - 673  [0.490] 1714
Started game 1727 of 10000 (SingularV2 vs SeeFutility)
Finished game 1718 (SeeFutility vs SingularV2): 1-0 {White wins by adjudication}
Score of SingularV2 vs SeeFutility: 504 - 538 - 673  [0.490] 1715
Started game 1728 of 10000 (SeeFutility vs SingularV2)
Finished game 1716 (SeeFutility vs SingularV2): 0-1 {Black wins by adjudication}
Score of SingularV2 vs SeeFutility: 505 - 538 - 673  [0.490] 1716
Started game 1729 of 10000 (SingularV2 vs SeeFutility)
Finished game 1717 (SingularV2 vs SeeFutility): 1-0 {White wins by adjudication}
Score of SingularV2 vs SeeFutility: 506 - 538 - 673  [0.491] 1717
Started game 1730 of 10000 (SeeFutility vs SingularV2)
Finished game 1714 (SeeFutility vs SingularV2): 0-1 {Black wins by adjudication}
Score of SingularV2 vs SeeFutility: 507 - 538 - 673  [0.491] 1718
Started game 1731 of 10000 (SingularV2 vs SeeFutility)
Finished game 1719 (SingularV2 vs SeeFutility): 0-1 {Black wins by adjudication}
Score of SingularV2 vs SeeFutility: 507 - 539 - 673  [0.491] 1719
Started game 1732 of 10000 (SeeFutility vs SingularV2)
Finished game 1724 (SeeFutility vs SingularV2): 1-0 {White wins by adjudication}
Score of SingularV2 vs SeeFutility: 507 - 540 - 673  [0.490] 1720
Started game 1733 of 10000 (SingularV2 vs SeeFutility)
Finished game 1720 (SeeFutility vs SingularV2): 1-0 {White wins by adjudication}
Score of SingularV2 vs SeeFutility: 507 - 541 - 673  [0.490] 1721
Started game 1734 of 10000 (SeeFutility vs SingularV2)
Finished game 1722 (SeeFutility vs SingularV2): 1-0 {White wins by adjudication}
Score of SingularV2 vs SeeFutility: 507 - 542 - 673  [0.490] 1722
Started game 1735 of 10000 (SingularV2 vs SeeFutility)
Finished game 1721 (SingularV2 vs SeeFutility): 1-0 {White wins by adjudication}
Score of SingularV2 vs SeeFutility: 508 - 542 - 673  [0.490] 1723
Started game 1736 of 10000 (SeeFutility vs SingularV2)
Finished game 1723 (SingularV2 vs SeeFutility): 1-0 {White wins by adjudication}
Score of SingularV2 vs SeeFutility: 509 - 542 - 673  [0.490] 1724
Started game 1737 of 10000 (SingularV2 vs SeeFutility)
Finished game 1728 (SeeFutility vs SingularV2): 0-1 {Black wins by adjudication}
Score of SingularV2 vs SeeFutility: 510 - 542 - 673  [0.491] 1725
Started game 1738 of 10000 (SeeFutility vs SingularV2)
Finished game 1730 (SeeFutility vs SingularV2): 0-1 {Black wins by adjudication}
Score of SingularV2 vs SeeFutility: 511 - 542 - 673  [0.491] 1726
Started game 1739 of 10000 (SingularV2 vs SeeFutility)
Finished game 1725 (SingularV2 vs SeeFutility): 1-0 {White wins by adjudication}
Score of SingularV2 vs SeeFutility: 512 - 542 - 673  [0.491] 1727
Started game 1740 of 10000 (SeeFutility vs SingularV2)
Finished game 1726 (SeeFutility vs SingularV2): 1-0 {White wins by adjudication}
Score of SingularV2 vs SeeFutility: 512 - 543 - 673  [0.491] 1728
Started game 1741 of 10000 (SingularV2 vs SeeFutility)
Finished game 1731 (SingularV2 vs SeeFutility): 1/2-1/2 {Draw by 3-fold repetition}
Score of SingularV2 vs SeeFutility: 512 - 543 - 674  [0.491] 1729
Started game 1742 of 10000 (SeeFutility vs SingularV2)
Finished game 1732 (SeeFutility vs SingularV2): 1-0 {White wins by adjudication}
Score of SingularV2 vs SeeFutility: 512 - 544 - 674  [0.491] 1730
Started game 1743 of 10000 (SingularV2 vs SeeFutility)
Finished game 1738 (SeeFutility vs SingularV2): 1/2-1/2 {Draw by 3-fold repetition}
Score of SingularV2 vs SeeFutility: 512 - 544 - 675  [0.491] 1731
Started game 1744 of 10000 (SeeFutility vs SingularV2)
Finished game 1727 (SingularV2 vs SeeFutility): 1/2-1/2 {Draw by 3-fold repetition}
Score of SingularV2 vs SeeFutility: 512 - 544 - 676  [0.491] 1732
Started game 1745 of 10000 (SingularV2 vs SeeFutility)
Finished game 1733 (SingularV2 vs SeeFutility): 0-1 {Black wins by adjudication}
Score of SingularV2 vs SeeFutility: 512 - 545 - 676  [0.490] 1733
Started game 1746 of 10000 (SeeFutility vs SingularV2)
Finished game 1736 (SeeFutility vs SingularV2): 1/2-1/2 {Draw by insufficient mating material}
Score of SingularV2 vs SeeFutility: 512 - 545 - 677  [0.490] 1734
Started game 1747 of 10000 (SingularV2 vs SeeFutility)
Finished game 1737 (SingularV2 vs SeeFutility): 1/2-1/2 {Draw by adjudication}
Score of SingularV2 vs SeeFutility: 512 - 545 - 678  [0.490] 1735
Started game 1748 of 10000 (SeeFutility vs SingularV2)
Finished game 1741 (SingularV2 vs SeeFutility): 0-1 {Black wins by adjudication}
Score of SingularV2 vs SeeFutility: 512 - 546 - 678  [0.490] 1736
Started game 1749 of 10000 (SingularV2 vs SeeFutility)
Finished game 1734 (SeeFutility vs SingularV2): 1/2-1/2 {Draw by 3-fold repetition}
Score of SingularV2 vs SeeFutility: 512 - 546 - 679  [0.490] 1737
Started game 1750 of 10000 (SeeFutility vs SingularV2)
Finished game 1745 (SingularV2 vs SeeFutility): 0-1 {Black wins by adjudication}
Score of SingularV2 vs SeeFutility: 512 - 547 - 679  [0.490] 1738
Started game 1751 of 10000 (SingularV2 vs SeeFutility)
Finished game 1729 (SingularV2 vs SeeFutility): 1/2-1/2 {Draw by insufficient mating material}
Score of SingularV2 vs SeeFutility: 512 - 547 - 680  [0.490] 1739
Started game 1752 of 10000 (SeeFutility vs SingularV2)
Finished game 1739 (SingularV2 vs SeeFutility): 1-0 {White wins by adjudication}
Score of SingularV2 vs SeeFutility: 513 - 547 - 680  [0.490] 1740
Started game 1753 of 10000 (SingularV2 vs SeeFutility)
Finished game 1735 (SingularV2 vs SeeFutility): 1/2-1/2 {Draw by 3-fold repetition}
Score of SingularV2 vs SeeFutility: 513 - 547 - 681  [0.490] 1741
Started game 1754 of 10000 (SeeFutility vs SingularV2)
Finished game 1742 (SeeFutility vs SingularV2): 1-0 {White wins by adjudication}
Score of SingularV2 vs SeeFutility: 513 - 548 - 681  [0.490] 1742
Started game 1755 of 10000 (SingularV2 vs SeeFutility)
Finished game 1744 (SeeFutility vs SingularV2): 1-0 {White wins by adjudication}
Score of SingularV2 vs SeeFutility: 513 - 549 - 681  [0.490] 1743
Started game 1756 of 10000 (SeeFutility vs SingularV2)
Finished game 1740 (SeeFutility vs SingularV2): 1-0 {White wins by adjudication}
Score of SingularV2 vs SeeFutility: 513 - 550 - 681  [0.489] 1744
Started game 1757 of 10000 (SingularV2 vs SeeFutility)
Finished game 1746 (SeeFutility vs SingularV2): 1/2-1/2 {Draw by 3-fold repetition}
Score of SingularV2 vs SeeFutility: 513 - 550 - 682  [0.489] 1745
Started game 1758 of 10000 (SeeFutility vs SingularV2)
Finished game 1743 (SingularV2 vs SeeFutility): 1-0 {White mates}
Score of SingularV2 vs SeeFutility: 514 - 550 - 682  [0.490] 1746
Started game 1759 of 10000 (SingularV2 vs SeeFutility)
Finished game 1747 (SingularV2 vs SeeFutility): 1/2-1/2 {Draw by 3-fold repetition}
Score of SingularV2 vs SeeFutility: 514 - 550 - 683  [0.490] 1747
Started game 1760 of 10000 (SeeFutility vs SingularV2)
Finished game 1757 (SingularV2 vs SeeFutility): 1/2-1/2 {Draw by 3-fold repetition}
Score of SingularV2 vs SeeFutility: 514 - 550 - 684  [0.490] 1748
Started game 1761 of 10000 (SingularV2 vs SeeFutility)
Finished game 1748 (SeeFutility vs SingularV2): 0-1 {Black wins by adjudication}
Score of SingularV2 vs SeeFutility: 515 - 550 - 684  [0.490] 1749
Started game 1762 of 10000 (SeeFutility vs SingularV2)
Finished game 1749 (SingularV2 vs SeeFutility): 0-1 {Black wins by adjudication}
Score of SingularV2 vs SeeFutility: 515 - 551 - 684  [0.490] 1750
Started game 1763 of 10000 (SingularV2 vs SeeFutility)
Finished game 1755 (SingularV2 vs SeeFutility): 1/2-1/2 {Draw by 3-fold repetition}
Score of SingularV2 vs SeeFutility: 515 - 551 - 685  [0.490] 1751
Started game 1764 of 10000 (SeeFutility vs SingularV2)
Finished game 1756 (SeeFutility vs SingularV2): 1-0 {White wins by adjudication}
Score of SingularV2 vs SeeFutility: 515 - 552 - 685  [0.489] 1752
Started game 1765 of 10000 (SingularV2 vs SeeFutility)
Finished game 1752 (SeeFutility vs SingularV2): 1/2-1/2 {Draw by 3-fold repetition}
Score of SingularV2 vs SeeFutility: 515 - 552 - 686  [0.489] 1753
Started game 1766 of 10000 (SeeFutility vs SingularV2)
Finished game 1751 (SingularV2 vs SeeFutility): 0-1 {Black wins by adjudication}
Score of SingularV2 vs SeeFutility: 515 - 553 - 686  [0.489] 1754
Started game 1767 of 10000 (SingularV2 vs SeeFutility)
Finished game 1753 (SingularV2 vs SeeFutility): 0-1 {Black wins by adjudication}
Score of SingularV2 vs SeeFutility: 515 - 554 - 686  [0.489] 1755
Started game 1768 of 10000 (SeeFutility vs SingularV2)
Finished game 1759 (SingularV2 vs SeeFutility): 1/2-1/2 {Draw by 3-fold repetition}
Score of SingularV2 vs SeeFutility: 515 - 554 - 687  [0.489] 1756
Started game 1769 of 10000 (SingularV2 vs SeeFutility)
Finished game 1758 (SeeFutility vs SingularV2): 1-0 {White wins by adjudication}
Score of SingularV2 vs SeeFutility: 515 - 555 - 687  [0.489] 1757
Started game 1770 of 10000 (SeeFutility vs SingularV2)
Finished game 1761 (SingularV2 vs SeeFutility): 1/2-1/2 {Draw by 3-fold repetition}
Score of SingularV2 vs SeeFutility: 515 - 555 - 688  [0.489] 1758
Started game 1771 of 10000 (SingularV2 vs SeeFutility)
Finished game 1754 (SeeFutility vs SingularV2): 1/2-1/2 {Draw by fifty moves rule}
Score of SingularV2 vs SeeFutility: 515 - 555 - 689  [0.489] 1759
Started game 1772 of 10000 (SeeFutility vs SingularV2)
Finished game 1760 (SeeFutility vs SingularV2): 0-1 {Black wins by adjudication}
Score of SingularV2 vs SeeFutility: 516 - 555 - 689  [0.489] 1760
Started game 1773 of 10000 (SingularV2 vs SeeFutility)
Finished game 1762 (SeeFutility vs SingularV2): 1/2-1/2 {Draw by 3-fold repetition}
Score of SingularV2 vs SeeFutility: 516 - 555 - 690  [0.489] 1761
Started game 1774 of 10000 (SeeFutility vs SingularV2)
Finished game 1764 (SeeFutility vs SingularV2): 0-1 {Black wins by adjudication}
Score of SingularV2 vs SeeFutility: 517 - 555 - 690  [0.489] 1762
Started game 1775 of 10000 (SingularV2 vs SeeFutility)
Finished game 1766 (SeeFutility vs SingularV2): 1/2-1/2 {Draw by 3-fold repetition}
Score of SingularV2 vs SeeFutility: 517 - 555 - 691  [0.489] 1763
Started game 1776 of 10000 (SeeFutility vs SingularV2)
Finished game 1768 (SeeFutility vs SingularV2): 1-0 {White wins by adjudication}
Score of SingularV2 vs SeeFutility: 517 - 556 - 691  [0.489] 1764
Started game 1777 of 10000 (SingularV2 vs SeeFutility)
Finished game 1750 (SeeFutility vs SingularV2): 1-0 {White wins by adjudication}
Score of SingularV2 vs SeeFutility: 517 - 557 - 691  [0.489] 1765
Started game 1778 of 10000 (SeeFutility vs SingularV2)
Finished game 1765 (SingularV2 vs SeeFutility): 1-0 {White wins by adjudication}
Score of SingularV2 vs SeeFutility: 518 - 557 - 691  [0.489] 1766
Started game 1779 of 10000 (SingularV2 vs SeeFutility)
Finished game 1771 (SingularV2 vs SeeFutility): 0-1 {Black wins by adjudication}
Score of SingularV2 vs SeeFutility: 518 - 558 - 691  [0.489] 1767
Started game 1780 of 10000 (SeeFutility vs SingularV2)
Finished game 1769 (SingularV2 vs SeeFutility): 0-1 {Black wins by adjudication}
Score of SingularV2 vs SeeFutility: 518 - 559 - 691  [0.488] 1768
Started game 1781 of 10000 (SingularV2 vs SeeFutility)
Finished game 1770 (SeeFutility vs SingularV2): 1-0 {White wins by adjudication}
Score of SingularV2 vs SeeFutility: 518 - 560 - 691  [0.488] 1769
Started game 1782 of 10000 (SeeFutility vs SingularV2)
Finished game 1772 (SeeFutility vs SingularV2): 1/2-1/2 {Draw by 3-fold repetition}
Score of SingularV2 vs SeeFutility: 518 - 560 - 692  [0.488] 1770
Started game 1783 of 10000 (SingularV2 vs SeeFutility)
Finished game 1767 (SingularV2 vs SeeFutility): 1/2-1/2 {Draw by fifty moves rule}
Score of SingularV2 vs SeeFutility: 518 - 560 - 693  [0.488] 1771
Started game 1784 of 10000 (SeeFutility vs SingularV2)
Finished game 1779 (SingularV2 vs SeeFutility): 0-1 {Black wins by adjudication}
Score of SingularV2 vs SeeFutility: 518 - 561 - 693  [0.488] 1772
Started game 1785 of 10000 (SingularV2 vs SeeFutility)
Finished game 1774 (SeeFutility vs SingularV2): 1-0 {White wins by adjudication}
Score of SingularV2 vs SeeFutility: 518 - 562 - 693  [0.488] 1773
Started game 1786 of 10000 (SeeFutility vs SingularV2)
Finished game 1763 (SingularV2 vs SeeFutility): 1/2-1/2 {Draw by fifty moves rule}
Score of SingularV2 vs SeeFutility: 518 - 562 - 694  [0.488] 1774
Started game 1787 of 10000 (SingularV2 vs SeeFutility)
Finished game 1773 (SingularV2 vs SeeFutility): 1-0 {White wins by adjudication}
Score of SingularV2 vs SeeFutility: 519 - 562 - 694  [0.488] 1775
Started game 1788 of 10000 (SeeFutility vs SingularV2)
Finished game 1775 (SingularV2 vs SeeFutility): 0-1 {Black wins by adjudication}
Score of SingularV2 vs SeeFutility: 519 - 563 - 694  [0.488] 1776
Started game 1789 of 10000 (SingularV2 vs SeeFutility)
Finished game 1778 (SeeFutility vs SingularV2): 0-1 {Black wins by adjudication}
Score of SingularV2 vs SeeFutility: 520 - 563 - 694  [0.488] 1777
Started game 1790 of 10000 (SeeFutility vs SingularV2)
Finished game 1780 (SeeFutility vs SingularV2): 0-1 {Black wins by adjudication}
Score of SingularV2 vs SeeFutility: 521 - 563 - 694  [0.488] 1778
Started game 1791 of 10000 (SingularV2 vs SeeFutility)
Finished game 1776 (SeeFutility vs SingularV2): 1/2-1/2 {Draw by stalemate}
Score of SingularV2 vs SeeFutility: 521 - 563 - 695  [0.488] 1779
Started game 1792 of 10000 (SeeFutility vs SingularV2)
Finished game 1783 (SingularV2 vs SeeFutility): 0-1 {Black wins by adjudication}
Score of SingularV2 vs SeeFutility: 521 - 564 - 695  [0.488] 1780
Started game 1793 of 10000 (SingularV2 vs SeeFutility)
Finished game 1781 (SingularV2 vs SeeFutility): 1/2-1/2 {Draw by 3-fold repetition}
Score of SingularV2 vs SeeFutility: 521 - 564 - 696  [0.488] 1781
Started game 1794 of 10000 (SeeFutility vs SingularV2)
Finished game 1784 (SeeFutility vs SingularV2): 1/2-1/2 {Draw by adjudication}
Score of SingularV2 vs SeeFutility: 521 - 564 - 697  [0.488] 1782
Started game 1795 of 10000 (SingularV2 vs SeeFutility)
Finished game 1786 (SeeFutility vs SingularV2): 1/2-1/2 {Draw by 3-fold repetition}
Score of SingularV2 vs SeeFutility: 521 - 564 - 698  [0.488] 1783
Started game 1796 of 10000 (SeeFutility vs SingularV2)
Finished game 1777 (SingularV2 vs SeeFutility): 0-1 {Black wins by adjudication}
Score of SingularV2 vs SeeFutility: 521 - 565 - 698  [0.488] 1784
Started game 1797 of 10000 (SingularV2 vs SeeFutility)
Finished game 1785 (SingularV2 vs SeeFutility): 1-0 {White wins by adjudication}
Score of SingularV2 vs SeeFutility: 522 - 565 - 698  [0.488] 1785
Started game 1798 of 10000 (SeeFutility vs SingularV2)
Finished game 1788 (SeeFutility vs SingularV2): 0-1 {Black wins by adjudication}
Score of SingularV2 vs SeeFutility: 523 - 565 - 698  [0.488] 1786
Started game 1799 of 10000 (SingularV2 vs SeeFutility)
Finished game 1787 (SingularV2 vs SeeFutility): 0-1 {Black wins by adjudication}
Score of SingularV2 vs SeeFutility: 523 - 566 - 698  [0.488] 1787
Started game 1800 of 10000 (SeeFutility vs SingularV2)
Finished game 1782 (SeeFutility vs SingularV2): 1-0 {White wins by adjudication}
Score of SingularV2 vs SeeFutility: 523 - 567 - 698  [0.488] 1788
Started game 1801 of 10000 (SingularV2 vs SeeFutility)
Finished game 1792 (SeeFutility vs SingularV2): 1/2-1/2 {Draw by 3-fold repetition}
Score of SingularV2 vs SeeFutility: 523 - 567 - 699  [0.488] 1789
Started game 1802 of 10000 (SeeFutility vs SingularV2)
Finished game 1793 (SingularV2 vs SeeFutility): 1-0 {White wins by adjudication}
Score of SingularV2 vs SeeFutility: 524 - 567 - 699  [0.488] 1790
Started game 1803 of 10000 (SingularV2 vs SeeFutility)
Finished game 1794 (SeeFutility vs SingularV2): 1-0 {White wins by adjudication}
Score of SingularV2 vs SeeFutility: 524 - 568 - 699  [0.488] 1791
Started game 1804 of 10000 (SeeFutility vs SingularV2)
Finished game 1795 (SingularV2 vs SeeFutility): 0-1 {Black wins by adjudication}
Score of SingularV2 vs SeeFutility: 524 - 569 - 699  [0.487] 1792
Started game 1805 of 10000 (SingularV2 vs SeeFutility)
Finished game 1796 (SeeFutility vs SingularV2): 1/2-1/2 {Draw by adjudication}
Score of SingularV2 vs SeeFutility: 524 - 569 - 700  [0.487] 1793
Started game 1806 of 10000 (SeeFutility vs SingularV2)
Finished game 1790 (SeeFutility vs SingularV2): 1-0 {White wins by adjudication}
Score of SingularV2 vs SeeFutility: 524 - 570 - 700  [0.487] 1794
Started game 1807 of 10000 (SingularV2 vs SeeFutility)
Finished game 1789 (SingularV2 vs SeeFutility): 1/2-1/2 {Draw by insufficient mating material}
Score of SingularV2 vs SeeFutility: 524 - 570 - 701  [0.487] 1795
Started game 1808 of 10000 (SeeFutility vs SingularV2)
Finished game 1791 (SingularV2 vs SeeFutility): 0-1 {Black wins by adjudication}
Score of SingularV2 vs SeeFutility: 524 - 571 - 701  [0.487] 1796
Started game 1809 of 10000 (SingularV2 vs SeeFutility)
Finished game 1797 (SingularV2 vs SeeFutility): 0-1 {Black mates}
Score of SingularV2 vs SeeFutility: 524 - 572 - 701  [0.487] 1797
Started game 1810 of 10000 (SeeFutility vs SingularV2)
Finished game 1798 (SeeFutility vs SingularV2): 0-1 {Black wins by adjudication}
Score of SingularV2 vs SeeFutility: 525 - 572 - 701  [0.487] 1798
Started game 1811 of 10000 (SingularV2 vs SeeFutility)
Finished game 1799 (SingularV2 vs SeeFutility): 1-0 {White wins by adjudication}
Score of SingularV2 vs SeeFutility: 526 - 572 - 701  [0.487] 1799
Started game 1812 of 10000 (SeeFutility vs SingularV2)
Finished game 1801 (SingularV2 vs SeeFutility): 0-1 {Black wins by adjudication}
Score of SingularV2 vs SeeFutility: 526 - 573 - 701  [0.487] 1800
Started game 1813 of 10000 (SingularV2 vs SeeFutility)
Finished game 1802 (SeeFutility vs SingularV2): 1-0 {White wins by adjudication}
Score of SingularV2 vs SeeFutility: 526 - 574 - 701  [0.487] 1801
Started game 1814 of 10000 (SeeFutility vs SingularV2)
Finished game 1800 (SeeFutility vs SingularV2): 1-0 {White wins by adjudication}
Score of SingularV2 vs SeeFutility: 526 - 575 - 701  [0.486] 1802
Started game 1815 of 10000 (SingularV2 vs SeeFutility)
Finished game 1803 (SingularV2 vs SeeFutility): 1-0 {White wins by adjudication}
Score of SingularV2 vs SeeFutility: 527 - 575 - 701  [0.487] 1803
Started game 1816 of 10000 (SeeFutility vs SingularV2)
Finished game 1804 (SeeFutility vs SingularV2): 0-1 {Black wins by adjudication}
Score of SingularV2 vs SeeFutility: 528 - 575 - 701  [0.487] 1804
Started game 1817 of 10000 (SingularV2 vs SeeFutility)
Finished game 1805 (SingularV2 vs SeeFutility): 1/2-1/2 {Draw by insufficient mating material}
Score of SingularV2 vs SeeFutility: 528 - 575 - 702  [0.487] 1805
Started game 1818 of 10000 (SeeFutility vs SingularV2)
Finished game 1808 (SeeFutility vs SingularV2): 1-0 {White wins by adjudication}
Score of SingularV2 vs SeeFutility: 528 - 576 - 702  [0.487] 1806
Started game 1819 of 10000 (SingularV2 vs SeeFutility)
Finished game 1806 (SeeFutility vs SingularV2): 1/2-1/2 {Draw by insufficient mating material}
Score of SingularV2 vs SeeFutility: 528 - 576 - 703  [0.487] 1807
Started game 1820 of 10000 (SeeFutility vs SingularV2)
Finished game 1807 (SingularV2 vs SeeFutility): 1/2-1/2 {Draw by adjudication}
Score of SingularV2 vs SeeFutility: 528 - 576 - 704  [0.487] 1808
Started game 1821 of 10000 (SingularV2 vs SeeFutility)
Finished game 1809 (SingularV2 vs SeeFutility): 1/2-1/2 {Draw by adjudication}
Score of SingularV2 vs SeeFutility: 528 - 576 - 705  [0.487] 1809
Started game 1822 of 10000 (SeeFutility vs SingularV2)
Finished game 1814 (SeeFutility vs SingularV2): 1/2-1/2 {Draw by 3-fold repetition}
Score of SingularV2 vs SeeFutility: 528 - 576 - 706  [0.487] 1810
Started game 1823 of 10000 (SingularV2 vs SeeFutility)
Finished game 1812 (SeeFutility vs SingularV2): 0-1 {Black wins by adjudication}
Score of SingularV2 vs SeeFutility: 529 - 576 - 706  [0.487] 1811
Started game 1824 of 10000 (SeeFutility vs SingularV2)
Finished game 1810 (SeeFutility vs SingularV2): 0-1 {Black wins by adjudication}
Score of SingularV2 vs SeeFutility: 530 - 576 - 706  [0.487] 1812
Started game 1825 of 10000 (SingularV2 vs SeeFutility)
Finished game 1816 (SeeFutility vs SingularV2): 0-1 {Black wins by adjudication}
Score of SingularV2 vs SeeFutility: 531 - 576 - 706  [0.488] 1813
Started game 1826 of 10000 (SeeFutility vs SingularV2)
Finished game 1811 (SingularV2 vs SeeFutility): 0-1 {Black wins by adjudication}
Score of SingularV2 vs SeeFutility: 531 - 577 - 706  [0.487] 1814
Started game 1827 of 10000 (SingularV2 vs SeeFutility)
Finished game 1813 (SingularV2 vs SeeFutility): 0-1 {Black wins by adjudication}
Score of SingularV2 vs SeeFutility: 531 - 578 - 706  [0.487] 1815
Started game 1828 of 10000 (SeeFutility vs SingularV2)
Finished game 1817 (SingularV2 vs SeeFutility): 1-0 {White wins by adjudication}
Score of SingularV2 vs SeeFutility: 532 - 578 - 706  [0.487] 1816
Started game 1829 of 10000 (SingularV2 vs SeeFutility)
Finished game 1818 (SeeFutility vs SingularV2): 1/2-1/2 {Draw by 3-fold repetition}
Score of SingularV2 vs SeeFutility: 532 - 578 - 707  [0.487] 1817
Started game 1830 of 10000 (SeeFutility vs SingularV2)
Finished game 1819 (SingularV2 vs SeeFutility): 0-1 {Black mates}
Score of SingularV2 vs SeeFutility: 532 - 579 - 707  [0.487] 1818
Started game 1831 of 10000 (SingularV2 vs SeeFutility)
Finished game 1829 (SingularV2 vs SeeFutility): 1-0 {White wins by adjudication}
Score of SingularV2 vs SeeFutility: 533 - 579 - 707  [0.487] 1819
Started game 1832 of 10000 (SeeFutility vs SingularV2)
Finished game 1830 (SeeFutility vs SingularV2): 1-0 {White wins by adjudication}
Score of SingularV2 vs SeeFutility: 533 - 580 - 707  [0.487] 1820
Started game 1833 of 10000 (SingularV2 vs SeeFutility)
Finished game 1822 (SeeFutility vs SingularV2): 1-0 {White wins by adjudication}
Score of SingularV2 vs SeeFutility: 533 - 581 - 707  [0.487] 1821
Started game 1834 of 10000 (SeeFutility vs SingularV2)
Finished game 1823 (SingularV2 vs SeeFutility): 1-0 {White wins by adjudication}
Score of SingularV2 vs SeeFutility: 534 - 581 - 707  [0.487] 1822
Started game 1835 of 10000 (SingularV2 vs SeeFutility)
Finished game 1815 (SingularV2 vs SeeFutility): 1/2-1/2 {Draw by fifty moves rule}
Score of SingularV2 vs SeeFutility: 534 - 581 - 708  [0.487] 1823
Started game 1836 of 10000 (SeeFutility vs SingularV2)
Finished game 1820 (SeeFutility vs SingularV2): 0-1 {Black wins by adjudication}
Score of SingularV2 vs SeeFutility: 535 - 581 - 708  [0.487] 1824
Started game 1837 of 10000 (SingularV2 vs SeeFutility)
Finished game 1826 (SeeFutility vs SingularV2): 0-1 {Black wins by adjudication}
Score of SingularV2 vs SeeFutility: 536 - 581 - 708  [0.488] 1825
Started game 1838 of 10000 (SeeFutility vs SingularV2)
Finished game 1827 (SingularV2 vs SeeFutility): 1/2-1/2 {Draw by 3-fold repetition}
Score of SingularV2 vs SeeFutility: 536 - 581 - 709  [0.488] 1826
Started game 1839 of 10000 (SingularV2 vs SeeFutility)
Finished game 1825 (SingularV2 vs SeeFutility): 0-1 {Black wins by adjudication}
Score of SingularV2 vs SeeFutility: 536 - 582 - 709  [0.487] 1827
Started game 1840 of 10000 (SeeFutility vs SingularV2)
Finished game 1828 (SeeFutility vs SingularV2): 1/2-1/2 {Draw by 3-fold repetition}
Score of SingularV2 vs SeeFutility: 536 - 582 - 710  [0.487] 1828
Started game 1841 of 10000 (SingularV2 vs SeeFutility)
Finished game 1824 (SeeFutility vs SingularV2): 1-0 {White wins by adjudication}
Score of SingularV2 vs SeeFutility: 536 - 583 - 710  [0.487] 1829
Started game 1842 of 10000 (SeeFutility vs SingularV2)
Finished game 1821 (SingularV2 vs SeeFutility): 1/2-1/2 {Draw by fifty moves rule}
Score of SingularV2 vs SeeFutility: 536 - 583 - 711  [0.487] 1830
Started game 1843 of 10000 (SingularV2 vs SeeFutility)
Finished game 1833 (SingularV2 vs SeeFutility): 1/2-1/2 {Draw by 3-fold repetition}
Score of SingularV2 vs SeeFutility: 536 - 583 - 712  [0.487] 1831
Started game 1844 of 10000 (SeeFutility vs SingularV2)
Finished game 1832 (SeeFutility vs SingularV2): 1-0 {White wins by adjudication}
Score of SingularV2 vs SeeFutility: 536 - 584 - 712  [0.487] 1832
Started game 1845 of 10000 (SingularV2 vs SeeFutility)
Finished game 1839 (SingularV2 vs SeeFutility): 0-1 {Black wins by adjudication}
Score of SingularV2 vs SeeFutility: 536 - 585 - 712  [0.487] 1833
Started game 1846 of 10000 (SeeFutility vs SingularV2)
Finished game 1831 (SingularV2 vs SeeFutility): 0-1 {Black wins by adjudication}
Score of SingularV2 vs SeeFutility: 536 - 586 - 712  [0.486] 1834
Started game 1847 of 10000 (SingularV2 vs SeeFutility)
Finished game 1835 (SingularV2 vs SeeFutility): 0-1 {Black wins by adjudication}
Score of SingularV2 vs SeeFutility: 536 - 587 - 712  [0.486] 1835
Started game 1848 of 10000 (SeeFutility vs SingularV2)
Finished game 1836 (SeeFutility vs SingularV2): 1-0 {White wins by adjudication}
Score of SingularV2 vs SeeFutility: 536 - 588 - 712  [0.486] 1836
Started game 1849 of 10000 (SingularV2 vs SeeFutility)
Finished game 1834 (SeeFutility vs SingularV2): 1-0 {White mates}
Score of SingularV2 vs SeeFutility: 536 - 589 - 712  [0.486] 1837
Started game 1850 of 10000 (SeeFutility vs SingularV2)
Finished game 1838 (SeeFutility vs SingularV2): 0-1 {Black wins by adjudication}
Score of SingularV2 vs SeeFutility: 537 - 589 - 712  [0.486] 1838
Started game 1851 of 10000 (SingularV2 vs SeeFutility)
Finished game 1837 (SingularV2 vs SeeFutility): 1/2-1/2 {Draw by adjudication}
Score of SingularV2 vs SeeFutility: 537 - 589 - 713  [0.486] 1839
Started game 1852 of 10000 (SeeFutility vs SingularV2)
Finished game 1840 (SeeFutility vs SingularV2): 0-1 {Black wins by adjudication}
Score of SingularV2 vs SeeFutility: 538 - 589 - 713  [0.486] 1840
Started game 1853 of 10000 (SingularV2 vs SeeFutility)
Finished game 1847 (SingularV2 vs SeeFutility): 1-0 {White wins by adjudication}
Score of SingularV2 vs SeeFutility: 539 - 589 - 713  [0.486] 1841
Started game 1854 of 10000 (SeeFutility vs SingularV2)
Finished game 1845 (SingularV2 vs SeeFutility): 1-0 {White wins by adjudication}
Score of SingularV2 vs SeeFutility: 540 - 589 - 713  [0.487] 1842
Started game 1855 of 10000 (SingularV2 vs SeeFutility)
Finished game 1848 (SeeFutility vs SingularV2): 1-0 {White wins by adjudication}
Score of SingularV2 vs SeeFutility: 540 - 590 - 713  [0.486] 1843
Started game 1856 of 10000 (SeeFutility vs SingularV2)
Finished game 1851 (SingularV2 vs SeeFutility): 1-0 {White wins by adjudication}
Score of SingularV2 vs SeeFutility: 541 - 590 - 713  [0.487] 1844
Started game 1857 of 10000 (SingularV2 vs SeeFutility)
Finished game 1842 (SeeFutility vs SingularV2): 0-1 {Black mates}
Score of SingularV2 vs SeeFutility: 542 - 590 - 713  [0.487] 1845
Started game 1858 of 10000 (SeeFutility vs SingularV2)
Finished game 1841 (SingularV2 vs SeeFutility): 1-0 {White mates}
Score of SingularV2 vs SeeFutility: 543 - 590 - 713  [0.487] 1846
Started game 1859 of 10000 (SingularV2 vs SeeFutility)
Finished game 1844 (SeeFutility vs SingularV2): 1/2-1/2 {Draw by 3-fold repetition}
Score of SingularV2 vs SeeFutility: 543 - 590 - 714  [0.487] 1847
Started game 1860 of 10000 (SeeFutility vs SingularV2)
Finished game 1850 (SeeFutility vs SingularV2): 1-0 {White wins by adjudication}
Score of SingularV2 vs SeeFutility: 543 - 591 - 714  [0.487] 1848
Started game 1861 of 10000 (SingularV2 vs SeeFutility)
Finished game 1843 (SingularV2 vs SeeFutility): 1-0 {White wins by adjudication}
Score of SingularV2 vs SeeFutility: 544 - 591 - 714  [0.487] 1849
Started game 1862 of 10000 (SeeFutility vs SingularV2)
Finished game 1846 (SeeFutility vs SingularV2): 1/2-1/2 {Draw by insufficient mating material}
Score of SingularV2 vs SeeFutility: 544 - 591 - 715  [0.487] 1850
Started game 1863 of 10000 (SingularV2 vs SeeFutility)
Finished game 1849 (SingularV2 vs SeeFutility): 1-0 {White wins by adjudication}
Score of SingularV2 vs SeeFutility: 545 - 591 - 715  [0.488] 1851
Started game 1864 of 10000 (SeeFutility vs SingularV2)
Finished game 1857 (SingularV2 vs SeeFutility): 1/2-1/2 {Draw by 3-fold repetition}
Score of SingularV2 vs SeeFutility: 545 - 591 - 716  [0.488] 1852
Started game 1865 of 10000 (SingularV2 vs SeeFutility)
Finished game 1854 (SeeFutility vs SingularV2): 1-0 {White wins by adjudication}
Score of SingularV2 vs SeeFutility: 545 - 592 - 716  [0.487] 1853
Started game 1866 of 10000 (SeeFutility vs SingularV2)
Finished game 1852 (SeeFutility vs SingularV2): 1/2-1/2 {Draw by 3-fold repetition}
Score of SingularV2 vs SeeFutility: 545 - 592 - 717  [0.487] 1854
Started game 1867 of 10000 (SingularV2 vs SeeFutility)
Finished game 1853 (SingularV2 vs SeeFutility): 0-1 {Black wins by adjudication}
Score of SingularV2 vs SeeFutility: 545 - 593 - 717  [0.487] 1855
Started game 1868 of 10000 (SeeFutility vs SingularV2)
Finished game 1861 (SingularV2 vs SeeFutility): 1/2-1/2 {Draw by 3-fold repetition}
Score of SingularV2 vs SeeFutility: 545 - 593 - 718  [0.487] 1856
Started game 1869 of 10000 (SingularV2 vs SeeFutility)
Finished game 1855 (SingularV2 vs SeeFutility): 1/2-1/2 {Draw by 3-fold repetition}
Score of SingularV2 vs SeeFutility: 545 - 593 - 719  [0.487] 1857
Started game 1870 of 10000 (SeeFutility vs SingularV2)
Finished game 1865 (SingularV2 vs SeeFutility): 1/2-1/2 {Draw by 3-fold repetition}
Score of SingularV2 vs SeeFutility: 545 - 593 - 720  [0.487] 1858
Started game 1871 of 10000 (SingularV2 vs SeeFutility)
Finished game 1860 (SeeFutility vs SingularV2): 0-1 {Black wins by adjudication}
Score of SingularV2 vs SeeFutility: 546 - 593 - 720  [0.487] 1859
Started game 1872 of 10000 (SeeFutility vs SingularV2)
Finished game 1856 (SeeFutility vs SingularV2): 1/2-1/2 {Draw by fifty moves rule}
Score of SingularV2 vs SeeFutility: 546 - 593 - 721  [0.487] 1860
Started game 1873 of 10000 (SingularV2 vs SeeFutility)
Finished game 1859 (SingularV2 vs SeeFutility): 1/2-1/2 {Draw by insufficient mating material}
Score of SingularV2 vs SeeFutility: 546 - 593 - 722  [0.487] 1861
Started game 1874 of 10000 (SeeFutility vs SingularV2)
Finished game 1858 (SeeFutility vs SingularV2): 1-0 {White wins by adjudication}
Score of SingularV2 vs SeeFutility: 546 - 594 - 722  [0.487] 1862
Started game 1875 of 10000 (SingularV2 vs SeeFutility)
Finished game 1864 (SeeFutility vs SingularV2): 0-1 {Black wins by adjudication}
Score of SingularV2 vs SeeFutility: 547 - 594 - 722  [0.487] 1863
Started game 1876 of 10000 (SeeFutility vs SingularV2)
Finished game 1867 (SingularV2 vs SeeFutility): 1/2-1/2 {Draw by 3-fold repetition}
Score of SingularV2 vs SeeFutility: 547 - 594 - 723  [0.487] 1864
Started game 1877 of 10000 (SingularV2 vs SeeFutility)
Finished game 1862 (SeeFutility vs SingularV2): 1-0 {White wins by adjudication}
Score of SingularV2 vs SeeFutility: 547 - 595 - 723  [0.487] 1865
Started game 1878 of 10000 (SeeFutility vs SingularV2)
Finished game 1863 (SingularV2 vs SeeFutility): 1/2-1/2 {Draw by insufficient mating material}
Score of SingularV2 vs SeeFutility: 547 - 595 - 724  [0.487] 1866
Started game 1879 of 10000 (SingularV2 vs SeeFutility)
Finished game 1868 (SeeFutility vs SingularV2): 0-1 {Black wins by adjudication}
Score of SingularV2 vs SeeFutility: 548 - 595 - 724  [0.487] 1867
Started game 1880 of 10000 (SeeFutility vs SingularV2)
Finished game 1866 (SeeFutility vs SingularV2): 0-1 {Black wins by adjudication}
Score of SingularV2 vs SeeFutility: 549 - 595 - 724  [0.488] 1868
Started game 1881 of 10000 (SingularV2 vs SeeFutility)
Finished game 1874 (SeeFutility vs SingularV2): 1/2-1/2 {Draw by 3-fold repetition}
Score of SingularV2 vs SeeFutility: 549 - 595 - 725  [0.488] 1869
Started game 1882 of 10000 (SeeFutility vs SingularV2)
Finished game 1871 (SingularV2 vs SeeFutility): 1/2-1/2 {Draw by 3-fold repetition}
Score of SingularV2 vs SeeFutility: 549 - 595 - 726  [0.488] 1870
Started game 1883 of 10000 (SingularV2 vs SeeFutility)
Finished game 1876 (SeeFutility vs SingularV2): 1-0 {White wins by adjudication}
Score of SingularV2 vs SeeFutility: 549 - 596 - 726  [0.487] 1871
Started game 1884 of 10000 (SeeFutility vs SingularV2)
Finished game 1875 (SingularV2 vs SeeFutility): 1-0 {White wins by adjudication}
Score of SingularV2 vs SeeFutility: 550 - 596 - 726  [0.488] 1872
Started game 1885 of 10000 (SingularV2 vs SeeFutility)
Finished game 1869 (SingularV2 vs SeeFutility): 1-0 {White wins by adjudication}
Score of SingularV2 vs SeeFutility: 551 - 596 - 726  [0.488] 1873
Started game 1886 of 10000 (SeeFutility vs SingularV2)
Finished game 1872 (SeeFutility vs SingularV2): 1-0 {White wins by adjudication}
Score of SingularV2 vs SeeFutility: 551 - 597 - 726  [0.488] 1874
Started game 1887 of 10000 (SingularV2 vs SeeFutility)
Finished game 1870 (SeeFutility vs SingularV2): 0-1 {Black mates}
Score of SingularV2 vs SeeFutility: 552 - 597 - 726  [0.488] 1875
Started game 1888 of 10000 (SeeFutility vs SingularV2)
Finished game 1879 (SingularV2 vs SeeFutility): 0-1 {Black wins by adjudication}
Score of SingularV2 vs SeeFutility: 552 - 598 - 726  [0.488] 1876
Started game 1889 of 10000 (SingularV2 vs SeeFutility)
Finished game 1878 (SeeFutility vs SingularV2): 1-0 {White wins by adjudication}
Score of SingularV2 vs SeeFutility: 552 - 599 - 726  [0.487] 1877
Started game 1890 of 10000 (SeeFutility vs SingularV2)
Finished game 1877 (SingularV2 vs SeeFutility): 1-0 {White wins by adjudication}
Score of SingularV2 vs SeeFutility: 553 - 599 - 726  [0.488] 1878
Started game 1891 of 10000 (SingularV2 vs SeeFutility)
Finished game 1873 (SingularV2 vs SeeFutility): 1/2-1/2 {Draw by 3-fold repetition}
Score of SingularV2 vs SeeFutility: 553 - 599 - 727  [0.488] 1879
Started game 1892 of 10000 (SeeFutility vs SingularV2)
Finished game 1887 (SingularV2 vs SeeFutility): 1/2-1/2 {Draw by 3-fold repetition}
Score of SingularV2 vs SeeFutility: 553 - 599 - 728  [0.488] 1880
Started game 1893 of 10000 (SingularV2 vs SeeFutility)
Finished game 1881 (SingularV2 vs SeeFutility): 1-0 {White wins by adjudication}
Score of SingularV2 vs SeeFutility: 554 - 599 - 728  [0.488] 1881
Started game 1894 of 10000 (SeeFutility vs SingularV2)
Finished game 1883 (SingularV2 vs SeeFutility): 1-0 {White wins by adjudication}
Score of SingularV2 vs SeeFutility: 555 - 599 - 728  [0.488] 1882
Started game 1895 of 10000 (SingularV2 vs SeeFutility)
Finished game 1880 (SeeFutility vs SingularV2): 1-0 {White wins by adjudication}
Score of SingularV2 vs SeeFutility: 555 - 600 - 728  [0.488] 1883
Started game 1896 of 10000 (SeeFutility vs SingularV2)
Finished game 1886 (SeeFutility vs SingularV2): 1/2-1/2 {Draw by 3-fold repetition}
Score of SingularV2 vs SeeFutility: 555 - 600 - 729  [0.488] 1884
Started game 1897 of 10000 (SingularV2 vs SeeFutility)
Finished game 1889 (SingularV2 vs SeeFutility): 1/2-1/2 {Draw by 3-fold repetition}
Score of SingularV2 vs SeeFutility: 555 - 600 - 730  [0.488] 1885
Started game 1898 of 10000 (SeeFutility vs SingularV2)
Finished game 1884 (SeeFutility vs SingularV2): 1/2-1/2 {Draw by adjudication}
Score of SingularV2 vs SeeFutility: 555 - 600 - 731  [0.488] 1886
Started game 1899 of 10000 (SingularV2 vs SeeFutility)
Finished game 1890 (SeeFutility vs SingularV2): 0-1 {Black wins by adjudication}
Score of SingularV2 vs SeeFutility: 556 - 600 - 731  [0.488] 1887
Started game 1900 of 10000 (SeeFutility vs SingularV2)
Finished game 1891 (SingularV2 vs SeeFutility): 0-1 {Black wins by adjudication}
Score of SingularV2 vs SeeFutility: 556 - 601 - 731  [0.488] 1888
Started game 1901 of 10000 (SingularV2 vs SeeFutility)
Finished game 1885 (SingularV2 vs SeeFutility): 1-0 {White wins by adjudication}
Score of SingularV2 vs SeeFutility: 557 - 601 - 731  [0.488] 1889
Started game 1902 of 10000 (SeeFutility vs SingularV2)
Finished game 1888 (SeeFutility vs SingularV2): 1-0 {White wins by adjudication}
Score of SingularV2 vs SeeFutility: 557 - 602 - 731  [0.488] 1890
Started game 1903 of 10000 (SingularV2 vs SeeFutility)
Finished game 1882 (SeeFutility vs SingularV2): 1/2-1/2 {Draw by insufficient mating material}
Score of SingularV2 vs SeeFutility: 557 - 602 - 732  [0.488] 1891
Started game 1904 of 10000 (SeeFutility vs SingularV2)
Finished game 1893 (SingularV2 vs SeeFutility): 1-0 {White wins by adjudication}
Score of SingularV2 vs SeeFutility: 558 - 602 - 732  [0.488] 1892
Started game 1905 of 10000 (SingularV2 vs SeeFutility)
Finished game 1897 (SingularV2 vs SeeFutility): 1/2-1/2 {Draw by 3-fold repetition}
Score of SingularV2 vs SeeFutility: 558 - 602 - 733  [0.488] 1893
Started game 1906 of 10000 (SeeFutility vs SingularV2)
Finished game 1896 (SeeFutility vs SingularV2): 0-1 {Black wins by adjudication}
Score of SingularV2 vs SeeFutility: 559 - 602 - 733  [0.489] 1894
Started game 1907 of 10000 (SingularV2 vs SeeFutility)
Finished game 1892 (SeeFutility vs SingularV2): 1/2-1/2 {Draw by insufficient mating material}
Score of SingularV2 vs SeeFutility: 559 - 602 - 734  [0.489] 1895
Started game 1908 of 10000 (SeeFutility vs SingularV2)
Finished game 1894 (SeeFutility vs SingularV2): 1-0 {White wins by adjudication}
Score of SingularV2 vs SeeFutility: 559 - 603 - 734  [0.488] 1896
Started game 1909 of 10000 (SingularV2 vs SeeFutility)
Finished game 1895 (SingularV2 vs SeeFutility): 1/2-1/2 {Draw by fifty moves rule}
Score of SingularV2 vs SeeFutility: 559 - 603 - 735  [0.488] 1897
Started game 1910 of 10000 (SeeFutility vs SingularV2)
Finished game 1900 (SeeFutility vs SingularV2): 0-1 {Black wins by adjudication}
Score of SingularV2 vs SeeFutility: 560 - 603 - 735  [0.489] 1898
Started game 1911 of 10000 (SingularV2 vs SeeFutility)
Finished game 1899 (SingularV2 vs SeeFutility): 0-1 {Black wins by adjudication}
Score of SingularV2 vs SeeFutility: 560 - 604 - 735  [0.488] 1899
Started game 1912 of 10000 (SeeFutility vs SingularV2)
Finished game 1898 (SeeFutility vs SingularV2): 1/2-1/2 {Draw by adjudication}
Score of SingularV2 vs SeeFutility: 560 - 604 - 736  [0.488] 1900
Started game 1913 of 10000 (SingularV2 vs SeeFutility)
Finished game 1906 (SeeFutility vs SingularV2): 1-0 {White mates}
Score of SingularV2 vs SeeFutility: 560 - 605 - 736  [0.488] 1901
Started game 1914 of 10000 (SeeFutility vs SingularV2)
Finished game 1907 (SingularV2 vs SeeFutility): 0-1 {Black wins by adjudication}
Score of SingularV2 vs SeeFutility: 560 - 606 - 736  [0.488] 1902
Started game 1915 of 10000 (SingularV2 vs SeeFutility)
Finished game 1903 (SingularV2 vs SeeFutility): 1-0 {White wins by adjudication}
Score of SingularV2 vs SeeFutility: 561 - 606 - 736  [0.488] 1903
Started game 1916 of 10000 (SeeFutility vs SingularV2)
Finished game 1905 (SingularV2 vs SeeFutility): 1-0 {White wins by adjudication}
Score of SingularV2 vs SeeFutility: 562 - 606 - 736  [0.488] 1904
Started game 1917 of 10000 (SingularV2 vs SeeFutility)
Finished game 1901 (SingularV2 vs SeeFutility): 0-1 {Black wins by adjudication}
Score of SingularV2 vs SeeFutility: 562 - 607 - 736  [0.488] 1905
Started game 1918 of 10000 (SeeFutility vs SingularV2)
Finished game 1904 (SeeFutility vs SingularV2): 1/2-1/2 {Draw by adjudication}
Score of SingularV2 vs SeeFutility: 562 - 607 - 737  [0.488] 1906
Started game 1919 of 10000 (SingularV2 vs SeeFutility)
Finished game 1902 (SeeFutility vs SingularV2): 1/2-1/2 {Draw by adjudication}
Score of SingularV2 vs SeeFutility: 562 - 607 - 738  [0.488] 1907
Started game 1920 of 10000 (SeeFutility vs SingularV2)
Finished game 1908 (SeeFutility vs SingularV2): 0-1 {Black wins by adjudication}
Score of SingularV2 vs SeeFutility: 563 - 607 - 738  [0.488] 1908
Started game 1921 of 10000 (SingularV2 vs SeeFutility)
Finished game 1909 (SingularV2 vs SeeFutility): 0-1 {Black wins by adjudication}
Score of SingularV2 vs SeeFutility: 563 - 608 - 738  [0.488] 1909
Started game 1922 of 10000 (SeeFutility vs SingularV2)
Finished game 1911 (SingularV2 vs SeeFutility): 0-1 {Black wins by adjudication}
Score of SingularV2 vs SeeFutility: 563 - 609 - 738  [0.488] 1910
Started game 1923 of 10000 (SingularV2 vs SeeFutility)
Finished game 1916 (SeeFutility vs SingularV2): 1-0 {White wins by adjudication}
Score of SingularV2 vs SeeFutility: 563 - 610 - 738  [0.488] 1911
Started game 1924 of 10000 (SeeFutility vs SingularV2)
Finished game 1910 (SeeFutility vs SingularV2): 0-1 {Black wins by adjudication}
Score of SingularV2 vs SeeFutility: 564 - 610 - 738  [0.488] 1912
Started game 1925 of 10000 (SingularV2 vs SeeFutility)
Finished game 1919 (SingularV2 vs SeeFutility): 1/2-1/2 {Draw by 3-fold repetition}
Score of SingularV2 vs SeeFutility: 564 - 610 - 739  [0.488] 1913
Started game 1926 of 10000 (SeeFutility vs SingularV2)
Finished game 1912 (SeeFutility vs SingularV2): 0-1 {Black wins by adjudication}
Score of SingularV2 vs SeeFutility: 565 - 610 - 739  [0.488] 1914
Started game 1927 of 10000 (SingularV2 vs SeeFutility)
Finished game 1913 (SingularV2 vs SeeFutility): 0-1 {Black wins by adjudication}
Score of SingularV2 vs SeeFutility: 565 - 611 - 739  [0.488] 1915
Started game 1928 of 10000 (SeeFutility vs SingularV2)
Finished game 1914 (SeeFutility vs SingularV2): 1-0 {White wins by adjudication}
Score of SingularV2 vs SeeFutility: 565 - 612 - 739  [0.488] 1916
Started game 1929 of 10000 (SingularV2 vs SeeFutility)
Finished game 1921 (SingularV2 vs SeeFutility): 1/2-1/2 {Draw by 3-fold repetition}
Score of SingularV2 vs SeeFutility: 565 - 612 - 740  [0.488] 1917
Started game 1930 of 10000 (SeeFutility vs SingularV2)
Finished game 1915 (SingularV2 vs SeeFutility): 1/2-1/2 {Draw by 3-fold repetition}
Score of SingularV2 vs SeeFutility: 565 - 612 - 741  [0.488] 1918
Started game 1931 of 10000 (SingularV2 vs SeeFutility)
Finished game 1920 (SeeFutility vs SingularV2): 1/2-1/2 {Draw by 3-fold repetition}
Score of SingularV2 vs SeeFutility: 565 - 612 - 742  [0.488] 1919
Started game 1932 of 10000 (SeeFutility vs SingularV2)
Finished game 1918 (SeeFutility vs SingularV2): 1/2-1/2 {Draw by insufficient mating material}
Score of SingularV2 vs SeeFutility: 565 - 612 - 743  [0.488] 1920
Started game 1933 of 10000 (SingularV2 vs SeeFutility)
Finished game 1917 (SingularV2 vs SeeFutility): 1/2-1/2 {Draw by insufficient mating material}
Score of SingularV2 vs SeeFutility: 565 - 612 - 744  [0.488] 1921
Started game 1934 of 10000 (SeeFutility vs SingularV2)
Finished game 1923 (SingularV2 vs SeeFutility): 1-0 {White wins by adjudication}
Score of SingularV2 vs SeeFutility: 566 - 612 - 744  [0.488] 1922
Started game 1935 of 10000 (SingularV2 vs SeeFutility)
Finished game 1926 (SeeFutility vs SingularV2): 0-1 {Black wins by adjudication}
Score of SingularV2 vs SeeFutility: 567 - 612 - 744  [0.488] 1923
Started game 1936 of 10000 (SeeFutility vs SingularV2)
Finished game 1929 (SingularV2 vs SeeFutility): 1/2-1/2 {Draw by adjudication}
Score of SingularV2 vs SeeFutility: 567 - 612 - 745  [0.488] 1924
Started game 1937 of 10000 (SingularV2 vs SeeFutility)
Finished game 1927 (SingularV2 vs SeeFutility): 0-1 {Black wins by adjudication}
Score of SingularV2 vs SeeFutility: 567 - 613 - 745  [0.488] 1925
Started game 1938 of 10000 (SeeFutility vs SingularV2)
Finished game 1922 (SeeFutility vs SingularV2): 0-1 {Black wins by adjudication}
Score of SingularV2 vs SeeFutility: 568 - 613 - 745  [0.488] 1926
Started game 1939 of 10000 (SingularV2 vs SeeFutility)
Finished game 1930 (SeeFutility vs SingularV2): 0-1 {Black wins by adjudication}
Score of SingularV2 vs SeeFutility: 569 - 613 - 745  [0.489] 1927
Started game 1940 of 10000 (SeeFutility vs SingularV2)
Finished game 1925 (SingularV2 vs SeeFutility): 1/2-1/2 {Draw by insufficient mating material}
Score of SingularV2 vs SeeFutility: 569 - 613 - 746  [0.489] 1928
Started game 1941 of 10000 (SingularV2 vs SeeFutility)
Finished game 1933 (SingularV2 vs SeeFutility): 1/2-1/2 {Draw by 3-fold repetition}
Score of SingularV2 vs SeeFutility: 569 - 613 - 747  [0.489] 1929
Started game 1942 of 10000 (SeeFutility vs SingularV2)
Finished game 1932 (SeeFutility vs SingularV2): 0-1 {Black wins by adjudication}
Score of SingularV2 vs SeeFutility: 570 - 613 - 747  [0.489] 1930
Started game 1943 of 10000 (SingularV2 vs SeeFutility)
Finished game 1928 (SeeFutility vs SingularV2): 1/2-1/2 {Draw by insufficient mating material}
Score of SingularV2 vs SeeFutility: 570 - 613 - 748  [0.489] 1931
Started game 1944 of 10000 (SeeFutility vs SingularV2)
Finished game 1931 (SingularV2 vs SeeFutility): 1/2-1/2 {Draw by adjudication}
Score of SingularV2 vs SeeFutility: 570 - 613 - 749  [0.489] 1932
Started game 1945 of 10000 (SingularV2 vs SeeFutility)
Finished game 1924 (SeeFutility vs SingularV2): 1/2-1/2 {Draw by fifty moves rule}
Score of SingularV2 vs SeeFutility: 570 - 613 - 750  [0.489] 1933
Started game 1946 of 10000 (SeeFutility vs SingularV2)
Finished game 1935 (SingularV2 vs SeeFutility): 1-0 {White wins by adjudication}
Score of SingularV2 vs SeeFutility: 571 - 613 - 750  [0.489] 1934
Started game 1947 of 10000 (SingularV2 vs SeeFutility)
Finished game 1936 (SeeFutility vs SingularV2): 0-1 {Black wins by adjudication}
Score of SingularV2 vs SeeFutility: 572 - 613 - 750  [0.489] 1935
Started game 1948 of 10000 (SeeFutility vs SingularV2)
Finished game 1943 (SingularV2 vs SeeFutility): 1/2-1/2 {Draw by 3-fold repetition}
Score of SingularV2 vs SeeFutility: 572 - 613 - 751  [0.489] 1936
Started game 1949 of 10000 (SingularV2 vs SeeFutility)
Finished game 1934 (SeeFutility vs SingularV2): 1/2-1/2 {Draw by 3-fold repetition}
Score of SingularV2 vs SeeFutility: 572 - 613 - 752  [0.489] 1937
Started game 1950 of 10000 (SeeFutility vs SingularV2)
Finished game 1937 (SingularV2 vs SeeFutility): 1-0 {White wins by adjudication}
Score of SingularV2 vs SeeFutility: 573 - 613 - 752  [0.490] 1938
Started game 1951 of 10000 (SingularV2 vs SeeFutility)
Finished game 1939 (SingularV2 vs SeeFutility): 1/2-1/2 {Draw by adjudication}
Score of SingularV2 vs SeeFutility: 573 - 613 - 753  [0.490] 1939
Started game 1952 of 10000 (SeeFutility vs SingularV2)
Finished game 1947 (SingularV2 vs SeeFutility): 1/2-1/2 {Draw by 3-fold repetition}
Score of SingularV2 vs SeeFutility: 573 - 613 - 754  [0.490] 1940
Started game 1953 of 10000 (SingularV2 vs SeeFutility)
Finished game 1941 (SingularV2 vs SeeFutility): 0-1 {Black wins by adjudication}
Score of SingularV2 vs SeeFutility: 573 - 614 - 754  [0.489] 1941
Started game 1954 of 10000 (SeeFutility vs SingularV2)
Finished game 1942 (SeeFutility vs SingularV2): 0-1 {Black wins by adjudication}
Score of SingularV2 vs SeeFutility: 574 - 614 - 754  [0.490] 1942
Started game 1955 of 10000 (SingularV2 vs SeeFutility)
Finished game 1944 (SeeFutility vs SingularV2): 0-1 {Black wins by adjudication}
Score of SingularV2 vs SeeFutility: 575 - 614 - 754  [0.490] 1943
Started game 1956 of 10000 (SeeFutility vs SingularV2)
Finished game 1938 (SeeFutility vs SingularV2): 1-0 {White mates}
Score of SingularV2 vs SeeFutility: 575 - 615 - 754  [0.490] 1944
Started game 1957 of 10000 (SingularV2 vs SeeFutility)
Finished game 1940 (SeeFutility vs SingularV2): 1/2-1/2 {Draw by adjudication}
Score of SingularV2 vs SeeFutility: 575 - 615 - 755  [0.490] 1945
Started game 1958 of 10000 (SeeFutility vs SingularV2)
Finished game 1948 (SeeFutility vs SingularV2): 1/2-1/2 {Draw by 3-fold repetition}
Score of SingularV2 vs SeeFutility: 575 - 615 - 756  [0.490] 1946
Started game 1959 of 10000 (SingularV2 vs SeeFutility)
Finished game 1950 (SeeFutility vs SingularV2): 1-0 {White wins by adjudication}
Score of SingularV2 vs SeeFutility: 575 - 616 - 756  [0.489] 1947
Started game 1960 of 10000 (SeeFutility vs SingularV2)
Finished game 1946 (SeeFutility vs SingularV2): 1-0 {White wins by adjudication}
Score of SingularV2 vs SeeFutility: 575 - 617 - 756  [0.489] 1948
Started game 1961 of 10000 (SingularV2 vs SeeFutility)
Finished game 1949 (SingularV2 vs SeeFutility): 1-0 {White wins by adjudication}
Score of SingularV2 vs SeeFutility: 576 - 617 - 756  [0.489] 1949
Started game 1962 of 10000 (SeeFutility vs SingularV2)
Finished game 1951 (SingularV2 vs SeeFutility): 1/2-1/2 {Draw by 3-fold repetition}
Score of SingularV2 vs SeeFutility: 576 - 617 - 757  [0.489] 1950
Started game 1963 of 10000 (SingularV2 vs SeeFutility)
Finished game 1945 (SingularV2 vs SeeFutility): 0-1 {Black wins by adjudication}
Score of SingularV2 vs SeeFutility: 576 - 618 - 757  [0.489] 1951
Started game 1964 of 10000 (SeeFutility vs SingularV2)
Finished game 1956 (SeeFutility vs SingularV2): 1/2-1/2 {Draw by 3-fold repetition}
Score of SingularV2 vs SeeFutility: 576 - 618 - 758  [0.489] 1952
Started game 1965 of 10000 (SingularV2 vs SeeFutility)
Finished game 1954 (SeeFutility vs SingularV2): 0-1 {Black wins by adjudication}
Score of SingularV2 vs SeeFutility: 577 - 618 - 758  [0.490] 1953
Started game 1966 of 10000 (SeeFutility vs SingularV2)
Finished game 1952 (SeeFutility vs SingularV2): 0-1 {Black wins by adjudication}
Score of SingularV2 vs SeeFutility: 578 - 618 - 758  [0.490] 1954
Started game 1967 of 10000 (SingularV2 vs SeeFutility)
Finished game 1957 (SingularV2 vs SeeFutility): 1-0 {White wins by adjudication}
Score of SingularV2 vs SeeFutility: 579 - 618 - 758  [0.490] 1955
Started game 1968 of 10000 (SeeFutility vs SingularV2)
Finished game 1955 (SingularV2 vs SeeFutility): 1-0 {White mates}
Score of SingularV2 vs SeeFutility: 580 - 618 - 758  [0.490] 1956
Started game 1969 of 10000 (SingularV2 vs SeeFutility)
Finished game 1953 (SingularV2 vs SeeFutility): 1-0 {White mates}
Score of SingularV2 vs SeeFutility: 581 - 618 - 758  [0.491] 1957
Started game 1970 of 10000 (SeeFutility vs SingularV2)
Finished game 1961 (SingularV2 vs SeeFutility): 1-0 {White wins by adjudication}
Score of SingularV2 vs SeeFutility: 582 - 618 - 758  [0.491] 1958
Started game 1971 of 10000 (SingularV2 vs SeeFutility)
Finished game 1963 (SingularV2 vs SeeFutility): 1-0 {White wins by adjudication}
Score of SingularV2 vs SeeFutility: 583 - 618 - 758  [0.491] 1959
Started game 1972 of 10000 (SeeFutility vs SingularV2)
Finished game 1959 (SingularV2 vs SeeFutility): 1/2-1/2 {Draw by adjudication}
Score of SingularV2 vs SeeFutility: 583 - 618 - 759  [0.491] 1960
Started game 1973 of 10000 (SingularV2 vs SeeFutility)
Finished game 1958 (SeeFutility vs SingularV2): 1-0 {White wins by adjudication}
Score of SingularV2 vs SeeFutility: 583 - 619 - 759  [0.491] 1961
Started game 1974 of 10000 (SeeFutility vs SingularV2)
Finished game 1960 (SeeFutility vs SingularV2): 1-0 {White wins by adjudication}
Score of SingularV2 vs SeeFutility: 583 - 620 - 759  [0.491] 1962
Started game 1975 of 10000 (SingularV2 vs SeeFutility)
Finished game 1965 (SingularV2 vs SeeFutility): 1/2-1/2 {Draw by 3-fold repetition}
Score of SingularV2 vs SeeFutility: 583 - 620 - 760  [0.491] 1963
Started game 1976 of 10000 (SeeFutility vs SingularV2)
Finished game 1967 (SingularV2 vs SeeFutility): 0-1 {Black wins by adjudication}
Score of SingularV2 vs SeeFutility: 583 - 621 - 760  [0.490] 1964
Started game 1977 of 10000 (SingularV2 vs SeeFutility)
Finished game 1966 (SeeFutility vs SingularV2): 1/2-1/2 {Draw by adjudication}
Score of SingularV2 vs SeeFutility: 583 - 621 - 761  [0.490] 1965
Started game 1978 of 10000 (SeeFutility vs SingularV2)
Finished game 1964 (SeeFutility vs SingularV2): 1/2-1/2 {Draw by adjudication}
Score of SingularV2 vs SeeFutility: 583 - 621 - 762  [0.490] 1966
Started game 1979 of 10000 (SingularV2 vs SeeFutility)
Finished game 1972 (SeeFutility vs SingularV2): 0-1 {Black wins by adjudication}
Score of SingularV2 vs SeeFutility: 584 - 621 - 762  [0.491] 1967
Started game 1980 of 10000 (SeeFutility vs SingularV2)
Finished game 1968 (SeeFutility vs SingularV2): 1-0 {White wins by adjudication}
Score of SingularV2 vs SeeFutility: 584 - 622 - 762  [0.490] 1968
Started game 1981 of 10000 (SingularV2 vs SeeFutility)
Finished game 1974 (SeeFutility vs SingularV2): 1-0 {White wins by adjudication}
Score of SingularV2 vs SeeFutility: 584 - 623 - 762  [0.490] 1969
Started game 1982 of 10000 (SeeFutility vs SingularV2)
Finished game 1971 (SingularV2 vs SeeFutility): 0-1 {Black wins by adjudication}
Score of SingularV2 vs SeeFutility: 584 - 624 - 762  [0.490] 1970
Started game 1983 of 10000 (SingularV2 vs SeeFutility)
Finished game 1969 (SingularV2 vs SeeFutility): 0-1 {Black wins by adjudication}
Score of SingularV2 vs SeeFutility: 584 - 625 - 762  [0.490] 1971
Started game 1984 of 10000 (SeeFutility vs SingularV2)
Finished game 1977 (SingularV2 vs SeeFutility): 0-1 {Black wins by adjudication}
Score of SingularV2 vs SeeFutility: 584 - 626 - 762  [0.489] 1972
Started game 1985 of 10000 (SingularV2 vs SeeFutility)
Finished game 1973 (SingularV2 vs SeeFutility): 1/2-1/2 {Draw by insufficient mating material}
Score of SingularV2 vs SeeFutility: 584 - 626 - 763  [0.489] 1973
Started game 1986 of 10000 (SeeFutility vs SingularV2)
Finished game 1970 (SeeFutility vs SingularV2): 1/2-1/2 {Draw by adjudication}
Score of SingularV2 vs SeeFutility: 584 - 626 - 764  [0.489] 1974
Started game 1987 of 10000 (SingularV2 vs SeeFutility)
Finished game 1979 (SingularV2 vs SeeFutility): 1/2-1/2 {Draw by 3-fold repetition}
Score of SingularV2 vs SeeFutility: 584 - 626 - 765  [0.489] 1975
Started game 1988 of 10000 (SeeFutility vs SingularV2)
Finished game 1975 (SingularV2 vs SeeFutility): 0-1 {Black wins by adjudication}
Score of SingularV2 vs SeeFutility: 584 - 627 - 765  [0.489] 1976
Started game 1989 of 10000 (SingularV2 vs SeeFutility)
Finished game 1976 (SeeFutility vs SingularV2): 1-0 {White wins by adjudication}
Score of SingularV2 vs SeeFutility: 584 - 628 - 765  [0.489] 1977
Started game 1990 of 10000 (SeeFutility vs SingularV2)
Finished game 1962 (SeeFutility vs SingularV2): 1/2-1/2 {Draw by fifty moves rule}
Score of SingularV2 vs SeeFutility: 584 - 628 - 766  [0.489] 1978
Started game 1991 of 10000 (SingularV2 vs SeeFutility)
Finished game 1981 (SingularV2 vs SeeFutility): 1/2-1/2 {Draw by 3-fold repetition}
Score of SingularV2 vs SeeFutility: 584 - 628 - 767  [0.489] 1979
Started game 1992 of 10000 (SeeFutility vs SingularV2)
Finished game 1982 (SeeFutility vs SingularV2): 1/2-1/2 {Draw by 3-fold repetition}
Score of SingularV2 vs SeeFutility: 584 - 628 - 768  [0.489] 1980
Started game 1993 of 10000 (SingularV2 vs SeeFutility)
Finished game 1980 (SeeFutility vs SingularV2): 1/2-1/2 {Draw by adjudication}
Score of SingularV2 vs SeeFutility: 584 - 628 - 769  [0.489] 1981
Started game 1994 of 10000 (SeeFutility vs SingularV2)
Finished game 1985 (SingularV2 vs SeeFutility): 1/2-1/2 {Draw by adjudication}
Score of SingularV2 vs SeeFutility: 584 - 628 - 770  [0.489] 1982
Started game 1995 of 10000 (SingularV2 vs SeeFutility)
Finished game 1983 (SingularV2 vs SeeFutility): 0-1 {Black wins by adjudication}
Score of SingularV2 vs SeeFutility: 584 - 629 - 770  [0.489] 1983
Started game 1996 of 10000 (SeeFutility vs SingularV2)
Finished game 1984 (SeeFutility vs SingularV2): 1/2-1/2 {Draw by 3-fold repetition}
Score of SingularV2 vs SeeFutility: 584 - 629 - 771  [0.489] 1984
Started game 1997 of 10000 (SingularV2 vs SeeFutility)
Finished game 1988 (SeeFutility vs SingularV2): 1/2-1/2 {Draw by insufficient mating material}
Score of SingularV2 vs SeeFutility: 584 - 629 - 772  [0.489] 1985
Started game 1998 of 10000 (SeeFutility vs SingularV2)
Finished game 1978 (SeeFutility vs SingularV2): 1/2-1/2 {Draw by fifty moves rule}
Score of SingularV2 vs SeeFutility: 584 - 629 - 773  [0.489] 1986
Started game 1999 of 10000 (SingularV2 vs SeeFutility)
Finished game 1986 (SeeFutility vs SingularV2): 1/2-1/2 {Draw by stalemate}
Score of SingularV2 vs SeeFutility: 584 - 629 - 774  [0.489] 1987
Started game 2000 of 10000 (SeeFutility vs SingularV2)
Finished game 1987 (SingularV2 vs SeeFutility): 0-1 {Black wins by adjudication}
Score of SingularV2 vs SeeFutility: 584 - 630 - 774  [0.488] 1988
Started game 2001 of 10000 (SingularV2 vs SeeFutility)
Finished game 1990 (SeeFutility vs SingularV2): 1-0 {White wins by adjudication}
Score of SingularV2 vs SeeFutility: 584 - 631 - 774  [0.488] 1989
Started game 2002 of 10000 (SeeFutility vs SingularV2)
Finished game 1992 (SeeFutility vs SingularV2): 1/2-1/2 {Draw by 3-fold repetition}
Score of SingularV2 vs SeeFutility: 584 - 631 - 775  [0.488] 1990
Started game 2003 of 10000 (SingularV2 vs SeeFutility)
Finished game 1993 (SingularV2 vs SeeFutility): 1/2-1/2 {Draw by adjudication}
Score of SingularV2 vs SeeFutility: 584 - 631 - 776  [0.488] 1991
Started game 2004 of 10000 (SeeFutility vs SingularV2)
Finished game 1989 (SingularV2 vs SeeFutility): 0-1 {Black wins by adjudication}
Score of SingularV2 vs SeeFutility: 584 - 632 - 776  [0.488] 1992
Started game 2005 of 10000 (SingularV2 vs SeeFutility)
Finished game 2005 (SingularV2 vs SeeFutility): 0-1 {Black mates}
Score of SingularV2 vs SeeFutility: 584 - 633 - 776  [0.488] 1993
Started game 2006 of 10000 (SeeFutility vs SingularV2)
Finished game 2006 (SeeFutility vs SingularV2): 0-1 {Black mates}
Score of SingularV2 vs SeeFutility: 585 - 633 - 776  [0.488] 1994
Started game 2007 of 10000 (SingularV2 vs SeeFutility)
Finished game 1994 (SeeFutility vs SingularV2): 1/2-1/2 {Draw by 3-fold repetition}
Score of SingularV2 vs SeeFutility: 585 - 633 - 777  [0.488] 1995
Started game 2008 of 10000 (SeeFutility vs SingularV2)
Finished game 1999 (SingularV2 vs SeeFutility): 1-0 {White wins by adjudication}
Score of SingularV2 vs SeeFutility: 586 - 633 - 777  [0.488] 1996
Started game 2009 of 10000 (SingularV2 vs SeeFutility)
Finished game 1991 (SingularV2 vs SeeFutility): 1-0 {White wins by adjudication}
Score of SingularV2 vs SeeFutility: 587 - 633 - 777  [0.488] 1997
Started game 2010 of 10000 (SeeFutility vs SingularV2)
Finished game 1997 (SingularV2 vs SeeFutility): 1-0 {White wins by adjudication}
Score of SingularV2 vs SeeFutility: 588 - 633 - 777  [0.489] 1998
Started game 2011 of 10000 (SingularV2 vs SeeFutility)
Finished game 1998 (SeeFutility vs SingularV2): 0-1 {Black wins by adjudication}
Score of SingularV2 vs SeeFutility: 589 - 633 - 777  [0.489] 1999
Started game 2012 of 10000 (SeeFutility vs SingularV2)
Finished game 1996 (SeeFutility vs SingularV2): 1/2-1/2 {Draw by insufficient mating material}
Score of SingularV2 vs SeeFutility: 589 - 633 - 778  [0.489] 2000
Started game 2013 of 10000 (SingularV2 vs SeeFutility)
Finished game 1995 (SingularV2 vs SeeFutility): 1-0 {White wins by adjudication}
Score of SingularV2 vs SeeFutility: 590 - 633 - 778  [0.489] 2001
Started game 2014 of 10000 (SeeFutility vs SingularV2)
Finished game 2004 (SeeFutility vs SingularV2): 1-0 {White wins by adjudication}
Score of SingularV2 vs SeeFutility: 590 - 634 - 778  [0.489] 2002
Started game 2015 of 10000 (SingularV2 vs SeeFutility)
Finished game 2003 (SingularV2 vs SeeFutility): 1/2-1/2 {Draw by 3-fold repetition}
Score of SingularV2 vs SeeFutility: 590 - 634 - 779  [0.489] 2003
Started game 2016 of 10000 (SeeFutility vs SingularV2)
Finished game 2010 (SeeFutility vs SingularV2): 0-1 {Black wins by adjudication}
Score of SingularV2 vs SeeFutility: 591 - 634 - 779  [0.489] 2004
Started game 2017 of 10000 (SingularV2 vs SeeFutility)
Finished game 2001 (SingularV2 vs SeeFutility): 1/2-1/2 {Draw by adjudication}
Score of SingularV2 vs SeeFutility: 591 - 634 - 780  [0.489] 2005
Started game 2018 of 10000 (SeeFutility vs SingularV2)
Finished game 2000 (SeeFutility vs SingularV2): 1/2-1/2 {Draw by fifty moves rule}
Score of SingularV2 vs SeeFutility: 591 - 634 - 781  [0.489] 2006
Started game 2019 of 10000 (SingularV2 vs SeeFutility)
Finished game 2007 (SingularV2 vs SeeFutility): 1/2-1/2 {Draw by adjudication}
Score of SingularV2 vs SeeFutility: 591 - 634 - 782  [0.489] 2007
Started game 2020 of 10000 (SeeFutility vs SingularV2)
Finished game 2011 (SingularV2 vs SeeFutility): 1/2-1/2 {Draw by 3-fold repetition}
Score of SingularV2 vs SeeFutility: 591 - 634 - 783  [0.489] 2008
Started game 2021 of 10000 (SingularV2 vs SeeFutility)
Finished game 2002 (SeeFutility vs SingularV2): 0-1 {Black wins by adjudication}
Score of SingularV2 vs SeeFutility: 592 - 634 - 783  [0.490] 2009
Started game 2022 of 10000 (SeeFutility vs SingularV2)
Finished game 2008 (SeeFutility vs SingularV2): 0-1 {Black wins by adjudication}
Score of SingularV2 vs SeeFutility: 593 - 634 - 783  [0.490] 2010
Started game 2023 of 10000 (SingularV2 vs SeeFutility)
Finished game 2009 (SingularV2 vs SeeFutility): 0-1 {Black wins by adjudication}
Score of SingularV2 vs SeeFutility: 593 - 635 - 783  [0.490] 2011
Started game 2024 of 10000 (SeeFutility vs SingularV2)
Finished game 2013 (SingularV2 vs SeeFutility): 1-0 {White wins by adjudication}
Score of SingularV2 vs SeeFutility: 594 - 635 - 783  [0.490] 2012
Started game 2025 of 10000 (SingularV2 vs SeeFutility)
Finished game 2015 (SingularV2 vs SeeFutility): 0-1 {Black wins by adjudication}
Score of SingularV2 vs SeeFutility: 594 - 636 - 783  [0.490] 2013
Started game 2026 of 10000 (SeeFutility vs SingularV2)
Finished game 2018 (SeeFutility vs SingularV2): 1-0 {White wins by adjudication}
Score of SingularV2 vs SeeFutility: 594 - 637 - 783  [0.489] 2014
Started game 2027 of 10000 (SingularV2 vs SeeFutility)
Finished game 2014 (SeeFutility vs SingularV2): 1-0 {White wins by adjudication}
Score of SingularV2 vs SeeFutility: 594 - 638 - 783  [0.489] 2015
Started game 2028 of 10000 (SeeFutility vs SingularV2)
Finished game 2012 (SeeFutility vs SingularV2): 1/2-1/2 {Draw by fifty moves rule}
Score of SingularV2 vs SeeFutility: 594 - 638 - 784  [0.489] 2016
Started game 2029 of 10000 (SingularV2 vs SeeFutility)
Finished game 2022 (SeeFutility vs SingularV2): 1/2-1/2 {Draw by 3-fold repetition}
Score of SingularV2 vs SeeFutility: 594 - 638 - 785  [0.489] 2017
Started game 2030 of 10000 (SeeFutility vs SingularV2)
Finished game 2016 (SeeFutility vs SingularV2): 1-0 {White wins by adjudication}
Score of SingularV2 vs SeeFutility: 594 - 639 - 785  [0.489] 2018
Started game 2031 of 10000 (SingularV2 vs SeeFutility)
Finished game 2020 (SeeFutility vs SingularV2): 0-1 {Black mates}
Score of SingularV2 vs SeeFutility: 595 - 639 - 785  [0.489] 2019
Started game 2032 of 10000 (SeeFutility vs SingularV2)
Finished game 2017 (SingularV2 vs SeeFutility): 1-0 {White wins by adjudication}
Score of SingularV2 vs SeeFutility: 596 - 639 - 785  [0.489] 2020
Started game 2033 of 10000 (SingularV2 vs SeeFutility)
Finished game 2019 (SingularV2 vs SeeFutility): 1/2-1/2 {Draw by adjudication}
Score of SingularV2 vs SeeFutility: 596 - 639 - 786  [0.489] 2021
Started game 2034 of 10000 (SeeFutility vs SingularV2)
Finished game 2023 (SingularV2 vs SeeFutility): 0-1 {Black wins by adjudication}
Score of SingularV2 vs SeeFutility: 596 - 640 - 786  [0.489] 2022
Started game 2035 of 10000 (SingularV2 vs SeeFutility)
Finished game 2024 (SeeFutility vs SingularV2): 1-0 {White wins by adjudication}
Score of SingularV2 vs SeeFutility: 596 - 641 - 786  [0.489] 2023
Started game 2036 of 10000 (SeeFutility vs SingularV2)
Finished game 2021 (SingularV2 vs SeeFutility): 1-0 {White wins by adjudication}
Score of SingularV2 vs SeeFutility: 597 - 641 - 786  [0.489] 2024
Started game 2037 of 10000 (SingularV2 vs SeeFutility)
Finished game 2026 (SeeFutility vs SingularV2): 1/2-1/2 {Draw by 3-fold repetition}
Score of SingularV2 vs SeeFutility: 597 - 641 - 787  [0.489] 2025
Started game 2038 of 10000 (SeeFutility vs SingularV2)
Finished game 2025 (SingularV2 vs SeeFutility): 1-0 {White wins by adjudication}
Score of SingularV2 vs SeeFutility: 598 - 641 - 787  [0.489] 2026
Started game 2039 of 10000 (SingularV2 vs SeeFutility)
Finished game 2027 (SingularV2 vs SeeFutility): 0-1 {Black wins by adjudication}
Score of SingularV2 vs SeeFutility: 598 - 642 - 787  [0.489] 2027
Started game 2040 of 10000 (SeeFutility vs SingularV2)
Finished game 2035 (SingularV2 vs SeeFutility): 1/2-1/2 {Draw by adjudication}
Score of SingularV2 vs SeeFutility: 598 - 642 - 788  [0.489] 2028
Started game 2041 of 10000 (SingularV2 vs SeeFutility)
Finished game 2029 (SingularV2 vs SeeFutility): 1-0 {White wins by adjudication}
Score of SingularV2 vs SeeFutility: 599 - 642 - 788  [0.489] 2029
Started game 2042 of 10000 (SeeFutility vs SingularV2)
Finished game 2033 (SingularV2 vs SeeFutility): 0-1 {Black wins by adjudication}
Score of SingularV2 vs SeeFutility: 599 - 643 - 788  [0.489] 2030
Started game 2043 of 10000 (SingularV2 vs SeeFutility)
Finished game 2034 (SeeFutility vs SingularV2): 1-0 {White wins by adjudication}
Score of SingularV2 vs SeeFutility: 599 - 644 - 788  [0.489] 2031
Started game 2044 of 10000 (SeeFutility vs SingularV2)
Finished game 2032 (SeeFutility vs SingularV2): 1-0 {White wins by adjudication}
Score of SingularV2 vs SeeFutility: 599 - 645 - 788  [0.489] 2032
Started game 2045 of 10000 (SingularV2 vs SeeFutility)
Finished game 2028 (SeeFutility vs SingularV2): 1-0 {White mates}
Score of SingularV2 vs SeeFutility: 599 - 646 - 788  [0.488] 2033
Started game 2046 of 10000 (SeeFutility vs SingularV2)
Finished game 2036 (SeeFutility vs SingularV2): 1-0 {White wins by adjudication}
Score of SingularV2 vs SeeFutility: 599 - 647 - 788  [0.488] 2034
Started game 2047 of 10000 (SingularV2 vs SeeFutility)
Finished game 2030 (SeeFutility vs SingularV2): 1/2-1/2 {Draw by 3-fold repetition}
Score of SingularV2 vs SeeFutility: 599 - 647 - 789  [0.488] 2035
Started game 2048 of 10000 (SeeFutility vs SingularV2)
Finished game 2037 (SingularV2 vs SeeFutility): 1-0 {White wins by adjudication}
Score of SingularV2 vs SeeFutility: 600 - 647 - 789  [0.488] 2036
Started game 2049 of 10000 (SingularV2 vs SeeFutility)
Finished game 2046 (SeeFutility vs SingularV2): 1/2-1/2 {Draw by 3-fold repetition}
Score of SingularV2 vs SeeFutility: 600 - 647 - 790  [0.488] 2037
Started game 2050 of 10000 (SeeFutility vs SingularV2)
Finished game 2031 (SingularV2 vs SeeFutility): 1/2-1/2 {Draw by insufficient mating material}
Score of SingularV2 vs SeeFutility: 600 - 647 - 791  [0.488] 2038
Started game 2051 of 10000 (SingularV2 vs SeeFutility)
Finished game 2038 (SeeFutility vs SingularV2): 1-0 {White wins by adjudication}
Score of SingularV2 vs SeeFutility: 600 - 648 - 791  [0.488] 2039
Started game 2052 of 10000 (SeeFutility vs SingularV2)
Finished game 2041 (SingularV2 vs SeeFutility): 1/2-1/2 {Draw by insufficient mating material}
Score of SingularV2 vs SeeFutility: 600 - 648 - 792  [0.488] 2040
Started game 2053 of 10000 (SingularV2 vs SeeFutility)
Finished game 2042 (SeeFutility vs SingularV2): 1/2-1/2 {Draw by insufficient mating material}
Score of SingularV2 vs SeeFutility: 600 - 648 - 793  [0.488] 2041
Started game 2054 of 10000 (SeeFutility vs SingularV2)
Finished game 2045 (SingularV2 vs SeeFutility): 1/2-1/2 {Draw by 3-fold repetition}
Score of SingularV2 vs SeeFutility: 600 - 648 - 794  [0.488] 2042
Started game 2055 of 10000 (SingularV2 vs SeeFutility)
Finished game 2039 (SingularV2 vs SeeFutility): 0-1 {Black wins by adjudication}
Score of SingularV2 vs SeeFutility: 600 - 649 - 794  [0.488] 2043
Started game 2056 of 10000 (SeeFutility vs SingularV2)
Finished game 2044 (SeeFutility vs SingularV2): 0-1 {Black wins by adjudication}
Score of SingularV2 vs SeeFutility: 601 - 649 - 794  [0.488] 2044
Started game 2057 of 10000 (SingularV2 vs SeeFutility)
Finished game 2043 (SingularV2 vs SeeFutility): 1-0 {White wins by adjudication}
Score of SingularV2 vs SeeFutility: 602 - 649 - 794  [0.489] 2045
Started game 2058 of 10000 (SeeFutility vs SingularV2)
Finished game 2047 (SingularV2 vs SeeFutility): 1-0 {White wins by adjudication}
Score of SingularV2 vs SeeFutility: 603 - 649 - 794  [0.489] 2046
Started game 2059 of 10000 (SingularV2 vs SeeFutility)
Finished game 2050 (SeeFutility vs SingularV2): 1-0 {White wins by adjudication}
Score of SingularV2 vs SeeFutility: 603 - 650 - 794  [0.489] 2047
Started game 2060 of 10000 (SeeFutility vs SingularV2)
Finished game 2040 (SeeFutility vs SingularV2): 1-0 {White wins by adjudication}
Score of SingularV2 vs SeeFutility: 603 - 651 - 794  [0.488] 2048
Started game 2061 of 10000 (SingularV2 vs SeeFutility)
Finished game 2048 (SeeFutility vs SingularV2): 1/2-1/2 {Draw by 3-fold repetition}
Score of SingularV2 vs SeeFutility: 603 - 651 - 795  [0.488] 2049
Started game 2062 of 10000 (SeeFutility vs SingularV2)
Finished game 2051 (SingularV2 vs SeeFutility): 1-0 {White wins by adjudication}
Score of SingularV2 vs SeeFutility: 604 - 651 - 795  [0.489] 2050
Started game 2063 of 10000 (SingularV2 vs SeeFutility)
Finished game 2053 (SingularV2 vs SeeFutility): 1-0 {White wins by adjudication}
Score of SingularV2 vs SeeFutility: 605 - 651 - 795  [0.489] 2051
Started game 2064 of 10000 (SeeFutility vs SingularV2)
Finished game 2049 (SingularV2 vs SeeFutility): 0-1 {Black wins by adjudication}
Score of SingularV2 vs SeeFutility: 605 - 652 - 795  [0.489] 2052
Started game 2065 of 10000 (SingularV2 vs SeeFutility)
Finished game 2052 (SeeFutility vs SingularV2): 1-0 {White wins by adjudication}
Score of SingularV2 vs SeeFutility: 605 - 653 - 795  [0.488] 2053
Started game 2066 of 10000 (SeeFutility vs SingularV2)
Finished game 2054 (SeeFutility vs SingularV2): 1-0 {White wins by adjudication}
Score of SingularV2 vs SeeFutility: 605 - 654 - 795  [0.488] 2054
Started game 2067 of 10000 (SingularV2 vs SeeFutility)
Finished game 2056 (SeeFutility vs SingularV2): 0-1 {Black wins by adjudication}
Score of SingularV2 vs SeeFutility: 606 - 654 - 795  [0.488] 2055
Started game 2068 of 10000 (SeeFutility vs SingularV2)
Finished game 2057 (SingularV2 vs SeeFutility): 1/2-1/2 {Draw by 3-fold repetition}
Score of SingularV2 vs SeeFutility: 606 - 654 - 796  [0.488] 2056
Started game 2069 of 10000 (SingularV2 vs SeeFutility)
Finished game 2058 (SeeFutility vs SingularV2): 1/2-1/2 {Draw by 3-fold repetition}
Score of SingularV2 vs SeeFutility: 606 - 654 - 797  [0.488] 2057
Started game 2070 of 10000 (SeeFutility vs SingularV2)
Finished game 2059 (SingularV2 vs SeeFutility): 1-0 {White wins by adjudication}
Score of SingularV2 vs SeeFutility: 607 - 654 - 797  [0.489] 2058
Started game 2071 of 10000 (SingularV2 vs SeeFutility)
Finished game 2064 (SeeFutility vs SingularV2): 1-0 {White wins by adjudication}
Score of SingularV2 vs SeeFutility: 607 - 655 - 797  [0.488] 2059
Started game 2072 of 10000 (SeeFutility vs SingularV2)
Finished game 2055 (SingularV2 vs SeeFutility): 1/2-1/2 {Draw by insufficient mating material}
Score of SingularV2 vs SeeFutility: 607 - 655 - 798  [0.488] 2060
Started game 2073 of 10000 (SingularV2 vs SeeFutility)
Finished game 2065 (SingularV2 vs SeeFutility): 1-0 {White wins by adjudication}
Score of SingularV2 vs SeeFutility: 608 - 655 - 798  [0.489] 2061
Started game 2074 of 10000 (SeeFutility vs SingularV2)
Finished game 2061 (SingularV2 vs SeeFutility): 1-0 {White wins by adjudication}
Score of SingularV2 vs SeeFutility: 609 - 655 - 798  [0.489] 2062
Started game 2075 of 10000 (SingularV2 vs SeeFutility)
Finished game 2062 (SeeFutility vs SingularV2): 1/2-1/2 {Draw by 3-fold repetition}
Score of SingularV2 vs SeeFutility: 609 - 655 - 799  [0.489] 2063
Started game 2076 of 10000 (SeeFutility vs SingularV2)
Finished game 2060 (SeeFutility vs SingularV2): 1/2-1/2 {Draw by insufficient mating material}
Score of SingularV2 vs SeeFutility: 609 - 655 - 800  [0.489] 2064
Started game 2077 of 10000 (SingularV2 vs SeeFutility)
Finished game 2063 (SingularV2 vs SeeFutility): 1-0 {White wins by adjudication}
Score of SingularV2 vs SeeFutility: 610 - 655 - 800  [0.489] 2065
Started game 2078 of 10000 (SeeFutility vs SingularV2)
Finished game 2068 (SeeFutility vs SingularV2): 0-1 {Black wins by adjudication}
Score of SingularV2 vs SeeFutility: 611 - 655 - 800  [0.489] 2066
Started game 2079 of 10000 (SingularV2 vs SeeFutility)
Finished game 2066 (SeeFutility vs SingularV2): 1-0 {White wins by adjudication}
Score of SingularV2 vs SeeFutility: 611 - 656 - 800  [0.489] 2067
Started game 2080 of 10000 (SeeFutility vs SingularV2)
Finished game 2070 (SeeFutility vs SingularV2): 1/2-1/2 {Draw by insufficient mating material}
Score of SingularV2 vs SeeFutility: 611 - 656 - 801  [0.489] 2068
Started game 2081 of 10000 (SingularV2 vs SeeFutility)
Finished game 2076 (SeeFutility vs SingularV2): 1/2-1/2 {Draw by 3-fold repetition}
Score of SingularV2 vs SeeFutility: 611 - 656 - 802  [0.489] 2069
Started game 2082 of 10000 (SeeFutility vs SingularV2)
Finished game 2067 (SingularV2 vs SeeFutility): 0-1 {Black wins by adjudication}
Score of SingularV2 vs SeeFutility: 611 - 657 - 802  [0.489] 2070
Started game 2083 of 10000 (SingularV2 vs SeeFutility)
Finished game 2073 (SingularV2 vs SeeFutility): 1/2-1/2 {Draw by adjudication}
Score of SingularV2 vs SeeFutility: 611 - 657 - 803  [0.489] 2071
Started game 2084 of 10000 (SeeFutility vs SingularV2)
Finished game 2069 (SingularV2 vs SeeFutility): 0-1 {Black wins by adjudication}
Score of SingularV2 vs SeeFutility: 611 - 658 - 803  [0.489] 2072
Started game 2085 of 10000 (SingularV2 vs SeeFutility)
Finished game 2078 (SeeFutility vs SingularV2): 1-0 {White wins by adjudication}
Score of SingularV2 vs SeeFutility: 611 - 659 - 803  [0.488] 2073
Started game 2086 of 10000 (SeeFutility vs SingularV2)
Finished game 2075 (SingularV2 vs SeeFutility): 1-0 {White wins by adjudication}
Score of SingularV2 vs SeeFutility: 612 - 659 - 803  [0.489] 2074
Started game 2087 of 10000 (SingularV2 vs SeeFutility)
Finished game 2072 (SeeFutility vs SingularV2): 1/2-1/2 {Draw by insufficient mating material}
Score of SingularV2 vs SeeFutility: 612 - 659 - 804  [0.489] 2075
Started game 2088 of 10000 (SeeFutility vs SingularV2)
Finished game 2071 (SingularV2 vs SeeFutility): 1/2-1/2 {Draw by insufficient mating material}
Score of SingularV2 vs SeeFutility: 612 - 659 - 805  [0.489] 2076
Started game 2089 of 10000 (SingularV2 vs SeeFutility)
Finished game 2074 (SeeFutility vs SingularV2): 0-1 {Black wins by adjudication}
Score of SingularV2 vs SeeFutility: 613 - 659 - 805  [0.489] 2077
Started game 2090 of 10000 (SeeFutility vs SingularV2)
Finished game 2077 (SingularV2 vs SeeFutility): 1-0 {White wins by adjudication}
Score of SingularV2 vs SeeFutility: 614 - 659 - 805  [0.489] 2078
Started game 2091 of 10000 (SingularV2 vs SeeFutility)
Finished game 2079 (SingularV2 vs SeeFutility): 0-1 {Black wins by adjudication}
Score of SingularV2 vs SeeFutility: 614 - 660 - 805  [0.489] 2079
Started game 2092 of 10000 (SeeFutility vs SingularV2)
Finished game 2080 (SeeFutility vs SingularV2): 0-1 {Black wins by adjudication}
Score of SingularV2 vs SeeFutility: 615 - 660 - 805  [0.489] 2080
Started game 2093 of 10000 (SingularV2 vs SeeFutility)
Finished game 2089 (SingularV2 vs SeeFutility): 1/2-1/2 {Draw by 3-fold repetition}
Score of SingularV2 vs SeeFutility: 615 - 660 - 806  [0.489] 2081
Started game 2094 of 10000 (SeeFutility vs SingularV2)
Finished game 2084 (SeeFutility vs SingularV2): 1-0 {White wins by adjudication}
Score of SingularV2 vs SeeFutility: 615 - 661 - 806  [0.489] 2082
Started game 2095 of 10000 (SingularV2 vs SeeFutility)
Finished game 2082 (SeeFutility vs SingularV2): 1-0 {White wins by adjudication}
Score of SingularV2 vs SeeFutility: 615 - 662 - 806  [0.489] 2083
Started game 2096 of 10000 (SeeFutility vs SingularV2)
Finished game 2085 (SingularV2 vs SeeFutility): 0-1 {Black wins by adjudication}
Score of SingularV2 vs SeeFutility: 615 - 663 - 806  [0.488] 2084
Started game 2097 of 10000 (SingularV2 vs SeeFutility)
Finished game 2081 (SingularV2 vs SeeFutility): 1/2-1/2 {Draw by 3-fold repetition}
Score of SingularV2 vs SeeFutility: 615 - 663 - 807  [0.488] 2085
Started game 2098 of 10000 (SeeFutility vs SingularV2)
Finished game 2090 (SeeFutility vs SingularV2): 1-0 {White wins by adjudication}
Score of SingularV2 vs SeeFutility: 615 - 664 - 807  [0.488] 2086
Started game 2099 of 10000 (SingularV2 vs SeeFutility)
Finished game 2083 (SingularV2 vs SeeFutility): 1-0 {White wins by adjudication}
Score of SingularV2 vs SeeFutility: 616 - 664 - 807  [0.489] 2087
Started game 2100 of 10000 (SeeFutility vs SingularV2)
Finished game 2088 (SeeFutility vs SingularV2): 1/2-1/2 {Draw by 3-fold repetition}
Score of SingularV2 vs SeeFutility: 616 - 664 - 808  [0.489] 2088
Started game 2101 of 10000 (SingularV2 vs SeeFutility)
Finished game 2087 (SingularV2 vs SeeFutility): 1-0 {White wins by adjudication}
Score of SingularV2 vs SeeFutility: 617 - 664 - 808  [0.489] 2089
Started game 2102 of 10000 (SeeFutility vs SingularV2)
Finished game 2086 (SeeFutility vs SingularV2): 1/2-1/2 {Draw by 3-fold repetition}
Score of SingularV2 vs SeeFutility: 617 - 664 - 809  [0.489] 2090
Started game 2103 of 10000 (SingularV2 vs SeeFutility)
Finished game 2102 (SeeFutility vs SingularV2): 1/2-1/2 {Draw by 3-fold repetition}
Score of SingularV2 vs SeeFutility: 617 - 664 - 810  [0.489] 2091
Started game 2104 of 10000 (SeeFutility vs SingularV2)
Finished game 2094 (SeeFutility vs SingularV2): 1/2-1/2 {Draw by 3-fold repetition}
Score of SingularV2 vs SeeFutility: 617 - 664 - 811  [0.489] 2092
Started game 2105 of 10000 (SingularV2 vs SeeFutility)
Finished game 2100 (SeeFutility vs SingularV2): 1-0 {White wins by adjudication}
Score of SingularV2 vs SeeFutility: 617 - 665 - 811  [0.489] 2093
Started game 2106 of 10000 (SeeFutility vs SingularV2)
Finished game 2096 (SeeFutility vs SingularV2): 1/2-1/2 {Draw by 3-fold repetition}
Score of SingularV2 vs SeeFutility: 617 - 665 - 812  [0.489] 2094
Started game 2107 of 10000 (SingularV2 vs SeeFutility)
Finished game 2101 (SingularV2 vs SeeFutility): 1/2-1/2 {Draw by 3-fold repetition}
Score of SingularV2 vs SeeFutility: 617 - 665 - 813  [0.489] 2095
Started game 2108 of 10000 (SeeFutility vs SingularV2)
Finished game 2091 (SingularV2 vs SeeFutility): 0-1 {Black wins by adjudication}
Score of SingularV2 vs SeeFutility: 617 - 666 - 813  [0.488] 2096
Started game 2109 of 10000 (SingularV2 vs SeeFutility)
Finished game 2095 (SingularV2 vs SeeFutility): 0-1 {Black wins by adjudication}
Score of SingularV2 vs SeeFutility: 617 - 667 - 813  [0.488] 2097
Started game 2110 of 10000 (SeeFutility vs SingularV2)
Finished game 2097 (SingularV2 vs SeeFutility): 0-1 {Black wins by adjudication}
Score of SingularV2 vs SeeFutility: 617 - 668 - 813  [0.488] 2098
Started game 2111 of 10000 (SingularV2 vs SeeFutility)
Finished game 2093 (SingularV2 vs SeeFutility): 1-0 {White wins by adjudication}
Score of SingularV2 vs SeeFutility: 618 - 668 - 813  [0.488] 2099
Started game 2112 of 10000 (SeeFutility vs SingularV2)
Finished game 2108 (SeeFutility vs SingularV2): 1/2-1/2 {Draw by 3-fold repetition}
Score of SingularV2 vs SeeFutility: 618 - 668 - 814  [0.488] 2100
Started game 2113 of 10000 (SingularV2 vs SeeFutility)
Finished game 2098 (SeeFutility vs SingularV2): 0-1 {Black wins by adjudication}
Score of SingularV2 vs SeeFutility: 619 - 668 - 814  [0.488] 2101
Started game 2114 of 10000 (SeeFutility vs SingularV2)
Finished game 2099 (SingularV2 vs SeeFutility): 1-0 {White wins by adjudication}
Score of SingularV2 vs SeeFutility: 620 - 668 - 814  [0.489] 2102
Started game 2115 of 10000 (SingularV2 vs SeeFutility)
Finished game 2103 (SingularV2 vs SeeFutility): 1-0 {White wins by adjudication}
Score of SingularV2 vs SeeFutility: 621 - 668 - 814  [0.489] 2103
Started game 2116 of 10000 (SeeFutility vs SingularV2)
Finished game 2107 (SingularV2 vs SeeFutility): 1/2-1/2 {Draw by 3-fold repetition}
Score of SingularV2 vs SeeFutility: 621 - 668 - 815  [0.489] 2104
Started game 2117 of 10000 (SingularV2 vs SeeFutility)
Finished game 2104 (SeeFutility vs SingularV2): 1-0 {White wins by adjudication}
Score of SingularV2 vs SeeFutility: 621 - 669 - 815  [0.489] 2105
Started game 2118 of 10000 (SeeFutility vs SingularV2)
Finished game 2112 (SeeFutility vs SingularV2): 0-1 {Black wins by adjudication}
Score of SingularV2 vs SeeFutility: 622 - 669 - 815  [0.489] 2106
Started game 2119 of 10000 (SingularV2 vs SeeFutility)
Finished game 2092 (SeeFutility vs SingularV2): 1/2-1/2 {Draw by insufficient mating material}
Score of SingularV2 vs SeeFutility: 622 - 669 - 816  [0.489] 2107
Started game 2120 of 10000 (SeeFutility vs SingularV2)
Finished game 2106 (SeeFutility vs SingularV2): 0-1 {Black wins by adjudication}
Score of SingularV2 vs SeeFutility: 623 - 669 - 816  [0.489] 2108
Started game 2121 of 10000 (SingularV2 vs SeeFutility)
Finished game 2105 (SingularV2 vs SeeFutility): 0-1 {Black wins by adjudication}
Score of SingularV2 vs SeeFutility: 623 - 670 - 816  [0.489] 2109
Started game 2122 of 10000 (SeeFutility vs SingularV2)
Finished game 2114 (SeeFutility vs SingularV2): 1-0 {White wins by adjudication}
Score of SingularV2 vs SeeFutility: 623 - 671 - 816  [0.489] 2110
Started game 2123 of 10000 (SingularV2 vs SeeFutility)
Finished game 2111 (SingularV2 vs SeeFutility): 1-0 {White wins by adjudication}
Score of SingularV2 vs SeeFutility: 624 - 671 - 816  [0.489] 2111
Started game 2124 of 10000 (SeeFutility vs SingularV2)
Finished game 2110 (SeeFutility vs SingularV2): 1/2-1/2 {Draw by insufficient mating material}
Score of SingularV2 vs SeeFutility: 624 - 671 - 817  [0.489] 2112
Started game 2125 of 10000 (SingularV2 vs SeeFutility)
Finished game 2115 (SingularV2 vs SeeFutility): 1/2-1/2 {Draw by 3-fold repetition}
Score of SingularV2 vs SeeFutility: 624 - 671 - 818  [0.489] 2113
Started game 2126 of 10000 (SeeFutility vs SingularV2)
Finished game 2113 (SingularV2 vs SeeFutility): 1/2-1/2 {Draw by 3-fold repetition}
Score of SingularV2 vs SeeFutility: 624 - 671 - 819  [0.489] 2114
Started game 2127 of 10000 (SingularV2 vs SeeFutility)
Finished game 2117 (SingularV2 vs SeeFutility): 1-0 {White wins by adjudication}
Score of SingularV2 vs SeeFutility: 625 - 671 - 819  [0.489] 2115
Started game 2128 of 10000 (SeeFutility vs SingularV2)
Finished game 2118 (SeeFutility vs SingularV2): 1-0 {White wins by adjudication}
Score of SingularV2 vs SeeFutility: 625 - 672 - 819  [0.489] 2116
Started game 2129 of 10000 (SingularV2 vs SeeFutility)
Finished game 2116 (SeeFutility vs SingularV2): 1-0 {White wins by adjudication}
Score of SingularV2 vs SeeFutility: 625 - 673 - 819  [0.489] 2117
Started game 2130 of 10000 (SeeFutility vs SingularV2)
Finished game 2109 (SingularV2 vs SeeFutility): 0-1 {Black wins by adjudication}
Score of SingularV2 vs SeeFutility: 625 - 674 - 819  [0.488] 2118
Started game 2131 of 10000 (SingularV2 vs SeeFutility)
Finished game 2120 (SeeFutility vs SingularV2): 1-0 {White wins by adjudication}
Score of SingularV2 vs SeeFutility: 625 - 675 - 819  [0.488] 2119
Started game 2132 of 10000 (SeeFutility vs SingularV2)
Finished game 2121 (SingularV2 vs SeeFutility): 1/2-1/2 {Draw by 3-fold repetition}
Score of SingularV2 vs SeeFutility: 625 - 675 - 820  [0.488] 2120
Started game 2133 of 10000 (SingularV2 vs SeeFutility)
Finished game 2123 (SingularV2 vs SeeFutility): 1-0 {White wins by adjudication}
Score of SingularV2 vs SeeFutility: 626 - 675 - 820  [0.488] 2121
Started game 2134 of 10000 (SeeFutility vs SingularV2)
Finished game 2119 (SingularV2 vs SeeFutility): 1-0 {White wins by adjudication}
Score of SingularV2 vs SeeFutility: 627 - 675 - 820  [0.489] 2122
Started game 2135 of 10000 (SingularV2 vs SeeFutility)
Finished game 2124 (SeeFutility vs SingularV2): 1-0 {White wins by adjudication}
Score of SingularV2 vs SeeFutility: 627 - 676 - 820  [0.488] 2123
Started game 2136 of 10000 (SeeFutility vs SingularV2)
Finished game 2126 (SeeFutility vs SingularV2): 0-1 {Black wins by adjudication}
Score of SingularV2 vs SeeFutility: 628 - 676 - 820  [0.489] 2124
Started game 2137 of 10000 (SingularV2 vs SeeFutility)
Finished game 2122 (SeeFutility vs SingularV2): 1-0 {White wins by adjudication}
Score of SingularV2 vs SeeFutility: 628 - 677 - 820  [0.488] 2125
Started game 2138 of 10000 (SeeFutility vs SingularV2)
Finished game 2127 (SingularV2 vs SeeFutility): 0-1 {Black wins by adjudication}
Score of SingularV2 vs SeeFutility: 628 - 678 - 820  [0.488] 2126
Started game 2139 of 10000 (SingularV2 vs SeeFutility)
Finished game 2135 (SingularV2 vs SeeFutility): 1/2-1/2 {Draw by adjudication}
Score of SingularV2 vs SeeFutility: 628 - 678 - 821  [0.488] 2127
Started game 2140 of 10000 (SeeFutility vs SingularV2)
Finished game 2128 (SeeFutility vs SingularV2): 0-1 {Black wins by adjudication}
Score of SingularV2 vs SeeFutility: 629 - 678 - 821  [0.488] 2128
Started game 2141 of 10000 (SingularV2 vs SeeFutility)
Finished game 2129 (SingularV2 vs SeeFutility): 0-1 {Black wins by adjudication}
Score of SingularV2 vs SeeFutility: 629 - 679 - 821  [0.488] 2129
Started game 2142 of 10000 (SeeFutility vs SingularV2)
Finished game 2125 (SingularV2 vs SeeFutility): 1/2-1/2 {Draw by fifty moves rule}
Score of SingularV2 vs SeeFutility: 629 - 679 - 822  [0.488] 2130
Started game 2143 of 10000 (SingularV2 vs SeeFutility)
Finished game 2136 (SeeFutility vs SingularV2): 1/2-1/2 {Draw by 3-fold repetition}
Score of SingularV2 vs SeeFutility: 629 - 679 - 823  [0.488] 2131
Started game 2144 of 10000 (SeeFutility vs SingularV2)
Finished game 2131 (SingularV2 vs SeeFutility): 0-1 {Black wins by adjudication}
Score of SingularV2 vs SeeFutility: 629 - 680 - 823  [0.488] 2132
Started game 2145 of 10000 (SingularV2 vs SeeFutility)
Finished game 2132 (SeeFutility vs SingularV2): 0-1 {Black wins by adjudication}
Score of SingularV2 vs SeeFutility: 630 - 680 - 823  [0.488] 2133
Started game 2146 of 10000 (SeeFutility vs SingularV2)
Finished game 2130 (SeeFutility vs SingularV2): 1/2-1/2 {Draw by stalemate}
Score of SingularV2 vs SeeFutility: 630 - 680 - 824  [0.488] 2134
Started game 2147 of 10000 (SingularV2 vs SeeFutility)
Finished game 2133 (SingularV2 vs SeeFutility): 0-1 {Black wins by adjudication}
Score of SingularV2 vs SeeFutility: 630 - 681 - 824  [0.488] 2135
Started game 2148 of 10000 (SeeFutility vs SingularV2)
Finished game 2134 (SeeFutility vs SingularV2): 1-0 {White wins by adjudication}
Score of SingularV2 vs SeeFutility: 630 - 682 - 824  [0.488] 2136
Started game 2149 of 10000 (SingularV2 vs SeeFutility)
Finished game 2137 (SingularV2 vs SeeFutility): 1/2-1/2 {Draw by insufficient mating material}
Score of SingularV2 vs SeeFutility: 630 - 682 - 825  [0.488] 2137
Started game 2150 of 10000 (SeeFutility vs SingularV2)
Finished game 2138 (SeeFutility vs SingularV2): 0-1 {Black wins by adjudication}
Score of SingularV2 vs SeeFutility: 631 - 682 - 825  [0.488] 2138
Started game 2151 of 10000 (SingularV2 vs SeeFutility)
Finished game 2139 (SingularV2 vs SeeFutility): 0-1 {Black wins by adjudication}
Score of SingularV2 vs SeeFutility: 631 - 683 - 825  [0.488] 2139
Started game 2152 of 10000 (SeeFutility vs SingularV2)
Finished game 2142 (SeeFutility vs SingularV2): 1-0 {White wins by adjudication}
Score of SingularV2 vs SeeFutility: 631 - 684 - 825  [0.488] 2140
Started game 2153 of 10000 (SingularV2 vs SeeFutility)
Finished game 2140 (SeeFutility vs SingularV2): 1-0 {White wins by adjudication}
Score of SingularV2 vs SeeFutility: 631 - 685 - 825  [0.487] 2141
Started game 2154 of 10000 (SeeFutility vs SingularV2)
Finished game 2141 (SingularV2 vs SeeFutility): 1/2-1/2 {Draw by adjudication}
Score of SingularV2 vs SeeFutility: 631 - 685 - 826  [0.487] 2142
Started game 2155 of 10000 (SingularV2 vs SeeFutility)
Finished game 2145 (SingularV2 vs SeeFutility): 1/2-1/2 {Draw by 3-fold repetition}
Score of SingularV2 vs SeeFutility: 631 - 685 - 827  [0.487] 2143
Started game 2156 of 10000 (SeeFutility vs SingularV2)
Finished game 2153 (SingularV2 vs SeeFutility): 1-0 {White wins by adjudication}
Score of SingularV2 vs SeeFutility: 632 - 685 - 827  [0.488] 2144
Started game 2157 of 10000 (SingularV2 vs SeeFutility)
Finished game 2143 (SingularV2 vs SeeFutility): 0-1 {Black wins by adjudication}
Score of SingularV2 vs SeeFutility: 632 - 686 - 827  [0.487] 2145
Started game 2158 of 10000 (SeeFutility vs SingularV2)
Finished game 2147 (SingularV2 vs SeeFutility): 0-1 {Black wins by adjudication}
Score of SingularV2 vs SeeFutility: 632 - 687 - 827  [0.487] 2146
Started game 2159 of 10000 (SingularV2 vs SeeFutility)
Finished game 2154 (SeeFutility vs SingularV2): 1-0 {White wins by adjudication}
Score of SingularV2 vs SeeFutility: 632 - 688 - 827  [0.487] 2147
Started game 2160 of 10000 (SeeFutility vs SingularV2)
Finished game 2146 (SeeFutility vs SingularV2): 1/2-1/2 {Draw by 3-fold repetition}
Score of SingularV2 vs SeeFutility: 632 - 688 - 828  [0.487] 2148
Started game 2161 of 10000 (SingularV2 vs SeeFutility)
Finished game 2148 (SeeFutility vs SingularV2): 1/2-1/2 {Draw by insufficient mating material}
Score of SingularV2 vs SeeFutility: 632 - 688 - 829  [0.487] 2149
Started game 2162 of 10000 (SeeFutility vs SingularV2)
Finished game 2149 (SingularV2 vs SeeFutility): 1-0 {White wins by adjudication}
Score of SingularV2 vs SeeFutility: 633 - 688 - 829  [0.487] 2150
Started game 2163 of 10000 (SingularV2 vs SeeFutility)
Finished game 2151 (SingularV2 vs SeeFutility): 0-1 {Black wins by adjudication}
Score of SingularV2 vs SeeFutility: 633 - 689 - 829  [0.487] 2151
Started game 2164 of 10000 (SeeFutility vs SingularV2)
Finished game 2144 (SeeFutility vs SingularV2): 0-1 {Black mates}
Score of SingularV2 vs SeeFutility: 634 - 689 - 829  [0.487] 2152
Started game 2165 of 10000 (SingularV2 vs SeeFutility)
Finished game 2156 (SeeFutility vs SingularV2): 1/2-1/2 {Draw by 3-fold repetition}
Score of SingularV2 vs SeeFutility: 634 - 689 - 830  [0.487] 2153
Started game 2166 of 10000 (SeeFutility vs SingularV2)
Finished game 2158 (SeeFutility vs SingularV2): 1/2-1/2 {Draw by 3-fold repetition}
Score of SingularV2 vs SeeFutility: 634 - 689 - 831  [0.487] 2154
Started game 2167 of 10000 (SingularV2 vs SeeFutility)
Finished game 2150 (SeeFutility vs SingularV2): 1-0 {White wins by adjudication}
Score of SingularV2 vs SeeFutility: 634 - 690 - 831  [0.487] 2155
Started game 2168 of 10000 (SeeFutility vs SingularV2)
Finished game 2164 (SeeFutility vs SingularV2): 1/2-1/2 {Draw by 3-fold repetition}
Score of SingularV2 vs SeeFutility: 634 - 690 - 832  [0.487] 2156
Started game 2169 of 10000 (SingularV2 vs SeeFutility)
Finished game 2152 (SeeFutility vs SingularV2): 1/2-1/2 {Draw by stalemate}
Score of SingularV2 vs SeeFutility: 634 - 690 - 833  [0.487] 2157
Started game 2170 of 10000 (SeeFutility vs SingularV2)
Finished game 2162 (SeeFutility vs SingularV2): 0-1 {Black wins by adjudication}
Score of SingularV2 vs SeeFutility: 635 - 690 - 833  [0.487] 2158
Started game 2171 of 10000 (SingularV2 vs SeeFutility)
Finished game 2159 (SingularV2 vs SeeFutility): 1-0 {White wins by adjudication}
Score of SingularV2 vs SeeFutility: 636 - 690 - 833  [0.487] 2159
Started game 2172 of 10000 (SeeFutility vs SingularV2)
Finished game 2157 (SingularV2 vs SeeFutility): 1/2-1/2 {Draw by adjudication}
Score of SingularV2 vs SeeFutility: 636 - 690 - 834  [0.487] 2160
Started game 2173 of 10000 (SingularV2 vs SeeFutility)
Finished game 2155 (SingularV2 vs SeeFutility): 1/2-1/2 {Draw by 3-fold repetition}
Score of SingularV2 vs SeeFutility: 636 - 690 - 835  [0.488] 2161
Started game 2174 of 10000 (SeeFutility vs SingularV2)
Finished game 2160 (SeeFutility vs SingularV2): 1/2-1/2 {Draw by 3-fold repetition}
Score of SingularV2 vs SeeFutility: 636 - 690 - 836  [0.488] 2162
Started game 2175 of 10000 (SingularV2 vs SeeFutility)
Finished game 2163 (SingularV2 vs SeeFutility): 1/2-1/2 {Draw by insufficient mating material}
Score of SingularV2 vs SeeFutility: 636 - 690 - 837  [0.488] 2163
Started game 2176 of 10000 (SeeFutility vs SingularV2)
Finished game 2161 (SingularV2 vs SeeFutility): 1-0 {White wins by adjudication}
Score of SingularV2 vs SeeFutility: 637 - 690 - 837  [0.488] 2164
Started game 2177 of 10000 (SingularV2 vs SeeFutility)
Finished game 2166 (SeeFutility vs SingularV2): 1-0 {White wins by adjudication}
Score of SingularV2 vs SeeFutility: 637 - 691 - 837  [0.488] 2165
Started game 2178 of 10000 (SeeFutility vs SingularV2)
Finished game 2168 (SeeFutility vs SingularV2): 1/2-1/2 {Draw by 3-fold repetition}
Score of SingularV2 vs SeeFutility: 637 - 691 - 838  [0.488] 2166
Started game 2179 of 10000 (SingularV2 vs SeeFutility)
Finished game 2173 (SingularV2 vs SeeFutility): 1/2-1/2 {Draw by adjudication}
Score of SingularV2 vs SeeFutility: 637 - 691 - 839  [0.488] 2167
Started game 2180 of 10000 (SeeFutility vs SingularV2)
Finished game 2167 (SingularV2 vs SeeFutility): 0-1 {Black wins by adjudication}
Score of SingularV2 vs SeeFutility: 637 - 692 - 839  [0.487] 2168
Started game 2181 of 10000 (SingularV2 vs SeeFutility)
Finished game 2174 (SeeFutility vs SingularV2): 1-0 {White wins by adjudication}
Score of SingularV2 vs SeeFutility: 637 - 693 - 839  [0.487] 2169
Started game 2182 of 10000 (SeeFutility vs SingularV2)
Finished game 2165 (SingularV2 vs SeeFutility): 1/2-1/2 {Draw by insufficient mating material}
Score of SingularV2 vs SeeFutility: 637 - 693 - 840  [0.487] 2170
Started game 2183 of 10000 (SingularV2 vs SeeFutility)
Finished game 2170 (SeeFutility vs SingularV2): 1/2-1/2 {Draw by adjudication}
Score of SingularV2 vs SeeFutility: 637 - 693 - 841  [0.487] 2171
Started game 2184 of 10000 (SeeFutility vs SingularV2)
Finished game 2172 (SeeFutility vs SingularV2): 1-0 {White wins by adjudication}
Score of SingularV2 vs SeeFutility: 637 - 694 - 841  [0.487] 2172
Started game 2185 of 10000 (SingularV2 vs SeeFutility)
Finished game 2169 (SingularV2 vs SeeFutility): 1/2-1/2 {Draw by fifty moves rule}
Score of SingularV2 vs SeeFutility: 637 - 694 - 842  [0.487] 2173
Started game 2186 of 10000 (SeeFutility vs SingularV2)
Finished game 2177 (SingularV2 vs SeeFutility): 0-1 {Black wins by adjudication}
Score of SingularV2 vs SeeFutility: 637 - 695 - 842  [0.487] 2174
Started game 2187 of 10000 (SingularV2 vs SeeFutility)
Finished game 2171 (SingularV2 vs SeeFutility): 1-0 {White wins by adjudication}
Score of SingularV2 vs SeeFutility: 638 - 695 - 842  [0.487] 2175
Started game 2188 of 10000 (SeeFutility vs SingularV2)
Finished game 2179 (SingularV2 vs SeeFutility): 1/2-1/2 {Draw by 3-fold repetition}
Score of SingularV2 vs SeeFutility: 638 - 695 - 843  [0.487] 2176
Started game 2189 of 10000 (SingularV2 vs SeeFutility)
Finished game 2176 (SeeFutility vs SingularV2): 1-0 {White wins by adjudication}
Score of SingularV2 vs SeeFutility: 638 - 696 - 843  [0.487] 2177
Started game 2190 of 10000 (SeeFutility vs SingularV2)
Finished game 2175 (SingularV2 vs SeeFutility): 1-0 {White wins by adjudication}
Score of SingularV2 vs SeeFutility: 639 - 696 - 843  [0.487] 2178
Started game 2191 of 10000 (SingularV2 vs SeeFutility)
Finished game 2184 (SeeFutility vs SingularV2): 1/2-1/2 {Draw by 3-fold repetition}
Score of SingularV2 vs SeeFutility: 639 - 696 - 844  [0.487] 2179
Started game 2192 of 10000 (SeeFutility vs SingularV2)
Finished game 2178 (SeeFutility vs SingularV2): 1-0 {White wins by adjudication}
Score of SingularV2 vs SeeFutility: 639 - 697 - 844  [0.487] 2180
Started game 2193 of 10000 (SingularV2 vs SeeFutility)
Finished game 2180 (SeeFutility vs SingularV2): 1/2-1/2 {Draw by 3-fold repetition}
Score of SingularV2 vs SeeFutility: 639 - 697 - 845  [0.487] 2181
Started game 2194 of 10000 (SeeFutility vs SingularV2)
Finished game 2187 (SingularV2 vs SeeFutility): 1-0 {White wins by adjudication}
Score of SingularV2 vs SeeFutility: 640 - 697 - 845  [0.487] 2182
Started game 2195 of 10000 (SingularV2 vs SeeFutility)
Finished game 2188 (SeeFutility vs SingularV2): 1-0 {White wins by adjudication}
Score of SingularV2 vs SeeFutility: 640 - 698 - 845  [0.487] 2183
Started game 2196 of 10000 (SeeFutility vs SingularV2)
Finished game 2183 (SingularV2 vs SeeFutility): 1-0 {White wins by adjudication}
Score of SingularV2 vs SeeFutility: 641 - 698 - 845  [0.487] 2184
Started game 2197 of 10000 (SingularV2 vs SeeFutility)
Finished game 2182 (SeeFutility vs SingularV2): 1-0 {White wins by adjudication}
Score of SingularV2 vs SeeFutility: 641 - 699 - 845  [0.487] 2185
Started game 2198 of 10000 (SeeFutility vs SingularV2)
Finished game 2186 (SeeFutility vs SingularV2): 1-0 {White wins by adjudication}
Score of SingularV2 vs SeeFutility: 641 - 700 - 845  [0.487] 2186
Started game 2199 of 10000 (SingularV2 vs SeeFutility)
Finished game 2189 (SingularV2 vs SeeFutility): 1/2-1/2 {Draw by insufficient mating material}
Score of SingularV2 vs SeeFutility: 641 - 700 - 846  [0.487] 2187
Started game 2200 of 10000 (SeeFutility vs SingularV2)
Finished game 2185 (SingularV2 vs SeeFutility): 1-0 {White wins by adjudication}
Score of SingularV2 vs SeeFutility: 642 - 700 - 846  [0.487] 2188
Started game 2201 of 10000 (SingularV2 vs SeeFutility)
Finished game 2190 (SeeFutility vs SingularV2): 1-0 {White wins by adjudication}
Score of SingularV2 vs SeeFutility: 642 - 701 - 846  [0.487] 2189
Started game 2202 of 10000 (SeeFutility vs SingularV2)
Finished game 2181 (SingularV2 vs SeeFutility): 1/2-1/2 {Draw by 3-fold repetition}
Score of SingularV2 vs SeeFutility: 642 - 701 - 847  [0.487] 2190
Started game 2203 of 10000 (SingularV2 vs SeeFutility)
Finished game 2192 (SeeFutility vs SingularV2): 1-0 {White wins by adjudication}
Score of SingularV2 vs SeeFutility: 642 - 702 - 847  [0.486] 2191
Started game 2204 of 10000 (SeeFutility vs SingularV2)
Finished game 2191 (SingularV2 vs SeeFutility): 1-0 {White wins by adjudication}
Score of SingularV2 vs SeeFutility: 643 - 702 - 847  [0.487] 2192
Started game 2205 of 10000 (SingularV2 vs SeeFutility)
Finished game 2195 (SingularV2 vs SeeFutility): 1/2-1/2 {Draw by 3-fold repetition}
Score of SingularV2 vs SeeFutility: 643 - 702 - 848  [0.487] 2193
Started game 2206 of 10000 (SeeFutility vs SingularV2)
Finished game 2196 (SeeFutility vs SingularV2): 1-0 {White wins by adjudication}
Score of SingularV2 vs SeeFutility: 643 - 703 - 848  [0.486] 2194
Started game 2207 of 10000 (SingularV2 vs SeeFutility)
Finished game 2199 (SingularV2 vs SeeFutility): 1/2-1/2 {Draw by 3-fold repetition}
Score of SingularV2 vs SeeFutility: 643 - 703 - 849  [0.486] 2195
Started game 2208 of 10000 (SeeFutility vs SingularV2)
Finished game 2194 (SeeFutility vs SingularV2): 1-0 {White wins by adjudication}
Score of SingularV2 vs SeeFutility: 643 - 704 - 849  [0.486] 2196
Started game 2209 of 10000 (SingularV2 vs SeeFutility)
Finished game 2193 (SingularV2 vs SeeFutility): 1/2-1/2 {Draw by insufficient mating material}
Score of SingularV2 vs SeeFutility: 643 - 704 - 850  [0.486] 2197
Started game 2210 of 10000 (SeeFutility vs SingularV2)
Finished game 2201 (SingularV2 vs SeeFutility): 1/2-1/2 {Draw by 3-fold repetition}
Score of SingularV2 vs SeeFutility: 643 - 704 - 851  [0.486] 2198
Started game 2211 of 10000 (SingularV2 vs SeeFutility)
Finished game 2198 (SeeFutility vs SingularV2): 0-1 {Black wins by adjudication}
Score of SingularV2 vs SeeFutility: 644 - 704 - 851  [0.486] 2199
Started game 2212 of 10000 (SeeFutility vs SingularV2)
Finished game 2200 (SeeFutility vs SingularV2): 1-0 {White wins by adjudication}
Score of SingularV2 vs SeeFutility: 644 - 705 - 851  [0.486] 2200
Started game 2213 of 10000 (SingularV2 vs SeeFutility)
Finished game 2202 (SeeFutility vs SingularV2): 0-1 {Black wins by adjudication}
Score of SingularV2 vs SeeFutility: 645 - 705 - 851  [0.486] 2201
Started game 2214 of 10000 (SeeFutility vs SingularV2)
Finished game 2197 (SingularV2 vs SeeFutility): 1-0 {White mates}
Score of SingularV2 vs SeeFutility: 646 - 705 - 851  [0.487] 2202
Started game 2215 of 10000 (SingularV2 vs SeeFutility)
Finished game 2205 (SingularV2 vs SeeFutility): 1/2-1/2 {Draw by 3-fold repetition}
Score of SingularV2 vs SeeFutility: 646 - 705 - 852  [0.487] 2203
Started game 2216 of 10000 (SeeFutility vs SingularV2)
Finished game 2203 (SingularV2 vs SeeFutility): 1/2-1/2 {Draw by 3-fold repetition}
Score of SingularV2 vs SeeFutility: 646 - 705 - 853  [0.487] 2204
Started game 2217 of 10000 (SingularV2 vs SeeFutility)
Finished game 2204 (SeeFutility vs SingularV2): 0-1 {Black wins by adjudication}
Score of SingularV2 vs SeeFutility: 647 - 705 - 853  [0.487] 2205
Started game 2218 of 10000 (SeeFutility vs SingularV2)
Finished game 2206 (SeeFutility vs SingularV2): 1-0 {White wins by adjudication}
Score of SingularV2 vs SeeFutility: 647 - 706 - 853  [0.487] 2206
Started game 2219 of 10000 (SingularV2 vs SeeFutility)
Finished game 2208 (SeeFutility vs SingularV2): 1/2-1/2 {Draw by insufficient mating material}
Score of SingularV2 vs SeeFutility: 647 - 706 - 854  [0.487] 2207
Started game 2220 of 10000 (SeeFutility vs SingularV2)
Finished game 2209 (SingularV2 vs SeeFutility): 0-1 {Black wins by adjudication}
Score of SingularV2 vs SeeFutility: 647 - 707 - 854  [0.486] 2208
Started game 2221 of 10000 (SingularV2 vs SeeFutility)
Finished game 2207 (SingularV2 vs SeeFutility): 0-1 {Black wins by adjudication}
Score of SingularV2 vs SeeFutility: 647 - 708 - 854  [0.486] 2209
Started game 2222 of 10000 (SeeFutility vs SingularV2)
Finished game 2211 (SingularV2 vs SeeFutility): 0-1 {Black wins by adjudication}
Score of SingularV2 vs SeeFutility: 647 - 709 - 854  [0.486] 2210
Started game 2223 of 10000 (SingularV2 vs SeeFutility)
Finished game 2217 (SingularV2 vs SeeFutility): 0-1 {Black wins by adjudication}
Score of SingularV2 vs SeeFutility: 647 - 710 - 854  [0.486] 2211
Started game 2224 of 10000 (SeeFutility vs SingularV2)
Finished game 2210 (SeeFutility vs SingularV2): 1-0 {White wins by adjudication}
Score of SingularV2 vs SeeFutility: 647 - 711 - 854  [0.486] 2212
Started game 2225 of 10000 (SingularV2 vs SeeFutility)
Finished game 2213 (SingularV2 vs SeeFutility): 0-1 {Black wins by adjudication}
Score of SingularV2 vs SeeFutility: 647 - 712 - 854  [0.485] 2213
Started game 2226 of 10000 (SeeFutility vs SingularV2)
Finished game 2214 (SeeFutility vs SingularV2): 1-0 {White wins by adjudication}
Score of SingularV2 vs SeeFutility: 647 - 713 - 854  [0.485] 2214
Started game 2227 of 10000 (SingularV2 vs SeeFutility)
Finished game 2212 (SeeFutility vs SingularV2): 1-0 {White wins by adjudication}
Score of SingularV2 vs SeeFutility: 647 - 714 - 854  [0.485] 2215
Started game 2228 of 10000 (SeeFutility vs SingularV2)
Finished game 2215 (SingularV2 vs SeeFutility): 1-0 {White mates}
Score of SingularV2 vs SeeFutility: 648 - 714 - 854  [0.485] 2216
Started game 2229 of 10000 (SingularV2 vs SeeFutility)
Finished game 2216 (SeeFutility vs SingularV2): 1/2-1/2 {Draw by insufficient mating material}
Score of SingularV2 vs SeeFutility: 648 - 714 - 855  [0.485] 2217
Started game 2230 of 10000 (SeeFutility vs SingularV2)
Finished game 2218 (SeeFutility vs SingularV2): 1-0 {White wins by adjudication}
Score of SingularV2 vs SeeFutility: 648 - 715 - 855  [0.485] 2218
Started game 2231 of 10000 (SingularV2 vs SeeFutility)
Finished game 2221 (SingularV2 vs SeeFutility): 1/2-1/2 {Draw by 3-fold repetition}
Score of SingularV2 vs SeeFutility: 648 - 715 - 856  [0.485] 2219
Started game 2232 of 10000 (SeeFutility vs SingularV2)
Finished game 2220 (SeeFutility vs SingularV2): 1/2-1/2 {Draw by 3-fold repetition}
Score of SingularV2 vs SeeFutility: 648 - 715 - 857  [0.485] 2220
Started game 2233 of 10000 (SingularV2 vs SeeFutility)
Finished game 2219 (SingularV2 vs SeeFutility): 1/2-1/2 {Draw by 3-fold repetition}
Score of SingularV2 vs SeeFutility: 648 - 715 - 858  [0.485] 2221
Started game 2234 of 10000 (SeeFutility vs SingularV2)
Finished game 2228 (SeeFutility vs SingularV2): 1-0 {White wins by adjudication}
Score of SingularV2 vs SeeFutility: 648 - 716 - 858  [0.485] 2222
Started game 2235 of 10000 (SingularV2 vs SeeFutility)
Finished game 2222 (SeeFutility vs SingularV2): 0-1 {Black wins by adjudication}
Score of SingularV2 vs SeeFutility: 649 - 716 - 858  [0.485] 2223
Started game 2236 of 10000 (SeeFutility vs SingularV2)
Finished game 2224 (SeeFutility vs SingularV2): 1-0 {White wins by adjudication}
Score of SingularV2 vs SeeFutility: 649 - 717 - 858  [0.485] 2224
Started game 2237 of 10000 (SingularV2 vs SeeFutility)
Finished game 2225 (SingularV2 vs SeeFutility): 1/2-1/2 {Draw by insufficient mating material}
Score of SingularV2 vs SeeFutility: 649 - 717 - 859  [0.485] 2225
Started game 2238 of 10000 (SeeFutility vs SingularV2)
Finished game 2223 (SingularV2 vs SeeFutility): 0-1 {Black wins by adjudication}
Score of SingularV2 vs SeeFutility: 649 - 718 - 859  [0.485] 2226
Started game 2239 of 10000 (SingularV2 vs SeeFutility)
Finished game 2226 (SeeFutility vs SingularV2): 1/2-1/2 {Draw by 3-fold repetition}
Score of SingularV2 vs SeeFutility: 649 - 718 - 860  [0.485] 2227
Started game 2240 of 10000 (SeeFutility vs SingularV2)
Finished game 2227 (SingularV2 vs SeeFutility): 1/2-1/2 {Draw by 3-fold repetition}
Score of SingularV2 vs SeeFutility: 649 - 718 - 861  [0.485] 2228
Started game 2241 of 10000 (SingularV2 vs SeeFutility)
Finished game 2230 (SeeFutility vs SingularV2): 0-1 {Black wins by adjudication}
Score of SingularV2 vs SeeFutility: 650 - 718 - 861  [0.485] 2229
Started game 2242 of 10000 (SeeFutility vs SingularV2)
Finished game 2231 (SingularV2 vs SeeFutility): 1-0 {White wins by adjudication}
Score of SingularV2 vs SeeFutility: 651 - 718 - 861  [0.485] 2230
Started game 2243 of 10000 (SingularV2 vs SeeFutility)
Finished game 2233 (SingularV2 vs SeeFutility): 1-0 {White wins by adjudication}
Score of SingularV2 vs SeeFutility: 652 - 718 - 861  [0.485] 2231
Started game 2244 of 10000 (SeeFutility vs SingularV2)
Finished game 2232 (SeeFutility vs SingularV2): 0-1 {Black wins by adjudication}
Score of SingularV2 vs SeeFutility: 653 - 718 - 861  [0.485] 2232
Started game 2245 of 10000 (SingularV2 vs SeeFutility)
Finished game 2229 (SingularV2 vs SeeFutility): 1/2-1/2 {Draw by 3-fold repetition}
Score of SingularV2 vs SeeFutility: 653 - 718 - 862  [0.485] 2233
Started game 2246 of 10000 (SeeFutility vs SingularV2)
Finished game 2236 (SeeFutility vs SingularV2): 0-1 {Black wins by adjudication}
Score of SingularV2 vs SeeFutility: 654 - 718 - 862  [0.486] 2234
Started game 2247 of 10000 (SingularV2 vs SeeFutility)
Finished game 2235 (SingularV2 vs SeeFutility): 1-0 {White mates}
Score of SingularV2 vs SeeFutility: 655 - 718 - 862  [0.486] 2235
Started game 2248 of 10000 (SeeFutility vs SingularV2)
Finished game 2237 (SingularV2 vs SeeFutility): 0-1 {Black wins by adjudication}
Score of SingularV2 vs SeeFutility: 655 - 719 - 862  [0.486] 2236
Started game 2249 of 10000 (SingularV2 vs SeeFutility)
Finished game 2242 (SeeFutility vs SingularV2): 1-0 {White wins by adjudication}
Score of SingularV2 vs SeeFutility: 655 - 720 - 862  [0.485] 2237
Started game 2250 of 10000 (SeeFutility vs SingularV2)
Finished game 2240 (SeeFutility vs SingularV2): 1-0 {White wins by adjudication}
Score of SingularV2 vs SeeFutility: 655 - 721 - 862  [0.485] 2238
Started game 2251 of 10000 (SingularV2 vs SeeFutility)
Finished game 2239 (SingularV2 vs SeeFutility): 1-0 {White wins by adjudication}
Score of SingularV2 vs SeeFutility: 656 - 721 - 862  [0.485] 2239
Started game 2252 of 10000 (SeeFutility vs SingularV2)
Finished game 2238 (SeeFutility vs SingularV2): 1-0 {White wins by adjudication}
Score of SingularV2 vs SeeFutility: 656 - 722 - 862  [0.485] 2240
Started game 2253 of 10000 (SingularV2 vs SeeFutility)
Finished game 2241 (SingularV2 vs SeeFutility): 1/2-1/2 {Draw by 3-fold repetition}
Score of SingularV2 vs SeeFutility: 656 - 722 - 863  [0.485] 2241
Started game 2254 of 10000 (SeeFutility vs SingularV2)
Finished game 2243 (SingularV2 vs SeeFutility): 1/2-1/2 {Draw by insufficient mating material}
Score of SingularV2 vs SeeFutility: 656 - 722 - 864  [0.485] 2242
Started game 2255 of 10000 (SingularV2 vs SeeFutility)
Finished game 2244 (SeeFutility vs SingularV2): 1-0 {White wins by adjudication}
Score of SingularV2 vs SeeFutility: 656 - 723 - 864  [0.485] 2243
Started game 2256 of 10000 (SeeFutility vs SingularV2)
Finished game 2245 (SingularV2 vs SeeFutility): 1/2-1/2 {Draw by insufficient mating material}
Score of SingularV2 vs SeeFutility: 656 - 723 - 865  [0.485] 2244
Started game 2257 of 10000 (SingularV2 vs SeeFutility)
Finished game 2234 (SeeFutility vs SingularV2): 1/2-1/2 {Draw by 3-fold repetition}
Score of SingularV2 vs SeeFutility: 656 - 723 - 866  [0.485] 2245
Started game 2258 of 10000 (SeeFutility vs SingularV2)
Finished game 2248 (SeeFutility vs SingularV2): 1/2-1/2 {Draw by 3-fold repetition}
Score of SingularV2 vs SeeFutility: 656 - 723 - 867  [0.485] 2246
Started game 2259 of 10000 (SingularV2 vs SeeFutility)
Finished game 2246 (SeeFutility vs SingularV2): 0-1 {Black wins by adjudication}
Score of SingularV2 vs SeeFutility: 657 - 723 - 867  [0.485] 2247
Started game 2260 of 10000 (SeeFutility vs SingularV2)
Finished game 2247 (SingularV2 vs SeeFutility): 1-0 {White wins by adjudication}
Score of SingularV2 vs SeeFutility: 658 - 723 - 867  [0.486] 2248
Started game 2261 of 10000 (SingularV2 vs SeeFutility)
Finished game 2250 (SeeFutility vs SingularV2): 1-0 {White wins by adjudication}
Score of SingularV2 vs SeeFutility: 658 - 724 - 867  [0.485] 2249
Started game 2262 of 10000 (SeeFutility vs SingularV2)
Finished game 2253 (SingularV2 vs SeeFutility): 1-0 {White wins by adjudication}
Score of SingularV2 vs SeeFutility: 659 - 724 - 867  [0.486] 2250
Started game 2263 of 10000 (SingularV2 vs SeeFutility)
Finished game 2251 (SingularV2 vs SeeFutility): 1/2-1/2 {Draw by insufficient mating material}
Score of SingularV2 vs SeeFutility: 659 - 724 - 868  [0.486] 2251
Started game 2264 of 10000 (SeeFutility vs SingularV2)
Finished game 2254 (SeeFutility vs SingularV2): 1-0 {White wins by adjudication}
Score of SingularV2 vs SeeFutility: 659 - 725 - 868  [0.485] 2252
Started game 2265 of 10000 (SingularV2 vs SeeFutility)
Finished game 2252 (SeeFutility vs SingularV2): 0-1 {Black wins by adjudication}
Score of SingularV2 vs SeeFutility: 660 - 725 - 868  [0.486] 2253
Started game 2266 of 10000 (SeeFutility vs SingularV2)
Finished game 2262 (SeeFutility vs SingularV2): 1/2-1/2 {Draw by 3-fold repetition}
Score of SingularV2 vs SeeFutility: 660 - 725 - 869  [0.486] 2254
Started game 2267 of 10000 (SingularV2 vs SeeFutility)
Finished game 2258 (SeeFutility vs SingularV2): 1/2-1/2 {Draw by 3-fold repetition}
Score of SingularV2 vs SeeFutility: 660 - 725 - 870  [0.486] 2255
Started game 2268 of 10000 (SeeFutility vs SingularV2)
Finished game 2259 (SingularV2 vs SeeFutility): 1-0 {White wins by adjudication}
Score of SingularV2 vs SeeFutility: 661 - 725 - 870  [0.486] 2256
Started game 2269 of 10000 (SingularV2 vs SeeFutility)
Finished game 2257 (SingularV2 vs SeeFutility): 1-0 {White wins by adjudication}
Score of SingularV2 vs SeeFutility: 662 - 725 - 870  [0.486] 2257
Started game 2270 of 10000 (SeeFutility vs SingularV2)
Finished game 2249 (SingularV2 vs SeeFutility): 1/2-1/2 {Draw by insufficient mating material}
Score of SingularV2 vs SeeFutility: 662 - 725 - 871  [0.486] 2258
Started game 2271 of 10000 (SingularV2 vs SeeFutility)
Finished game 2265 (SingularV2 vs SeeFutility): 1/2-1/2 {Draw by 3-fold repetition}
Score of SingularV2 vs SeeFutility: 662 - 725 - 872  [0.486] 2259
Started game 2272 of 10000 (SeeFutility vs SingularV2)
Finished game 2255 (SingularV2 vs SeeFutility): 1-0 {White wins by adjudication}
Score of SingularV2 vs SeeFutility: 663 - 725 - 872  [0.486] 2260
Started game 2273 of 10000 (SingularV2 vs SeeFutility)
Finished game 2261 (SingularV2 vs SeeFutility): 1-0 {White wins by adjudication}
Score of SingularV2 vs SeeFutility: 664 - 725 - 872  [0.487] 2261
Started game 2274 of 10000 (SeeFutility vs SingularV2)
Finished game 2260 (SeeFutility vs SingularV2): 1-0 {White wins by adjudication}
Score of SingularV2 vs SeeFutility: 664 - 726 - 872  [0.486] 2262
Started game 2275 of 10000 (SingularV2 vs SeeFutility)
Finished game 2256 (SeeFutility vs SingularV2): 1/2-1/2 {Draw by fifty moves rule}
Score of SingularV2 vs SeeFutility: 664 - 726 - 873  [0.486] 2263
Started game 2276 of 10000 (SeeFutility vs SingularV2)
Finished game 2263 (SingularV2 vs SeeFutility): 1-0 {White wins by adjudication}
Score of SingularV2 vs SeeFutility: 665 - 726 - 873  [0.487] 2264
Started game 2277 of 10000 (SingularV2 vs SeeFutility)
Finished game 2266 (SeeFutility vs SingularV2): 1-0 {White wins by adjudication}
Score of SingularV2 vs SeeFutility: 665 - 727 - 873  [0.486] 2265
Started game 2278 of 10000 (SeeFutility vs SingularV2)
Finished game 2264 (SeeFutility vs SingularV2): 0-1 {Black wins by adjudication}
Score of SingularV2 vs SeeFutility: 666 - 727 - 873  [0.487] 2266
Started game 2279 of 10000 (SingularV2 vs SeeFutility)
Finished game 2270 (SeeFutility vs SingularV2): 0-1 {Black wins by adjudication}
Score of SingularV2 vs SeeFutility: 667 - 727 - 873  [0.487] 2267
Started game 2280 of 10000 (SeeFutility vs SingularV2)
Finished game 2268 (SeeFutility vs SingularV2): 0-1 {Black wins by adjudication}
Score of SingularV2 vs SeeFutility: 668 - 727 - 873  [0.487] 2268
Started game 2281 of 10000 (SingularV2 vs SeeFutility)
Finished game 2273 (SingularV2 vs SeeFutility): 1/2-1/2 {Draw by adjudication}
Score of SingularV2 vs SeeFutility: 668 - 727 - 874  [0.487] 2269
Started game 2282 of 10000 (SeeFutility vs SingularV2)
Finished game 2274 (SeeFutility vs SingularV2): 1/2-1/2 {Draw by 3-fold repetition}
Score of SingularV2 vs SeeFutility: 668 - 727 - 875  [0.487] 2270
Started game 2283 of 10000 (SingularV2 vs SeeFutility)
Finished game 2272 (SeeFutility vs SingularV2): 0-1 {Black wins by adjudication}
Score of SingularV2 vs SeeFutility: 669 - 727 - 875  [0.487] 2271
Started game 2284 of 10000 (SeeFutility vs SingularV2)
Finished game 2269 (SingularV2 vs SeeFutility): 1/2-1/2 {Draw by adjudication}
Score of SingularV2 vs SeeFutility: 669 - 727 - 876  [0.487] 2272
Started game 2285 of 10000 (SingularV2 vs SeeFutility)
Finished game 2271 (SingularV2 vs SeeFutility): 1/2-1/2 {Draw by 3-fold repetition}
Score of SingularV2 vs SeeFutility: 669 - 727 - 877  [0.487] 2273
Started game 2286 of 10000 (SeeFutility vs SingularV2)
Finished game 2267 (SingularV2 vs SeeFutility): 1/2-1/2 {Draw by adjudication}
Score of SingularV2 vs SeeFutility: 669 - 727 - 878  [0.487] 2274
Started game 2287 of 10000 (SingularV2 vs SeeFutility)
Finished game 2275 (SingularV2 vs SeeFutility): 0-1 {Black wins by adjudication}
Score of SingularV2 vs SeeFutility: 669 - 728 - 878  [0.487] 2275
Started game 2288 of 10000 (SeeFutility vs SingularV2)
Finished game 2278 (SeeFutility vs SingularV2): 0-1 {Black wins by adjudication}
Score of SingularV2 vs SeeFutility: 670 - 728 - 878  [0.487] 2276
Started game 2289 of 10000 (SingularV2 vs SeeFutility)
Finished game 2284 (SeeFutility vs SingularV2): 1/2-1/2 {Draw by 3-fold repetition}
Score of SingularV2 vs SeeFutility: 670 - 728 - 879  [0.487] 2277
Started game 2290 of 10000 (SeeFutility vs SingularV2)
Finished game 2279 (SingularV2 vs SeeFutility): 1/2-1/2 {Draw by adjudication}
Score of SingularV2 vs SeeFutility: 670 - 728 - 880  [0.487] 2278
Started game 2291 of 10000 (SingularV2 vs SeeFutility)
Finished game 2277 (SingularV2 vs SeeFutility): 1/2-1/2 {Draw by fifty moves rule}
Score of SingularV2 vs SeeFutility: 670 - 728 - 881  [0.487] 2279
Started game 2292 of 10000 (SeeFutility vs SingularV2)
Finished game 2281 (SingularV2 vs SeeFutility): 1-0 {White wins by adjudication}
Score of SingularV2 vs SeeFutility: 671 - 728 - 881  [0.487] 2280
Started game 2293 of 10000 (SingularV2 vs SeeFutility)
Finished game 2282 (SeeFutility vs SingularV2): 1-0 {White wins by adjudication}
Score of SingularV2 vs SeeFutility: 671 - 729 - 881  [0.487] 2281
Started game 2294 of 10000 (SeeFutility vs SingularV2)
Finished game 2287 (SingularV2 vs SeeFutility): 1-0 {White wins by adjudication}
Score of SingularV2 vs SeeFutility: 672 - 729 - 881  [0.488] 2282
Started game 2295 of 10000 (SingularV2 vs SeeFutility)
Finished game 2285 (SingularV2 vs SeeFutility): 1-0 {White wins by adjudication}
Score of SingularV2 vs SeeFutility: 673 - 729 - 881  [0.488] 2283
Started game 2296 of 10000 (SeeFutility vs SingularV2)
Finished game 2283 (SingularV2 vs SeeFutility): 0-1 {Black wins by adjudication}
Score of SingularV2 vs SeeFutility: 673 - 730 - 881  [0.488] 2284
Started game 2297 of 10000 (SingularV2 vs SeeFutility)
Finished game 2288 (SeeFutility vs SingularV2): 1/2-1/2 {Draw by 3-fold repetition}
Score of SingularV2 vs SeeFutility: 673 - 730 - 882  [0.488] 2285
Started game 2298 of 10000 (SeeFutility vs SingularV2)
Finished game 2280 (SeeFutility vs SingularV2): 0-1 {Black wins by adjudication}
Score of SingularV2 vs SeeFutility: 674 - 730 - 882  [0.488] 2286
Started game 2299 of 10000 (SingularV2 vs SeeFutility)
Finished game 2276 (SeeFutility vs SingularV2): 1/2-1/2 {Draw by fifty moves rule}
Score of SingularV2 vs SeeFutility: 674 - 730 - 883  [0.488] 2287
Started game 2300 of 10000 (SeeFutility vs SingularV2)
Finished game 2286 (SeeFutility vs SingularV2): 1-0 {White wins by adjudication}
Score of SingularV2 vs SeeFutility: 674 - 731 - 883  [0.488] 2288
Started game 2301 of 10000 (SingularV2 vs SeeFutility)
Finished game 2289 (SingularV2 vs SeeFutility): 1-0 {White wins by adjudication}
Score of SingularV2 vs SeeFutility: 675 - 731 - 883  [0.488] 2289
Started game 2302 of 10000 (SeeFutility vs SingularV2)
Finished game 2292 (SeeFutility vs SingularV2): 0-1 {Black wins by adjudication}
Score of SingularV2 vs SeeFutility: 676 - 731 - 883  [0.488] 2290
Started game 2303 of 10000 (SingularV2 vs SeeFutility)
Finished game 2290 (SeeFutility vs SingularV2): 1-0 {White wins by adjudication}
Score of SingularV2 vs SeeFutility: 676 - 732 - 883  [0.488] 2291
Started game 2304 of 10000 (SeeFutility vs SingularV2)
Finished game 2291 (SingularV2 vs SeeFutility): 1-0 {White wins by adjudication}
Score of SingularV2 vs SeeFutility: 677 - 732 - 883  [0.488] 2292
Started game 2305 of 10000 (SingularV2 vs SeeFutility)
Finished game 2294 (SeeFutility vs SingularV2): 0-1 {Black wins by adjudication}
Score of SingularV2 vs SeeFutility: 678 - 732 - 883  [0.488] 2293
Started game 2306 of 10000 (SeeFutility vs SingularV2)
Finished game 2293 (SingularV2 vs SeeFutility): 1/2-1/2 {Draw by adjudication}
Score of SingularV2 vs SeeFutility: 678 - 732 - 884  [0.488] 2294
Started game 2307 of 10000 (SingularV2 vs SeeFutility)
Finished game 2296 (SeeFutility vs SingularV2): 1/2-1/2 {Draw by adjudication}
Score of SingularV2 vs SeeFutility: 678 - 732 - 885  [0.488] 2295
Started game 2308 of 10000 (SeeFutility vs SingularV2)
Finished game 2295 (SingularV2 vs SeeFutility): 0-1 {Black wins by adjudication}
Score of SingularV2 vs SeeFutility: 678 - 733 - 885  [0.488] 2296
Started game 2309 of 10000 (SingularV2 vs SeeFutility)
Finished game 2299 (SingularV2 vs SeeFutility): 1-0 {White wins by adjudication}
Score of SingularV2 vs SeeFutility: 679 - 733 - 885  [0.488] 2297
Started game 2310 of 10000 (SeeFutility vs SingularV2)
Finished game 2300 (SeeFutility vs SingularV2): 1-0 {White wins by adjudication}
Score of SingularV2 vs SeeFutility: 679 - 734 - 885  [0.488] 2298
Started game 2311 of 10000 (SingularV2 vs SeeFutility)
Finished game 2297 (SingularV2 vs SeeFutility): 1/2-1/2 {Draw by 3-fold repetition}
Score of SingularV2 vs SeeFutility: 679 - 734 - 886  [0.488] 2299
Started game 2312 of 10000 (SeeFutility vs SingularV2)
Finished game 2298 (SeeFutility vs SingularV2): 1-0 {White wins by adjudication}
Score of SingularV2 vs SeeFutility: 679 - 735 - 886  [0.488] 2300
Started game 2313 of 10000 (SingularV2 vs SeeFutility)
Finished game 2301 (SingularV2 vs SeeFutility): 1/2-1/2 {Draw by adjudication}
Score of SingularV2 vs SeeFutility: 679 - 735 - 887  [0.488] 2301
Started game 2314 of 10000 (SeeFutility vs SingularV2)
Finished game 2308 (SeeFutility vs SingularV2): 1/2-1/2 {Draw by 3-fold repetition}
Score of SingularV2 vs SeeFutility: 679 - 735 - 888  [0.488] 2302
Started game 2315 of 10000 (SingularV2 vs SeeFutility)
Finished game 2302 (SeeFutility vs SingularV2): 0-1 {Black wins by adjudication}
Score of SingularV2 vs SeeFutility: 680 - 735 - 888  [0.488] 2303
Started game 2316 of 10000 (SeeFutility vs SingularV2)
Finished game 2304 (SeeFutility vs SingularV2): 1-0 {White wins by adjudication}
Score of SingularV2 vs SeeFutility: 680 - 736 - 888  [0.488] 2304
Started game 2317 of 10000 (SingularV2 vs SeeFutility)
Finished game 2303 (SingularV2 vs SeeFutility): 1-0 {White wins by adjudication}
Score of SingularV2 vs SeeFutility: 681 - 736 - 888  [0.488] 2305
Started game 2318 of 10000 (SeeFutility vs SingularV2)
Finished game 2305 (SingularV2 vs SeeFutility): 0-1 {Black wins by adjudication}
Score of SingularV2 vs SeeFutility: 681 - 737 - 888  [0.488] 2306
Started game 2319 of 10000 (SingularV2 vs SeeFutility)
Finished game 2307 (SingularV2 vs SeeFutility): 0-1 {Black wins by adjudication}
Score of SingularV2 vs SeeFutility: 681 - 738 - 888  [0.488] 2307
Started game 2320 of 10000 (SeeFutility vs SingularV2)
Finished game 2306 (SeeFutility vs SingularV2): 0-1 {Black wins by adjudication}
Score of SingularV2 vs SeeFutility: 682 - 738 - 888  [0.488] 2308
Started game 2321 of 10000 (SingularV2 vs SeeFutility)
Finished game 2314 (SeeFutility vs SingularV2): 1-0 {White wins by adjudication}
Score of SingularV2 vs SeeFutility: 682 - 739 - 888  [0.488] 2309
Started game 2322 of 10000 (SeeFutility vs SingularV2)
Finished game 2309 (SingularV2 vs SeeFutility): 1-0 {White wins by adjudication}
Score of SingularV2 vs SeeFutility: 683 - 739 - 888  [0.488] 2310
Started game 2323 of 10000 (SingularV2 vs SeeFutility)
Finished game 2310 (SeeFutility vs SingularV2): 1-0 {White wins by adjudication}
Score of SingularV2 vs SeeFutility: 683 - 740 - 888  [0.488] 2311
Started game 2324 of 10000 (SeeFutility vs SingularV2)
Finished game 2311 (SingularV2 vs SeeFutility): 0-1 {Black wins by adjudication}
Score of SingularV2 vs SeeFutility: 683 - 741 - 888  [0.487] 2312
Started game 2325 of 10000 (SingularV2 vs SeeFutility)
Finished game 2312 (SeeFutility vs SingularV2): 1/2-1/2 {Draw by adjudication}
Score of SingularV2 vs SeeFutility: 683 - 741 - 889  [0.487] 2313
Started game 2326 of 10000 (SeeFutility vs SingularV2)
Finished game 2315 (SingularV2 vs SeeFutility): 1-0 {White wins by adjudication}
Score of SingularV2 vs SeeFutility: 684 - 741 - 889  [0.488] 2314
Started game 2327 of 10000 (SingularV2 vs SeeFutility)
Finished game 2319 (SingularV2 vs SeeFutility): 1-0 {White wins by adjudication}
Score of SingularV2 vs SeeFutility: 685 - 741 - 889  [0.488] 2315
Started game 2328 of 10000 (SeeFutility vs SingularV2)
Finished game 2316 (SeeFutility vs SingularV2): 1-0 {White wins by adjudication}
Score of SingularV2 vs SeeFutility: 685 - 742 - 889  [0.488] 2316
Started game 2329 of 10000 (SingularV2 vs SeeFutility)
Finished game 2313 (SingularV2 vs SeeFutility): 1/2-1/2 {Draw by fifty moves rule}
Score of SingularV2 vs SeeFutility: 685 - 742 - 890  [0.488] 2317
Started game 2330 of 10000 (SeeFutility vs SingularV2)
Finished game 2318 (SeeFutility vs SingularV2): 1-0 {White wins by adjudication}
Score of SingularV2 vs SeeFutility: 685 - 743 - 890  [0.487] 2318
Started game 2331 of 10000 (SingularV2 vs SeeFutility)
Finished game 2317 (SingularV2 vs SeeFutility): 1/2-1/2 {Draw by insufficient mating material}
Score of SingularV2 vs SeeFutility: 685 - 743 - 891  [0.487] 2319
Started game 2332 of 10000 (SeeFutility vs SingularV2)
Finished game 2321 (SingularV2 vs SeeFutility): 0-1 {Black wins by adjudication}
Score of SingularV2 vs SeeFutility: 685 - 744 - 891  [0.487] 2320
Started game 2333 of 10000 (SingularV2 vs SeeFutility)
Finished game 2322 (SeeFutility vs SingularV2): 1-0 {White wins by adjudication}
Score of SingularV2 vs SeeFutility: 685 - 745 - 891  [0.487] 2321
Started game 2334 of 10000 (SeeFutility vs SingularV2)
Finished game 2323 (SingularV2 vs SeeFutility): 0-1 {Black wins by adjudication}
Score of SingularV2 vs SeeFutility: 685 - 746 - 891  [0.487] 2322
Started game 2335 of 10000 (SingularV2 vs SeeFutility)
Finished game 2324 (SeeFutility vs SingularV2): 1-0 {White wins by adjudication}
Score of SingularV2 vs SeeFutility: 685 - 747 - 891  [0.487] 2323
Started game 2336 of 10000 (SeeFutility vs SingularV2)
Finished game 2320 (SeeFutility vs SingularV2): 1/2-1/2 {Draw by insufficient mating material}
Score of SingularV2 vs SeeFutility: 685 - 747 - 892  [0.487] 2324
Started game 2337 of 10000 (SingularV2 vs SeeFutility)
Finished game 2325 (SingularV2 vs SeeFutility): 1-0 {White wins by adjudication}
Score of SingularV2 vs SeeFutility: 686 - 747 - 892  [0.487] 2325
Started game 2338 of 10000 (SeeFutility vs SingularV2)
Finished game 2328 (SeeFutility vs SingularV2): 1/2-1/2 {Draw by 3-fold repetition}
Score of SingularV2 vs SeeFutility: 686 - 747 - 893  [0.487] 2326
Started game 2339 of 10000 (SingularV2 vs SeeFutility)
Finished game 2327 (SingularV2 vs SeeFutility): 0-1 {Black wins by adjudication}
Score of SingularV2 vs SeeFutility: 686 - 748 - 893  [0.487] 2327
Started game 2340 of 10000 (SeeFutility vs SingularV2)
Finished game 2329 (SingularV2 vs SeeFutility): 1/2-1/2 {Draw by 3-fold repetition}
Score of SingularV2 vs SeeFutility: 686 - 748 - 894  [0.487] 2328
Started game 2341 of 10000 (SingularV2 vs SeeFutility)
Finished game 2332 (SeeFutility vs SingularV2): 0-1 {Black wins by adjudication}
Score of SingularV2 vs SeeFutility: 687 - 748 - 894  [0.487] 2329
Started game 2342 of 10000 (SeeFutility vs SingularV2)
Finished game 2333 (SingularV2 vs SeeFutility): 0-1 {Black wins by adjudication}
Score of SingularV2 vs SeeFutility: 687 - 749 - 894  [0.487] 2330
Started game 2343 of 10000 (SingularV2 vs SeeFutility)
Finished game 2330 (SeeFutility vs SingularV2): 1-0 {White wins by adjudication}
Score of SingularV2 vs SeeFutility: 687 - 750 - 894  [0.486] 2331
Started game 2344 of 10000 (SeeFutility vs SingularV2)
Finished game 2339 (SingularV2 vs SeeFutility): 1/2-1/2 {Draw by 3-fold repetition}
Score of SingularV2 vs SeeFutility: 687 - 750 - 895  [0.486] 2332
Started game 2345 of 10000 (SingularV2 vs SeeFutility)
Finished game 2335 (SingularV2 vs SeeFutility): 0-1 {Black wins by adjudication}
Score of SingularV2 vs SeeFutility: 687 - 751 - 895  [0.486] 2333
Started game 2346 of 10000 (SeeFutility vs SingularV2)
Finished game 2334 (SeeFutility vs SingularV2): 1/2-1/2 {Draw by insufficient mating material}
Score of SingularV2 vs SeeFutility: 687 - 751 - 896  [0.486] 2334
Started game 2347 of 10000 (SingularV2 vs SeeFutility)
Finished game 2331 (SingularV2 vs SeeFutility): 1-0 {White wins by adjudication}
Score of SingularV2 vs SeeFutility: 688 - 751 - 896  [0.487] 2335
Started game 2348 of 10000 (SeeFutility vs SingularV2)
Finished game 2336 (SeeFutility vs SingularV2): 0-1 {Black wins by adjudication}
Score of SingularV2 vs SeeFutility: 689 - 751 - 896  [0.487] 2336
Started game 2349 of 10000 (SingularV2 vs SeeFutility)
Finished game 2326 (SeeFutility vs SingularV2): 1/2-1/2 {Draw by adjudication}
Score of SingularV2 vs SeeFutility: 689 - 751 - 897  [0.487] 2337
Started game 2350 of 10000 (SeeFutility vs SingularV2)
Finished game 2342 (SeeFutility vs SingularV2): 1/2-1/2 {Draw by adjudication}
Score of SingularV2 vs SeeFutility: 689 - 751 - 898  [0.487] 2338
Started game 2351 of 10000 (SingularV2 vs SeeFutility)
Finished game 2340 (SeeFutility vs SingularV2): 1-0 {White wins by adjudication}
Score of SingularV2 vs SeeFutility: 689 - 752 - 898  [0.487] 2339
Started game 2352 of 10000 (SeeFutility vs SingularV2)
Finished game 2344 (SeeFutility vs SingularV2): 1/2-1/2 {Draw by 3-fold repetition}
Score of SingularV2 vs SeeFutility: 689 - 752 - 899  [0.487] 2340
Started game 2353 of 10000 (SingularV2 vs SeeFutility)
Finished game 2346 (SeeFutility vs SingularV2): 1/2-1/2 {Draw by 3-fold repetition}
Score of SingularV2 vs SeeFutility: 689 - 752 - 900  [0.487] 2341
Started game 2354 of 10000 (SeeFutility vs SingularV2)
Finished game 2338 (SeeFutility vs SingularV2): 1/2-1/2 {Draw by adjudication}
Score of SingularV2 vs SeeFutility: 689 - 752 - 901  [0.487] 2342
Started game 2355 of 10000 (SingularV2 vs SeeFutility)
Finished game 2345 (SingularV2 vs SeeFutility): 1-0 {White wins by adjudication}
Score of SingularV2 vs SeeFutility: 690 - 752 - 901  [0.487] 2343
Started game 2356 of 10000 (SeeFutility vs SingularV2)
Finished game 2343 (SingularV2 vs SeeFutility): 1-0 {White wins by adjudication}
Score of SingularV2 vs SeeFutility: 691 - 752 - 901  [0.487] 2344
Started game 2357 of 10000 (SingularV2 vs SeeFutility)
Finished game 2337 (SingularV2 vs SeeFutility): 1/2-1/2 {Draw by insufficient mating material}
Score of SingularV2 vs SeeFutility: 691 - 752 - 902  [0.487] 2345
Started game 2358 of 10000 (SeeFutility vs SingularV2)
Finished game 2348 (SeeFutility vs SingularV2): 1/2-1/2 {Draw by adjudication}
Score of SingularV2 vs SeeFutility: 691 - 752 - 903  [0.487] 2346
Started game 2359 of 10000 (SingularV2 vs SeeFutility)
Finished game 2347 (SingularV2 vs SeeFutility): 0-1 {Black wins by adjudication}
Score of SingularV2 vs SeeFutility: 691 - 753 - 903  [0.487] 2347
Started game 2360 of 10000 (SeeFutility vs SingularV2)
Finished game 2353 (SingularV2 vs SeeFutility): 0-1 {Black wins by adjudication}
Score of SingularV2 vs SeeFutility: 691 - 754 - 903  [0.487] 2348
Started game 2361 of 10000 (SingularV2 vs SeeFutility)
Finished game 2352 (SeeFutility vs SingularV2): 1-0 {White wins by adjudication}
Score of SingularV2 vs SeeFutility: 691 - 755 - 903  [0.486] 2349
Started game 2362 of 10000 (SeeFutility vs SingularV2)
Finished game 2350 (SeeFutility vs SingularV2): 0-1 {Black wins by adjudication}
Score of SingularV2 vs SeeFutility: 692 - 755 - 903  [0.487] 2350
Started game 2363 of 10000 (SingularV2 vs SeeFutility)
Finished game 2351 (SingularV2 vs SeeFutility): 0-1 {Black wins by adjudication}
Score of SingularV2 vs SeeFutility: 692 - 756 - 903  [0.486] 2351
Started game 2364 of 10000 (SeeFutility vs SingularV2)
Finished game 2349 (SingularV2 vs SeeFutility): 1-0 {White wins by adjudication}
Score of SingularV2 vs SeeFutility: 693 - 756 - 903  [0.487] 2352
Started game 2365 of 10000 (SingularV2 vs SeeFutility)
Finished game 2341 (SingularV2 vs SeeFutility): 1/2-1/2 {Draw by fifty moves rule}
Score of SingularV2 vs SeeFutility: 693 - 756 - 904  [0.487] 2353
Started game 2366 of 10000 (SeeFutility vs SingularV2)
Finished game 2354 (SeeFutility vs SingularV2): 0-1 {Black wins by adjudication}
Score of SingularV2 vs SeeFutility: 694 - 756 - 904  [0.487] 2354
Started game 2367 of 10000 (SingularV2 vs SeeFutility)
Finished game 2358 (SeeFutility vs SingularV2): 1/2-1/2 {Draw by 3-fold repetition}
Score of SingularV2 vs SeeFutility: 694 - 756 - 905  [0.487] 2355
Started game 2368 of 10000 (SeeFutility vs SingularV2)
Finished game 2357 (SingularV2 vs SeeFutility): 1/2-1/2 {Draw by 3-fold repetition}
Score of SingularV2 vs SeeFutility: 694 - 756 - 906  [0.487] 2356
Started game 2369 of 10000 (SingularV2 vs SeeFutility)
Finished game 2366 (SeeFutility vs SingularV2): 1/2-1/2 {Draw by 3-fold repetition}
Score of SingularV2 vs SeeFutility: 694 - 756 - 907  [0.487] 2357
Started game 2370 of 10000 (SeeFutility vs SingularV2)
Finished game 2355 (SingularV2 vs SeeFutility): 1/2-1/2 {Draw by adjudication}
Score of SingularV2 vs SeeFutility: 694 - 756 - 908  [0.487] 2358
Started game 2371 of 10000 (SingularV2 vs SeeFutility)
Finished game 2356 (SeeFutility vs SingularV2): 0-1 {Black wins by adjudication}
Score of SingularV2 vs SeeFutility: 695 - 756 - 908  [0.487] 2359
Started game 2372 of 10000 (SeeFutility vs SingularV2)
Finished game 2360 (SeeFutility vs SingularV2): 0-1 {Black wins by adjudication}
Score of SingularV2 vs SeeFutility: 696 - 756 - 908  [0.487] 2360
Started game 2373 of 10000 (SingularV2 vs SeeFutility)
Finished game 2362 (SeeFutility vs SingularV2): 1/2-1/2 {Draw by 3-fold repetition}
Score of SingularV2 vs SeeFutility: 696 - 756 - 909  [0.487] 2361
Started game 2374 of 10000 (SeeFutility vs SingularV2)
Finished game 2359 (SingularV2 vs SeeFutility): 0-1 {Black wins by adjudication}
Score of SingularV2 vs SeeFutility: 696 - 757 - 909  [0.487] 2362
Started game 2375 of 10000 (SingularV2 vs SeeFutility)
Finished game 2363 (SingularV2 vs SeeFutility): 0-1 {Black wins by adjudication}
Score of SingularV2 vs SeeFutility: 696 - 758 - 909  [0.487] 2363
Started game 2376 of 10000 (SeeFutility vs SingularV2)
Finished game 2361 (SingularV2 vs SeeFutility): 1-0 {White wins by adjudication}
Score of SingularV2 vs SeeFutility: 697 - 758 - 909  [0.487] 2364
Started game 2377 of 10000 (SingularV2 vs SeeFutility)
Finished game 2365 (SingularV2 vs SeeFutility): 0-1 {Black wins by adjudication}
Score of SingularV2 vs SeeFutility: 697 - 759 - 909  [0.487] 2365
Started game 2378 of 10000 (SeeFutility vs SingularV2)
Finished game 2368 (SeeFutility vs SingularV2): 1/2-1/2 {Draw by adjudication}
Score of SingularV2 vs SeeFutility: 697 - 759 - 910  [0.487] 2366
Started game 2379 of 10000 (SingularV2 vs SeeFutility)
Finished game 2367 (SingularV2 vs SeeFutility): 1/2-1/2 {Draw by insufficient mating material}
Score of SingularV2 vs SeeFutility: 697 - 759 - 911  [0.487] 2367
Started game 2380 of 10000 (SeeFutility vs SingularV2)
Finished game 2370 (SeeFutility vs SingularV2): 1/2-1/2 {Draw by 3-fold repetition}
Score of SingularV2 vs SeeFutility: 697 - 759 - 912  [0.487] 2368
Started game 2381 of 10000 (SingularV2 vs SeeFutility)
Finished game 2364 (SeeFutility vs SingularV2): 1/2-1/2 {Draw by insufficient mating material}
Score of SingularV2 vs SeeFutility: 697 - 759 - 913  [0.487] 2369
Started game 2382 of 10000 (SeeFutility vs SingularV2)
Finished game 2369 (SingularV2 vs SeeFutility): 1-0 {White wins by adjudication}
Score of SingularV2 vs SeeFutility: 698 - 759 - 913  [0.487] 2370
Started game 2383 of 10000 (SingularV2 vs SeeFutility)
Finished game 2373 (SingularV2 vs SeeFutility): 1-0 {White wins by adjudication}
Score of SingularV2 vs SeeFutility: 699 - 759 - 913  [0.487] 2371
Started game 2384 of 10000 (SeeFutility vs SingularV2)
Finished game 2374 (SeeFutility vs SingularV2): 1/2-1/2 {Draw by adjudication}
Score of SingularV2 vs SeeFutility: 699 - 759 - 914  [0.487] 2372
Started game 2385 of 10000 (SingularV2 vs SeeFutility)
Finished game 2378 (SeeFutility vs SingularV2): 0-1 {Black wins by adjudication}
Score of SingularV2 vs SeeFutility: 700 - 759 - 914  [0.488] 2373
Started game 2386 of 10000 (SeeFutility vs SingularV2)
Finished game 2372 (SeeFutility vs SingularV2): 1/2-1/2 {Draw by adjudication}
Score of SingularV2 vs SeeFutility: 700 - 759 - 915  [0.488] 2374
Started game 2387 of 10000 (SingularV2 vs SeeFutility)
Finished game 2371 (SingularV2 vs SeeFutility): 0-1 {Black wins by adjudication}
Score of SingularV2 vs SeeFutility: 700 - 760 - 915  [0.487] 2375
Started game 2388 of 10000 (SeeFutility vs SingularV2)
Finished game 2375 (SingularV2 vs SeeFutility): 0-1 {Black wins by adjudication}
Score of SingularV2 vs SeeFutility: 700 - 761 - 915  [0.487] 2376
Started game 2389 of 10000 (SingularV2 vs SeeFutility)
Finished game 2382 (SeeFutility vs SingularV2): 1-0 {White wins by adjudication}
Score of SingularV2 vs SeeFutility: 700 - 762 - 915  [0.487] 2377
Started game 2390 of 10000 (SeeFutility vs SingularV2)
Finished game 2376 (SeeFutility vs SingularV2): 1-0 {White wins by adjudication}
Score of SingularV2 vs SeeFutility: 700 - 763 - 915  [0.487] 2378
Started game 2391 of 10000 (SingularV2 vs SeeFutility)
Finished game 2377 (SingularV2 vs SeeFutility): 1/2-1/2 {Draw by insufficient mating material}
Score of SingularV2 vs SeeFutility: 700 - 763 - 916  [0.487] 2379
Started game 2392 of 10000 (SeeFutility vs SingularV2)
Finished game 2380 (SeeFutility vs SingularV2): 0-1 {Black wins by adjudication}
Score of SingularV2 vs SeeFutility: 701 - 763 - 916  [0.487] 2380
Started game 2393 of 10000 (SingularV2 vs SeeFutility)
Finished game 2379 (SingularV2 vs SeeFutility): 0-1 {Black wins by adjudication}
Score of SingularV2 vs SeeFutility: 701 - 764 - 916  [0.487] 2381
Started game 2394 of 10000 (SeeFutility vs SingularV2)
Finished game 2383 (SingularV2 vs SeeFutility): 0-1 {Black wins by adjudication}
Score of SingularV2 vs SeeFutility: 701 - 765 - 916  [0.487] 2382
Started game 2395 of 10000 (SingularV2 vs SeeFutility)
Finished game 2381 (SingularV2 vs SeeFutility): 0-1 {Black wins by adjudication}
Score of SingularV2 vs SeeFutility: 701 - 766 - 916  [0.486] 2383
Started game 2396 of 10000 (SeeFutility vs SingularV2)
Finished game 2388 (SeeFutility vs SingularV2): 1/2-1/2 {Draw by 3-fold repetition}
Score of SingularV2 vs SeeFutility: 701 - 766 - 917  [0.486] 2384
Started game 2397 of 10000 (SingularV2 vs SeeFutility)
Finished game 2387 (SingularV2 vs SeeFutility): 0-1 {Black wins by adjudication}
Score of SingularV2 vs SeeFutility: 701 - 767 - 917  [0.486] 2385
Started game 2398 of 10000 (SeeFutility vs SingularV2)
Finished game 2390 (SeeFutility vs SingularV2): 1/2-1/2 {Draw by 3-fold repetition}
Score of SingularV2 vs SeeFutility: 701 - 767 - 918  [0.486] 2386
Started game 2399 of 10000 (SingularV2 vs SeeFutility)
Finished game 2386 (SeeFutility vs SingularV2): 1/2-1/2 {Draw by insufficient mating material}
Score of SingularV2 vs SeeFutility: 701 - 767 - 919  [0.486] 2387
Started game 2400 of 10000 (SeeFutility vs SingularV2)
Finished game 2384 (SeeFutility vs SingularV2): 1-0 {White wins by adjudication}
Score of SingularV2 vs SeeFutility: 701 - 768 - 919  [0.486] 2388
Started game 2401 of 10000 (SingularV2 vs SeeFutility)
Finished game 2391 (SingularV2 vs SeeFutility): 1/2-1/2 {Draw by adjudication}
Score of SingularV2 vs SeeFutility: 701 - 768 - 920  [0.486] 2389
Started game 2402 of 10000 (SeeFutility vs SingularV2)
Finished game 2385 (SingularV2 vs SeeFutility): 1/2-1/2 {Draw by 3-fold repetition}
Score of SingularV2 vs SeeFutility: 701 - 768 - 921  [0.486] 2390
Started game 2403 of 10000 (SingularV2 vs SeeFutility)
Finished game 2389 (SingularV2 vs SeeFutility): 0-1 {Black wins by adjudication}
Score of SingularV2 vs SeeFutility: 701 - 769 - 921  [0.486] 2391
Started game 2404 of 10000 (SeeFutility vs SingularV2)
Finished game 2395 (SingularV2 vs SeeFutility): 1-0 {White wins by adjudication}
Score of SingularV2 vs SeeFutility: 702 - 769 - 921  [0.486] 2392
Started game 2405 of 10000 (SingularV2 vs SeeFutility)
Finished game 2394 (SeeFutility vs SingularV2): 1-0 {White wins by adjudication}
Score of SingularV2 vs SeeFutility: 702 - 770 - 921  [0.486] 2393
Started game 2406 of 10000 (SeeFutility vs SingularV2)
Finished game 2399 (SingularV2 vs SeeFutility): 0-1 {Black wins by adjudication}
Score of SingularV2 vs SeeFutility: 702 - 771 - 921  [0.486] 2394
Started game 2407 of 10000 (SingularV2 vs SeeFutility)
Finished game 2398 (SeeFutility vs SingularV2): 1/2-1/2 {Draw by 3-fold repetition}
Score of SingularV2 vs SeeFutility: 702 - 771 - 922  [0.486] 2395
Started game 2408 of 10000 (SeeFutility vs SingularV2)
Finished game 2396 (SeeFutility vs SingularV2): 1-0 {White wins by adjudication}
Score of SingularV2 vs SeeFutility: 702 - 772 - 922  [0.485] 2396
Started game 2409 of 10000 (SingularV2 vs SeeFutility)
Finished game 2393 (SingularV2 vs SeeFutility): 0-1 {Black mates}
Score of SingularV2 vs SeeFutility: 702 - 773 - 922  [0.485] 2397
Started game 2410 of 10000 (SeeFutility vs SingularV2)
Finished game 2400 (SeeFutility vs SingularV2): 0-1 {Black wins by adjudication}
Score of SingularV2 vs SeeFutility: 703 - 773 - 922  [0.485] 2398
Started game 2411 of 10000 (SingularV2 vs SeeFutility)
Finished game 2397 (SingularV2 vs SeeFutility): 1/2-1/2 {Draw by 3-fold repetition}
Score of SingularV2 vs SeeFutility: 703 - 773 - 923  [0.485] 2399
Started game 2412 of 10000 (SeeFutility vs SingularV2)
Finished game 2404 (SeeFutility vs SingularV2): 1/2-1/2 {Draw by 3-fold repetition}
Score of SingularV2 vs SeeFutility: 703 - 773 - 924  [0.485] 2400
Started game 2413 of 10000 (SingularV2 vs SeeFutility)
Finished game 2392 (SeeFutility vs SingularV2): 0-1 {Black wins by adjudication}
Score of SingularV2 vs SeeFutility: 704 - 773 - 924  [0.486] 2401
Started game 2414 of 10000 (SeeFutility vs SingularV2)
Finished game 2402 (SeeFutility vs SingularV2): 1-0 {White wins by adjudication}
Score of SingularV2 vs SeeFutility: 704 - 774 - 924  [0.485] 2402
Started game 2415 of 10000 (SingularV2 vs SeeFutility)
Finished game 2405 (SingularV2 vs SeeFutility): 1/2-1/2 {Draw by 3-fold repetition}
Score of SingularV2 vs SeeFutility: 704 - 774 - 925  [0.485] 2403
Started game 2416 of 10000 (SeeFutility vs SingularV2)
Finished game 2406 (SeeFutility vs SingularV2): 1/2-1/2 {Draw by 3-fold repetition}
Score of SingularV2 vs SeeFutility: 704 - 774 - 926  [0.485] 2404
Started game 2417 of 10000 (SingularV2 vs SeeFutility)
Finished game 2403 (SingularV2 vs SeeFutility): 1/2-1/2 {Draw by insufficient mating material}
Score of SingularV2 vs SeeFutility: 704 - 774 - 927  [0.485] 2405
Started game 2418 of 10000 (SeeFutility vs SingularV2)
Finished game 2401 (SingularV2 vs SeeFutility): 1/2-1/2 {Draw by fifty moves rule}
Score of SingularV2 vs SeeFutility: 704 - 774 - 928  [0.485] 2406
Started game 2419 of 10000 (SingularV2 vs SeeFutility)
Finished game 2408 (SeeFutility vs SingularV2): 1/2-1/2 {Draw by adjudication}
Score of SingularV2 vs SeeFutility: 704 - 774 - 929  [0.485] 2407
Started game 2420 of 10000 (SeeFutility vs SingularV2)
Finished game 2411 (SingularV2 vs SeeFutility): 0-1 {Black wins by adjudication}
Score of SingularV2 vs SeeFutility: 704 - 775 - 929  [0.485] 2408
Started game 2421 of 10000 (SingularV2 vs SeeFutility)
Finished game 2413 (SingularV2 vs SeeFutility): 1-0 {White wins by adjudication}
Score of SingularV2 vs SeeFutility: 705 - 775 - 929  [0.485] 2409
Started game 2422 of 10000 (SeeFutility vs SingularV2)
Finished game 2410 (SeeFutility vs SingularV2): 1/2-1/2 {Draw by insufficient mating material}
Score of SingularV2 vs SeeFutility: 705 - 775 - 930  [0.485] 2410
Started game 2423 of 10000 (SingularV2 vs SeeFutility)
Finished game 2409 (SingularV2 vs SeeFutility): 1-0 {White wins by adjudication}
Score of SingularV2 vs SeeFutility: 706 - 775 - 930  [0.486] 2411
Started game 2424 of 10000 (SeeFutility vs SingularV2)
Finished game 2414 (SeeFutility vs SingularV2): 1-0 {White wins by adjudication}
Score of SingularV2 vs SeeFutility: 706 - 776 - 930  [0.485] 2412
Started game 2425 of 10000 (SingularV2 vs SeeFutility)
Finished game 2417 (SingularV2 vs SeeFutility): 1/2-1/2 {Draw by 3-fold repetition}
Score of SingularV2 vs SeeFutility: 706 - 776 - 931  [0.485] 2413
Started game 2426 of 10000 (SeeFutility vs SingularV2)
Finished game 2412 (SeeFutility vs SingularV2): 0-1 {Black wins by adjudication}
Score of SingularV2 vs SeeFutility: 707 - 776 - 931  [0.486] 2414
Started game 2427 of 10000 (SingularV2 vs SeeFutility)
Finished game 2418 (SeeFutility vs SingularV2): 1/2-1/2 {Draw by 3-fold repetition}
Score of SingularV2 vs SeeFutility: 707 - 776 - 932  [0.486] 2415
Started game 2428 of 10000 (SeeFutility vs SingularV2)
Finished game 2415 (SingularV2 vs SeeFutility): 0-1 {Black wins by adjudication}
Score of SingularV2 vs SeeFutility: 707 - 777 - 932  [0.486] 2416
Started game 2429 of 10000 (SingularV2 vs SeeFutility)
Finished game 2416 (SeeFutility vs SingularV2): 1-0 {White wins by adjudication}
Score of SingularV2 vs SeeFutility: 707 - 778 - 932  [0.485] 2417
Started game 2430 of 10000 (SeeFutility vs SingularV2)
Finished game 2419 (SingularV2 vs SeeFutility): 0-1 {Black wins by adjudication}
Score of SingularV2 vs SeeFutility: 707 - 779 - 932  [0.485] 2418
Started game 2431 of 10000 (SingularV2 vs SeeFutility)
Finished game 2407 (SingularV2 vs SeeFutility): 1/2-1/2 {Draw by fifty moves rule}
Score of SingularV2 vs SeeFutility: 707 - 779 - 933  [0.485] 2419
Started game 2432 of 10000 (SeeFutility vs SingularV2)
Finished game 2420 (SeeFutility vs SingularV2): 0-1 {Black wins by adjudication}
Score of SingularV2 vs SeeFutility: 708 - 779 - 933  [0.485] 2420
Started game 2433 of 10000 (SingularV2 vs SeeFutility)
Finished game 2422 (SeeFutility vs SingularV2): 0-1 {Black wins by adjudication}
Score of SingularV2 vs SeeFutility: 709 - 779 - 933  [0.486] 2421
Started game 2434 of 10000 (SeeFutility vs SingularV2)
Finished game 2423 (SingularV2 vs SeeFutility): 1-0 {White wins by adjudication}
Score of SingularV2 vs SeeFutility: 710 - 779 - 933  [0.486] 2422
Started game 2435 of 10000 (SingularV2 vs SeeFutility)
Finished game 2421 (SingularV2 vs SeeFutility): 1-0 {White wins by adjudication}
Score of SingularV2 vs SeeFutility: 711 - 779 - 933  [0.486] 2423
Started game 2436 of 10000 (SeeFutility vs SingularV2)
Finished game 2425 (SingularV2 vs SeeFutility): 1/2-1/2 {Draw by 3-fold repetition}
Score of SingularV2 vs SeeFutility: 711 - 779 - 934  [0.486] 2424
Started game 2437 of 10000 (SingularV2 vs SeeFutility)
Finished game 2424 (SeeFutility vs SingularV2): 1/2-1/2 {Draw by adjudication}
Score of SingularV2 vs SeeFutility: 711 - 779 - 935  [0.486] 2425
Started game 2438 of 10000 (SeeFutility vs SingularV2)
Finished game 2429 (SingularV2 vs SeeFutility): 1-0 {White wins by adjudication}
Score of SingularV2 vs SeeFutility: 712 - 779 - 935  [0.486] 2426
Started game 2439 of 10000 (SingularV2 vs SeeFutility)
Finished game 2426 (SeeFutility vs SingularV2): 1-0 {White wins by adjudication}
Score of SingularV2 vs SeeFutility: 712 - 780 - 935  [0.486] 2427
Started game 2440 of 10000 (SeeFutility vs SingularV2)
Finished game 2427 (SingularV2 vs SeeFutility): 1/2-1/2 {Draw by insufficient mating material}
Score of SingularV2 vs SeeFutility: 712 - 780 - 936  [0.486] 2428
Started game 2441 of 10000 (SingularV2 vs SeeFutility)
Finished game 2428 (SeeFutility vs SingularV2): 1-0 {White wins by adjudication}
Score of SingularV2 vs SeeFutility: 712 - 781 - 936  [0.486] 2429
Started game 2442 of 10000 (SeeFutility vs SingularV2)
Finished game 2430 (SeeFutility vs SingularV2): 1-0 {White wins by adjudication}
Score of SingularV2 vs SeeFutility: 712 - 782 - 936  [0.486] 2430
Started game 2443 of 10000 (SingularV2 vs SeeFutility)
Finished game 2431 (SingularV2 vs SeeFutility): 1/2-1/2 {Draw by adjudication}
Score of SingularV2 vs SeeFutility: 712 - 782 - 937  [0.486] 2431
Started game 2444 of 10000 (SeeFutility vs SingularV2)
Finished game 2436 (SeeFutility vs SingularV2): 0-1 {Black wins by adjudication}
Score of SingularV2 vs SeeFutility: 713 - 782 - 937  [0.486] 2432
Started game 2445 of 10000 (SingularV2 vs SeeFutility)
Finished game 2435 (SingularV2 vs SeeFutility): 0-1 {Black wins by adjudication}
Score of SingularV2 vs SeeFutility: 713 - 783 - 937  [0.486] 2433
Started game 2446 of 10000 (SeeFutility vs SingularV2)
Finished game 2434 (SeeFutility vs SingularV2): 1-0 {White wins by adjudication}
Score of SingularV2 vs SeeFutility: 713 - 784 - 937  [0.485] 2434
Started game 2447 of 10000 (SingularV2 vs SeeFutility)
Finished game 2432 (SeeFutility vs SingularV2): 1-0 {White wins by adjudication}
Score of SingularV2 vs SeeFutility: 713 - 785 - 937  [0.485] 2435
Started game 2448 of 10000 (SeeFutility vs SingularV2)
Finished game 2437 (SingularV2 vs SeeFutility): 1/2-1/2 {Draw by 3-fold repetition}
Score of SingularV2 vs SeeFutility: 713 - 785 - 938  [0.485] 2436
Started game 2449 of 10000 (SingularV2 vs SeeFutility)
Finished game 2438 (SeeFutility vs SingularV2): 0-1 {Black wins by adjudication}
Score of SingularV2 vs SeeFutility: 714 - 785 - 938  [0.485] 2437
Started game 2450 of 10000 (SeeFutility vs SingularV2)
Finished game 2439 (SingularV2 vs SeeFutility): 0-1 {Black wins by adjudication}
Score of SingularV2 vs SeeFutility: 714 - 786 - 938  [0.485] 2438
Started game 2451 of 10000 (SingularV2 vs SeeFutility)
Finished game 2441 (SingularV2 vs SeeFutility): 1/2-1/2 {Draw by adjudication}
Score of SingularV2 vs SeeFutility: 714 - 786 - 939  [0.485] 2439
Started game 2452 of 10000 (SeeFutility vs SingularV2)
Finished game 2440 (SeeFutility vs SingularV2): 1-0 {White wins by adjudication}
Score of SingularV2 vs SeeFutility: 714 - 787 - 939  [0.485] 2440
Started game 2453 of 10000 (SingularV2 vs SeeFutility)
Finished game 2442 (SeeFutility vs SingularV2): 1/2-1/2 {Draw by 3-fold repetition}
Score of SingularV2 vs SeeFutility: 714 - 787 - 940  [0.485] 2441
Started game 2454 of 10000 (SeeFutility vs SingularV2)
Finished game 2444 (SeeFutility vs SingularV2): 0-1 {Black wins by adjudication}
Score of SingularV2 vs SeeFutility: 715 - 787 - 940  [0.485] 2442
Started game 2455 of 10000 (SingularV2 vs SeeFutility)
Finished game 2433 (SingularV2 vs SeeFutility): 0-1 {Black wins by adjudication}
Score of SingularV2 vs SeeFutility: 715 - 788 - 940  [0.485] 2443
Started game 2456 of 10000 (SeeFutility vs SingularV2)
Finished game 2443 (SingularV2 vs SeeFutility): 1-0 {White wins by adjudication}
Score of SingularV2 vs SeeFutility: 716 - 788 - 940  [0.485] 2444
Started game 2457 of 10000 (SingularV2 vs SeeFutility)
Finished game 2445 (SingularV2 vs SeeFutility): 0-1 {Black wins by adjudication}
Score of SingularV2 vs SeeFutility: 716 - 789 - 940  [0.485] 2445
Started game 2458 of 10000 (SeeFutility vs SingularV2)
Finished game 2446 (SeeFutility vs SingularV2): 1/2-1/2 {Draw by insufficient mating material}
Score of SingularV2 vs SeeFutility: 716 - 789 - 941  [0.485] 2446
Started game 2459 of 10000 (SingularV2 vs SeeFutility)
Finished game 2447 (SingularV2 vs SeeFutility): 1-0 {White wins by adjudication}
Score of SingularV2 vs SeeFutility: 717 - 789 - 941  [0.485] 2447
Started game 2460 of 10000 (SeeFutility vs SingularV2)
Finished game 2448 (SeeFutility vs SingularV2): 1/2-1/2 {Draw by insufficient mating material}
Score of SingularV2 vs SeeFutility: 717 - 789 - 942  [0.485] 2448
Started game 2461 of 10000 (SingularV2 vs SeeFutility)
Finished game 2449 (SingularV2 vs SeeFutility): 0-1 {Black wins by adjudication}
Score of SingularV2 vs SeeFutility: 717 - 790 - 942  [0.485] 2449
Started game 2462 of 10000 (SeeFutility vs SingularV2)
Finished game 2451 (SingularV2 vs SeeFutility): 0-1 {Black wins by adjudication}
Score of SingularV2 vs SeeFutility: 717 - 791 - 942  [0.485] 2450
Started game 2463 of 10000 (SingularV2 vs SeeFutility)
Finished game 2453 (SingularV2 vs SeeFutility): 1-0 {White wins by adjudication}
Score of SingularV2 vs SeeFutility: 718 - 791 - 942  [0.485] 2451
Started game 2464 of 10000 (SeeFutility vs SingularV2)
Finished game 2454 (SeeFutility vs SingularV2): 1-0 {White wins by adjudication}
Score of SingularV2 vs SeeFutility: 718 - 792 - 942  [0.485] 2452
Started game 2465 of 10000 (SingularV2 vs SeeFutility)
Finished game 2456 (SeeFutility vs SingularV2): 1/2-1/2 {Draw by 3-fold repetition}
Score of SingularV2 vs SeeFutility: 718 - 792 - 943  [0.485] 2453
Started game 2466 of 10000 (SeeFutility vs SingularV2)
Finished game 2457 (SingularV2 vs SeeFutility): 0-1 {Black wins by adjudication}
Score of SingularV2 vs SeeFutility: 718 - 793 - 943  [0.485] 2454
Started game 2467 of 10000 (SingularV2 vs SeeFutility)
Finished game 2460 (SeeFutility vs SingularV2): 1/2-1/2 {Draw by adjudication}
Score of SingularV2 vs SeeFutility: 718 - 793 - 944  [0.485] 2455
Started game 2468 of 10000 (SeeFutility vs SingularV2)
Finished game 2455 (SingularV2 vs SeeFutility): 0-1 {Black wins by adjudication}
Score of SingularV2 vs SeeFutility: 718 - 794 - 944  [0.485] 2456
Started game 2469 of 10000 (SingularV2 vs SeeFutility)
Finished game 2450 (SeeFutility vs SingularV2): 0-1 {Black wins by adjudication}
Score of SingularV2 vs SeeFutility: 719 - 794 - 944  [0.485] 2457
Started game 2470 of 10000 (SeeFutility vs SingularV2)
Finished game 2458 (SeeFutility vs SingularV2): 1/2-1/2 {Draw by adjudication}
Score of SingularV2 vs SeeFutility: 719 - 794 - 945  [0.485] 2458
Started game 2471 of 10000 (SingularV2 vs SeeFutility)
Finished game 2464 (SeeFutility vs SingularV2): 1/2-1/2 {Draw by 3-fold repetition}
Score of SingularV2 vs SeeFutility: 719 - 794 - 946  [0.485] 2459
Started game 2472 of 10000 (SeeFutility vs SingularV2)
Finished game 2452 (SeeFutility vs SingularV2): 1/2-1/2 {Draw by fifty moves rule}
Score of SingularV2 vs SeeFutility: 719 - 794 - 947  [0.485] 2460
Started game 2473 of 10000 (SingularV2 vs SeeFutility)
Finished game 2461 (SingularV2 vs SeeFutility): 1-0 {White wins by adjudication}
Score of SingularV2 vs SeeFutility: 720 - 794 - 947  [0.485] 2461
Started game 2474 of 10000 (SeeFutility vs SingularV2)
Finished game 2462 (SeeFutility vs SingularV2): 1-0 {White mates}
Score of SingularV2 vs SeeFutility: 720 - 795 - 947  [0.485] 2462
Started game 2475 of 10000 (SingularV2 vs SeeFutility)
Finished game 2463 (SingularV2 vs SeeFutility): 1/2-1/2 {Draw by insufficient mating material}
Score of SingularV2 vs SeeFutility: 720 - 795 - 948  [0.485] 2463
Started game 2476 of 10000 (SeeFutility vs SingularV2)
Finished game 2465 (SingularV2 vs SeeFutility): 0-1 {Black wins by adjudication}
Score of SingularV2 vs SeeFutility: 720 - 796 - 948  [0.485] 2464
Started game 2477 of 10000 (SingularV2 vs SeeFutility)
Finished game 2466 (SeeFutility vs SingularV2): 1-0 {White wins by adjudication}
Score of SingularV2 vs SeeFutility: 720 - 797 - 948  [0.484] 2465
Started game 2478 of 10000 (SeeFutility vs SingularV2)
Finished game 2467 (SingularV2 vs SeeFutility): 0-1 {Black wins by adjudication}
Score of SingularV2 vs SeeFutility: 720 - 798 - 948  [0.484] 2466
Started game 2479 of 10000 (SingularV2 vs SeeFutility)
Finished game 2468 (SeeFutility vs SingularV2): 1-0 {White wins by adjudication}
Score of SingularV2 vs SeeFutility: 720 - 799 - 948  [0.484] 2467
Started game 2480 of 10000 (SeeFutility vs SingularV2)
Finished game 2459 (SingularV2 vs SeeFutility): 1/2-1/2 {Draw by fifty moves rule}
Score of SingularV2 vs SeeFutility: 720 - 799 - 949  [0.484] 2468
Started game 2481 of 10000 (SingularV2 vs SeeFutility)
Finished game 2471 (SingularV2 vs SeeFutility): 1/2-1/2 {Draw by insufficient mating material}
Score of SingularV2 vs SeeFutility: 720 - 799 - 950  [0.484] 2469
Started game 2482 of 10000 (SeeFutility vs SingularV2)
Finished game 2472 (SeeFutility vs SingularV2): 1-0 {White wins by adjudication}
Score of SingularV2 vs SeeFutility: 720 - 800 - 950  [0.484] 2470
Started game 2483 of 10000 (SingularV2 vs SeeFutility)
Finished game 2476 (SeeFutility vs SingularV2): 1-0 {White wins by adjudication}
Score of SingularV2 vs SeeFutility: 720 - 801 - 950  [0.484] 2471
Started game 2484 of 10000 (SeeFutility vs SingularV2)
Finished game 2470 (SeeFutility vs SingularV2): 1-0 {White wins by adjudication}
Score of SingularV2 vs SeeFutility: 720 - 802 - 950  [0.483] 2472
Started game 2485 of 10000 (SingularV2 vs SeeFutility)
Finished game 2474 (SeeFutility vs SingularV2): 1/2-1/2 {Draw by 3-fold repetition}
Score of SingularV2 vs SeeFutility: 720 - 802 - 951  [0.483] 2473
Started game 2486 of 10000 (SeeFutility vs SingularV2)
Finished game 2475 (SingularV2 vs SeeFutility): 1-0 {White wins by adjudication}
Score of SingularV2 vs SeeFutility: 721 - 802 - 951  [0.484] 2474
Started game 2487 of 10000 (SingularV2 vs SeeFutility)
Finished game 2469 (SingularV2 vs SeeFutility): 0-1 {Black wins by adjudication}
Score of SingularV2 vs SeeFutility: 721 - 803 - 951  [0.483] 2475
Started game 2488 of 10000 (SeeFutility vs SingularV2)
Finished game 2473 (SingularV2 vs SeeFutility): 1-0 {White wins by adjudication}
Score of SingularV2 vs SeeFutility: 722 - 803 - 951  [0.484] 2476
Started game 2489 of 10000 (SingularV2 vs SeeFutility)
Finished game 2478 (SeeFutility vs SingularV2): 1-0 {White wins by adjudication}
Score of SingularV2 vs SeeFutility: 722 - 804 - 951  [0.483] 2477
Started game 2490 of 10000 (SeeFutility vs SingularV2)
Finished game 2480 (SeeFutility vs SingularV2): 0-1 {Black wins by adjudication}
Score of SingularV2 vs SeeFutility: 723 - 804 - 951  [0.484] 2478
Started game 2491 of 10000 (SingularV2 vs SeeFutility)
Finished game 2477 (SingularV2 vs SeeFutility): 1-0 {White wins by adjudication}
Score of SingularV2 vs SeeFutility: 724 - 804 - 951  [0.484] 2479
Started game 2492 of 10000 (SeeFutility vs SingularV2)
Finished game 2482 (SeeFutility vs SingularV2): 1/2-1/2 {Draw by 3-fold repetition}
Score of SingularV2 vs SeeFutility: 724 - 804 - 952  [0.484] 2480
Started game 2493 of 10000 (SingularV2 vs SeeFutility)
Finished game 2479 (SingularV2 vs SeeFutility): 1/2-1/2 {Draw by adjudication}
Score of SingularV2 vs SeeFutility: 724 - 804 - 953  [0.484] 2481
Started game 2494 of 10000 (SeeFutility vs SingularV2)
Finished game 2488 (SeeFutility vs SingularV2): 1/2-1/2 {Draw by 3-fold repetition}
Score of SingularV2 vs SeeFutility: 724 - 804 - 954  [0.484] 2482
Started game 2495 of 10000 (SingularV2 vs SeeFutility)
Finished game 2483 (SingularV2 vs SeeFutility): 1/2-1/2 {Draw by insufficient mating material}
Score of SingularV2 vs SeeFutility: 724 - 804 - 955  [0.484] 2483
Started game 2496 of 10000 (SeeFutility vs SingularV2)
Finished game 2484 (SeeFutility vs SingularV2): 1-0 {White wins by adjudication}
Score of SingularV2 vs SeeFutility: 724 - 805 - 955  [0.484] 2484
Started game 2497 of 10000 (SingularV2 vs SeeFutility)
Finished game 2481 (SingularV2 vs SeeFutility): 1-0 {White wins by adjudication}
Score of SingularV2 vs SeeFutility: 725 - 805 - 955  [0.484] 2485
Started game 2498 of 10000 (SeeFutility vs SingularV2)
Finished game 2485 (SingularV2 vs SeeFutility): 1-0 {White wins by adjudication}
Score of SingularV2 vs SeeFutility: 726 - 805 - 955  [0.484] 2486
Started game 2499 of 10000 (SingularV2 vs SeeFutility)
Finished game 2486 (SeeFutility vs SingularV2): 1-0 {White wins by adjudication}
Score of SingularV2 vs SeeFutility: 726 - 806 - 955  [0.484] 2487
Started game 2500 of 10000 (SeeFutility vs SingularV2)
Finished game 2489 (SingularV2 vs SeeFutility): 0-1 {Black wins by adjudication}
Score of SingularV2 vs SeeFutility: 726 - 807 - 955  [0.484] 2488
Started game 2501 of 10000 (SingularV2 vs SeeFutility)
Finished game 2487 (SingularV2 vs SeeFutility): 1-0 {White wins by adjudication}
Score of SingularV2 vs SeeFutility: 727 - 807 - 955  [0.484] 2489
Started game 2502 of 10000 (SeeFutility vs SingularV2)
Finished game 2490 (SeeFutility vs SingularV2): 0-1 {Black wins by adjudication}
Score of SingularV2 vs SeeFutility: 728 - 807 - 955  [0.484] 2490
Started game 2503 of 10000 (SingularV2 vs SeeFutility)
Finished game 2495 (SingularV2 vs SeeFutility): 1-0 {White wins by adjudication}
Score of SingularV2 vs SeeFutility: 729 - 807 - 955  [0.484] 2491
Started game 2504 of 10000 (SeeFutility vs SingularV2)
Finished game 2494 (SeeFutility vs SingularV2): 1/2-1/2 {Draw by 3-fold repetition}
Score of SingularV2 vs SeeFutility: 729 - 807 - 956  [0.484] 2492
Started game 2505 of 10000 (SingularV2 vs SeeFutility)
Finished game 2492 (SeeFutility vs SingularV2): 0-1 {Black wins by adjudication}
Score of SingularV2 vs SeeFutility: 730 - 807 - 956  [0.485] 2493
Started game 2506 of 10000 (SeeFutility vs SingularV2)
Finished game 2497 (SingularV2 vs SeeFutility): 0-1 {Black wins by adjudication}
Score of SingularV2 vs SeeFutility: 730 - 808 - 956  [0.484] 2494
Started game 2507 of 10000 (SingularV2 vs SeeFutility)
Finished game 2498 (SeeFutility vs SingularV2): 1-0 {White wins by adjudication}
Score of SingularV2 vs SeeFutility: 730 - 809 - 956  [0.484] 2495
Started game 2508 of 10000 (SeeFutility vs SingularV2)
Finished game 2493 (SingularV2 vs SeeFutility): 1-0 {White wins by adjudication}
Score of SingularV2 vs SeeFutility: 731 - 809 - 956  [0.484] 2496
Started game 2509 of 10000 (SingularV2 vs SeeFutility)
Finished game 2496 (SeeFutility vs SingularV2): 1-0 {White wins by adjudication}
Score of SingularV2 vs SeeFutility: 731 - 810 - 956  [0.484] 2497
Started game 2510 of 10000 (SeeFutility vs SingularV2)
Finished game 2491 (SingularV2 vs SeeFutility): 0-1 {Black wins by adjudication}
Score of SingularV2 vs SeeFutility: 731 - 811 - 956  [0.484] 2498
Started game 2511 of 10000 (SingularV2 vs SeeFutility)
Finished game 2500 (SeeFutility vs SingularV2): 1-0 {White wins by adjudication}
Score of SingularV2 vs SeeFutility: 731 - 812 - 956  [0.484] 2499
Started game 2512 of 10000 (SeeFutility vs SingularV2)
Finished game 2499 (SingularV2 vs SeeFutility): 0-1 {Black wins by adjudication}
Score of SingularV2 vs SeeFutility: 731 - 813 - 956  [0.484] 2500
Started game 2513 of 10000 (SingularV2 vs SeeFutility)
Finished game 2502 (SeeFutility vs SingularV2): 0-1 {Black wins by adjudication}
Score of SingularV2 vs SeeFutility: 732 - 813 - 956  [0.484] 2501
Started game 2514 of 10000 (SeeFutility vs SingularV2)
Finished game 2501 (SingularV2 vs SeeFutility): 1/2-1/2 {Draw by adjudication}
Score of SingularV2 vs SeeFutility: 732 - 813 - 957  [0.484] 2502
Started game 2515 of 10000 (SingularV2 vs SeeFutility)
Finished game 2503 (SingularV2 vs SeeFutility): 1-0 {White wins by adjudication}
Score of SingularV2 vs SeeFutility: 733 - 813 - 957  [0.484] 2503
Started game 2516 of 10000 (SeeFutility vs SingularV2)
Finished game 2505 (SingularV2 vs SeeFutility): 0-1 {Black wins by adjudication}
Score of SingularV2 vs SeeFutility: 733 - 814 - 957  [0.484] 2504
Started game 2517 of 10000 (SingularV2 vs SeeFutility)
Finished game 2507 (SingularV2 vs SeeFutility): 0-1 {Black wins by adjudication}
Score of SingularV2 vs SeeFutility: 733 - 815 - 957  [0.484] 2505
Started game 2518 of 10000 (SeeFutility vs SingularV2)
Finished game 2506 (SeeFutility vs SingularV2): 1/2-1/2 {Draw by 3-fold repetition}
Score of SingularV2 vs SeeFutility: 733 - 815 - 958  [0.484] 2506
Started game 2519 of 10000 (SingularV2 vs SeeFutility)
Finished game 2512 (SeeFutility vs SingularV2): 1-0 {White wins by adjudication}
Score of SingularV2 vs SeeFutility: 733 - 816 - 958  [0.483] 2507
Started game 2520 of 10000 (SeeFutility vs SingularV2)
Finished game 2508 (SeeFutility vs SingularV2): 1-0 {White wins by adjudication}
Score of SingularV2 vs SeeFutility: 733 - 817 - 958  [0.483] 2508
Started game 2521 of 10000 (SingularV2 vs SeeFutility)
Finished game 2509 (SingularV2 vs SeeFutility): 0-1 {Black wins by adjudication}
Score of SingularV2 vs SeeFutility: 733 - 818 - 958  [0.483] 2509
Started game 2522 of 10000 (SeeFutility vs SingularV2)
Finished game 2504 (SeeFutility vs SingularV2): 1/2-1/2 {Draw by insufficient mating material}
Score of SingularV2 vs SeeFutility: 733 - 818 - 959  [0.483] 2510
Started game 2523 of 10000 (SingularV2 vs SeeFutility)
Finished game 2511 (SingularV2 vs SeeFutility): 0-1 {Black wins by adjudication}
Score of SingularV2 vs SeeFutility: 733 - 819 - 959  [0.483] 2511
Started game 2524 of 10000 (SeeFutility vs SingularV2)
Finished game 2513 (SingularV2 vs SeeFutility): 1-0 {White wins by adjudication}
Score of SingularV2 vs SeeFutility: 734 - 819 - 959  [0.483] 2512
Started game 2525 of 10000 (SingularV2 vs SeeFutility)
Finished game 2514 (SeeFutility vs SingularV2): 0-1 {Black wins by adjudication}
Score of SingularV2 vs SeeFutility: 735 - 819 - 959  [0.483] 2513
Started game 2526 of 10000 (SeeFutility vs SingularV2)
Finished game 2515 (SingularV2 vs SeeFutility): 0-1 {Black mates}
Score of SingularV2 vs SeeFutility: 735 - 820 - 959  [0.483] 2514
Started game 2527 of 10000 (SingularV2 vs SeeFutility)
Finished game 2516 (SeeFutility vs SingularV2): 1-0 {White wins by adjudication}
Score of SingularV2 vs SeeFutility: 735 - 821 - 959  [0.483] 2515
Started game 2528 of 10000 (SeeFutility vs SingularV2)
Finished game 2510 (SeeFutility vs SingularV2): 0-1 {Black wins by adjudication}
Score of SingularV2 vs SeeFutility: 736 - 821 - 959  [0.483] 2516
Started game 2529 of 10000 (SingularV2 vs SeeFutility)
Finished game 2517 (SingularV2 vs SeeFutility): 1/2-1/2 {Draw by 3-fold repetition}
Score of SingularV2 vs SeeFutility: 736 - 821 - 960  [0.483] 2517
Started game 2530 of 10000 (SeeFutility vs SingularV2)
Finished game 2522 (SeeFutility vs SingularV2): 1/2-1/2 {Draw by 3-fold repetition}
Score of SingularV2 vs SeeFutility: 736 - 821 - 961  [0.483] 2518
Started game 2531 of 10000 (SingularV2 vs SeeFutility)
Finished game 2520 (SeeFutility vs SingularV2): 1/2-1/2 {Draw by 3-fold repetition}
Score of SingularV2 vs SeeFutility: 736 - 821 - 962  [0.483] 2519
Started game 2532 of 10000 (SeeFutility vs SingularV2)
Finished game 2518 (SeeFutility vs SingularV2): 1-0 {White wins by adjudication}
Score of SingularV2 vs SeeFutility: 736 - 822 - 962  [0.483] 2520
Started game 2533 of 10000 (SingularV2 vs SeeFutility)
Finished game 2526 (SeeFutility vs SingularV2): 1/2-1/2 {Draw by 3-fold repetition}
Score of SingularV2 vs SeeFutility: 736 - 822 - 963  [0.483] 2521
Started game 2534 of 10000 (SeeFutility vs SingularV2)
Finished game 2531 (SingularV2 vs SeeFutility): 1/2-1/2 {Draw by 3-fold repetition}
Score of SingularV2 vs SeeFutility: 736 - 822 - 964  [0.483] 2522
Started game 2535 of 10000 (SingularV2 vs SeeFutility)
Finished game 2521 (SingularV2 vs SeeFutility): 1/2-1/2 {Draw by 3-fold repetition}
Score of SingularV2 vs SeeFutility: 736 - 822 - 965  [0.483] 2523
Started game 2536 of 10000 (SeeFutility vs SingularV2)
Finished game 2524 (SeeFutility vs SingularV2): 1/2-1/2 {Draw by 3-fold repetition}
Score of SingularV2 vs SeeFutility: 736 - 822 - 966  [0.483] 2524
Started game 2537 of 10000 (SingularV2 vs SeeFutility)
Finished game 2519 (SingularV2 vs SeeFutility): 1-0 {White wins by adjudication}
Score of SingularV2 vs SeeFutility: 737 - 822 - 966  [0.483] 2525
Started game 2538 of 10000 (SeeFutility vs SingularV2)
Finished game 2525 (SingularV2 vs SeeFutility): 1/2-1/2 {Draw by 3-fold repetition}
Score of SingularV2 vs SeeFutility: 737 - 822 - 967  [0.483] 2526
Started game 2539 of 10000 (SingularV2 vs SeeFutility)
Finished game 2523 (SingularV2 vs SeeFutility): 0-1 {Black wins by adjudication}
Score of SingularV2 vs SeeFutility: 737 - 823 - 967  [0.483] 2527
Started game 2540 of 10000 (SeeFutility vs SingularV2)
Finished game 2527 (SingularV2 vs SeeFutility): 1/2-1/2 {Draw by 3-fold repetition}
Score of SingularV2 vs SeeFutility: 737 - 823 - 968  [0.483] 2528
Started game 2541 of 10000 (SingularV2 vs SeeFutility)
Finished game 2530 (SeeFutility vs SingularV2): 1-0 {White wins by adjudication}
Score of SingularV2 vs SeeFutility: 737 - 824 - 968  [0.483] 2529
Started game 2542 of 10000 (SeeFutility vs SingularV2)
Finished game 2528 (SeeFutility vs SingularV2): 1/2-1/2 {Draw by 3-fold repetition}
Score of SingularV2 vs SeeFutility: 737 - 824 - 969  [0.483] 2530
Started game 2543 of 10000 (SingularV2 vs SeeFutility)
Finished game 2529 (SingularV2 vs SeeFutility): 0-1 {Black wins by adjudication}
Score of SingularV2 vs SeeFutility: 737 - 825 - 969  [0.483] 2531
Started game 2544 of 10000 (SeeFutility vs SingularV2)
Finished game 2533 (SingularV2 vs SeeFutility): 1-0 {White wins by adjudication}
Score of SingularV2 vs SeeFutility: 738 - 825 - 969  [0.483] 2532
Started game 2545 of 10000 (SingularV2 vs SeeFutility)
Finished game 2532 (SeeFutility vs SingularV2): 0-1 {Black wins by adjudication}
Score of SingularV2 vs SeeFutility: 739 - 825 - 969  [0.483] 2533
Started game 2546 of 10000 (SeeFutility vs SingularV2)
Finished game 2534 (SeeFutility vs SingularV2): 0-1 {Black wins by adjudication}
Score of SingularV2 vs SeeFutility: 740 - 825 - 969  [0.483] 2534
Started game 2547 of 10000 (SingularV2 vs SeeFutility)
Finished game 2539 (SingularV2 vs SeeFutility): 1/2-1/2 {Draw by 3-fold repetition}
Score of SingularV2 vs SeeFutility: 740 - 825 - 970  [0.483] 2535
Started game 2548 of 10000 (SeeFutility vs SingularV2)
Finished game 2536 (SeeFutility vs SingularV2): 0-1 {Black wins by adjudication}
Score of SingularV2 vs SeeFutility: 741 - 825 - 970  [0.483] 2536
Started game 2549 of 10000 (SingularV2 vs SeeFutility)
Finished game 2541 (SingularV2 vs SeeFutility): 1/2-1/2 {Draw by adjudication}
Score of SingularV2 vs SeeFutility: 741 - 825 - 971  [0.483] 2537
Started game 2550 of 10000 (SeeFutility vs SingularV2)
Finished game 2538 (SeeFutility vs SingularV2): 1-0 {White wins by adjudication}
Score of SingularV2 vs SeeFutility: 741 - 826 - 971  [0.483] 2538
Started game 2551 of 10000 (SingularV2 vs SeeFutility)
Finished game 2543 (SingularV2 vs SeeFutility): 0-1 {Black wins by adjudication}
Score of SingularV2 vs SeeFutility: 741 - 827 - 971  [0.483] 2539
Started game 2552 of 10000 (SeeFutility vs SingularV2)
Finished game 2537 (SingularV2 vs SeeFutility): 0-1 {Black wins by adjudication}
Score of SingularV2 vs SeeFutility: 741 - 828 - 971  [0.483] 2540
Started game 2553 of 10000 (SingularV2 vs SeeFutility)
Finished game 2542 (SeeFutility vs SingularV2): 1-0 {White mates}
Score of SingularV2 vs SeeFutility: 741 - 829 - 971  [0.483] 2541
Started game 2554 of 10000 (SeeFutility vs SingularV2)
Finished game 2535 (SingularV2 vs SeeFutility): 1/2-1/2 {Draw by insufficient mating material}
Score of SingularV2 vs SeeFutility: 741 - 829 - 972  [0.483] 2542
Started game 2555 of 10000 (SingularV2 vs SeeFutility)
Finished game 2540 (SeeFutility vs SingularV2): 1/2-1/2 {Draw by adjudication}
Score of SingularV2 vs SeeFutility: 741 - 829 - 973  [0.483] 2543
Started game 2556 of 10000 (SeeFutility vs SingularV2)
Finished game 2548 (SeeFutility vs SingularV2): 1/2-1/2 {Draw by adjudication}
Score of SingularV2 vs SeeFutility: 741 - 829 - 974  [0.483] 2544
Started game 2557 of 10000 (SingularV2 vs SeeFutility)
Finished game 2547 (SingularV2 vs SeeFutility): 0-1 {Black wins by adjudication}
Score of SingularV2 vs SeeFutility: 741 - 830 - 974  [0.483] 2545
Started game 2558 of 10000 (SeeFutility vs SingularV2)
Finished game 2544 (SeeFutility vs SingularV2): 1-0 {White wins by adjudication}
Score of SingularV2 vs SeeFutility: 741 - 831 - 974  [0.482] 2546
Started game 2559 of 10000 (SingularV2 vs SeeFutility)
Finished game 2549 (SingularV2 vs SeeFutility): 1-0 {White wins by adjudication}
Score of SingularV2 vs SeeFutility: 742 - 831 - 974  [0.483] 2547
Started game 2560 of 10000 (SeeFutility vs SingularV2)
Finished game 2552 (SeeFutility vs SingularV2): 1/2-1/2 {Draw by 3-fold repetition}
Score of SingularV2 vs SeeFutility: 742 - 831 - 975  [0.483] 2548
Started game 2561 of 10000 (SingularV2 vs SeeFutility)
Finished game 2546 (SeeFutility vs SingularV2): 1-0 {White wins by adjudication}
Score of SingularV2 vs SeeFutility: 742 - 832 - 975  [0.482] 2549
Started game 2562 of 10000 (SeeFutility vs SingularV2)
Finished game 2556 (SeeFutility vs SingularV2): 1-0 {White wins by adjudication}
Score of SingularV2 vs SeeFutility: 742 - 833 - 975  [0.482] 2550
Started game 2563 of 10000 (SingularV2 vs SeeFutility)
Finished game 2555 (SingularV2 vs SeeFutility): 0-1 {Black wins by adjudication}
Score of SingularV2 vs SeeFutility: 742 - 834 - 975  [0.482] 2551
Started game 2564 of 10000 (SeeFutility vs SingularV2)
Finished game 2554 (SeeFutility vs SingularV2): 1/2-1/2 {Draw by insufficient mating material}
Score of SingularV2 vs SeeFutility: 742 - 834 - 976  [0.482] 2552
Started game 2565 of 10000 (SingularV2 vs SeeFutility)
Finished game 2553 (SingularV2 vs SeeFutility): 0-1 {Black wins by adjudication}
Score of SingularV2 vs SeeFutility: 742 - 835 - 976  [0.482] 2553
Started game 2566 of 10000 (SeeFutility vs SingularV2)
Finished game 2545 (SingularV2 vs SeeFutility): 1/2-1/2 {Draw by adjudication}
Score of SingularV2 vs SeeFutility: 742 - 835 - 977  [0.482] 2554
Started game 2567 of 10000 (SingularV2 vs SeeFutility)
Finished game 2550 (SeeFutility vs SingularV2): 1/2-1/2 {Draw by stalemate}
Score of SingularV2 vs SeeFutility: 742 - 835 - 978  [0.482] 2555
Started game 2568 of 10000 (SeeFutility vs SingularV2)
Finished game 2559 (SingularV2 vs SeeFutility): 0-1 {Black wins by adjudication}
Score of SingularV2 vs SeeFutility: 742 - 836 - 978  [0.482] 2556
Started game 2569 of 10000 (SingularV2 vs SeeFutility)
Finished game 2566 (SeeFutility vs SingularV2): 1/2-1/2 {Draw by 3-fold repetition}
Score of SingularV2 vs SeeFutility: 742 - 836 - 979  [0.482] 2557
Started game 2570 of 10000 (SeeFutility vs SingularV2)
Finished game 2558 (SeeFutility vs SingularV2): 1-0 {White wins by adjudication}
Score of SingularV2 vs SeeFutility: 742 - 837 - 979  [0.481] 2558
Started game 2571 of 10000 (SingularV2 vs SeeFutility)
Finished game 2551 (SingularV2 vs SeeFutility): 1/2-1/2 {Draw by fifty moves rule}
Score of SingularV2 vs SeeFutility: 742 - 837 - 980  [0.481] 2559
Started game 2572 of 10000 (SeeFutility vs SingularV2)
Finished game 2560 (SeeFutility vs SingularV2): 1-0 {White wins by adjudication}
Score of SingularV2 vs SeeFutility: 742 - 838 - 980  [0.481] 2560
Started game 2573 of 10000 (SingularV2 vs SeeFutility)
Finished game 2561 (SingularV2 vs SeeFutility): 1/2-1/2 {Draw by stalemate}
Score of SingularV2 vs SeeFutility: 742 - 838 - 981  [0.481] 2561
Started game 2574 of 10000 (SeeFutility vs SingularV2)
Finished game 2557 (SingularV2 vs SeeFutility): 1/2-1/2 {Draw by 3-fold repetition}
Score of SingularV2 vs SeeFutility: 742 - 838 - 982  [0.481] 2562
Started game 2575 of 10000 (SingularV2 vs SeeFutility)
Finished game 2562 (SeeFutility vs SingularV2): 1-0 {White wins by adjudication}
Score of SingularV2 vs SeeFutility: 742 - 839 - 982  [0.481] 2563
Started game 2576 of 10000 (SeeFutility vs SingularV2)
Finished game 2565 (SingularV2 vs SeeFutility): 1/2-1/2 {Draw by adjudication}
Score of SingularV2 vs SeeFutility: 742 - 839 - 983  [0.481] 2564
Started game 2577 of 10000 (SingularV2 vs SeeFutility)
Finished game 2563 (SingularV2 vs SeeFutility): 1/2-1/2 {Draw by 3-fold repetition}
Score of SingularV2 vs SeeFutility: 742 - 839 - 984  [0.481] 2565
Started game 2578 of 10000 (SeeFutility vs SingularV2)
Finished game 2564 (SeeFutility vs SingularV2): 0-1 {Black wins by adjudication}
Score of SingularV2 vs SeeFutility: 743 - 839 - 984  [0.481] 2566
Started game 2579 of 10000 (SingularV2 vs SeeFutility)
Finished game 2570 (SeeFutility vs SingularV2): 1-0 {White wins by adjudication}
Score of SingularV2 vs SeeFutility: 743 - 840 - 984  [0.481] 2567
Started game 2580 of 10000 (SeeFutility vs SingularV2)
Finished game 2567 (SingularV2 vs SeeFutility): 1/2-1/2 {Draw by insufficient mating material}
Score of SingularV2 vs SeeFutility: 743 - 840 - 985  [0.481] 2568
Started game 2581 of 10000 (SingularV2 vs SeeFutility)
Finished game 2568 (SeeFutility vs SingularV2): 0-1 {Black wins by adjudication}
Score of SingularV2 vs SeeFutility: 744 - 840 - 985  [0.481] 2569
Started game 2582 of 10000 (SeeFutility vs SingularV2)
Finished game 2569 (SingularV2 vs SeeFutility): 0-1 {Black wins by adjudication}
Score of SingularV2 vs SeeFutility: 744 - 841 - 985  [0.481] 2570
Started game 2583 of 10000 (SingularV2 vs SeeFutility)
Finished game 2572 (SeeFutility vs SingularV2): 1-0 {White wins by adjudication}
Score of SingularV2 vs SeeFutility: 744 - 842 - 985  [0.481] 2571
Started game 2584 of 10000 (SeeFutility vs SingularV2)
Finished game 2571 (SingularV2 vs SeeFutility): 1-0 {White wins by adjudication}
Score of SingularV2 vs SeeFutility: 745 - 842 - 985  [0.481] 2572
Started game 2585 of 10000 (SingularV2 vs SeeFutility)
Finished game 2576 (SeeFutility vs SingularV2): 1-0 {White wins by adjudication}
Score of SingularV2 vs SeeFutility: 745 - 843 - 985  [0.481] 2573
Started game 2586 of 10000 (SeeFutility vs SingularV2)
Finished game 2573 (SingularV2 vs SeeFutility): 1-0 {White wins by adjudication}
Score of SingularV2 vs SeeFutility: 746 - 843 - 985  [0.481] 2574
Started game 2587 of 10000 (SingularV2 vs SeeFutility)
Finished game 2577 (SingularV2 vs SeeFutility): 1-0 {White mates}
Score of SingularV2 vs SeeFutility: 747 - 843 - 985  [0.481] 2575
Started game 2588 of 10000 (SeeFutility vs SingularV2)
Finished game 2574 (SeeFutility vs SingularV2): 0-1 {Black mates}
Score of SingularV2 vs SeeFutility: 748 - 843 - 985  [0.482] 2576
Finished game 2582 (SeeFutility vs SingularV2): 1-0 {White wins by adjudication}
Score of SingularV2 vs SeeFutility: 748 - 844 - 985  [0.481] 2577
Started game 2589 of 10000 (SingularV2 vs SeeFutility)
Started game 2590 of 10000 (SeeFutility vs SingularV2)
Finished game 2583 (SingularV2 vs SeeFutility): 1/2-1/2 {Draw by 3-fold repetition}
Score of SingularV2 vs SeeFutility: 748 - 844 - 986  [0.481] 2578
Started game 2591 of 10000 (SingularV2 vs SeeFutility)
Finished game 2578 (SeeFutility vs SingularV2): 1/2-1/2 {Draw by 3-fold repetition}
Score of SingularV2 vs SeeFutility: 748 - 844 - 987  [0.481] 2579
Started game 2592 of 10000 (SeeFutility vs SingularV2)
Finished game 2581 (SingularV2 vs SeeFutility): 0-1 {Black wins by adjudication}
Score of SingularV2 vs SeeFutility: 748 - 845 - 987  [0.481] 2580
Started game 2593 of 10000 (SingularV2 vs SeeFutility)
Finished game 2575 (SingularV2 vs SeeFutility): 0-1 {Black wins by adjudication}
Score of SingularV2 vs SeeFutility: 748 - 846 - 987  [0.481] 2581
Started game 2594 of 10000 (SeeFutility vs SingularV2)
Finished game 2579 (SingularV2 vs SeeFutility): 1/2-1/2 {Draw by insufficient mating material}
Score of SingularV2 vs SeeFutility: 748 - 846 - 988  [0.481] 2582
Started game 2595 of 10000 (SingularV2 vs SeeFutility)
Finished game 2580 (SeeFutility vs SingularV2): 1/2-1/2 {Draw by fifty moves rule}
Score of SingularV2 vs SeeFutility: 748 - 846 - 989  [0.481] 2583
Started game 2596 of 10000 (SeeFutility vs SingularV2)
Finished game 2584 (SeeFutility vs SingularV2): 1-0 {White wins by adjudication}
Score of SingularV2 vs SeeFutility: 748 - 847 - 989  [0.481] 2584
Started game 2597 of 10000 (SingularV2 vs SeeFutility)
Finished game 2588 (SeeFutility vs SingularV2): 0-1 {Black wins by adjudication}
Score of SingularV2 vs SeeFutility: 749 - 847 - 989  [0.481] 2585
Started game 2598 of 10000 (SeeFutility vs SingularV2)
Finished game 2587 (SingularV2 vs SeeFutility): 1-0 {White wins by adjudication}
Score of SingularV2 vs SeeFutility: 750 - 847 - 989  [0.481] 2586
Started game 2599 of 10000 (SingularV2 vs SeeFutility)
Finished game 2585 (SingularV2 vs SeeFutility): 1/2-1/2 {Draw by 3-fold repetition}
Score of SingularV2 vs SeeFutility: 750 - 847 - 990  [0.481] 2587
Started game 2600 of 10000 (SeeFutility vs SingularV2)
Finished game 2590 (SeeFutility vs SingularV2): 1-0 {White wins by adjudication}
Score of SingularV2 vs SeeFutility: 750 - 848 - 990  [0.481] 2588
Started game 2601 of 10000 (SingularV2 vs SeeFutility)
Finished game 2592 (SeeFutility vs SingularV2): 1-0 {White wins by adjudication}
Score of SingularV2 vs SeeFutility: 750 - 849 - 990  [0.481] 2589
Started game 2602 of 10000 (SeeFutility vs SingularV2)
Finished game 2586 (SeeFutility vs SingularV2): 1/2-1/2 {Draw by 3-fold repetition}
Score of SingularV2 vs SeeFutility: 750 - 849 - 991  [0.481] 2590
Started game 2603 of 10000 (SingularV2 vs SeeFutility)
Finished game 2593 (SingularV2 vs SeeFutility): 1-0 {White wins by adjudication}
Score of SingularV2 vs SeeFutility: 751 - 849 - 991  [0.481] 2591
Started game 2604 of 10000 (SeeFutility vs SingularV2)
Finished game 2591 (SingularV2 vs SeeFutility): 1-0 {White wins by adjudication}
Score of SingularV2 vs SeeFutility: 752 - 849 - 991  [0.481] 2592
Started game 2605 of 10000 (SingularV2 vs SeeFutility)
Finished game 2595 (SingularV2 vs SeeFutility): 1/2-1/2 {Draw by 3-fold repetition}
Score of SingularV2 vs SeeFutility: 752 - 849 - 992  [0.481] 2593
Started game 2606 of 10000 (SeeFutility vs SingularV2)
Finished game 2596 (SeeFutility vs SingularV2): 1/2-1/2 {Draw by 3-fold repetition}
Score of SingularV2 vs SeeFutility: 752 - 849 - 993  [0.481] 2594
Started game 2607 of 10000 (SingularV2 vs SeeFutility)
Finished game 2594 (SeeFutility vs SingularV2): 0-1 {Black mates}
Score of SingularV2 vs SeeFutility: 753 - 849 - 993  [0.482] 2595
Started game 2608 of 10000 (SeeFutility vs SingularV2)
Finished game 2589 (SingularV2 vs SeeFutility): 0-1 {Black wins by adjudication}
Score of SingularV2 vs SeeFutility: 753 - 850 - 993  [0.481] 2596
Started game 2609 of 10000 (SingularV2 vs SeeFutility)
Finished game 2597 (SingularV2 vs SeeFutility): 0-1 {Black wins by adjudication}
Score of SingularV2 vs SeeFutility: 753 - 851 - 993  [0.481] 2597
Started game 2610 of 10000 (SeeFutility vs SingularV2)
Finished game 2598 (SeeFutility vs SingularV2): 1/2-1/2 {Draw by 3-fold repetition}
Score of SingularV2 vs SeeFutility: 753 - 851 - 994  [0.481] 2598
Started game 2611 of 10000 (SingularV2 vs SeeFutility)
Finished game 2600 (SeeFutility vs SingularV2): 1-0 {White wins by adjudication}
Score of SingularV2 vs SeeFutility: 753 - 852 - 994  [0.481] 2599
Started game 2612 of 10000 (SeeFutility vs SingularV2)
Finished game 2602 (SeeFutility vs SingularV2): 1/2-1/2 {Draw by 3-fold repetition}
Score of SingularV2 vs SeeFutility: 753 - 852 - 995  [0.481] 2600
Started game 2613 of 10000 (SingularV2 vs SeeFutility)
Finished game 2603 (SingularV2 vs SeeFutility): 1-0 {White wins by adjudication}
Score of SingularV2 vs SeeFutility: 754 - 852 - 995  [0.481] 2601
Started game 2614 of 10000 (SeeFutility vs SingularV2)
Finished game 2605 (SingularV2 vs SeeFutility): 1/2-1/2 {Draw by 3-fold repetition}
Score of SingularV2 vs SeeFutility: 754 - 852 - 996  [0.481] 2602
Started game 2615 of 10000 (SingularV2 vs SeeFutility)
Finished game 2609 (SingularV2 vs SeeFutility): 1/2-1/2 {Draw by 3-fold repetition}
Score of SingularV2 vs SeeFutility: 754 - 852 - 997  [0.481] 2603
Started game 2616 of 10000 (SeeFutility vs SingularV2)
Finished game 2599 (SingularV2 vs SeeFutility): 1/2-1/2 {Draw by insufficient mating material}
Score of SingularV2 vs SeeFutility: 754 - 852 - 998  [0.481] 2604
Started game 2617 of 10000 (SingularV2 vs SeeFutility)
Finished game 2611 (SingularV2 vs SeeFutility): 1/2-1/2 {Draw by 3-fold repetition}
Score of SingularV2 vs SeeFutility: 754 - 852 - 999  [0.481] 2605
Started game 2618 of 10000 (SeeFutility vs SingularV2)
Finished game 2601 (SingularV2 vs SeeFutility): 1/2-1/2 {Draw by fifty moves rule}
Score of SingularV2 vs SeeFutility: 754 - 852 - 1000  [0.481] 2606
Started game 2619 of 10000 (SingularV2 vs SeeFutility)
Finished game 2610 (SeeFutility vs SingularV2): 1-0 {White wins by adjudication}
Score of SingularV2 vs SeeFutility: 754 - 853 - 1000  [0.481] 2607
Started game 2620 of 10000 (SeeFutility vs SingularV2)
Finished game 2608 (SeeFutility vs SingularV2): 1-0 {White wins by adjudication}
Score of SingularV2 vs SeeFutility: 754 - 854 - 1000  [0.481] 2608
Started game 2621 of 10000 (SingularV2 vs SeeFutility)
Finished game 2604 (SeeFutility vs SingularV2): 1-0 {White wins by adjudication}
Score of SingularV2 vs SeeFutility: 754 - 855 - 1000  [0.481] 2609
Started game 2622 of 10000 (SeeFutility vs SingularV2)
Finished game 2606 (SeeFutility vs SingularV2): 0-1 {Black wins by adjudication}
Score of SingularV2 vs SeeFutility: 755 - 855 - 1000  [0.481] 2610
Started game 2623 of 10000 (SingularV2 vs SeeFutility)
Finished game 2607 (SingularV2 vs SeeFutility): 0-1 {Black wins by adjudication}
Score of SingularV2 vs SeeFutility: 755 - 856 - 1000  [0.481] 2611
Started game 2624 of 10000 (SeeFutility vs SingularV2)
Finished game 2613 (SingularV2 vs SeeFutility): 1/2-1/2 {Draw by adjudication}
Score of SingularV2 vs SeeFutility: 755 - 856 - 1001  [0.481] 2612
Started game 2625 of 10000 (SingularV2 vs SeeFutility)
Finished game 2615 (SingularV2 vs SeeFutility): 1-0 {White wins by adjudication}
Score of SingularV2 vs SeeFutility: 756 - 856 - 1001  [0.481] 2613
Started game 2626 of 10000 (SeeFutility vs SingularV2)
Finished game 2618 (SeeFutility vs SingularV2): 1-0 {White wins by adjudication}
Score of SingularV2 vs SeeFutility: 756 - 857 - 1001  [0.481] 2614
Started game 2627 of 10000 (SingularV2 vs SeeFutility)
Finished game 2622 (SeeFutility vs SingularV2): 1/2-1/2 {Draw by 3-fold repetition}
Score of SingularV2 vs SeeFutility: 756 - 857 - 1002  [0.481] 2615
Started game 2628 of 10000 (SeeFutility vs SingularV2)
Finished game 2614 (SeeFutility vs SingularV2): 0-1 {Black wins by adjudication}
Score of SingularV2 vs SeeFutility: 757 - 857 - 1002  [0.481] 2616
Started game 2629 of 10000 (SingularV2 vs SeeFutility)
Finished game 2616 (SeeFutility vs SingularV2): 1/2-1/2 {Draw by 3-fold repetition}
Score of SingularV2 vs SeeFutility: 757 - 857 - 1003  [0.481] 2617
Started game 2630 of 10000 (SeeFutility vs SingularV2)
Finished game 2620 (SeeFutility vs SingularV2): 1-0 {White wins by adjudication}
Score of SingularV2 vs SeeFutility: 757 - 858 - 1003  [0.481] 2618
Started game 2631 of 10000 (SingularV2 vs SeeFutility)
Finished game 2617 (SingularV2 vs SeeFutility): 1-0 {White wins by adjudication}
Score of SingularV2 vs SeeFutility: 758 - 858 - 1003  [0.481] 2619
Started game 2632 of 10000 (SeeFutility vs SingularV2)
Finished game 2619 (SingularV2 vs SeeFutility): 1-0 {White wins by adjudication}
Score of SingularV2 vs SeeFutility: 759 - 858 - 1003  [0.481] 2620
Started game 2633 of 10000 (SingularV2 vs SeeFutility)
Finished game 2621 (SingularV2 vs SeeFutility): 0-1 {Black wins by adjudication}
Score of SingularV2 vs SeeFutility: 759 - 859 - 1003  [0.481] 2621
Started game 2634 of 10000 (SeeFutility vs SingularV2)
Finished game 2612 (SeeFutility vs SingularV2): 1/2-1/2 {Draw by fifty moves rule}
Score of SingularV2 vs SeeFutility: 759 - 859 - 1004  [0.481] 2622
Started game 2635 of 10000 (SingularV2 vs SeeFutility)
Finished game 2623 (SingularV2 vs SeeFutility): 1-0 {White wins by adjudication}
Score of SingularV2 vs SeeFutility: 760 - 859 - 1004  [0.481] 2623
Started game 2636 of 10000 (SeeFutility vs SingularV2)
Finished game 2629 (SingularV2 vs SeeFutility): 1/2-1/2 {Draw by 3-fold repetition}
Score of SingularV2 vs SeeFutility: 760 - 859 - 1005  [0.481] 2624
Started game 2637 of 10000 (SingularV2 vs SeeFutility)
Finished game 2625 (SingularV2 vs SeeFutility): 1-0 {White wins by adjudication}
Score of SingularV2 vs SeeFutility: 761 - 859 - 1005  [0.481] 2625
Started game 2638 of 10000 (SeeFutility vs SingularV2)
Finished game 2631 (SingularV2 vs SeeFutility): 0-1 {Black wins by adjudication}
Score of SingularV2 vs SeeFutility: 761 - 860 - 1005  [0.481] 2626
Started game 2639 of 10000 (SingularV2 vs SeeFutility)
Finished game 2624 (SeeFutility vs SingularV2): 1/2-1/2 {Draw by fifty moves rule}
Score of SingularV2 vs SeeFutility: 761 - 860 - 1006  [0.481] 2627
Started game 2640 of 10000 (SeeFutility vs SingularV2)
Finished game 2626 (SeeFutility vs SingularV2): 1/2-1/2 {Draw by adjudication}
Score of SingularV2 vs SeeFutility: 761 - 860 - 1007  [0.481] 2628
Started game 2641 of 10000 (SingularV2 vs SeeFutility)
Finished game 2637 (SingularV2 vs SeeFutility): 1-0 {White wins by adjudication}
Score of SingularV2 vs SeeFutility: 762 - 860 - 1007  [0.481] 2629
Started game 2642 of 10000 (SeeFutility vs SingularV2)
Finished game 2633 (SingularV2 vs SeeFutility): 1-0 {White wins by adjudication}
Score of SingularV2 vs SeeFutility: 763 - 860 - 1007  [0.482] 2630
Started game 2643 of 10000 (SingularV2 vs SeeFutility)
Finished game 2636 (SeeFutility vs SingularV2): 1-0 {White wins by adjudication}
Score of SingularV2 vs SeeFutility: 763 - 861 - 1007  [0.481] 2631
Started game 2644 of 10000 (SeeFutility vs SingularV2)
Finished game 2628 (SeeFutility vs SingularV2): 1/2-1/2 {Draw by adjudication}
Score of SingularV2 vs SeeFutility: 763 - 861 - 1008  [0.481] 2632
Started game 2645 of 10000 (SingularV2 vs SeeFutility)
Finished game 2627 (SingularV2 vs SeeFutility): 1/2-1/2 {Draw by fifty moves rule}
Score of SingularV2 vs SeeFutility: 763 - 861 - 1009  [0.481] 2633
Started game 2646 of 10000 (SeeFutility vs SingularV2)
Finished game 2632 (SeeFutility vs SingularV2): 1/2-1/2 {Draw by adjudication}
Score of SingularV2 vs SeeFutility: 763 - 861 - 1010  [0.481] 2634
Started game 2647 of 10000 (SingularV2 vs SeeFutility)
Finished game 2630 (SeeFutility vs SingularV2): 1-0 {White mates}
Score of SingularV2 vs SeeFutility: 763 - 862 - 1010  [0.481] 2635
Started game 2648 of 10000 (SeeFutility vs SingularV2)
Finished game 2634 (SeeFutility vs SingularV2): 1/2-1/2 {Draw by 3-fold repetition}
Score of SingularV2 vs SeeFutility: 763 - 862 - 1011  [0.481] 2636
Started game 2649 of 10000 (SingularV2 vs SeeFutility)
Finished game 2635 (SingularV2 vs SeeFutility): 0-1 {Black wins by adjudication}
Score of SingularV2 vs SeeFutility: 763 - 863 - 1011  [0.481] 2637
Started game 2650 of 10000 (SeeFutility vs SingularV2)
Finished game 2639 (SingularV2 vs SeeFutility): 1-0 {White wins by adjudication}
Score of SingularV2 vs SeeFutility: 764 - 863 - 1011  [0.481] 2638
Started game 2651 of 10000 (SingularV2 vs SeeFutility)
Finished game 2641 (SingularV2 vs SeeFutility): 1/2-1/2 {Draw by 3-fold repetition}
Score of SingularV2 vs SeeFutility: 764 - 863 - 1012  [0.481] 2639
Started game 2652 of 10000 (SeeFutility vs SingularV2)
Finished game 2638 (SeeFutility vs SingularV2): 1-0 {White wins by adjudication}
Score of SingularV2 vs SeeFutility: 764 - 864 - 1012  [0.481] 2640
Started game 2653 of 10000 (SingularV2 vs SeeFutility)
Finished game 2643 (SingularV2 vs SeeFutility): 0-1 {Black wins by adjudication}
Score of SingularV2 vs SeeFutility: 764 - 865 - 1012  [0.481] 2641
Started game 2654 of 10000 (SeeFutility vs SingularV2)
Finished game 2640 (SeeFutility vs SingularV2): 1-0 {White wins by adjudication}
Score of SingularV2 vs SeeFutility: 764 - 866 - 1012  [0.481] 2642
Started game 2655 of 10000 (SingularV2 vs SeeFutility)
Finished game 2642 (SeeFutility vs SingularV2): 1-0 {White wins by adjudication}
Score of SingularV2 vs SeeFutility: 764 - 867 - 1012  [0.481] 2643
Started game 2656 of 10000 (SeeFutility vs SingularV2)
Finished game 2645 (SingularV2 vs SeeFutility): 1-0 {White wins by adjudication}
Score of SingularV2 vs SeeFutility: 765 - 867 - 1012  [0.481] 2644
Started game 2657 of 10000 (SingularV2 vs SeeFutility)
Finished game 2651 (SingularV2 vs SeeFutility): 1/2-1/2 {Draw by 3-fold repetition}
Score of SingularV2 vs SeeFutility: 765 - 867 - 1013  [0.481] 2645
Started game 2658 of 10000 (SeeFutility vs SingularV2)
Finished game 2646 (SeeFutility vs SingularV2): 1/2-1/2 {Draw by adjudication}
Score of SingularV2 vs SeeFutility: 765 - 867 - 1014  [0.481] 2646
Started game 2659 of 10000 (SingularV2 vs SeeFutility)
Finished game 2644 (SeeFutility vs SingularV2): 1/2-1/2 {Draw by insufficient mating material}
Score of SingularV2 vs SeeFutility: 765 - 867 - 1015  [0.481] 2647
Started game 2660 of 10000 (SeeFutility vs SingularV2)
Finished game 2647 (SingularV2 vs SeeFutility): 1-0 {White wins by adjudication}
Score of SingularV2 vs SeeFutility: 766 - 867 - 1015  [0.481] 2648
Started game 2661 of 10000 (SingularV2 vs SeeFutility)
Finished game 2649 (SingularV2 vs SeeFutility): 0-1 {Black wins by adjudication}
Score of SingularV2 vs SeeFutility: 766 - 868 - 1015  [0.481] 2649
Started game 2662 of 10000 (SeeFutility vs SingularV2)
Finished game 2653 (SingularV2 vs SeeFutility): 1-0 {White mates}
Score of SingularV2 vs SeeFutility: 767 - 868 - 1015  [0.481] 2650
Started game 2663 of 10000 (SingularV2 vs SeeFutility)
Finished game 2648 (SeeFutility vs SingularV2): 1/2-1/2 {Draw by adjudication}
Score of SingularV2 vs SeeFutility: 767 - 868 - 1016  [0.481] 2651
Started game 2664 of 10000 (SeeFutility vs SingularV2)
Finished game 2657 (SingularV2 vs SeeFutility): 1/2-1/2 {Draw by 3-fold repetition}
Score of SingularV2 vs SeeFutility: 767 - 868 - 1017  [0.481] 2652
Started game 2665 of 10000 (SingularV2 vs SeeFutility)
Finished game 2652 (SeeFutility vs SingularV2): 1/2-1/2 {Draw by adjudication}
Score of SingularV2 vs SeeFutility: 767 - 868 - 1018  [0.481] 2653
Started game 2666 of 10000 (SeeFutility vs SingularV2)
Finished game 2655 (SingularV2 vs SeeFutility): 1/2-1/2 {Draw by adjudication}
Score of SingularV2 vs SeeFutility: 767 - 868 - 1019  [0.481] 2654
Started game 2667 of 10000 (SingularV2 vs SeeFutility)
Finished game 2650 (SeeFutility vs SingularV2): 1/2-1/2 {Draw by fifty moves rule}
Score of SingularV2 vs SeeFutility: 767 - 868 - 1020  [0.481] 2655
Started game 2668 of 10000 (SeeFutility vs SingularV2)
Finished game 2654 (SeeFutility vs SingularV2): 1-0 {White wins by adjudication}
Score of SingularV2 vs SeeFutility: 767 - 869 - 1020  [0.481] 2656
Started game 2669 of 10000 (SingularV2 vs SeeFutility)
Finished game 2658 (SeeFutility vs SingularV2): 1-0 {White wins by adjudication}
Score of SingularV2 vs SeeFutility: 767 - 870 - 1020  [0.481] 2657
Started game 2670 of 10000 (SeeFutility vs SingularV2)
Finished game 2661 (SingularV2 vs SeeFutility): 0-1 {Black wins by adjudication}
Score of SingularV2 vs SeeFutility: 767 - 871 - 1020  [0.480] 2658
Started game 2671 of 10000 (SingularV2 vs SeeFutility)
Finished game 2656 (SeeFutility vs SingularV2): 0-1 {Black wins by adjudication}
Score of SingularV2 vs SeeFutility: 768 - 871 - 1020  [0.481] 2659
Started game 2672 of 10000 (SeeFutility vs SingularV2)
Finished game 2662 (SeeFutility vs SingularV2): 1/2-1/2 {Draw by 3-fold repetition}
Score of SingularV2 vs SeeFutility: 768 - 871 - 1021  [0.481] 2660
Started game 2673 of 10000 (SingularV2 vs SeeFutility)
Finished game 2664 (SeeFutility vs SingularV2): 1/2-1/2 {Draw by 3-fold repetition}
Score of SingularV2 vs SeeFutility: 768 - 871 - 1022  [0.481] 2661
Started game 2674 of 10000 (SeeFutility vs SingularV2)
Finished game 2659 (SingularV2 vs SeeFutility): 0-1 {Black wins by adjudication}
Score of SingularV2 vs SeeFutility: 768 - 872 - 1022  [0.480] 2662
Started game 2675 of 10000 (SingularV2 vs SeeFutility)
Finished game 2665 (SingularV2 vs SeeFutility): 1-0 {White wins by adjudication}
Score of SingularV2 vs SeeFutility: 769 - 872 - 1022  [0.481] 2663
Started game 2676 of 10000 (SeeFutility vs SingularV2)
Finished game 2660 (SeeFutility vs SingularV2): 1-0 {White wins by adjudication}
Score of SingularV2 vs SeeFutility: 769 - 873 - 1022  [0.480] 2664
Started game 2677 of 10000 (SingularV2 vs SeeFutility)
Finished game 2663 (SingularV2 vs SeeFutility): 1-0 {White wins by adjudication}
Score of SingularV2 vs SeeFutility: 770 - 873 - 1022  [0.481] 2665
Started game 2678 of 10000 (SeeFutility vs SingularV2)
Finished game 2669 (SingularV2 vs SeeFutility): 1/2-1/2 {Draw by 3-fold repetition}
Score of SingularV2 vs SeeFutility: 770 - 873 - 1023  [0.481] 2666
Started game 2679 of 10000 (SingularV2 vs SeeFutility)
Finished game 2668 (SeeFutility vs SingularV2): 1-0 {White wins by adjudication}
Score of SingularV2 vs SeeFutility: 770 - 874 - 1023  [0.481] 2667
Started game 2680 of 10000 (SeeFutility vs SingularV2)
Finished game 2666 (SeeFutility vs SingularV2): 1-0 {White wins by adjudication}
Score of SingularV2 vs SeeFutility: 770 - 875 - 1023  [0.480] 2668
Started game 2681 of 10000 (SingularV2 vs SeeFutility)
Finished game 2677 (SingularV2 vs SeeFutility): 1/2-1/2 {Draw by 3-fold repetition}
Score of SingularV2 vs SeeFutility: 770 - 875 - 1024  [0.480] 2669
Started game 2682 of 10000 (SeeFutility vs SingularV2)
Finished game 2670 (SeeFutility vs SingularV2): 1/2-1/2 {Draw by 3-fold repetition}
Score of SingularV2 vs SeeFutility: 770 - 875 - 1025  [0.480] 2670
Started game 2683 of 10000 (SingularV2 vs SeeFutility)
Finished game 2667 (SingularV2 vs SeeFutility): 1-0 {White wins by adjudication}
Score of SingularV2 vs SeeFutility: 771 - 875 - 1025  [0.481] 2671
Started game 2684 of 10000 (SeeFutility vs SingularV2)
Finished game 2671 (SingularV2 vs SeeFutility): 1-0 {White wins by adjudication}
Score of SingularV2 vs SeeFutility: 772 - 875 - 1025  [0.481] 2672
Started game 2685 of 10000 (SingularV2 vs SeeFutility)
Finished game 2676 (SeeFutility vs SingularV2): 1-0 {White wins by adjudication}
Score of SingularV2 vs SeeFutility: 772 - 876 - 1025  [0.481] 2673
Started game 2686 of 10000 (SeeFutility vs SingularV2)
Finished game 2675 (SingularV2 vs SeeFutility): 1-0 {White wins by adjudication}
Score of SingularV2 vs SeeFutility: 773 - 876 - 1025  [0.481] 2674
Started game 2687 of 10000 (SingularV2 vs SeeFutility)
Finished game 2673 (SingularV2 vs SeeFutility): 1-0 {White wins by adjudication}
Score of SingularV2 vs SeeFutility: 774 - 876 - 1025  [0.481] 2675
Started game 2688 of 10000 (SeeFutility vs SingularV2)
Finished game 2678 (SeeFutility vs SingularV2): 0-1 {Black wins by adjudication}
Score of SingularV2 vs SeeFutility: 775 - 876 - 1025  [0.481] 2676
Started game 2689 of 10000 (SingularV2 vs SeeFutility)
Finished game 2679 (SingularV2 vs SeeFutility): 1-0 {White wins by adjudication}
Score of SingularV2 vs SeeFutility: 776 - 876 - 1025  [0.481] 2677
Started game 2690 of 10000 (SeeFutility vs SingularV2)
Finished game 2682 (SeeFutility vs SingularV2): 0-1 {Black wins by adjudication}
Score of SingularV2 vs SeeFutility: 777 - 876 - 1025  [0.482] 2678
Started game 2691 of 10000 (SingularV2 vs SeeFutility)
Finished game 2681 (SingularV2 vs SeeFutility): 1-0 {White wins by adjudication}
Score of SingularV2 vs SeeFutility: 778 - 876 - 1025  [0.482] 2679
Started game 2692 of 10000 (SeeFutility vs SingularV2)
Finished game 2683 (SingularV2 vs SeeFutility): 0-1 {Black wins by adjudication}
Score of SingularV2 vs SeeFutility: 778 - 877 - 1025  [0.482] 2680
Started game 2693 of 10000 (SingularV2 vs SeeFutility)
Finished game 2680 (SeeFutility vs SingularV2): 1-0 {White wins by adjudication}
Score of SingularV2 vs SeeFutility: 778 - 878 - 1025  [0.481] 2681
Started game 2694 of 10000 (SeeFutility vs SingularV2)
Finished game 2672 (SeeFutility vs SingularV2): 1-0 {White wins by adjudication}
Score of SingularV2 vs SeeFutility: 778 - 879 - 1025  [0.481] 2682
Started game 2695 of 10000 (SingularV2 vs SeeFutility)
Finished game 2674 (SeeFutility vs SingularV2): 1-0 {White wins by adjudication}
Score of SingularV2 vs SeeFutility: 778 - 880 - 1025  [0.481] 2683
Started game 2696 of 10000 (SeeFutility vs SingularV2)
Finished game 2685 (SingularV2 vs SeeFutility): 0-1 {Black wins by adjudication}
Score of SingularV2 vs SeeFutility: 778 - 881 - 1025  [0.481] 2684
Started game 2697 of 10000 (SingularV2 vs SeeFutility)
Finished game 2688 (SeeFutility vs SingularV2): 1-0 {White wins by adjudication}
Score of SingularV2 vs SeeFutility: 778 - 882 - 1025  [0.481] 2685
Started game 2698 of 10000 (SeeFutility vs SingularV2)
Finished game 2684 (SeeFutility vs SingularV2): 1-0 {White wins by adjudication}
Score of SingularV2 vs SeeFutility: 778 - 883 - 1025  [0.480] 2686
Started game 2699 of 10000 (SingularV2 vs SeeFutility)
Finished game 2686 (SeeFutility vs SingularV2): 1/2-1/2 {Draw by adjudication}
Score of SingularV2 vs SeeFutility: 778 - 883 - 1026  [0.480] 2687
Started game 2700 of 10000 (SeeFutility vs SingularV2)
Finished game 2687 (SingularV2 vs SeeFutility): 1-0 {White wins by adjudication}
Score of SingularV2 vs SeeFutility: 779 - 883 - 1026  [0.481] 2688
Started game 2701 of 10000 (SingularV2 vs SeeFutility)
Finished game 2689 (SingularV2 vs SeeFutility): 0-1 {Black wins by adjudication}
Score of SingularV2 vs SeeFutility: 779 - 884 - 1026  [0.480] 2689
Started game 2702 of 10000 (SeeFutility vs SingularV2)
Finished game 2692 (SeeFutility vs SingularV2): 1/2-1/2 {Draw by insufficient mating material}
Score of SingularV2 vs SeeFutility: 779 - 884 - 1027  [0.480] 2690
Started game 2703 of 10000 (SingularV2 vs SeeFutility)
Finished game 2693 (SingularV2 vs SeeFutility): 0-1 {Black wins by adjudication}
Score of SingularV2 vs SeeFutility: 779 - 885 - 1027  [0.480] 2691
Started game 2704 of 10000 (SeeFutility vs SingularV2)
Finished game 2691 (SingularV2 vs SeeFutility): 0-1 {Black wins by adjudication}
Score of SingularV2 vs SeeFutility: 779 - 886 - 1027  [0.480] 2692
Started game 2705 of 10000 (SingularV2 vs SeeFutility)
Finished game 2694 (SeeFutility vs SingularV2): 1/2-1/2 {Draw by insufficient mating material}
Score of SingularV2 vs SeeFutility: 779 - 886 - 1028  [0.480] 2693
Finished game 2697 (SingularV2 vs SeeFutility): * {No result}
Score of SingularV2 vs SeeFutility: 779 - 886 - 1028  [0.480] 2693
Finished game 2695 (SingularV2 vs SeeFutility): * {No result}
Score of SingularV2 vs SeeFutility: 779 - 886 - 1028  [0.480] 2693
Finished game 2699 (SingularV2 vs SeeFutility): * {No result}
Score of SingularV2 vs SeeFutility: 779 - 886 - 1028  [0.480] 2693
Finished game 2703 (SingularV2 vs SeeFutility): * {No result}
Score of SingularV2 vs SeeFutility: 779 - 886 - 1028  [0.480] 2693
Finished game 2700 (SeeFutility vs SingularV2): * {No result}
Score of SingularV2 vs SeeFutility: 779 - 886 - 1028  [0.480] 2693
Finished game 2690 (SeeFutility vs SingularV2): * {No result}
Score of SingularV2 vs SeeFutility: 779 - 886 - 1028  [0.480] 2693
Finished game 2702 (SeeFutility vs SingularV2): * {No result}
Score of SingularV2 vs SeeFutility: 779 - 886 - 1028  [0.480] 2693
Finished game 2696 (SeeFutility vs SingularV2): * {No result}
Score of SingularV2 vs SeeFutility: 779 - 886 - 1028  [0.480] 2693
Finished game 2698 (SeeFutility vs SingularV2): * {No result}
Score of SingularV2 vs SeeFutility: 779 - 886 - 1028  [0.480] 2693
Finished game 2701 (SingularV2 vs SeeFutility): * {No result}
Score of SingularV2 vs SeeFutility: 779 - 886 - 1028  [0.480] 2693
Finished game 2705 (SingularV2 vs SeeFutility): * {No result}
Score of SingularV2 vs SeeFutility: 779 - 886 - 1028  [0.480] 2693
Finished game 2704 (SeeFutility vs SingularV2): * {No result}
Score of SingularV2 vs SeeFutility: 779 - 886 - 1028  [0.480] 2693
...      SingularV2 playing White: 446 - 391 - 510  [0.520] 1347
...      SingularV2 playing Black: 333 - 495 - 518  [0.440] 1346
...      White vs Black: 941 - 724 - 1028  [0.540] 2693
Elo difference: -13.8 +/- 10.3, LOS: 0.4 %, DrawRatio: 38.2 %
SPRT: llr -2.94 (-100.0%), lbound -2.94, ubound 2.94 - H0 was accepted

Player: SingularV2
   "Draw by 3-fold repetition": 527
   "Draw by adjudication": 221
   "Draw by fifty moves rule": 87
   "Draw by insufficient mating material": 175
   "Draw by stalemate": 18
   "Loss: Black mates": 18
   "Loss: Black wins by adjudication": 373
   "Loss: White mates": 23
   "Loss: White wins by adjudication": 472
   "No result": 12
   "Win: Black mates": 13
   "Win: Black wins by adjudication": 320
   "Win: White mates": 23
   "Win: White wins by adjudication": 423
Player: SeeFutility
   "Draw by 3-fold repetition": 527
   "Draw by adjudication": 221
   "Draw by fifty moves rule": 87
   "Draw by insufficient mating material": 175
   "Draw by stalemate": 18
   "Loss: Black mates": 13
   "Loss: Black wins by adjudication": 320
   "Loss: White mates": 23
   "Loss: White wins by adjudication": 423
   "No result": 12
   "Win: Black mates": 18
   "Win: Black wins by adjudication": 373
   "Win: White mates": 23
   "Win: White wins by adjudication": 472
Finished match
