Indexing opening suite...
Started game 7 of 10000 (ContHistV2 vs Baseline)
Started game 5 of 10000 (ContHistV2 vs Baseline)
Started game 3 of 10000 (ContHistV2 vs Baseline)
Started game 2 of 10000 (Baseline vs ContHistV2)
Started game 4 of 10000 (Baseline vs ContHistV2)
Started game 9 of 10000 (ContHistV2 vs Baseline)
Started game 1 of 10000 (ContHistV2 vs Baseline)
Started game 8 of 10000 (Baseline vs ContHistV2)
Started game 10 of 10000 (Baseline vs ContHistV2)
Started game 6 of 10000 (Baseline vs ContHistV2)
Finished game 5 (ContHistV2 vs Baseline): 1-0 {White wins by adjudication}
Score of ContHistV2 vs Baseline: 1 - 0 - 0  [1.000] 1
Started game 11 of 10000 (ContHistV2 vs Baseline)
Finished game 1 (ContHistV2 vs Baseline): 1-0 {White wins by adjudication}
Score of ContHistV2 vs Baseline: 2 - 0 - 0  [1.000] 2
Started game 12 of 10000 (Baseline vs ContHistV2)
Finished game 6 (Baseline vs ContHistV2): 1-0 {White wins by adjudication}
Score of ContHistV2 vs Baseline: 2 - 1 - 0  [0.667] 3
Started game 13 of 10000 (ContHistV2 vs Baseline)
Finished game 10 (Baseline vs ContHistV2): 0-1 {Black wins by adjudication}
Score of ContHistV2 vs Baseline: 3 - 1 - 0  [0.750] 4
Started game 14 of 10000 (Baseline vs ContHistV2)
Finished game 2 (Baseline vs ContHistV2): 1-0 {White wins by adjudication}
Score of ContHistV2 vs Baseline: 3 - 2 - 0  [0.600] 5
Started game 15 of 10000 (ContHistV2 vs Baseline)
Finished game 7 (ContHistV2 vs Baseline): 0-1 {Black wins by adjudication}
Score of ContHistV2 vs Baseline: 3 - 3 - 0  [0.500] 6
Started game 16 of 10000 (Baseline vs ContHistV2)
Finished game 3 (ContHistV2 vs Baseline): 1/2-1/2 {Draw by insufficient mating material}
Score of ContHistV2 vs Baseline: 3 - 3 - 1  [0.500] 7
Started game 17 of 10000 (ContHistV2 vs Baseline)
Finished game 9 (ContHistV2 vs Baseline): 0-1 {Black wins by adjudication}
Score of ContHistV2 vs Baseline: 3 - 4 - 1  [0.438] 8
Started game 18 of 10000 (Baseline vs ContHistV2)
Finished game 8 (Baseline vs ContHistV2): 0-1 {Black mates}
Score of ContHistV2 vs Baseline: 4 - 4 - 1  [0.500] 9
Started game 19 of 10000 (ContHistV2 vs Baseline)
Finished game 11 (ContHistV2 vs Baseline): 1/2-1/2 {Draw by stalemate}
Score of ContHistV2 vs Baseline: 4 - 4 - 2  [0.500] 10
Started game 20 of 10000 (Baseline vs ContHistV2)
Finished game 4 (Baseline vs ContHistV2): 1/2-1/2 {Draw by insufficient mating material}
Score of ContHistV2 vs Baseline: 4 - 4 - 3  [0.500] 11
Started game 21 of 10000 (ContHistV2 vs Baseline)
Finished game 12 (Baseline vs ContHistV2): 1-0 {White wins by adjudication}
Score of ContHistV2 vs Baseline: 4 - 5 - 3  [0.458] 12
Started game 22 of 10000 (Baseline vs ContHistV2)
Finished game 13 (ContHistV2 vs Baseline): 1-0 {White wins by adjudication}
Score of ContHistV2 vs Baseline: 5 - 5 - 3  [0.500] 13
Started game 23 of 10000 (ContHistV2 vs Baseline)
Finished game 18 (Baseline vs ContHistV2): 1/2-1/2 {Draw by adjudication}
Score of ContHistV2 vs Baseline: 5 - 5 - 4  [0.500] 14
Started game 24 of 10000 (Baseline vs ContHistV2)
Finished game 15 (ContHistV2 vs Baseline): 1/2-1/2 {Draw by insufficient mating material}
Score of ContHistV2 vs Baseline: 5 - 5 - 5  [0.500] 15
Started game 25 of 10000 (ContHistV2 vs Baseline)
Finished game 17 (ContHistV2 vs Baseline): 0-1 {Black wins by adjudication}
Score of ContHistV2 vs Baseline: 5 - 6 - 5  [0.469] 16
Started game 26 of 10000 (Baseline vs ContHistV2)
Finished game 16 (Baseline vs ContHistV2): 1-0 {White wins by adjudication}
Score of ContHistV2 vs Baseline: 5 - 7 - 5  [0.441] 17
Started game 27 of 10000 (ContHistV2 vs Baseline)
Finished game 20 (Baseline vs ContHistV2): 1-0 {White mates}
Score of ContHistV2 vs Baseline: 5 - 8 - 5  [0.417] 18
Started game 28 of 10000 (Baseline vs ContHistV2)
Finished game 14 (Baseline vs ContHistV2): 1/2-1/2 {Draw by insufficient mating material}
Score of ContHistV2 vs Baseline: 5 - 8 - 6  [0.421] 19
Started game 29 of 10000 (ContHistV2 vs Baseline)
Finished game 19 (ContHistV2 vs Baseline): 1/2-1/2 {Draw by adjudication}
Score of ContHistV2 vs Baseline: 5 - 8 - 7  [0.425] 20
Started game 30 of 10000 (Baseline vs ContHistV2)
Finished game 22 (Baseline vs ContHistV2): 1-0 {White wins by adjudication}
Score of ContHistV2 vs Baseline: 5 - 9 - 7  [0.405] 21
Started game 31 of 10000 (ContHistV2 vs Baseline)
Finished game 23 (ContHistV2 vs Baseline): 1/2-1/2 {Draw by 3-fold repetition}
Score of ContHistV2 vs Baseline: 5 - 9 - 8  [0.409] 22
Started game 32 of 10000 (Baseline vs ContHistV2)
Finished game 26 (Baseline vs ContHistV2): 1/2-1/2 {Draw by 3-fold repetition}
Score of ContHistV2 vs Baseline: 5 - 9 - 9  [0.413] 23
Started game 33 of 10000 (ContHistV2 vs Baseline)
Finished game 21 (ContHistV2 vs Baseline): 1-0 {White wins by adjudication}
Score of ContHistV2 vs Baseline: 6 - 9 - 9  [0.438] 24
Started game 34 of 10000 (Baseline vs ContHistV2)
Finished game 27 (ContHistV2 vs Baseline): 1-0 {White wins by adjudication}
Score of ContHistV2 vs Baseline: 7 - 9 - 9  [0.460] 25
Started game 35 of 10000 (ContHistV2 vs Baseline)
Finished game 28 (Baseline vs ContHistV2): 1/2-1/2 {Draw by 3-fold repetition}
Score of ContHistV2 vs Baseline: 7 - 9 - 10  [0.462] 26
Started game 36 of 10000 (Baseline vs ContHistV2)
Finished game 25 (ContHistV2 vs Baseline): 1/2-1/2 {Draw by 3-fold repetition}
Score of ContHistV2 vs Baseline: 7 - 9 - 11  [0.463] 27
Started game 37 of 10000 (ContHistV2 vs Baseline)
Finished game 29 (ContHistV2 vs Baseline): 0-1 {Black wins by adjudication}
Score of ContHistV2 vs Baseline: 7 - 10 - 11  [0.446] 28
Started game 38 of 10000 (Baseline vs ContHistV2)
Finished game 32 (Baseline vs ContHistV2): 0-1 {Black wins by adjudication}
Score of ContHistV2 vs Baseline: 8 - 10 - 11  [0.466] 29
Started game 39 of 10000 (ContHistV2 vs Baseline)
Finished game 30 (Baseline vs ContHistV2): 0-1 {Black mates}
Score of ContHistV2 vs Baseline: 9 - 10 - 11  [0.483] 30
Started game 40 of 10000 (Baseline vs ContHistV2)
Finished game 24 (Baseline vs ContHistV2): 1/2-1/2 {Draw by fifty moves rule}
Score of ContHistV2 vs Baseline: 9 - 10 - 12  [0.484] 31
Started game 41 of 10000 (ContHistV2 vs Baseline)
Finished game 31 (ContHistV2 vs Baseline): 0-1 {Black wins by adjudication}
Score of ContHistV2 vs Baseline: 9 - 11 - 12  [0.469] 32
Started game 42 of 10000 (Baseline vs ContHistV2)
Finished game 34 (Baseline vs ContHistV2): 0-1 {Black wins by adjudication}
Score of ContHistV2 vs Baseline: 10 - 11 - 12  [0.485] 33
Started game 43 of 10000 (ContHistV2 vs Baseline)
Finished game 33 (ContHistV2 vs Baseline): 0-1 {Black wins by adjudication}
Score of ContHistV2 vs Baseline: 10 - 12 - 12  [0.471] 34
Started game 44 of 10000 (Baseline vs ContHistV2)
Finished game 36 (Baseline vs ContHistV2): 1-0 {White wins by adjudication}
Score of ContHistV2 vs Baseline: 10 - 13 - 12  [0.457] 35
Started game 45 of 10000 (ContHistV2 vs Baseline)
Finished game 38 (Baseline vs ContHistV2): 0-1 {Black wins by adjudication}
Score of ContHistV2 vs Baseline: 11 - 13 - 12  [0.472] 36
Started game 46 of 10000 (Baseline vs ContHistV2)
Finished game 40 (Baseline vs ContHistV2): 1/2-1/2 {Draw by 3-fold repetition}
Score of ContHistV2 vs Baseline: 11 - 13 - 13  [0.473] 37
Started game 47 of 10000 (ContHistV2 vs Baseline)
Finished game 39 (ContHistV2 vs Baseline): 0-1 {Black wins by adjudication}
Score of ContHistV2 vs Baseline: 11 - 14 - 13  [0.461] 38
Started game 48 of 10000 (Baseline vs ContHistV2)
Finished game 35 (ContHistV2 vs Baseline): 1/2-1/2 {Draw by fifty moves rule}
Score of ContHistV2 vs Baseline: 11 - 14 - 14  [0.462] 39
Started game 49 of 10000 (ContHistV2 vs Baseline)
Finished game 41 (ContHistV2 vs Baseline): 1/2-1/2 {Draw by 3-fold repetition}
Score of ContHistV2 vs Baseline: 11 - 14 - 15  [0.463] 40
Started game 50 of 10000 (Baseline vs ContHistV2)
Finished game 42 (Baseline vs ContHistV2): 1-0 {White wins by adjudication}
Score of ContHistV2 vs Baseline: 11 - 15 - 15  [0.451] 41
Started game 51 of 10000 (ContHistV2 vs Baseline)
Finished game 37 (ContHistV2 vs Baseline): 0-1 {Black mates}
Score of ContHistV2 vs Baseline: 11 - 16 - 15  [0.440] 42
Started game 52 of 10000 (Baseline vs ContHistV2)
Finished game 44 (Baseline vs ContHistV2): 1/2-1/2 {Draw by adjudication}
Score of ContHistV2 vs Baseline: 11 - 16 - 16  [0.442] 43
Started game 53 of 10000 (ContHistV2 vs Baseline)
Finished game 46 (Baseline vs ContHistV2): 1-0 {White wins by adjudication}
Score of ContHistV2 vs Baseline: 11 - 17 - 16  [0.432] 44
Started game 54 of 10000 (Baseline vs ContHistV2)
Finished game 43 (ContHistV2 vs Baseline): 0-1 {Black wins by adjudication}
Score of ContHistV2 vs Baseline: 11 - 18 - 16  [0.422] 45
Started game 55 of 10000 (ContHistV2 vs Baseline)
Finished game 49 (ContHistV2 vs Baseline): 1-0 {White wins by adjudication}
Score of ContHistV2 vs Baseline: 12 - 18 - 16  [0.435] 46
Started game 56 of 10000 (Baseline vs ContHistV2)
Finished game 45 (ContHistV2 vs Baseline): 1/2-1/2 {Draw by adjudication}
Score of ContHistV2 vs Baseline: 12 - 18 - 17  [0.436] 47
Started game 57 of 10000 (ContHistV2 vs Baseline)
Finished game 47 (ContHistV2 vs Baseline): 0-1 {Black wins by adjudication}
Score of ContHistV2 vs Baseline: 12 - 19 - 17  [0.427] 48
Started game 58 of 10000 (Baseline vs ContHistV2)
Finished game 50 (Baseline vs ContHistV2): 1-0 {White wins by adjudication}
Score of ContHistV2 vs Baseline: 12 - 20 - 17  [0.418] 49
Started game 59 of 10000 (ContHistV2 vs Baseline)
Finished game 52 (Baseline vs ContHistV2): 0-1 {Black wins by adjudication}
Score of ContHistV2 vs Baseline: 13 - 20 - 17  [0.430] 50
Started game 60 of 10000 (Baseline vs ContHistV2)
Finished game 53 (ContHistV2 vs Baseline): 0-1 {Black wins by adjudication}
Score of ContHistV2 vs Baseline: 13 - 21 - 17  [0.422] 51
Started game 61 of 10000 (ContHistV2 vs Baseline)
Finished game 55 (ContHistV2 vs Baseline): 1-0 {White wins by adjudication}
Score of ContHistV2 vs Baseline: 14 - 21 - 17  [0.433] 52
Started game 62 of 10000 (Baseline vs ContHistV2)
Finished game 51 (ContHistV2 vs Baseline): 1/2-1/2 {Draw by adjudication}
Score of ContHistV2 vs Baseline: 14 - 21 - 18  [0.434] 53
Started game 63 of 10000 (ContHistV2 vs Baseline)
Finished game 58 (Baseline vs ContHistV2): 1-0 {White wins by adjudication}
Score of ContHistV2 vs Baseline: 14 - 22 - 18  [0.426] 54
Started game 64 of 10000 (Baseline vs ContHistV2)
Finished game 48 (Baseline vs ContHistV2): 1-0 {White wins by adjudication}
Score of ContHistV2 vs Baseline: 14 - 23 - 18  [0.418] 55
Started game 65 of 10000 (ContHistV2 vs Baseline)
Finished game 54 (Baseline vs ContHistV2): 1-0 {White wins by adjudication}
Score of ContHistV2 vs Baseline: 14 - 24 - 18  [0.411] 56
Started game 66 of 10000 (Baseline vs ContHistV2)
Finished game 57 (ContHistV2 vs Baseline): 0-1 {Black wins by adjudication}
Score of ContHistV2 vs Baseline: 14 - 25 - 18  [0.404] 57
Started game 67 of 10000 (ContHistV2 vs Baseline)
Finished game 56 (Baseline vs ContHistV2): 1-0 {White wins by adjudication}
Score of ContHistV2 vs Baseline: 14 - 26 - 18  [0.397] 58
Started game 68 of 10000 (Baseline vs ContHistV2)
Finished game 59 (ContHistV2 vs Baseline): 1/2-1/2 {Draw by insufficient mating material}
Score of ContHistV2 vs Baseline: 14 - 26 - 19  [0.398] 59
Started game 69 of 10000 (ContHistV2 vs Baseline)
Finished game 60 (Baseline vs ContHistV2): 1-0 {White wins by adjudication}
Score of ContHistV2 vs Baseline: 14 - 27 - 19  [0.392] 60
Started game 70 of 10000 (Baseline vs ContHistV2)
Finished game 61 (ContHistV2 vs Baseline): 1-0 {White wins by adjudication}
Score of ContHistV2 vs Baseline: 15 - 27 - 19  [0.402] 61
Started game 71 of 10000 (ContHistV2 vs Baseline)
Finished game 63 (ContHistV2 vs Baseline): 1/2-1/2 {Draw by 3-fold repetition}
Score of ContHistV2 vs Baseline: 15 - 27 - 20  [0.403] 62
Started game 72 of 10000 (Baseline vs ContHistV2)
Finished game 64 (Baseline vs ContHistV2): 1-0 {White wins by adjudication}
Score of ContHistV2 vs Baseline: 15 - 28 - 20  [0.397] 63
Started game 73 of 10000 (ContHistV2 vs Baseline)
Finished game 68 (Baseline vs ContHistV2): 0-1 {Black wins by adjudication}
Score of ContHistV2 vs Baseline: 16 - 28 - 20  [0.406] 64
Started game 74 of 10000 (Baseline vs ContHistV2)
Finished game 62 (Baseline vs ContHistV2): 1/2-1/2 {Draw by fifty moves rule}
Score of ContHistV2 vs Baseline: 16 - 28 - 21  [0.408] 65
Started game 75 of 10000 (ContHistV2 vs Baseline)
Finished game 69 (ContHistV2 vs Baseline): 1-0 {White wins by adjudication}
Score of ContHistV2 vs Baseline: 17 - 28 - 21  [0.417] 66
Started game 76 of 10000 (Baseline vs ContHistV2)
Finished game 65 (ContHistV2 vs Baseline): 1/2-1/2 {Draw by 3-fold repetition}
Score of ContHistV2 vs Baseline: 17 - 28 - 22  [0.418] 67
Started game 77 of 10000 (ContHistV2 vs Baseline)
Finished game 66 (Baseline vs ContHistV2): 0-1 {Black wins by adjudication}
Score of ContHistV2 vs Baseline: 18 - 28 - 22  [0.426] 68
Started game 78 of 10000 (Baseline vs ContHistV2)
Finished game 67 (ContHistV2 vs Baseline): 1/2-1/2 {Draw by adjudication}
Score of ContHistV2 vs Baseline: 18 - 28 - 23  [0.428] 69
Started game 79 of 10000 (ContHistV2 vs Baseline)
Finished game 70 (Baseline vs ContHistV2): 1-0 {White wins by adjudication}
Score of ContHistV2 vs Baseline: 18 - 29 - 23  [0.421] 70
Started game 80 of 10000 (Baseline vs ContHistV2)
Finished game 76 (Baseline vs ContHistV2): 1-0 {White wins by adjudication}
Score of ContHistV2 vs Baseline: 18 - 30 - 23  [0.415] 71
Started game 81 of 10000 (ContHistV2 vs Baseline)
Finished game 71 (ContHistV2 vs Baseline): 1-0 {White wins by adjudication}
Score of ContHistV2 vs Baseline: 19 - 30 - 23  [0.424] 72
Started game 82 of 10000 (Baseline vs ContHistV2)
Finished game 72 (Baseline vs ContHistV2): 1-0 {White wins by adjudication}
Score of ContHistV2 vs Baseline: 19 - 31 - 23  [0.418] 73
Started game 83 of 10000 (ContHistV2 vs Baseline)
Finished game 75 (ContHistV2 vs Baseline): 1/2-1/2 {Draw by insufficient mating material}
Score of ContHistV2 vs Baseline: 19 - 31 - 24  [0.419] 74
Started game 84 of 10000 (Baseline vs ContHistV2)
Finished game 73 (ContHistV2 vs Baseline): 0-1 {Black wins by adjudication}
Score of ContHistV2 vs Baseline: 19 - 32 - 24  [0.413] 75
Started game 85 of 10000 (ContHistV2 vs Baseline)
Finished game 78 (Baseline vs ContHistV2): 1/2-1/2 {Draw by 3-fold repetition}
Score of ContHistV2 vs Baseline: 19 - 32 - 25  [0.414] 76
Started game 86 of 10000 (Baseline vs ContHistV2)
Finished game 74 (Baseline vs ContHistV2): 1-0 {White wins by adjudication}
Score of ContHistV2 vs Baseline: 19 - 33 - 25  [0.409] 77
Started game 87 of 10000 (ContHistV2 vs Baseline)
Finished game 77 (ContHistV2 vs Baseline): 0-1 {Black wins by adjudication}
Score of ContHistV2 vs Baseline: 19 - 34 - 25  [0.404] 78
Started game 88 of 10000 (Baseline vs ContHistV2)
Finished game 79 (ContHistV2 vs Baseline): 0-1 {Black wins by adjudication}
Score of ContHistV2 vs Baseline: 19 - 35 - 25  [0.399] 79
Started game 89 of 10000 (ContHistV2 vs Baseline)
Finished game 81 (ContHistV2 vs Baseline): 1-0 {White wins by adjudication}
Score of ContHistV2 vs Baseline: 20 - 35 - 25  [0.406] 80
Started game 90 of 10000 (Baseline vs ContHistV2)
Finished game 80 (Baseline vs ContHistV2): 1-0 {White wins by adjudication}
Score of ContHistV2 vs Baseline: 20 - 36 - 25  [0.401] 81
Started game 91 of 10000 (ContHistV2 vs Baseline)
Finished game 82 (Baseline vs ContHistV2): 1-0 {White wins by adjudication}
Score of ContHistV2 vs Baseline: 20 - 37 - 25  [0.396] 82
Started game 92 of 10000 (Baseline vs ContHistV2)
Finished game 86 (Baseline vs ContHistV2): 0-1 {Black wins by adjudication}
Score of ContHistV2 vs Baseline: 21 - 37 - 25  [0.404] 83
Started game 93 of 10000 (ContHistV2 vs Baseline)
Finished game 89 (ContHistV2 vs Baseline): 1/2-1/2 {Draw by 3-fold repetition}
Score of ContHistV2 vs Baseline: 21 - 37 - 26  [0.405] 84
Started game 94 of 10000 (Baseline vs ContHistV2)
Finished game 83 (ContHistV2 vs Baseline): 1/2-1/2 {Draw by insufficient mating material}
Score of ContHistV2 vs Baseline: 21 - 37 - 27  [0.406] 85
Started game 95 of 10000 (ContHistV2 vs Baseline)
Finished game 85 (ContHistV2 vs Baseline): 0-1 {Black wins by adjudication}
Score of ContHistV2 vs Baseline: 21 - 38 - 27  [0.401] 86
Started game 96 of 10000 (Baseline vs ContHistV2)
Finished game 88 (Baseline vs ContHistV2): 0-1 {Black wins by adjudication}
Score of ContHistV2 vs Baseline: 22 - 38 - 27  [0.408] 87
Started game 97 of 10000 (ContHistV2 vs Baseline)
Finished game 87 (ContHistV2 vs Baseline): 1-0 {White wins by adjudication}
Score of ContHistV2 vs Baseline: 23 - 38 - 27  [0.415] 88
Started game 98 of 10000 (Baseline vs ContHistV2)
Finished game 93 (ContHistV2 vs Baseline): 1/2-1/2 {Draw by 3-fold repetition}
Score of ContHistV2 vs Baseline: 23 - 38 - 28  [0.416] 89
Started game 99 of 10000 (ContHistV2 vs Baseline)
Finished game 84 (Baseline vs ContHistV2): 1/2-1/2 {Draw by fifty moves rule}
Score of ContHistV2 vs Baseline: 23 - 38 - 29  [0.417] 90
Started game 100 of 10000 (Baseline vs ContHistV2)
Finished game 91 (ContHistV2 vs Baseline): 1/2-1/2 {Draw by 3-fold repetition}
Score of ContHistV2 vs Baseline: 23 - 38 - 30  [0.418] 91
Started game 101 of 10000 (ContHistV2 vs Baseline)
Finished game 90 (Baseline vs ContHistV2): 1/2-1/2 {Draw by 3-fold repetition}
Score of ContHistV2 vs Baseline: 23 - 38 - 31  [0.418] 92
Started game 102 of 10000 (Baseline vs ContHistV2)
Finished game 92 (Baseline vs ContHistV2): 0-1 {Black wins by adjudication}
Score of ContHistV2 vs Baseline: 24 - 38 - 31  [0.425] 93
Started game 103 of 10000 (ContHistV2 vs Baseline)
Finished game 96 (Baseline vs ContHistV2): 1/2-1/2 {Draw by insufficient mating material}
Score of ContHistV2 vs Baseline: 24 - 38 - 32  [0.426] 94
Started game 104 of 10000 (Baseline vs ContHistV2)
Finished game 94 (Baseline vs ContHistV2): 0-1 {Black wins by adjudication}
Score of ContHistV2 vs Baseline: 25 - 38 - 32  [0.432] 95
Started game 105 of 10000 (ContHistV2 vs Baseline)
Finished game 101 (ContHistV2 vs Baseline): 0-1 {Black wins by adjudication}
Score of ContHistV2 vs Baseline: 25 - 39 - 32  [0.427] 96
Started game 106 of 10000 (Baseline vs ContHistV2)
Finished game 95 (ContHistV2 vs Baseline): 0-1 {Black wins by adjudication}
Score of ContHistV2 vs Baseline: 25 - 40 - 32  [0.423] 97
Started game 107 of 10000 (ContHistV2 vs Baseline)
Finished game 98 (Baseline vs ContHistV2): 1/2-1/2 {Draw by adjudication}
Score of ContHistV2 vs Baseline: 25 - 40 - 33  [0.423] 98
Started game 108 of 10000 (Baseline vs ContHistV2)
Finished game 102 (Baseline vs ContHistV2): 1/2-1/2 {Draw by 3-fold repetition}
Score of ContHistV2 vs Baseline: 25 - 40 - 34  [0.424] 99
Started game 109 of 10000 (ContHistV2 vs Baseline)
Finished game 97 (ContHistV2 vs Baseline): 1-0 {White wins by adjudication}
Score of ContHistV2 vs Baseline: 26 - 40 - 34  [0.430] 100
Started game 110 of 10000 (Baseline vs ContHistV2)
Finished game 99 (ContHistV2 vs Baseline): 0-1 {Black wins by adjudication}
Score of ContHistV2 vs Baseline: 26 - 41 - 34  [0.426] 101
Started game 111 of 10000 (ContHistV2 vs Baseline)
Finished game 103 (ContHistV2 vs Baseline): 0-1 {Black wins by adjudication}
Score of ContHistV2 vs Baseline: 26 - 42 - 34  [0.422] 102
Started game 112 of 10000 (Baseline vs ContHistV2)
Finished game 105 (ContHistV2 vs Baseline): 1-0 {White wins by adjudication}
Score of ContHistV2 vs Baseline: 27 - 42 - 34  [0.427] 103
Started game 113 of 10000 (ContHistV2 vs Baseline)
Finished game 104 (Baseline vs ContHistV2): 0-1 {Black wins by adjudication}
Score of ContHistV2 vs Baseline: 28 - 42 - 34  [0.433] 104
Started game 114 of 10000 (Baseline vs ContHistV2)
Finished game 108 (Baseline vs ContHistV2): 1-0 {White wins by adjudication}
Score of ContHistV2 vs Baseline: 28 - 43 - 34  [0.429] 105
Started game 115 of 10000 (ContHistV2 vs Baseline)
Finished game 100 (Baseline vs ContHistV2): 1/2-1/2 {Draw by fifty moves rule}
Score of ContHistV2 vs Baseline: 28 - 43 - 35  [0.429] 106
Started game 116 of 10000 (Baseline vs ContHistV2)
Finished game 106 (Baseline vs ContHistV2): 0-1 {Black wins by adjudication}
Score of ContHistV2 vs Baseline: 29 - 43 - 35  [0.435] 107
Started game 117 of 10000 (ContHistV2 vs Baseline)
Finished game 110 (Baseline vs ContHistV2): 1/2-1/2 {Draw by 3-fold repetition}
Score of ContHistV2 vs Baseline: 29 - 43 - 36  [0.435] 108
Started game 118 of 10000 (Baseline vs ContHistV2)
Finished game 109 (ContHistV2 vs Baseline): 1-0 {White wins by adjudication}
Score of ContHistV2 vs Baseline: 30 - 43 - 36  [0.440] 109
Started game 119 of 10000 (ContHistV2 vs Baseline)
Finished game 107 (ContHistV2 vs Baseline): 1/2-1/2 {Draw by fifty moves rule}
Score of ContHistV2 vs Baseline: 30 - 43 - 37  [0.441] 110
Started game 120 of 10000 (Baseline vs ContHistV2)
Finished game 111 (ContHistV2 vs Baseline): 1-0 {White wins by adjudication}
Score of ContHistV2 vs Baseline: 31 - 43 - 37  [0.446] 111
Started game 121 of 10000 (ContHistV2 vs Baseline)
Finished game 112 (Baseline vs ContHistV2): 1-0 {White wins by adjudication}
Score of ContHistV2 vs Baseline: 31 - 44 - 37  [0.442] 112
Started game 122 of 10000 (Baseline vs ContHistV2)
Finished game 113 (ContHistV2 vs Baseline): 0-1 {Black wins by adjudication}
Score of ContHistV2 vs Baseline: 31 - 45 - 37  [0.438] 113
Started game 123 of 10000 (ContHistV2 vs Baseline)
Finished game 115 (ContHistV2 vs Baseline): 1/2-1/2 {Draw by 3-fold repetition}
Score of ContHistV2 vs Baseline: 31 - 45 - 38  [0.439] 114
Started game 124 of 10000 (Baseline vs ContHistV2)
Finished game 117 (ContHistV2 vs Baseline): 1-0 {White mates}
Score of ContHistV2 vs Baseline: 32 - 45 - 38  [0.443] 115
Started game 125 of 10000 (ContHistV2 vs Baseline)
Finished game 116 (Baseline vs ContHistV2): 0-1 {Black wins by adjudication}
Score of ContHistV2 vs Baseline: 33 - 45 - 38  [0.448] 116
Started game 126 of 10000 (Baseline vs ContHistV2)
Finished game 119 (ContHistV2 vs Baseline): 1-0 {White wins by adjudication}
Score of ContHistV2 vs Baseline: 34 - 45 - 38  [0.453] 117
Started game 127 of 10000 (ContHistV2 vs Baseline)
Finished game 120 (Baseline vs ContHistV2): 1/2-1/2 {Draw by 3-fold repetition}
Score of ContHistV2 vs Baseline: 34 - 45 - 39  [0.453] 118
Started game 128 of 10000 (Baseline vs ContHistV2)
Finished game 118 (Baseline vs ContHistV2): 1-0 {White wins by adjudication}
Score of ContHistV2 vs Baseline: 34 - 46 - 39  [0.450] 119
Started game 129 of 10000 (ContHistV2 vs Baseline)
Finished game 122 (Baseline vs ContHistV2): 0-1 {Black wins by adjudication}
Score of ContHistV2 vs Baseline: 35 - 46 - 39  [0.454] 120
Started game 130 of 10000 (Baseline vs ContHistV2)
Finished game 125 (ContHistV2 vs Baseline): 1-0 {White wins by adjudication}
Score of ContHistV2 vs Baseline: 36 - 46 - 39  [0.459] 121
Started game 131 of 10000 (ContHistV2 vs Baseline)
Finished game 121 (ContHistV2 vs Baseline): 0-1 {Black wins by adjudication}
Score of ContHistV2 vs Baseline: 36 - 47 - 39  [0.455] 122
Started game 132 of 10000 (Baseline vs ContHistV2)
Finished game 123 (ContHistV2 vs Baseline): 0-1 {Black wins by adjudication}
Score of ContHistV2 vs Baseline: 36 - 48 - 39  [0.451] 123
Started game 133 of 10000 (ContHistV2 vs Baseline)
Finished game 133 (ContHistV2 vs Baseline): 1-0 {White mates}
Score of ContHistV2 vs Baseline: 37 - 48 - 39  [0.456] 124
Started game 134 of 10000 (Baseline vs ContHistV2)
Finished game 124 (Baseline vs ContHistV2): 1/2-1/2 {Draw by 3-fold repetition}
Score of ContHistV2 vs Baseline: 37 - 48 - 40  [0.456] 125
Started game 135 of 10000 (ContHistV2 vs Baseline)
Finished game 114 (Baseline vs ContHistV2): 1-0 {White wins by adjudication}
Score of ContHistV2 vs Baseline: 37 - 49 - 40  [0.452] 126
Started game 136 of 10000 (Baseline vs ContHistV2)
Finished game 134 (Baseline vs ContHistV2): 1-0 {White mates}
Score of ContHistV2 vs Baseline: 37 - 50 - 40  [0.449] 127
Started game 137 of 10000 (ContHistV2 vs Baseline)
Finished game 127 (ContHistV2 vs Baseline): 1-0 {White wins by adjudication}
Score of ContHistV2 vs Baseline: 38 - 50 - 40  [0.453] 128
Started game 138 of 10000 (Baseline vs ContHistV2)
Finished game 126 (Baseline vs ContHistV2): 1/2-1/2 {Draw by insufficient mating material}
Score of ContHistV2 vs Baseline: 38 - 50 - 41  [0.453] 129
Started game 139 of 10000 (ContHistV2 vs Baseline)
Finished game 128 (Baseline vs ContHistV2): 1/2-1/2 {Draw by 3-fold repetition}
Score of ContHistV2 vs Baseline: 38 - 50 - 42  [0.454] 130
Started game 140 of 10000 (Baseline vs ContHistV2)
Finished game 131 (ContHistV2 vs Baseline): 0-1 {Black wins by adjudication}
Score of ContHistV2 vs Baseline: 38 - 51 - 42  [0.450] 131
Started game 141 of 10000 (ContHistV2 vs Baseline)
Finished game 132 (Baseline vs ContHistV2): 1/2-1/2 {Draw by adjudication}
Score of ContHistV2 vs Baseline: 38 - 51 - 43  [0.451] 132
Started game 142 of 10000 (Baseline vs ContHistV2)
Finished game 130 (Baseline vs ContHistV2): 0-1 {Black wins by adjudication}
Score of ContHistV2 vs Baseline: 39 - 51 - 43  [0.455] 133
Started game 143 of 10000 (ContHistV2 vs Baseline)
Finished game 129 (ContHistV2 vs Baseline): 1/2-1/2 {Draw by insufficient mating material}
Score of ContHistV2 vs Baseline: 39 - 51 - 44  [0.455] 134
Started game 144 of 10000 (Baseline vs ContHistV2)
Finished game 137 (ContHistV2 vs Baseline): 1-0 {White wins by adjudication}
Score of ContHistV2 vs Baseline: 40 - 51 - 44  [0.459] 135
Started game 145 of 10000 (ContHistV2 vs Baseline)
Finished game 135 (ContHistV2 vs Baseline): 1/2-1/2 {Draw by 3-fold repetition}
Score of ContHistV2 vs Baseline: 40 - 51 - 45  [0.460] 136
Started game 146 of 10000 (Baseline vs ContHistV2)
Finished game 136 (Baseline vs ContHistV2): 0-1 {Black wins by adjudication}
Score of ContHistV2 vs Baseline: 41 - 51 - 45  [0.464] 137
Started game 147 of 10000 (ContHistV2 vs Baseline)
Finished game 138 (Baseline vs ContHistV2): 1-0 {White wins by adjudication}
Score of ContHistV2 vs Baseline: 41 - 52 - 45  [0.460] 138
Started game 148 of 10000 (Baseline vs ContHistV2)
Finished game 139 (ContHistV2 vs Baseline): 1/2-1/2 {Draw by insufficient mating material}
Score of ContHistV2 vs Baseline: 41 - 52 - 46  [0.460] 139
Started game 149 of 10000 (ContHistV2 vs Baseline)
Finished game 140 (Baseline vs ContHistV2): 0-1 {Black wins by adjudication}
Score of ContHistV2 vs Baseline: 42 - 52 - 46  [0.464] 140
Started game 150 of 10000 (Baseline vs ContHistV2)
Finished game 144 (Baseline vs ContHistV2): 1/2-1/2 {Draw by 3-fold repetition}
Score of ContHistV2 vs Baseline: 42 - 52 - 47  [0.465] 141
Started game 151 of 10000 (ContHistV2 vs Baseline)
Finished game 142 (Baseline vs ContHistV2): 1-0 {White wins by adjudication}
Score of ContHistV2 vs Baseline: 42 - 53 - 47  [0.461] 142
Started game 152 of 10000 (Baseline vs ContHistV2)
Finished game 141 (ContHistV2 vs Baseline): 1/2-1/2 {Draw by insufficient mating material}
Score of ContHistV2 vs Baseline: 42 - 53 - 48  [0.462] 143
Started game 153 of 10000 (ContHistV2 vs Baseline)
Finished game 145 (ContHistV2 vs Baseline): 0-1 {Black wins by adjudication}
Score of ContHistV2 vs Baseline: 42 - 54 - 48  [0.458] 144
Started game 154 of 10000 (Baseline vs ContHistV2)
Finished game 147 (ContHistV2 vs Baseline): 1/2-1/2 {Draw by 3-fold repetition}
Score of ContHistV2 vs Baseline: 42 - 54 - 49  [0.459] 145
Started game 155 of 10000 (ContHistV2 vs Baseline)
Finished game 146 (Baseline vs ContHistV2): 1-0 {White wins by adjudication}
Score of ContHistV2 vs Baseline: 42 - 55 - 49  [0.455] 146
Started game 156 of 10000 (Baseline vs ContHistV2)
Finished game 149 (ContHistV2 vs Baseline): 0-1 {Black wins by adjudication}
Score of ContHistV2 vs Baseline: 42 - 56 - 49  [0.452] 147
Started game 157 of 10000 (ContHistV2 vs Baseline)
Finished game 143 (ContHistV2 vs Baseline): 1/2-1/2 {Draw by fifty moves rule}
Score of ContHistV2 vs Baseline: 42 - 56 - 50  [0.453] 148
Started game 158 of 10000 (Baseline vs ContHistV2)
Finished game 151 (ContHistV2 vs Baseline): 1-0 {White wins by adjudication}
Score of ContHistV2 vs Baseline: 43 - 56 - 50  [0.456] 149
Started game 159 of 10000 (ContHistV2 vs Baseline)
Finished game 148 (Baseline vs ContHistV2): 1/2-1/2 {Draw by insufficient mating material}
Score of ContHistV2 vs Baseline: 43 - 56 - 51  [0.457] 150
Started game 160 of 10000 (Baseline vs ContHistV2)
Finished game 150 (Baseline vs ContHistV2): 1-0 {White wins by adjudication}
Score of ContHistV2 vs Baseline: 43 - 57 - 51  [0.454] 151
Started game 161 of 10000 (ContHistV2 vs Baseline)
Finished game 154 (Baseline vs ContHistV2): 1/2-1/2 {Draw by 3-fold repetition}
Score of ContHistV2 vs Baseline: 43 - 57 - 52  [0.454] 152
Started game 162 of 10000 (Baseline vs ContHistV2)
Finished game 152 (Baseline vs ContHistV2): 1-0 {White wins by adjudication}
Score of ContHistV2 vs Baseline: 43 - 58 - 52  [0.451] 153
Started game 163 of 10000 (ContHistV2 vs Baseline)
Finished game 153 (ContHistV2 vs Baseline): 1-0 {White wins by adjudication}
Score of ContHistV2 vs Baseline: 44 - 58 - 52  [0.455] 154
Started game 164 of 10000 (Baseline vs ContHistV2)
Finished game 156 (Baseline vs ContHistV2): 1-0 {White wins by adjudication}
Score of ContHistV2 vs Baseline: 44 - 59 - 52  [0.452] 155
Started game 165 of 10000 (ContHistV2 vs Baseline)
Finished game 160 (Baseline vs ContHistV2): 1-0 {White wins by adjudication}
Score of ContHistV2 vs Baseline: 44 - 60 - 52  [0.449] 156
Started game 166 of 10000 (Baseline vs ContHistV2)
Finished game 157 (ContHistV2 vs Baseline): 1/2-1/2 {Draw by 3-fold repetition}
Score of ContHistV2 vs Baseline: 44 - 60 - 53  [0.449] 157
Started game 167 of 10000 (ContHistV2 vs Baseline)
Finished game 155 (ContHistV2 vs Baseline): 0-1 {Black wins by adjudication}
Score of ContHistV2 vs Baseline: 44 - 61 - 53  [0.446] 158
Started game 168 of 10000 (Baseline vs ContHistV2)
Finished game 159 (ContHistV2 vs Baseline): 0-1 {Black wins by adjudication}
Score of ContHistV2 vs Baseline: 44 - 62 - 53  [0.443] 159
Started game 169 of 10000 (ContHistV2 vs Baseline)
Finished game 161 (ContHistV2 vs Baseline): 1-0 {White wins by adjudication}
Score of ContHistV2 vs Baseline: 45 - 62 - 53  [0.447] 160
Finished game 158 (Baseline vs ContHistV2): 1/2-1/2 {Draw by fifty moves rule}
Score of ContHistV2 vs Baseline: 45 - 62 - 54  [0.447] 161
Started game 170 of 10000 (Baseline vs ContHistV2)
Started game 171 of 10000 (ContHistV2 vs Baseline)
Finished game 164 (Baseline vs ContHistV2): 1-0 {White wins by adjudication}
Score of ContHistV2 vs Baseline: 45 - 63 - 54  [0.444] 162
Started game 172 of 10000 (Baseline vs ContHistV2)
Finished game 162 (Baseline vs ContHistV2): 1-0 {White wins by adjudication}
Score of ContHistV2 vs Baseline: 45 - 64 - 54  [0.442] 163
Started game 173 of 10000 (ContHistV2 vs Baseline)
Finished game 165 (ContHistV2 vs Baseline): 1-0 {White wins by adjudication}
Score of ContHistV2 vs Baseline: 46 - 64 - 54  [0.445] 164
Started game 174 of 10000 (Baseline vs ContHistV2)
Finished game 163 (ContHistV2 vs Baseline): 1-0 {White wins by adjudication}
Score of ContHistV2 vs Baseline: 47 - 64 - 54  [0.448] 165
Started game 175 of 10000 (ContHistV2 vs Baseline)
Finished game 167 (ContHistV2 vs Baseline): 1-0 {White wins by adjudication}
Score of ContHistV2 vs Baseline: 48 - 64 - 54  [0.452] 166
Started game 176 of 10000 (Baseline vs ContHistV2)
Finished game 169 (ContHistV2 vs Baseline): 1-0 {White wins by adjudication}
Score of ContHistV2 vs Baseline: 49 - 64 - 54  [0.455] 167
Started game 177 of 10000 (ContHistV2 vs Baseline)
Finished game 168 (Baseline vs ContHistV2): 1/2-1/2 {Draw by 3-fold repetition}
Score of ContHistV2 vs Baseline: 49 - 64 - 55  [0.455] 168
Started game 178 of 10000 (Baseline vs ContHistV2)
Finished game 172 (Baseline vs ContHistV2): 1-0 {White wins by adjudication}
Score of ContHistV2 vs Baseline: 49 - 65 - 55  [0.453] 169
Started game 179 of 10000 (ContHistV2 vs Baseline)
Finished game 170 (Baseline vs ContHistV2): 0-1 {Black wins by adjudication}
Score of ContHistV2 vs Baseline: 50 - 65 - 55  [0.456] 170
Started game 180 of 10000 (Baseline vs ContHistV2)
Finished game 171 (ContHistV2 vs Baseline): 1-0 {White wins by adjudication}
Score of ContHistV2 vs Baseline: 51 - 65 - 55  [0.459] 171
Started game 181 of 10000 (ContHistV2 vs Baseline)
Finished game 174 (Baseline vs ContHistV2): 1-0 {White wins by adjudication}
Score of ContHistV2 vs Baseline: 51 - 66 - 55  [0.456] 172
Started game 182 of 10000 (Baseline vs ContHistV2)
Finished game 173 (ContHistV2 vs Baseline): 1/2-1/2 {Draw by adjudication}
Score of ContHistV2 vs Baseline: 51 - 66 - 56  [0.457] 173
Started game 183 of 10000 (ContHistV2 vs Baseline)
Finished game 166 (Baseline vs ContHistV2): 1/2-1/2 {Draw by fifty moves rule}
Score of ContHistV2 vs Baseline: 51 - 66 - 57  [0.457] 174
Started game 184 of 10000 (Baseline vs ContHistV2)
Finished game 175 (ContHistV2 vs Baseline): 0-1 {Black wins by adjudication}
Score of ContHistV2 vs Baseline: 51 - 67 - 57  [0.454] 175
Started game 185 of 10000 (ContHistV2 vs Baseline)
Finished game 176 (Baseline vs ContHistV2): 1-0 {White wins by adjudication}
Score of ContHistV2 vs Baseline: 51 - 68 - 57  [0.452] 176
Started game 186 of 10000 (Baseline vs ContHistV2)
Finished game 177 (ContHistV2 vs Baseline): 0-1 {Black wins by adjudication}
Score of ContHistV2 vs Baseline: 51 - 69 - 57  [0.449] 177
Started game 187 of 10000 (ContHistV2 vs Baseline)
Finished game 178 (Baseline vs ContHistV2): 1/2-1/2 {Draw by 3-fold repetition}
Score of ContHistV2 vs Baseline: 51 - 69 - 58  [0.449] 178
Started game 188 of 10000 (Baseline vs ContHistV2)
Finished game 179 (ContHistV2 vs Baseline): 1/2-1/2 {Draw by insufficient mating material}
Score of ContHistV2 vs Baseline: 51 - 69 - 59  [0.450] 179
Started game 189 of 10000 (ContHistV2 vs Baseline)
Finished game 180 (Baseline vs ContHistV2): 0-1 {Black wins by adjudication}
Score of ContHistV2 vs Baseline: 52 - 69 - 59  [0.453] 180
Started game 190 of 10000 (Baseline vs ContHistV2)
Finished game 185 (ContHistV2 vs Baseline): 0-1 {Black mates}
Score of ContHistV2 vs Baseline: 52 - 70 - 59  [0.450] 181
Started game 191 of 10000 (ContHistV2 vs Baseline)
Finished game 182 (Baseline vs ContHistV2): 1-0 {White wins by adjudication}
Score of ContHistV2 vs Baseline: 52 - 71 - 59  [0.448] 182
Started game 192 of 10000 (Baseline vs ContHistV2)
Finished game 184 (Baseline vs ContHistV2): 0-1 {Black wins by adjudication}
Score of ContHistV2 vs Baseline: 53 - 71 - 59  [0.451] 183
Started game 193 of 10000 (ContHistV2 vs Baseline)
Finished game 186 (Baseline vs ContHistV2): 1-0 {White wins by adjudication}
Score of ContHistV2 vs Baseline: 53 - 72 - 59  [0.448] 184
Started game 194 of 10000 (Baseline vs ContHistV2)
Finished game 181 (ContHistV2 vs Baseline): 1/2-1/2 {Draw by fifty moves rule}
Score of ContHistV2 vs Baseline: 53 - 72 - 60  [0.449] 185
Started game 195 of 10000 (ContHistV2 vs Baseline)
Finished game 183 (ContHistV2 vs Baseline): 1/2-1/2 {Draw by fifty moves rule}
Score of ContHistV2 vs Baseline: 53 - 72 - 61  [0.449] 186
Started game 196 of 10000 (Baseline vs ContHistV2)
Finished game 189 (ContHistV2 vs Baseline): 0-1 {Black wins by adjudication}
Score of ContHistV2 vs Baseline: 53 - 73 - 61  [0.447] 187
Started game 197 of 10000 (ContHistV2 vs Baseline)
Finished game 190 (Baseline vs ContHistV2): 1/2-1/2 {Draw by 3-fold repetition}
Score of ContHistV2 vs Baseline: 53 - 73 - 62  [0.447] 188
Started game 198 of 10000 (Baseline vs ContHistV2)
Finished game 187 (ContHistV2 vs Baseline): 1/2-1/2 {Draw by fifty moves rule}
Score of ContHistV2 vs Baseline: 53 - 73 - 63  [0.447] 189
Started game 199 of 10000 (ContHistV2 vs Baseline)
Finished game 193 (ContHistV2 vs Baseline): 1/2-1/2 {Draw by adjudication}
Score of ContHistV2 vs Baseline: 53 - 73 - 64  [0.447] 190
Started game 200 of 10000 (Baseline vs ContHistV2)
Finished game 188 (Baseline vs ContHistV2): 0-1 {Black wins by adjudication}
Score of ContHistV2 vs Baseline: 54 - 73 - 64  [0.450] 191
Started game 201 of 10000 (ContHistV2 vs Baseline)
Finished game 197 (ContHistV2 vs Baseline): 1/2-1/2 {Draw by 3-fold repetition}
Score of ContHistV2 vs Baseline: 54 - 73 - 65  [0.451] 192
Started game 202 of 10000 (Baseline vs ContHistV2)
Finished game 195 (ContHistV2 vs Baseline): 1-0 {White wins by adjudication}
Score of ContHistV2 vs Baseline: 55 - 73 - 65  [0.453] 193
Started game 203 of 10000 (ContHistV2 vs Baseline)
Finished game 192 (Baseline vs ContHistV2): 1-0 {White wins by adjudication}
Score of ContHistV2 vs Baseline: 55 - 74 - 65  [0.451] 194
Started game 204 of 10000 (Baseline vs ContHistV2)
Finished game 191 (ContHistV2 vs Baseline): 1/2-1/2 {Draw by adjudication}
Score of ContHistV2 vs Baseline: 55 - 74 - 66  [0.451] 195
Started game 205 of 10000 (ContHistV2 vs Baseline)
Finished game 196 (Baseline vs ContHistV2): 1-0 {White wins by adjudication}
Score of ContHistV2 vs Baseline: 55 - 75 - 66  [0.449] 196
Started game 206 of 10000 (Baseline vs ContHistV2)
Finished game 194 (Baseline vs ContHistV2): 1/2-1/2 {Draw by insufficient mating material}
Score of ContHistV2 vs Baseline: 55 - 75 - 67  [0.449] 197
Started game 207 of 10000 (ContHistV2 vs Baseline)
Finished game 201 (ContHistV2 vs Baseline): 1/2-1/2 {Draw by 3-fold repetition}
Score of ContHistV2 vs Baseline: 55 - 75 - 68  [0.449] 198
Started game 208 of 10000 (Baseline vs ContHistV2)
Finished game 198 (Baseline vs ContHistV2): 0-1 {Black wins by adjudication}
Score of ContHistV2 vs Baseline: 56 - 75 - 68  [0.452] 199
Started game 209 of 10000 (ContHistV2 vs Baseline)
Finished game 199 (ContHistV2 vs Baseline): 1/2-1/2 {Draw by 3-fold repetition}
Score of ContHistV2 vs Baseline: 56 - 75 - 69  [0.453] 200
Started game 210 of 10000 (Baseline vs ContHistV2)
Finished game 200 (Baseline vs ContHistV2): 1-0 {White wins by adjudication}
Score of ContHistV2 vs Baseline: 56 - 76 - 69  [0.450] 201
Started game 211 of 10000 (ContHistV2 vs Baseline)
Finished game 203 (ContHistV2 vs Baseline): 0-1 {Black wins by adjudication}
Score of ContHistV2 vs Baseline: 56 - 77 - 69  [0.448] 202
Started game 212 of 10000 (Baseline vs ContHistV2)
Finished game 204 (Baseline vs ContHistV2): 1-0 {White wins by adjudication}
Score of ContHistV2 vs Baseline: 56 - 78 - 69  [0.446] 203
Started game 213 of 10000 (ContHistV2 vs Baseline)
Finished game 205 (ContHistV2 vs Baseline): 1-0 {White wins by adjudication}
Score of ContHistV2 vs Baseline: 57 - 78 - 69  [0.449] 204
Started game 214 of 10000 (Baseline vs ContHistV2)
Finished game 207 (ContHistV2 vs Baseline): 1-0 {White wins by adjudication}
Score of ContHistV2 vs Baseline: 58 - 78 - 69  [0.451] 205
Started game 215 of 10000 (ContHistV2 vs Baseline)
Finished game 206 (Baseline vs ContHistV2): 1/2-1/2 {Draw by stalemate}
Score of ContHistV2 vs Baseline: 58 - 78 - 70  [0.451] 206
Started game 216 of 10000 (Baseline vs ContHistV2)
Finished game 209 (ContHistV2 vs Baseline): 0-1 {Black wins by adjudication}
Score of ContHistV2 vs Baseline: 58 - 79 - 70  [0.449] 207
Started game 217 of 10000 (ContHistV2 vs Baseline)
Finished game 208 (Baseline vs ContHistV2): 1-0 {White wins by adjudication}
Score of ContHistV2 vs Baseline: 58 - 80 - 70  [0.447] 208
Started game 218 of 10000 (Baseline vs ContHistV2)
Finished game 202 (Baseline vs ContHistV2): 1/2-1/2 {Draw by fifty moves rule}
Score of ContHistV2 vs Baseline: 58 - 80 - 71  [0.447] 209
Started game 219 of 10000 (ContHistV2 vs Baseline)
Finished game 211 (ContHistV2 vs Baseline): 1-0 {White wins by adjudication}
Score of ContHistV2 vs Baseline: 59 - 80 - 71  [0.450] 210
Started game 220 of 10000 (Baseline vs ContHistV2)
Finished game 210 (Baseline vs ContHistV2): 1/2-1/2 {Draw by 3-fold repetition}
Score of ContHistV2 vs Baseline: 59 - 80 - 72  [0.450] 211
Started game 221 of 10000 (ContHistV2 vs Baseline)
Finished game 219 (ContHistV2 vs Baseline): 1-0 {White wins by adjudication}
Score of ContHistV2 vs Baseline: 60 - 80 - 72  [0.453] 212
Started game 222 of 10000 (Baseline vs ContHistV2)
Finished game 214 (Baseline vs ContHistV2): 1/2-1/2 {Draw by 3-fold repetition}
Score of ContHistV2 vs Baseline: 60 - 80 - 73  [0.453] 213
Started game 223 of 10000 (ContHistV2 vs Baseline)
Finished game 218 (Baseline vs ContHistV2): 1-0 {White wins by adjudication}
Score of ContHistV2 vs Baseline: 60 - 81 - 73  [0.451] 214
Started game 224 of 10000 (Baseline vs ContHistV2)
Finished game 213 (ContHistV2 vs Baseline): 1-0 {White wins by adjudication}
Score of ContHistV2 vs Baseline: 61 - 81 - 73  [0.453] 215
Started game 225 of 10000 (ContHistV2 vs Baseline)
Finished game 215 (ContHistV2 vs Baseline): 1-0 {White wins by adjudication}
Score of ContHistV2 vs Baseline: 62 - 81 - 73  [0.456] 216
Started game 226 of 10000 (Baseline vs ContHistV2)
Finished game 217 (ContHistV2 vs Baseline): 1-0 {White wins by adjudication}
Score of ContHistV2 vs Baseline: 63 - 81 - 73  [0.459] 217
Started game 227 of 10000 (ContHistV2 vs Baseline)
Finished game 212 (Baseline vs ContHistV2): 1/2-1/2 {Draw by fifty moves rule}
Score of ContHistV2 vs Baseline: 63 - 81 - 74  [0.459] 218
Started game 228 of 10000 (Baseline vs ContHistV2)
Finished game 223 (ContHistV2 vs Baseline): 1-0 {White wins by adjudication}
Score of ContHistV2 vs Baseline: 64 - 81 - 74  [0.461] 219
Started game 229 of 10000 (ContHistV2 vs Baseline)
Finished game 221 (ContHistV2 vs Baseline): 1/2-1/2 {Draw by insufficient mating material}
Score of ContHistV2 vs Baseline: 64 - 81 - 75  [0.461] 220
Started game 230 of 10000 (Baseline vs ContHistV2)
Finished game 216 (Baseline vs ContHistV2): 1/2-1/2 {Draw by fifty moves rule}
Score of ContHistV2 vs Baseline: 64 - 81 - 76  [0.462] 221
Started game 231 of 10000 (ContHistV2 vs Baseline)
Finished game 222 (Baseline vs ContHistV2): 1-0 {White wins by adjudication}
Score of ContHistV2 vs Baseline: 64 - 82 - 76  [0.459] 222
Started game 232 of 10000 (Baseline vs ContHistV2)
Finished game 227 (ContHistV2 vs Baseline): 0-1 {Black wins by adjudication}
Score of ContHistV2 vs Baseline: 64 - 83 - 76  [0.457] 223
Started game 233 of 10000 (ContHistV2 vs Baseline)
Finished game 225 (ContHistV2 vs Baseline): 1-0 {White wins by adjudication}
Score of ContHistV2 vs Baseline: 65 - 83 - 76  [0.460] 224
Started game 234 of 10000 (Baseline vs ContHistV2)
Finished game 224 (Baseline vs ContHistV2): 1-0 {White wins by adjudication}
Score of ContHistV2 vs Baseline: 65 - 84 - 76  [0.458] 225
Started game 235 of 10000 (ContHistV2 vs Baseline)
Finished game 220 (Baseline vs ContHistV2): 1/2-1/2 {Draw by adjudication}
Score of ContHistV2 vs Baseline: 65 - 84 - 77  [0.458] 226
Started game 236 of 10000 (Baseline vs ContHistV2)
Finished game 229 (ContHistV2 vs Baseline): 0-1 {Black wins by adjudication}
Score of ContHistV2 vs Baseline: 65 - 85 - 77  [0.456] 227
Started game 237 of 10000 (ContHistV2 vs Baseline)
Finished game 228 (Baseline vs ContHistV2): 0-1 {Black wins by adjudication}
Score of ContHistV2 vs Baseline: 66 - 85 - 77  [0.458] 228
Started game 238 of 10000 (Baseline vs ContHistV2)
Finished game 226 (Baseline vs ContHistV2): 1-0 {White wins by adjudication}
Score of ContHistV2 vs Baseline: 66 - 86 - 77  [0.456] 229
Started game 239 of 10000 (ContHistV2 vs Baseline)
Finished game 230 (Baseline vs ContHistV2): 0-1 {Black wins by adjudication}
Score of ContHistV2 vs Baseline: 67 - 86 - 77  [0.459] 230
Started game 240 of 10000 (Baseline vs ContHistV2)
Finished game 231 (ContHistV2 vs Baseline): 1-0 {White wins by adjudication}
Score of ContHistV2 vs Baseline: 68 - 86 - 77  [0.461] 231
Started game 241 of 10000 (ContHistV2 vs Baseline)
Finished game 233 (ContHistV2 vs Baseline): 0-1 {Black mates}
Score of ContHistV2 vs Baseline: 68 - 87 - 77  [0.459] 232
Started game 242 of 10000 (Baseline vs ContHistV2)
Finished game 234 (Baseline vs ContHistV2): 1-0 {White wins by adjudication}
Score of ContHistV2 vs Baseline: 68 - 88 - 77  [0.457] 233
Started game 243 of 10000 (ContHistV2 vs Baseline)
Finished game 232 (Baseline vs ContHistV2): 1-0 {White wins by adjudication}
Score of ContHistV2 vs Baseline: 68 - 89 - 77  [0.455] 234
Started game 244 of 10000 (Baseline vs ContHistV2)
Finished game 236 (Baseline vs ContHistV2): 1-0 {White wins by adjudication}
Score of ContHistV2 vs Baseline: 68 - 90 - 77  [0.453] 235
Started game 245 of 10000 (ContHistV2 vs Baseline)
Finished game 237 (ContHistV2 vs Baseline): 1-0 {White wins by adjudication}
Score of ContHistV2 vs Baseline: 69 - 90 - 77  [0.456] 236
Started game 246 of 10000 (Baseline vs ContHistV2)
Finished game 239 (ContHistV2 vs Baseline): 0-1 {Black wins by adjudication}
Score of ContHistV2 vs Baseline: 69 - 91 - 77  [0.454] 237
Started game 247 of 10000 (ContHistV2 vs Baseline)
Finished game 235 (ContHistV2 vs Baseline): 0-1 {Black wins by adjudication}
Score of ContHistV2 vs Baseline: 69 - 92 - 77  [0.452] 238
Started game 248 of 10000 (Baseline vs ContHistV2)
Finished game 238 (Baseline vs ContHistV2): 1-0 {White wins by adjudication}
Score of ContHistV2 vs Baseline: 69 - 93 - 77  [0.450] 239
Started game 249 of 10000 (ContHistV2 vs Baseline)
Finished game 240 (Baseline vs ContHistV2): 1/2-1/2 {Draw by insufficient mating material}
Score of ContHistV2 vs Baseline: 69 - 93 - 78  [0.450] 240
Started game 250 of 10000 (Baseline vs ContHistV2)
Finished game 246 (Baseline vs ContHistV2): 1/2-1/2 {Draw by 3-fold repetition}
Score of ContHistV2 vs Baseline: 69 - 93 - 79  [0.450] 241
Started game 251 of 10000 (ContHistV2 vs Baseline)
Finished game 241 (ContHistV2 vs Baseline): 0-1 {Black wins by adjudication}
Score of ContHistV2 vs Baseline: 69 - 94 - 79  [0.448] 242
Started game 252 of 10000 (Baseline vs ContHistV2)
Finished game 242 (Baseline vs ContHistV2): 1/2-1/2 {Draw by adjudication}
Score of ContHistV2 vs Baseline: 69 - 94 - 80  [0.449] 243
Started game 253 of 10000 (ContHistV2 vs Baseline)
Finished game 245 (ContHistV2 vs Baseline): 0-1 {Black wins by adjudication}
Score of ContHistV2 vs Baseline: 69 - 95 - 80  [0.447] 244
Started game 254 of 10000 (Baseline vs ContHistV2)
Finished game 243 (ContHistV2 vs Baseline): 0-1 {Black wins by adjudication}
Score of ContHistV2 vs Baseline: 69 - 96 - 80  [0.445] 245
Started game 255 of 10000 (ContHistV2 vs Baseline)
Finished game 251 (ContHistV2 vs Baseline): 1/2-1/2 {Draw by 3-fold repetition}
Score of ContHistV2 vs Baseline: 69 - 96 - 81  [0.445] 246
Started game 256 of 10000 (Baseline vs ContHistV2)
Finished game 244 (Baseline vs ContHistV2): 1/2-1/2 {Draw by adjudication}
Score of ContHistV2 vs Baseline: 69 - 96 - 82  [0.445] 247
Started game 257 of 10000 (ContHistV2 vs Baseline)
Finished game 247 (ContHistV2 vs Baseline): 0-1 {Black mates}
Score of ContHistV2 vs Baseline: 69 - 97 - 82  [0.444] 248
Started game 258 of 10000 (Baseline vs ContHistV2)
Finished game 248 (Baseline vs ContHistV2): 0-1 {Black wins by adjudication}
Score of ContHistV2 vs Baseline: 70 - 97 - 82  [0.446] 249
Started game 259 of 10000 (ContHistV2 vs Baseline)
Finished game 249 (ContHistV2 vs Baseline): 0-1 {Black wins by adjudication}
Score of ContHistV2 vs Baseline: 70 - 98 - 82  [0.444] 250
Started game 260 of 10000 (Baseline vs ContHistV2)
Finished game 252 (Baseline vs ContHistV2): 1/2-1/2 {Draw by insufficient mating material}
Score of ContHistV2 vs Baseline: 70 - 98 - 83  [0.444] 251
Started game 261 of 10000 (ContHistV2 vs Baseline)
Finished game 250 (Baseline vs ContHistV2): 1-0 {White wins by adjudication}
Score of ContHistV2 vs Baseline: 70 - 99 - 83  [0.442] 252
Started game 262 of 10000 (Baseline vs ContHistV2)
Finished game 255 (ContHistV2 vs Baseline): 1-0 {White wins by adjudication}
Score of ContHistV2 vs Baseline: 71 - 99 - 83  [0.445] 253
Started game 263 of 10000 (ContHistV2 vs Baseline)
Finished game 253 (ContHistV2 vs Baseline): 0-1 {Black wins by adjudication}
Score of ContHistV2 vs Baseline: 71 - 100 - 83  [0.443] 254
Started game 264 of 10000 (Baseline vs ContHistV2)
Finished game 256 (Baseline vs ContHistV2): 0-1 {Black wins by adjudication}
Score of ContHistV2 vs Baseline: 72 - 100 - 83  [0.445] 255
Started game 265 of 10000 (ContHistV2 vs Baseline)
Finished game 254 (Baseline vs ContHistV2): 0-1 {Black wins by adjudication}
Score of ContHistV2 vs Baseline: 73 - 100 - 83  [0.447] 256
Started game 266 of 10000 (Baseline vs ContHistV2)
Finished game 258 (Baseline vs ContHistV2): 0-1 {Black wins by adjudication}
Score of ContHistV2 vs Baseline: 74 - 100 - 83  [0.449] 257
Started game 267 of 10000 (ContHistV2 vs Baseline)
Finished game 257 (ContHistV2 vs Baseline): 1-0 {White mates}
Score of ContHistV2 vs Baseline: 75 - 100 - 83  [0.452] 258
Started game 268 of 10000 (Baseline vs ContHistV2)
Finished game 264 (Baseline vs ContHistV2): 1-0 {White wins by adjudication}
Score of ContHistV2 vs Baseline: 75 - 101 - 83  [0.450] 259
Started game 269 of 10000 (ContHistV2 vs Baseline)
Finished game 259 (ContHistV2 vs Baseline): 1/2-1/2 {Draw by insufficient mating material}
Score of ContHistV2 vs Baseline: 75 - 101 - 84  [0.450] 260
Started game 270 of 10000 (Baseline vs ContHistV2)
Finished game 260 (Baseline vs ContHistV2): 0-1 {Black wins by adjudication}
Score of ContHistV2 vs Baseline: 76 - 101 - 84  [0.452] 261
Started game 271 of 10000 (ContHistV2 vs Baseline)
Finished game 265 (ContHistV2 vs Baseline): 1-0 {White wins by adjudication}
Score of ContHistV2 vs Baseline: 77 - 101 - 84  [0.454] 262
Started game 272 of 10000 (Baseline vs ContHistV2)
Finished game 261 (ContHistV2 vs Baseline): 1/2-1/2 {Draw by insufficient mating material}
Score of ContHistV2 vs Baseline: 77 - 101 - 85  [0.454] 263
Started game 273 of 10000 (ContHistV2 vs Baseline)
Finished game 263 (ContHistV2 vs Baseline): 0-1 {Black mates}
Score of ContHistV2 vs Baseline: 77 - 102 - 85  [0.453] 264
Started game 274 of 10000 (Baseline vs ContHistV2)
Finished game 267 (ContHistV2 vs Baseline): 1/2-1/2 {Draw by 3-fold repetition}
Score of ContHistV2 vs Baseline: 77 - 102 - 86  [0.453] 265
Started game 275 of 10000 (ContHistV2 vs Baseline)
Finished game 262 (Baseline vs ContHistV2): 0-1 {Black wins by adjudication}
Score of ContHistV2 vs Baseline: 78 - 102 - 86  [0.455] 266
Started game 276 of 10000 (Baseline vs ContHistV2)
Finished game 270 (Baseline vs ContHistV2): 1-0 {White wins by adjudication}
Score of ContHistV2 vs Baseline: 78 - 103 - 86  [0.453] 267
Started game 277 of 10000 (ContHistV2 vs Baseline)
Finished game 266 (Baseline vs ContHistV2): 0-1 {Black wins by adjudication}
Score of ContHistV2 vs Baseline: 79 - 103 - 86  [0.455] 268
Started game 278 of 10000 (Baseline vs ContHistV2)
Finished game 269 (ContHistV2 vs Baseline): 1/2-1/2 {Draw by 3-fold repetition}
Score of ContHistV2 vs Baseline: 79 - 103 - 87  [0.455] 269
Started game 279 of 10000 (ContHistV2 vs Baseline)
Finished game 268 (Baseline vs ContHistV2): 1-0 {White wins by adjudication}
Score of ContHistV2 vs Baseline: 79 - 104 - 87  [0.454] 270
Started game 280 of 10000 (Baseline vs ContHistV2)
Finished game 271 (ContHistV2 vs Baseline): 1-0 {White wins by adjudication}
Score of ContHistV2 vs Baseline: 80 - 104 - 87  [0.456] 271
Started game 281 of 10000 (ContHistV2 vs Baseline)
Finished game 274 (Baseline vs ContHistV2): 0-1 {Black wins by adjudication}
Score of ContHistV2 vs Baseline: 81 - 104 - 87  [0.458] 272
Started game 282 of 10000 (Baseline vs ContHistV2)
Finished game 272 (Baseline vs ContHistV2): 1-0 {White wins by adjudication}
Score of ContHistV2 vs Baseline: 81 - 105 - 87  [0.456] 273
Started game 283 of 10000 (ContHistV2 vs Baseline)
Finished game 275 (ContHistV2 vs Baseline): 1/2-1/2 {Draw by 3-fold repetition}
Score of ContHistV2 vs Baseline: 81 - 105 - 88  [0.456] 274
Started game 284 of 10000 (Baseline vs ContHistV2)
Finished game 273 (ContHistV2 vs Baseline): 0-1 {Black wins by adjudication}
Score of ContHistV2 vs Baseline: 81 - 106 - 88  [0.455] 275
Started game 285 of 10000 (ContHistV2 vs Baseline)
Finished game 277 (ContHistV2 vs Baseline): 0-1 {Black wins by adjudication}
Score of ContHistV2 vs Baseline: 81 - 107 - 88  [0.453] 276
Started game 286 of 10000 (Baseline vs ContHistV2)
Finished game 280 (Baseline vs ContHistV2): 1-0 {White wins by adjudication}
Score of ContHistV2 vs Baseline: 81 - 108 - 88  [0.451] 277
Started game 287 of 10000 (ContHistV2 vs Baseline)
Finished game 283 (ContHistV2 vs Baseline): 1-0 {White wins by adjudication}
Score of ContHistV2 vs Baseline: 82 - 108 - 88  [0.453] 278
Started game 288 of 10000 (Baseline vs ContHistV2)
Finished game 279 (ContHistV2 vs Baseline): 1-0 {White wins by adjudication}
Score of ContHistV2 vs Baseline: 83 - 108 - 88  [0.455] 279
Started game 289 of 10000 (ContHistV2 vs Baseline)
Finished game 278 (Baseline vs ContHistV2): 1-0 {White wins by adjudication}
Score of ContHistV2 vs Baseline: 83 - 109 - 88  [0.454] 280
Started game 290 of 10000 (Baseline vs ContHistV2)
Finished game 284 (Baseline vs ContHistV2): 1/2-1/2 {Draw by insufficient mating material}
Score of ContHistV2 vs Baseline: 83 - 109 - 89  [0.454] 281
Started game 291 of 10000 (ContHistV2 vs Baseline)
Finished game 282 (Baseline vs ContHistV2): 1-0 {White wins by adjudication}
Score of ContHistV2 vs Baseline: 83 - 110 - 89  [0.452] 282
Started game 292 of 10000 (Baseline vs ContHistV2)
Finished game 286 (Baseline vs ContHistV2): 1-0 {White wins by adjudication}
Score of ContHistV2 vs Baseline: 83 - 111 - 89  [0.451] 283
Started game 293 of 10000 (ContHistV2 vs Baseline)
Finished game 285 (ContHistV2 vs Baseline): 0-1 {Black wins by adjudication}
Score of ContHistV2 vs Baseline: 83 - 112 - 89  [0.449] 284
Started game 294 of 10000 (Baseline vs ContHistV2)
Finished game 281 (ContHistV2 vs Baseline): 1/2-1/2 {Draw by fifty moves rule}
Score of ContHistV2 vs Baseline: 83 - 112 - 90  [0.449] 285
Started game 295 of 10000 (ContHistV2 vs Baseline)
Finished game 288 (Baseline vs ContHistV2): 1/2-1/2 {Draw by 3-fold repetition}
Score of ContHistV2 vs Baseline: 83 - 112 - 91  [0.449] 286
Started game 296 of 10000 (Baseline vs ContHistV2)
Finished game 276 (Baseline vs ContHistV2): 1/2-1/2 {Draw by adjudication}
Score of ContHistV2 vs Baseline: 83 - 112 - 92  [0.449] 287
Started game 297 of 10000 (ContHistV2 vs Baseline)
Finished game 291 (ContHistV2 vs Baseline): 1/2-1/2 {Draw by 3-fold repetition}
Score of ContHistV2 vs Baseline: 83 - 112 - 93  [0.450] 288
Started game 298 of 10000 (Baseline vs ContHistV2)
Finished game 287 (ContHistV2 vs Baseline): 0-1 {Black wins by adjudication}
Score of ContHistV2 vs Baseline: 83 - 113 - 93  [0.448] 289
Started game 299 of 10000 (ContHistV2 vs Baseline)
Finished game 289 (ContHistV2 vs Baseline): 1-0 {White wins by adjudication}
Score of ContHistV2 vs Baseline: 84 - 113 - 93  [0.450] 290
Started game 300 of 10000 (Baseline vs ContHistV2)
Finished game 292 (Baseline vs ContHistV2): 1-0 {White wins by adjudication}
Score of ContHistV2 vs Baseline: 84 - 114 - 93  [0.448] 291
Started game 301 of 10000 (ContHistV2 vs Baseline)
Finished game 298 (Baseline vs ContHistV2): 0-1 {Black wins by adjudication}
Score of ContHistV2 vs Baseline: 85 - 114 - 93  [0.450] 292
Started game 302 of 10000 (Baseline vs ContHistV2)
Finished game 293 (ContHistV2 vs Baseline): 0-1 {Black wins by adjudication}
Score of ContHistV2 vs Baseline: 85 - 115 - 93  [0.449] 293
Started game 303 of 10000 (ContHistV2 vs Baseline)
Finished game 297 (ContHistV2 vs Baseline): 1/2-1/2 {Draw by 3-fold repetition}
Score of ContHistV2 vs Baseline: 85 - 115 - 94  [0.449] 294
Started game 304 of 10000 (Baseline vs ContHistV2)
Finished game 294 (Baseline vs ContHistV2): 0-1 {Black wins by adjudication}
Score of ContHistV2 vs Baseline: 86 - 115 - 94  [0.451] 295
Started game 305 of 10000 (ContHistV2 vs Baseline)
Finished game 290 (Baseline vs ContHistV2): 1/2-1/2 {Draw by fifty moves rule}
Score of ContHistV2 vs Baseline: 86 - 115 - 95  [0.451] 296
Started game 306 of 10000 (Baseline vs ContHistV2)
Finished game 295 (ContHistV2 vs Baseline): 1/2-1/2 {Draw by 3-fold repetition}
Score of ContHistV2 vs Baseline: 86 - 115 - 96  [0.451] 297
Started game 307 of 10000 (ContHistV2 vs Baseline)
Finished game 296 (Baseline vs ContHistV2): 0-1 {Black wins by adjudication}
Score of ContHistV2 vs Baseline: 87 - 115 - 96  [0.453] 298
Started game 308 of 10000 (Baseline vs ContHistV2)
Finished game 300 (Baseline vs ContHistV2): 1/2-1/2 {Draw by insufficient mating material}
Score of ContHistV2 vs Baseline: 87 - 115 - 97  [0.453] 299
Started game 309 of 10000 (ContHistV2 vs Baseline)
Finished game 299 (ContHistV2 vs Baseline): 0-1 {Black mates}
Score of ContHistV2 vs Baseline: 87 - 116 - 97  [0.452] 300
Started game 310 of 10000 (Baseline vs ContHistV2)
Finished game 301 (ContHistV2 vs Baseline): 1-0 {White wins by adjudication}
Score of ContHistV2 vs Baseline: 88 - 116 - 97  [0.453] 301
Started game 311 of 10000 (ContHistV2 vs Baseline)
Finished game 303 (ContHistV2 vs Baseline): 0-1 {Black wins by adjudication}
Score of ContHistV2 vs Baseline: 88 - 117 - 97  [0.452] 302
Started game 312 of 10000 (Baseline vs ContHistV2)
Finished game 305 (ContHistV2 vs Baseline): 1-0 {White wins by adjudication}
Score of ContHistV2 vs Baseline: 89 - 117 - 97  [0.454] 303
Started game 313 of 10000 (ContHistV2 vs Baseline)
Finished game 304 (Baseline vs ContHistV2): 1-0 {White wins by adjudication}
Score of ContHistV2 vs Baseline: 89 - 118 - 97  [0.452] 304
Started game 314 of 10000 (Baseline vs ContHistV2)
Finished game 306 (Baseline vs ContHistV2): 0-1 {Black wins by adjudication}
Score of ContHistV2 vs Baseline: 90 - 118 - 97  [0.454] 305
Started game 315 of 10000 (ContHistV2 vs Baseline)
Finished game 302 (Baseline vs ContHistV2): 1/2-1/2 {Draw by insufficient mating material}
Score of ContHistV2 vs Baseline: 90 - 118 - 98  [0.454] 306
Started game 316 of 10000 (Baseline vs ContHistV2)
Finished game 307 (ContHistV2 vs Baseline): 1/2-1/2 {Draw by fifty moves rule}
Score of ContHistV2 vs Baseline: 90 - 118 - 99  [0.454] 307
Started game 317 of 10000 (ContHistV2 vs Baseline)
Finished game 309 (ContHistV2 vs Baseline): 0-1 {Black wins by adjudication}
Score of ContHistV2 vs Baseline: 90 - 119 - 99  [0.453] 308
Started game 318 of 10000 (Baseline vs ContHistV2)
Finished game 308 (Baseline vs ContHistV2): 0-1 {Black wins by adjudication}
Score of ContHistV2 vs Baseline: 91 - 119 - 99  [0.455] 309
Started game 319 of 10000 (ContHistV2 vs Baseline)
Finished game 314 (Baseline vs ContHistV2): 1/2-1/2 {Draw by 3-fold repetition}
Score of ContHistV2 vs Baseline: 91 - 119 - 100  [0.455] 310
Started game 320 of 10000 (Baseline vs ContHistV2)
Finished game 315 (ContHistV2 vs Baseline): 1/2-1/2 {Draw by 3-fold repetition}
Score of ContHistV2 vs Baseline: 91 - 119 - 101  [0.455] 311
Started game 321 of 10000 (ContHistV2 vs Baseline)
Finished game 312 (Baseline vs ContHistV2): 0-1 {Black wins by adjudication}
Score of ContHistV2 vs Baseline: 92 - 119 - 101  [0.457] 312
Started game 322 of 10000 (Baseline vs ContHistV2)
Finished game 313 (ContHistV2 vs Baseline): 1/2-1/2 {Draw by adjudication}
Score of ContHistV2 vs Baseline: 92 - 119 - 102  [0.457] 313
Started game 323 of 10000 (ContHistV2 vs Baseline)
Finished game 311 (ContHistV2 vs Baseline): 0-1 {Black wins by adjudication}
Score of ContHistV2 vs Baseline: 92 - 120 - 102  [0.455] 314
Started game 324 of 10000 (Baseline vs ContHistV2)
Finished game 310 (Baseline vs ContHistV2): 1/2-1/2 {Draw by adjudication}
Score of ContHistV2 vs Baseline: 92 - 120 - 103  [0.456] 315
Started game 325 of 10000 (ContHistV2 vs Baseline)
Finished game 317 (ContHistV2 vs Baseline): 1-0 {White wins by adjudication}
Score of ContHistV2 vs Baseline: 93 - 120 - 103  [0.457] 316
Started game 326 of 10000 (Baseline vs ContHistV2)
Finished game 318 (Baseline vs ContHistV2): 1-0 {White wins by adjudication}
Score of ContHistV2 vs Baseline: 93 - 121 - 103  [0.456] 317
Started game 327 of 10000 (ContHistV2 vs Baseline)
Finished game 316 (Baseline vs ContHistV2): 1-0 {White mates}
Score of ContHistV2 vs Baseline: 93 - 122 - 103  [0.454] 318
Started game 328 of 10000 (Baseline vs ContHistV2)
Finished game 321 (ContHistV2 vs Baseline): 1/2-1/2 {Draw by 3-fold repetition}
Score of ContHistV2 vs Baseline: 93 - 122 - 104  [0.455] 319
Started game 329 of 10000 (ContHistV2 vs Baseline)
Finished game 319 (ContHistV2 vs Baseline): 1-0 {White wins by adjudication}
Score of ContHistV2 vs Baseline: 94 - 122 - 104  [0.456] 320
Started game 330 of 10000 (Baseline vs ContHistV2)
Finished game 325 (ContHistV2 vs Baseline): 0-1 {Black wins by adjudication}
Score of ContHistV2 vs Baseline: 94 - 123 - 104  [0.455] 321
Started game 331 of 10000 (ContHistV2 vs Baseline)
Finished game 322 (Baseline vs ContHistV2): 1/2-1/2 {Draw by 3-fold repetition}
Score of ContHistV2 vs Baseline: 94 - 123 - 105  [0.455] 322
Started game 332 of 10000 (Baseline vs ContHistV2)
Finished game 320 (Baseline vs ContHistV2): 1/2-1/2 {Draw by insufficient mating material}
Score of ContHistV2 vs Baseline: 94 - 123 - 106  [0.455] 323
Started game 333 of 10000 (ContHistV2 vs Baseline)
Finished game 326 (Baseline vs ContHistV2): 0-1 {Black wins by adjudication}
Score of ContHistV2 vs Baseline: 95 - 123 - 106  [0.457] 324
Started game 334 of 10000 (Baseline vs ContHistV2)
Finished game 324 (Baseline vs ContHistV2): 0-1 {Black wins by adjudication}
Score of ContHistV2 vs Baseline: 96 - 123 - 106  [0.458] 325
Started game 335 of 10000 (ContHistV2 vs Baseline)
Finished game 328 (Baseline vs ContHistV2): 1-0 {White wins by adjudication}
Score of ContHistV2 vs Baseline: 96 - 124 - 106  [0.457] 326
Started game 336 of 10000 (Baseline vs ContHistV2)
Finished game 329 (ContHistV2 vs Baseline): 1/2-1/2 {Draw by 3-fold repetition}
Score of ContHistV2 vs Baseline: 96 - 124 - 107  [0.457] 327
Started game 337 of 10000 (ContHistV2 vs Baseline)
Finished game 327 (ContHistV2 vs Baseline): 1/2-1/2 {Draw by insufficient mating material}
Score of ContHistV2 vs Baseline: 96 - 124 - 108  [0.457] 328
Started game 338 of 10000 (Baseline vs ContHistV2)
Finished game 331 (ContHistV2 vs Baseline): 1/2-1/2 {Draw by 3-fold repetition}
Score of ContHistV2 vs Baseline: 96 - 124 - 109  [0.457] 329
Started game 339 of 10000 (ContHistV2 vs Baseline)
Finished game 330 (Baseline vs ContHistV2): 0-1 {Black wins by adjudication}
Score of ContHistV2 vs Baseline: 97 - 124 - 109  [0.459] 330
Started game 340 of 10000 (Baseline vs ContHistV2)
Finished game 332 (Baseline vs ContHistV2): 0-1 {Black wins by adjudication}
Score of ContHistV2 vs Baseline: 98 - 124 - 109  [0.461] 331
Started game 341 of 10000 (ContHistV2 vs Baseline)
Finished game 333 (ContHistV2 vs Baseline): 1-0 {White wins by adjudication}
Score of ContHistV2 vs Baseline: 99 - 124 - 109  [0.462] 332
Started game 342 of 10000 (Baseline vs ContHistV2)
Finished game 336 (Baseline vs ContHistV2): 0-1 {Black wins by adjudication}
Score of ContHistV2 vs Baseline: 100 - 124 - 109  [0.464] 333
Started game 343 of 10000 (ContHistV2 vs Baseline)
Finished game 337 (ContHistV2 vs Baseline): 1/2-1/2 {Draw by 3-fold repetition}
Score of ContHistV2 vs Baseline: 100 - 124 - 110  [0.464] 334
Started game 344 of 10000 (Baseline vs ContHistV2)
Finished game 323 (ContHistV2 vs Baseline): 1-0 {White wins by adjudication}
Score of ContHistV2 vs Baseline: 101 - 124 - 110  [0.466] 335
Started game 345 of 10000 (ContHistV2 vs Baseline)
Finished game 334 (Baseline vs ContHistV2): 1-0 {White wins by adjudication}
Score of ContHistV2 vs Baseline: 101 - 125 - 110  [0.464] 336
Started game 346 of 10000 (Baseline vs ContHistV2)
Finished game 338 (Baseline vs ContHistV2): 1/2-1/2 {Draw by 3-fold repetition}
Score of ContHistV2 vs Baseline: 101 - 125 - 111  [0.464] 337
Started game 347 of 10000 (ContHistV2 vs Baseline)
Finished game 335 (ContHistV2 vs Baseline): 1/2-1/2 {Draw by 3-fold repetition}
Score of ContHistV2 vs Baseline: 101 - 125 - 112  [0.464] 338
Started game 348 of 10000 (Baseline vs ContHistV2)
Finished game 340 (Baseline vs ContHistV2): 1-0 {White wins by adjudication}
Score of ContHistV2 vs Baseline: 101 - 126 - 112  [0.463] 339
Started game 349 of 10000 (ContHistV2 vs Baseline)
Finished game 339 (ContHistV2 vs Baseline): 0-1 {Black wins by adjudication}
Score of ContHistV2 vs Baseline: 101 - 127 - 112  [0.462] 340
Started game 350 of 10000 (Baseline vs ContHistV2)
Finished game 344 (Baseline vs ContHistV2): 1-0 {White wins by adjudication}
Score of ContHistV2 vs Baseline: 101 - 128 - 112  [0.460] 341
Started game 351 of 10000 (ContHistV2 vs Baseline)
Finished game 346 (Baseline vs ContHistV2): 1/2-1/2 {Draw by 3-fold repetition}
Score of ContHistV2 vs Baseline: 101 - 128 - 113  [0.461] 342
Started game 352 of 10000 (Baseline vs ContHistV2)
Finished game 345 (ContHistV2 vs Baseline): 1-0 {White wins by adjudication}
Score of ContHistV2 vs Baseline: 102 - 128 - 113  [0.462] 343
Started game 353 of 10000 (ContHistV2 vs Baseline)
Finished game 342 (Baseline vs ContHistV2): 1-0 {White wins by adjudication}
Score of ContHistV2 vs Baseline: 102 - 129 - 113  [0.461] 344
Started game 354 of 10000 (Baseline vs ContHistV2)
Finished game 341 (ContHistV2 vs Baseline): 1/2-1/2 {Draw by fifty moves rule}
Score of ContHistV2 vs Baseline: 102 - 129 - 114  [0.461] 345
Started game 355 of 10000 (ContHistV2 vs Baseline)
Finished game 350 (Baseline vs ContHistV2): 0-1 {Black wins by adjudication}
Score of ContHistV2 vs Baseline: 103 - 129 - 114  [0.462] 346
Started game 356 of 10000 (Baseline vs ContHistV2)
Finished game 347 (ContHistV2 vs Baseline): 1/2-1/2 {Draw by 3-fold repetition}
Score of ContHistV2 vs Baseline: 103 - 129 - 115  [0.463] 347
Started game 357 of 10000 (ContHistV2 vs Baseline)
Finished game 348 (Baseline vs ContHistV2): 1-0 {White wins by adjudication}
Score of ContHistV2 vs Baseline: 103 - 130 - 115  [0.461] 348
Started game 358 of 10000 (Baseline vs ContHistV2)
Finished game 349 (ContHistV2 vs Baseline): 1/2-1/2 {Draw by adjudication}
Score of ContHistV2 vs Baseline: 103 - 130 - 116  [0.461] 349
Started game 359 of 10000 (ContHistV2 vs Baseline)
Finished game 343 (ContHistV2 vs Baseline): 1/2-1/2 {Draw by fifty moves rule}
Score of ContHistV2 vs Baseline: 103 - 130 - 117  [0.461] 350
Started game 360 of 10000 (Baseline vs ContHistV2)
Finished game 355 (ContHistV2 vs Baseline): 1-0 {White wins by adjudication}
Score of ContHistV2 vs Baseline: 104 - 130 - 117  [0.463] 351
Started game 361 of 10000 (ContHistV2 vs Baseline)
Finished game 351 (ContHistV2 vs Baseline): 1-0 {White wins by adjudication}
Score of ContHistV2 vs Baseline: 105 - 130 - 117  [0.464] 352
Started game 362 of 10000 (Baseline vs ContHistV2)
Finished game 354 (Baseline vs ContHistV2): 1/2-1/2 {Draw by 3-fold repetition}
Score of ContHistV2 vs Baseline: 105 - 130 - 118  [0.465] 353
Started game 363 of 10000 (ContHistV2 vs Baseline)
Finished game 353 (ContHistV2 vs Baseline): 1/2-1/2 {Draw by insufficient mating material}
Score of ContHistV2 vs Baseline: 105 - 130 - 119  [0.465] 354
Started game 364 of 10000 (Baseline vs ContHistV2)
Finished game 352 (Baseline vs ContHistV2): 0-1 {Black mates}
Score of ContHistV2 vs Baseline: 106 - 130 - 119  [0.466] 355
Started game 365 of 10000 (ContHistV2 vs Baseline)
Finished game 356 (Baseline vs ContHistV2): 1/2-1/2 {Draw by 3-fold repetition}
Score of ContHistV2 vs Baseline: 106 - 130 - 120  [0.466] 356
Started game 366 of 10000 (Baseline vs ContHistV2)
Finished game 357 (ContHistV2 vs Baseline): 1/2-1/2 {Draw by 3-fold repetition}
Score of ContHistV2 vs Baseline: 106 - 130 - 121  [0.466] 357
Started game 367 of 10000 (ContHistV2 vs Baseline)
Finished game 360 (Baseline vs ContHistV2): 1-0 {White wins by adjudication}
Score of ContHistV2 vs Baseline: 106 - 131 - 121  [0.465] 358
Started game 368 of 10000 (Baseline vs ContHistV2)
Finished game 358 (Baseline vs ContHistV2): 1-0 {White wins by adjudication}
Score of ContHistV2 vs Baseline: 106 - 132 - 121  [0.464] 359
Started game 369 of 10000 (ContHistV2 vs Baseline)
Finished game 359 (ContHistV2 vs Baseline): 1/2-1/2 {Draw by insufficient mating material}
Score of ContHistV2 vs Baseline: 106 - 132 - 122  [0.464] 360
Started game 370 of 10000 (Baseline vs ContHistV2)
Finished game 362 (Baseline vs ContHistV2): 1/2-1/2 {Draw by 3-fold repetition}
Score of ContHistV2 vs Baseline: 106 - 132 - 123  [0.464] 361
Started game 371 of 10000 (ContHistV2 vs Baseline)
Finished game 361 (ContHistV2 vs Baseline): 1-0 {White wins by adjudication}
Score of ContHistV2 vs Baseline: 107 - 132 - 123  [0.465] 362
Started game 372 of 10000 (Baseline vs ContHistV2)
Finished game 366 (Baseline vs ContHistV2): 1-0 {White wins by adjudication}
Score of ContHistV2 vs Baseline: 107 - 133 - 123  [0.464] 363
Started game 373 of 10000 (ContHistV2 vs Baseline)
Finished game 365 (ContHistV2 vs Baseline): 1-0 {White wins by adjudication}
Score of ContHistV2 vs Baseline: 108 - 133 - 123  [0.466] 364
Started game 374 of 10000 (Baseline vs ContHistV2)
Finished game 364 (Baseline vs ContHistV2): 1/2-1/2 {Draw by 3-fold repetition}
Score of ContHistV2 vs Baseline: 108 - 133 - 124  [0.466] 365
Started game 375 of 10000 (ContHistV2 vs Baseline)
Finished game 367 (ContHistV2 vs Baseline): 1/2-1/2 {Draw by adjudication}
Score of ContHistV2 vs Baseline: 108 - 133 - 125  [0.466] 366
Started game 376 of 10000 (Baseline vs ContHistV2)
Finished game 368 (Baseline vs ContHistV2): 1-0 {White wins by adjudication}
Score of ContHistV2 vs Baseline: 108 - 134 - 125  [0.465] 367
Started game 377 of 10000 (ContHistV2 vs Baseline)
Finished game 370 (Baseline vs ContHistV2): 0-1 {Black wins by adjudication}
Score of ContHistV2 vs Baseline: 109 - 134 - 125  [0.466] 368
Started game 378 of 10000 (Baseline vs ContHistV2)
Finished game 363 (ContHistV2 vs Baseline): 0-1 {Black wins by adjudication}
Score of ContHistV2 vs Baseline: 109 - 135 - 125  [0.465] 369
Started game 379 of 10000 (ContHistV2 vs Baseline)
Finished game 372 (Baseline vs ContHistV2): 1/2-1/2 {Draw by 3-fold repetition}
Score of ContHistV2 vs Baseline: 109 - 135 - 126  [0.465] 370
Started game 380 of 10000 (Baseline vs ContHistV2)
Finished game 373 (ContHistV2 vs Baseline): 1-0 {White wins by adjudication}
Score of ContHistV2 vs Baseline: 110 - 135 - 126  [0.466] 371
Started game 381 of 10000 (ContHistV2 vs Baseline)
Finished game 371 (ContHistV2 vs Baseline): 1/2-1/2 {Draw by adjudication}
Score of ContHistV2 vs Baseline: 110 - 135 - 127  [0.466] 372
Started game 382 of 10000 (Baseline vs ContHistV2)
Finished game 376 (Baseline vs ContHistV2): 1-0 {White wins by adjudication}
Score of ContHistV2 vs Baseline: 110 - 136 - 127  [0.465] 373
Started game 383 of 10000 (ContHistV2 vs Baseline)
Finished game 374 (Baseline vs ContHistV2): 0-1 {Black wins by adjudication}
Score of ContHistV2 vs Baseline: 111 - 136 - 127  [0.467] 374
Started game 384 of 10000 (Baseline vs ContHistV2)
Finished game 380 (Baseline vs ContHistV2): 1/2-1/2 {Draw by 3-fold repetition}
Score of ContHistV2 vs Baseline: 111 - 136 - 128  [0.467] 375
Started game 385 of 10000 (ContHistV2 vs Baseline)
Finished game 369 (ContHistV2 vs Baseline): 1/2-1/2 {Draw by insufficient mating material}
Score of ContHistV2 vs Baseline: 111 - 136 - 129  [0.467] 376
Started game 386 of 10000 (Baseline vs ContHistV2)
Finished game 377 (ContHistV2 vs Baseline): 1/2-1/2 {Draw by insufficient mating material}
Score of ContHistV2 vs Baseline: 111 - 136 - 130  [0.467] 377
Started game 387 of 10000 (ContHistV2 vs Baseline)
Finished game 378 (Baseline vs ContHistV2): 1-0 {White wins by adjudication}
Score of ContHistV2 vs Baseline: 111 - 137 - 130  [0.466] 378
Started game 388 of 10000 (Baseline vs ContHistV2)
Finished game 379 (ContHistV2 vs Baseline): 1/2-1/2 {Draw by 3-fold repetition}
Score of ContHistV2 vs Baseline: 111 - 137 - 131  [0.466] 379
Started game 389 of 10000 (ContHistV2 vs Baseline)
Finished game 375 (ContHistV2 vs Baseline): 1/2-1/2 {Draw by adjudication}
Score of ContHistV2 vs Baseline: 111 - 137 - 132  [0.466] 380
Started game 390 of 10000 (Baseline vs ContHistV2)
Finished game 381 (ContHistV2 vs Baseline): 0-1 {Black wins by adjudication}
Score of ContHistV2 vs Baseline: 111 - 138 - 132  [0.465] 381
Started game 391 of 10000 (ContHistV2 vs Baseline)
Finished game 384 (Baseline vs ContHistV2): 0-1 {Black wins by adjudication}
Score of ContHistV2 vs Baseline: 112 - 138 - 132  [0.466] 382
Started game 392 of 10000 (Baseline vs ContHistV2)
Finished game 383 (ContHistV2 vs Baseline): 0-1 {Black wins by adjudication}
Score of ContHistV2 vs Baseline: 112 - 139 - 132  [0.465] 383
Started game 393 of 10000 (ContHistV2 vs Baseline)
Finished game 382 (Baseline vs ContHistV2): 1/2-1/2 {Draw by insufficient mating material}
Score of ContHistV2 vs Baseline: 112 - 139 - 133  [0.465] 384
Started game 394 of 10000 (Baseline vs ContHistV2)
Finished game 385 (ContHistV2 vs Baseline): 0-1 {Black wins by adjudication}
Score of ContHistV2 vs Baseline: 112 - 140 - 133  [0.464] 385
Started game 395 of 10000 (ContHistV2 vs Baseline)
Finished game 386 (Baseline vs ContHistV2): 1-0 {White wins by adjudication}
Score of ContHistV2 vs Baseline: 112 - 141 - 133  [0.462] 386
Started game 396 of 10000 (Baseline vs ContHistV2)
Finished game 387 (ContHistV2 vs Baseline): 1/2-1/2 {Draw by adjudication}
Score of ContHistV2 vs Baseline: 112 - 141 - 134  [0.463] 387
Started game 397 of 10000 (ContHistV2 vs Baseline)
Finished game 388 (Baseline vs ContHistV2): 0-1 {Black wins by adjudication}
Score of ContHistV2 vs Baseline: 113 - 141 - 134  [0.464] 388
Started game 398 of 10000 (Baseline vs ContHistV2)
Finished game 390 (Baseline vs ContHistV2): 1/2-1/2 {Draw by 3-fold repetition}
Score of ContHistV2 vs Baseline: 113 - 141 - 135  [0.464] 389
Started game 399 of 10000 (ContHistV2 vs Baseline)
Finished game 389 (ContHistV2 vs Baseline): 1/2-1/2 {Draw by insufficient mating material}
Score of ContHistV2 vs Baseline: 113 - 141 - 136  [0.464] 390
Started game 400 of 10000 (Baseline vs ContHistV2)
Finished game 391 (ContHistV2 vs Baseline): 1/2-1/2 {Draw by 3-fold repetition}
Score of ContHistV2 vs Baseline: 113 - 141 - 137  [0.464] 391
Started game 401 of 10000 (ContHistV2 vs Baseline)
Finished game 394 (Baseline vs ContHistV2): 1-0 {White wins by adjudication}
Score of ContHistV2 vs Baseline: 113 - 142 - 137  [0.463] 392
Started game 402 of 10000 (Baseline vs ContHistV2)
Finished game 393 (ContHistV2 vs Baseline): 0-1 {Black wins by adjudication}
Score of ContHistV2 vs Baseline: 113 - 143 - 137  [0.462] 393
Started game 403 of 10000 (ContHistV2 vs Baseline)
Finished game 392 (Baseline vs ContHistV2): 1/2-1/2 {Draw by 3-fold repetition}
Score of ContHistV2 vs Baseline: 113 - 143 - 138  [0.462] 394
Started game 404 of 10000 (Baseline vs ContHistV2)
Finished game 401 (ContHistV2 vs Baseline): 1/2-1/2 {Draw by 3-fold repetition}
Score of ContHistV2 vs Baseline: 113 - 143 - 139  [0.462] 395
Started game 405 of 10000 (ContHistV2 vs Baseline)
Finished game 395 (ContHistV2 vs Baseline): 1/2-1/2 {Draw by 3-fold repetition}
Score of ContHistV2 vs Baseline: 113 - 143 - 140  [0.462] 396
Started game 406 of 10000 (Baseline vs ContHistV2)
Finished game 396 (Baseline vs ContHistV2): 1/2-1/2 {Draw by adjudication}
Score of ContHistV2 vs Baseline: 113 - 143 - 141  [0.462] 397
Started game 407 of 10000 (ContHistV2 vs Baseline)
Finished game 397 (ContHistV2 vs Baseline): 0-1 {Black wins by adjudication}
Score of ContHistV2 vs Baseline: 113 - 144 - 141  [0.461] 398
Started game 408 of 10000 (Baseline vs ContHistV2)
Finished game 398 (Baseline vs ContHistV2): 0-1 {Black wins by adjudication}
Score of ContHistV2 vs Baseline: 114 - 144 - 141  [0.462] 399
Started game 409 of 10000 (ContHistV2 vs Baseline)
Finished game 400 (Baseline vs ContHistV2): 1/2-1/2 {Draw by insufficient mating material}
Score of ContHistV2 vs Baseline: 114 - 144 - 142  [0.463] 400
Started game 410 of 10000 (Baseline vs ContHistV2)
Finished game 407 (ContHistV2 vs Baseline): 1/2-1/2 {Draw by 3-fold repetition}
Score of ContHistV2 vs Baseline: 114 - 144 - 143  [0.463] 401
Started game 411 of 10000 (ContHistV2 vs Baseline)
Finished game 399 (ContHistV2 vs Baseline): 1/2-1/2 {Draw by fifty moves rule}
Score of ContHistV2 vs Baseline: 114 - 144 - 144  [0.463] 402
Started game 412 of 10000 (Baseline vs ContHistV2)
Finished game 403 (ContHistV2 vs Baseline): 1-0 {White wins by adjudication}
Score of ContHistV2 vs Baseline: 115 - 144 - 144  [0.464] 403
Started game 413 of 10000 (ContHistV2 vs Baseline)
Finished game 404 (Baseline vs ContHistV2): 1-0 {White wins by adjudication}
Score of ContHistV2 vs Baseline: 115 - 145 - 144  [0.463] 404
Started game 414 of 10000 (Baseline vs ContHistV2)
Finished game 405 (ContHistV2 vs Baseline): 1-0 {White wins by adjudication}
Score of ContHistV2 vs Baseline: 116 - 145 - 144  [0.464] 405
Started game 415 of 10000 (ContHistV2 vs Baseline)
Finished game 408 (Baseline vs ContHistV2): 0-1 {Black wins by adjudication}
Score of ContHistV2 vs Baseline: 117 - 145 - 144  [0.466] 406
Started game 416 of 10000 (Baseline vs ContHistV2)
Finished game 402 (Baseline vs ContHistV2): 0-1 {Black wins by adjudication}
Score of ContHistV2 vs Baseline: 118 - 145 - 144  [0.467] 407
Started game 417 of 10000 (ContHistV2 vs Baseline)
Finished game 409 (ContHistV2 vs Baseline): 0-1 {Black wins by adjudication}
Score of ContHistV2 vs Baseline: 118 - 146 - 144  [0.466] 408
Started game 418 of 10000 (Baseline vs ContHistV2)
Finished game 412 (Baseline vs ContHistV2): 1/2-1/2 {Draw by insufficient mating material}
Score of ContHistV2 vs Baseline: 118 - 146 - 145  [0.466] 409
Started game 419 of 10000 (ContHistV2 vs Baseline)
Finished game 406 (Baseline vs ContHistV2): 1/2-1/2 {Draw by insufficient mating material}
Score of ContHistV2 vs Baseline: 118 - 146 - 146  [0.466] 410
Started game 420 of 10000 (Baseline vs ContHistV2)
Finished game 410 (Baseline vs ContHistV2): 1-0 {White wins by adjudication}
Score of ContHistV2 vs Baseline: 118 - 147 - 146  [0.465] 411
Started game 421 of 10000 (ContHistV2 vs Baseline)
Finished game 413 (ContHistV2 vs Baseline): 1-0 {White mates}
Score of ContHistV2 vs Baseline: 119 - 147 - 146  [0.466] 412
Started game 422 of 10000 (Baseline vs ContHistV2)
Finished game 416 (Baseline vs ContHistV2): 0-1 {Black wins by adjudication}
Score of ContHistV2 vs Baseline: 120 - 147 - 146  [0.467] 413
Started game 423 of 10000 (ContHistV2 vs Baseline)
Finished game 415 (ContHistV2 vs Baseline): 0-1 {Black wins by adjudication}
Score of ContHistV2 vs Baseline: 120 - 148 - 146  [0.466] 414
Started game 424 of 10000 (Baseline vs ContHistV2)
Finished game 414 (Baseline vs ContHistV2): 0-1 {Black wins by adjudication}
Score of ContHistV2 vs Baseline: 121 - 148 - 146  [0.467] 415
Started game 425 of 10000 (ContHistV2 vs Baseline)
Finished game 417 (ContHistV2 vs Baseline): 0-1 {Black wins by adjudication}
Score of ContHistV2 vs Baseline: 121 - 149 - 146  [0.466] 416
Started game 426 of 10000 (Baseline vs ContHistV2)
Finished game 418 (Baseline vs ContHistV2): 0-1 {Black wins by adjudication}
Score of ContHistV2 vs Baseline: 122 - 149 - 146  [0.468] 417
Started game 427 of 10000 (ContHistV2 vs Baseline)
Finished game 411 (ContHistV2 vs Baseline): 1/2-1/2 {Draw by fifty moves rule}
Score of ContHistV2 vs Baseline: 122 - 149 - 147  [0.468] 418
Started game 428 of 10000 (Baseline vs ContHistV2)
Finished game 420 (Baseline vs ContHistV2): 1/2-1/2 {Draw by insufficient mating material}
Score of ContHistV2 vs Baseline: 122 - 149 - 148  [0.468] 419
Started game 429 of 10000 (ContHistV2 vs Baseline)
Finished game 419 (ContHistV2 vs Baseline): 1/2-1/2 {Draw by insufficient mating material}
Score of ContHistV2 vs Baseline: 122 - 149 - 149  [0.468] 420
Started game 430 of 10000 (Baseline vs ContHistV2)
Finished game 422 (Baseline vs ContHistV2): 1/2-1/2 {Draw by insufficient mating material}
Score of ContHistV2 vs Baseline: 122 - 149 - 150  [0.468] 421
Started game 431 of 10000 (ContHistV2 vs Baseline)
Finished game 425 (ContHistV2 vs Baseline): 0-1 {Black wins by adjudication}
Score of ContHistV2 vs Baseline: 122 - 150 - 150  [0.467] 422
Started game 432 of 10000 (Baseline vs ContHistV2)
Finished game 421 (ContHistV2 vs Baseline): 0-1 {Black wins by adjudication}
Score of ContHistV2 vs Baseline: 122 - 151 - 150  [0.466] 423
Started game 433 of 10000 (ContHistV2 vs Baseline)
Finished game 424 (Baseline vs ContHistV2): 0-1 {Black wins by adjudication}
Score of ContHistV2 vs Baseline: 123 - 151 - 150  [0.467] 424
Started game 434 of 10000 (Baseline vs ContHistV2)
Finished game 428 (Baseline vs ContHistV2): 0-1 {Black wins by adjudication}
Score of ContHistV2 vs Baseline: 124 - 151 - 150  [0.468] 425
Started game 435 of 10000 (ContHistV2 vs Baseline)
Finished game 423 (ContHistV2 vs Baseline): 1/2-1/2 {Draw by stalemate}
Score of ContHistV2 vs Baseline: 124 - 151 - 151  [0.468] 426
Started game 436 of 10000 (Baseline vs ContHistV2)
Finished game 426 (Baseline vs ContHistV2): 1/2-1/2 {Draw by 3-fold repetition}
Score of ContHistV2 vs Baseline: 124 - 151 - 152  [0.468] 427
Started game 437 of 10000 (ContHistV2 vs Baseline)
Finished game 432 (Baseline vs ContHistV2): 1-0 {White wins by adjudication}
Score of ContHistV2 vs Baseline: 124 - 152 - 152  [0.467] 428
Started game 438 of 10000 (Baseline vs ContHistV2)
Finished game 427 (ContHistV2 vs Baseline): 1-0 {White wins by adjudication}
Score of ContHistV2 vs Baseline: 125 - 152 - 152  [0.469] 429
Started game 439 of 10000 (ContHistV2 vs Baseline)
Finished game 430 (Baseline vs ContHistV2): 1-0 {White wins by adjudication}
Score of ContHistV2 vs Baseline: 125 - 153 - 152  [0.467] 430
Started game 440 of 10000 (Baseline vs ContHistV2)
Finished game 429 (ContHistV2 vs Baseline): 1-0 {White wins by adjudication}
Score of ContHistV2 vs Baseline: 126 - 153 - 152  [0.469] 431
Started game 441 of 10000 (ContHistV2 vs Baseline)
Finished game 431 (ContHistV2 vs Baseline): 1-0 {White wins by adjudication}
Score of ContHistV2 vs Baseline: 127 - 153 - 152  [0.470] 432
Started game 442 of 10000 (Baseline vs ContHistV2)
Finished game 436 (Baseline vs ContHistV2): 1-0 {White wins by adjudication}
Score of ContHistV2 vs Baseline: 127 - 154 - 152  [0.469] 433
Started game 443 of 10000 (ContHistV2 vs Baseline)
Finished game 433 (ContHistV2 vs Baseline): 1-0 {White wins by adjudication}
Score of ContHistV2 vs Baseline: 128 - 154 - 152  [0.470] 434
Started game 444 of 10000 (Baseline vs ContHistV2)
Finished game 435 (ContHistV2 vs Baseline): 0-1 {Black wins by adjudication}
Score of ContHistV2 vs Baseline: 128 - 155 - 152  [0.469] 435
Started game 445 of 10000 (ContHistV2 vs Baseline)
Finished game 444 (Baseline vs ContHistV2): 1-0 {White wins by adjudication}
Score of ContHistV2 vs Baseline: 128 - 156 - 152  [0.468] 436
Started game 446 of 10000 (Baseline vs ContHistV2)
Finished game 443 (ContHistV2 vs Baseline): 1-0 {White wins by adjudication}
Score of ContHistV2 vs Baseline: 129 - 156 - 152  [0.469] 437
Started game 447 of 10000 (ContHistV2 vs Baseline)
Finished game 434 (Baseline vs ContHistV2): 1/2-1/2 {Draw by 3-fold repetition}
Score of ContHistV2 vs Baseline: 129 - 156 - 153  [0.469] 438
Started game 448 of 10000 (Baseline vs ContHistV2)
Finished game 438 (Baseline vs ContHistV2): 1-0 {White wins by adjudication}
Score of ContHistV2 vs Baseline: 129 - 157 - 153  [0.468] 439
Started game 449 of 10000 (ContHistV2 vs Baseline)
Finished game 437 (ContHistV2 vs Baseline): 0-1 {Black wins by adjudication}
Score of ContHistV2 vs Baseline: 129 - 158 - 153  [0.467] 440
Started game 450 of 10000 (Baseline vs ContHistV2)
Finished game 442 (Baseline vs ContHistV2): 1/2-1/2 {Draw by 3-fold repetition}
Score of ContHistV2 vs Baseline: 129 - 158 - 154  [0.467] 441
Started game 451 of 10000 (ContHistV2 vs Baseline)
Finished game 439 (ContHistV2 vs Baseline): 1-0 {White wins by adjudication}
Score of ContHistV2 vs Baseline: 130 - 158 - 154  [0.468] 442
Started game 452 of 10000 (Baseline vs ContHistV2)
Finished game 441 (ContHistV2 vs Baseline): 0-1 {Black wins by adjudication}
Score of ContHistV2 vs Baseline: 130 - 159 - 154  [0.467] 443
Started game 453 of 10000 (ContHistV2 vs Baseline)
Finished game 440 (Baseline vs ContHistV2): 1/2-1/2 {Draw by adjudication}
Score of ContHistV2 vs Baseline: 130 - 159 - 155  [0.467] 444
Started game 454 of 10000 (Baseline vs ContHistV2)
Finished game 448 (Baseline vs ContHistV2): 1/2-1/2 {Draw by 3-fold repetition}
Score of ContHistV2 vs Baseline: 130 - 159 - 156  [0.467] 445
Started game 455 of 10000 (ContHistV2 vs Baseline)
Finished game 445 (ContHistV2 vs Baseline): 0-1 {Black wins by adjudication}
Score of ContHistV2 vs Baseline: 130 - 160 - 156  [0.466] 446
Started game 456 of 10000 (Baseline vs ContHistV2)
Finished game 446 (Baseline vs ContHistV2): 1-0 {White wins by adjudication}
Score of ContHistV2 vs Baseline: 130 - 161 - 156  [0.465] 447
Started game 457 of 10000 (ContHistV2 vs Baseline)
Finished game 447 (ContHistV2 vs Baseline): 1/2-1/2 {Draw by adjudication}
Score of ContHistV2 vs Baseline: 130 - 161 - 157  [0.465] 448
Started game 458 of 10000 (Baseline vs ContHistV2)
Finished game 454 (Baseline vs ContHistV2): 1/2-1/2 {Draw by 3-fold repetition}
Score of ContHistV2 vs Baseline: 130 - 161 - 158  [0.465] 449
Started game 459 of 10000 (ContHistV2 vs Baseline)
Finished game 451 (ContHistV2 vs Baseline): 0-1 {Black wins by adjudication}
Score of ContHistV2 vs Baseline: 130 - 162 - 158  [0.464] 450
Started game 460 of 10000 (Baseline vs ContHistV2)
Finished game 449 (ContHistV2 vs Baseline): 0-1 {Black wins by adjudication}
Score of ContHistV2 vs Baseline: 130 - 163 - 158  [0.463] 451
Started game 461 of 10000 (ContHistV2 vs Baseline)
Finished game 452 (Baseline vs ContHistV2): 1-0 {White wins by adjudication}
Score of ContHistV2 vs Baseline: 130 - 164 - 158  [0.462] 452
Started game 462 of 10000 (Baseline vs ContHistV2)
Finished game 453 (ContHistV2 vs Baseline): 1-0 {White wins by adjudication}
Score of ContHistV2 vs Baseline: 131 - 164 - 158  [0.464] 453
Started game 463 of 10000 (ContHistV2 vs Baseline)
Finished game 455 (ContHistV2 vs Baseline): 1/2-1/2 {Draw by 3-fold repetition}
Score of ContHistV2 vs Baseline: 131 - 164 - 159  [0.464] 454
Started game 464 of 10000 (Baseline vs ContHistV2)
Finished game 459 (ContHistV2 vs Baseline): 1-0 {White wins by adjudication}
Score of ContHistV2 vs Baseline: 132 - 164 - 159  [0.465] 455
Started game 465 of 10000 (ContHistV2 vs Baseline)
Finished game 456 (Baseline vs ContHistV2): 1-0 {White wins by adjudication}
Score of ContHistV2 vs Baseline: 132 - 165 - 159  [0.464] 456
Started game 466 of 10000 (Baseline vs ContHistV2)
Finished game 458 (Baseline vs ContHistV2): 1-0 {White wins by adjudication}
Score of ContHistV2 vs Baseline: 132 - 166 - 159  [0.463] 457
Started game 467 of 10000 (ContHistV2 vs Baseline)
Finished game 457 (ContHistV2 vs Baseline): 1-0 {White wins by adjudication}
Score of ContHistV2 vs Baseline: 133 - 166 - 159  [0.464] 458
Started game 468 of 10000 (Baseline vs ContHistV2)
Finished game 450 (Baseline vs ContHistV2): 1/2-1/2 {Draw by insufficient mating material}
Score of ContHistV2 vs Baseline: 133 - 166 - 160  [0.464] 459
Started game 469 of 10000 (ContHistV2 vs Baseline)
Finished game 463 (ContHistV2 vs Baseline): 0-1 {Black wins by adjudication}
Score of ContHistV2 vs Baseline: 133 - 167 - 160  [0.463] 460
Started game 470 of 10000 (Baseline vs ContHistV2)
Finished game 461 (ContHistV2 vs Baseline): 0-1 {Black wins by adjudication}
Score of ContHistV2 vs Baseline: 133 - 168 - 160  [0.462] 461
Started game 471 of 10000 (ContHistV2 vs Baseline)
Finished game 460 (Baseline vs ContHistV2): 1-0 {White mates}
Score of ContHistV2 vs Baseline: 133 - 169 - 160  [0.461] 462
Started game 472 of 10000 (Baseline vs ContHistV2)
Finished game 462 (Baseline vs ContHistV2): 1-0 {White wins by adjudication}
Score of ContHistV2 vs Baseline: 133 - 170 - 160  [0.460] 463
Started game 473 of 10000 (ContHistV2 vs Baseline)
Finished game 465 (ContHistV2 vs Baseline): 0-1 {Black wins by adjudication}
Score of ContHistV2 vs Baseline: 133 - 171 - 160  [0.459] 464
Started game 474 of 10000 (Baseline vs ContHistV2)
Finished game 466 (Baseline vs ContHistV2): 0-1 {Black wins by adjudication}
Score of ContHistV2 vs Baseline: 134 - 171 - 160  [0.460] 465
Started game 475 of 10000 (ContHistV2 vs Baseline)
Finished game 464 (Baseline vs ContHistV2): 1-0 {White wins by adjudication}
Score of ContHistV2 vs Baseline: 134 - 172 - 160  [0.459] 466
Started game 476 of 10000 (Baseline vs ContHistV2)
Finished game 467 (ContHistV2 vs Baseline): 0-1 {Black mates}
Score of ContHistV2 vs Baseline: 134 - 173 - 160  [0.458] 467
Started game 477 of 10000 (ContHistV2 vs Baseline)
Finished game 470 (Baseline vs ContHistV2): 1/2-1/2 {Draw by 3-fold repetition}
Score of ContHistV2 vs Baseline: 134 - 173 - 161  [0.458] 468
Started game 478 of 10000 (Baseline vs ContHistV2)
Finished game 468 (Baseline vs ContHistV2): 1/2-1/2 {Draw by fifty moves rule}
Score of ContHistV2 vs Baseline: 134 - 173 - 162  [0.458] 469
Started game 479 of 10000 (ContHistV2 vs Baseline)
Finished game 471 (ContHistV2 vs Baseline): 1/2-1/2 {Draw by insufficient mating material}
Score of ContHistV2 vs Baseline: 134 - 173 - 163  [0.459] 470
Started game 480 of 10000 (Baseline vs ContHistV2)
Finished game 473 (ContHistV2 vs Baseline): 0-1 {Black wins by adjudication}
Score of ContHistV2 vs Baseline: 134 - 174 - 163  [0.458] 471
Started game 481 of 10000 (ContHistV2 vs Baseline)
Finished game 469 (ContHistV2 vs Baseline): 1-0 {White wins by adjudication}
Score of ContHistV2 vs Baseline: 135 - 174 - 163  [0.459] 472
Started game 482 of 10000 (Baseline vs ContHistV2)
Finished game 474 (Baseline vs ContHistV2): 1-0 {White wins by adjudication}
Score of ContHistV2 vs Baseline: 135 - 175 - 163  [0.458] 473
Started game 483 of 10000 (ContHistV2 vs Baseline)
Finished game 482 (Baseline vs ContHistV2): 1/2-1/2 {Draw by 3-fold repetition}
Score of ContHistV2 vs Baseline: 135 - 175 - 164  [0.458] 474
Started game 484 of 10000 (Baseline vs ContHistV2)
Finished game 472 (Baseline vs ContHistV2): 1/2-1/2 {Draw by fifty moves rule}
Score of ContHistV2 vs Baseline: 135 - 175 - 165  [0.458] 475
Started game 485 of 10000 (ContHistV2 vs Baseline)
Finished game 476 (Baseline vs ContHistV2): 1/2-1/2 {Draw by 3-fold repetition}
Score of ContHistV2 vs Baseline: 135 - 175 - 166  [0.458] 476
Started game 486 of 10000 (Baseline vs ContHistV2)
Finished game 475 (ContHistV2 vs Baseline): 1/2-1/2 {Draw by stalemate}
Score of ContHistV2 vs Baseline: 135 - 175 - 167  [0.458] 477
Started game 487 of 10000 (ContHistV2 vs Baseline)
Finished game 478 (Baseline vs ContHistV2): 1-0 {White wins by adjudication}
Score of ContHistV2 vs Baseline: 135 - 176 - 167  [0.457] 478
Started game 488 of 10000 (Baseline vs ContHistV2)
Finished game 477 (ContHistV2 vs Baseline): 1/2-1/2 {Draw by adjudication}
Score of ContHistV2 vs Baseline: 135 - 176 - 168  [0.457] 479
Started game 489 of 10000 (ContHistV2 vs Baseline)
Finished game 485 (ContHistV2 vs Baseline): 0-1 {Black wins by adjudication}
Score of ContHistV2 vs Baseline: 135 - 177 - 168  [0.456] 480
Started game 490 of 10000 (Baseline vs ContHistV2)
Finished game 481 (ContHistV2 vs Baseline): 0-1 {Black wins by adjudication}
Score of ContHistV2 vs Baseline: 135 - 178 - 168  [0.455] 481
Started game 491 of 10000 (ContHistV2 vs Baseline)
Finished game 479 (ContHistV2 vs Baseline): 1-0 {White wins by adjudication}
Score of ContHistV2 vs Baseline: 136 - 178 - 168  [0.456] 482
Started game 492 of 10000 (Baseline vs ContHistV2)
Finished game 480 (Baseline vs ContHistV2): 0-1 {Black wins by adjudication}
Score of ContHistV2 vs Baseline: 137 - 178 - 168  [0.458] 483
Started game 493 of 10000 (ContHistV2 vs Baseline)
Finished game 487 (ContHistV2 vs Baseline): 0-1 {Black wins by adjudication}
Score of ContHistV2 vs Baseline: 137 - 179 - 168  [0.457] 484
Started game 494 of 10000 (Baseline vs ContHistV2)
Finished game 486 (Baseline vs ContHistV2): 0-1 {Black wins by adjudication}
Score of ContHistV2 vs Baseline: 138 - 179 - 168  [0.458] 485
Started game 495 of 10000 (ContHistV2 vs Baseline)
Finished game 484 (Baseline vs ContHistV2): 1/2-1/2 {Draw by 3-fold repetition}
Score of ContHistV2 vs Baseline: 138 - 179 - 169  [0.458] 486
Started game 496 of 10000 (Baseline vs ContHistV2)
Finished game 483 (ContHistV2 vs Baseline): 0-1 {Black wins by adjudication}
Score of ContHistV2 vs Baseline: 138 - 180 - 169  [0.457] 487
Started game 497 of 10000 (ContHistV2 vs Baseline)
Finished game 488 (Baseline vs ContHistV2): 0-1 {Black wins by adjudication}
Score of ContHistV2 vs Baseline: 139 - 180 - 169  [0.458] 488
Started game 498 of 10000 (Baseline vs ContHistV2)
Finished game 489 (ContHistV2 vs Baseline): 0-1 {Black wins by adjudication}
Score of ContHistV2 vs Baseline: 139 - 181 - 169  [0.457] 489
Started game 499 of 10000 (ContHistV2 vs Baseline)
Finished game 494 (Baseline vs ContHistV2): 0-1 {Black wins by adjudication}
Score of ContHistV2 vs Baseline: 140 - 181 - 169  [0.458] 490
Started game 500 of 10000 (Baseline vs ContHistV2)
Finished game 493 (ContHistV2 vs Baseline): 0-1 {Black wins by adjudication}
Score of ContHistV2 vs Baseline: 140 - 182 - 169  [0.457] 491
Started game 501 of 10000 (ContHistV2 vs Baseline)
Finished game 491 (ContHistV2 vs Baseline): 1-0 {White wins by adjudication}
Score of ContHistV2 vs Baseline: 141 - 182 - 169  [0.458] 492
Started game 502 of 10000 (Baseline vs ContHistV2)
Finished game 492 (Baseline vs ContHistV2): 1-0 {White wins by adjudication}
Score of ContHistV2 vs Baseline: 141 - 183 - 169  [0.457] 493
Started game 503 of 10000 (ContHistV2 vs Baseline)
Finished game 490 (Baseline vs ContHistV2): 1/2-1/2 {Draw by insufficient mating material}
Score of ContHistV2 vs Baseline: 141 - 183 - 170  [0.457] 494
Started game 504 of 10000 (Baseline vs ContHistV2)
Finished game 496 (Baseline vs ContHistV2): 1-0 {White wins by adjudication}
Score of ContHistV2 vs Baseline: 141 - 184 - 170  [0.457] 495
Started game 505 of 10000 (ContHistV2 vs Baseline)
Finished game 497 (ContHistV2 vs Baseline): 1-0 {White wins by adjudication}
Score of ContHistV2 vs Baseline: 142 - 184 - 170  [0.458] 496
Started game 506 of 10000 (Baseline vs ContHistV2)
Finished game 498 (Baseline vs ContHistV2): 1-0 {White wins by adjudication}
Score of ContHistV2 vs Baseline: 142 - 185 - 170  [0.457] 497
Started game 507 of 10000 (ContHistV2 vs Baseline)
Finished game 495 (ContHistV2 vs Baseline): 0-1 {Black wins by adjudication}
Score of ContHistV2 vs Baseline: 142 - 186 - 170  [0.456] 498
Started game 508 of 10000 (Baseline vs ContHistV2)
Finished game 500 (Baseline vs ContHistV2): 1/2-1/2 {Draw by 3-fold repetition}
Score of ContHistV2 vs Baseline: 142 - 186 - 171  [0.456] 499
Started game 509 of 10000 (ContHistV2 vs Baseline)
Finished game 503 (ContHistV2 vs Baseline): 1/2-1/2 {Draw by 3-fold repetition}
Score of ContHistV2 vs Baseline: 142 - 186 - 172  [0.456] 500
Started game 510 of 10000 (Baseline vs ContHistV2)
Finished game 501 (ContHistV2 vs Baseline): 0-1 {Black wins by adjudication}
Score of ContHistV2 vs Baseline: 142 - 187 - 172  [0.455] 501
Started game 511 of 10000 (ContHistV2 vs Baseline)
Finished game 499 (ContHistV2 vs Baseline): 1-0 {White wins by adjudication}
Score of ContHistV2 vs Baseline: 143 - 187 - 172  [0.456] 502
Started game 512 of 10000 (Baseline vs ContHistV2)
Finished game 505 (ContHistV2 vs Baseline): 1-0 {White wins by adjudication}
Score of ContHistV2 vs Baseline: 144 - 187 - 172  [0.457] 503
Started game 513 of 10000 (ContHistV2 vs Baseline)
Finished game 504 (Baseline vs ContHistV2): 0-1 {Black wins by adjudication}
Score of ContHistV2 vs Baseline: 145 - 187 - 172  [0.458] 504
Started game 514 of 10000 (Baseline vs ContHistV2)
Finished game 502 (Baseline vs ContHistV2): 1/2-1/2 {Draw by stalemate}
Score of ContHistV2 vs Baseline: 145 - 187 - 173  [0.458] 505
Started game 515 of 10000 (ContHistV2 vs Baseline)
Finished game 506 (Baseline vs ContHistV2): 0-1 {Black wins by adjudication}
Score of ContHistV2 vs Baseline: 146 - 187 - 173  [0.459] 506
Started game 516 of 10000 (Baseline vs ContHistV2)
Finished game 507 (ContHistV2 vs Baseline): 1/2-1/2 {Draw by 3-fold repetition}
Score of ContHistV2 vs Baseline: 146 - 187 - 174  [0.460] 507
Started game 517 of 10000 (ContHistV2 vs Baseline)
Finished game 508 (Baseline vs ContHistV2): 1/2-1/2 {Draw by insufficient mating material}
Score of ContHistV2 vs Baseline: 146 - 187 - 175  [0.460] 508
Started game 518 of 10000 (Baseline vs ContHistV2)
Finished game 510 (Baseline vs ContHistV2): 1-0 {White wins by adjudication}
Score of ContHistV2 vs Baseline: 146 - 188 - 175  [0.459] 509
Started game 519 of 10000 (ContHistV2 vs Baseline)
Finished game 509 (ContHistV2 vs Baseline): 1/2-1/2 {Draw by 3-fold repetition}
Score of ContHistV2 vs Baseline: 146 - 188 - 176  [0.459] 510
Started game 520 of 10000 (Baseline vs ContHistV2)
Finished game 511 (ContHistV2 vs Baseline): 1-0 {White wins by adjudication}
Score of ContHistV2 vs Baseline: 147 - 188 - 176  [0.460] 511
Started game 521 of 10000 (ContHistV2 vs Baseline)
Finished game 512 (Baseline vs ContHistV2): 1/2-1/2 {Draw by adjudication}
Score of ContHistV2 vs Baseline: 147 - 188 - 177  [0.460] 512
Started game 522 of 10000 (Baseline vs ContHistV2)
Finished game 516 (Baseline vs ContHistV2): 0-1 {Black wins by adjudication}
Score of ContHistV2 vs Baseline: 148 - 188 - 177  [0.461] 513
Started game 523 of 10000 (ContHistV2 vs Baseline)
Finished game 515 (ContHistV2 vs Baseline): 0-1 {Black wins by adjudication}
Score of ContHistV2 vs Baseline: 148 - 189 - 177  [0.460] 514
Started game 524 of 10000 (Baseline vs ContHistV2)
Finished game 514 (Baseline vs ContHistV2): 1/2-1/2 {Draw by adjudication}
Score of ContHistV2 vs Baseline: 148 - 189 - 178  [0.460] 515
Started game 525 of 10000 (ContHistV2 vs Baseline)
Finished game 513 (ContHistV2 vs Baseline): 0-1 {Black wins by adjudication}
Score of ContHistV2 vs Baseline: 148 - 190 - 178  [0.459] 516
Started game 526 of 10000 (Baseline vs ContHistV2)
Finished game 517 (ContHistV2 vs Baseline): 1/2-1/2 {Draw by 3-fold repetition}
Score of ContHistV2 vs Baseline: 148 - 190 - 179  [0.459] 517
Started game 527 of 10000 (ContHistV2 vs Baseline)
Finished game 519 (ContHistV2 vs Baseline): 0-1 {Black wins by adjudication}
Score of ContHistV2 vs Baseline: 148 - 191 - 179  [0.458] 518
Started game 528 of 10000 (Baseline vs ContHistV2)
Finished game 521 (ContHistV2 vs Baseline): 1/2-1/2 {Draw by 3-fold repetition}
Score of ContHistV2 vs Baseline: 148 - 191 - 180  [0.459] 519
Started game 529 of 10000 (ContHistV2 vs Baseline)
Finished game 528 (Baseline vs ContHistV2): 1-0 {White wins by adjudication}
Score of ContHistV2 vs Baseline: 148 - 192 - 180  [0.458] 520
Started game 530 of 10000 (Baseline vs ContHistV2)
Finished game 518 (Baseline vs ContHistV2): 1/2-1/2 {Draw by fifty moves rule}
Score of ContHistV2 vs Baseline: 148 - 192 - 181  [0.458] 521
Started game 531 of 10000 (ContHistV2 vs Baseline)
Finished game 520 (Baseline vs ContHistV2): 1-0 {White wins by adjudication}
Score of ContHistV2 vs Baseline: 148 - 193 - 181  [0.457] 522
Started game 532 of 10000 (Baseline vs ContHistV2)
Finished game 522 (Baseline vs ContHistV2): 1/2-1/2 {Draw by adjudication}
Score of ContHistV2 vs Baseline: 148 - 193 - 182  [0.457] 523
Started game 533 of 10000 (ContHistV2 vs Baseline)
Finished game 526 (Baseline vs ContHistV2): 1-0 {White wins by adjudication}
Score of ContHistV2 vs Baseline: 148 - 194 - 182  [0.456] 524
Started game 534 of 10000 (Baseline vs ContHistV2)
Finished game 524 (Baseline vs ContHistV2): 0-1 {Black wins by adjudication}
Score of ContHistV2 vs Baseline: 149 - 194 - 182  [0.457] 525
Started game 535 of 10000 (ContHistV2 vs Baseline)
Finished game 527 (ContHistV2 vs Baseline): 1-0 {White wins by adjudication}
Score of ContHistV2 vs Baseline: 150 - 194 - 182  [0.458] 526
Started game 536 of 10000 (Baseline vs ContHistV2)
Finished game 525 (ContHistV2 vs Baseline): 1-0 {White wins by adjudication}
Score of ContHistV2 vs Baseline: 151 - 194 - 182  [0.459] 527
Started game 537 of 10000 (ContHistV2 vs Baseline)
Finished game 529 (ContHistV2 vs Baseline): 1/2-1/2 {Draw by 3-fold repetition}
Score of ContHistV2 vs Baseline: 151 - 194 - 183  [0.459] 528
Started game 538 of 10000 (Baseline vs ContHistV2)
Finished game 523 (ContHistV2 vs Baseline): 1/2-1/2 {Draw by 3-fold repetition}
Score of ContHistV2 vs Baseline: 151 - 194 - 184  [0.459] 529
Started game 539 of 10000 (ContHistV2 vs Baseline)
Finished game 532 (Baseline vs ContHistV2): 1/2-1/2 {Draw by 3-fold repetition}
Score of ContHistV2 vs Baseline: 151 - 194 - 185  [0.459] 530
Started game 540 of 10000 (Baseline vs ContHistV2)
Finished game 530 (Baseline vs ContHistV2): 1/2-1/2 {Draw by 3-fold repetition}
Score of ContHistV2 vs Baseline: 151 - 194 - 186  [0.460] 531
Started game 541 of 10000 (ContHistV2 vs Baseline)
Finished game 531 (ContHistV2 vs Baseline): 1-0 {White wins by adjudication}
Score of ContHistV2 vs Baseline: 152 - 194 - 186  [0.461] 532
Started game 542 of 10000 (Baseline vs ContHistV2)
Finished game 533 (ContHistV2 vs Baseline): 0-1 {Black wins by adjudication}
Score of ContHistV2 vs Baseline: 152 - 195 - 186  [0.460] 533
Started game 543 of 10000 (ContHistV2 vs Baseline)
Finished game 535 (ContHistV2 vs Baseline): 0-1 {Black wins by adjudication}
Score of ContHistV2 vs Baseline: 152 - 196 - 186  [0.459] 534
Started game 544 of 10000 (Baseline vs ContHistV2)
Finished game 534 (Baseline vs ContHistV2): 0-1 {Black wins by adjudication}
Score of ContHistV2 vs Baseline: 153 - 196 - 186  [0.460] 535
Started game 545 of 10000 (ContHistV2 vs Baseline)
Finished game 536 (Baseline vs ContHistV2): 1/2-1/2 {Draw by 3-fold repetition}
Score of ContHistV2 vs Baseline: 153 - 196 - 187  [0.460] 536
Started game 546 of 10000 (Baseline vs ContHistV2)
Finished game 541 (ContHistV2 vs Baseline): 1/2-1/2 {Draw by 3-fold repetition}
Score of ContHistV2 vs Baseline: 153 - 196 - 188  [0.460] 537
Started game 547 of 10000 (ContHistV2 vs Baseline)
Finished game 538 (Baseline vs ContHistV2): 1-0 {White wins by adjudication}
Score of ContHistV2 vs Baseline: 153 - 197 - 188  [0.459] 538
Started game 548 of 10000 (Baseline vs ContHistV2)
Finished game 539 (ContHistV2 vs Baseline): 0-1 {Black wins by adjudication}
Score of ContHistV2 vs Baseline: 153 - 198 - 188  [0.458] 539
Started game 549 of 10000 (ContHistV2 vs Baseline)
Finished game 537 (ContHistV2 vs Baseline): 1/2-1/2 {Draw by adjudication}
Score of ContHistV2 vs Baseline: 153 - 198 - 189  [0.458] 540
Started game 550 of 10000 (Baseline vs ContHistV2)
Finished game 544 (Baseline vs ContHistV2): 1-0 {White wins by adjudication}
Score of ContHistV2 vs Baseline: 153 - 199 - 189  [0.457] 541
Started game 551 of 10000 (ContHistV2 vs Baseline)
Finished game 540 (Baseline vs ContHistV2): 1-0 {White wins by adjudication}
Score of ContHistV2 vs Baseline: 153 - 200 - 189  [0.457] 542
Started game 552 of 10000 (Baseline vs ContHistV2)
Finished game 543 (ContHistV2 vs Baseline): 0-1 {Black wins by adjudication}
Score of ContHistV2 vs Baseline: 153 - 201 - 189  [0.456] 543
Started game 553 of 10000 (ContHistV2 vs Baseline)
Finished game 545 (ContHistV2 vs Baseline): 1/2-1/2 {Draw by 3-fold repetition}
Score of ContHistV2 vs Baseline: 153 - 201 - 190  [0.456] 544
Started game 554 of 10000 (Baseline vs ContHistV2)
Finished game 546 (Baseline vs ContHistV2): 1/2-1/2 {Draw by insufficient mating material}
Score of ContHistV2 vs Baseline: 153 - 201 - 191  [0.456] 545
Started game 555 of 10000 (ContHistV2 vs Baseline)
Finished game 548 (Baseline vs ContHistV2): 0-1 {Black wins by adjudication}
Score of ContHistV2 vs Baseline: 154 - 201 - 191  [0.457] 546
Started game 556 of 10000 (Baseline vs ContHistV2)
Finished game 550 (Baseline vs ContHistV2): 1-0 {White wins by adjudication}
Score of ContHistV2 vs Baseline: 154 - 202 - 191  [0.456] 547
Started game 557 of 10000 (ContHistV2 vs Baseline)
Finished game 542 (Baseline vs ContHistV2): 1-0 {White wins by adjudication}
Score of ContHistV2 vs Baseline: 154 - 203 - 191  [0.455] 548
Started game 558 of 10000 (Baseline vs ContHistV2)
Finished game 547 (ContHistV2 vs Baseline): 1/2-1/2 {Draw by fifty moves rule}
Score of ContHistV2 vs Baseline: 154 - 203 - 192  [0.455] 549
Started game 559 of 10000 (ContHistV2 vs Baseline)
Finished game 551 (ContHistV2 vs Baseline): 1-0 {White wins by adjudication}
Score of ContHistV2 vs Baseline: 155 - 203 - 192  [0.456] 550
Started game 560 of 10000 (Baseline vs ContHistV2)
Finished game 553 (ContHistV2 vs Baseline): 1-0 {White wins by adjudication}
Score of ContHistV2 vs Baseline: 156 - 203 - 192  [0.457] 551
Started game 561 of 10000 (ContHistV2 vs Baseline)
Finished game 552 (Baseline vs ContHistV2): 1/2-1/2 {Draw by 3-fold repetition}
Score of ContHistV2 vs Baseline: 156 - 203 - 193  [0.457] 552
Started game 562 of 10000 (Baseline vs ContHistV2)
Finished game 549 (ContHistV2 vs Baseline): 1/2-1/2 {Draw by adjudication}
Score of ContHistV2 vs Baseline: 156 - 203 - 194  [0.458] 553
Started game 563 of 10000 (ContHistV2 vs Baseline)
Finished game 555 (ContHistV2 vs Baseline): 1-0 {White wins by adjudication}
Score of ContHistV2 vs Baseline: 157 - 203 - 194  [0.458] 554
Started game 564 of 10000 (Baseline vs ContHistV2)
Finished game 556 (Baseline vs ContHistV2): 1-0 {White wins by adjudication}
Score of ContHistV2 vs Baseline: 157 - 204 - 194  [0.458] 555
Started game 565 of 10000 (ContHistV2 vs Baseline)
Finished game 557 (ContHistV2 vs Baseline): 0-1 {Black wins by adjudication}
Score of ContHistV2 vs Baseline: 157 - 205 - 194  [0.457] 556
Started game 566 of 10000 (Baseline vs ContHistV2)
Finished game 558 (Baseline vs ContHistV2): 1/2-1/2 {Draw by 3-fold repetition}
Score of ContHistV2 vs Baseline: 157 - 205 - 195  [0.457] 557
Started game 567 of 10000 (ContHistV2 vs Baseline)
Finished game 554 (Baseline vs ContHistV2): 1/2-1/2 {Draw by fifty moves rule}
Score of ContHistV2 vs Baseline: 157 - 205 - 196  [0.457] 558
Started game 568 of 10000 (Baseline vs ContHistV2)
Finished game 562 (Baseline vs ContHistV2): 0-1 {Black wins by adjudication}
Score of ContHistV2 vs Baseline: 158 - 205 - 196  [0.458] 559
Started game 569 of 10000 (ContHistV2 vs Baseline)
Finished game 559 (ContHistV2 vs Baseline): 1/2-1/2 {Draw by 3-fold repetition}
Score of ContHistV2 vs Baseline: 158 - 205 - 197  [0.458] 560
Started game 570 of 10000 (Baseline vs ContHistV2)
Finished game 564 (Baseline vs ContHistV2): 1/2-1/2 {Draw by adjudication}
Score of ContHistV2 vs Baseline: 158 - 205 - 198  [0.458] 561
Started game 571 of 10000 (ContHistV2 vs Baseline)
Finished game 561 (ContHistV2 vs Baseline): 1/2-1/2 {Draw by 3-fold repetition}
Score of ContHistV2 vs Baseline: 158 - 205 - 199  [0.458] 562
Started game 572 of 10000 (Baseline vs ContHistV2)
Finished game 563 (ContHistV2 vs Baseline): 0-1 {Black wins by adjudication}
Score of ContHistV2 vs Baseline: 158 - 206 - 199  [0.457] 563
Started game 573 of 10000 (ContHistV2 vs Baseline)
Finished game 565 (ContHistV2 vs Baseline): 1-0 {White wins by adjudication}
Score of ContHistV2 vs Baseline: 159 - 206 - 199  [0.458] 564
Started game 574 of 10000 (Baseline vs ContHistV2)
Finished game 567 (ContHistV2 vs Baseline): 1/2-1/2 {Draw by 3-fold repetition}
Score of ContHistV2 vs Baseline: 159 - 206 - 200  [0.458] 565
Started game 575 of 10000 (ContHistV2 vs Baseline)
Finished game 560 (Baseline vs ContHistV2): 0-1 {Black wins by adjudication}
Score of ContHistV2 vs Baseline: 160 - 206 - 200  [0.459] 566
Started game 576 of 10000 (Baseline vs ContHistV2)
Finished game 568 (Baseline vs ContHistV2): 0-1 {Black wins by adjudication}
Score of ContHistV2 vs Baseline: 161 - 206 - 200  [0.460] 567
Started game 577 of 10000 (ContHistV2 vs Baseline)
Finished game 572 (Baseline vs ContHistV2): 1-0 {White wins by adjudication}
Score of ContHistV2 vs Baseline: 161 - 207 - 200  [0.460] 568
Started game 578 of 10000 (Baseline vs ContHistV2)
Finished game 571 (ContHistV2 vs Baseline): 1-0 {White wins by adjudication}
Score of ContHistV2 vs Baseline: 162 - 207 - 200  [0.460] 569
Started game 579 of 10000 (ContHistV2 vs Baseline)
Finished game 573 (ContHistV2 vs Baseline): 0-1 {Black wins by adjudication}
Score of ContHistV2 vs Baseline: 162 - 208 - 200  [0.460] 570
Started game 580 of 10000 (Baseline vs ContHistV2)
Finished game 570 (Baseline vs ContHistV2): 1/2-1/2 {Draw by insufficient mating material}
Score of ContHistV2 vs Baseline: 162 - 208 - 201  [0.460] 571
Started game 581 of 10000 (ContHistV2 vs Baseline)
Finished game 566 (Baseline vs ContHistV2): 1/2-1/2 {Draw by fifty moves rule}
Score of ContHistV2 vs Baseline: 162 - 208 - 202  [0.460] 572
Started game 582 of 10000 (Baseline vs ContHistV2)
Finished game 569 (ContHistV2 vs Baseline): 1/2-1/2 {Draw by insufficient mating material}
Score of ContHistV2 vs Baseline: 162 - 208 - 203  [0.460] 573
Started game 583 of 10000 (ContHistV2 vs Baseline)
Finished game 576 (Baseline vs ContHistV2): 1-0 {White wins by adjudication}
Score of ContHistV2 vs Baseline: 162 - 209 - 203  [0.459] 574
Started game 584 of 10000 (Baseline vs ContHistV2)
Finished game 574 (Baseline vs ContHistV2): 1/2-1/2 {Draw by insufficient mating material}
Score of ContHistV2 vs Baseline: 162 - 209 - 204  [0.459] 575
Started game 585 of 10000 (ContHistV2 vs Baseline)
Finished game 575 (ContHistV2 vs Baseline): 1-0 {White wins by adjudication}
Score of ContHistV2 vs Baseline: 163 - 209 - 204  [0.460] 576
Started game 586 of 10000 (Baseline vs ContHistV2)
Finished game 577 (ContHistV2 vs Baseline): 1-0 {White wins by adjudication}
Score of ContHistV2 vs Baseline: 164 - 209 - 204  [0.461] 577
Started game 587 of 10000 (ContHistV2 vs Baseline)
Finished game 578 (Baseline vs ContHistV2): 1-0 {White mates}
Score of ContHistV2 vs Baseline: 164 - 210 - 204  [0.460] 578
Started game 588 of 10000 (Baseline vs ContHistV2)
Finished game 580 (Baseline vs ContHistV2): 1/2-1/2 {Draw by 3-fold repetition}
Score of ContHistV2 vs Baseline: 164 - 210 - 205  [0.460] 579
Started game 589 of 10000 (ContHistV2 vs Baseline)
Finished game 582 (Baseline vs ContHistV2): 1/2-1/2 {Draw by 3-fold repetition}
Score of ContHistV2 vs Baseline: 164 - 210 - 206  [0.460] 580
Started game 590 of 10000 (Baseline vs ContHistV2)
Finished game 581 (ContHistV2 vs Baseline): 0-1 {Black wins by adjudication}
Score of ContHistV2 vs Baseline: 164 - 211 - 206  [0.460] 581
Started game 591 of 10000 (ContHistV2 vs Baseline)
Finished game 583 (ContHistV2 vs Baseline): 1-0 {White wins by adjudication}
Score of ContHistV2 vs Baseline: 165 - 211 - 206  [0.460] 582
Started game 592 of 10000 (Baseline vs ContHistV2)
Finished game 579 (ContHistV2 vs Baseline): 1/2-1/2 {Draw by fifty moves rule}
Score of ContHistV2 vs Baseline: 165 - 211 - 207  [0.461] 583
Started game 593 of 10000 (ContHistV2 vs Baseline)
Finished game 584 (Baseline vs ContHistV2): 0-1 {Black wins by adjudication}
Score of ContHistV2 vs Baseline: 166 - 211 - 207  [0.461] 584
Started game 594 of 10000 (Baseline vs ContHistV2)
Finished game 589 (ContHistV2 vs Baseline): 0-1 {Black wins by adjudication}
Score of ContHistV2 vs Baseline: 166 - 212 - 207  [0.461] 585
Started game 595 of 10000 (ContHistV2 vs Baseline)
Finished game 585 (ContHistV2 vs Baseline): 1/2-1/2 {Draw by adjudication}
Score of ContHistV2 vs Baseline: 166 - 212 - 208  [0.461] 586
Started game 596 of 10000 (Baseline vs ContHistV2)
Finished game 587 (ContHistV2 vs Baseline): 1/2-1/2 {Draw by 3-fold repetition}
Score of ContHistV2 vs Baseline: 166 - 212 - 209  [0.461] 587
Started game 597 of 10000 (ContHistV2 vs Baseline)
Finished game 591 (ContHistV2 vs Baseline): 1/2-1/2 {Draw by 3-fold repetition}
Score of ContHistV2 vs Baseline: 166 - 212 - 210  [0.461] 588
Started game 598 of 10000 (Baseline vs ContHistV2)
Finished game 586 (Baseline vs ContHistV2): 1-0 {White wins by adjudication}
Score of ContHistV2 vs Baseline: 166 - 213 - 210  [0.460] 589
Started game 599 of 10000 (ContHistV2 vs Baseline)
Finished game 588 (Baseline vs ContHistV2): 1/2-1/2 {Draw by fifty moves rule}
Score of ContHistV2 vs Baseline: 166 - 213 - 211  [0.460] 590
Started game 600 of 10000 (Baseline vs ContHistV2)
Finished game 590 (Baseline vs ContHistV2): 1-0 {White wins by adjudication}
Score of ContHistV2 vs Baseline: 166 - 214 - 211  [0.459] 591
Started game 601 of 10000 (ContHistV2 vs Baseline)
Finished game 592 (Baseline vs ContHistV2): 1-0 {White wins by adjudication}
Score of ContHistV2 vs Baseline: 166 - 215 - 211  [0.459] 592
Started game 602 of 10000 (Baseline vs ContHistV2)
Finished game 593 (ContHistV2 vs Baseline): 1-0 {White wins by adjudication}
Score of ContHistV2 vs Baseline: 167 - 215 - 211  [0.460] 593
Started game 603 of 10000 (ContHistV2 vs Baseline)
Finished game 599 (ContHistV2 vs Baseline): 1/2-1/2 {Draw by 3-fold repetition}
Score of ContHistV2 vs Baseline: 167 - 215 - 212  [0.460] 594
Started game 604 of 10000 (Baseline vs ContHistV2)
Finished game 597 (ContHistV2 vs Baseline): 0-1 {Black wins by adjudication}
Score of ContHistV2 vs Baseline: 167 - 216 - 212  [0.459] 595
Started game 605 of 10000 (ContHistV2 vs Baseline)
Finished game 594 (Baseline vs ContHistV2): 1-0 {White wins by adjudication}
Score of ContHistV2 vs Baseline: 167 - 217 - 212  [0.458] 596
Started game 606 of 10000 (Baseline vs ContHistV2)
Finished game 596 (Baseline vs ContHistV2): 1-0 {White wins by adjudication}
Score of ContHistV2 vs Baseline: 167 - 218 - 212  [0.457] 597
Started game 607 of 10000 (ContHistV2 vs Baseline)
Finished game 601 (ContHistV2 vs Baseline): 0-1 {Black wins by adjudication}
Score of ContHistV2 vs Baseline: 167 - 219 - 212  [0.457] 598
Started game 608 of 10000 (Baseline vs ContHistV2)
Finished game 600 (Baseline vs ContHistV2): 1-0 {White wins by adjudication}
Score of ContHistV2 vs Baseline: 167 - 220 - 212  [0.456] 599
Started game 609 of 10000 (ContHistV2 vs Baseline)
Finished game 595 (ContHistV2 vs Baseline): 1/2-1/2 {Draw by fifty moves rule}
Score of ContHistV2 vs Baseline: 167 - 220 - 213  [0.456] 600
Started game 610 of 10000 (Baseline vs ContHistV2)
Finished game 602 (Baseline vs ContHistV2): 1-0 {White wins by adjudication}
Score of ContHistV2 vs Baseline: 167 - 221 - 213  [0.455] 601
Started game 611 of 10000 (ContHistV2 vs Baseline)
Finished game 603 (ContHistV2 vs Baseline): 0-1 {Black wins by adjudication}
Score of ContHistV2 vs Baseline: 167 - 222 - 213  [0.454] 602
Started game 612 of 10000 (Baseline vs ContHistV2)
Finished game 598 (Baseline vs ContHistV2): 1/2-1/2 {Draw by insufficient mating material}
Score of ContHistV2 vs Baseline: 167 - 222 - 214  [0.454] 603
Started game 613 of 10000 (ContHistV2 vs Baseline)
Finished game 604 (Baseline vs ContHistV2): 0-1 {Black wins by adjudication}
Score of ContHistV2 vs Baseline: 168 - 222 - 214  [0.455] 604
Started game 614 of 10000 (Baseline vs ContHistV2)
Finished game 606 (Baseline vs ContHistV2): 1-0 {White wins by adjudication}
Score of ContHistV2 vs Baseline: 168 - 223 - 214  [0.455] 605
Started game 615 of 10000 (ContHistV2 vs Baseline)
Finished game 605 (ContHistV2 vs Baseline): 0-1 {Black wins by adjudication}
Score of ContHistV2 vs Baseline: 168 - 224 - 214  [0.454] 606
Started game 616 of 10000 (Baseline vs ContHistV2)
Finished game 607 (ContHistV2 vs Baseline): 1-0 {White wins by adjudication}
Score of ContHistV2 vs Baseline: 169 - 224 - 214  [0.455] 607
Started game 617 of 10000 (ContHistV2 vs Baseline)
Finished game 609 (ContHistV2 vs Baseline): 1-0 {White wins by adjudication}
Score of ContHistV2 vs Baseline: 170 - 224 - 214  [0.456] 608
Started game 618 of 10000 (Baseline vs ContHistV2)
Finished game 614 (Baseline vs ContHistV2): 1/2-1/2 {Draw by 3-fold repetition}
Score of ContHistV2 vs Baseline: 170 - 224 - 215  [0.456] 609
Started game 619 of 10000 (ContHistV2 vs Baseline)
Finished game 608 (Baseline vs ContHistV2): 1/2-1/2 {Draw by insufficient mating material}
Score of ContHistV2 vs Baseline: 170 - 224 - 216  [0.456] 610
Started game 620 of 10000 (Baseline vs ContHistV2)
Finished game 610 (Baseline vs ContHistV2): 0-1 {Black wins by adjudication}
Score of ContHistV2 vs Baseline: 171 - 224 - 216  [0.457] 611
Started game 621 of 10000 (ContHistV2 vs Baseline)
Finished game 613 (ContHistV2 vs Baseline): 0-1 {Black wins by adjudication}
Score of ContHistV2 vs Baseline: 171 - 225 - 216  [0.456] 612
Started game 622 of 10000 (Baseline vs ContHistV2)
Finished game 612 (Baseline vs ContHistV2): 1-0 {White wins by adjudication}
Score of ContHistV2 vs Baseline: 171 - 226 - 216  [0.455] 613
Started game 623 of 10000 (ContHistV2 vs Baseline)
Finished game 611 (ContHistV2 vs Baseline): 1/2-1/2 {Draw by insufficient mating material}
Score of ContHistV2 vs Baseline: 171 - 226 - 217  [0.455] 614
Started game 624 of 10000 (Baseline vs ContHistV2)
Finished game 615 (ContHistV2 vs Baseline): 1-0 {White wins by adjudication}
Score of ContHistV2 vs Baseline: 172 - 226 - 217  [0.456] 615
Started game 625 of 10000 (ContHistV2 vs Baseline)
Finished game 617 (ContHistV2 vs Baseline): 1-0 {White wins by adjudication}
Score of ContHistV2 vs Baseline: 173 - 226 - 217  [0.457] 616
Started game 626 of 10000 (Baseline vs ContHistV2)
Finished game 618 (Baseline vs ContHistV2): 0-1 {Black wins by adjudication}
Score of ContHistV2 vs Baseline: 174 - 226 - 217  [0.458] 617
Started game 627 of 10000 (ContHistV2 vs Baseline)
Finished game 620 (Baseline vs ContHistV2): 0-1 {Black wins by adjudication}
Score of ContHistV2 vs Baseline: 175 - 226 - 217  [0.459] 618
Started game 628 of 10000 (Baseline vs ContHistV2)
Finished game 627 (ContHistV2 vs Baseline): 1-0 {White wins by adjudication}
Score of ContHistV2 vs Baseline: 176 - 226 - 217  [0.460] 619
Started game 629 of 10000 (ContHistV2 vs Baseline)
Finished game 628 (Baseline vs ContHistV2): 1-0 {White wins by adjudication}
Score of ContHistV2 vs Baseline: 176 - 227 - 217  [0.459] 620
Started game 630 of 10000 (Baseline vs ContHistV2)
Finished game 619 (ContHistV2 vs Baseline): 1-0 {White wins by adjudication}
Score of ContHistV2 vs Baseline: 177 - 227 - 217  [0.460] 621
Started game 631 of 10000 (ContHistV2 vs Baseline)
Finished game 621 (ContHistV2 vs Baseline): 0-1 {Black wins by adjudication}
Score of ContHistV2 vs Baseline: 177 - 228 - 217  [0.459] 622
Started game 632 of 10000 (Baseline vs ContHistV2)
Finished game 616 (Baseline vs ContHistV2): 0-1 {Black wins by adjudication}
Score of ContHistV2 vs Baseline: 178 - 228 - 217  [0.460] 623
Started game 633 of 10000 (ContHistV2 vs Baseline)
Finished game 622 (Baseline vs ContHistV2): 1-0 {White wins by adjudication}
Score of ContHistV2 vs Baseline: 178 - 229 - 217  [0.459] 624
Started game 634 of 10000 (Baseline vs ContHistV2)
Finished game 624 (Baseline vs ContHistV2): 0-1 {Black wins by adjudication}
Score of ContHistV2 vs Baseline: 179 - 229 - 217  [0.460] 625
Started game 635 of 10000 (ContHistV2 vs Baseline)
Finished game 626 (Baseline vs ContHistV2): 1/2-1/2 {Draw by 3-fold repetition}
Score of ContHistV2 vs Baseline: 179 - 229 - 218  [0.460] 626
Started game 636 of 10000 (Baseline vs ContHistV2)
Finished game 623 (ContHistV2 vs Baseline): 1-0 {White wins by adjudication}
Score of ContHistV2 vs Baseline: 180 - 229 - 218  [0.461] 627
Started game 637 of 10000 (ContHistV2 vs Baseline)
Finished game 629 (ContHistV2 vs Baseline): 1/2-1/2 {Draw by 3-fold repetition}
Score of ContHistV2 vs Baseline: 180 - 229 - 219  [0.461] 628
Started game 638 of 10000 (Baseline vs ContHistV2)
Finished game 625 (ContHistV2 vs Baseline): 1-0 {White wins by adjudication}
Score of ContHistV2 vs Baseline: 181 - 229 - 219  [0.462] 629
Started game 639 of 10000 (ContHistV2 vs Baseline)
Finished game 631 (ContHistV2 vs Baseline): 1/2-1/2 {Draw by 3-fold repetition}
Score of ContHistV2 vs Baseline: 181 - 229 - 220  [0.462] 630
Started game 640 of 10000 (Baseline vs ContHistV2)
Finished game 630 (Baseline vs ContHistV2): 1/2-1/2 {Draw by insufficient mating material}
Score of ContHistV2 vs Baseline: 181 - 229 - 221  [0.462] 631
Started game 641 of 10000 (ContHistV2 vs Baseline)
Finished game 634 (Baseline vs ContHistV2): 0-1 {Black wins by adjudication}
Score of ContHistV2 vs Baseline: 182 - 229 - 221  [0.463] 632
Started game 642 of 10000 (Baseline vs ContHistV2)
Finished game 635 (ContHistV2 vs Baseline): 1/2-1/2 {Draw by adjudication}
Score of ContHistV2 vs Baseline: 182 - 229 - 222  [0.463] 633
Started game 643 of 10000 (ContHistV2 vs Baseline)
Finished game 632 (Baseline vs ContHistV2): 1/2-1/2 {Draw by 3-fold repetition}
Score of ContHistV2 vs Baseline: 182 - 229 - 223  [0.463] 634
Started game 644 of 10000 (Baseline vs ContHistV2)
Finished game 633 (ContHistV2 vs Baseline): 1-0 {White wins by adjudication}
Score of ContHistV2 vs Baseline: 183 - 229 - 223  [0.464] 635
Started game 645 of 10000 (ContHistV2 vs Baseline)
Finished game 637 (ContHistV2 vs Baseline): 0-1 {Black wins by adjudication}
Score of ContHistV2 vs Baseline: 183 - 230 - 223  [0.463] 636
Started game 646 of 10000 (Baseline vs ContHistV2)
Finished game 636 (Baseline vs ContHistV2): 1-0 {White wins by adjudication}
Score of ContHistV2 vs Baseline: 183 - 231 - 223  [0.462] 637
Started game 647 of 10000 (ContHistV2 vs Baseline)
Finished game 638 (Baseline vs ContHistV2): 0-1 {Black wins by adjudication}
Score of ContHistV2 vs Baseline: 184 - 231 - 223  [0.463] 638
Started game 648 of 10000 (Baseline vs ContHistV2)
Finished game 639 (ContHistV2 vs Baseline): 1-0 {White wins by adjudication}
Score of ContHistV2 vs Baseline: 185 - 231 - 223  [0.464] 639
Started game 649 of 10000 (ContHistV2 vs Baseline)
Finished game 640 (Baseline vs ContHistV2): 1/2-1/2 {Draw by 3-fold repetition}
Score of ContHistV2 vs Baseline: 185 - 231 - 224  [0.464] 640
Started game 650 of 10000 (Baseline vs ContHistV2)
Finished game 642 (Baseline vs ContHistV2): 1/2-1/2 {Draw by 3-fold repetition}
Score of ContHistV2 vs Baseline: 185 - 231 - 225  [0.464] 641
Started game 651 of 10000 (ContHistV2 vs Baseline)
Finished game 641 (ContHistV2 vs Baseline): 1-0 {White wins by adjudication}
Score of ContHistV2 vs Baseline: 186 - 231 - 225  [0.465] 642
Started game 652 of 10000 (Baseline vs ContHistV2)
Finished game 647 (ContHistV2 vs Baseline): 1/2-1/2 {Draw by adjudication}
Score of ContHistV2 vs Baseline: 186 - 231 - 226  [0.465] 643
Started game 653 of 10000 (ContHistV2 vs Baseline)
Finished game 643 (ContHistV2 vs Baseline): 1/2-1/2 {Draw by adjudication}
Score of ContHistV2 vs Baseline: 186 - 231 - 227  [0.465] 644
Started game 654 of 10000 (Baseline vs ContHistV2)
Finished game 645 (ContHistV2 vs Baseline): 1/2-1/2 {Draw by 3-fold repetition}
Score of ContHistV2 vs Baseline: 186 - 231 - 228  [0.465] 645
Started game 655 of 10000 (ContHistV2 vs Baseline)
Finished game 648 (Baseline vs ContHistV2): 1-0 {White wins by adjudication}
Score of ContHistV2 vs Baseline: 186 - 232 - 228  [0.464] 646
Started game 656 of 10000 (Baseline vs ContHistV2)
Finished game 649 (ContHistV2 vs Baseline): 1/2-1/2 {Draw by 3-fold repetition}
Score of ContHistV2 vs Baseline: 186 - 232 - 229  [0.464] 647
Started game 657 of 10000 (ContHistV2 vs Baseline)
Finished game 646 (Baseline vs ContHistV2): 1-0 {White wins by adjudication}
Score of ContHistV2 vs Baseline: 186 - 233 - 229  [0.464] 648
Started game 658 of 10000 (Baseline vs ContHistV2)
Finished game 644 (Baseline vs ContHistV2): 1/2-1/2 {Draw by adjudication}
Score of ContHistV2 vs Baseline: 186 - 233 - 230  [0.464] 649
Started game 659 of 10000 (ContHistV2 vs Baseline)
Finished game 654 (Baseline vs ContHistV2): 1-0 {White wins by adjudication}
Score of ContHistV2 vs Baseline: 186 - 234 - 230  [0.463] 650
Started game 660 of 10000 (Baseline vs ContHistV2)
Finished game 650 (Baseline vs ContHistV2): 1/2-1/2 {Draw by insufficient mating material}
Score of ContHistV2 vs Baseline: 186 - 234 - 231  [0.463] 651
Started game 661 of 10000 (ContHistV2 vs Baseline)
Finished game 652 (Baseline vs ContHistV2): 1/2-1/2 {Draw by 3-fold repetition}
Score of ContHistV2 vs Baseline: 186 - 234 - 232  [0.463] 652
Started game 662 of 10000 (Baseline vs ContHistV2)
Finished game 651 (ContHistV2 vs Baseline): 0-1 {Black wins by adjudication}
Score of ContHistV2 vs Baseline: 186 - 235 - 232  [0.462] 653
Started game 663 of 10000 (ContHistV2 vs Baseline)
Finished game 655 (ContHistV2 vs Baseline): 0-1 {Black mates}
Score of ContHistV2 vs Baseline: 186 - 236 - 232  [0.462] 654
Started game 664 of 10000 (Baseline vs ContHistV2)
Finished game 656 (Baseline vs ContHistV2): 1/2-1/2 {Draw by 3-fold repetition}
Score of ContHistV2 vs Baseline: 186 - 236 - 233  [0.462] 655
Started game 665 of 10000 (ContHistV2 vs Baseline)
Finished game 653 (ContHistV2 vs Baseline): 0-1 {Black wins by adjudication}
Score of ContHistV2 vs Baseline: 186 - 237 - 233  [0.461] 656
Started game 666 of 10000 (Baseline vs ContHistV2)
Finished game 658 (Baseline vs ContHistV2): 1-0 {White wins by adjudication}
Score of ContHistV2 vs Baseline: 186 - 238 - 233  [0.460] 657
Started game 667 of 10000 (ContHistV2 vs Baseline)
Finished game 657 (ContHistV2 vs Baseline): 0-1 {Black wins by adjudication}
Score of ContHistV2 vs Baseline: 186 - 239 - 233  [0.460] 658
Started game 668 of 10000 (Baseline vs ContHistV2)
Finished game 659 (ContHistV2 vs Baseline): 1/2-1/2 {Draw by 3-fold repetition}
Score of ContHistV2 vs Baseline: 186 - 239 - 234  [0.460] 659
Started game 669 of 10000 (ContHistV2 vs Baseline)
Finished game 666 (Baseline vs ContHistV2): 1/2-1/2 {Draw by 3-fold repetition}
Score of ContHistV2 vs Baseline: 186 - 239 - 235  [0.460] 660
Started game 670 of 10000 (Baseline vs ContHistV2)
Finished game 662 (Baseline vs ContHistV2): 1-0 {White wins by adjudication}
Score of ContHistV2 vs Baseline: 186 - 240 - 235  [0.459] 661
Started game 671 of 10000 (ContHistV2 vs Baseline)
Finished game 663 (ContHistV2 vs Baseline): 0-1 {Black wins by adjudication}
Score of ContHistV2 vs Baseline: 186 - 241 - 235  [0.458] 662
Started game 672 of 10000 (Baseline vs ContHistV2)
Finished game 661 (ContHistV2 vs Baseline): 1/2-1/2 {Draw by adjudication}
Score of ContHistV2 vs Baseline: 186 - 241 - 236  [0.459] 663
Started game 673 of 10000 (ContHistV2 vs Baseline)
Finished game 665 (ContHistV2 vs Baseline): 1/2-1/2 {Draw by 3-fold repetition}
Score of ContHistV2 vs Baseline: 186 - 241 - 237  [0.459] 664
Started game 674 of 10000 (Baseline vs ContHistV2)
Finished game 664 (Baseline vs ContHistV2): 1/2-1/2 {Draw by 3-fold repetition}
Score of ContHistV2 vs Baseline: 186 - 241 - 238  [0.459] 665
Started game 675 of 10000 (ContHistV2 vs Baseline)
Finished game 667 (ContHistV2 vs Baseline): 0-1 {Black wins by adjudication}
Score of ContHistV2 vs Baseline: 186 - 242 - 238  [0.458] 666
Started game 676 of 10000 (Baseline vs ContHistV2)
Finished game 668 (Baseline vs ContHistV2): 1/2-1/2 {Draw by adjudication}
Score of ContHistV2 vs Baseline: 186 - 242 - 239  [0.458] 667
Started game 677 of 10000 (ContHistV2 vs Baseline)
Finished game 660 (Baseline vs ContHistV2): 1/2-1/2 {Draw by adjudication}
Score of ContHistV2 vs Baseline: 186 - 242 - 240  [0.458] 668
Started game 678 of 10000 (Baseline vs ContHistV2)
Finished game 669 (ContHistV2 vs Baseline): 0-1 {Black wins by adjudication}
Score of ContHistV2 vs Baseline: 186 - 243 - 240  [0.457] 669
Started game 679 of 10000 (ContHistV2 vs Baseline)
Finished game 670 (Baseline vs ContHistV2): 0-1 {Black wins by adjudication}
Score of ContHistV2 vs Baseline: 187 - 243 - 240  [0.458] 670
Started game 680 of 10000 (Baseline vs ContHistV2)
Finished game 672 (Baseline vs ContHistV2): 0-1 {Black wins by adjudication}
Score of ContHistV2 vs Baseline: 188 - 243 - 240  [0.459] 671
Started game 681 of 10000 (ContHistV2 vs Baseline)
Finished game 673 (ContHistV2 vs Baseline): 1-0 {White wins by adjudication}
Score of ContHistV2 vs Baseline: 189 - 243 - 240  [0.460] 672
Started game 682 of 10000 (Baseline vs ContHistV2)
Finished game 678 (Baseline vs ContHistV2): 1/2-1/2 {Draw by 3-fold repetition}
Score of ContHistV2 vs Baseline: 189 - 243 - 241  [0.460] 673
Started game 683 of 10000 (ContHistV2 vs Baseline)
Finished game 676 (Baseline vs ContHistV2): 1-0 {White wins by adjudication}
Score of ContHistV2 vs Baseline: 189 - 244 - 241  [0.459] 674
Started game 684 of 10000 (Baseline vs ContHistV2)
Finished game 675 (ContHistV2 vs Baseline): 1-0 {White wins by adjudication}
Score of ContHistV2 vs Baseline: 190 - 244 - 241  [0.460] 675
Started game 685 of 10000 (ContHistV2 vs Baseline)
Finished game 674 (Baseline vs ContHistV2): 0-1 {Black wins by adjudication}
Score of ContHistV2 vs Baseline: 191 - 244 - 241  [0.461] 676
Started game 686 of 10000 (Baseline vs ContHistV2)
Finished game 671 (ContHistV2 vs Baseline): 1/2-1/2 {Draw by fifty moves rule}
Score of ContHistV2 vs Baseline: 191 - 244 - 242  [0.461] 677
Started game 687 of 10000 (ContHistV2 vs Baseline)
Finished game 677 (ContHistV2 vs Baseline): 1/2-1/2 {Draw by 3-fold repetition}
Score of ContHistV2 vs Baseline: 191 - 244 - 243  [0.461] 678
Started game 688 of 10000 (Baseline vs ContHistV2)
Finished game 679 (ContHistV2 vs Baseline): 1/2-1/2 {Draw by 3-fold repetition}
Score of ContHistV2 vs Baseline: 191 - 244 - 244  [0.461] 679
Started game 689 of 10000 (ContHistV2 vs Baseline)
Finished game 681 (ContHistV2 vs Baseline): 0-1 {Black wins by adjudication}
Score of ContHistV2 vs Baseline: 191 - 245 - 244  [0.460] 680
Started game 690 of 10000 (Baseline vs ContHistV2)
Finished game 686 (Baseline vs ContHistV2): 1/2-1/2 {Draw by 3-fold repetition}
Score of ContHistV2 vs Baseline: 191 - 245 - 245  [0.460] 681
Started game 691 of 10000 (ContHistV2 vs Baseline)
Finished game 680 (Baseline vs ContHistV2): 0-1 {Black wins by adjudication}
Score of ContHistV2 vs Baseline: 192 - 245 - 245  [0.461] 682
Started game 692 of 10000 (Baseline vs ContHistV2)
Finished game 682 (Baseline vs ContHistV2): 1/2-1/2 {Draw by adjudication}
Score of ContHistV2 vs Baseline: 192 - 245 - 246  [0.461] 683
Started game 693 of 10000 (ContHistV2 vs Baseline)
Finished game 685 (ContHistV2 vs Baseline): 1/2-1/2 {Draw by insufficient mating material}
Score of ContHistV2 vs Baseline: 192 - 245 - 247  [0.461] 684
Started game 694 of 10000 (Baseline vs ContHistV2)
Finished game 684 (Baseline vs ContHistV2): 1-0 {White wins by adjudication}
Score of ContHistV2 vs Baseline: 192 - 246 - 247  [0.461] 685
Started game 695 of 10000 (ContHistV2 vs Baseline)
Finished game 683 (ContHistV2 vs Baseline): 1/2-1/2 {Draw by insufficient mating material}
Score of ContHistV2 vs Baseline: 192 - 246 - 248  [0.461] 686
Started game 696 of 10000 (Baseline vs ContHistV2)
Finished game 690 (Baseline vs ContHistV2): 1/2-1/2 {Draw by 3-fold repetition}
Score of ContHistV2 vs Baseline: 192 - 246 - 249  [0.461] 687
Started game 697 of 10000 (ContHistV2 vs Baseline)
Finished game 692 (Baseline vs ContHistV2): 1-0 {White wins by adjudication}
Score of ContHistV2 vs Baseline: 192 - 247 - 249  [0.460] 688
Started game 698 of 10000 (Baseline vs ContHistV2)
Finished game 689 (ContHistV2 vs Baseline): 1-0 {White wins by adjudication}
Score of ContHistV2 vs Baseline: 193 - 247 - 249  [0.461] 689
Started game 699 of 10000 (ContHistV2 vs Baseline)
Finished game 688 (Baseline vs ContHistV2): 1-0 {White wins by adjudication}
Score of ContHistV2 vs Baseline: 193 - 248 - 249  [0.460] 690
Started game 700 of 10000 (Baseline vs ContHistV2)
Finished game 691 (ContHistV2 vs Baseline): 1/2-1/2 {Draw by insufficient mating material}
Score of ContHistV2 vs Baseline: 193 - 248 - 250  [0.460] 691
Started game 701 of 10000 (ContHistV2 vs Baseline)
Finished game 687 (ContHistV2 vs Baseline): 0-1 {Black wins by adjudication}
Score of ContHistV2 vs Baseline: 193 - 249 - 250  [0.460] 692
Started game 702 of 10000 (Baseline vs ContHistV2)
Finished game 695 (ContHistV2 vs Baseline): 1-0 {White wins by adjudication}
Score of ContHistV2 vs Baseline: 194 - 249 - 250  [0.460] 693
Started game 703 of 10000 (ContHistV2 vs Baseline)
Finished game 693 (ContHistV2 vs Baseline): 1-0 {White wins by adjudication}
Score of ContHistV2 vs Baseline: 195 - 249 - 250  [0.461] 694
Started game 704 of 10000 (Baseline vs ContHistV2)
Finished game 696 (Baseline vs ContHistV2): 1-0 {White wins by adjudication}
Score of ContHistV2 vs Baseline: 195 - 250 - 250  [0.460] 695
Started game 705 of 10000 (ContHistV2 vs Baseline)
Finished game 694 (Baseline vs ContHistV2): 0-1 {Black wins by adjudication}
Score of ContHistV2 vs Baseline: 196 - 250 - 250  [0.461] 696
Started game 706 of 10000 (Baseline vs ContHistV2)
Finished game 697 (ContHistV2 vs Baseline): 1/2-1/2 {Draw by 3-fold repetition}
Score of ContHistV2 vs Baseline: 196 - 250 - 251  [0.461] 697
Started game 707 of 10000 (ContHistV2 vs Baseline)
Finished game 698 (Baseline vs ContHistV2): 0-1 {Black wins by adjudication}
Score of ContHistV2 vs Baseline: 197 - 250 - 251  [0.462] 698
Started game 708 of 10000 (Baseline vs ContHistV2)
Finished game 699 (ContHistV2 vs Baseline): 1/2-1/2 {Draw by 3-fold repetition}
Score of ContHistV2 vs Baseline: 197 - 250 - 252  [0.462] 699
Started game 709 of 10000 (ContHistV2 vs Baseline)
Finished game 700 (Baseline vs ContHistV2): 1-0 {White wins by adjudication}
Score of ContHistV2 vs Baseline: 197 - 251 - 252  [0.461] 700
Started game 710 of 10000 (Baseline vs ContHistV2)
Finished game 701 (ContHistV2 vs Baseline): 1-0 {White wins by adjudication}
Score of ContHistV2 vs Baseline: 198 - 251 - 252  [0.462] 701
Started game 711 of 10000 (ContHistV2 vs Baseline)
Finished game 704 (Baseline vs ContHistV2): 0-1 {Black wins by adjudication}
Score of ContHistV2 vs Baseline: 199 - 251 - 252  [0.463] 702
Started game 712 of 10000 (Baseline vs ContHistV2)
Finished game 706 (Baseline vs ContHistV2): 1/2-1/2 {Draw by 3-fold repetition}
Score of ContHistV2 vs Baseline: 199 - 251 - 253  [0.463] 703
Started game 713 of 10000 (ContHistV2 vs Baseline)
Finished game 702 (Baseline vs ContHistV2): 1-0 {White wins by adjudication}
Score of ContHistV2 vs Baseline: 199 - 252 - 253  [0.462] 704
Started game 714 of 10000 (Baseline vs ContHistV2)
Finished game 703 (ContHistV2 vs Baseline): 0-1 {Black wins by adjudication}
Score of ContHistV2 vs Baseline: 199 - 253 - 253  [0.462] 705
Started game 715 of 10000 (ContHistV2 vs Baseline)
Finished game 707 (ContHistV2 vs Baseline): 0-1 {Black wins by adjudication}
Score of ContHistV2 vs Baseline: 199 - 254 - 253  [0.461] 706
Started game 716 of 10000 (Baseline vs ContHistV2)
Finished game 705 (ContHistV2 vs Baseline): 1-0 {White wins by adjudication}
Score of ContHistV2 vs Baseline: 200 - 254 - 253  [0.462] 707
Started game 717 of 10000 (ContHistV2 vs Baseline)
Finished game 709 (ContHistV2 vs Baseline): 1-0 {White wins by adjudication}
Score of ContHistV2 vs Baseline: 201 - 254 - 253  [0.463] 708
Started game 718 of 10000 (Baseline vs ContHistV2)
Finished game 713 (ContHistV2 vs Baseline): 1/2-1/2 {Draw by 3-fold repetition}
Score of ContHistV2 vs Baseline: 201 - 254 - 254  [0.463] 709
Started game 719 of 10000 (ContHistV2 vs Baseline)
Finished game 711 (ContHistV2 vs Baseline): 1/2-1/2 {Draw by adjudication}
Score of ContHistV2 vs Baseline: 201 - 254 - 255  [0.463] 710
Started game 720 of 10000 (Baseline vs ContHistV2)
Finished game 714 (Baseline vs ContHistV2): 0-1 {Black wins by adjudication}
Score of ContHistV2 vs Baseline: 202 - 254 - 255  [0.463] 711
Started game 721 of 10000 (ContHistV2 vs Baseline)
Finished game 710 (Baseline vs ContHistV2): 1-0 {White wins by adjudication}
Score of ContHistV2 vs Baseline: 202 - 255 - 255  [0.463] 712
Started game 722 of 10000 (Baseline vs ContHistV2)
Finished game 712 (Baseline vs ContHistV2): 1/2-1/2 {Draw by adjudication}
Score of ContHistV2 vs Baseline: 202 - 255 - 256  [0.463] 713
Started game 723 of 10000 (ContHistV2 vs Baseline)
Finished game 708 (Baseline vs ContHistV2): 1/2-1/2 {Draw by fifty moves rule}
Score of ContHistV2 vs Baseline: 202 - 255 - 257  [0.463] 714
Started game 724 of 10000 (Baseline vs ContHistV2)
Finished game 716 (Baseline vs ContHistV2): 1-0 {White wins by adjudication}
Score of ContHistV2 vs Baseline: 202 - 256 - 257  [0.462] 715
Started game 725 of 10000 (ContHistV2 vs Baseline)
Finished game 717 (ContHistV2 vs Baseline): 1-0 {White wins by adjudication}
Score of ContHistV2 vs Baseline: 203 - 256 - 257  [0.463] 716
Started game 726 of 10000 (Baseline vs ContHistV2)
Finished game 718 (Baseline vs ContHistV2): 1-0 {White wins by adjudication}
Score of ContHistV2 vs Baseline: 203 - 257 - 257  [0.462] 717
Started game 727 of 10000 (ContHistV2 vs Baseline)
Finished game 715 (ContHistV2 vs Baseline): 1-0 {White wins by adjudication}
Score of ContHistV2 vs Baseline: 204 - 257 - 257  [0.463] 718
Started game 728 of 10000 (Baseline vs ContHistV2)
Finished game 721 (ContHistV2 vs Baseline): 1/2-1/2 {Draw by 3-fold repetition}
Score of ContHistV2 vs Baseline: 204 - 257 - 258  [0.463] 719
Started game 729 of 10000 (ContHistV2 vs Baseline)
Finished game 722 (Baseline vs ContHistV2): 1-0 {White wins by adjudication}
Score of ContHistV2 vs Baseline: 204 - 258 - 258  [0.463] 720
Started game 730 of 10000 (Baseline vs ContHistV2)
Finished game 723 (ContHistV2 vs Baseline): 1-0 {White wins by adjudication}
Score of ContHistV2 vs Baseline: 205 - 258 - 258  [0.463] 721
Started game 731 of 10000 (ContHistV2 vs Baseline)
Finished game 720 (Baseline vs ContHistV2): 1-0 {White wins by adjudication}
Score of ContHistV2 vs Baseline: 205 - 259 - 258  [0.463] 722
Started game 732 of 10000 (Baseline vs ContHistV2)
Finished game 719 (ContHistV2 vs Baseline): 1/2-1/2 {Draw by fifty moves rule}
Score of ContHistV2 vs Baseline: 205 - 259 - 259  [0.463] 723
Started game 733 of 10000 (ContHistV2 vs Baseline)
Finished game 725 (ContHistV2 vs Baseline): 1-0 {White wins by adjudication}
Score of ContHistV2 vs Baseline: 206 - 259 - 259  [0.463] 724
Started game 734 of 10000 (Baseline vs ContHistV2)
Finished game 727 (ContHistV2 vs Baseline): 1/2-1/2 {Draw by 3-fold repetition}
Score of ContHistV2 vs Baseline: 206 - 259 - 260  [0.463] 725
Started game 735 of 10000 (ContHistV2 vs Baseline)
Finished game 726 (Baseline vs ContHistV2): 1-0 {White wins by adjudication}
Score of ContHistV2 vs Baseline: 206 - 260 - 260  [0.463] 726
Started game 736 of 10000 (Baseline vs ContHistV2)
Finished game 724 (Baseline vs ContHistV2): 1-0 {White wins by adjudication}
Score of ContHistV2 vs Baseline: 206 - 261 - 260  [0.462] 727
Started game 737 of 10000 (ContHistV2 vs Baseline)
Finished game 728 (Baseline vs ContHistV2): 1-0 {White wins by adjudication}
Score of ContHistV2 vs Baseline: 206 - 262 - 260  [0.462] 728
Started game 738 of 10000 (Baseline vs ContHistV2)
Finished game 731 (ContHistV2 vs Baseline): 1-0 {White wins by adjudication}
Score of ContHistV2 vs Baseline: 207 - 262 - 260  [0.462] 729
Started game 739 of 10000 (ContHistV2 vs Baseline)
Finished game 734 (Baseline vs ContHistV2): 0-1 {Black wins by adjudication}
Score of ContHistV2 vs Baseline: 208 - 262 - 260  [0.463] 730
Started game 740 of 10000 (Baseline vs ContHistV2)
Finished game 729 (ContHistV2 vs Baseline): 1/2-1/2 {Draw by 3-fold repetition}
Score of ContHistV2 vs Baseline: 208 - 262 - 261  [0.463] 731
Started game 741 of 10000 (ContHistV2 vs Baseline)
Finished game 737 (ContHistV2 vs Baseline): 1-0 {White wins by adjudication}
Score of ContHistV2 vs Baseline: 209 - 262 - 261  [0.464] 732
Started game 742 of 10000 (Baseline vs ContHistV2)
Finished game 733 (ContHistV2 vs Baseline): 1-0 {White wins by adjudication}
Score of ContHistV2 vs Baseline: 210 - 262 - 261  [0.465] 733
Started game 743 of 10000 (ContHistV2 vs Baseline)
Finished game 735 (ContHistV2 vs Baseline): 0-1 {Black wins by adjudication}
Score of ContHistV2 vs Baseline: 210 - 263 - 261  [0.464] 734
Started game 744 of 10000 (Baseline vs ContHistV2)
Finished game 736 (Baseline vs ContHistV2): 0-1 {Black wins by adjudication}
Score of ContHistV2 vs Baseline: 211 - 263 - 261  [0.465] 735
Started game 745 of 10000 (ContHistV2 vs Baseline)
Finished game 741 (ContHistV2 vs Baseline): 1/2-1/2 {Draw by 3-fold repetition}
Score of ContHistV2 vs Baseline: 211 - 263 - 262  [0.465] 736
Started game 746 of 10000 (Baseline vs ContHistV2)
Finished game 739 (ContHistV2 vs Baseline): 0-1 {Black wins by adjudication}
Score of ContHistV2 vs Baseline: 211 - 264 - 262  [0.464] 737
Started game 747 of 10000 (ContHistV2 vs Baseline)
Finished game 732 (Baseline vs ContHistV2): 1/2-1/2 {Draw by fifty moves rule}
Score of ContHistV2 vs Baseline: 211 - 264 - 263  [0.464] 738
Started game 748 of 10000 (Baseline vs ContHistV2)
Finished game 740 (Baseline vs ContHistV2): 0-1 {Black wins by adjudication}
Score of ContHistV2 vs Baseline: 212 - 264 - 263  [0.465] 739
Started game 749 of 10000 (ContHistV2 vs Baseline)
Finished game 742 (Baseline vs ContHistV2): 1/2-1/2 {Draw by adjudication}
Score of ContHistV2 vs Baseline: 212 - 264 - 264  [0.465] 740
Started game 750 of 10000 (Baseline vs ContHistV2)
Finished game 730 (Baseline vs ContHistV2): 1/2-1/2 {Draw by fifty moves rule}
Score of ContHistV2 vs Baseline: 212 - 264 - 265  [0.465] 741
Started game 751 of 10000 (ContHistV2 vs Baseline)
Finished game 744 (Baseline vs ContHistV2): 1-0 {White wins by adjudication}
Score of ContHistV2 vs Baseline: 212 - 265 - 265  [0.464] 742
Started game 752 of 10000 (Baseline vs ContHistV2)
Finished game 738 (Baseline vs ContHistV2): 1/2-1/2 {Draw by insufficient mating material}
Score of ContHistV2 vs Baseline: 212 - 265 - 266  [0.464] 743
Started game 753 of 10000 (ContHistV2 vs Baseline)
Finished game 743 (ContHistV2 vs Baseline): 1/2-1/2 {Draw by 3-fold repetition}
Score of ContHistV2 vs Baseline: 212 - 265 - 267  [0.464] 744
Started game 754 of 10000 (Baseline vs ContHistV2)
Finished game 745 (ContHistV2 vs Baseline): 1/2-1/2 {Draw by adjudication}
Score of ContHistV2 vs Baseline: 212 - 265 - 268  [0.464] 745
Started game 755 of 10000 (ContHistV2 vs Baseline)
Finished game 746 (Baseline vs ContHistV2): 1-0 {White wins by adjudication}
Score of ContHistV2 vs Baseline: 212 - 266 - 268  [0.464] 746
Started game 756 of 10000 (Baseline vs ContHistV2)
Finished game 747 (ContHistV2 vs Baseline): 1-0 {White wins by adjudication}
Score of ContHistV2 vs Baseline: 213 - 266 - 268  [0.465] 747
Started game 757 of 10000 (ContHistV2 vs Baseline)
Finished game 748 (Baseline vs ContHistV2): 1/2-1/2 {Draw by 3-fold repetition}
Score of ContHistV2 vs Baseline: 213 - 266 - 269  [0.465] 748
Started game 758 of 10000 (Baseline vs ContHistV2)
Finished game 750 (Baseline vs ContHistV2): 1/2-1/2 {Draw by insufficient mating material}
Score of ContHistV2 vs Baseline: 213 - 266 - 270  [0.465] 749
Started game 759 of 10000 (ContHistV2 vs Baseline)
Finished game 752 (Baseline vs ContHistV2): 1/2-1/2 {Draw by insufficient mating material}
Score of ContHistV2 vs Baseline: 213 - 266 - 271  [0.465] 750
Started game 760 of 10000 (Baseline vs ContHistV2)
Finished game 751 (ContHistV2 vs Baseline): 1-0 {White wins by adjudication}
Score of ContHistV2 vs Baseline: 214 - 266 - 271  [0.465] 751
Started game 761 of 10000 (ContHistV2 vs Baseline)
Finished game 755 (ContHistV2 vs Baseline): 0-1 {Black wins by adjudication}
Score of ContHistV2 vs Baseline: 214 - 267 - 271  [0.465] 752
Started game 762 of 10000 (Baseline vs ContHistV2)
Finished game 749 (ContHistV2 vs Baseline): 1/2-1/2 {Draw by fifty moves rule}
Score of ContHistV2 vs Baseline: 214 - 267 - 272  [0.465] 753
Started game 763 of 10000 (ContHistV2 vs Baseline)
Finished game 754 (Baseline vs ContHistV2): 0-1 {Black wins by adjudication}
Score of ContHistV2 vs Baseline: 215 - 267 - 272  [0.466] 754
Started game 764 of 10000 (Baseline vs ContHistV2)
Finished game 753 (ContHistV2 vs Baseline): 0-1 {Black wins by adjudication}
Score of ContHistV2 vs Baseline: 215 - 268 - 272  [0.465] 755
Started game 765 of 10000 (ContHistV2 vs Baseline)
Finished game 757 (ContHistV2 vs Baseline): 1-0 {White wins by adjudication}
Score of ContHistV2 vs Baseline: 216 - 268 - 272  [0.466] 756
Started game 766 of 10000 (Baseline vs ContHistV2)
Finished game 756 (Baseline vs ContHistV2): 0-1 {Black wins by adjudication}
Score of ContHistV2 vs Baseline: 217 - 268 - 272  [0.466] 757
Started game 767 of 10000 (ContHistV2 vs Baseline)
Finished game 758 (Baseline vs ContHistV2): 1-0 {White wins by adjudication}
Score of ContHistV2 vs Baseline: 217 - 269 - 272  [0.466] 758
Started game 768 of 10000 (Baseline vs ContHistV2)
Finished game 759 (ContHistV2 vs Baseline): 1/2-1/2 {Draw by 3-fold repetition}
Score of ContHistV2 vs Baseline: 217 - 269 - 273  [0.466] 759
Started game 769 of 10000 (ContHistV2 vs Baseline)
Finished game 763 (ContHistV2 vs Baseline): 1/2-1/2 {Draw by 3-fold repetition}
Score of ContHistV2 vs Baseline: 217 - 269 - 274  [0.466] 760
Started game 770 of 10000 (Baseline vs ContHistV2)
Finished game 762 (Baseline vs ContHistV2): 0-1 {Black wins by adjudication}
Score of ContHistV2 vs Baseline: 218 - 269 - 274  [0.466] 761
Started game 771 of 10000 (ContHistV2 vs Baseline)
Finished game 764 (Baseline vs ContHistV2): 1-0 {White wins by adjudication}
Score of ContHistV2 vs Baseline: 218 - 270 - 274  [0.466] 762
Started game 772 of 10000 (Baseline vs ContHistV2)
Finished game 765 (ContHistV2 vs Baseline): 0-1 {Black wins by adjudication}
Score of ContHistV2 vs Baseline: 218 - 271 - 274  [0.465] 763
Started game 773 of 10000 (ContHistV2 vs Baseline)
Finished game 766 (Baseline vs ContHistV2): 1/2-1/2 {Draw by 3-fold repetition}
Score of ContHistV2 vs Baseline: 218 - 271 - 275  [0.465] 764
Started game 774 of 10000 (Baseline vs ContHistV2)
Finished game 761 (ContHistV2 vs Baseline): 1-0 {White wins by adjudication}
Score of ContHistV2 vs Baseline: 219 - 271 - 275  [0.466] 765
Started game 775 of 10000 (ContHistV2 vs Baseline)
Finished game 767 (ContHistV2 vs Baseline): 0-1 {Black wins by adjudication}
Score of ContHistV2 vs Baseline: 219 - 272 - 275  [0.465] 766
Started game 776 of 10000 (Baseline vs ContHistV2)
Finished game 768 (Baseline vs ContHistV2): 0-1 {Black wins by adjudication}
Score of ContHistV2 vs Baseline: 220 - 272 - 275  [0.466] 767
Started game 777 of 10000 (ContHistV2 vs Baseline)
Finished game 774 (Baseline vs ContHistV2): 1/2-1/2 {Draw by 3-fold repetition}
Score of ContHistV2 vs Baseline: 220 - 272 - 276  [0.466] 768
Started game 778 of 10000 (Baseline vs ContHistV2)
Finished game 769 (ContHistV2 vs Baseline): 0-1 {Black wins by adjudication}
Score of ContHistV2 vs Baseline: 220 - 273 - 276  [0.466] 769
Started game 779 of 10000 (ContHistV2 vs Baseline)
Finished game 770 (Baseline vs ContHistV2): 1/2-1/2 {Draw by insufficient mating material}
Score of ContHistV2 vs Baseline: 220 - 273 - 277  [0.466] 770
Started game 780 of 10000 (Baseline vs ContHistV2)
Finished game 760 (Baseline vs ContHistV2): 1/2-1/2 {Draw by fifty moves rule}
Score of ContHistV2 vs Baseline: 220 - 273 - 278  [0.466] 771
Started game 781 of 10000 (ContHistV2 vs Baseline)
Finished game 771 (ContHistV2 vs Baseline): 1-0 {White wins by adjudication}
Score of ContHistV2 vs Baseline: 221 - 273 - 278  [0.466] 772
Started game 782 of 10000 (Baseline vs ContHistV2)
Finished game 772 (Baseline vs ContHistV2): 1-0 {White wins by adjudication}
Score of ContHistV2 vs Baseline: 221 - 274 - 278  [0.466] 773
Started game 783 of 10000 (ContHistV2 vs Baseline)
Finished game 773 (ContHistV2 vs Baseline): 0-1 {Black wins by adjudication}
Score of ContHistV2 vs Baseline: 221 - 275 - 278  [0.465] 774
Started game 784 of 10000 (Baseline vs ContHistV2)
Finished game 775 (ContHistV2 vs Baseline): 0-1 {Black wins by adjudication}
Score of ContHistV2 vs Baseline: 221 - 276 - 278  [0.465] 775
Started game 785 of 10000 (ContHistV2 vs Baseline)
Finished game 776 (Baseline vs ContHistV2): 0-1 {Black wins by adjudication}
Score of ContHistV2 vs Baseline: 222 - 276 - 278  [0.465] 776
Started game 786 of 10000 (Baseline vs ContHistV2)
Finished game 783 (ContHistV2 vs Baseline): 0-1 {Black wins by adjudication}
Score of ContHistV2 vs Baseline: 222 - 277 - 278  [0.465] 777
Started game 787 of 10000 (ContHistV2 vs Baseline)
Finished game 781 (ContHistV2 vs Baseline): 1/2-1/2 {Draw by 3-fold repetition}
Score of ContHistV2 vs Baseline: 222 - 277 - 279  [0.465] 778
Started game 788 of 10000 (Baseline vs ContHistV2)
Finished game 777 (ContHistV2 vs Baseline): 1-0 {White wins by adjudication}
Score of ContHistV2 vs Baseline: 223 - 277 - 279  [0.465] 779
Started game 789 of 10000 (ContHistV2 vs Baseline)
Finished game 778 (Baseline vs ContHistV2): 1-0 {White wins by adjudication}
Score of ContHistV2 vs Baseline: 223 - 278 - 279  [0.465] 780
Started game 790 of 10000 (Baseline vs ContHistV2)
Finished game 779 (ContHistV2 vs Baseline): 0-1 {Black wins by adjudication}
Score of ContHistV2 vs Baseline: 223 - 279 - 279  [0.464] 781
Started game 791 of 10000 (ContHistV2 vs Baseline)
Finished game 780 (Baseline vs ContHistV2): 1/2-1/2 {Draw by 3-fold repetition}
Score of ContHistV2 vs Baseline: 223 - 279 - 280  [0.464] 782
Started game 792 of 10000 (Baseline vs ContHistV2)
Finished game 782 (Baseline vs ContHistV2): 1-0 {White wins by adjudication}
Score of ContHistV2 vs Baseline: 223 - 280 - 280  [0.464] 783
Started game 793 of 10000 (ContHistV2 vs Baseline)
Finished game 790 (Baseline vs ContHistV2): 1/2-1/2 {Draw by 3-fold repetition}
Score of ContHistV2 vs Baseline: 223 - 280 - 281  [0.464] 784
Started game 794 of 10000 (Baseline vs ContHistV2)
Finished game 785 (ContHistV2 vs Baseline): 0-1 {Black wins by adjudication}
Score of ContHistV2 vs Baseline: 223 - 281 - 281  [0.463] 785
Started game 795 of 10000 (ContHistV2 vs Baseline)
Finished game 789 (ContHistV2 vs Baseline): 1/2-1/2 {Draw by 3-fold repetition}
Score of ContHistV2 vs Baseline: 223 - 281 - 282  [0.463] 786
Started game 796 of 10000 (Baseline vs ContHistV2)
Finished game 786 (Baseline vs ContHistV2): 0-1 {Black wins by adjudication}
Score of ContHistV2 vs Baseline: 224 - 281 - 282  [0.464] 787
Started game 797 of 10000 (ContHistV2 vs Baseline)
Finished game 788 (Baseline vs ContHistV2): 1-0 {White wins by adjudication}
Score of ContHistV2 vs Baseline: 224 - 282 - 282  [0.463] 788
Started game 798 of 10000 (Baseline vs ContHistV2)
Finished game 787 (ContHistV2 vs Baseline): 1-0 {White wins by adjudication}
Score of ContHistV2 vs Baseline: 225 - 282 - 282  [0.464] 789
Started game 799 of 10000 (ContHistV2 vs Baseline)
Finished game 792 (Baseline vs ContHistV2): 0-1 {Black wins by adjudication}
Score of ContHistV2 vs Baseline: 226 - 282 - 282  [0.465] 790
Started game 800 of 10000 (Baseline vs ContHistV2)
Finished game 784 (Baseline vs ContHistV2): 1/2-1/2 {Draw by fifty moves rule}
Score of ContHistV2 vs Baseline: 226 - 282 - 283  [0.465] 791
Started game 801 of 10000 (ContHistV2 vs Baseline)
Finished game 793 (ContHistV2 vs Baseline): 1-0 {White wins by adjudication}
Score of ContHistV2 vs Baseline: 227 - 282 - 283  [0.465] 792
Started game 802 of 10000 (Baseline vs ContHistV2)
Finished game 791 (ContHistV2 vs Baseline): 1-0 {White wins by adjudication}
Score of ContHistV2 vs Baseline: 228 - 282 - 283  [0.466] 793
Started game 803 of 10000 (ContHistV2 vs Baseline)
Finished game 794 (Baseline vs ContHistV2): 1/2-1/2 {Draw by adjudication}
Score of ContHistV2 vs Baseline: 228 - 282 - 284  [0.466] 794
Started game 804 of 10000 (Baseline vs ContHistV2)
Finished game 799 (ContHistV2 vs Baseline): 1-0 {White wins by adjudication}
Score of ContHistV2 vs Baseline: 229 - 282 - 284  [0.467] 795
Started game 805 of 10000 (ContHistV2 vs Baseline)
Finished game 795 (ContHistV2 vs Baseline): 0-1 {Black wins by adjudication}
Score of ContHistV2 vs Baseline: 229 - 283 - 284  [0.466] 796
Started game 806 of 10000 (Baseline vs ContHistV2)
Finished game 798 (Baseline vs ContHistV2): 0-1 {Black wins by adjudication}
Score of ContHistV2 vs Baseline: 230 - 283 - 284  [0.467] 797
Started game 807 of 10000 (ContHistV2 vs Baseline)
Finished game 803 (ContHistV2 vs Baseline): 1/2-1/2 {Draw by 3-fold repetition}
Score of ContHistV2 vs Baseline: 230 - 283 - 285  [0.467] 798
Started game 808 of 10000 (Baseline vs ContHistV2)
Finished game 796 (Baseline vs ContHistV2): 1/2-1/2 {Draw by insufficient mating material}
Score of ContHistV2 vs Baseline: 230 - 283 - 286  [0.467] 799
Started game 809 of 10000 (ContHistV2 vs Baseline)
Finished game 800 (Baseline vs ContHistV2): 0-1 {Black wins by adjudication}
Score of ContHistV2 vs Baseline: 231 - 283 - 286  [0.468] 800
Started game 810 of 10000 (Baseline vs ContHistV2)
Finished game 797 (ContHistV2 vs Baseline): 0-1 {Black wins by adjudication}
Score of ContHistV2 vs Baseline: 231 - 284 - 286  [0.467] 801
Started game 811 of 10000 (ContHistV2 vs Baseline)
Finished game 804 (Baseline vs ContHistV2): 0-1 {Black wins by adjudication}
Score of ContHistV2 vs Baseline: 232 - 284 - 286  [0.468] 802
Started game 812 of 10000 (Baseline vs ContHistV2)
Finished game 801 (ContHistV2 vs Baseline): 1-0 {White wins by adjudication}
Score of ContHistV2 vs Baseline: 233 - 284 - 286  [0.468] 803
Started game 813 of 10000 (ContHistV2 vs Baseline)
Finished game 802 (Baseline vs ContHistV2): 0-1 {Black wins by adjudication}
Score of ContHistV2 vs Baseline: 234 - 284 - 286  [0.469] 804
Started game 814 of 10000 (Baseline vs ContHistV2)
Finished game 807 (ContHistV2 vs Baseline): 1-0 {White wins by adjudication}
Score of ContHistV2 vs Baseline: 235 - 284 - 286  [0.470] 805
Started game 815 of 10000 (ContHistV2 vs Baseline)
Finished game 808 (Baseline vs ContHistV2): 0-1 {Black wins by adjudication}
Score of ContHistV2 vs Baseline: 236 - 284 - 286  [0.470] 806
Started game 816 of 10000 (Baseline vs ContHistV2)
Finished game 805 (ContHistV2 vs Baseline): 1/2-1/2 {Draw by adjudication}
Score of ContHistV2 vs Baseline: 236 - 284 - 287  [0.470] 807
Started game 817 of 10000 (ContHistV2 vs Baseline)
Finished game 811 (ContHistV2 vs Baseline): 1-0 {White wins by adjudication}
Score of ContHistV2 vs Baseline: 237 - 284 - 287  [0.471] 808
Started game 818 of 10000 (Baseline vs ContHistV2)
Finished game 810 (Baseline vs ContHistV2): 1/2-1/2 {Draw by adjudication}
Score of ContHistV2 vs Baseline: 237 - 284 - 288  [0.471] 809
Started game 819 of 10000 (ContHistV2 vs Baseline)
Finished game 812 (Baseline vs ContHistV2): 1/2-1/2 {Draw by 3-fold repetition}
Score of ContHistV2 vs Baseline: 237 - 284 - 289  [0.471] 810
Started game 820 of 10000 (Baseline vs ContHistV2)
Finished game 806 (Baseline vs ContHistV2): 1/2-1/2 {Draw by fifty moves rule}
Score of ContHistV2 vs Baseline: 237 - 284 - 290  [0.471] 811
Started game 821 of 10000 (ContHistV2 vs Baseline)
Finished game 809 (ContHistV2 vs Baseline): 1/2-1/2 {Draw by insufficient mating material}
Score of ContHistV2 vs Baseline: 237 - 284 - 291  [0.471] 812
Started game 822 of 10000 (Baseline vs ContHistV2)
Finished game 813 (ContHistV2 vs Baseline): 1-0 {White wins by adjudication}
Score of ContHistV2 vs Baseline: 238 - 284 - 291  [0.472] 813
Started game 823 of 10000 (ContHistV2 vs Baseline)
Finished game 814 (Baseline vs ContHistV2): 0-1 {Black wins by adjudication}
Score of ContHistV2 vs Baseline: 239 - 284 - 291  [0.472] 814
Started game 824 of 10000 (Baseline vs ContHistV2)
Finished game 816 (Baseline vs ContHistV2): 0-1 {Black wins by adjudication}
Score of ContHistV2 vs Baseline: 240 - 284 - 291  [0.473] 815
Started game 825 of 10000 (ContHistV2 vs Baseline)
Finished game 818 (Baseline vs ContHistV2): 1/2-1/2 {Draw by 3-fold repetition}
Score of ContHistV2 vs Baseline: 240 - 284 - 292  [0.473] 816
Started game 826 of 10000 (Baseline vs ContHistV2)
Finished game 819 (ContHistV2 vs Baseline): 0-1 {Black wins by adjudication}
Score of ContHistV2 vs Baseline: 240 - 285 - 292  [0.472] 817
Started game 827 of 10000 (ContHistV2 vs Baseline)
Finished game 817 (ContHistV2 vs Baseline): 1/2-1/2 {Draw by insufficient mating material}
Score of ContHistV2 vs Baseline: 240 - 285 - 293  [0.472] 818
Started game 828 of 10000 (Baseline vs ContHistV2)
Finished game 821 (ContHistV2 vs Baseline): 1/2-1/2 {Draw by insufficient mating material}
Score of ContHistV2 vs Baseline: 240 - 285 - 294  [0.473] 819
Started game 829 of 10000 (ContHistV2 vs Baseline)
Finished game 820 (Baseline vs ContHistV2): 1/2-1/2 {Draw by insufficient mating material}
Score of ContHistV2 vs Baseline: 240 - 285 - 295  [0.473] 820
Started game 830 of 10000 (Baseline vs ContHistV2)
Finished game 815 (ContHistV2 vs Baseline): 0-1 {Black wins by adjudication}
Score of ContHistV2 vs Baseline: 240 - 286 - 295  [0.472] 821
Started game 831 of 10000 (ContHistV2 vs Baseline)
Finished game 823 (ContHistV2 vs Baseline): 1-0 {White wins by adjudication}
Score of ContHistV2 vs Baseline: 241 - 286 - 295  [0.473] 822
Started game 832 of 10000 (Baseline vs ContHistV2)
Finished game 824 (Baseline vs ContHistV2): 1/2-1/2 {Draw by 3-fold repetition}
Score of ContHistV2 vs Baseline: 241 - 286 - 296  [0.473] 823
Started game 833 of 10000 (ContHistV2 vs Baseline)
Finished game 825 (ContHistV2 vs Baseline): 1/2-1/2 {Draw by 3-fold repetition}
Score of ContHistV2 vs Baseline: 241 - 286 - 297  [0.473] 824
Started game 834 of 10000 (Baseline vs ContHistV2)
Finished game 826 (Baseline vs ContHistV2): 1-0 {White wins by adjudication}
Score of ContHistV2 vs Baseline: 241 - 287 - 297  [0.472] 825
Started game 835 of 10000 (ContHistV2 vs Baseline)
Finished game 822 (Baseline vs ContHistV2): 0-1 {Black wins by adjudication}
Score of ContHistV2 vs Baseline: 242 - 287 - 297  [0.473] 826
Started game 836 of 10000 (Baseline vs ContHistV2)
Finished game 827 (ContHistV2 vs Baseline): 1/2-1/2 {Draw by 3-fold repetition}
Score of ContHistV2 vs Baseline: 242 - 287 - 298  [0.473] 827
Started game 837 of 10000 (ContHistV2 vs Baseline)
Finished game 830 (Baseline vs ContHistV2): 0-1 {Black wins by adjudication}
Score of ContHistV2 vs Baseline: 243 - 287 - 298  [0.473] 828
Started game 838 of 10000 (Baseline vs ContHistV2)
Finished game 829 (ContHistV2 vs Baseline): 0-1 {Black wins by adjudication}
Score of ContHistV2 vs Baseline: 243 - 288 - 298  [0.473] 829
Started game 839 of 10000 (ContHistV2 vs Baseline)
Finished game 828 (Baseline vs ContHistV2): 0-1 {Black wins by adjudication}
Score of ContHistV2 vs Baseline: 244 - 288 - 298  [0.473] 830
Started game 840 of 10000 (Baseline vs ContHistV2)
Finished game 831 (ContHistV2 vs Baseline): 1/2-1/2 {Draw by 3-fold repetition}
Score of ContHistV2 vs Baseline: 244 - 288 - 299  [0.474] 831
Started game 841 of 10000 (ContHistV2 vs Baseline)
Finished game 833 (ContHistV2 vs Baseline): 1/2-1/2 {Draw by 3-fold repetition}
Score of ContHistV2 vs Baseline: 244 - 288 - 300  [0.474] 832
Started game 842 of 10000 (Baseline vs ContHistV2)
Finished game 832 (Baseline vs ContHistV2): 1-0 {White wins by adjudication}
Score of ContHistV2 vs Baseline: 244 - 289 - 300  [0.473] 833
Started game 843 of 10000 (ContHistV2 vs Baseline)
Finished game 841 (ContHistV2 vs Baseline): 1-0 {White wins by adjudication}
Score of ContHistV2 vs Baseline: 245 - 289 - 300  [0.474] 834
Started game 844 of 10000 (Baseline vs ContHistV2)
Finished game 834 (Baseline vs ContHistV2): 0-1 {Black wins by adjudication}
Score of ContHistV2 vs Baseline: 246 - 289 - 300  [0.474] 835
Started game 845 of 10000 (ContHistV2 vs Baseline)
Finished game 842 (Baseline vs ContHistV2): 1-0 {White wins by adjudication}
Score of ContHistV2 vs Baseline: 246 - 290 - 300  [0.474] 836
Started game 846 of 10000 (Baseline vs ContHistV2)
Finished game 836 (Baseline vs ContHistV2): 1/2-1/2 {Draw by 3-fold repetition}
Score of ContHistV2 vs Baseline: 246 - 290 - 301  [0.474] 837
Started game 847 of 10000 (ContHistV2 vs Baseline)
Finished game 835 (ContHistV2 vs Baseline): 0-1 {Black wins by adjudication}
Score of ContHistV2 vs Baseline: 246 - 291 - 301  [0.473] 838
Started game 848 of 10000 (Baseline vs ContHistV2)
Finished game 837 (ContHistV2 vs Baseline): 1/2-1/2 {Draw by insufficient mating material}
Score of ContHistV2 vs Baseline: 246 - 291 - 302  [0.473] 839
Started game 849 of 10000 (ContHistV2 vs Baseline)
Finished game 838 (Baseline vs ContHistV2): 1-0 {White wins by adjudication}
Score of ContHistV2 vs Baseline: 246 - 292 - 302  [0.473] 840
Started game 850 of 10000 (Baseline vs ContHistV2)
Finished game 846 (Baseline vs ContHistV2): 1/2-1/2 {Draw by 3-fold repetition}
Score of ContHistV2 vs Baseline: 246 - 292 - 303  [0.473] 841
Started game 851 of 10000 (ContHistV2 vs Baseline)
Finished game 839 (ContHistV2 vs Baseline): 1-0 {White wins by adjudication}
Score of ContHistV2 vs Baseline: 247 - 292 - 303  [0.473] 842
Started game 852 of 10000 (Baseline vs ContHistV2)
Finished game 845 (ContHistV2 vs Baseline): 1/2-1/2 {Draw by 3-fold repetition}
Score of ContHistV2 vs Baseline: 247 - 292 - 304  [0.473] 843
Started game 853 of 10000 (ContHistV2 vs Baseline)
Finished game 843 (ContHistV2 vs Baseline): 1-0 {White wins by adjudication}
Score of ContHistV2 vs Baseline: 248 - 292 - 304  [0.474] 844
Started game 854 of 10000 (Baseline vs ContHistV2)
Finished game 840 (Baseline vs ContHistV2): 1/2-1/2 {Draw by fifty moves rule}
Score of ContHistV2 vs Baseline: 248 - 292 - 305  [0.474] 845
Started game 855 of 10000 (ContHistV2 vs Baseline)
Finished game 847 (ContHistV2 vs Baseline): 1-0 {White wins by adjudication}
Score of ContHistV2 vs Baseline: 249 - 292 - 305  [0.475] 846
Started game 856 of 10000 (Baseline vs ContHistV2)
Finished game 844 (Baseline vs ContHistV2): 1/2-1/2 {Draw by 3-fold repetition}
Score of ContHistV2 vs Baseline: 249 - 292 - 306  [0.475] 847
Started game 857 of 10000 (ContHistV2 vs Baseline)
Finished game 849 (ContHistV2 vs Baseline): 1-0 {White wins by adjudication}
Score of ContHistV2 vs Baseline: 250 - 292 - 306  [0.475] 848
Started game 858 of 10000 (Baseline vs ContHistV2)
Finished game 850 (Baseline vs ContHistV2): 1-0 {White wins by adjudication}
Score of ContHistV2 vs Baseline: 250 - 293 - 306  [0.475] 849
Started game 859 of 10000 (ContHistV2 vs Baseline)
Finished game 848 (Baseline vs ContHistV2): 1/2-1/2 {Draw by insufficient mating material}
Score of ContHistV2 vs Baseline: 250 - 293 - 307  [0.475] 850
Started game 860 of 10000 (Baseline vs ContHistV2)
Finished game 854 (Baseline vs ContHistV2): 1/2-1/2 {Draw by 3-fold repetition}
Score of ContHistV2 vs Baseline: 250 - 293 - 308  [0.475] 851
Started game 861 of 10000 (ContHistV2 vs Baseline)
Finished game 861 (ContHistV2 vs Baseline): 0-1 {Black wins by adjudication}
Score of ContHistV2 vs Baseline: 250 - 294 - 308  [0.474] 852
Started game 862 of 10000 (Baseline vs ContHistV2)
Finished game 851 (ContHistV2 vs Baseline): 1-0 {White wins by adjudication}
Score of ContHistV2 vs Baseline: 251 - 294 - 308  [0.475] 853
Started game 863 of 10000 (ContHistV2 vs Baseline)
Finished game 862 (Baseline vs ContHistV2): 0-1 {Black wins by adjudication}
Score of ContHistV2 vs Baseline: 252 - 294 - 308  [0.475] 854
Started game 864 of 10000 (Baseline vs ContHistV2)
Finished game 855 (ContHistV2 vs Baseline): 1-0 {White wins by adjudication}
Score of ContHistV2 vs Baseline: 253 - 294 - 308  [0.476] 855
Started game 865 of 10000 (ContHistV2 vs Baseline)
Finished game 852 (Baseline vs ContHistV2): 1/2-1/2 {Draw by adjudication}
Score of ContHistV2 vs Baseline: 253 - 294 - 309  [0.476] 856
Started game 866 of 10000 (Baseline vs ContHistV2)
Finished game 853 (ContHistV2 vs Baseline): 1/2-1/2 {Draw by 3-fold repetition}
Score of ContHistV2 vs Baseline: 253 - 294 - 310  [0.476] 857
Started game 867 of 10000 (ContHistV2 vs Baseline)
Finished game 857 (ContHistV2 vs Baseline): 0-1 {Black wins by adjudication}
Score of ContHistV2 vs Baseline: 253 - 295 - 310  [0.476] 858
Started game 868 of 10000 (Baseline vs ContHistV2)
Finished game 858 (Baseline vs ContHistV2): 1-0 {White wins by adjudication}
Score of ContHistV2 vs Baseline: 253 - 296 - 310  [0.475] 859
Started game 869 of 10000 (ContHistV2 vs Baseline)
Finished game 856 (Baseline vs ContHistV2): 1/2-1/2 {Draw by adjudication}
Score of ContHistV2 vs Baseline: 253 - 296 - 311  [0.475] 860
Started game 870 of 10000 (Baseline vs ContHistV2)
Finished game 864 (Baseline vs ContHistV2): 1-0 {White wins by adjudication}
Score of ContHistV2 vs Baseline: 253 - 297 - 311  [0.474] 861
Started game 871 of 10000 (ContHistV2 vs Baseline)
Finished game 860 (Baseline vs ContHistV2): 1/2-1/2 {Draw by 3-fold repetition}
Score of ContHistV2 vs Baseline: 253 - 297 - 312  [0.474] 862
Started game 872 of 10000 (Baseline vs ContHistV2)
Finished game 859 (ContHistV2 vs Baseline): 1/2-1/2 {Draw by fifty moves rule}
Score of ContHistV2 vs Baseline: 253 - 297 - 313  [0.475] 863
Started game 873 of 10000 (ContHistV2 vs Baseline)
Finished game 863 (ContHistV2 vs Baseline): 1-0 {White wins by adjudication}
Score of ContHistV2 vs Baseline: 254 - 297 - 313  [0.475] 864
Started game 874 of 10000 (Baseline vs ContHistV2)
Finished game 866 (Baseline vs ContHistV2): 1-0 {White wins by adjudication}
Score of ContHistV2 vs Baseline: 254 - 298 - 313  [0.475] 865
Started game 875 of 10000 (ContHistV2 vs Baseline)
Finished game 865 (ContHistV2 vs Baseline): 1/2-1/2 {Draw by 3-fold repetition}
Score of ContHistV2 vs Baseline: 254 - 298 - 314  [0.475] 866
Started game 876 of 10000 (Baseline vs ContHistV2)
Finished game 867 (ContHistV2 vs Baseline): 1/2-1/2 {Draw by 3-fold repetition}
Score of ContHistV2 vs Baseline: 254 - 298 - 315  [0.475] 867
Started game 877 of 10000 (ContHistV2 vs Baseline)
Finished game 868 (Baseline vs ContHistV2): 1-0 {White wins by adjudication}
Score of ContHistV2 vs Baseline: 254 - 299 - 315  [0.474] 868
Started game 878 of 10000 (Baseline vs ContHistV2)
Finished game 873 (ContHistV2 vs Baseline): 1/2-1/2 {Draw by 3-fold repetition}
Score of ContHistV2 vs Baseline: 254 - 299 - 316  [0.474] 869
Started game 879 of 10000 (ContHistV2 vs Baseline)
Finished game 869 (ContHistV2 vs Baseline): 1-0 {White wins by adjudication}
Score of ContHistV2 vs Baseline: 255 - 299 - 316  [0.475] 870
Started game 880 of 10000 (Baseline vs ContHistV2)
Finished game 874 (Baseline vs ContHistV2): 1-0 {White wins by adjudication}
Score of ContHistV2 vs Baseline: 255 - 300 - 316  [0.474] 871
Started game 881 of 10000 (ContHistV2 vs Baseline)
Finished game 872 (Baseline vs ContHistV2): 1-0 {White wins by adjudication}
Score of ContHistV2 vs Baseline: 255 - 301 - 316  [0.474] 872
Started game 882 of 10000 (Baseline vs ContHistV2)
Finished game 870 (Baseline vs ContHistV2): 1/2-1/2 {Draw by 3-fold repetition}
Score of ContHistV2 vs Baseline: 255 - 301 - 317  [0.474] 873
Started game 883 of 10000 (ContHistV2 vs Baseline)
Finished game 875 (ContHistV2 vs Baseline): 0-1 {Black wins by adjudication}
Score of ContHistV2 vs Baseline: 255 - 302 - 317  [0.473] 874
Started game 884 of 10000 (Baseline vs ContHistV2)
Finished game 871 (ContHistV2 vs Baseline): 1-0 {White wins by adjudication}
Score of ContHistV2 vs Baseline: 256 - 302 - 317  [0.474] 875
Started game 885 of 10000 (ContHistV2 vs Baseline)
Finished game 877 (ContHistV2 vs Baseline): 0-1 {Black wins by adjudication}
Score of ContHistV2 vs Baseline: 256 - 303 - 317  [0.473] 876
Started game 886 of 10000 (Baseline vs ContHistV2)
Finished game 878 (Baseline vs ContHistV2): 0-1 {Black wins by adjudication}
Score of ContHistV2 vs Baseline: 257 - 303 - 317  [0.474] 877
Started game 887 of 10000 (ContHistV2 vs Baseline)
Finished game 880 (Baseline vs ContHistV2): 1-0 {White wins by adjudication}
Score of ContHistV2 vs Baseline: 257 - 304 - 317  [0.473] 878
Started game 888 of 10000 (Baseline vs ContHistV2)
Finished game 879 (ContHistV2 vs Baseline): 1/2-1/2 {Draw by 3-fold repetition}
Score of ContHistV2 vs Baseline: 257 - 304 - 318  [0.473] 879
Started game 889 of 10000 (ContHistV2 vs Baseline)
Finished game 883 (ContHistV2 vs Baseline): 1/2-1/2 {Draw by 3-fold repetition}
Score of ContHistV2 vs Baseline: 257 - 304 - 319  [0.473] 880
Started game 890 of 10000 (Baseline vs ContHistV2)
Finished game 882 (Baseline vs ContHistV2): 1-0 {White wins by adjudication}
Score of ContHistV2 vs Baseline: 257 - 305 - 319  [0.473] 881
Started game 891 of 10000 (ContHistV2 vs Baseline)
Finished game 885 (ContHistV2 vs Baseline): 1/2-1/2 {Draw by 3-fold repetition}
Score of ContHistV2 vs Baseline: 257 - 305 - 320  [0.473] 882
Started game 892 of 10000 (Baseline vs ContHistV2)
Finished game 876 (Baseline vs ContHistV2): 1/2-1/2 {Draw by fifty moves rule}
Score of ContHistV2 vs Baseline: 257 - 305 - 321  [0.473] 883
Started game 893 of 10000 (ContHistV2 vs Baseline)
Finished game 887 (ContHistV2 vs Baseline): 1-0 {White wins by adjudication}
Score of ContHistV2 vs Baseline: 258 - 305 - 321  [0.473] 884
Started game 894 of 10000 (Baseline vs ContHistV2)
Finished game 881 (ContHistV2 vs Baseline): 1/2-1/2 {Draw by fifty moves rule}
Score of ContHistV2 vs Baseline: 258 - 305 - 322  [0.473] 885
Started game 895 of 10000 (ContHistV2 vs Baseline)
Finished game 886 (Baseline vs ContHistV2): 1-0 {White wins by adjudication}
Score of ContHistV2 vs Baseline: 258 - 306 - 322  [0.473] 886
Started game 896 of 10000 (Baseline vs ContHistV2)
Finished game 884 (Baseline vs ContHistV2): 1/2-1/2 {Draw by 3-fold repetition}
Score of ContHistV2 vs Baseline: 258 - 306 - 323  [0.473] 887
Started game 897 of 10000 (ContHistV2 vs Baseline)
Finished game 888 (Baseline vs ContHistV2): 0-1 {Black wins by adjudication}
Score of ContHistV2 vs Baseline: 259 - 306 - 323  [0.474] 888
Started game 898 of 10000 (Baseline vs ContHistV2)
Finished game 891 (ContHistV2 vs Baseline): 1/2-1/2 {Draw by adjudication}
Score of ContHistV2 vs Baseline: 259 - 306 - 324  [0.474] 889
Started game 899 of 10000 (ContHistV2 vs Baseline)
Finished game 890 (Baseline vs ContHistV2): 1/2-1/2 {Draw by adjudication}
Score of ContHistV2 vs Baseline: 259 - 306 - 325  [0.474] 890
Started game 900 of 10000 (Baseline vs ContHistV2)
Finished game 895 (ContHistV2 vs Baseline): 1-0 {White wins by adjudication}
Score of ContHistV2 vs Baseline: 260 - 306 - 325  [0.474] 891
Started game 901 of 10000 (ContHistV2 vs Baseline)
Finished game 892 (Baseline vs ContHistV2): 1/2-1/2 {Draw by 3-fold repetition}
Score of ContHistV2 vs Baseline: 260 - 306 - 326  [0.474] 892
Started game 902 of 10000 (Baseline vs ContHistV2)
Finished game 889 (ContHistV2 vs Baseline): 1/2-1/2 {Draw by adjudication}
Score of ContHistV2 vs Baseline: 260 - 306 - 327  [0.474] 893
Started game 903 of 10000 (ContHistV2 vs Baseline)
Finished game 894 (Baseline vs ContHistV2): 0-1 {Black wins by adjudication}
Score of ContHistV2 vs Baseline: 261 - 306 - 327  [0.475] 894
Started game 904 of 10000 (Baseline vs ContHistV2)
Finished game 893 (ContHistV2 vs Baseline): 1-0 {White wins by adjudication}
Score of ContHistV2 vs Baseline: 262 - 306 - 327  [0.475] 895
Started game 905 of 10000 (ContHistV2 vs Baseline)
Finished game 898 (Baseline vs ContHistV2): 1-0 {White wins by adjudication}
Score of ContHistV2 vs Baseline: 262 - 307 - 327  [0.475] 896
Started game 906 of 10000 (Baseline vs ContHistV2)
Finished game 896 (Baseline vs ContHistV2): 1-0 {White wins by adjudication}
Score of ContHistV2 vs Baseline: 262 - 308 - 327  [0.474] 897
Started game 907 of 10000 (ContHistV2 vs Baseline)
Finished game 899 (ContHistV2 vs Baseline): 0-1 {Black wins by adjudication}
Score of ContHistV2 vs Baseline: 262 - 309 - 327  [0.474] 898
Started game 908 of 10000 (Baseline vs ContHistV2)
Finished game 897 (ContHistV2 vs Baseline): 1-0 {White wins by adjudication}
Score of ContHistV2 vs Baseline: 263 - 309 - 327  [0.474] 899
Started game 909 of 10000 (ContHistV2 vs Baseline)
Finished game 900 (Baseline vs ContHistV2): 1/2-1/2 {Draw by insufficient mating material}
Score of ContHistV2 vs Baseline: 263 - 309 - 328  [0.474] 900
Started game 910 of 10000 (Baseline vs ContHistV2)
Finished game 901 (ContHistV2 vs Baseline): 1-0 {White wins by adjudication}
Score of ContHistV2 vs Baseline: 264 - 309 - 328  [0.475] 901
Started game 911 of 10000 (ContHistV2 vs Baseline)
Finished game 902 (Baseline vs ContHistV2): 1-0 {White wins by adjudication}
Score of ContHistV2 vs Baseline: 264 - 310 - 328  [0.475] 902
Started game 912 of 10000 (Baseline vs ContHistV2)
Finished game 903 (ContHistV2 vs Baseline): 0-1 {Black wins by adjudication}
Score of ContHistV2 vs Baseline: 264 - 311 - 328  [0.474] 903
Started game 913 of 10000 (ContHistV2 vs Baseline)
Finished game 905 (ContHistV2 vs Baseline): 0-1 {Black wins by adjudication}
Score of ContHistV2 vs Baseline: 264 - 312 - 328  [0.473] 904
Started game 914 of 10000 (Baseline vs ContHistV2)
Finished game 904 (Baseline vs ContHistV2): 1/2-1/2 {Draw by 3-fold repetition}
Score of ContHistV2 vs Baseline: 264 - 312 - 329  [0.473] 905
Started game 915 of 10000 (ContHistV2 vs Baseline)
Finished game 907 (ContHistV2 vs Baseline): 1/2-1/2 {Draw by 3-fold repetition}
Score of ContHistV2 vs Baseline: 264 - 312 - 330  [0.474] 906
Started game 916 of 10000 (Baseline vs ContHistV2)
Finished game 909 (ContHistV2 vs Baseline): 1-0 {White wins by adjudication}
Score of ContHistV2 vs Baseline: 265 - 312 - 330  [0.474] 907
Started game 917 of 10000 (ContHistV2 vs Baseline)
Finished game 910 (Baseline vs ContHistV2): 0-1 {Black wins by adjudication}
Score of ContHistV2 vs Baseline: 266 - 312 - 330  [0.475] 908
Started game 918 of 10000 (Baseline vs ContHistV2)
Finished game 906 (Baseline vs ContHistV2): 0-1 {Black wins by adjudication}
Score of ContHistV2 vs Baseline: 267 - 312 - 330  [0.475] 909
Started game 919 of 10000 (ContHistV2 vs Baseline)
Finished game 908 (Baseline vs ContHistV2): 1-0 {White wins by adjudication}
Score of ContHistV2 vs Baseline: 267 - 313 - 330  [0.475] 910
Started game 920 of 10000 (Baseline vs ContHistV2)
Finished game 912 (Baseline vs ContHistV2): 0-1 {Black wins by adjudication}
Score of ContHistV2 vs Baseline: 268 - 313 - 330  [0.475] 911
Started game 921 of 10000 (ContHistV2 vs Baseline)
Finished game 911 (ContHistV2 vs Baseline): 1/2-1/2 {Draw by 3-fold repetition}
Score of ContHistV2 vs Baseline: 268 - 313 - 331  [0.475] 912
Started game 922 of 10000 (Baseline vs ContHistV2)
Finished game 913 (ContHistV2 vs Baseline): 0-1 {Black wins by adjudication}
Score of ContHistV2 vs Baseline: 268 - 314 - 331  [0.475] 913
Started game 923 of 10000 (ContHistV2 vs Baseline)
Finished game 915 (ContHistV2 vs Baseline): 1-0 {White wins by adjudication}
Score of ContHistV2 vs Baseline: 269 - 314 - 331  [0.475] 914
Started game 924 of 10000 (Baseline vs ContHistV2)
Finished game 916 (Baseline vs ContHistV2): 1-0 {White wins by adjudication}
Score of ContHistV2 vs Baseline: 269 - 315 - 331  [0.475] 915
Started game 925 of 10000 (ContHistV2 vs Baseline)
Finished game 914 (Baseline vs ContHistV2): 0-1 {Black wins by adjudication}
Score of ContHistV2 vs Baseline: 270 - 315 - 331  [0.475] 916
Started game 926 of 10000 (Baseline vs ContHistV2)
Finished game 920 (Baseline vs ContHistV2): 1-0 {White wins by adjudication}
Score of ContHistV2 vs Baseline: 270 - 316 - 331  [0.475] 917
Started game 927 of 10000 (ContHistV2 vs Baseline)
Finished game 918 (Baseline vs ContHistV2): 0-1 {Black wins by adjudication}
Score of ContHistV2 vs Baseline: 271 - 316 - 331  [0.475] 918
Started game 928 of 10000 (Baseline vs ContHistV2)
Finished game 917 (ContHistV2 vs Baseline): 1/2-1/2 {Draw by 3-fold repetition}
Score of ContHistV2 vs Baseline: 271 - 316 - 332  [0.476] 919
Started game 929 of 10000 (ContHistV2 vs Baseline)
Finished game 923 (ContHistV2 vs Baseline): 1/2-1/2 {Draw by 3-fold repetition}
Score of ContHistV2 vs Baseline: 271 - 316 - 333  [0.476] 920
Started game 930 of 10000 (Baseline vs ContHistV2)
Finished game 919 (ContHistV2 vs Baseline): 1/2-1/2 {Draw by fifty moves rule}
Score of ContHistV2 vs Baseline: 271 - 316 - 334  [0.476] 921
Started game 931 of 10000 (ContHistV2 vs Baseline)
Finished game 921 (ContHistV2 vs Baseline): 0-1 {Black mates}
Score of ContHistV2 vs Baseline: 271 - 317 - 334  [0.475] 922
Started game 932 of 10000 (Baseline vs ContHistV2)
Finished game 924 (Baseline vs ContHistV2): 0-1 {Black wins by adjudication}
Score of ContHistV2 vs Baseline: 272 - 317 - 334  [0.476] 923
Started game 933 of 10000 (ContHistV2 vs Baseline)
Finished game 932 (Baseline vs ContHistV2): 1-0 {White wins by adjudication}
Score of ContHistV2 vs Baseline: 272 - 318 - 334  [0.475] 924
Started game 934 of 10000 (Baseline vs ContHistV2)
Finished game 931 (ContHistV2 vs Baseline): 1-0 {White wins by adjudication}
Score of ContHistV2 vs Baseline: 273 - 318 - 334  [0.476] 925
Started game 935 of 10000 (ContHistV2 vs Baseline)
Finished game 922 (Baseline vs ContHistV2): 0-1 {Black wins by adjudication}
Score of ContHistV2 vs Baseline: 274 - 318 - 334  [0.476] 926
Started game 936 of 10000 (Baseline vs ContHistV2)
Finished game 925 (ContHistV2 vs Baseline): 1/2-1/2 {Draw by insufficient mating material}
Score of ContHistV2 vs Baseline: 274 - 318 - 335  [0.476] 927
Started game 937 of 10000 (ContHistV2 vs Baseline)
Finished game 926 (Baseline vs ContHistV2): 1/2-1/2 {Draw by 3-fold repetition}
Score of ContHistV2 vs Baseline: 274 - 318 - 336  [0.476] 928
Started game 938 of 10000 (Baseline vs ContHistV2)
Finished game 929 (ContHistV2 vs Baseline): 0-1 {Black wins by adjudication}
Score of ContHistV2 vs Baseline: 274 - 319 - 336  [0.476] 929
Started game 939 of 10000 (ContHistV2 vs Baseline)
Finished game 928 (Baseline vs ContHistV2): 0-1 {Black wins by adjudication}
Score of ContHistV2 vs Baseline: 275 - 319 - 336  [0.476] 930
Started game 940 of 10000 (Baseline vs ContHistV2)
Finished game 927 (ContHistV2 vs Baseline): 1/2-1/2 {Draw by fifty moves rule}
Score of ContHistV2 vs Baseline: 275 - 319 - 337  [0.476] 931
Started game 941 of 10000 (ContHistV2 vs Baseline)
Finished game 930 (Baseline vs ContHistV2): 1/2-1/2 {Draw by 3-fold repetition}
Score of ContHistV2 vs Baseline: 275 - 319 - 338  [0.476] 932
Started game 942 of 10000 (Baseline vs ContHistV2)
Finished game 933 (ContHistV2 vs Baseline): 1/2-1/2 {Draw by insufficient mating material}
Score of ContHistV2 vs Baseline: 275 - 319 - 339  [0.476] 933
Started game 943 of 10000 (ContHistV2 vs Baseline)
Finished game 934 (Baseline vs ContHistV2): 1-0 {White wins by adjudication}
Score of ContHistV2 vs Baseline: 275 - 320 - 339  [0.476] 934
Started game 944 of 10000 (Baseline vs ContHistV2)
Finished game 936 (Baseline vs ContHistV2): 0-1 {Black wins by adjudication}
Score of ContHistV2 vs Baseline: 276 - 320 - 339  [0.476] 935
Started game 945 of 10000 (ContHistV2 vs Baseline)
Finished game 937 (ContHistV2 vs Baseline): 0-1 {Black wins by adjudication}
Score of ContHistV2 vs Baseline: 276 - 321 - 339  [0.476] 936
Started game 946 of 10000 (Baseline vs ContHistV2)
Finished game 941 (ContHistV2 vs Baseline): 1-0 {White wins by adjudication}
Score of ContHistV2 vs Baseline: 277 - 321 - 339  [0.477] 937
Started game 947 of 10000 (ContHistV2 vs Baseline)
Finished game 935 (ContHistV2 vs Baseline): 1/2-1/2 {Draw by 3-fold repetition}
Score of ContHistV2 vs Baseline: 277 - 321 - 340  [0.477] 938
Started game 948 of 10000 (Baseline vs ContHistV2)
Finished game 938 (Baseline vs ContHistV2): 1/2-1/2 {Draw by 3-fold repetition}
Score of ContHistV2 vs Baseline: 277 - 321 - 341  [0.477] 939
Started game 949 of 10000 (ContHistV2 vs Baseline)
Finished game 939 (ContHistV2 vs Baseline): 1/2-1/2 {Draw by 3-fold repetition}
Score of ContHistV2 vs Baseline: 277 - 321 - 342  [0.477] 940
Started game 950 of 10000 (Baseline vs ContHistV2)
Finished game 940 (Baseline vs ContHistV2): 1-0 {White mates}
Score of ContHistV2 vs Baseline: 277 - 322 - 342  [0.476] 941
Started game 951 of 10000 (ContHistV2 vs Baseline)
Finished game 942 (Baseline vs ContHistV2): 1-0 {White wins by adjudication}
Score of ContHistV2 vs Baseline: 277 - 323 - 342  [0.476] 942
Started game 952 of 10000 (Baseline vs ContHistV2)
Finished game 948 (Baseline vs ContHistV2): 1-0 {White wins by adjudication}
Score of ContHistV2 vs Baseline: 277 - 324 - 342  [0.475] 943
Started game 953 of 10000 (ContHistV2 vs Baseline)
Finished game 943 (ContHistV2 vs Baseline): 1-0 {White wins by adjudication}
Score of ContHistV2 vs Baseline: 278 - 324 - 342  [0.476] 944
Started game 954 of 10000 (Baseline vs ContHistV2)
Finished game 945 (ContHistV2 vs Baseline): 0-1 {Black wins by adjudication}
Score of ContHistV2 vs Baseline: 278 - 325 - 342  [0.475] 945
Started game 955 of 10000 (ContHistV2 vs Baseline)
Finished game 946 (Baseline vs ContHistV2): 1/2-1/2 {Draw by 3-fold repetition}
Score of ContHistV2 vs Baseline: 278 - 325 - 343  [0.475] 946
Started game 956 of 10000 (Baseline vs ContHistV2)
Finished game 947 (ContHistV2 vs Baseline): 0-1 {Black wins by adjudication}
Score of ContHistV2 vs Baseline: 278 - 326 - 343  [0.475] 947
Started game 957 of 10000 (ContHistV2 vs Baseline)
Finished game 944 (Baseline vs ContHistV2): 1-0 {White wins by adjudication}
Score of ContHistV2 vs Baseline: 278 - 327 - 343  [0.474] 948
Started game 958 of 10000 (Baseline vs ContHistV2)
Finished game 950 (Baseline vs ContHistV2): 0-1 {Black wins by adjudication}
Score of ContHistV2 vs Baseline: 279 - 327 - 343  [0.475] 949
Started game 959 of 10000 (ContHistV2 vs Baseline)
Finished game 949 (ContHistV2 vs Baseline): 0-1 {Black wins by adjudication}
Score of ContHistV2 vs Baseline: 279 - 328 - 343  [0.474] 950
Started game 960 of 10000 (Baseline vs ContHistV2)
Finished game 952 (Baseline vs ContHistV2): 1/2-1/2 {Draw by adjudication}
Score of ContHistV2 vs Baseline: 279 - 328 - 344  [0.474] 951
Started game 961 of 10000 (ContHistV2 vs Baseline)
Finished game 951 (ContHistV2 vs Baseline): 0-1 {Black wins by adjudication}
Score of ContHistV2 vs Baseline: 279 - 329 - 344  [0.474] 952
Started game 962 of 10000 (Baseline vs ContHistV2)
Finished game 953 (ContHistV2 vs Baseline): 0-1 {Black wins by adjudication}
Score of ContHistV2 vs Baseline: 279 - 330 - 344  [0.473] 953
Started game 963 of 10000 (ContHistV2 vs Baseline)
Finished game 954 (Baseline vs ContHistV2): 1-0 {White wins by adjudication}
Score of ContHistV2 vs Baseline: 279 - 331 - 344  [0.473] 954
Started game 964 of 10000 (Baseline vs ContHistV2)
Finished game 955 (ContHistV2 vs Baseline): 0-1 {Black wins by adjudication}
Score of ContHistV2 vs Baseline: 279 - 332 - 344  [0.472] 955
Started game 965 of 10000 (ContHistV2 vs Baseline)
Finished game 958 (Baseline vs ContHistV2): 1/2-1/2 {Draw by adjudication}
Score of ContHistV2 vs Baseline: 279 - 332 - 345  [0.472] 956
Started game 966 of 10000 (Baseline vs ContHistV2)
Finished game 956 (Baseline vs ContHistV2): 1-0 {White wins by adjudication}
Score of ContHistV2 vs Baseline: 279 - 333 - 345  [0.472] 957
Started game 967 of 10000 (ContHistV2 vs Baseline)
Finished game 957 (ContHistV2 vs Baseline): 1/2-1/2 {Draw by adjudication}
Score of ContHistV2 vs Baseline: 279 - 333 - 346  [0.472] 958
Started game 968 of 10000 (Baseline vs ContHistV2)
Finished game 960 (Baseline vs ContHistV2): 1-0 {White wins by adjudication}
Score of ContHistV2 vs Baseline: 279 - 334 - 346  [0.471] 959
Started game 969 of 10000 (ContHistV2 vs Baseline)
Finished game 959 (ContHistV2 vs Baseline): 0-1 {Black wins by adjudication}
Score of ContHistV2 vs Baseline: 279 - 335 - 346  [0.471] 960
Started game 970 of 10000 (Baseline vs ContHistV2)
Finished game 963 (ContHistV2 vs Baseline): 0-1 {Black wins by adjudication}
Score of ContHistV2 vs Baseline: 279 - 336 - 346  [0.470] 961
Started game 971 of 10000 (ContHistV2 vs Baseline)
Finished game 961 (ContHistV2 vs Baseline): 0-1 {Black wins by adjudication}
Score of ContHistV2 vs Baseline: 279 - 337 - 346  [0.470] 962
Started game 972 of 10000 (Baseline vs ContHistV2)
Finished game 965 (ContHistV2 vs Baseline): 0-1 {Black wins by adjudication}
Score of ContHistV2 vs Baseline: 279 - 338 - 346  [0.469] 963
Started game 973 of 10000 (ContHistV2 vs Baseline)
Finished game 964 (Baseline vs ContHistV2): 1-0 {White wins by adjudication}
Score of ContHistV2 vs Baseline: 279 - 339 - 346  [0.469] 964
Started game 974 of 10000 (Baseline vs ContHistV2)
Finished game 962 (Baseline vs ContHistV2): 1-0 {White wins by adjudication}
Score of ContHistV2 vs Baseline: 279 - 340 - 346  [0.468] 965
Started game 975 of 10000 (ContHistV2 vs Baseline)
Finished game 969 (ContHistV2 vs Baseline): 1/2-1/2 {Draw by 3-fold repetition}
Score of ContHistV2 vs Baseline: 279 - 340 - 347  [0.468] 966
Started game 976 of 10000 (Baseline vs ContHistV2)
Finished game 968 (Baseline vs ContHistV2): 1/2-1/2 {Draw by insufficient mating material}
Score of ContHistV2 vs Baseline: 279 - 340 - 348  [0.468] 967
Started game 977 of 10000 (ContHistV2 vs Baseline)
Finished game 966 (Baseline vs ContHistV2): 1-0 {White wins by adjudication}
Score of ContHistV2 vs Baseline: 279 - 341 - 348  [0.468] 968
Started game 978 of 10000 (Baseline vs ContHistV2)
Finished game 971 (ContHistV2 vs Baseline): 1/2-1/2 {Draw by 3-fold repetition}
Score of ContHistV2 vs Baseline: 279 - 341 - 349  [0.468] 969
Started game 979 of 10000 (ContHistV2 vs Baseline)
Finished game 967 (ContHistV2 vs Baseline): 1-0 {White wins by adjudication}
Score of ContHistV2 vs Baseline: 280 - 341 - 349  [0.469] 970
Started game 980 of 10000 (Baseline vs ContHistV2)
Finished game 975 (ContHistV2 vs Baseline): 1/2-1/2 {Draw by 3-fold repetition}
Score of ContHistV2 vs Baseline: 280 - 341 - 350  [0.469] 971
Started game 981 of 10000 (ContHistV2 vs Baseline)
Finished game 973 (ContHistV2 vs Baseline): 1/2-1/2 {Draw by adjudication}
Score of ContHistV2 vs Baseline: 280 - 341 - 351  [0.469] 972
Started game 982 of 10000 (Baseline vs ContHistV2)
Finished game 977 (ContHistV2 vs Baseline): 1/2-1/2 {Draw by 3-fold repetition}
Score of ContHistV2 vs Baseline: 280 - 341 - 352  [0.469] 973
Started game 983 of 10000 (ContHistV2 vs Baseline)
Finished game 972 (Baseline vs ContHistV2): 1-0 {White mates}
Score of ContHistV2 vs Baseline: 280 - 342 - 352  [0.468] 974
Started game 984 of 10000 (Baseline vs ContHistV2)
Finished game 976 (Baseline vs ContHistV2): 1/2-1/2 {Draw by 3-fold repetition}
Score of ContHistV2 vs Baseline: 280 - 342 - 353  [0.468] 975
Started game 985 of 10000 (ContHistV2 vs Baseline)
Finished game 974 (Baseline vs ContHistV2): 0-1 {Black wins by adjudication}
Score of ContHistV2 vs Baseline: 281 - 342 - 353  [0.469] 976
Started game 986 of 10000 (Baseline vs ContHistV2)
Finished game 970 (Baseline vs ContHistV2): 1/2-1/2 {Draw by fifty moves rule}
Score of ContHistV2 vs Baseline: 281 - 342 - 354  [0.469] 977
Started game 987 of 10000 (ContHistV2 vs Baseline)
Finished game 978 (Baseline vs ContHistV2): 1-0 {White wins by adjudication}
Score of ContHistV2 vs Baseline: 281 - 343 - 354  [0.468] 978
Started game 988 of 10000 (Baseline vs ContHistV2)
Finished game 981 (ContHistV2 vs Baseline): 1/2-1/2 {Draw by 3-fold repetition}
Score of ContHistV2 vs Baseline: 281 - 343 - 355  [0.468] 979
Started game 989 of 10000 (ContHistV2 vs Baseline)
Finished game 979 (ContHistV2 vs Baseline): 1/2-1/2 {Draw by 3-fold repetition}
Score of ContHistV2 vs Baseline: 281 - 343 - 356  [0.468] 980
Started game 990 of 10000 (Baseline vs ContHistV2)
Finished game 982 (Baseline vs ContHistV2): 1-0 {White wins by adjudication}
Score of ContHistV2 vs Baseline: 281 - 344 - 356  [0.468] 981
Started game 991 of 10000 (ContHistV2 vs Baseline)
Finished game 984 (Baseline vs ContHistV2): 1-0 {White wins by adjudication}
Score of ContHistV2 vs Baseline: 281 - 345 - 356  [0.467] 982
Started game 992 of 10000 (Baseline vs ContHistV2)
Finished game 983 (ContHistV2 vs Baseline): 0-1 {Black wins by adjudication}
Score of ContHistV2 vs Baseline: 281 - 346 - 356  [0.467] 983
Started game 993 of 10000 (ContHistV2 vs Baseline)
Finished game 985 (ContHistV2 vs Baseline): 0-1 {Black wins by adjudication}
Score of ContHistV2 vs Baseline: 281 - 347 - 356  [0.466] 984
Started game 994 of 10000 (Baseline vs ContHistV2)
Finished game 980 (Baseline vs ContHistV2): 0-1 {Black wins by adjudication}
Score of ContHistV2 vs Baseline: 282 - 347 - 356  [0.467] 985
Started game 995 of 10000 (ContHistV2 vs Baseline)
Finished game 986 (Baseline vs ContHistV2): 1/2-1/2 {Draw by adjudication}
Score of ContHistV2 vs Baseline: 282 - 347 - 357  [0.467] 986
Started game 996 of 10000 (Baseline vs ContHistV2)
Finished game 988 (Baseline vs ContHistV2): 1-0 {White wins by adjudication}
Score of ContHistV2 vs Baseline: 282 - 348 - 357  [0.467] 987
Started game 997 of 10000 (ContHistV2 vs Baseline)
Finished game 989 (ContHistV2 vs Baseline): 0-1 {Black wins by adjudication}
Score of ContHistV2 vs Baseline: 282 - 349 - 357  [0.466] 988
Started game 998 of 10000 (Baseline vs ContHistV2)
Finished game 987 (ContHistV2 vs Baseline): 0-1 {Black wins by adjudication}
Score of ContHistV2 vs Baseline: 282 - 350 - 357  [0.466] 989
Started game 999 of 10000 (ContHistV2 vs Baseline)
Finished game 990 (Baseline vs ContHistV2): 0-1 {Black wins by adjudication}
Score of ContHistV2 vs Baseline: 283 - 350 - 357  [0.466] 990
Started game 1000 of 10000 (Baseline vs ContHistV2)
Finished game 991 (ContHistV2 vs Baseline): 1/2-1/2 {Draw by adjudication}
Score of ContHistV2 vs Baseline: 283 - 350 - 358  [0.466] 991
Started game 1001 of 10000 (ContHistV2 vs Baseline)
Finished game 993 (ContHistV2 vs Baseline): 1-0 {White wins by adjudication}
Score of ContHistV2 vs Baseline: 284 - 350 - 358  [0.467] 992
Started game 1002 of 10000 (Baseline vs ContHistV2)
Finished game 997 (ContHistV2 vs Baseline): 1/2-1/2 {Draw by 3-fold repetition}
Score of ContHistV2 vs Baseline: 284 - 350 - 359  [0.467] 993
Started game 1003 of 10000 (ContHistV2 vs Baseline)
Finished game 992 (Baseline vs ContHistV2): 1/2-1/2 {Draw by insufficient mating material}
Score of ContHistV2 vs Baseline: 284 - 350 - 360  [0.467] 994
Started game 1004 of 10000 (Baseline vs ContHistV2)
Finished game 994 (Baseline vs ContHistV2): 1-0 {White wins by adjudication}
Score of ContHistV2 vs Baseline: 284 - 351 - 360  [0.466] 995
Started game 1005 of 10000 (ContHistV2 vs Baseline)
Finished game 995 (ContHistV2 vs Baseline): 1/2-1/2 {Draw by insufficient mating material}
Score of ContHistV2 vs Baseline: 284 - 351 - 361  [0.466] 996
Started game 1006 of 10000 (Baseline vs ContHistV2)
Finished game 999 (ContHistV2 vs Baseline): 1/2-1/2 {Draw by 3-fold repetition}
Score of ContHistV2 vs Baseline: 284 - 351 - 362  [0.466] 997
Started game 1007 of 10000 (ContHistV2 vs Baseline)
Finished game 996 (Baseline vs ContHistV2): 0-1 {Black wins by adjudication}
Score of ContHistV2 vs Baseline: 285 - 351 - 362  [0.467] 998
Started game 1008 of 10000 (Baseline vs ContHistV2)
Finished game 1002 (Baseline vs ContHistV2): 1/2-1/2 {Draw by 3-fold repetition}
Score of ContHistV2 vs Baseline: 285 - 351 - 363  [0.467] 999
Started game 1009 of 10000 (ContHistV2 vs Baseline)
Finished game 1000 (Baseline vs ContHistV2): 1-0 {White wins by adjudication}
Score of ContHistV2 vs Baseline: 285 - 352 - 363  [0.467] 1000
Started game 1010 of 10000 (Baseline vs ContHistV2)
Finished game 1001 (ContHistV2 vs Baseline): 1/2-1/2 {Draw by 3-fold repetition}
Score of ContHistV2 vs Baseline: 285 - 352 - 364  [0.467] 1001
Started game 1011 of 10000 (ContHistV2 vs Baseline)
Finished game 998 (Baseline vs ContHistV2): 1-0 {White wins by adjudication}
Score of ContHistV2 vs Baseline: 285 - 353 - 364  [0.466] 1002
Started game 1012 of 10000 (Baseline vs ContHistV2)
Finished game 1004 (Baseline vs ContHistV2): 0-1 {Black wins by adjudication}
Score of ContHistV2 vs Baseline: 286 - 353 - 364  [0.467] 1003
Started game 1013 of 10000 (ContHistV2 vs Baseline)
Finished game 1007 (ContHistV2 vs Baseline): 1/2-1/2 {Draw by 3-fold repetition}
Score of ContHistV2 vs Baseline: 286 - 353 - 365  [0.467] 1004
Started game 1014 of 10000 (Baseline vs ContHistV2)
Finished game 1003 (ContHistV2 vs Baseline): 1/2-1/2 {Draw by adjudication}
Score of ContHistV2 vs Baseline: 286 - 353 - 366  [0.467] 1005
Started game 1015 of 10000 (ContHistV2 vs Baseline)
Finished game 1008 (Baseline vs ContHistV2): 1/2-1/2 {Draw by insufficient mating material}
Score of ContHistV2 vs Baseline: 286 - 353 - 367  [0.467] 1006
Started game 1016 of 10000 (Baseline vs ContHistV2)
Finished game 1005 (ContHistV2 vs Baseline): 1/2-1/2 {Draw by insufficient mating material}
Score of ContHistV2 vs Baseline: 286 - 353 - 368  [0.467] 1007
Started game 1017 of 10000 (ContHistV2 vs Baseline)
Finished game 1009 (ContHistV2 vs Baseline): 0-1 {Black wins by adjudication}
Score of ContHistV2 vs Baseline: 286 - 354 - 368  [0.466] 1008
Started game 1018 of 10000 (Baseline vs ContHistV2)
Finished game 1010 (Baseline vs ContHistV2): 0-1 {Black wins by adjudication}
Score of ContHistV2 vs Baseline: 287 - 354 - 368  [0.467] 1009
Started game 1019 of 10000 (ContHistV2 vs Baseline)
Finished game 1011 (ContHistV2 vs Baseline): 0-1 {Black wins by adjudication}
Score of ContHistV2 vs Baseline: 287 - 355 - 368  [0.466] 1010
Started game 1020 of 10000 (Baseline vs ContHistV2)
Finished game 1006 (Baseline vs ContHistV2): 1/2-1/2 {Draw by adjudication}
Score of ContHistV2 vs Baseline: 287 - 355 - 369  [0.466] 1011
Started game 1021 of 10000 (ContHistV2 vs Baseline)
Finished game 1013 (ContHistV2 vs Baseline): 1-0 {White wins by adjudication}
Score of ContHistV2 vs Baseline: 288 - 355 - 369  [0.467] 1012
Started game 1022 of 10000 (Baseline vs ContHistV2)
Finished game 1012 (Baseline vs ContHistV2): 1/2-1/2 {Draw by adjudication}
Score of ContHistV2 vs Baseline: 288 - 355 - 370  [0.467] 1013
Started game 1023 of 10000 (ContHistV2 vs Baseline)
Finished game 1015 (ContHistV2 vs Baseline): 0-1 {Black wins by adjudication}
Score of ContHistV2 vs Baseline: 288 - 356 - 370  [0.466] 1014
Started game 1024 of 10000 (Baseline vs ContHistV2)
Finished game 1014 (Baseline vs ContHistV2): 1/2-1/2 {Draw by 3-fold repetition}
Score of ContHistV2 vs Baseline: 288 - 356 - 371  [0.467] 1015
Started game 1025 of 10000 (ContHistV2 vs Baseline)
Finished game 1016 (Baseline vs ContHistV2): 1-0 {White wins by adjudication}
Score of ContHistV2 vs Baseline: 288 - 357 - 371  [0.466] 1016
Started game 1026 of 10000 (Baseline vs ContHistV2)
Finished game 1017 (ContHistV2 vs Baseline): 1-0 {White wins by adjudication}
Score of ContHistV2 vs Baseline: 289 - 357 - 371  [0.467] 1017
Started game 1027 of 10000 (ContHistV2 vs Baseline)
Finished game 1018 (Baseline vs ContHistV2): 1/2-1/2 {Draw by 3-fold repetition}
Score of ContHistV2 vs Baseline: 289 - 357 - 372  [0.467] 1018
Started game 1028 of 10000 (Baseline vs ContHistV2)
Finished game 1020 (Baseline vs ContHistV2): 1-0 {White wins by adjudication}
Score of ContHistV2 vs Baseline: 289 - 358 - 372  [0.466] 1019
Started game 1029 of 10000 (ContHistV2 vs Baseline)
Finished game 1019 (ContHistV2 vs Baseline): 0-1 {Black wins by adjudication}
Score of ContHistV2 vs Baseline: 289 - 359 - 372  [0.466] 1020
Started game 1030 of 10000 (Baseline vs ContHistV2)
Finished game 1023 (ContHistV2 vs Baseline): 0-1 {Black wins by adjudication}
Score of ContHistV2 vs Baseline: 289 - 360 - 372  [0.465] 1021
Finished game 1021 (ContHistV2 vs Baseline): 1-0 {White wins by adjudication}
Score of ContHistV2 vs Baseline: 290 - 360 - 372  [0.466] 1022
Started game 1031 of 10000 (ContHistV2 vs Baseline)
Started game 1032 of 10000 (Baseline vs ContHistV2)
Finished game 1028 (Baseline vs ContHistV2): 1-0 {White wins by adjudication}
Score of ContHistV2 vs Baseline: 290 - 361 - 372  [0.465] 1023
Started game 1033 of 10000 (ContHistV2 vs Baseline)
Finished game 1022 (Baseline vs ContHistV2): 1/2-1/2 {Draw by 3-fold repetition}
Score of ContHistV2 vs Baseline: 290 - 361 - 373  [0.465] 1024
Started game 1034 of 10000 (Baseline vs ContHistV2)
Finished game 1026 (Baseline vs ContHistV2): 0-1 {Black wins by adjudication}
Score of ContHistV2 vs Baseline: 291 - 361 - 373  [0.466] 1025
Started game 1035 of 10000 (ContHistV2 vs Baseline)
Finished game 1025 (ContHistV2 vs Baseline): 1/2-1/2 {Draw by adjudication}
Score of ContHistV2 vs Baseline: 291 - 361 - 374  [0.466] 1026
Started game 1036 of 10000 (Baseline vs ContHistV2)
Finished game 1029 (ContHistV2 vs Baseline): 0-1 {Black wins by adjudication}
Score of ContHistV2 vs Baseline: 291 - 362 - 374  [0.465] 1027
Started game 1037 of 10000 (ContHistV2 vs Baseline)
Finished game 1024 (Baseline vs ContHistV2): 1-0 {White wins by adjudication}
Score of ContHistV2 vs Baseline: 291 - 363 - 374  [0.465] 1028
Started game 1038 of 10000 (Baseline vs ContHistV2)
Finished game 1030 (Baseline vs ContHistV2): 0-1 {Black wins by adjudication}
Score of ContHistV2 vs Baseline: 292 - 363 - 374  [0.466] 1029
Started game 1039 of 10000 (ContHistV2 vs Baseline)
Finished game 1035 (ContHistV2 vs Baseline): 1/2-1/2 {Draw by 3-fold repetition}
Score of ContHistV2 vs Baseline: 292 - 363 - 375  [0.466] 1030
Started game 1040 of 10000 (Baseline vs ContHistV2)
Finished game 1032 (Baseline vs ContHistV2): 1-0 {White wins by adjudication}
Score of ContHistV2 vs Baseline: 292 - 364 - 375  [0.465] 1031
Started game 1041 of 10000 (ContHistV2 vs Baseline)
Finished game 1031 (ContHistV2 vs Baseline): 1/2-1/2 {Draw by 3-fold repetition}
Score of ContHistV2 vs Baseline: 292 - 364 - 376  [0.465] 1032
Started game 1042 of 10000 (Baseline vs ContHistV2)
Finished game 1033 (ContHistV2 vs Baseline): 1-0 {White wins by adjudication}
Score of ContHistV2 vs Baseline: 293 - 364 - 376  [0.466] 1033
Started game 1043 of 10000 (ContHistV2 vs Baseline)
Finished game 1034 (Baseline vs ContHistV2): 1-0 {White wins by adjudication}
Score of ContHistV2 vs Baseline: 293 - 365 - 376  [0.465] 1034
Started game 1044 of 10000 (Baseline vs ContHistV2)
Finished game 1036 (Baseline vs ContHistV2): 0-1 {Black wins by adjudication}
Score of ContHistV2 vs Baseline: 294 - 365 - 376  [0.466] 1035
Started game 1045 of 10000 (ContHistV2 vs Baseline)
Finished game 1027 (ContHistV2 vs Baseline): 1-0 {White wins by adjudication}
Score of ContHistV2 vs Baseline: 295 - 365 - 376  [0.466] 1036
Started game 1046 of 10000 (Baseline vs ContHistV2)
Finished game 1038 (Baseline vs ContHistV2): 1/2-1/2 {Draw by 3-fold repetition}
Score of ContHistV2 vs Baseline: 295 - 365 - 377  [0.466] 1037
Started game 1047 of 10000 (ContHistV2 vs Baseline)
Finished game 1037 (ContHistV2 vs Baseline): 0-1 {Black wins by adjudication}
Score of ContHistV2 vs Baseline: 295 - 366 - 377  [0.466] 1038
Started game 1048 of 10000 (Baseline vs ContHistV2)
Finished game 1041 (ContHistV2 vs Baseline): 0-1 {Black wins by adjudication}
Score of ContHistV2 vs Baseline: 295 - 367 - 377  [0.465] 1039
Started game 1049 of 10000 (ContHistV2 vs Baseline)
Finished game 1042 (Baseline vs ContHistV2): 0-1 {Black wins by adjudication}
Score of ContHistV2 vs Baseline: 296 - 367 - 377  [0.466] 1040
Started game 1050 of 10000 (Baseline vs ContHistV2)
Finished game 1043 (ContHistV2 vs Baseline): 0-1 {Black wins by adjudication}
Score of ContHistV2 vs Baseline: 296 - 368 - 377  [0.465] 1041
Started game 1051 of 10000 (ContHistV2 vs Baseline)
Finished game 1040 (Baseline vs ContHistV2): 1-0 {White wins by adjudication}
Score of ContHistV2 vs Baseline: 296 - 369 - 377  [0.465] 1042
Started game 1052 of 10000 (Baseline vs ContHistV2)
Finished game 1046 (Baseline vs ContHistV2): 1/2-1/2 {Draw by 3-fold repetition}
Score of ContHistV2 vs Baseline: 296 - 369 - 378  [0.465] 1043
Started game 1053 of 10000 (ContHistV2 vs Baseline)
Finished game 1039 (ContHistV2 vs Baseline): 1/2-1/2 {Draw by adjudication}
Score of ContHistV2 vs Baseline: 296 - 369 - 379  [0.465] 1044
Started game 1054 of 10000 (Baseline vs ContHistV2)
Finished game 1044 (Baseline vs ContHistV2): 1/2-1/2 {Draw by adjudication}
Score of ContHistV2 vs Baseline: 296 - 369 - 380  [0.465] 1045
Started game 1055 of 10000 (ContHistV2 vs Baseline)
Finished game 1047 (ContHistV2 vs Baseline): 1-0 {White wins by adjudication}
Score of ContHistV2 vs Baseline: 297 - 369 - 380  [0.466] 1046
Started game 1056 of 10000 (Baseline vs ContHistV2)
Finished game 1045 (ContHistV2 vs Baseline): 1-0 {White wins by adjudication}
Score of ContHistV2 vs Baseline: 298 - 369 - 380  [0.466] 1047
Started game 1057 of 10000 (ContHistV2 vs Baseline)
Finished game 1048 (Baseline vs ContHistV2): 1-0 {White wins by adjudication}
Score of ContHistV2 vs Baseline: 298 - 370 - 380  [0.466] 1048
Started game 1058 of 10000 (Baseline vs ContHistV2)
Finished game 1051 (ContHistV2 vs Baseline): 1/2-1/2 {Draw by 3-fold repetition}
Score of ContHistV2 vs Baseline: 298 - 370 - 381  [0.466] 1049
Started game 1059 of 10000 (ContHistV2 vs Baseline)
Finished game 1052 (Baseline vs ContHistV2): 1/2-1/2 {Draw by 3-fold repetition}
Score of ContHistV2 vs Baseline: 298 - 370 - 382  [0.466] 1050
Started game 1060 of 10000 (Baseline vs ContHistV2)
Finished game 1049 (ContHistV2 vs Baseline): 1/2-1/2 {Draw by adjudication}
Score of ContHistV2 vs Baseline: 298 - 370 - 383  [0.466] 1051
Started game 1061 of 10000 (ContHistV2 vs Baseline)
Finished game 1050 (Baseline vs ContHistV2): 1/2-1/2 {Draw by adjudication}
Score of ContHistV2 vs Baseline: 298 - 370 - 384  [0.466] 1052
Started game 1062 of 10000 (Baseline vs ContHistV2)
Finished game 1053 (ContHistV2 vs Baseline): 1-0 {White wins by adjudication}
Score of ContHistV2 vs Baseline: 299 - 370 - 384  [0.466] 1053
Started game 1063 of 10000 (ContHistV2 vs Baseline)
Finished game 1055 (ContHistV2 vs Baseline): 0-1 {Black wins by adjudication}
Score of ContHistV2 vs Baseline: 299 - 371 - 384  [0.466] 1054
Started game 1064 of 10000 (Baseline vs ContHistV2)
Finished game 1056 (Baseline vs ContHistV2): 1-0 {White wins by adjudication}
Score of ContHistV2 vs Baseline: 299 - 372 - 384  [0.465] 1055
Started game 1065 of 10000 (ContHistV2 vs Baseline)
Finished game 1054 (Baseline vs ContHistV2): 1-0 {White wins by adjudication}
Score of ContHistV2 vs Baseline: 299 - 373 - 384  [0.465] 1056
Started game 1066 of 10000 (Baseline vs ContHistV2)
Finished game 1059 (ContHistV2 vs Baseline): 0-1 {Black wins by adjudication}
Score of ContHistV2 vs Baseline: 299 - 374 - 384  [0.465] 1057
Started game 1067 of 10000 (ContHistV2 vs Baseline)
Finished game 1060 (Baseline vs ContHistV2): 1/2-1/2 {Draw by 3-fold repetition}
Score of ContHistV2 vs Baseline: 299 - 374 - 385  [0.465] 1058
Started game 1068 of 10000 (Baseline vs ContHistV2)
Finished game 1057 (ContHistV2 vs Baseline): 1/2-1/2 {Draw by fifty moves rule}
Score of ContHistV2 vs Baseline: 299 - 374 - 386  [0.465] 1059
Started game 1069 of 10000 (ContHistV2 vs Baseline)
Finished game 1058 (Baseline vs ContHistV2): 1/2-1/2 {Draw by fifty moves rule}
Score of ContHistV2 vs Baseline: 299 - 374 - 387  [0.465] 1060
Started game 1070 of 10000 (Baseline vs ContHistV2)
Finished game 1061 (ContHistV2 vs Baseline): 1-0 {White wins by adjudication}
Score of ContHistV2 vs Baseline: 300 - 374 - 387  [0.465] 1061
Started game 1071 of 10000 (ContHistV2 vs Baseline)
Finished game 1063 (ContHistV2 vs Baseline): 0-1 {Black wins by adjudication}
Score of ContHistV2 vs Baseline: 300 - 375 - 387  [0.465] 1062
Started game 1072 of 10000 (Baseline vs ContHistV2)
Finished game 1064 (Baseline vs ContHistV2): 1-0 {White wins by adjudication}
Score of ContHistV2 vs Baseline: 300 - 376 - 387  [0.464] 1063
Started game 1073 of 10000 (ContHistV2 vs Baseline)
Finished game 1062 (Baseline vs ContHistV2): 1/2-1/2 {Draw by adjudication}
Score of ContHistV2 vs Baseline: 300 - 376 - 388  [0.464] 1064
Started game 1074 of 10000 (Baseline vs ContHistV2)
Finished game 1066 (Baseline vs ContHistV2): 1-0 {White wins by adjudication}
Score of ContHistV2 vs Baseline: 300 - 377 - 388  [0.464] 1065
Started game 1075 of 10000 (ContHistV2 vs Baseline)
Finished game 1069 (ContHistV2 vs Baseline): 0-1 {Black wins by adjudication}
Score of ContHistV2 vs Baseline: 300 - 378 - 388  [0.463] 1066
Started game 1076 of 10000 (Baseline vs ContHistV2)
Finished game 1072 (Baseline vs ContHistV2): 1/2-1/2 {Draw by adjudication}
Score of ContHistV2 vs Baseline: 300 - 378 - 389  [0.463] 1067
Started game 1077 of 10000 (ContHistV2 vs Baseline)
Finished game 1068 (Baseline vs ContHistV2): 0-1 {Black wins by adjudication}
Score of ContHistV2 vs Baseline: 301 - 378 - 389  [0.464] 1068
Started game 1078 of 10000 (Baseline vs ContHistV2)
Finished game 1070 (Baseline vs ContHistV2): 0-1 {Black wins by adjudication}
Score of ContHistV2 vs Baseline: 302 - 378 - 389  [0.464] 1069
Started game 1079 of 10000 (ContHistV2 vs Baseline)
Finished game 1071 (ContHistV2 vs Baseline): 1/2-1/2 {Draw by adjudication}
Score of ContHistV2 vs Baseline: 302 - 378 - 390  [0.464] 1070
Started game 1080 of 10000 (Baseline vs ContHistV2)
Finished game 1065 (ContHistV2 vs Baseline): 1/2-1/2 {Draw by fifty moves rule}
Score of ContHistV2 vs Baseline: 302 - 378 - 391  [0.465] 1071
Started game 1081 of 10000 (ContHistV2 vs Baseline)
Finished game 1074 (Baseline vs ContHistV2): 0-1 {Black wins by adjudication}
Score of ContHistV2 vs Baseline: 303 - 378 - 391  [0.465] 1072
Started game 1082 of 10000 (Baseline vs ContHistV2)
Finished game 1067 (ContHistV2 vs Baseline): 0-1 {Black wins by adjudication}
Score of ContHistV2 vs Baseline: 303 - 379 - 391  [0.465] 1073
Started game 1083 of 10000 (ContHistV2 vs Baseline)
Finished game 1075 (ContHistV2 vs Baseline): 0-1 {Black wins by adjudication}
Score of ContHistV2 vs Baseline: 303 - 380 - 391  [0.464] 1074
Started game 1084 of 10000 (Baseline vs ContHistV2)
Finished game 1076 (Baseline vs ContHistV2): 1/2-1/2 {Draw by adjudication}
Score of ContHistV2 vs Baseline: 303 - 380 - 392  [0.464] 1075
Started game 1085 of 10000 (ContHistV2 vs Baseline)
Finished game 1077 (ContHistV2 vs Baseline): 1/2-1/2 {Draw by 3-fold repetition}
Score of ContHistV2 vs Baseline: 303 - 380 - 393  [0.464] 1076
Started game 1086 of 10000 (Baseline vs ContHistV2)
Finished game 1078 (Baseline vs ContHistV2): 1/2-1/2 {Draw by 3-fold repetition}
Score of ContHistV2 vs Baseline: 303 - 380 - 394  [0.464] 1077
Started game 1087 of 10000 (ContHistV2 vs Baseline)
Finished game 1073 (ContHistV2 vs Baseline): 0-1 {Black wins by adjudication}
Score of ContHistV2 vs Baseline: 303 - 381 - 394  [0.464] 1078
Started game 1088 of 10000 (Baseline vs ContHistV2)
Finished game 1080 (Baseline vs ContHistV2): 0-1 {Black wins by adjudication}
Score of ContHistV2 vs Baseline: 304 - 381 - 394  [0.464] 1079
Started game 1089 of 10000 (ContHistV2 vs Baseline)
Finished game 1079 (ContHistV2 vs Baseline): 0-1 {Black wins by adjudication}
Score of ContHistV2 vs Baseline: 304 - 382 - 394  [0.464] 1080
Started game 1090 of 10000 (Baseline vs ContHistV2)
Finished game 1082 (Baseline vs ContHistV2): 1/2-1/2 {Draw by 3-fold repetition}
Score of ContHistV2 vs Baseline: 304 - 382 - 395  [0.464] 1081
Started game 1091 of 10000 (ContHistV2 vs Baseline)
Finished game 1083 (ContHistV2 vs Baseline): 1/2-1/2 {Draw by 3-fold repetition}
Score of ContHistV2 vs Baseline: 304 - 382 - 396  [0.464] 1082
Started game 1092 of 10000 (Baseline vs ContHistV2)
Finished game 1084 (Baseline vs ContHistV2): 1-0 {White wins by adjudication}
Score of ContHistV2 vs Baseline: 304 - 383 - 396  [0.464] 1083
Started game 1093 of 10000 (ContHistV2 vs Baseline)
Finished game 1085 (ContHistV2 vs Baseline): 0-1 {Black wins by adjudication}
Score of ContHistV2 vs Baseline: 304 - 384 - 396  [0.463] 1084
Started game 1094 of 10000 (Baseline vs ContHistV2)
Finished game 1086 (Baseline vs ContHistV2): 1/2-1/2 {Draw by stalemate}
Score of ContHistV2 vs Baseline: 304 - 384 - 397  [0.463] 1085
Started game 1095 of 10000 (ContHistV2 vs Baseline)
Finished game 1081 (ContHistV2 vs Baseline): 0-1 {Black wins by adjudication}
Score of ContHistV2 vs Baseline: 304 - 385 - 397  [0.463] 1086
Started game 1096 of 10000 (Baseline vs ContHistV2)
Finished game 1091 (ContHistV2 vs Baseline): 0-1 {Black wins by adjudication}
Score of ContHistV2 vs Baseline: 304 - 386 - 397  [0.462] 1087
Started game 1097 of 10000 (ContHistV2 vs Baseline)
Finished game 1088 (Baseline vs ContHistV2): 1/2-1/2 {Draw by 3-fold repetition}
Score of ContHistV2 vs Baseline: 304 - 386 - 398  [0.462] 1088
Started game 1098 of 10000 (Baseline vs ContHistV2)
Finished game 1089 (ContHistV2 vs Baseline): 1/2-1/2 {Draw by adjudication}
Score of ContHistV2 vs Baseline: 304 - 386 - 399  [0.462] 1089
Started game 1099 of 10000 (ContHistV2 vs Baseline)
Finished game 1090 (Baseline vs ContHistV2): 1/2-1/2 {Draw by 3-fold repetition}
Score of ContHistV2 vs Baseline: 304 - 386 - 400  [0.462] 1090
Started game 1100 of 10000 (Baseline vs ContHistV2)
Finished game 1087 (ContHistV2 vs Baseline): 0-1 {Black wins by adjudication}
Score of ContHistV2 vs Baseline: 304 - 387 - 400  [0.462] 1091
Started game 1101 of 10000 (ContHistV2 vs Baseline)
Finished game 1092 (Baseline vs ContHistV2): 1/2-1/2 {Draw by 3-fold repetition}
Score of ContHistV2 vs Baseline: 304 - 387 - 401  [0.462] 1092
Started game 1102 of 10000 (Baseline vs ContHistV2)
Finished game 1094 (Baseline vs ContHistV2): 0-1 {Black wins by adjudication}
Score of ContHistV2 vs Baseline: 305 - 387 - 401  [0.462] 1093
Started game 1103 of 10000 (ContHistV2 vs Baseline)
Finished game 1095 (ContHistV2 vs Baseline): 1/2-1/2 {Draw by adjudication}
Score of ContHistV2 vs Baseline: 305 - 387 - 402  [0.463] 1094
Started game 1104 of 10000 (Baseline vs ContHistV2)
Finished game 1093 (ContHistV2 vs Baseline): 0-1 {Black wins by adjudication}
Score of ContHistV2 vs Baseline: 305 - 388 - 402  [0.462] 1095
Started game 1105 of 10000 (ContHistV2 vs Baseline)
Finished game 1096 (Baseline vs ContHistV2): 1-0 {White wins by adjudication}
Score of ContHistV2 vs Baseline: 305 - 389 - 402  [0.462] 1096
Started game 1106 of 10000 (Baseline vs ContHistV2)
Finished game 1097 (ContHistV2 vs Baseline): 0-1 {Black wins by adjudication}
Score of ContHistV2 vs Baseline: 305 - 390 - 402  [0.461] 1097
Started game 1107 of 10000 (ContHistV2 vs Baseline)
Finished game 1099 (ContHistV2 vs Baseline): 1-0 {White mates}
Score of ContHistV2 vs Baseline: 306 - 390 - 402  [0.462] 1098
Started game 1108 of 10000 (Baseline vs ContHistV2)
Finished game 1098 (Baseline vs ContHistV2): 0-1 {Black wins by adjudication}
Score of ContHistV2 vs Baseline: 307 - 390 - 402  [0.462] 1099
Started game 1109 of 10000 (ContHistV2 vs Baseline)
Finished game 1101 (ContHistV2 vs Baseline): 0-1 {Black wins by adjudication}
Score of ContHistV2 vs Baseline: 307 - 391 - 402  [0.462] 1100
Started game 1110 of 10000 (Baseline vs ContHistV2)
Finished game 1100 (Baseline vs ContHistV2): 1/2-1/2 {Draw by fifty moves rule}
Score of ContHistV2 vs Baseline: 307 - 391 - 403  [0.462] 1101
Started game 1111 of 10000 (ContHistV2 vs Baseline)
Finished game 1104 (Baseline vs ContHistV2): 1-0 {White wins by adjudication}
Score of ContHistV2 vs Baseline: 307 - 392 - 403  [0.461] 1102
Started game 1112 of 10000 (Baseline vs ContHistV2)
Finished game 1105 (ContHistV2 vs Baseline): 1/2-1/2 {Draw by adjudication}
Score of ContHistV2 vs Baseline: 307 - 392 - 404  [0.461] 1103
Started game 1113 of 10000 (ContHistV2 vs Baseline)
Finished game 1103 (ContHistV2 vs Baseline): 1-0 {White wins by adjudication}
Score of ContHistV2 vs Baseline: 308 - 392 - 404  [0.462] 1104
Started game 1114 of 10000 (Baseline vs ContHistV2)
Finished game 1102 (Baseline vs ContHistV2): 1/2-1/2 {Draw by adjudication}
Score of ContHistV2 vs Baseline: 308 - 392 - 405  [0.462] 1105
Started game 1115 of 10000 (ContHistV2 vs Baseline)
Finished game 1107 (ContHistV2 vs Baseline): 0-1 {Black wins by adjudication}
Score of ContHistV2 vs Baseline: 308 - 393 - 405  [0.462] 1106
Started game 1116 of 10000 (Baseline vs ContHistV2)
Finished game 1106 (Baseline vs ContHistV2): 1/2-1/2 {Draw by adjudication}
Score of ContHistV2 vs Baseline: 308 - 393 - 406  [0.462] 1107
Started game 1117 of 10000 (ContHistV2 vs Baseline)
Finished game 1108 (Baseline vs ContHistV2): 1-0 {White mates}
Score of ContHistV2 vs Baseline: 308 - 394 - 406  [0.461] 1108
Started game 1118 of 10000 (Baseline vs ContHistV2)
Finished game 1110 (Baseline vs ContHistV2): 1/2-1/2 {Draw by 3-fold repetition}
Score of ContHistV2 vs Baseline: 308 - 394 - 407  [0.461] 1109
Started game 1119 of 10000 (ContHistV2 vs Baseline)
Finished game 1109 (ContHistV2 vs Baseline): 0-1 {Black wins by adjudication}
Score of ContHistV2 vs Baseline: 308 - 395 - 407  [0.461] 1110
Started game 1120 of 10000 (Baseline vs ContHistV2)
Finished game 1112 (Baseline vs ContHistV2): 1-0 {White wins by adjudication}
Score of ContHistV2 vs Baseline: 308 - 396 - 407  [0.460] 1111
Started game 1121 of 10000 (ContHistV2 vs Baseline)
Finished game 1111 (ContHistV2 vs Baseline): 1/2-1/2 {Draw by fifty moves rule}
Score of ContHistV2 vs Baseline: 308 - 396 - 408  [0.460] 1112
Started game 1122 of 10000 (Baseline vs ContHistV2)
Finished game 1114 (Baseline vs ContHistV2): 0-1 {Black wins by adjudication}
Score of ContHistV2 vs Baseline: 309 - 396 - 408  [0.461] 1113
Started game 1123 of 10000 (ContHistV2 vs Baseline)
Finished game 1115 (ContHistV2 vs Baseline): 1-0 {White wins by adjudication}
Score of ContHistV2 vs Baseline: 310 - 396 - 408  [0.461] 1114
Started game 1124 of 10000 (Baseline vs ContHistV2)
Finished game 1118 (Baseline vs ContHistV2): 1/2-1/2 {Draw by 3-fold repetition}
Score of ContHistV2 vs Baseline: 310 - 396 - 409  [0.461] 1115
Started game 1125 of 10000 (ContHistV2 vs Baseline)
Finished game 1113 (ContHistV2 vs Baseline): 1/2-1/2 {Draw by fifty moves rule}
Score of ContHistV2 vs Baseline: 310 - 396 - 410  [0.461] 1116
Started game 1126 of 10000 (Baseline vs ContHistV2)
Finished game 1117 (ContHistV2 vs Baseline): 1-0 {White wins by adjudication}
Score of ContHistV2 vs Baseline: 311 - 396 - 410  [0.462] 1117
Started game 1127 of 10000 (ContHistV2 vs Baseline)
Finished game 1121 (ContHistV2 vs Baseline): 0-1 {Black wins by adjudication}
Score of ContHistV2 vs Baseline: 311 - 397 - 410  [0.462] 1118
Started game 1128 of 10000 (Baseline vs ContHistV2)
Finished game 1120 (Baseline vs ContHistV2): 1/2-1/2 {Draw by adjudication}
Score of ContHistV2 vs Baseline: 311 - 397 - 411  [0.462] 1119
Started game 1129 of 10000 (ContHistV2 vs Baseline)
Finished game 1119 (ContHistV2 vs Baseline): 1/2-1/2 {Draw by insufficient mating material}
Score of ContHistV2 vs Baseline: 311 - 397 - 412  [0.462] 1120
Started game 1130 of 10000 (Baseline vs ContHistV2)
Finished game 1123 (ContHistV2 vs Baseline): 1-0 {White wins by adjudication}
Score of ContHistV2 vs Baseline: 312 - 397 - 412  [0.462] 1121
Started game 1131 of 10000 (ContHistV2 vs Baseline)
Finished game 1122 (Baseline vs ContHistV2): 0-1 {Black wins by adjudication}
Score of ContHistV2 vs Baseline: 313 - 397 - 412  [0.463] 1122
Started game 1132 of 10000 (Baseline vs ContHistV2)
Finished game 1116 (Baseline vs ContHistV2): 1/2-1/2 {Draw by fifty moves rule}
Score of ContHistV2 vs Baseline: 313 - 397 - 413  [0.463] 1123
Started game 1133 of 10000 (ContHistV2 vs Baseline)
Finished game 1124 (Baseline vs ContHistV2): 1-0 {White wins by adjudication}
Score of ContHistV2 vs Baseline: 313 - 398 - 413  [0.462] 1124
Started game 1134 of 10000 (Baseline vs ContHistV2)
Finished game 1127 (ContHistV2 vs Baseline): 1/2-1/2 {Draw by 3-fold repetition}
Score of ContHistV2 vs Baseline: 313 - 398 - 414  [0.462] 1125
Started game 1135 of 10000 (ContHistV2 vs Baseline)
Finished game 1125 (ContHistV2 vs Baseline): 1/2-1/2 {Draw by insufficient mating material}
Score of ContHistV2 vs Baseline: 313 - 398 - 415  [0.462] 1126
Started game 1136 of 10000 (Baseline vs ContHistV2)
Finished game 1128 (Baseline vs ContHistV2): 1/2-1/2 {Draw by adjudication}
Score of ContHistV2 vs Baseline: 313 - 398 - 416  [0.462] 1127
Started game 1137 of 10000 (ContHistV2 vs Baseline)
Finished game 1131 (ContHistV2 vs Baseline): 0-1 {Black wins by adjudication}
Score of ContHistV2 vs Baseline: 313 - 399 - 416  [0.462] 1128
Started game 1138 of 10000 (Baseline vs ContHistV2)
Finished game 1129 (ContHistV2 vs Baseline): 0-1 {Black wins by adjudication}
Score of ContHistV2 vs Baseline: 313 - 400 - 416  [0.461] 1129
Started game 1139 of 10000 (ContHistV2 vs Baseline)
Finished game 1130 (Baseline vs ContHistV2): 1-0 {White wins by adjudication}
Score of ContHistV2 vs Baseline: 313 - 401 - 416  [0.461] 1130
Started game 1140 of 10000 (Baseline vs ContHistV2)
Finished game 1135 (ContHistV2 vs Baseline): 1/2-1/2 {Draw by 3-fold repetition}
Score of ContHistV2 vs Baseline: 313 - 401 - 417  [0.461] 1131
Started game 1141 of 10000 (ContHistV2 vs Baseline)
Finished game 1132 (Baseline vs ContHistV2): 0-1 {Black wins by adjudication}
Score of ContHistV2 vs Baseline: 314 - 401 - 417  [0.462] 1132
Started game 1142 of 10000 (Baseline vs ContHistV2)
Finished game 1134 (Baseline vs ContHistV2): 1/2-1/2 {Draw by 3-fold repetition}
Score of ContHistV2 vs Baseline: 314 - 401 - 418  [0.462] 1133
Started game 1143 of 10000 (ContHistV2 vs Baseline)
Finished game 1126 (Baseline vs ContHistV2): 1/2-1/2 {Draw by fifty moves rule}
Score of ContHistV2 vs Baseline: 314 - 401 - 419  [0.462] 1134
Started game 1144 of 10000 (Baseline vs ContHistV2)
Finished game 1136 (Baseline vs ContHistV2): 1-0 {White wins by adjudication}
Score of ContHistV2 vs Baseline: 314 - 402 - 419  [0.461] 1135
Started game 1145 of 10000 (ContHistV2 vs Baseline)
Finished game 1133 (ContHistV2 vs Baseline): 1/2-1/2 {Draw by fifty moves rule}
Score of ContHistV2 vs Baseline: 314 - 402 - 420  [0.461] 1136
Started game 1146 of 10000 (Baseline vs ContHistV2)
Finished game 1139 (ContHistV2 vs Baseline): 0-1 {Black wins by adjudication}
Score of ContHistV2 vs Baseline: 314 - 403 - 420  [0.461] 1137
Started game 1147 of 10000 (ContHistV2 vs Baseline)
Finished game 1138 (Baseline vs ContHistV2): 1-0 {White wins by adjudication}
Score of ContHistV2 vs Baseline: 314 - 404 - 420  [0.460] 1138
Started game 1148 of 10000 (Baseline vs ContHistV2)
Finished game 1140 (Baseline vs ContHistV2): 1-0 {White wins by adjudication}
Score of ContHistV2 vs Baseline: 314 - 405 - 420  [0.460] 1139
Started game 1149 of 10000 (ContHistV2 vs Baseline)
Finished game 1143 (ContHistV2 vs Baseline): 1-0 {White wins by adjudication}
Score of ContHistV2 vs Baseline: 315 - 405 - 420  [0.461] 1140
Started game 1150 of 10000 (Baseline vs ContHistV2)
Finished game 1141 (ContHistV2 vs Baseline): 0-1 {Black wins by adjudication}
Score of ContHistV2 vs Baseline: 315 - 406 - 420  [0.460] 1141
Started game 1151 of 10000 (ContHistV2 vs Baseline)
Finished game 1142 (Baseline vs ContHistV2): 1-0 {White wins by adjudication}
Score of ContHistV2 vs Baseline: 315 - 407 - 420  [0.460] 1142
Started game 1152 of 10000 (Baseline vs ContHistV2)
Finished game 1144 (Baseline vs ContHistV2): 1-0 {White wins by adjudication}
Score of ContHistV2 vs Baseline: 315 - 408 - 420  [0.459] 1143
Started game 1153 of 10000 (ContHistV2 vs Baseline)
Finished game 1137 (ContHistV2 vs Baseline): 1/2-1/2 {Draw by insufficient mating material}
Score of ContHistV2 vs Baseline: 315 - 408 - 421  [0.459] 1144
Started game 1154 of 10000 (Baseline vs ContHistV2)
Finished game 1147 (ContHistV2 vs Baseline): 1/2-1/2 {Draw by 3-fold repetition}
Score of ContHistV2 vs Baseline: 315 - 408 - 422  [0.459] 1145
Started game 1155 of 10000 (ContHistV2 vs Baseline)
Finished game 1145 (ContHistV2 vs Baseline): 0-1 {Black wins by adjudication}
Score of ContHistV2 vs Baseline: 315 - 409 - 422  [0.459] 1146
Started game 1156 of 10000 (Baseline vs ContHistV2)
Finished game 1148 (Baseline vs ContHistV2): 1-0 {White wins by adjudication}
Score of ContHistV2 vs Baseline: 315 - 410 - 422  [0.459] 1147
Started game 1157 of 10000 (ContHistV2 vs Baseline)
Finished game 1146 (Baseline vs ContHistV2): 0-1 {Black wins by adjudication}
Score of ContHistV2 vs Baseline: 316 - 410 - 422  [0.459] 1148
Started game 1158 of 10000 (Baseline vs ContHistV2)
Finished game 1149 (ContHistV2 vs Baseline): 1/2-1/2 {Draw by 3-fold repetition}
Score of ContHistV2 vs Baseline: 316 - 410 - 423  [0.459] 1149
Started game 1159 of 10000 (ContHistV2 vs Baseline)
Finished game 1150 (Baseline vs ContHistV2): 1-0 {White wins by adjudication}
Score of ContHistV2 vs Baseline: 316 - 411 - 423  [0.459] 1150
Started game 1160 of 10000 (Baseline vs ContHistV2)
Finished game 1151 (ContHistV2 vs Baseline): 0-1 {Black wins by adjudication}
Score of ContHistV2 vs Baseline: 316 - 412 - 423  [0.458] 1151
Started game 1161 of 10000 (ContHistV2 vs Baseline)
Finished game 1153 (ContHistV2 vs Baseline): 0-1 {Black wins by adjudication}
Score of ContHistV2 vs Baseline: 316 - 413 - 423  [0.458] 1152
Started game 1162 of 10000 (Baseline vs ContHistV2)
Finished game 1152 (Baseline vs ContHistV2): 0-1 {Black wins by adjudication}
Score of ContHistV2 vs Baseline: 317 - 413 - 423  [0.458] 1153
Started game 1163 of 10000 (ContHistV2 vs Baseline)
Finished game 1154 (Baseline vs ContHistV2): 1-0 {White wins by adjudication}
Score of ContHistV2 vs Baseline: 317 - 414 - 423  [0.458] 1154
Started game 1164 of 10000 (Baseline vs ContHistV2)
Finished game 1157 (ContHistV2 vs Baseline): 0-1 {Black wins by adjudication}
Score of ContHistV2 vs Baseline: 317 - 415 - 423  [0.458] 1155
Started game 1165 of 10000 (ContHistV2 vs Baseline)
Finished game 1156 (Baseline vs ContHistV2): 1/2-1/2 {Draw by 3-fold repetition}
Score of ContHistV2 vs Baseline: 317 - 415 - 424  [0.458] 1156
Started game 1166 of 10000 (Baseline vs ContHistV2)
Finished game 1163 (ContHistV2 vs Baseline): 1/2-1/2 {Draw by 3-fold repetition}
Score of ContHistV2 vs Baseline: 317 - 415 - 425  [0.458] 1157
Started game 1167 of 10000 (ContHistV2 vs Baseline)
Finished game 1162 (Baseline vs ContHistV2): 0-1 {Black wins by adjudication}
Score of ContHistV2 vs Baseline: 318 - 415 - 425  [0.458] 1158
Started game 1168 of 10000 (Baseline vs ContHistV2)
Finished game 1161 (ContHistV2 vs Baseline): 1-0 {White wins by adjudication}
Score of ContHistV2 vs Baseline: 319 - 415 - 425  [0.459] 1159
Started game 1169 of 10000 (ContHistV2 vs Baseline)
Finished game 1159 (ContHistV2 vs Baseline): 1/2-1/2 {Draw by insufficient mating material}
Score of ContHistV2 vs Baseline: 319 - 415 - 426  [0.459] 1160
Started game 1170 of 10000 (Baseline vs ContHistV2)
Finished game 1158 (Baseline vs ContHistV2): 1/2-1/2 {Draw by 3-fold repetition}
Score of ContHistV2 vs Baseline: 319 - 415 - 427  [0.459] 1161
Started game 1171 of 10000 (ContHistV2 vs Baseline)
Finished game 1160 (Baseline vs ContHistV2): 1/2-1/2 {Draw by 3-fold repetition}
Score of ContHistV2 vs Baseline: 319 - 415 - 428  [0.459] 1162
Started game 1172 of 10000 (Baseline vs ContHistV2)
Finished game 1165 (ContHistV2 vs Baseline): 1-0 {White wins by adjudication}
Score of ContHistV2 vs Baseline: 320 - 415 - 428  [0.459] 1163
Started game 1173 of 10000 (ContHistV2 vs Baseline)
Finished game 1166 (Baseline vs ContHistV2): 1/2-1/2 {Draw by adjudication}
Score of ContHistV2 vs Baseline: 320 - 415 - 429  [0.459] 1164
Started game 1174 of 10000 (Baseline vs ContHistV2)
Finished game 1155 (ContHistV2 vs Baseline): 1/2-1/2 {Draw by insufficient mating material}
Score of ContHistV2 vs Baseline: 320 - 415 - 430  [0.459] 1165
Started game 1175 of 10000 (ContHistV2 vs Baseline)
Finished game 1168 (Baseline vs ContHistV2): 1/2-1/2 {Draw by 3-fold repetition}
Score of ContHistV2 vs Baseline: 320 - 415 - 431  [0.459] 1166
Started game 1176 of 10000 (Baseline vs ContHistV2)
Finished game 1169 (ContHistV2 vs Baseline): 1/2-1/2 {Draw by insufficient mating material}
Score of ContHistV2 vs Baseline: 320 - 415 - 432  [0.459] 1167
Started game 1177 of 10000 (ContHistV2 vs Baseline)
Finished game 1170 (Baseline vs ContHistV2): 1-0 {White wins by adjudication}
Score of ContHistV2 vs Baseline: 320 - 416 - 432  [0.459] 1168
Started game 1178 of 10000 (Baseline vs ContHistV2)
Finished game 1164 (Baseline vs ContHistV2): 1/2-1/2 {Draw by fifty moves rule}
Score of ContHistV2 vs Baseline: 320 - 416 - 433  [0.459] 1169
Started game 1179 of 10000 (ContHistV2 vs Baseline)
Finished game 1172 (Baseline vs ContHistV2): 1/2-1/2 {Draw by adjudication}
Score of ContHistV2 vs Baseline: 320 - 416 - 434  [0.459] 1170
Started game 1180 of 10000 (Baseline vs ContHistV2)
Finished game 1171 (ContHistV2 vs Baseline): 1-0 {White wins by adjudication}
Score of ContHistV2 vs Baseline: 321 - 416 - 434  [0.459] 1171
Started game 1181 of 10000 (ContHistV2 vs Baseline)
Finished game 1167 (ContHistV2 vs Baseline): 1/2-1/2 {Draw by fifty moves rule}
Score of ContHistV2 vs Baseline: 321 - 416 - 435  [0.459] 1172
Started game 1182 of 10000 (Baseline vs ContHistV2)
Finished game 1173 (ContHistV2 vs Baseline): 1/2-1/2 {Draw by 3-fold repetition}
Score of ContHistV2 vs Baseline: 321 - 416 - 436  [0.460] 1173
Started game 1183 of 10000 (ContHistV2 vs Baseline)
Finished game 1178 (Baseline vs ContHistV2): 0-1 {Black wins by adjudication}
Score of ContHistV2 vs Baseline: 322 - 416 - 436  [0.460] 1174
Started game 1184 of 10000 (Baseline vs ContHistV2)
Finished game 1174 (Baseline vs ContHistV2): 1-0 {White wins by adjudication}
Score of ContHistV2 vs Baseline: 322 - 417 - 436  [0.460] 1175
Started game 1185 of 10000 (ContHistV2 vs Baseline)
Finished game 1182 (Baseline vs ContHistV2): 1/2-1/2 {Draw by 3-fold repetition}
Score of ContHistV2 vs Baseline: 322 - 417 - 437  [0.460] 1176
Started game 1186 of 10000 (Baseline vs ContHistV2)
Finished game 1177 (ContHistV2 vs Baseline): 0-1 {Black wins by adjudication}
Score of ContHistV2 vs Baseline: 322 - 418 - 437  [0.459] 1177
Started game 1187 of 10000 (ContHistV2 vs Baseline)
Finished game 1179 (ContHistV2 vs Baseline): 1-0 {White wins by adjudication}
Score of ContHistV2 vs Baseline: 323 - 418 - 437  [0.460] 1178
Started game 1188 of 10000 (Baseline vs ContHistV2)
Finished game 1176 (Baseline vs ContHistV2): 1/2-1/2 {Draw by 3-fold repetition}
Score of ContHistV2 vs Baseline: 323 - 418 - 438  [0.460] 1179
Started game 1189 of 10000 (ContHistV2 vs Baseline)
Finished game 1180 (Baseline vs ContHistV2): 0-1 {Black wins by adjudication}
Score of ContHistV2 vs Baseline: 324 - 418 - 438  [0.460] 1180
Started game 1190 of 10000 (Baseline vs ContHistV2)
Finished game 1181 (ContHistV2 vs Baseline): 0-1 {Black wins by adjudication}
Score of ContHistV2 vs Baseline: 324 - 419 - 438  [0.460] 1181
Started game 1191 of 10000 (ContHistV2 vs Baseline)
Finished game 1183 (ContHistV2 vs Baseline): 1/2-1/2 {Draw by adjudication}
Score of ContHistV2 vs Baseline: 324 - 419 - 439  [0.460] 1182
Started game 1192 of 10000 (Baseline vs ContHistV2)
Finished game 1185 (ContHistV2 vs Baseline): 1-0 {White wins by adjudication}
Score of ContHistV2 vs Baseline: 325 - 419 - 439  [0.460] 1183
Started game 1193 of 10000 (ContHistV2 vs Baseline)
Finished game 1175 (ContHistV2 vs Baseline): 1/2-1/2 {Draw by insufficient mating material}
Score of ContHistV2 vs Baseline: 325 - 419 - 440  [0.460] 1184
Started game 1194 of 10000 (Baseline vs ContHistV2)
Finished game 1187 (ContHistV2 vs Baseline): 0-1 {Black wins by adjudication}
Score of ContHistV2 vs Baseline: 325 - 420 - 440  [0.460] 1185
Started game 1195 of 10000 (ContHistV2 vs Baseline)
Finished game 1188 (Baseline vs ContHistV2): 1-0 {White wins by adjudication}
Score of ContHistV2 vs Baseline: 325 - 421 - 440  [0.460] 1186
Started game 1196 of 10000 (Baseline vs ContHistV2)
Finished game 1186 (Baseline vs ContHistV2): 1-0 {White wins by adjudication}
Score of ContHistV2 vs Baseline: 325 - 422 - 440  [0.459] 1187
Started game 1197 of 10000 (ContHistV2 vs Baseline)
Finished game 1184 (Baseline vs ContHistV2): 0-1 {Black wins by adjudication}
Score of ContHistV2 vs Baseline: 326 - 422 - 440  [0.460] 1188
Started game 1198 of 10000 (Baseline vs ContHistV2)
Finished game 1189 (ContHistV2 vs Baseline): 0-1 {Black wins by adjudication}
Score of ContHistV2 vs Baseline: 326 - 423 - 440  [0.459] 1189
Started game 1199 of 10000 (ContHistV2 vs Baseline)
Finished game 1198 (Baseline vs ContHistV2): 1-0 {White wins by adjudication}
Score of ContHistV2 vs Baseline: 326 - 424 - 440  [0.459] 1190
Started game 1200 of 10000 (Baseline vs ContHistV2)
Finished game 1193 (ContHistV2 vs Baseline): 1-0 {White wins by adjudication}
Score of ContHistV2 vs Baseline: 327 - 424 - 440  [0.459] 1191
Started game 1201 of 10000 (ContHistV2 vs Baseline)
Finished game 1195 (ContHistV2 vs Baseline): 0-1 {Black wins by adjudication}
Score of ContHistV2 vs Baseline: 327 - 425 - 440  [0.459] 1192
Started game 1202 of 10000 (Baseline vs ContHistV2)
Finished game 1191 (ContHistV2 vs Baseline): 1/2-1/2 {Draw by 3-fold repetition}
Score of ContHistV2 vs Baseline: 327 - 425 - 441  [0.459] 1193
Started game 1203 of 10000 (ContHistV2 vs Baseline)
Finished game 1192 (Baseline vs ContHistV2): 1/2-1/2 {Draw by stalemate}
Score of ContHistV2 vs Baseline: 327 - 425 - 442  [0.459] 1194
Started game 1204 of 10000 (Baseline vs ContHistV2)
Finished game 1194 (Baseline vs ContHistV2): 0-1 {Black mates}
Score of ContHistV2 vs Baseline: 328 - 425 - 442  [0.459] 1195
Started game 1205 of 10000 (ContHistV2 vs Baseline)
Finished game 1190 (Baseline vs ContHistV2): 1-0 {White wins by adjudication}
Score of ContHistV2 vs Baseline: 328 - 426 - 442  [0.459] 1196
Started game 1206 of 10000 (Baseline vs ContHistV2)
Finished game 1197 (ContHistV2 vs Baseline): 1-0 {White wins by adjudication}
Score of ContHistV2 vs Baseline: 329 - 426 - 442  [0.459] 1197
Started game 1207 of 10000 (ContHistV2 vs Baseline)
Finished game 1205 (ContHistV2 vs Baseline): 1/2-1/2 {Draw by 3-fold repetition}
Score of ContHistV2 vs Baseline: 329 - 426 - 443  [0.460] 1198
Started game 1208 of 10000 (Baseline vs ContHistV2)
Finished game 1199 (ContHistV2 vs Baseline): 1/2-1/2 {Draw by 3-fold repetition}
Score of ContHistV2 vs Baseline: 329 - 426 - 444  [0.460] 1199
Started game 1209 of 10000 (ContHistV2 vs Baseline)
Finished game 1200 (Baseline vs ContHistV2): 1/2-1/2 {Draw by 3-fold repetition}
Score of ContHistV2 vs Baseline: 329 - 426 - 445  [0.460] 1200
Started game 1210 of 10000 (Baseline vs ContHistV2)
Finished game 1203 (ContHistV2 vs Baseline): 1/2-1/2 {Draw by 3-fold repetition}
Score of ContHistV2 vs Baseline: 329 - 426 - 446  [0.460] 1201
Started game 1211 of 10000 (ContHistV2 vs Baseline)
Finished game 1202 (Baseline vs ContHistV2): 1-0 {White wins by adjudication}
Score of ContHistV2 vs Baseline: 329 - 427 - 446  [0.459] 1202
Started game 1212 of 10000 (Baseline vs ContHistV2)
Finished game 1196 (Baseline vs ContHistV2): 1-0 {White wins by adjudication}
Score of ContHistV2 vs Baseline: 329 - 428 - 446  [0.459] 1203
Started game 1213 of 10000 (ContHistV2 vs Baseline)
Finished game 1206 (Baseline vs ContHistV2): 1/2-1/2 {Draw by 3-fold repetition}
Score of ContHistV2 vs Baseline: 329 - 428 - 447  [0.459] 1204
Started game 1214 of 10000 (Baseline vs ContHistV2)
Finished game 1204 (Baseline vs ContHistV2): 1/2-1/2 {Draw by 3-fold repetition}
Score of ContHistV2 vs Baseline: 329 - 428 - 448  [0.459] 1205
Started game 1215 of 10000 (ContHistV2 vs Baseline)
Finished game 1201 (ContHistV2 vs Baseline): 1-0 {White wins by adjudication}
Score of ContHistV2 vs Baseline: 330 - 428 - 448  [0.459] 1206
Started game 1216 of 10000 (Baseline vs ContHistV2)
Finished game 1207 (ContHistV2 vs Baseline): 0-1 {Black wins by adjudication}
Score of ContHistV2 vs Baseline: 330 - 429 - 448  [0.459] 1207
Started game 1217 of 10000 (ContHistV2 vs Baseline)
Finished game 1209 (ContHistV2 vs Baseline): 1/2-1/2 {Draw by adjudication}
Score of ContHistV2 vs Baseline: 330 - 429 - 449  [0.459] 1208
Started game 1218 of 10000 (Baseline vs ContHistV2)
Finished game 1208 (Baseline vs ContHistV2): 0-1 {Black wins by adjudication}
Score of ContHistV2 vs Baseline: 331 - 429 - 449  [0.459] 1209
Started game 1219 of 10000 (ContHistV2 vs Baseline)
Finished game 1215 (ContHistV2 vs Baseline): 1/2-1/2 {Draw by 3-fold repetition}
Score of ContHistV2 vs Baseline: 331 - 429 - 450  [0.460] 1210
Started game 1220 of 10000 (Baseline vs ContHistV2)
Finished game 1213 (ContHistV2 vs Baseline): 1-0 {White wins by adjudication}
Score of ContHistV2 vs Baseline: 332 - 429 - 450  [0.460] 1211
Started game 1221 of 10000 (ContHistV2 vs Baseline)
Finished game 1214 (Baseline vs ContHistV2): 1-0 {White wins by adjudication}
Score of ContHistV2 vs Baseline: 332 - 430 - 450  [0.460] 1212
Started game 1222 of 10000 (Baseline vs ContHistV2)
Finished game 1211 (ContHistV2 vs Baseline): 1-0 {White wins by adjudication}
Score of ContHistV2 vs Baseline: 333 - 430 - 450  [0.460] 1213
Started game 1223 of 10000 (ContHistV2 vs Baseline)
Finished game 1217 (ContHistV2 vs Baseline): 1-0 {White wins by adjudication}
Score of ContHistV2 vs Baseline: 334 - 430 - 450  [0.460] 1214
Started game 1224 of 10000 (Baseline vs ContHistV2)
Finished game 1216 (Baseline vs ContHistV2): 1/2-1/2 {Draw by 3-fold repetition}
Score of ContHistV2 vs Baseline: 334 - 430 - 451  [0.460] 1215
Started game 1225 of 10000 (ContHistV2 vs Baseline)
Finished game 1210 (Baseline vs ContHistV2): 0-1 {Black wins by adjudication}
Score of ContHistV2 vs Baseline: 335 - 430 - 451  [0.461] 1216
Started game 1226 of 10000 (Baseline vs ContHistV2)
Finished game 1212 (Baseline vs ContHistV2): 1-0 {White wins by adjudication}
Score of ContHistV2 vs Baseline: 335 - 431 - 451  [0.461] 1217
Started game 1227 of 10000 (ContHistV2 vs Baseline)
Finished game 1218 (Baseline vs ContHistV2): 1-0 {White wins by adjudication}
Score of ContHistV2 vs Baseline: 335 - 432 - 451  [0.460] 1218
Started game 1228 of 10000 (Baseline vs ContHistV2)
Finished game 1223 (ContHistV2 vs Baseline): 1/2-1/2 {Draw by 3-fold repetition}
Score of ContHistV2 vs Baseline: 335 - 432 - 452  [0.460] 1219
Started game 1229 of 10000 (ContHistV2 vs Baseline)
Finished game 1222 (Baseline vs ContHistV2): 0-1 {Black wins by adjudication}
Score of ContHistV2 vs Baseline: 336 - 432 - 452  [0.461] 1220
Started game 1230 of 10000 (Baseline vs ContHistV2)
Finished game 1224 (Baseline vs ContHistV2): 1/2-1/2 {Draw by adjudication}
Score of ContHistV2 vs Baseline: 336 - 432 - 453  [0.461] 1221
Started game 1231 of 10000 (ContHistV2 vs Baseline)
Finished game 1220 (Baseline vs ContHistV2): 1-0 {White wins by adjudication}
Score of ContHistV2 vs Baseline: 336 - 433 - 453  [0.460] 1222
Started game 1232 of 10000 (Baseline vs ContHistV2)
Finished game 1221 (ContHistV2 vs Baseline): 0-1 {Black wins by adjudication}
Score of ContHistV2 vs Baseline: 336 - 434 - 453  [0.460] 1223
Started game 1233 of 10000 (ContHistV2 vs Baseline)
Finished game 1225 (ContHistV2 vs Baseline): 0-1 {Black wins by adjudication}
Score of ContHistV2 vs Baseline: 336 - 435 - 453  [0.460] 1224
Started game 1234 of 10000 (Baseline vs ContHistV2)
Finished game 1219 (ContHistV2 vs Baseline): 1-0 {White mates}
Score of ContHistV2 vs Baseline: 337 - 435 - 453  [0.460] 1225
Started game 1235 of 10000 (ContHistV2 vs Baseline)
Finished game 1227 (ContHistV2 vs Baseline): 0-1 {Black wins by adjudication}
Score of ContHistV2 vs Baseline: 337 - 436 - 453  [0.460] 1226
Started game 1236 of 10000 (Baseline vs ContHistV2)
Finished game 1226 (Baseline vs ContHistV2): 1/2-1/2 {Draw by fifty moves rule}
Score of ContHistV2 vs Baseline: 337 - 436 - 454  [0.460] 1227
Started game 1237 of 10000 (ContHistV2 vs Baseline)
Finished game 1229 (ContHistV2 vs Baseline): 1-0 {White wins by adjudication}
Score of ContHistV2 vs Baseline: 338 - 436 - 454  [0.460] 1228
Started game 1238 of 10000 (Baseline vs ContHistV2)
Finished game 1230 (Baseline vs ContHistV2): 1/2-1/2 {Draw by 3-fold repetition}
Score of ContHistV2 vs Baseline: 338 - 436 - 455  [0.460] 1229
Started game 1239 of 10000 (ContHistV2 vs Baseline)
Finished game 1233 (ContHistV2 vs Baseline): 1-0 {White wins by adjudication}
Score of ContHistV2 vs Baseline: 339 - 436 - 455  [0.461] 1230
Started game 1240 of 10000 (Baseline vs ContHistV2)
Finished game 1228 (Baseline vs ContHistV2): 1-0 {White mates}
Score of ContHistV2 vs Baseline: 339 - 437 - 455  [0.460] 1231
Started game 1241 of 10000 (ContHistV2 vs Baseline)
Finished game 1231 (ContHistV2 vs Baseline): 1-0 {White wins by adjudication}
Score of ContHistV2 vs Baseline: 340 - 437 - 455  [0.461] 1232
Started game 1242 of 10000 (Baseline vs ContHistV2)
Finished game 1234 (Baseline vs ContHistV2): 1/2-1/2 {Draw by 3-fold repetition}
Score of ContHistV2 vs Baseline: 340 - 437 - 456  [0.461] 1233
Started game 1243 of 10000 (ContHistV2 vs Baseline)
Finished game 1232 (Baseline vs ContHistV2): 1-0 {White wins by adjudication}
Score of ContHistV2 vs Baseline: 340 - 438 - 456  [0.460] 1234
Started game 1244 of 10000 (Baseline vs ContHistV2)
Finished game 1235 (ContHistV2 vs Baseline): 1/2-1/2 {Draw by insufficient mating material}
Score of ContHistV2 vs Baseline: 340 - 438 - 457  [0.460] 1235
Started game 1245 of 10000 (ContHistV2 vs Baseline)
Finished game 1243 (ContHistV2 vs Baseline): 1/2-1/2 {Draw by 3-fold repetition}
Score of ContHistV2 vs Baseline: 340 - 438 - 458  [0.460] 1236
Started game 1246 of 10000 (Baseline vs ContHistV2)
Finished game 1237 (ContHistV2 vs Baseline): 1/2-1/2 {Draw by 3-fold repetition}
Score of ContHistV2 vs Baseline: 340 - 438 - 459  [0.460] 1237
Started game 1247 of 10000 (ContHistV2 vs Baseline)
Finished game 1238 (Baseline vs ContHistV2): 0-1 {Black wins by adjudication}
Score of ContHistV2 vs Baseline: 341 - 438 - 459  [0.461] 1238
Started game 1248 of 10000 (Baseline vs ContHistV2)
Finished game 1244 (Baseline vs ContHistV2): 1/2-1/2 {Draw by insufficient mating material}
Score of ContHistV2 vs Baseline: 341 - 438 - 460  [0.461] 1239
Started game 1249 of 10000 (ContHistV2 vs Baseline)
Finished game 1240 (Baseline vs ContHistV2): 0-1 {Black wins by adjudication}
Score of ContHistV2 vs Baseline: 342 - 438 - 460  [0.461] 1240
Started game 1250 of 10000 (Baseline vs ContHistV2)
Finished game 1241 (ContHistV2 vs Baseline): 1-0 {White wins by adjudication}
Score of ContHistV2 vs Baseline: 343 - 438 - 460  [0.462] 1241
Started game 1251 of 10000 (ContHistV2 vs Baseline)
Finished game 1239 (ContHistV2 vs Baseline): 1/2-1/2 {Draw by insufficient mating material}
Score of ContHistV2 vs Baseline: 343 - 438 - 461  [0.462] 1242
Started game 1252 of 10000 (Baseline vs ContHistV2)
Finished game 1242 (Baseline vs ContHistV2): 1/2-1/2 {Draw by insufficient mating material}
Score of ContHistV2 vs Baseline: 343 - 438 - 462  [0.462] 1243
Started game 1253 of 10000 (ContHistV2 vs Baseline)
Finished game 1246 (Baseline vs ContHistV2): 1-0 {White wins by adjudication}
Score of ContHistV2 vs Baseline: 343 - 439 - 462  [0.461] 1244
Started game 1254 of 10000 (Baseline vs ContHistV2)
Finished game 1236 (Baseline vs ContHistV2): 1/2-1/2 {Draw by fifty moves rule}
Score of ContHistV2 vs Baseline: 343 - 439 - 463  [0.461] 1245
Started game 1255 of 10000 (ContHistV2 vs Baseline)
Finished game 1248 (Baseline vs ContHistV2): 0-1 {Black wins by adjudication}
Score of ContHistV2 vs Baseline: 344 - 439 - 463  [0.462] 1246
Started game 1256 of 10000 (Baseline vs ContHistV2)
Finished game 1245 (ContHistV2 vs Baseline): 1/2-1/2 {Draw by insufficient mating material}
Score of ContHistV2 vs Baseline: 344 - 439 - 464  [0.462] 1247
Started game 1257 of 10000 (ContHistV2 vs Baseline)
Finished game 1247 (ContHistV2 vs Baseline): 1-0 {White wins by adjudication}
Score of ContHistV2 vs Baseline: 345 - 439 - 464  [0.462] 1248
Started game 1258 of 10000 (Baseline vs ContHistV2)
Finished game 1252 (Baseline vs ContHistV2): 1/2-1/2 {Draw by 3-fold repetition}
Score of ContHistV2 vs Baseline: 345 - 439 - 465  [0.462] 1249
Started game 1259 of 10000 (ContHistV2 vs Baseline)
Finished game 1249 (ContHistV2 vs Baseline): 1/2-1/2 {Draw by insufficient mating material}
Score of ContHistV2 vs Baseline: 345 - 439 - 466  [0.462] 1250
Started game 1260 of 10000 (Baseline vs ContHistV2)
Finished game 1251 (ContHistV2 vs Baseline): 1/2-1/2 {Draw by 3-fold repetition}
Score of ContHistV2 vs Baseline: 345 - 439 - 467  [0.462] 1251
Started game 1261 of 10000 (ContHistV2 vs Baseline)
Finished game 1250 (Baseline vs ContHistV2): 1-0 {White wins by adjudication}
Score of ContHistV2 vs Baseline: 345 - 440 - 467  [0.462] 1252
Started game 1262 of 10000 (Baseline vs ContHistV2)
Finished game 1254 (Baseline vs ContHistV2): 1/2-1/2 {Draw by 3-fold repetition}
Score of ContHistV2 vs Baseline: 345 - 440 - 468  [0.462] 1253
Started game 1263 of 10000 (ContHistV2 vs Baseline)
Finished game 1253 (ContHistV2 vs Baseline): 1/2-1/2 {Draw by adjudication}
Score of ContHistV2 vs Baseline: 345 - 440 - 469  [0.462] 1254
Started game 1264 of 10000 (Baseline vs ContHistV2)
Finished game 1255 (ContHistV2 vs Baseline): 1-0 {White wins by adjudication}
Score of ContHistV2 vs Baseline: 346 - 440 - 469  [0.463] 1255
Started game 1265 of 10000 (ContHistV2 vs Baseline)
Finished game 1257 (ContHistV2 vs Baseline): 1-0 {White wins by adjudication}
Score of ContHistV2 vs Baseline: 347 - 440 - 469  [0.463] 1256
Started game 1266 of 10000 (Baseline vs ContHistV2)
Finished game 1258 (Baseline vs ContHistV2): 1/2-1/2 {Draw by insufficient mating material}
Score of ContHistV2 vs Baseline: 347 - 440 - 470  [0.463] 1257
Started game 1267 of 10000 (ContHistV2 vs Baseline)
Finished game 1260 (Baseline vs ContHistV2): 1-0 {White wins by adjudication}
Score of ContHistV2 vs Baseline: 347 - 441 - 470  [0.463] 1258
Started game 1268 of 10000 (Baseline vs ContHistV2)
Finished game 1256 (Baseline vs ContHistV2): 1-0 {White wins by adjudication}
Score of ContHistV2 vs Baseline: 347 - 442 - 470  [0.462] 1259
Started game 1269 of 10000 (ContHistV2 vs Baseline)
Finished game 1261 (ContHistV2 vs Baseline): 1/2-1/2 {Draw by insufficient mating material}
Score of ContHistV2 vs Baseline: 347 - 442 - 471  [0.462] 1260
Started game 1270 of 10000 (Baseline vs ContHistV2)
Finished game 1264 (Baseline vs ContHistV2): 1/2-1/2 {Draw by 3-fold repetition}
Score of ContHistV2 vs Baseline: 347 - 442 - 472  [0.462] 1261
Started game 1271 of 10000 (ContHistV2 vs Baseline)
Finished game 1263 (ContHistV2 vs Baseline): 0-1 {Black wins by adjudication}
Score of ContHistV2 vs Baseline: 347 - 443 - 472  [0.462] 1262
Started game 1272 of 10000 (Baseline vs ContHistV2)
Finished game 1259 (ContHistV2 vs Baseline): 1/2-1/2 {Draw by insufficient mating material}
Score of ContHistV2 vs Baseline: 347 - 443 - 473  [0.462] 1263
Started game 1273 of 10000 (ContHistV2 vs Baseline)
Finished game 1262 (Baseline vs ContHistV2): 1-0 {White wins by adjudication}
Score of ContHistV2 vs Baseline: 347 - 444 - 473  [0.462] 1264
Started game 1274 of 10000 (Baseline vs ContHistV2)
Finished game 1265 (ContHistV2 vs Baseline): 0-1 {Black wins by adjudication}
Score of ContHistV2 vs Baseline: 347 - 445 - 473  [0.461] 1265
Started game 1275 of 10000 (ContHistV2 vs Baseline)
Finished game 1267 (ContHistV2 vs Baseline): 1/2-1/2 {Draw by adjudication}
Score of ContHistV2 vs Baseline: 347 - 445 - 474  [0.461] 1266
Started game 1276 of 10000 (Baseline vs ContHistV2)
Finished game 1268 (Baseline vs ContHistV2): 1/2-1/2 {Draw by adjudication}
Score of ContHistV2 vs Baseline: 347 - 445 - 475  [0.461] 1267
Started game 1277 of 10000 (ContHistV2 vs Baseline)
Finished game 1266 (Baseline vs ContHistV2): 0-1 {Black wins by adjudication}
Score of ContHistV2 vs Baseline: 348 - 445 - 475  [0.462] 1268
Started game 1278 of 10000 (Baseline vs ContHistV2)
Finished game 1270 (Baseline vs ContHistV2): 1-0 {White wins by adjudication}
Score of ContHistV2 vs Baseline: 348 - 446 - 475  [0.461] 1269
Started game 1279 of 10000 (ContHistV2 vs Baseline)
Finished game 1272 (Baseline vs ContHistV2): 1/2-1/2 {Draw by 3-fold repetition}
Score of ContHistV2 vs Baseline: 348 - 446 - 476  [0.461] 1270
Started game 1280 of 10000 (Baseline vs ContHistV2)
Finished game 1271 (ContHistV2 vs Baseline): 1/2-1/2 {Draw by 3-fold repetition}
Score of ContHistV2 vs Baseline: 348 - 446 - 477  [0.461] 1271
Started game 1281 of 10000 (ContHistV2 vs Baseline)
Finished game 1269 (ContHistV2 vs Baseline): 0-1 {Black wins by adjudication}
Score of ContHistV2 vs Baseline: 348 - 447 - 477  [0.461] 1272
Started game 1282 of 10000 (Baseline vs ContHistV2)
Finished game 1273 (ContHistV2 vs Baseline): 1-0 {White wins by adjudication}
Score of ContHistV2 vs Baseline: 349 - 447 - 477  [0.462] 1273
Started game 1283 of 10000 (ContHistV2 vs Baseline)
Finished game 1277 (ContHistV2 vs Baseline): 1-0 {White wins by adjudication}
Score of ContHistV2 vs Baseline: 350 - 447 - 477  [0.462] 1274
Started game 1284 of 10000 (Baseline vs ContHistV2)
Finished game 1274 (Baseline vs ContHistV2): 1-0 {White wins by adjudication}
Score of ContHistV2 vs Baseline: 350 - 448 - 477  [0.462] 1275
Started game 1285 of 10000 (ContHistV2 vs Baseline)
Finished game 1275 (ContHistV2 vs Baseline): 0-1 {Black wins by adjudication}
Score of ContHistV2 vs Baseline: 350 - 449 - 477  [0.461] 1276
Started game 1286 of 10000 (Baseline vs ContHistV2)
Finished game 1276 (Baseline vs ContHistV2): 1/2-1/2 {Draw by adjudication}
Score of ContHistV2 vs Baseline: 350 - 449 - 478  [0.461] 1277
Started game 1287 of 10000 (ContHistV2 vs Baseline)
Finished game 1278 (Baseline vs ContHistV2): 1-0 {White wins by adjudication}
Score of ContHistV2 vs Baseline: 350 - 450 - 478  [0.461] 1278
Started game 1288 of 10000 (Baseline vs ContHistV2)
Finished game 1280 (Baseline vs ContHistV2): 1-0 {White wins by adjudication}
Score of ContHistV2 vs Baseline: 350 - 451 - 478  [0.461] 1279
Started game 1289 of 10000 (ContHistV2 vs Baseline)
Finished game 1282 (Baseline vs ContHistV2): 1-0 {White wins by adjudication}
Score of ContHistV2 vs Baseline: 350 - 452 - 478  [0.460] 1280
Started game 1290 of 10000 (Baseline vs ContHistV2)
Finished game 1285 (ContHistV2 vs Baseline): 1/2-1/2 {Draw by 3-fold repetition}
Score of ContHistV2 vs Baseline: 350 - 452 - 479  [0.460] 1281
Started game 1291 of 10000 (ContHistV2 vs Baseline)
Finished game 1283 (ContHistV2 vs Baseline): 1-0 {White wins by adjudication}
Score of ContHistV2 vs Baseline: 351 - 452 - 479  [0.461] 1282
Started game 1292 of 10000 (Baseline vs ContHistV2)
Finished game 1286 (Baseline vs ContHistV2): 1/2-1/2 {Draw by insufficient mating material}
Score of ContHistV2 vs Baseline: 351 - 452 - 480  [0.461] 1283
Started game 1293 of 10000 (ContHistV2 vs Baseline)
Finished game 1279 (ContHistV2 vs Baseline): 1-0 {White wins by adjudication}
Score of ContHistV2 vs Baseline: 352 - 452 - 480  [0.461] 1284
Started game 1294 of 10000 (Baseline vs ContHistV2)
Finished game 1284 (Baseline vs ContHistV2): 1-0 {White wins by adjudication}
Score of ContHistV2 vs Baseline: 352 - 453 - 480  [0.461] 1285
Started game 1295 of 10000 (ContHistV2 vs Baseline)
Finished game 1287 (ContHistV2 vs Baseline): 1/2-1/2 {Draw by insufficient mating material}
Score of ContHistV2 vs Baseline: 352 - 453 - 481  [0.461] 1286
Started game 1296 of 10000 (Baseline vs ContHistV2)
Finished game 1281 (ContHistV2 vs Baseline): 1-0 {White wins by adjudication}
Score of ContHistV2 vs Baseline: 353 - 453 - 481  [0.461] 1287
Started game 1297 of 10000 (ContHistV2 vs Baseline)
Finished game 1288 (Baseline vs ContHistV2): 0-1 {Black wins by adjudication}
Score of ContHistV2 vs Baseline: 354 - 453 - 481  [0.462] 1288
Started game 1298 of 10000 (Baseline vs ContHistV2)
Finished game 1289 (ContHistV2 vs Baseline): 0-1 {Black wins by adjudication}
Score of ContHistV2 vs Baseline: 354 - 454 - 481  [0.461] 1289
Started game 1299 of 10000 (ContHistV2 vs Baseline)
Finished game 1292 (Baseline vs ContHistV2): 1/2-1/2 {Draw by 3-fold repetition}
Score of ContHistV2 vs Baseline: 354 - 454 - 482  [0.461] 1290
Started game 1300 of 10000 (Baseline vs ContHistV2)
Finished game 1291 (ContHistV2 vs Baseline): 1/2-1/2 {Draw by 3-fold repetition}
Score of ContHistV2 vs Baseline: 354 - 454 - 483  [0.461] 1291
Started game 1301 of 10000 (ContHistV2 vs Baseline)
Finished game 1297 (ContHistV2 vs Baseline): 0-1 {Black wins by adjudication}
Score of ContHistV2 vs Baseline: 354 - 455 - 483  [0.461] 1292
Started game 1302 of 10000 (Baseline vs ContHistV2)
Finished game 1290 (Baseline vs ContHistV2): 0-1 {Black wins by adjudication}
Score of ContHistV2 vs Baseline: 355 - 455 - 483  [0.461] 1293
Started game 1303 of 10000 (ContHistV2 vs Baseline)
Finished game 1295 (ContHistV2 vs Baseline): 0-1 {Black mates}
Score of ContHistV2 vs Baseline: 355 - 456 - 483  [0.461] 1294
Started game 1304 of 10000 (Baseline vs ContHistV2)
Finished game 1296 (Baseline vs ContHistV2): 0-1 {Black wins by adjudication}
Score of ContHistV2 vs Baseline: 356 - 456 - 483  [0.461] 1295
Started game 1305 of 10000 (ContHistV2 vs Baseline)
Finished game 1294 (Baseline vs ContHistV2): 0-1 {Black wins by adjudication}
Score of ContHistV2 vs Baseline: 357 - 456 - 483  [0.462] 1296
Started game 1306 of 10000 (Baseline vs ContHistV2)
Finished game 1293 (ContHistV2 vs Baseline): 1-0 {White wins by adjudication}
Score of ContHistV2 vs Baseline: 358 - 456 - 483  [0.462] 1297
Started game 1307 of 10000 (ContHistV2 vs Baseline)
Finished game 1301 (ContHistV2 vs Baseline): 0-1 {Black mates}
Score of ContHistV2 vs Baseline: 358 - 457 - 483  [0.462] 1298
Started game 1308 of 10000 (Baseline vs ContHistV2)
Finished game 1307 (ContHistV2 vs Baseline): 1/2-1/2 {Draw by 3-fold repetition}
Score of ContHistV2 vs Baseline: 358 - 457 - 484  [0.462] 1299
Started game 1309 of 10000 (ContHistV2 vs Baseline)
Finished game 1299 (ContHistV2 vs Baseline): 1-0 {White wins by adjudication}
Score of ContHistV2 vs Baseline: 359 - 457 - 484  [0.462] 1300
Started game 1310 of 10000 (Baseline vs ContHistV2)
Finished game 1305 (ContHistV2 vs Baseline): 1/2-1/2 {Draw by 3-fold repetition}
Score of ContHistV2 vs Baseline: 359 - 457 - 485  [0.462] 1301
Started game 1311 of 10000 (ContHistV2 vs Baseline)
Finished game 1300 (Baseline vs ContHistV2): 1/2-1/2 {Draw by adjudication}
Score of ContHistV2 vs Baseline: 359 - 457 - 486  [0.462] 1302
Started game 1312 of 10000 (Baseline vs ContHistV2)
Finished game 1298 (Baseline vs ContHistV2): 1/2-1/2 {Draw by fifty moves rule}
Score of ContHistV2 vs Baseline: 359 - 457 - 487  [0.462] 1303
Started game 1313 of 10000 (ContHistV2 vs Baseline)
Finished game 1306 (Baseline vs ContHistV2): 1-0 {White wins by adjudication}
Score of ContHistV2 vs Baseline: 359 - 458 - 487  [0.462] 1304
Started game 1314 of 10000 (Baseline vs ContHistV2)
Finished game 1302 (Baseline vs ContHistV2): 1/2-1/2 {Draw by insufficient mating material}
Score of ContHistV2 vs Baseline: 359 - 458 - 488  [0.462] 1305
Started game 1315 of 10000 (ContHistV2 vs Baseline)
Finished game 1304 (Baseline vs ContHistV2): 1-0 {White wins by adjudication}
Score of ContHistV2 vs Baseline: 359 - 459 - 488  [0.462] 1306
Started game 1316 of 10000 (Baseline vs ContHistV2)
Finished game 1303 (ContHistV2 vs Baseline): 1/2-1/2 {Draw by adjudication}
Score of ContHistV2 vs Baseline: 359 - 459 - 489  [0.462] 1307
Started game 1317 of 10000 (ContHistV2 vs Baseline)
Finished game 1309 (ContHistV2 vs Baseline): 1-0 {White wins by adjudication}
Score of ContHistV2 vs Baseline: 360 - 459 - 489  [0.462] 1308
Started game 1318 of 10000 (Baseline vs ContHistV2)
Finished game 1311 (ContHistV2 vs Baseline): 1/2-1/2 {Draw by 3-fold repetition}
Score of ContHistV2 vs Baseline: 360 - 459 - 490  [0.462] 1309
Started game 1319 of 10000 (ContHistV2 vs Baseline)
Finished game 1310 (Baseline vs ContHistV2): 1/2-1/2 {Draw by insufficient mating material}
Score of ContHistV2 vs Baseline: 360 - 459 - 491  [0.462] 1310
Started game 1320 of 10000 (Baseline vs ContHistV2)
Finished game 1313 (ContHistV2 vs Baseline): 0-1 {Black wins by adjudication}
Score of ContHistV2 vs Baseline: 360 - 460 - 491  [0.462] 1311
Started game 1321 of 10000 (ContHistV2 vs Baseline)
Finished game 1308 (Baseline vs ContHistV2): 1-0 {White wins by adjudication}
Score of ContHistV2 vs Baseline: 360 - 461 - 491  [0.462] 1312
Started game 1322 of 10000 (Baseline vs ContHistV2)
Finished game 1312 (Baseline vs ContHistV2): 1/2-1/2 {Draw by insufficient mating material}
Score of ContHistV2 vs Baseline: 360 - 461 - 492  [0.462] 1313
Started game 1323 of 10000 (ContHistV2 vs Baseline)
Finished game 1314 (Baseline vs ContHistV2): 0-1 {Black wins by adjudication}
Score of ContHistV2 vs Baseline: 361 - 461 - 492  [0.462] 1314
Started game 1324 of 10000 (Baseline vs ContHistV2)
Finished game 1317 (ContHistV2 vs Baseline): 1/2-1/2 {Draw by 3-fold repetition}
Score of ContHistV2 vs Baseline: 361 - 461 - 493  [0.462] 1315
Started game 1325 of 10000 (ContHistV2 vs Baseline)
Finished game 1316 (Baseline vs ContHistV2): 0-1 {Black wins by adjudication}
Score of ContHistV2 vs Baseline: 362 - 461 - 493  [0.462] 1316
Started game 1326 of 10000 (Baseline vs ContHistV2)
Finished game 1315 (ContHistV2 vs Baseline): 0-1 {Black wins by adjudication}
Score of ContHistV2 vs Baseline: 362 - 462 - 493  [0.462] 1317
Started game 1327 of 10000 (ContHistV2 vs Baseline)
Finished game 1321 (ContHistV2 vs Baseline): 0-1 {Black wins by adjudication}
Score of ContHistV2 vs Baseline: 362 - 463 - 493  [0.462] 1318
Started game 1328 of 10000 (Baseline vs ContHistV2)
Finished game 1318 (Baseline vs ContHistV2): 0-1 {Black wins by adjudication}
Score of ContHistV2 vs Baseline: 363 - 463 - 493  [0.462] 1319
Started game 1329 of 10000 (ContHistV2 vs Baseline)
Finished game 1320 (Baseline vs ContHistV2): 1-0 {White wins by adjudication}
Score of ContHistV2 vs Baseline: 363 - 464 - 493  [0.462] 1320
Started game 1330 of 10000 (Baseline vs ContHistV2)
Finished game 1323 (ContHistV2 vs Baseline): 1/2-1/2 {Draw by 3-fold repetition}
Score of ContHistV2 vs Baseline: 363 - 464 - 494  [0.462] 1321
Started game 1331 of 10000 (ContHistV2 vs Baseline)
Finished game 1319 (ContHistV2 vs Baseline): 0-1 {Black wins by adjudication}
Score of ContHistV2 vs Baseline: 363 - 465 - 494  [0.461] 1322
Started game 1332 of 10000 (Baseline vs ContHistV2)
Finished game 1325 (ContHistV2 vs Baseline): 0-1 {Black wins by adjudication}
Score of ContHistV2 vs Baseline: 363 - 466 - 494  [0.461] 1323
Started game 1333 of 10000 (ContHistV2 vs Baseline)
Finished game 1324 (Baseline vs ContHistV2): 1/2-1/2 {Draw by insufficient mating material}
Score of ContHistV2 vs Baseline: 363 - 466 - 495  [0.461] 1324
Started game 1334 of 10000 (Baseline vs ContHistV2)
Finished game 1327 (ContHistV2 vs Baseline): 1-0 {White wins by adjudication}
Score of ContHistV2 vs Baseline: 364 - 466 - 495  [0.462] 1325
Started game 1335 of 10000 (ContHistV2 vs Baseline)
Finished game 1326 (Baseline vs ContHistV2): 1-0 {White wins by adjudication}
Score of ContHistV2 vs Baseline: 364 - 467 - 495  [0.461] 1326
Started game 1336 of 10000 (Baseline vs ContHistV2)
Finished game 1322 (Baseline vs ContHistV2): 1/2-1/2 {Draw by insufficient mating material}
Score of ContHistV2 vs Baseline: 364 - 467 - 496  [0.461] 1327
Started game 1337 of 10000 (ContHistV2 vs Baseline)
Finished game 1329 (ContHistV2 vs Baseline): 0-1 {Black wins by adjudication}
Score of ContHistV2 vs Baseline: 364 - 468 - 496  [0.461] 1328
Started game 1338 of 10000 (Baseline vs ContHistV2)
Finished game 1331 (ContHistV2 vs Baseline): 1/2-1/2 {Draw by 3-fold repetition}
Score of ContHistV2 vs Baseline: 364 - 468 - 497  [0.461] 1329
Started game 1339 of 10000 (ContHistV2 vs Baseline)
Finished game 1333 (ContHistV2 vs Baseline): 0-1 {Black wins by adjudication}
Score of ContHistV2 vs Baseline: 364 - 469 - 497  [0.461] 1330
Started game 1340 of 10000 (Baseline vs ContHistV2)
Finished game 1328 (Baseline vs ContHistV2): 0-1 {Black wins by adjudication}
Score of ContHistV2 vs Baseline: 365 - 469 - 497  [0.461] 1331
Started game 1341 of 10000 (ContHistV2 vs Baseline)
Finished game 1330 (Baseline vs ContHistV2): 1/2-1/2 {Draw by 3-fold repetition}
Score of ContHistV2 vs Baseline: 365 - 469 - 498  [0.461] 1332
Started game 1342 of 10000 (Baseline vs ContHistV2)
Finished game 1334 (Baseline vs ContHistV2): 1-0 {White wins by adjudication}
Score of ContHistV2 vs Baseline: 365 - 470 - 498  [0.461] 1333
Started game 1343 of 10000 (ContHistV2 vs Baseline)
Finished game 1336 (Baseline vs ContHistV2): 1-0 {White wins by adjudication}
Score of ContHistV2 vs Baseline: 365 - 471 - 498  [0.460] 1334
Started game 1344 of 10000 (Baseline vs ContHistV2)
Finished game 1335 (ContHistV2 vs Baseline): 0-1 {Black wins by adjudication}
Score of ContHistV2 vs Baseline: 365 - 472 - 498  [0.460] 1335
Started game 1345 of 10000 (ContHistV2 vs Baseline)
Finished game 1337 (ContHistV2 vs Baseline): 1-0 {White wins by adjudication}
Score of ContHistV2 vs Baseline: 366 - 472 - 498  [0.460] 1336
Started game 1346 of 10000 (Baseline vs ContHistV2)
Finished game 1332 (Baseline vs ContHistV2): 1/2-1/2 {Draw by fifty moves rule}
Score of ContHistV2 vs Baseline: 366 - 472 - 499  [0.460] 1337
Started game 1347 of 10000 (ContHistV2 vs Baseline)
Finished game 1342 (Baseline vs ContHistV2): 1/2-1/2 {Draw by 3-fold repetition}
Score of ContHistV2 vs Baseline: 366 - 472 - 500  [0.460] 1338
Started game 1348 of 10000 (Baseline vs ContHistV2)
Finished game 1339 (ContHistV2 vs Baseline): 1-0 {White wins by adjudication}
Score of ContHistV2 vs Baseline: 367 - 472 - 500  [0.461] 1339
Started game 1349 of 10000 (ContHistV2 vs Baseline)
Finished game 1341 (ContHistV2 vs Baseline): 0-1 {Black wins by adjudication}
Score of ContHistV2 vs Baseline: 367 - 473 - 500  [0.460] 1340
Started game 1350 of 10000 (Baseline vs ContHistV2)
Finished game 1340 (Baseline vs ContHistV2): 1/2-1/2 {Draw by adjudication}
Score of ContHistV2 vs Baseline: 367 - 473 - 501  [0.460] 1341
Started game 1351 of 10000 (ContHistV2 vs Baseline)
Finished game 1338 (Baseline vs ContHistV2): 1/2-1/2 {Draw by fifty moves rule}
Score of ContHistV2 vs Baseline: 367 - 473 - 502  [0.461] 1342
Started game 1352 of 10000 (Baseline vs ContHistV2)
Finished game 1346 (Baseline vs ContHistV2): 1-0 {White wins by adjudication}
Score of ContHistV2 vs Baseline: 367 - 474 - 502  [0.460] 1343
Started game 1353 of 10000 (ContHistV2 vs Baseline)
Finished game 1345 (ContHistV2 vs Baseline): 0-1 {Black wins by adjudication}
Score of ContHistV2 vs Baseline: 367 - 475 - 502  [0.460] 1344
Started game 1354 of 10000 (Baseline vs ContHistV2)
Finished game 1343 (ContHistV2 vs Baseline): 1-0 {White wins by adjudication}
Score of ContHistV2 vs Baseline: 368 - 475 - 502  [0.460] 1345
Started game 1355 of 10000 (ContHistV2 vs Baseline)
Finished game 1344 (Baseline vs ContHistV2): 1/2-1/2 {Draw by adjudication}
Score of ContHistV2 vs Baseline: 368 - 475 - 503  [0.460] 1346
Started game 1356 of 10000 (Baseline vs ContHistV2)
Finished game 1348 (Baseline vs ContHistV2): 1-0 {White wins by adjudication}
Score of ContHistV2 vs Baseline: 368 - 476 - 503  [0.460] 1347
Started game 1357 of 10000 (ContHistV2 vs Baseline)
Finished game 1349 (ContHistV2 vs Baseline): 1/2-1/2 {Draw by 3-fold repetition}
Score of ContHistV2 vs Baseline: 368 - 476 - 504  [0.460] 1348
Started game 1358 of 10000 (Baseline vs ContHistV2)
Finished game 1350 (Baseline vs ContHistV2): 0-1 {Black wins by adjudication}
Score of ContHistV2 vs Baseline: 369 - 476 - 504  [0.460] 1349
Started game 1359 of 10000 (ContHistV2 vs Baseline)
Finished game 1351 (ContHistV2 vs Baseline): 1-0 {White wins by adjudication}
Score of ContHistV2 vs Baseline: 370 - 476 - 504  [0.461] 1350
Started game 1360 of 10000 (Baseline vs ContHistV2)
Finished game 1347 (ContHistV2 vs Baseline): 1/2-1/2 {Draw by fifty moves rule}
Score of ContHistV2 vs Baseline: 370 - 476 - 505  [0.461] 1351
Started game 1361 of 10000 (ContHistV2 vs Baseline)
Finished game 1352 (Baseline vs ContHistV2): 1/2-1/2 {Draw by 3-fold repetition}
Score of ContHistV2 vs Baseline: 370 - 476 - 506  [0.461] 1352
Started game 1362 of 10000 (Baseline vs ContHistV2)
Finished game 1355 (ContHistV2 vs Baseline): 0-1 {Black wins by adjudication}
Score of ContHistV2 vs Baseline: 370 - 477 - 506  [0.460] 1353
Started game 1363 of 10000 (ContHistV2 vs Baseline)
Finished game 1353 (ContHistV2 vs Baseline): 1-0 {White wins by adjudication}
Score of ContHistV2 vs Baseline: 371 - 477 - 506  [0.461] 1354
Started game 1364 of 10000 (Baseline vs ContHistV2)
Finished game 1354 (Baseline vs ContHistV2): 1/2-1/2 {Draw by adjudication}
Score of ContHistV2 vs Baseline: 371 - 477 - 507  [0.461] 1355
Started game 1365 of 10000 (ContHistV2 vs Baseline)
Finished game 1357 (ContHistV2 vs Baseline): 1-0 {White wins by adjudication}
Score of ContHistV2 vs Baseline: 372 - 477 - 507  [0.461] 1356
Started game 1366 of 10000 (Baseline vs ContHistV2)
Finished game 1356 (Baseline vs ContHistV2): 1/2-1/2 {Draw by adjudication}
Score of ContHistV2 vs Baseline: 372 - 477 - 508  [0.461] 1357
Started game 1367 of 10000 (ContHistV2 vs Baseline)
Finished game 1360 (Baseline vs ContHistV2): 0-1 {Black wins by adjudication}
Score of ContHistV2 vs Baseline: 373 - 477 - 508  [0.462] 1358
Started game 1368 of 10000 (Baseline vs ContHistV2)
Finished game 1358 (Baseline vs ContHistV2): 1/2-1/2 {Draw by fifty moves rule}
Score of ContHistV2 vs Baseline: 373 - 477 - 509  [0.462] 1359
Started game 1369 of 10000 (ContHistV2 vs Baseline)
Finished game 1362 (Baseline vs ContHistV2): 1-0 {White wins by adjudication}
Score of ContHistV2 vs Baseline: 373 - 478 - 509  [0.461] 1360
Started game 1370 of 10000 (Baseline vs ContHistV2)
Finished game 1359 (ContHistV2 vs Baseline): 1/2-1/2 {Draw by 3-fold repetition}
Score of ContHistV2 vs Baseline: 373 - 478 - 510  [0.461] 1361
Started game 1371 of 10000 (ContHistV2 vs Baseline)
Finished game 1363 (ContHistV2 vs Baseline): 1/2-1/2 {Draw by 3-fold repetition}
Score of ContHistV2 vs Baseline: 373 - 478 - 511  [0.461] 1362
Started game 1372 of 10000 (Baseline vs ContHistV2)
Finished game 1366 (Baseline vs ContHistV2): 1-0 {White wins by adjudication}
Score of ContHistV2 vs Baseline: 373 - 479 - 511  [0.461] 1363
Started game 1373 of 10000 (ContHistV2 vs Baseline)
Finished game 1364 (Baseline vs ContHistV2): 1/2-1/2 {Draw by insufficient mating material}
Score of ContHistV2 vs Baseline: 373 - 479 - 512  [0.461] 1364
Started game 1374 of 10000 (Baseline vs ContHistV2)
Finished game 1361 (ContHistV2 vs Baseline): 0-1 {Black wins by adjudication}
Score of ContHistV2 vs Baseline: 373 - 480 - 512  [0.461] 1365
Started game 1375 of 10000 (ContHistV2 vs Baseline)
Finished game 1368 (Baseline vs ContHistV2): 1-0 {White wins by adjudication}
Score of ContHistV2 vs Baseline: 373 - 481 - 512  [0.460] 1366
Started game 1376 of 10000 (Baseline vs ContHistV2)
Finished game 1369 (ContHistV2 vs Baseline): 1/2-1/2 {Draw by 3-fold repetition}
Score of ContHistV2 vs Baseline: 373 - 481 - 513  [0.460] 1367
Started game 1377 of 10000 (ContHistV2 vs Baseline)
Finished game 1370 (Baseline vs ContHistV2): 1/2-1/2 {Draw by 3-fold repetition}
Score of ContHistV2 vs Baseline: 373 - 481 - 514  [0.461] 1368
Started game 1378 of 10000 (Baseline vs ContHistV2)
Finished game 1365 (ContHistV2 vs Baseline): 1/2-1/2 {Draw by fifty moves rule}
Score of ContHistV2 vs Baseline: 373 - 481 - 515  [0.461] 1369
Started game 1379 of 10000 (ContHistV2 vs Baseline)
Finished game 1367 (ContHistV2 vs Baseline): 0-1 {Black wins by adjudication}
Score of ContHistV2 vs Baseline: 373 - 482 - 515  [0.460] 1370
Started game 1380 of 10000 (Baseline vs ContHistV2)
Finished game 1371 (ContHistV2 vs Baseline): 1/2-1/2 {Draw by adjudication}
Score of ContHistV2 vs Baseline: 373 - 482 - 516  [0.460] 1371
Started game 1381 of 10000 (ContHistV2 vs Baseline)
Finished game 1375 (ContHistV2 vs Baseline): 1-0 {White wins by adjudication}
Score of ContHistV2 vs Baseline: 374 - 482 - 516  [0.461] 1372
Started game 1382 of 10000 (Baseline vs ContHistV2)
Finished game 1374 (Baseline vs ContHistV2): 1-0 {White wins by adjudication}
Score of ContHistV2 vs Baseline: 374 - 483 - 516  [0.460] 1373
Started game 1383 of 10000 (ContHistV2 vs Baseline)
Finished game 1372 (Baseline vs ContHistV2): 0-1 {Black wins by adjudication}
Score of ContHistV2 vs Baseline: 375 - 483 - 516  [0.461] 1374
Started game 1384 of 10000 (Baseline vs ContHistV2)
Finished game 1378 (Baseline vs ContHistV2): 1-0 {White wins by adjudication}
Score of ContHistV2 vs Baseline: 375 - 484 - 516  [0.460] 1375
Started game 1385 of 10000 (ContHistV2 vs Baseline)
Finished game 1373 (ContHistV2 vs Baseline): 1/2-1/2 {Draw by fifty moves rule}
Score of ContHistV2 vs Baseline: 375 - 484 - 517  [0.460] 1376
Started game 1386 of 10000 (Baseline vs ContHistV2)
Finished game 1377 (ContHistV2 vs Baseline): 1/2-1/2 {Draw by adjudication}
Score of ContHistV2 vs Baseline: 375 - 484 - 518  [0.460] 1377
Started game 1387 of 10000 (ContHistV2 vs Baseline)
Finished game 1379 (ContHistV2 vs Baseline): 0-1 {Black wins by adjudication}
Score of ContHistV2 vs Baseline: 375 - 485 - 518  [0.460] 1378
Started game 1388 of 10000 (Baseline vs ContHistV2)
Finished game 1376 (Baseline vs ContHistV2): 1/2-1/2 {Draw by fifty moves rule}
Score of ContHistV2 vs Baseline: 375 - 485 - 519  [0.460] 1379
Started game 1389 of 10000 (ContHistV2 vs Baseline)
Finished game 1380 (Baseline vs ContHistV2): 0-1 {Black wins by adjudication}
Score of ContHistV2 vs Baseline: 376 - 485 - 519  [0.461] 1380
Started game 1390 of 10000 (Baseline vs ContHistV2)
Finished game 1384 (Baseline vs ContHistV2): 1/2-1/2 {Draw by 3-fold repetition}
Score of ContHistV2 vs Baseline: 376 - 485 - 520  [0.461] 1381
Started game 1391 of 10000 (ContHistV2 vs Baseline)
Finished game 1383 (ContHistV2 vs Baseline): 1/2-1/2 {Draw by adjudication}
Score of ContHistV2 vs Baseline: 376 - 485 - 521  [0.461] 1382
Started game 1392 of 10000 (Baseline vs ContHistV2)
Finished game 1382 (Baseline vs ContHistV2): 1-0 {White wins by adjudication}
Score of ContHistV2 vs Baseline: 376 - 486 - 521  [0.460] 1383
Started game 1393 of 10000 (ContHistV2 vs Baseline)
Finished game 1385 (ContHistV2 vs Baseline): 1-0 {White wins by adjudication}
Score of ContHistV2 vs Baseline: 377 - 486 - 521  [0.461] 1384
Started game 1394 of 10000 (Baseline vs ContHistV2)
Finished game 1386 (Baseline vs ContHistV2): 1/2-1/2 {Draw by 3-fold repetition}
Score of ContHistV2 vs Baseline: 377 - 486 - 522  [0.461] 1385
Started game 1395 of 10000 (ContHistV2 vs Baseline)
Finished game 1381 (ContHistV2 vs Baseline): 0-1 {Black wins by adjudication}
Score of ContHistV2 vs Baseline: 377 - 487 - 522  [0.460] 1386
Started game 1396 of 10000 (Baseline vs ContHistV2)
Finished game 1387 (ContHistV2 vs Baseline): 0-1 {Black wins by adjudication}
Score of ContHistV2 vs Baseline: 377 - 488 - 522  [0.460] 1387
Started game 1397 of 10000 (ContHistV2 vs Baseline)
Finished game 1389 (ContHistV2 vs Baseline): 0-1 {Black wins by adjudication}
Score of ContHistV2 vs Baseline: 377 - 489 - 522  [0.460] 1388
Started game 1398 of 10000 (Baseline vs ContHistV2)
Finished game 1388 (Baseline vs ContHistV2): 1/2-1/2 {Draw by 3-fold repetition}
Score of ContHistV2 vs Baseline: 377 - 489 - 523  [0.460] 1389
Started game 1399 of 10000 (ContHistV2 vs Baseline)
Finished game 1394 (Baseline vs ContHistV2): 1-0 {White wins by adjudication}
Score of ContHistV2 vs Baseline: 377 - 490 - 523  [0.459] 1390
Started game 1400 of 10000 (Baseline vs ContHistV2)
Finished game 1392 (Baseline vs ContHistV2): 1-0 {White wins by adjudication}
Score of ContHistV2 vs Baseline: 377 - 491 - 523  [0.459] 1391
Started game 1401 of 10000 (ContHistV2 vs Baseline)
Finished game 1390 (Baseline vs ContHistV2): 1/2-1/2 {Draw by adjudication}
Score of ContHistV2 vs Baseline: 377 - 491 - 524  [0.459] 1392
Started game 1402 of 10000 (Baseline vs ContHistV2)
Finished game 1391 (ContHistV2 vs Baseline): 1/2-1/2 {Draw by adjudication}
Score of ContHistV2 vs Baseline: 377 - 491 - 525  [0.459] 1393
Started game 1403 of 10000 (ContHistV2 vs Baseline)
Finished game 1393 (ContHistV2 vs Baseline): 1-0 {White wins by adjudication}
Score of ContHistV2 vs Baseline: 378 - 491 - 525  [0.459] 1394
Started game 1404 of 10000 (Baseline vs ContHistV2)
Finished game 1395 (ContHistV2 vs Baseline): 1-0 {White wins by adjudication}
Score of ContHistV2 vs Baseline: 379 - 491 - 525  [0.460] 1395
Started game 1405 of 10000 (ContHistV2 vs Baseline)
Finished game 1399 (ContHistV2 vs Baseline): 1-0 {White wins by adjudication}
Score of ContHistV2 vs Baseline: 380 - 491 - 525  [0.460] 1396
Started game 1406 of 10000 (Baseline vs ContHistV2)
Finished game 1398 (Baseline vs ContHistV2): 0-1 {Black wins by adjudication}
Score of ContHistV2 vs Baseline: 381 - 491 - 525  [0.461] 1397
Started game 1407 of 10000 (ContHistV2 vs Baseline)
Finished game 1396 (Baseline vs ContHistV2): 0-1 {Black wins by adjudication}
Score of ContHistV2 vs Baseline: 382 - 491 - 525  [0.461] 1398
Started game 1408 of 10000 (Baseline vs ContHistV2)
Finished game 1397 (ContHistV2 vs Baseline): 0-1 {Black wins by adjudication}
Score of ContHistV2 vs Baseline: 382 - 492 - 525  [0.461] 1399
Started game 1409 of 10000 (ContHistV2 vs Baseline)
Finished game 1400 (Baseline vs ContHistV2): 1-0 {White wins by adjudication}
Score of ContHistV2 vs Baseline: 382 - 493 - 525  [0.460] 1400
Started game 1410 of 10000 (Baseline vs ContHistV2)
Finished game 1402 (Baseline vs ContHistV2): 1-0 {White wins by adjudication}
Score of ContHistV2 vs Baseline: 382 - 494 - 525  [0.460] 1401
Started game 1411 of 10000 (ContHistV2 vs Baseline)
Finished game 1403 (ContHistV2 vs Baseline): 0-1 {Black wins by adjudication}
Score of ContHistV2 vs Baseline: 382 - 495 - 525  [0.460] 1402
Started game 1412 of 10000 (Baseline vs ContHistV2)
Finished game 1407 (ContHistV2 vs Baseline): 1/2-1/2 {Draw by 3-fold repetition}
Score of ContHistV2 vs Baseline: 382 - 495 - 526  [0.460] 1403
Started game 1413 of 10000 (ContHistV2 vs Baseline)
Finished game 1404 (Baseline vs ContHistV2): 1-0 {White wins by adjudication}
Score of ContHistV2 vs Baseline: 382 - 496 - 526  [0.459] 1404
Started game 1414 of 10000 (Baseline vs ContHistV2)
Finished game 1406 (Baseline vs ContHistV2): 1/2-1/2 {Draw by insufficient mating material}
Score of ContHistV2 vs Baseline: 382 - 496 - 527  [0.459] 1405
Started game 1415 of 10000 (ContHistV2 vs Baseline)
Finished game 1410 (Baseline vs ContHistV2): 1/2-1/2 {Draw by 3-fold repetition}
Score of ContHistV2 vs Baseline: 382 - 496 - 528  [0.459] 1406
Started game 1416 of 10000 (Baseline vs ContHistV2)
Finished game 1408 (Baseline vs ContHistV2): 1/2-1/2 {Draw by 3-fold repetition}
Score of ContHistV2 vs Baseline: 382 - 496 - 529  [0.459] 1407
Started game 1417 of 10000 (ContHistV2 vs Baseline)
Finished game 1405 (ContHistV2 vs Baseline): 0-1 {Black wins by adjudication}
Score of ContHistV2 vs Baseline: 382 - 497 - 529  [0.459] 1408
Started game 1418 of 10000 (Baseline vs ContHistV2)
Finished game 1409 (ContHistV2 vs Baseline): 1-0 {White wins by adjudication}
Score of ContHistV2 vs Baseline: 383 - 497 - 529  [0.460] 1409
Started game 1419 of 10000 (ContHistV2 vs Baseline)
Finished game 1401 (ContHistV2 vs Baseline): 1/2-1/2 {Draw by insufficient mating material}
Score of ContHistV2 vs Baseline: 383 - 497 - 530  [0.460] 1410
Started game 1420 of 10000 (Baseline vs ContHistV2)
Finished game 1412 (Baseline vs ContHistV2): 1-0 {White wins by adjudication}
Score of ContHistV2 vs Baseline: 383 - 498 - 530  [0.459] 1411
Started game 1421 of 10000 (ContHistV2 vs Baseline)
Finished game 1414 (Baseline vs ContHistV2): 1/2-1/2 {Draw by 3-fold repetition}
Score of ContHistV2 vs Baseline: 383 - 498 - 531  [0.459] 1412
Started game 1422 of 10000 (Baseline vs ContHistV2)
Finished game 1411 (ContHistV2 vs Baseline): 0-1 {Black wins by adjudication}
Score of ContHistV2 vs Baseline: 383 - 499 - 531  [0.459] 1413
Started game 1423 of 10000 (ContHistV2 vs Baseline)
Finished game 1415 (ContHistV2 vs Baseline): 1/2-1/2 {Draw by 3-fold repetition}
Score of ContHistV2 vs Baseline: 383 - 499 - 532  [0.459] 1414
Started game 1424 of 10000 (Baseline vs ContHistV2)
Finished game 1413 (ContHistV2 vs Baseline): 1/2-1/2 {Draw by 3-fold repetition}
Score of ContHistV2 vs Baseline: 383 - 499 - 533  [0.459] 1415
Started game 1425 of 10000 (ContHistV2 vs Baseline)
Finished game 1416 (Baseline vs ContHistV2): 0-1 {Black wins by adjudication}
Score of ContHistV2 vs Baseline: 384 - 499 - 533  [0.459] 1416
Started game 1426 of 10000 (Baseline vs ContHistV2)
Finished game 1417 (ContHistV2 vs Baseline): 1-0 {White wins by adjudication}
Score of ContHistV2 vs Baseline: 385 - 499 - 533  [0.460] 1417
Started game 1427 of 10000 (ContHistV2 vs Baseline)
Finished game 1418 (Baseline vs ContHistV2): 1/2-1/2 {Draw by 3-fold repetition}
Score of ContHistV2 vs Baseline: 385 - 499 - 534  [0.460] 1418
Started game 1428 of 10000 (Baseline vs ContHistV2)
Finished game 1419 (ContHistV2 vs Baseline): 0-1 {Black wins by adjudication}
Score of ContHistV2 vs Baseline: 385 - 500 - 534  [0.459] 1419
Started game 1429 of 10000 (ContHistV2 vs Baseline)
Finished game 1421 (ContHistV2 vs Baseline): 0-1 {Black wins by adjudication}
Score of ContHistV2 vs Baseline: 385 - 501 - 534  [0.459] 1420
Started game 1430 of 10000 (Baseline vs ContHistV2)
Finished game 1422 (Baseline vs ContHistV2): 0-1 {Black wins by adjudication}
Score of ContHistV2 vs Baseline: 386 - 501 - 534  [0.460] 1421
Started game 1431 of 10000 (ContHistV2 vs Baseline)
Finished game 1424 (Baseline vs ContHistV2): 1/2-1/2 {Draw by insufficient mating material}
Score of ContHistV2 vs Baseline: 386 - 501 - 535  [0.460] 1422
Started game 1432 of 10000 (Baseline vs ContHistV2)
Finished game 1425 (ContHistV2 vs Baseline): 1/2-1/2 {Draw by adjudication}
Score of ContHistV2 vs Baseline: 386 - 501 - 536  [0.460] 1423
Started game 1433 of 10000 (ContHistV2 vs Baseline)
Finished game 1420 (Baseline vs ContHistV2): 0-1 {Black wins by adjudication}
Score of ContHistV2 vs Baseline: 387 - 501 - 536  [0.460] 1424
Started game 1434 of 10000 (Baseline vs ContHistV2)
Finished game 1429 (ContHistV2 vs Baseline): 0-1 {Black wins by adjudication}
Score of ContHistV2 vs Baseline: 387 - 502 - 536  [0.460] 1425
Started game 1435 of 10000 (ContHistV2 vs Baseline)
Finished game 1423 (ContHistV2 vs Baseline): 1/2-1/2 {Draw by adjudication}
Score of ContHistV2 vs Baseline: 387 - 502 - 537  [0.460] 1426
Started game 1436 of 10000 (Baseline vs ContHistV2)
Finished game 1428 (Baseline vs ContHistV2): 1/2-1/2 {Draw by 3-fold repetition}
Score of ContHistV2 vs Baseline: 387 - 502 - 538  [0.460] 1427
Started game 1437 of 10000 (ContHistV2 vs Baseline)
Finished game 1426 (Baseline vs ContHistV2): 1/2-1/2 {Draw by insufficient mating material}
Score of ContHistV2 vs Baseline: 387 - 502 - 539  [0.460] 1428
Started game 1438 of 10000 (Baseline vs ContHistV2)
Finished game 1432 (Baseline vs ContHistV2): 1/2-1/2 {Draw by 3-fold repetition}
Score of ContHistV2 vs Baseline: 387 - 502 - 540  [0.460] 1429
Started game 1439 of 10000 (ContHistV2 vs Baseline)
Finished game 1430 (Baseline vs ContHistV2): 0-1 {Black wins by adjudication}
Score of ContHistV2 vs Baseline: 388 - 502 - 540  [0.460] 1430
Started game 1440 of 10000 (Baseline vs ContHistV2)
Finished game 1427 (ContHistV2 vs Baseline): 1/2-1/2 {Draw by insufficient mating material}
Score of ContHistV2 vs Baseline: 388 - 502 - 541  [0.460] 1431
Started game 1441 of 10000 (ContHistV2 vs Baseline)
Finished game 1431 (ContHistV2 vs Baseline): 0-1 {Black wins by adjudication}
Score of ContHistV2 vs Baseline: 388 - 503 - 541  [0.460] 1432
Started game 1442 of 10000 (Baseline vs ContHistV2)
Finished game 1433 (ContHistV2 vs Baseline): 0-1 {Black wins by adjudication}
Score of ContHistV2 vs Baseline: 388 - 504 - 541  [0.460] 1433
Started game 1443 of 10000 (ContHistV2 vs Baseline)
Finished game 1435 (ContHistV2 vs Baseline): 1-0 {White wins by adjudication}
Score of ContHistV2 vs Baseline: 389 - 504 - 541  [0.460] 1434
Started game 1444 of 10000 (Baseline vs ContHistV2)
Finished game 1436 (Baseline vs ContHistV2): 1-0 {White wins by adjudication}
Score of ContHistV2 vs Baseline: 389 - 505 - 541  [0.460] 1435
Started game 1445 of 10000 (ContHistV2 vs Baseline)
Finished game 1434 (Baseline vs ContHistV2): 1/2-1/2 {Draw by 3-fold repetition}
Score of ContHistV2 vs Baseline: 389 - 505 - 542  [0.460] 1436
Started game 1446 of 10000 (Baseline vs ContHistV2)
Finished game 1438 (Baseline vs ContHistV2): 1-0 {White wins by adjudication}
Score of ContHistV2 vs Baseline: 389 - 506 - 542  [0.459] 1437
Finished game 1437 (ContHistV2 vs Baseline): * {No result}
Score of ContHistV2 vs Baseline: 389 - 506 - 542  [0.459] 1437
Finished game 1439 (ContHistV2 vs Baseline): * {No result}
Score of ContHistV2 vs Baseline: 389 - 506 - 542  [0.459] 1437
Finished game 1443 (ContHistV2 vs Baseline): * {No result}
Score of ContHistV2 vs Baseline: 389 - 506 - 542  [0.459] 1437
Finished game 1446 (Baseline vs ContHistV2): * {No result}
Score of ContHistV2 vs Baseline: 389 - 506 - 542  [0.459] 1437
Finished game 1445 (ContHistV2 vs Baseline): * {No result}
Score of ContHistV2 vs Baseline: 389 - 506 - 542  [0.459] 1437
Finished game 1444 (Baseline vs ContHistV2): * {No result}
Score of ContHistV2 vs Baseline: 389 - 506 - 542  [0.459] 1437
Finished game 1440 (Baseline vs ContHistV2): * {No result}
Score of ContHistV2 vs Baseline: 389 - 506 - 542  [0.459] 1437
Finished game 1441 (ContHistV2 vs Baseline): * {No result}
Score of ContHistV2 vs Baseline: 389 - 506 - 542  [0.459] 1437
Finished game 1442 (Baseline vs ContHistV2): * {No result}
Score of ContHistV2 vs Baseline: 389 - 506 - 542  [0.459] 1437
...      ContHistV2 playing White: 212 - 238 - 268  [0.482] 718
...      ContHistV2 playing Black: 177 - 268 - 274  [0.437] 719
...      White vs Black: 480 - 415 - 542  [0.523] 1437
Elo difference: -28.4 +/- 14.2, LOS: 0.0 %, DrawRatio: 37.7 %
SPRT: llr -2.96 (-100.4%), lbound -2.94, ubound 2.94 - H0 was accepted

Player: ContHistV2
   "Draw by 3-fold repetition": 266
   "Draw by adjudication": 100
   "Draw by fifty moves rule": 68
   "Draw by insufficient mating material": 101
   "Draw by stalemate": 7
   "Loss: Black mates": 11
   "Loss: Black wins by adjudication": 227
   "Loss: White mates": 9
   "Loss: White wins by adjudication": 259
   "No result": 9
   "Win: Black mates": 4
   "Win: Black wins by adjudication": 173
   "Win: White mates": 6
   "Win: White wins by adjudication": 206
Player: Baseline
   "Draw by 3-fold repetition": 266
   "Draw by adjudication": 100
   "Draw by fifty moves rule": 68
   "Draw by insufficient mating material": 101
   "Draw by stalemate": 7
   "Loss: Black mates": 4
   "Loss: Black wins by adjudication": 173
   "Loss: White mates": 6
   "Loss: White wins by adjudication": 206
   "No result": 9
   "Win: Black mates": 11
   "Win: Black wins by adjudication": 227
   "Win: White mates": 9
   "Win: White wins by adjudication": 259
Finished match
