Indexing opening suite...
Started game 8 of 10000 (Baseline vs Shelter)
Started game 9 of 10000 (Shelter vs Baseline)
Started game 7 of 10000 (Shelter vs Baseline)
Started game 5 of 10000 (Shelter vs Baseline)
Started game 3 of 10000 (Shelter vs Baseline)
Started game 6 of 10000 (Baseline vs Shelter)
Started game 12 of 10000 (Baseline vs Shelter)
Started game 2 of 10000 (Baseline vs Shelter)
Started game 11 of 10000 (Shelter vs Baseline)
Started game 10 of 10000 (Baseline vs Shelter)
Started game 13 of 10000 (Shelter vs Baseline)
Started game 4 of 10000 (Baseline vs Shelter)
Started game 1 of 10000 (Shelter vs Baseline)
Finished game 9 (Shelter vs Baseline): 1-0 {White wins by adjudication}
Score of Shelter vs Baseline: 1 - 0 - 0  [1.000] 1
Started game 14 of 10000 (Baseline vs Shelter)
Finished game 10 (Baseline vs Shelter): 1-0 {White wins by adjudication}
Score of Shelter vs Baseline: 1 - 1 - 0  [0.500] 2
Started game 15 of 10000 (Shelter vs Baseline)
Finished game 7 (Shelter vs Baseline): 0-1 {Black wins by adjudication}
Score of Shelter vs Baseline: 1 - 2 - 0  [0.333] 3
Started game 16 of 10000 (Baseline vs Shelter)
Finished game 4 (Baseline vs Shelter): 1/2-1/2 {Draw by 3-fold repetition}
Score of Shelter vs Baseline: 1 - 2 - 1  [0.375] 4
Started game 17 of 10000 (Shelter vs Baseline)
Finished game 12 (Baseline vs Shelter): 0-1 {Black wins by adjudication}
Score of Shelter vs Baseline: 2 - 2 - 1  [0.500] 5
Started game 18 of 10000 (Baseline vs Shelter)
Finished game 13 (Shelter vs Baseline): 1-0 {White wins by adjudication}
Score of Shelter vs Baseline: 3 - 2 - 1  [0.583] 6
Started game 19 of 10000 (Shelter vs Baseline)
Finished game 5 (Shelter vs Baseline): 1-0 {White wins by adjudication}
Score of Shelter vs Baseline: 4 - 2 - 1  [0.643] 7
Started game 20 of 10000 (Baseline vs Shelter)
Finished game 6 (Baseline vs Shelter): 1-0 {White wins by adjudication}
Score of Shelter vs Baseline: 4 - 3 - 1  [0.563] 8
Started game 21 of 10000 (Shelter vs Baseline)
Finished game 1 (Shelter vs Baseline): 1-0 {White wins by adjudication}
Score of Shelter vs Baseline: 5 - 3 - 1  [0.611] 9
Started game 22 of 10000 (Baseline vs Shelter)
Finished game 8 (Baseline vs Shelter): 1/2-1/2 {Draw by adjudication}
Score of Shelter vs Baseline: 5 - 3 - 2  [0.600] 10
Started game 23 of 10000 (Shelter vs Baseline)
Finished game 3 (Shelter vs Baseline): 0-1 {Black wins by adjudication}
Score of Shelter vs Baseline: 5 - 4 - 2  [0.545] 11
Started game 24 of 10000 (Baseline vs Shelter)
Finished game 11 (Shelter vs Baseline): 1/2-1/2 {Draw by insufficient mating material}
Score of Shelter vs Baseline: 5 - 4 - 3  [0.542] 12
Started game 25 of 10000 (Shelter vs Baseline)
Finished game 16 (Baseline vs Shelter): 1-0 {White wins by adjudication}
Score of Shelter vs Baseline: 5 - 5 - 3  [0.500] 13
Started game 26 of 10000 (Baseline vs Shelter)
Finished game 2 (Baseline vs Shelter): 1/2-1/2 {Draw by fifty moves rule}
Score of Shelter vs Baseline: 5 - 5 - 4  [0.500] 14
Started game 27 of 10000 (Shelter vs Baseline)
Finished game 17 (Shelter vs Baseline): 1-0 {White wins by adjudication}
Score of Shelter vs Baseline: 6 - 5 - 4  [0.533] 15
Started game 28 of 10000 (Baseline vs Shelter)
Finished game 15 (Shelter vs Baseline): 1/2-1/2 {Draw by 3-fold repetition}
Score of Shelter vs Baseline: 6 - 5 - 5  [0.531] 16
Started game 29 of 10000 (Shelter vs Baseline)
Finished game 14 (Baseline vs Shelter): 1-0 {White wins by adjudication}
Score of Shelter vs Baseline: 6 - 6 - 5  [0.500] 17
Started game 30 of 10000 (Baseline vs Shelter)
Finished game 19 (Shelter vs Baseline): 0-1 {Black wins by adjudication}
Score of Shelter vs Baseline: 6 - 7 - 5  [0.472] 18
Started game 31 of 10000 (Shelter vs Baseline)
Finished game 20 (Baseline vs Shelter): 1-0 {White wins by adjudication}
Score of Shelter vs Baseline: 6 - 8 - 5  [0.447] 19
Started game 32 of 10000 (Baseline vs Shelter)
Finished game 18 (Baseline vs Shelter): 1/2-1/2 {Draw by 3-fold repetition}
Score of Shelter vs Baseline: 6 - 8 - 6  [0.450] 20
Started game 33 of 10000 (Shelter vs Baseline)
Finished game 21 (Shelter vs Baseline): 0-1 {Black wins by adjudication}
Score of Shelter vs Baseline: 6 - 9 - 6  [0.429] 21
Started game 34 of 10000 (Baseline vs Shelter)
Finished game 22 (Baseline vs Shelter): 1-0 {White wins by adjudication}
Score of Shelter vs Baseline: 6 - 10 - 6  [0.409] 22
Started game 35 of 10000 (Shelter vs Baseline)
Finished game 23 (Shelter vs Baseline): 1/2-1/2 {Draw by insufficient mating material}
Score of Shelter vs Baseline: 6 - 10 - 7  [0.413] 23
Started game 36 of 10000 (Baseline vs Shelter)
Finished game 24 (Baseline vs Shelter): 1-0 {White wins by adjudication}
Score of Shelter vs Baseline: 6 - 11 - 7  [0.396] 24
Started game 37 of 10000 (Shelter vs Baseline)
Finished game 25 (Shelter vs Baseline): 0-1 {Black wins by adjudication}
Score of Shelter vs Baseline: 6 - 12 - 7  [0.380] 25
Started game 38 of 10000 (Baseline vs Shelter)
Finished game 26 (Baseline vs Shelter): 0-1 {Black wins by adjudication}
Score of Shelter vs Baseline: 7 - 12 - 7  [0.404] 26
Started game 39 of 10000 (Shelter vs Baseline)
Finished game 28 (Baseline vs Shelter): 1-0 {White wins by adjudication}
Score of Shelter vs Baseline: 7 - 13 - 7  [0.389] 27
Started game 40 of 10000 (Baseline vs Shelter)
Finished game 27 (Shelter vs Baseline): 0-1 {Black wins by adjudication}
Score of Shelter vs Baseline: 7 - 14 - 7  [0.375] 28
Started game 41 of 10000 (Shelter vs Baseline)
Finished game 30 (Baseline vs Shelter): 0-1 {Black wins by adjudication}
Score of Shelter vs Baseline: 8 - 14 - 7  [0.397] 29
Started game 42 of 10000 (Baseline vs Shelter)
Finished game 29 (Shelter vs Baseline): 1-0 {White wins by adjudication}
Score of Shelter vs Baseline: 9 - 14 - 7  [0.417] 30
Started game 43 of 10000 (Shelter vs Baseline)
Finished game 34 (Baseline vs Shelter): 1-0 {White wins by adjudication}
Score of Shelter vs Baseline: 9 - 15 - 7  [0.403] 31
Started game 44 of 10000 (Baseline vs Shelter)
Finished game 37 (Shelter vs Baseline): 1-0 {White wins by adjudication}
Score of Shelter vs Baseline: 10 - 15 - 7  [0.422] 32
Started game 45 of 10000 (Shelter vs Baseline)
Finished game 35 (Shelter vs Baseline): 0-1 {Black wins by adjudication}
Score of Shelter vs Baseline: 10 - 16 - 7  [0.409] 33
Started game 46 of 10000 (Baseline vs Shelter)
Finished game 31 (Shelter vs Baseline): 0-1 {Black wins by adjudication}
Score of Shelter vs Baseline: 10 - 17 - 7  [0.397] 34
Started game 47 of 10000 (Shelter vs Baseline)
Finished game 38 (Baseline vs Shelter): 1-0 {White wins by adjudication}
Score of Shelter vs Baseline: 10 - 18 - 7  [0.386] 35
Started game 48 of 10000 (Baseline vs Shelter)
Finished game 32 (Baseline vs Shelter): 1/2-1/2 {Draw by 3-fold repetition}
Score of Shelter vs Baseline: 10 - 18 - 8  [0.389] 36
Started game 49 of 10000 (Shelter vs Baseline)
Finished game 33 (Shelter vs Baseline): 1-0 {White wins by adjudication}
Score of Shelter vs Baseline: 11 - 18 - 8  [0.405] 37
Started game 50 of 10000 (Baseline vs Shelter)
Finished game 36 (Baseline vs Shelter): 1/2-1/2 {Draw by 3-fold repetition}
Score of Shelter vs Baseline: 11 - 18 - 9  [0.408] 38
Started game 51 of 10000 (Shelter vs Baseline)
Finished game 40 (Baseline vs Shelter): 1-0 {White wins by adjudication}
Score of Shelter vs Baseline: 11 - 19 - 9  [0.397] 39
Started game 52 of 10000 (Baseline vs Shelter)
Finished game 39 (Shelter vs Baseline): 1-0 {White wins by adjudication}
Score of Shelter vs Baseline: 12 - 19 - 9  [0.412] 40
Started game 53 of 10000 (Shelter vs Baseline)
Finished game 44 (Baseline vs Shelter): 1-0 {White wins by adjudication}
Score of Shelter vs Baseline: 12 - 20 - 9  [0.402] 41
Started game 54 of 10000 (Baseline vs Shelter)
Finished game 42 (Baseline vs Shelter): 1-0 {White wins by adjudication}
Score of Shelter vs Baseline: 12 - 21 - 9  [0.393] 42
Started game 55 of 10000 (Shelter vs Baseline)
Finished game 43 (Shelter vs Baseline): 1/2-1/2 {Draw by 3-fold repetition}
Score of Shelter vs Baseline: 12 - 21 - 10  [0.395] 43
Started game 56 of 10000 (Baseline vs Shelter)
Finished game 41 (Shelter vs Baseline): 0-1 {Black wins by adjudication}
Score of Shelter vs Baseline: 12 - 22 - 10  [0.386] 44
Started game 57 of 10000 (Shelter vs Baseline)
Finished game 48 (Baseline vs Shelter): 1-0 {White wins by adjudication}
Score of Shelter vs Baseline: 12 - 23 - 10  [0.378] 45
Started game 58 of 10000 (Baseline vs Shelter)
Finished game 45 (Shelter vs Baseline): 1/2-1/2 {Draw by insufficient mating material}
Score of Shelter vs Baseline: 12 - 23 - 11  [0.380] 46
Started game 59 of 10000 (Shelter vs Baseline)
Finished game 46 (Baseline vs Shelter): 1-0 {White wins by adjudication}
Score of Shelter vs Baseline: 12 - 24 - 11  [0.372] 47
Started game 60 of 10000 (Baseline vs Shelter)
Finished game 53 (Shelter vs Baseline): 1-0 {White wins by adjudication}
Score of Shelter vs Baseline: 13 - 24 - 11  [0.385] 48
Started game 61 of 10000 (Shelter vs Baseline)
Finished game 47 (Shelter vs Baseline): 0-1 {Black wins by adjudication}
Score of Shelter vs Baseline: 13 - 25 - 11  [0.378] 49
Started game 62 of 10000 (Baseline vs Shelter)
Finished game 51 (Shelter vs Baseline): 0-1 {Black wins by adjudication}
Score of Shelter vs Baseline: 13 - 26 - 11  [0.370] 50
Started game 63 of 10000 (Shelter vs Baseline)
Finished game 63 (Shelter vs Baseline): 0-1 {Black mates}
Score of Shelter vs Baseline: 13 - 27 - 11  [0.363] 51
Started game 64 of 10000 (Baseline vs Shelter)
Finished game 64 (Baseline vs Shelter): 0-1 {Black mates}
Score of Shelter vs Baseline: 14 - 27 - 11  [0.375] 52
Started game 65 of 10000 (Shelter vs Baseline)
Finished game 50 (Baseline vs Shelter): 1-0 {White wins by adjudication}
Score of Shelter vs Baseline: 14 - 28 - 11  [0.368] 53
Started game 66 of 10000 (Baseline vs Shelter)
Finished game 49 (Shelter vs Baseline): 0-1 {Black wins by adjudication}
Score of Shelter vs Baseline: 14 - 29 - 11  [0.361] 54
Started game 67 of 10000 (Shelter vs Baseline)
Finished game 55 (Shelter vs Baseline): 1/2-1/2 {Draw by 3-fold repetition}
Score of Shelter vs Baseline: 14 - 29 - 12  [0.364] 55
Started game 68 of 10000 (Baseline vs Shelter)
Finished game 52 (Baseline vs Shelter): 1/2-1/2 {Draw by insufficient mating material}
Score of Shelter vs Baseline: 14 - 29 - 13  [0.366] 56
Started game 69 of 10000 (Shelter vs Baseline)
Finished game 56 (Baseline vs Shelter): 0-1 {Black wins by adjudication}
Score of Shelter vs Baseline: 15 - 29 - 13  [0.377] 57
Started game 70 of 10000 (Baseline vs Shelter)
Finished game 54 (Baseline vs Shelter): 0-1 {Black wins by adjudication}
Score of Shelter vs Baseline: 16 - 29 - 13  [0.388] 58
Started game 71 of 10000 (Shelter vs Baseline)
Finished game 65 (Shelter vs Baseline): 1/2-1/2 {Draw by 3-fold repetition}
Score of Shelter vs Baseline: 16 - 29 - 14  [0.390] 59
Started game 72 of 10000 (Baseline vs Shelter)
Finished game 61 (Shelter vs Baseline): 0-1 {Black wins by adjudication}
Score of Shelter vs Baseline: 16 - 30 - 14  [0.383] 60
Started game 73 of 10000 (Shelter vs Baseline)
Finished game 60 (Baseline vs Shelter): 1-0 {White wins by adjudication}
Score of Shelter vs Baseline: 16 - 31 - 14  [0.377] 61
Started game 74 of 10000 (Baseline vs Shelter)
Finished game 66 (Baseline vs Shelter): 0-1 {Black wins by adjudication}
Score of Shelter vs Baseline: 17 - 31 - 14  [0.387] 62
Started game 75 of 10000 (Shelter vs Baseline)
Finished game 58 (Baseline vs Shelter): 1-0 {White wins by adjudication}
Score of Shelter vs Baseline: 17 - 32 - 14  [0.381] 63
Started game 76 of 10000 (Baseline vs Shelter)
Finished game 57 (Shelter vs Baseline): 1-0 {White wins by adjudication}
Score of Shelter vs Baseline: 18 - 32 - 14  [0.391] 64
Started game 77 of 10000 (Shelter vs Baseline)
Finished game 67 (Shelter vs Baseline): 1-0 {White wins by adjudication}
Score of Shelter vs Baseline: 19 - 32 - 14  [0.400] 65
Started game 78 of 10000 (Baseline vs Shelter)
Finished game 59 (Shelter vs Baseline): 0-1 {Black wins by adjudication}
Score of Shelter vs Baseline: 19 - 33 - 14  [0.394] 66
Started game 79 of 10000 (Shelter vs Baseline)
Finished game 62 (Baseline vs Shelter): 1/2-1/2 {Draw by 3-fold repetition}
Score of Shelter vs Baseline: 19 - 33 - 15  [0.396] 67
Started game 80 of 10000 (Baseline vs Shelter)
Finished game 80 (Baseline vs Shelter): 1-0 {White wins by adjudication}
Score of Shelter vs Baseline: 19 - 34 - 15  [0.390] 68
Started game 81 of 10000 (Shelter vs Baseline)
Finished game 69 (Shelter vs Baseline): 0-1 {Black wins by adjudication}
Score of Shelter vs Baseline: 19 - 35 - 15  [0.384] 69
Started game 82 of 10000 (Baseline vs Shelter)
Finished game 71 (Shelter vs Baseline): 1/2-1/2 {Draw by 3-fold repetition}
Score of Shelter vs Baseline: 19 - 35 - 16  [0.386] 70
Started game 83 of 10000 (Shelter vs Baseline)
Finished game 70 (Baseline vs Shelter): 0-1 {Black wins by adjudication}
Score of Shelter vs Baseline: 20 - 35 - 16  [0.394] 71
Started game 84 of 10000 (Baseline vs Shelter)
Finished game 68 (Baseline vs Shelter): 1-0 {White wins by adjudication}
Score of Shelter vs Baseline: 20 - 36 - 16  [0.389] 72
Started game 85 of 10000 (Shelter vs Baseline)
Finished game 79 (Shelter vs Baseline): 1-0 {White wins by adjudication}
Score of Shelter vs Baseline: 21 - 36 - 16  [0.397] 73
Started game 86 of 10000 (Baseline vs Shelter)
Finished game 72 (Baseline vs Shelter): 1-0 {White wins by adjudication}
Score of Shelter vs Baseline: 21 - 37 - 16  [0.392] 74
Started game 87 of 10000 (Shelter vs Baseline)
Finished game 73 (Shelter vs Baseline): 1-0 {White wins by adjudication}
Score of Shelter vs Baseline: 22 - 37 - 16  [0.400] 75
Started game 88 of 10000 (Baseline vs Shelter)
Finished game 75 (Shelter vs Baseline): 1-0 {White wins by adjudication}
Score of Shelter vs Baseline: 23 - 37 - 16  [0.408] 76
Started game 89 of 10000 (Shelter vs Baseline)
Finished game 74 (Baseline vs Shelter): 1-0 {White wins by adjudication}
Score of Shelter vs Baseline: 23 - 38 - 16  [0.403] 77
Started game 90 of 10000 (Baseline vs Shelter)
Finished game 77 (Shelter vs Baseline): 0-1 {Black wins by adjudication}
Score of Shelter vs Baseline: 23 - 39 - 16  [0.397] 78
Started game 91 of 10000 (Shelter vs Baseline)
Finished game 76 (Baseline vs Shelter): 1-0 {White wins by adjudication}
Score of Shelter vs Baseline: 23 - 40 - 16  [0.392] 79
Started game 92 of 10000 (Baseline vs Shelter)
Finished game 83 (Shelter vs Baseline): 0-1 {Black wins by adjudication}
Score of Shelter vs Baseline: 23 - 41 - 16  [0.388] 80
Started game 93 of 10000 (Shelter vs Baseline)
Finished game 81 (Shelter vs Baseline): 0-1 {Black wins by adjudication}
Score of Shelter vs Baseline: 23 - 42 - 16  [0.383] 81
Started game 94 of 10000 (Baseline vs Shelter)
Finished game 87 (Shelter vs Baseline): 1-0 {White wins by adjudication}
Score of Shelter vs Baseline: 24 - 42 - 16  [0.390] 82
Started game 95 of 10000 (Shelter vs Baseline)
Finished game 82 (Baseline vs Shelter): 0-1 {Black wins by adjudication}
Score of Shelter vs Baseline: 25 - 42 - 16  [0.398] 83
Started game 96 of 10000 (Baseline vs Shelter)
Finished game 78 (Baseline vs Shelter): 0-1 {Black wins by adjudication}
Score of Shelter vs Baseline: 26 - 42 - 16  [0.405] 84
Started game 97 of 10000 (Shelter vs Baseline)
Finished game 92 (Baseline vs Shelter): 1/2-1/2 {Draw by 3-fold repetition}
Score of Shelter vs Baseline: 26 - 42 - 17  [0.406] 85
Started game 98 of 10000 (Baseline vs Shelter)
Finished game 85 (Shelter vs Baseline): 1-0 {White wins by adjudication}
Score of Shelter vs Baseline: 27 - 42 - 17  [0.413] 86
Started game 99 of 10000 (Shelter vs Baseline)
Finished game 86 (Baseline vs Shelter): 1-0 {White wins by adjudication}
Score of Shelter vs Baseline: 27 - 43 - 17  [0.408] 87
Started game 100 of 10000 (Baseline vs Shelter)
Finished game 84 (Baseline vs Shelter): 0-1 {Black wins by adjudication}
Score of Shelter vs Baseline: 28 - 43 - 17  [0.415] 88
Started game 101 of 10000 (Shelter vs Baseline)
Finished game 88 (Baseline vs Shelter): 1/2-1/2 {Draw by 3-fold repetition}
Score of Shelter vs Baseline: 28 - 43 - 18  [0.416] 89
Started game 102 of 10000 (Baseline vs Shelter)
Finished game 90 (Baseline vs Shelter): 0-1 {Black wins by adjudication}
Score of Shelter vs Baseline: 29 - 43 - 18  [0.422] 90
Started game 103 of 10000 (Shelter vs Baseline)
Finished game 91 (Shelter vs Baseline): 0-1 {Black wins by adjudication}
Score of Shelter vs Baseline: 29 - 44 - 18  [0.418] 91
Started game 104 of 10000 (Baseline vs Shelter)
Finished game 89 (Shelter vs Baseline): 0-1 {Black wins by adjudication}
Score of Shelter vs Baseline: 29 - 45 - 18  [0.413] 92
Started game 105 of 10000 (Shelter vs Baseline)
Finished game 94 (Baseline vs Shelter): 0-1 {Black wins by adjudication}
Score of Shelter vs Baseline: 30 - 45 - 18  [0.419] 93
Started game 106 of 10000 (Baseline vs Shelter)
Finished game 95 (Shelter vs Baseline): 0-1 {Black wins by adjudication}
Score of Shelter vs Baseline: 30 - 46 - 18  [0.415] 94
Started game 107 of 10000 (Shelter vs Baseline)
Finished game 93 (Shelter vs Baseline): 1-0 {White wins by adjudication}
Score of Shelter vs Baseline: 31 - 46 - 18  [0.421] 95
Started game 108 of 10000 (Baseline vs Shelter)
Finished game 96 (Baseline vs Shelter): 0-1 {Black wins by adjudication}
Score of Shelter vs Baseline: 32 - 46 - 18  [0.427] 96
Started game 109 of 10000 (Shelter vs Baseline)
Finished game 97 (Shelter vs Baseline): 0-1 {Black wins by adjudication}
Score of Shelter vs Baseline: 32 - 47 - 18  [0.423] 97
Started game 110 of 10000 (Baseline vs Shelter)
Finished game 98 (Baseline vs Shelter): 1-0 {White wins by adjudication}
Score of Shelter vs Baseline: 32 - 48 - 18  [0.418] 98
Started game 111 of 10000 (Shelter vs Baseline)
Finished game 104 (Baseline vs Shelter): 0-1 {Black wins by adjudication}
Score of Shelter vs Baseline: 33 - 48 - 18  [0.424] 99
Started game 112 of 10000 (Baseline vs Shelter)
Finished game 102 (Baseline vs Shelter): 1/2-1/2 {Draw by adjudication}
Score of Shelter vs Baseline: 33 - 48 - 19  [0.425] 100
Started game 113 of 10000 (Shelter vs Baseline)
Finished game 101 (Shelter vs Baseline): 0-1 {Black wins by adjudication}
Score of Shelter vs Baseline: 33 - 49 - 19  [0.421] 101
Started game 114 of 10000 (Baseline vs Shelter)
Finished game 100 (Baseline vs Shelter): 0-1 {Black wins by adjudication}
Score of Shelter vs Baseline: 34 - 49 - 19  [0.426] 102
Started game 115 of 10000 (Shelter vs Baseline)
Finished game 103 (Shelter vs Baseline): 0-1 {Black wins by adjudication}
Score of Shelter vs Baseline: 34 - 50 - 19  [0.422] 103
Started game 116 of 10000 (Baseline vs Shelter)
Finished game 106 (Baseline vs Shelter): 1-0 {White wins by adjudication}
Score of Shelter vs Baseline: 34 - 51 - 19  [0.418] 104
Started game 117 of 10000 (Shelter vs Baseline)
Finished game 105 (Shelter vs Baseline): 0-1 {Black wins by adjudication}
Score of Shelter vs Baseline: 34 - 52 - 19  [0.414] 105
Started game 118 of 10000 (Baseline vs Shelter)
Finished game 99 (Shelter vs Baseline): 0-1 {Black mates}
Score of Shelter vs Baseline: 34 - 53 - 19  [0.410] 106
Started game 119 of 10000 (Shelter vs Baseline)
Finished game 113 (Shelter vs Baseline): 1-0 {White wins by adjudication}
Score of Shelter vs Baseline: 35 - 53 - 19  [0.416] 107
Started game 120 of 10000 (Baseline vs Shelter)
Finished game 107 (Shelter vs Baseline): 0-1 {Black wins by adjudication}
Score of Shelter vs Baseline: 35 - 54 - 19  [0.412] 108
Started game 121 of 10000 (Shelter vs Baseline)
Finished game 108 (Baseline vs Shelter): 1-0 {White wins by adjudication}
Score of Shelter vs Baseline: 35 - 55 - 19  [0.408] 109
Started game 122 of 10000 (Baseline vs Shelter)
Finished game 115 (Shelter vs Baseline): 0-1 {Black wins by adjudication}
Score of Shelter vs Baseline: 35 - 56 - 19  [0.405] 110
Started game 123 of 10000 (Shelter vs Baseline)
Finished game 109 (Shelter vs Baseline): 1-0 {White wins by adjudication}
Score of Shelter vs Baseline: 36 - 56 - 19  [0.410] 111
Started game 124 of 10000 (Baseline vs Shelter)
Finished game 111 (Shelter vs Baseline): 0-1 {Black wins by adjudication}
Score of Shelter vs Baseline: 36 - 57 - 19  [0.406] 112
Started game 125 of 10000 (Shelter vs Baseline)
Finished game 114 (Baseline vs Shelter): 1-0 {White wins by adjudication}
Score of Shelter vs Baseline: 36 - 58 - 19  [0.403] 113
Started game 126 of 10000 (Baseline vs Shelter)
Finished game 112 (Baseline vs Shelter): 1-0 {White wins by adjudication}
Score of Shelter vs Baseline: 36 - 59 - 19  [0.399] 114
Started game 127 of 10000 (Shelter vs Baseline)
Finished game 110 (Baseline vs Shelter): 1-0 {White wins by adjudication}
Score of Shelter vs Baseline: 36 - 60 - 19  [0.396] 115
Started game 128 of 10000 (Baseline vs Shelter)
Finished game 116 (Baseline vs Shelter): 1-0 {White wins by adjudication}
Score of Shelter vs Baseline: 36 - 61 - 19  [0.392] 116
Started game 129 of 10000 (Shelter vs Baseline)
Finished game 117 (Shelter vs Baseline): 1-0 {White wins by adjudication}
Score of Shelter vs Baseline: 37 - 61 - 19  [0.397] 117
Started game 130 of 10000 (Baseline vs Shelter)
Finished game 118 (Baseline vs Shelter): 0-1 {Black wins by adjudication}
Score of Shelter vs Baseline: 38 - 61 - 19  [0.403] 118
Started game 131 of 10000 (Shelter vs Baseline)
Finished game 131 (Shelter vs Baseline): 1-0 {White wins by adjudication}
Score of Shelter vs Baseline: 39 - 61 - 19  [0.408] 119
Started game 132 of 10000 (Baseline vs Shelter)
Finished game 132 (Baseline vs Shelter): 1-0 {White wins by adjudication}
Score of Shelter vs Baseline: 39 - 62 - 19  [0.404] 120
Started game 133 of 10000 (Shelter vs Baseline)
Finished game 119 (Shelter vs Baseline): 1-0 {White wins by adjudication}
Score of Shelter vs Baseline: 40 - 62 - 19  [0.409] 121
Started game 134 of 10000 (Baseline vs Shelter)
Finished game 121 (Shelter vs Baseline): 1-0 {White wins by adjudication}
Score of Shelter vs Baseline: 41 - 62 - 19  [0.414] 122
Started game 135 of 10000 (Shelter vs Baseline)
Finished game 120 (Baseline vs Shelter): 1-0 {White mates}
Score of Shelter vs Baseline: 41 - 63 - 19  [0.411] 123
Started game 136 of 10000 (Baseline vs Shelter)
Finished game 122 (Baseline vs Shelter): 1/2-1/2 {Draw by 3-fold repetition}
Score of Shelter vs Baseline: 41 - 63 - 20  [0.411] 124
Started game 137 of 10000 (Shelter vs Baseline)
Finished game 123 (Shelter vs Baseline): 0-1 {Black wins by adjudication}
Score of Shelter vs Baseline: 41 - 64 - 20  [0.408] 125
Started game 138 of 10000 (Baseline vs Shelter)
Finished game 126 (Baseline vs Shelter): 1-0 {White wins by adjudication}
Score of Shelter vs Baseline: 41 - 65 - 20  [0.405] 126
Started game 139 of 10000 (Shelter vs Baseline)
Finished game 129 (Shelter vs Baseline): 0-1 {Black wins by adjudication}
Score of Shelter vs Baseline: 41 - 66 - 20  [0.402] 127
Started game 140 of 10000 (Baseline vs Shelter)
Finished game 125 (Shelter vs Baseline): 1-0 {White wins by adjudication}
Score of Shelter vs Baseline: 42 - 66 - 20  [0.406] 128
Started game 141 of 10000 (Shelter vs Baseline)
Finished game 128 (Baseline vs Shelter): 1-0 {White wins by adjudication}
Score of Shelter vs Baseline: 42 - 67 - 20  [0.403] 129
Started game 142 of 10000 (Baseline vs Shelter)
Finished game 127 (Shelter vs Baseline): 1-0 {White wins by adjudication}
Score of Shelter vs Baseline: 43 - 67 - 20  [0.408] 130
Started game 143 of 10000 (Shelter vs Baseline)
Finished game 130 (Baseline vs Shelter): 1-0 {White wins by adjudication}
Score of Shelter vs Baseline: 43 - 68 - 20  [0.405] 131
Started game 144 of 10000 (Baseline vs Shelter)
Finished game 133 (Shelter vs Baseline): 1-0 {White wins by adjudication}
Score of Shelter vs Baseline: 44 - 68 - 20  [0.409] 132
Started game 145 of 10000 (Shelter vs Baseline)
Finished game 139 (Shelter vs Baseline): 0-1 {Black wins by adjudication}
Score of Shelter vs Baseline: 44 - 69 - 20  [0.406] 133
Started game 146 of 10000 (Baseline vs Shelter)
Finished game 140 (Baseline vs Shelter): 1-0 {White wins by adjudication}
Score of Shelter vs Baseline: 44 - 70 - 20  [0.403] 134
Started game 147 of 10000 (Shelter vs Baseline)
Finished game 142 (Baseline vs Shelter): 0-1 {Black wins by adjudication}
Score of Shelter vs Baseline: 45 - 70 - 20  [0.407] 135
Started game 148 of 10000 (Baseline vs Shelter)
Finished game 134 (Baseline vs Shelter): 0-1 {Black wins by adjudication}
Score of Shelter vs Baseline: 46 - 70 - 20  [0.412] 136
Started game 149 of 10000 (Shelter vs Baseline)
Finished game 137 (Shelter vs Baseline): 1/2-1/2 {Draw by 3-fold repetition}
Score of Shelter vs Baseline: 46 - 70 - 21  [0.412] 137
Started game 150 of 10000 (Baseline vs Shelter)
Finished game 141 (Shelter vs Baseline): 0-1 {Black wins by adjudication}
Score of Shelter vs Baseline: 46 - 71 - 21  [0.409] 138
Started game 151 of 10000 (Shelter vs Baseline)
Finished game 138 (Baseline vs Shelter): 1/2-1/2 {Draw by adjudication}
Score of Shelter vs Baseline: 46 - 71 - 22  [0.410] 139
Started game 152 of 10000 (Baseline vs Shelter)
Finished game 135 (Shelter vs Baseline): 0-1 {Black wins by adjudication}
Score of Shelter vs Baseline: 46 - 72 - 22  [0.407] 140
Started game 153 of 10000 (Shelter vs Baseline)
Finished game 136 (Baseline vs Shelter): 1/2-1/2 {Draw by insufficient mating material}
Score of Shelter vs Baseline: 46 - 72 - 23  [0.408] 141
Started game 154 of 10000 (Baseline vs Shelter)
Finished game 124 (Baseline vs Shelter): 1/2-1/2 {Draw by fifty moves rule}
Score of Shelter vs Baseline: 46 - 72 - 24  [0.408] 142
Started game 155 of 10000 (Shelter vs Baseline)
Finished game 145 (Shelter vs Baseline): 1-0 {White wins by adjudication}
Score of Shelter vs Baseline: 47 - 72 - 24  [0.413] 143
Started game 156 of 10000 (Baseline vs Shelter)
Finished game 144 (Baseline vs Shelter): 0-1 {Black wins by adjudication}
Score of Shelter vs Baseline: 48 - 72 - 24  [0.417] 144
Started game 157 of 10000 (Shelter vs Baseline)
Finished game 147 (Shelter vs Baseline): 1-0 {White wins by adjudication}
Score of Shelter vs Baseline: 49 - 72 - 24  [0.421] 145
Started game 158 of 10000 (Baseline vs Shelter)
Finished game 148 (Baseline vs Shelter): 0-1 {Black wins by adjudication}
Score of Shelter vs Baseline: 50 - 72 - 24  [0.425] 146
Started game 159 of 10000 (Shelter vs Baseline)
Finished game 146 (Baseline vs Shelter): 0-1 {Black wins by adjudication}
Score of Shelter vs Baseline: 51 - 72 - 24  [0.429] 147
Started game 160 of 10000 (Baseline vs Shelter)
Finished game 143 (Shelter vs Baseline): 1/2-1/2 {Draw by fifty moves rule}
Score of Shelter vs Baseline: 51 - 72 - 25  [0.429] 148
Started game 161 of 10000 (Shelter vs Baseline)
Finished game 150 (Baseline vs Shelter): 0-1 {Black wins by adjudication}
Score of Shelter vs Baseline: 52 - 72 - 25  [0.433] 149
Started game 162 of 10000 (Baseline vs Shelter)
Finished game 151 (Shelter vs Baseline): 0-1 {Black wins by adjudication}
Score of Shelter vs Baseline: 52 - 73 - 25  [0.430] 150
Started game 163 of 10000 (Shelter vs Baseline)
Finished game 149 (Shelter vs Baseline): 0-1 {Black wins by adjudication}
Score of Shelter vs Baseline: 52 - 74 - 25  [0.427] 151
Started game 164 of 10000 (Baseline vs Shelter)
Finished game 153 (Shelter vs Baseline): 1-0 {White wins by adjudication}
Score of Shelter vs Baseline: 53 - 74 - 25  [0.431] 152
Started game 165 of 10000 (Shelter vs Baseline)
Finished game 152 (Baseline vs Shelter): 1-0 {White wins by adjudication}
Score of Shelter vs Baseline: 53 - 75 - 25  [0.428] 153
Started game 166 of 10000 (Baseline vs Shelter)
Finished game 155 (Shelter vs Baseline): 1-0 {White wins by adjudication}
Score of Shelter vs Baseline: 54 - 75 - 25  [0.432] 154
Started game 167 of 10000 (Shelter vs Baseline)
Finished game 154 (Baseline vs Shelter): 1/2-1/2 {Draw by adjudication}
Score of Shelter vs Baseline: 54 - 75 - 26  [0.432] 155
Started game 168 of 10000 (Baseline vs Shelter)
Finished game 156 (Baseline vs Shelter): 1-0 {White wins by adjudication}
Score of Shelter vs Baseline: 54 - 76 - 26  [0.429] 156
Started game 169 of 10000 (Shelter vs Baseline)
Finished game 159 (Shelter vs Baseline): 0-1 {Black wins by adjudication}
Score of Shelter vs Baseline: 54 - 77 - 26  [0.427] 157
Started game 170 of 10000 (Baseline vs Shelter)
Finished game 157 (Shelter vs Baseline): 1/2-1/2 {Draw by adjudication}
Score of Shelter vs Baseline: 54 - 77 - 27  [0.427] 158
Started game 171 of 10000 (Shelter vs Baseline)
Finished game 160 (Baseline vs Shelter): 0-1 {Black wins by adjudication}
Score of Shelter vs Baseline: 55 - 77 - 27  [0.431] 159
Started game 172 of 10000 (Baseline vs Shelter)
Finished game 161 (Shelter vs Baseline): 1/2-1/2 {Draw by 3-fold repetition}
Score of Shelter vs Baseline: 55 - 77 - 28  [0.431] 160
Started game 173 of 10000 (Shelter vs Baseline)
Finished game 166 (Baseline vs Shelter): 1-0 {White wins by adjudication}
Score of Shelter vs Baseline: 55 - 78 - 28  [0.429] 161
Started game 174 of 10000 (Baseline vs Shelter)
Finished game 164 (Baseline vs Shelter): 0-1 {Black wins by adjudication}
Score of Shelter vs Baseline: 56 - 78 - 28  [0.432] 162
Started game 175 of 10000 (Shelter vs Baseline)
Finished game 158 (Baseline vs Shelter): 0-1 {Black wins by adjudication}
Score of Shelter vs Baseline: 57 - 78 - 28  [0.436] 163
Started game 176 of 10000 (Baseline vs Shelter)
Finished game 162 (Baseline vs Shelter): 1-0 {White wins by adjudication}
Score of Shelter vs Baseline: 57 - 79 - 28  [0.433] 164
Started game 177 of 10000 (Shelter vs Baseline)
Finished game 172 (Baseline vs Shelter): 0-1 {Black wins by adjudication}
Score of Shelter vs Baseline: 58 - 79 - 28  [0.436] 165
Started game 178 of 10000 (Baseline vs Shelter)
Finished game 165 (Shelter vs Baseline): 1-0 {White wins by adjudication}
Score of Shelter vs Baseline: 59 - 79 - 28  [0.440] 166
Started game 179 of 10000 (Shelter vs Baseline)
Finished game 163 (Shelter vs Baseline): 1-0 {White wins by adjudication}
Score of Shelter vs Baseline: 60 - 79 - 28  [0.443] 167
Started game 180 of 10000 (Baseline vs Shelter)
Finished game 170 (Baseline vs Shelter): 1-0 {White wins by adjudication}
Score of Shelter vs Baseline: 60 - 80 - 28  [0.440] 168
Started game 181 of 10000 (Shelter vs Baseline)
Finished game 169 (Shelter vs Baseline): 0-1 {Black wins by adjudication}
Score of Shelter vs Baseline: 60 - 81 - 28  [0.438] 169
Started game 182 of 10000 (Baseline vs Shelter)
Finished game 175 (Shelter vs Baseline): 1-0 {White wins by adjudication}
Score of Shelter vs Baseline: 61 - 81 - 28  [0.441] 170
Started game 183 of 10000 (Shelter vs Baseline)
Finished game 173 (Shelter vs Baseline): 0-1 {Black mates}
Score of Shelter vs Baseline: 61 - 82 - 28  [0.439] 171
Started game 184 of 10000 (Baseline vs Shelter)
Finished game 171 (Shelter vs Baseline): 1/2-1/2 {Draw by insufficient mating material}
Score of Shelter vs Baseline: 61 - 82 - 29  [0.439] 172
Started game 185 of 10000 (Shelter vs Baseline)
Finished game 168 (Baseline vs Shelter): 0-1 {Black wins by adjudication}
Score of Shelter vs Baseline: 62 - 82 - 29  [0.442] 173
Started game 186 of 10000 (Baseline vs Shelter)
Finished game 174 (Baseline vs Shelter): 1-0 {White wins by adjudication}
Score of Shelter vs Baseline: 62 - 83 - 29  [0.440] 174
Started game 187 of 10000 (Shelter vs Baseline)
Finished game 167 (Shelter vs Baseline): 0-1 {Black mates}
Score of Shelter vs Baseline: 62 - 84 - 29  [0.437] 175
Started game 188 of 10000 (Baseline vs Shelter)
Finished game 180 (Baseline vs Shelter): 0-1 {Black wins by adjudication}
Score of Shelter vs Baseline: 63 - 84 - 29  [0.440] 176
Started game 189 of 10000 (Shelter vs Baseline)
Finished game 179 (Shelter vs Baseline): 0-1 {Black wins by adjudication}
Score of Shelter vs Baseline: 63 - 85 - 29  [0.438] 177
Started game 190 of 10000 (Baseline vs Shelter)
Finished game 176 (Baseline vs Shelter): 1-0 {White wins by adjudication}
Score of Shelter vs Baseline: 63 - 86 - 29  [0.435] 178
Started game 191 of 10000 (Shelter vs Baseline)
Finished game 177 (Shelter vs Baseline): 1-0 {White wins by adjudication}
Score of Shelter vs Baseline: 64 - 86 - 29  [0.439] 179
Started game 192 of 10000 (Baseline vs Shelter)
Finished game 178 (Baseline vs Shelter): 1/2-1/2 {Draw by insufficient mating material}
Score of Shelter vs Baseline: 64 - 86 - 30  [0.439] 180
Started game 193 of 10000 (Shelter vs Baseline)
Finished game 181 (Shelter vs Baseline): 1/2-1/2 {Draw by 3-fold repetition}
Score of Shelter vs Baseline: 64 - 86 - 31  [0.439] 181
Started game 194 of 10000 (Baseline vs Shelter)
Finished game 183 (Shelter vs Baseline): 0-1 {Black wins by adjudication}
Score of Shelter vs Baseline: 64 - 87 - 31  [0.437] 182
Started game 195 of 10000 (Shelter vs Baseline)
Finished game 184 (Baseline vs Shelter): 1-0 {White wins by adjudication}
Score of Shelter vs Baseline: 64 - 88 - 31  [0.434] 183
Started game 196 of 10000 (Baseline vs Shelter)
Finished game 182 (Baseline vs Shelter): 1/2-1/2 {Draw by adjudication}
Score of Shelter vs Baseline: 64 - 88 - 32  [0.435] 184
Started game 197 of 10000 (Shelter vs Baseline)
Finished game 185 (Shelter vs Baseline): 1-0 {White wins by adjudication}
Score of Shelter vs Baseline: 65 - 88 - 32  [0.438] 185
Started game 198 of 10000 (Baseline vs Shelter)
Finished game 191 (Shelter vs Baseline): 1-0 {White wins by adjudication}
Score of Shelter vs Baseline: 66 - 88 - 32  [0.441] 186
Started game 199 of 10000 (Shelter vs Baseline)
Finished game 188 (Baseline vs Shelter): 1-0 {White wins by adjudication}
Score of Shelter vs Baseline: 66 - 89 - 32  [0.439] 187
Started game 200 of 10000 (Baseline vs Shelter)
Finished game 187 (Shelter vs Baseline): 0-1 {Black wins by adjudication}
Score of Shelter vs Baseline: 66 - 90 - 32  [0.436] 188
Started game 201 of 10000 (Shelter vs Baseline)
Finished game 192 (Baseline vs Shelter): 0-1 {Black wins by adjudication}
Score of Shelter vs Baseline: 67 - 90 - 32  [0.439] 189
Started game 202 of 10000 (Baseline vs Shelter)
Finished game 186 (Baseline vs Shelter): 0-1 {Black wins by adjudication}
Score of Shelter vs Baseline: 68 - 90 - 32  [0.442] 190
Started game 203 of 10000 (Shelter vs Baseline)
Finished game 194 (Baseline vs Shelter): 1-0 {White wins by adjudication}
Score of Shelter vs Baseline: 68 - 91 - 32  [0.440] 191
Started game 204 of 10000 (Baseline vs Shelter)
Finished game 195 (Shelter vs Baseline): 0-1 {Black wins by adjudication}
Score of Shelter vs Baseline: 68 - 92 - 32  [0.438] 192
Started game 205 of 10000 (Shelter vs Baseline)
Finished game 189 (Shelter vs Baseline): 1/2-1/2 {Draw by fifty moves rule}
Score of Shelter vs Baseline: 68 - 92 - 33  [0.438] 193
Started game 206 of 10000 (Baseline vs Shelter)
Finished game 193 (Shelter vs Baseline): 1-0 {White wins by adjudication}
Score of Shelter vs Baseline: 69 - 92 - 33  [0.441] 194
Started game 207 of 10000 (Shelter vs Baseline)
Finished game 202 (Baseline vs Shelter): 1/2-1/2 {Draw by 3-fold repetition}
Score of Shelter vs Baseline: 69 - 92 - 34  [0.441] 195
Started game 208 of 10000 (Baseline vs Shelter)
Finished game 196 (Baseline vs Shelter): 1-0 {White wins by adjudication}
Score of Shelter vs Baseline: 69 - 93 - 34  [0.439] 196
Started game 209 of 10000 (Shelter vs Baseline)
Finished game 190 (Baseline vs Shelter): 1/2-1/2 {Draw by adjudication}
Score of Shelter vs Baseline: 69 - 93 - 35  [0.439] 197
Started game 210 of 10000 (Baseline vs Shelter)
Finished game 198 (Baseline vs Shelter): 1-0 {White wins by adjudication}
Score of Shelter vs Baseline: 69 - 94 - 35  [0.437] 198
Started game 211 of 10000 (Shelter vs Baseline)
Finished game 201 (Shelter vs Baseline): 0-1 {Black wins by adjudication}
Score of Shelter vs Baseline: 69 - 95 - 35  [0.435] 199
Started game 212 of 10000 (Baseline vs Shelter)
Finished game 197 (Shelter vs Baseline): 0-1 {Black wins by adjudication}
Score of Shelter vs Baseline: 69 - 96 - 35  [0.432] 200
Started game 213 of 10000 (Shelter vs Baseline)
Finished game 199 (Shelter vs Baseline): 0-1 {Black wins by adjudication}
Score of Shelter vs Baseline: 69 - 97 - 35  [0.430] 201
Started game 214 of 10000 (Baseline vs Shelter)
Finished game 206 (Baseline vs Shelter): 0-1 {Black wins by adjudication}
Score of Shelter vs Baseline: 70 - 97 - 35  [0.433] 202
Started game 215 of 10000 (Shelter vs Baseline)
Finished game 200 (Baseline vs Shelter): 0-1 {Black wins by adjudication}
Score of Shelter vs Baseline: 71 - 97 - 35  [0.436] 203
Started game 216 of 10000 (Baseline vs Shelter)
Finished game 204 (Baseline vs Shelter): 1-0 {White wins by adjudication}
Score of Shelter vs Baseline: 71 - 98 - 35  [0.434] 204
Started game 217 of 10000 (Shelter vs Baseline)
Finished game 211 (Shelter vs Baseline): 1/2-1/2 {Draw by 3-fold repetition}
Score of Shelter vs Baseline: 71 - 98 - 36  [0.434] 205
Started game 218 of 10000 (Baseline vs Shelter)
Finished game 205 (Shelter vs Baseline): 1/2-1/2 {Draw by 3-fold repetition}
Score of Shelter vs Baseline: 71 - 98 - 37  [0.434] 206
Started game 219 of 10000 (Shelter vs Baseline)
Finished game 207 (Shelter vs Baseline): 0-1 {Black wins by adjudication}
Score of Shelter vs Baseline: 71 - 99 - 37  [0.432] 207
Started game 220 of 10000 (Baseline vs Shelter)
Finished game 208 (Baseline vs Shelter): 1-0 {White wins by adjudication}
Score of Shelter vs Baseline: 71 - 100 - 37  [0.430] 208
Started game 221 of 10000 (Shelter vs Baseline)
Finished game 210 (Baseline vs Shelter): 0-1 {Black wins by adjudication}
Score of Shelter vs Baseline: 72 - 100 - 37  [0.433] 209
Started game 222 of 10000 (Baseline vs Shelter)
Finished game 203 (Shelter vs Baseline): 1/2-1/2 {Draw by fifty moves rule}
Score of Shelter vs Baseline: 72 - 100 - 38  [0.433] 210
Started game 223 of 10000 (Shelter vs Baseline)
Finished game 212 (Baseline vs Shelter): 1-0 {White wins by adjudication}
Score of Shelter vs Baseline: 72 - 101 - 38  [0.431] 211
Started game 224 of 10000 (Baseline vs Shelter)
Finished game 209 (Shelter vs Baseline): 1-0 {White wins by adjudication}
Score of Shelter vs Baseline: 73 - 101 - 38  [0.434] 212
Started game 225 of 10000 (Shelter vs Baseline)
Finished game 214 (Baseline vs Shelter): 0-1 {Black wins by adjudication}
Score of Shelter vs Baseline: 74 - 101 - 38  [0.437] 213
Started game 226 of 10000 (Baseline vs Shelter)
Finished game 215 (Shelter vs Baseline): 0-1 {Black wins by adjudication}
Score of Shelter vs Baseline: 74 - 102 - 38  [0.435] 214
Started game 227 of 10000 (Shelter vs Baseline)
Finished game 213 (Shelter vs Baseline): 1/2-1/2 {Draw by adjudication}
Score of Shelter vs Baseline: 74 - 102 - 39  [0.435] 215
Started game 228 of 10000 (Baseline vs Shelter)
Finished game 216 (Baseline vs Shelter): 0-1 {Black wins by adjudication}
Score of Shelter vs Baseline: 75 - 102 - 39  [0.438] 216
Started game 229 of 10000 (Shelter vs Baseline)
Finished game 218 (Baseline vs Shelter): 1-0 {White wins by adjudication}
Score of Shelter vs Baseline: 75 - 103 - 39  [0.435] 217
Started game 230 of 10000 (Baseline vs Shelter)
Finished game 221 (Shelter vs Baseline): 0-1 {Black wins by adjudication}
Score of Shelter vs Baseline: 75 - 104 - 39  [0.433] 218
Started game 231 of 10000 (Shelter vs Baseline)
Finished game 217 (Shelter vs Baseline): 0-1 {Black wins by adjudication}
Score of Shelter vs Baseline: 75 - 105 - 39  [0.432] 219
Started game 232 of 10000 (Baseline vs Shelter)
Finished game 219 (Shelter vs Baseline): 1-0 {White wins by adjudication}
Score of Shelter vs Baseline: 76 - 105 - 39  [0.434] 220
Started game 233 of 10000 (Shelter vs Baseline)
Finished game 220 (Baseline vs Shelter): 0-1 {Black wins by adjudication}
Score of Shelter vs Baseline: 77 - 105 - 39  [0.437] 221
Started game 234 of 10000 (Baseline vs Shelter)
Finished game 222 (Baseline vs Shelter): 1-0 {White wins by adjudication}
Score of Shelter vs Baseline: 77 - 106 - 39  [0.435] 222
Started game 235 of 10000 (Shelter vs Baseline)
Finished game 223 (Shelter vs Baseline): 0-1 {Black wins by adjudication}
Score of Shelter vs Baseline: 77 - 107 - 39  [0.433] 223
Started game 236 of 10000 (Baseline vs Shelter)
Finished game 227 (Shelter vs Baseline): 1/2-1/2 {Draw by 3-fold repetition}
Score of Shelter vs Baseline: 77 - 107 - 40  [0.433] 224
Started game 237 of 10000 (Shelter vs Baseline)
Finished game 225 (Shelter vs Baseline): 1/2-1/2 {Draw by adjudication}
Score of Shelter vs Baseline: 77 - 107 - 41  [0.433] 225
Started game 238 of 10000 (Baseline vs Shelter)
Finished game 228 (Baseline vs Shelter): 1-0 {White wins by adjudication}
Score of Shelter vs Baseline: 77 - 108 - 41  [0.431] 226
Started game 239 of 10000 (Shelter vs Baseline)
Finished game 229 (Shelter vs Baseline): 1-0 {White wins by adjudication}
Score of Shelter vs Baseline: 78 - 108 - 41  [0.434] 227
Started game 240 of 10000 (Baseline vs Shelter)
Finished game 231 (Shelter vs Baseline): 1/2-1/2 {Draw by 3-fold repetition}
Score of Shelter vs Baseline: 78 - 108 - 42  [0.434] 228
Started game 241 of 10000 (Shelter vs Baseline)
Finished game 226 (Baseline vs Shelter): 0-1 {Black wins by adjudication}
Score of Shelter vs Baseline: 79 - 108 - 42  [0.437] 229
Started game 242 of 10000 (Baseline vs Shelter)
Finished game 230 (Baseline vs Shelter): 1/2-1/2 {Draw by 3-fold repetition}
Score of Shelter vs Baseline: 79 - 108 - 43  [0.437] 230
Started game 243 of 10000 (Shelter vs Baseline)
Finished game 232 (Baseline vs Shelter): 1-0 {White wins by adjudication}
Score of Shelter vs Baseline: 79 - 109 - 43  [0.435] 231
Started game 244 of 10000 (Baseline vs Shelter)
Finished game 236 (Baseline vs Shelter): 1-0 {White wins by adjudication}
Score of Shelter vs Baseline: 79 - 110 - 43  [0.433] 232
Started game 245 of 10000 (Shelter vs Baseline)
Finished game 234 (Baseline vs Shelter): 0-1 {Black wins by adjudication}
Score of Shelter vs Baseline: 80 - 110 - 43  [0.436] 233
Started game 246 of 10000 (Baseline vs Shelter)
Finished game 233 (Shelter vs Baseline): 1-0 {White wins by adjudication}
Score of Shelter vs Baseline: 81 - 110 - 43  [0.438] 234
Started game 247 of 10000 (Shelter vs Baseline)
Finished game 224 (Baseline vs Shelter): 1/2-1/2 {Draw by 3-fold repetition}
Score of Shelter vs Baseline: 81 - 110 - 44  [0.438] 235
Started game 248 of 10000 (Baseline vs Shelter)
Finished game 237 (Shelter vs Baseline): 1-0 {White wins by adjudication}
Score of Shelter vs Baseline: 82 - 110 - 44  [0.441] 236
Started game 249 of 10000 (Shelter vs Baseline)
Finished game 235 (Shelter vs Baseline): 1-0 {White wins by adjudication}
Score of Shelter vs Baseline: 83 - 110 - 44  [0.443] 237
Started game 250 of 10000 (Baseline vs Shelter)
Finished game 240 (Baseline vs Shelter): 1-0 {White wins by adjudication}
Score of Shelter vs Baseline: 83 - 111 - 44  [0.441] 238
Started game 251 of 10000 (Shelter vs Baseline)
Finished game 238 (Baseline vs Shelter): 0-1 {Black wins by adjudication}
Score of Shelter vs Baseline: 84 - 111 - 44  [0.444] 239
Started game 252 of 10000 (Baseline vs Shelter)
Finished game 242 (Baseline vs Shelter): 0-1 {Black wins by adjudication}
Score of Shelter vs Baseline: 85 - 111 - 44  [0.446] 240
Started game 253 of 10000 (Shelter vs Baseline)
Finished game 239 (Shelter vs Baseline): 1-0 {White wins by adjudication}
Score of Shelter vs Baseline: 86 - 111 - 44  [0.448] 241
Started game 254 of 10000 (Baseline vs Shelter)
Finished game 241 (Shelter vs Baseline): 1/2-1/2 {Draw by insufficient mating material}
Score of Shelter vs Baseline: 86 - 111 - 45  [0.448] 242
Started game 255 of 10000 (Shelter vs Baseline)
Finished game 244 (Baseline vs Shelter): 1-0 {White wins by adjudication}
Score of Shelter vs Baseline: 86 - 112 - 45  [0.447] 243
Started game 256 of 10000 (Baseline vs Shelter)
Finished game 243 (Shelter vs Baseline): 1-0 {White wins by adjudication}
Score of Shelter vs Baseline: 87 - 112 - 45  [0.449] 244
Started game 257 of 10000 (Shelter vs Baseline)
Finished game 245 (Shelter vs Baseline): 0-1 {Black wins by adjudication}
Score of Shelter vs Baseline: 87 - 113 - 45  [0.447] 245
Started game 258 of 10000 (Baseline vs Shelter)
Finished game 247 (Shelter vs Baseline): 0-1 {Black wins by adjudication}
Score of Shelter vs Baseline: 87 - 114 - 45  [0.445] 246
Started game 259 of 10000 (Shelter vs Baseline)
Finished game 246 (Baseline vs Shelter): 1-0 {White wins by adjudication}
Score of Shelter vs Baseline: 87 - 115 - 45  [0.443] 247
Started game 260 of 10000 (Baseline vs Shelter)
Finished game 248 (Baseline vs Shelter): 0-1 {Black wins by adjudication}
Score of Shelter vs Baseline: 88 - 115 - 45  [0.446] 248
Started game 261 of 10000 (Shelter vs Baseline)
Finished game 256 (Baseline vs Shelter): 1-0 {White wins by adjudication}
Score of Shelter vs Baseline: 88 - 116 - 45  [0.444] 249
Started game 262 of 10000 (Baseline vs Shelter)
Finished game 249 (Shelter vs Baseline): 1-0 {White wins by adjudication}
Score of Shelter vs Baseline: 89 - 116 - 45  [0.446] 250
Started game 263 of 10000 (Shelter vs Baseline)
Finished game 250 (Baseline vs Shelter): 1-0 {White wins by adjudication}
Score of Shelter vs Baseline: 89 - 117 - 45  [0.444] 251
Started game 264 of 10000 (Baseline vs Shelter)
Finished game 253 (Shelter vs Baseline): 1-0 {White wins by adjudication}
Score of Shelter vs Baseline: 90 - 117 - 45  [0.446] 252
Started game 265 of 10000 (Shelter vs Baseline)
Finished game 257 (Shelter vs Baseline): 0-1 {Black wins by adjudication}
Score of Shelter vs Baseline: 90 - 118 - 45  [0.445] 253
Started game 266 of 10000 (Baseline vs Shelter)
Finished game 254 (Baseline vs Shelter): 1-0 {White wins by adjudication}
Score of Shelter vs Baseline: 90 - 119 - 45  [0.443] 254
Started game 267 of 10000 (Shelter vs Baseline)
Finished game 252 (Baseline vs Shelter): 1/2-1/2 {Draw by adjudication}
Score of Shelter vs Baseline: 90 - 119 - 46  [0.443] 255
Started game 268 of 10000 (Baseline vs Shelter)
Finished game 251 (Shelter vs Baseline): 1-0 {White wins by adjudication}
Score of Shelter vs Baseline: 91 - 119 - 46  [0.445] 256
Started game 269 of 10000 (Shelter vs Baseline)
Finished game 258 (Baseline vs Shelter): 0-1 {Black wins by adjudication}
Score of Shelter vs Baseline: 92 - 119 - 46  [0.447] 257
Started game 270 of 10000 (Baseline vs Shelter)
Finished game 263 (Shelter vs Baseline): 1-0 {White wins by adjudication}
Score of Shelter vs Baseline: 93 - 119 - 46  [0.450] 258
Started game 271 of 10000 (Shelter vs Baseline)
Finished game 259 (Shelter vs Baseline): 1-0 {White wins by adjudication}
Score of Shelter vs Baseline: 94 - 119 - 46  [0.452] 259
Started game 272 of 10000 (Baseline vs Shelter)
Finished game 262 (Baseline vs Shelter): 0-1 {Black wins by adjudication}
Score of Shelter vs Baseline: 95 - 119 - 46  [0.454] 260
Started game 273 of 10000 (Shelter vs Baseline)
Finished game 255 (Shelter vs Baseline): 1/2-1/2 {Draw by adjudication}
Score of Shelter vs Baseline: 95 - 119 - 47  [0.454] 261
Started game 274 of 10000 (Baseline vs Shelter)
Finished game 261 (Shelter vs Baseline): 0-1 {Black wins by adjudication}
Score of Shelter vs Baseline: 95 - 120 - 47  [0.452] 262
Started game 275 of 10000 (Shelter vs Baseline)
Finished game 265 (Shelter vs Baseline): 1-0 {White wins by adjudication}
Score of Shelter vs Baseline: 96 - 120 - 47  [0.454] 263
Started game 276 of 10000 (Baseline vs Shelter)
Finished game 275 (Shelter vs Baseline): 1-0 {White wins by adjudication}
Score of Shelter vs Baseline: 97 - 120 - 47  [0.456] 264
Started game 277 of 10000 (Shelter vs Baseline)
Finished game 276 (Baseline vs Shelter): 1-0 {White wins by adjudication}
Score of Shelter vs Baseline: 97 - 121 - 47  [0.455] 265
Started game 278 of 10000 (Baseline vs Shelter)
Finished game 269 (Shelter vs Baseline): 0-1 {Black wins by adjudication}
Score of Shelter vs Baseline: 97 - 122 - 47  [0.453] 266
Started game 279 of 10000 (Shelter vs Baseline)
Finished game 266 (Baseline vs Shelter): 0-1 {Black wins by adjudication}
Score of Shelter vs Baseline: 98 - 122 - 47  [0.455] 267
Started game 280 of 10000 (Baseline vs Shelter)
Finished game 268 (Baseline vs Shelter): 1-0 {White wins by adjudication}
Score of Shelter vs Baseline: 98 - 123 - 47  [0.453] 268
Started game 281 of 10000 (Shelter vs Baseline)
Finished game 271 (Shelter vs Baseline): 0-1 {Black wins by adjudication}
Score of Shelter vs Baseline: 98 - 124 - 47  [0.452] 269
Started game 282 of 10000 (Baseline vs Shelter)
Finished game 264 (Baseline vs Shelter): 0-1 {Black wins by adjudication}
Score of Shelter vs Baseline: 99 - 124 - 47  [0.454] 270
Started game 283 of 10000 (Shelter vs Baseline)
Finished game 267 (Shelter vs Baseline): 1/2-1/2 {Draw by adjudication}
Score of Shelter vs Baseline: 99 - 124 - 48  [0.454] 271
Started game 284 of 10000 (Baseline vs Shelter)
Finished game 270 (Baseline vs Shelter): 1/2-1/2 {Draw by adjudication}
Score of Shelter vs Baseline: 99 - 124 - 49  [0.454] 272
Started game 285 of 10000 (Shelter vs Baseline)
Finished game 272 (Baseline vs Shelter): 1/2-1/2 {Draw by 3-fold repetition}
Score of Shelter vs Baseline: 99 - 124 - 50  [0.454] 273
Started game 286 of 10000 (Baseline vs Shelter)
Finished game 279 (Shelter vs Baseline): 1-0 {White wins by adjudication}
Score of Shelter vs Baseline: 100 - 124 - 50  [0.456] 274
Started game 287 of 10000 (Shelter vs Baseline)
Finished game 278 (Baseline vs Shelter): 1-0 {White wins by adjudication}
Score of Shelter vs Baseline: 100 - 125 - 50  [0.455] 275
Started game 288 of 10000 (Baseline vs Shelter)
Finished game 274 (Baseline vs Shelter): 1-0 {White wins by adjudication}
Score of Shelter vs Baseline: 100 - 126 - 50  [0.453] 276
Started game 289 of 10000 (Shelter vs Baseline)
Finished game 260 (Baseline vs Shelter): 1/2-1/2 {Draw by fifty moves rule}
Score of Shelter vs Baseline: 100 - 126 - 51  [0.453] 277
Started game 290 of 10000 (Baseline vs Shelter)
Finished game 273 (Shelter vs Baseline): 1/2-1/2 {Draw by adjudication}
Score of Shelter vs Baseline: 100 - 126 - 52  [0.453] 278
Started game 291 of 10000 (Shelter vs Baseline)
Finished game 284 (Baseline vs Shelter): 0-1 {Black wins by adjudication}
Score of Shelter vs Baseline: 101 - 126 - 52  [0.455] 279
Started game 292 of 10000 (Baseline vs Shelter)
Finished game 280 (Baseline vs Shelter): 1-0 {White wins by adjudication}
Score of Shelter vs Baseline: 101 - 127 - 52  [0.454] 280
Started game 293 of 10000 (Shelter vs Baseline)
Finished game 285 (Shelter vs Baseline): 1-0 {White wins by adjudication}
Score of Shelter vs Baseline: 102 - 127 - 52  [0.456] 281
Started game 294 of 10000 (Baseline vs Shelter)
Finished game 287 (Shelter vs Baseline): 1-0 {White wins by adjudication}
Score of Shelter vs Baseline: 103 - 127 - 52  [0.457] 282
Started game 295 of 10000 (Shelter vs Baseline)
Finished game 286 (Baseline vs Shelter): 1-0 {White wins by adjudication}
Score of Shelter vs Baseline: 103 - 128 - 52  [0.456] 283
Started game 296 of 10000 (Baseline vs Shelter)
Finished game 277 (Shelter vs Baseline): 0-1 {Black wins by adjudication}
Score of Shelter vs Baseline: 103 - 129 - 52  [0.454] 284
Started game 297 of 10000 (Shelter vs Baseline)
Finished game 282 (Baseline vs Shelter): 0-1 {Black wins by adjudication}
Score of Shelter vs Baseline: 104 - 129 - 52  [0.456] 285
Started game 298 of 10000 (Baseline vs Shelter)
Finished game 289 (Shelter vs Baseline): 0-1 {Black wins by adjudication}
Score of Shelter vs Baseline: 104 - 130 - 52  [0.455] 286
Started game 299 of 10000 (Shelter vs Baseline)
Finished game 281 (Shelter vs Baseline): 1/2-1/2 {Draw by 3-fold repetition}
Score of Shelter vs Baseline: 104 - 130 - 53  [0.455] 287
Started game 300 of 10000 (Baseline vs Shelter)
Finished game 290 (Baseline vs Shelter): 0-1 {Black wins by adjudication}
Score of Shelter vs Baseline: 105 - 130 - 53  [0.457] 288
Started game 301 of 10000 (Shelter vs Baseline)
Finished game 283 (Shelter vs Baseline): 1-0 {White wins by adjudication}
Score of Shelter vs Baseline: 106 - 130 - 53  [0.458] 289
Started game 302 of 10000 (Baseline vs Shelter)
Finished game 293 (Shelter vs Baseline): 0-1 {Black wins by adjudication}
Score of Shelter vs Baseline: 106 - 131 - 53  [0.457] 290
Started game 303 of 10000 (Shelter vs Baseline)
Finished game 291 (Shelter vs Baseline): 1-0 {White wins by adjudication}
Score of Shelter vs Baseline: 107 - 131 - 53  [0.459] 291
Started game 304 of 10000 (Baseline vs Shelter)
Finished game 294 (Baseline vs Shelter): 0-1 {Black wins by adjudication}
Score of Shelter vs Baseline: 108 - 131 - 53  [0.461] 292
Started game 305 of 10000 (Shelter vs Baseline)
Finished game 288 (Baseline vs Shelter): 1/2-1/2 {Draw by fifty moves rule}
Score of Shelter vs Baseline: 108 - 131 - 54  [0.461] 293
Started game 306 of 10000 (Baseline vs Shelter)
Finished game 300 (Baseline vs Shelter): 0-1 {Black wins by adjudication}
Score of Shelter vs Baseline: 109 - 131 - 54  [0.463] 294
Started game 307 of 10000 (Shelter vs Baseline)
Finished game 298 (Baseline vs Shelter): 1-0 {White wins by adjudication}
Score of Shelter vs Baseline: 109 - 132 - 54  [0.461] 295
Started game 308 of 10000 (Baseline vs Shelter)
Finished game 299 (Shelter vs Baseline): 0-1 {Black wins by adjudication}
Score of Shelter vs Baseline: 109 - 133 - 54  [0.459] 296
Started game 309 of 10000 (Shelter vs Baseline)
Finished game 296 (Baseline vs Shelter): 0-1 {Black wins by adjudication}
Score of Shelter vs Baseline: 110 - 133 - 54  [0.461] 297
Started game 310 of 10000 (Baseline vs Shelter)
Finished game 297 (Shelter vs Baseline): 0-1 {Black wins by adjudication}
Score of Shelter vs Baseline: 110 - 134 - 54  [0.460] 298
Started game 311 of 10000 (Shelter vs Baseline)
Finished game 302 (Baseline vs Shelter): 1-0 {White wins by adjudication}
Score of Shelter vs Baseline: 110 - 135 - 54  [0.458] 299
Started game 312 of 10000 (Baseline vs Shelter)
Finished game 301 (Shelter vs Baseline): 0-1 {Black wins by adjudication}
Score of Shelter vs Baseline: 110 - 136 - 54  [0.457] 300
Started game 313 of 10000 (Shelter vs Baseline)
Finished game 292 (Baseline vs Shelter): 1/2-1/2 {Draw by fifty moves rule}
Score of Shelter vs Baseline: 110 - 136 - 55  [0.457] 301
Started game 314 of 10000 (Baseline vs Shelter)
Finished game 295 (Shelter vs Baseline): 1/2-1/2 {Draw by insufficient mating material}
Score of Shelter vs Baseline: 110 - 136 - 56  [0.457] 302
Started game 315 of 10000 (Shelter vs Baseline)
Finished game 303 (Shelter vs Baseline): 0-1 {Black wins by adjudication}
Score of Shelter vs Baseline: 110 - 137 - 56  [0.455] 303
Started game 316 of 10000 (Baseline vs Shelter)
Finished game 304 (Baseline vs Shelter): 0-1 {Black wins by adjudication}
Score of Shelter vs Baseline: 111 - 137 - 56  [0.457] 304
Started game 317 of 10000 (Shelter vs Baseline)
Finished game 306 (Baseline vs Shelter): 0-1 {Black wins by adjudication}
Score of Shelter vs Baseline: 112 - 137 - 56  [0.459] 305
Started game 318 of 10000 (Baseline vs Shelter)
Finished game 305 (Shelter vs Baseline): 1-0 {White wins by adjudication}
Score of Shelter vs Baseline: 113 - 137 - 56  [0.461] 306
Started game 319 of 10000 (Shelter vs Baseline)
Finished game 308 (Baseline vs Shelter): 1/2-1/2 {Draw by adjudication}
Score of Shelter vs Baseline: 113 - 137 - 57  [0.461] 307
Started game 320 of 10000 (Baseline vs Shelter)
Finished game 307 (Shelter vs Baseline): 0-1 {Black wins by adjudication}
Score of Shelter vs Baseline: 113 - 138 - 57  [0.459] 308
Started game 321 of 10000 (Shelter vs Baseline)
Finished game 310 (Baseline vs Shelter): 0-1 {Black wins by adjudication}
Score of Shelter vs Baseline: 114 - 138 - 57  [0.461] 309
Started game 322 of 10000 (Baseline vs Shelter)
Finished game 309 (Shelter vs Baseline): 0-1 {Black wins by adjudication}
Score of Shelter vs Baseline: 114 - 139 - 57  [0.460] 310
Started game 323 of 10000 (Shelter vs Baseline)
Finished game 315 (Shelter vs Baseline): 1/2-1/2 {Draw by 3-fold repetition}
Score of Shelter vs Baseline: 114 - 139 - 58  [0.460] 311
Started game 324 of 10000 (Baseline vs Shelter)
Finished game 311 (Shelter vs Baseline): 1-0 {White wins by adjudication}
Score of Shelter vs Baseline: 115 - 139 - 58  [0.462] 312
Started game 325 of 10000 (Shelter vs Baseline)
Finished game 313 (Shelter vs Baseline): 1-0 {White wins by adjudication}
Score of Shelter vs Baseline: 116 - 139 - 58  [0.463] 313
Started game 326 of 10000 (Baseline vs Shelter)
Finished game 312 (Baseline vs Shelter): 1-0 {White wins by adjudication}
Score of Shelter vs Baseline: 116 - 140 - 58  [0.462] 314
Started game 327 of 10000 (Shelter vs Baseline)
Finished game 320 (Baseline vs Shelter): 1-0 {White wins by adjudication}
Score of Shelter vs Baseline: 116 - 141 - 58  [0.460] 315
Started game 328 of 10000 (Baseline vs Shelter)
Finished game 319 (Shelter vs Baseline): 1-0 {White wins by adjudication}
Score of Shelter vs Baseline: 117 - 141 - 58  [0.462] 316
Started game 329 of 10000 (Shelter vs Baseline)
Finished game 316 (Baseline vs Shelter): 1-0 {White wins by adjudication}
Score of Shelter vs Baseline: 117 - 142 - 58  [0.461] 317
Started game 330 of 10000 (Baseline vs Shelter)
Finished game 318 (Baseline vs Shelter): 0-1 {Black wins by adjudication}
Score of Shelter vs Baseline: 118 - 142 - 58  [0.462] 318
Started game 331 of 10000 (Shelter vs Baseline)
Finished game 323 (Shelter vs Baseline): 0-1 {Black wins by adjudication}
Score of Shelter vs Baseline: 118 - 143 - 58  [0.461] 319
Started game 332 of 10000 (Baseline vs Shelter)
Finished game 322 (Baseline vs Shelter): 1-0 {White wins by adjudication}
Score of Shelter vs Baseline: 118 - 144 - 58  [0.459] 320
Started game 333 of 10000 (Shelter vs Baseline)
Finished game 325 (Shelter vs Baseline): 1-0 {White wins by adjudication}
Score of Shelter vs Baseline: 119 - 144 - 58  [0.461] 321
Started game 334 of 10000 (Baseline vs Shelter)
Finished game 314 (Baseline vs Shelter): 1-0 {White wins by adjudication}
Score of Shelter vs Baseline: 119 - 145 - 58  [0.460] 322
Started game 335 of 10000 (Shelter vs Baseline)
Finished game 317 (Shelter vs Baseline): 0-1 {Black wins by adjudication}
Score of Shelter vs Baseline: 119 - 146 - 58  [0.458] 323
Started game 336 of 10000 (Baseline vs Shelter)
Finished game 321 (Shelter vs Baseline): 1-0 {White wins by adjudication}
Score of Shelter vs Baseline: 120 - 146 - 58  [0.460] 324
Started game 337 of 10000 (Shelter vs Baseline)
Finished game 324 (Baseline vs Shelter): 0-1 {Black wins by adjudication}
Score of Shelter vs Baseline: 121 - 146 - 58  [0.462] 325
Started game 338 of 10000 (Baseline vs Shelter)
Finished game 331 (Shelter vs Baseline): 1-0 {White wins by adjudication}
Score of Shelter vs Baseline: 122 - 146 - 58  [0.463] 326
Started game 339 of 10000 (Shelter vs Baseline)
Finished game 327 (Shelter vs Baseline): 1-0 {White wins by adjudication}
Score of Shelter vs Baseline: 123 - 146 - 58  [0.465] 327
Started game 340 of 10000 (Baseline vs Shelter)
Finished game 330 (Baseline vs Shelter): 0-1 {Black wins by adjudication}
Score of Shelter vs Baseline: 124 - 146 - 58  [0.466] 328
Started game 341 of 10000 (Shelter vs Baseline)
Finished game 328 (Baseline vs Shelter): 1-0 {White mates}
Score of Shelter vs Baseline: 124 - 147 - 58  [0.465] 329
Started game 342 of 10000 (Baseline vs Shelter)
Finished game 329 (Shelter vs Baseline): 0-1 {Black wins by adjudication}
Score of Shelter vs Baseline: 124 - 148 - 58  [0.464] 330
Started game 343 of 10000 (Shelter vs Baseline)
Finished game 332 (Baseline vs Shelter): 1-0 {White wins by adjudication}
Score of Shelter vs Baseline: 124 - 149 - 58  [0.462] 331
Started game 344 of 10000 (Baseline vs Shelter)
Finished game 326 (Baseline vs Shelter): 1-0 {White wins by adjudication}
Score of Shelter vs Baseline: 124 - 150 - 58  [0.461] 332
Started game 345 of 10000 (Shelter vs Baseline)
Finished game 333 (Shelter vs Baseline): 0-1 {Black wins by adjudication}
Score of Shelter vs Baseline: 124 - 151 - 58  [0.459] 333
Started game 346 of 10000 (Baseline vs Shelter)
Finished game 335 (Shelter vs Baseline): 0-1 {Black wins by adjudication}
Score of Shelter vs Baseline: 124 - 152 - 58  [0.458] 334
Started game 347 of 10000 (Shelter vs Baseline)
Finished game 336 (Baseline vs Shelter): 1-0 {White wins by adjudication}
Score of Shelter vs Baseline: 124 - 153 - 58  [0.457] 335
Started game 348 of 10000 (Baseline vs Shelter)
Finished game 337 (Shelter vs Baseline): 0-1 {Black wins by adjudication}
Score of Shelter vs Baseline: 124 - 154 - 58  [0.455] 336
Started game 349 of 10000 (Shelter vs Baseline)
Finished game 339 (Shelter vs Baseline): 1-0 {White wins by adjudication}
Score of Shelter vs Baseline: 125 - 154 - 58  [0.457] 337
Started game 350 of 10000 (Baseline vs Shelter)
Finished game 342 (Baseline vs Shelter): 1-0 {White wins by adjudication}
Score of Shelter vs Baseline: 125 - 155 - 58  [0.456] 338
Started game 351 of 10000 (Shelter vs Baseline)
Finished game 341 (Shelter vs Baseline): 1-0 {White wins by adjudication}
Score of Shelter vs Baseline: 126 - 155 - 58  [0.457] 339
Started game 352 of 10000 (Baseline vs Shelter)
Finished game 334 (Baseline vs Shelter): 1/2-1/2 {Draw by fifty moves rule}
Score of Shelter vs Baseline: 126 - 155 - 59  [0.457] 340
Started game 353 of 10000 (Shelter vs Baseline)
Finished game 344 (Baseline vs Shelter): 0-1 {Black wins by adjudication}
Score of Shelter vs Baseline: 127 - 155 - 59  [0.459] 341
Started game 354 of 10000 (Baseline vs Shelter)
Finished game 348 (Baseline vs Shelter): 0-1 {Black wins by adjudication}
Score of Shelter vs Baseline: 128 - 155 - 59  [0.461] 342
Started game 355 of 10000 (Shelter vs Baseline)
Finished game 345 (Shelter vs Baseline): 1-0 {White wins by adjudication}
Score of Shelter vs Baseline: 129 - 155 - 59  [0.462] 343
Started game 356 of 10000 (Baseline vs Shelter)
Finished game 346 (Baseline vs Shelter): 1-0 {White wins by adjudication}
Score of Shelter vs Baseline: 129 - 156 - 59  [0.461] 344
Started game 357 of 10000 (Shelter vs Baseline)
Finished game 338 (Baseline vs Shelter): 1/2-1/2 {Draw by insufficient mating material}
Score of Shelter vs Baseline: 129 - 156 - 60  [0.461] 345
Started game 358 of 10000 (Baseline vs Shelter)
Finished game 340 (Baseline vs Shelter): 1/2-1/2 {Draw by adjudication}
Score of Shelter vs Baseline: 129 - 156 - 61  [0.461] 346
Started game 359 of 10000 (Shelter vs Baseline)
Finished game 343 (Shelter vs Baseline): 1/2-1/2 {Draw by 3-fold repetition}
Score of Shelter vs Baseline: 129 - 156 - 62  [0.461] 347
Started game 360 of 10000 (Baseline vs Shelter)
Finished game 349 (Shelter vs Baseline): 1/2-1/2 {Draw by 3-fold repetition}
Score of Shelter vs Baseline: 129 - 156 - 63  [0.461] 348
Started game 361 of 10000 (Shelter vs Baseline)
Finished game 347 (Shelter vs Baseline): 0-1 {Black wins by adjudication}
Score of Shelter vs Baseline: 129 - 157 - 63  [0.460] 349
Started game 362 of 10000 (Baseline vs Shelter)
Finished game 356 (Baseline vs Shelter): 1-0 {White wins by adjudication}
Score of Shelter vs Baseline: 129 - 158 - 63  [0.459] 350
Started game 363 of 10000 (Shelter vs Baseline)
Finished game 350 (Baseline vs Shelter): 0-1 {Black wins by adjudication}
Score of Shelter vs Baseline: 130 - 158 - 63  [0.460] 351
Started game 364 of 10000 (Baseline vs Shelter)
Finished game 357 (Shelter vs Baseline): 1-0 {White wins by adjudication}
Score of Shelter vs Baseline: 131 - 158 - 63  [0.462] 352
Started game 365 of 10000 (Shelter vs Baseline)
Finished game 352 (Baseline vs Shelter): 1-0 {White wins by adjudication}
Score of Shelter vs Baseline: 131 - 159 - 63  [0.460] 353
Started game 366 of 10000 (Baseline vs Shelter)
Finished game 351 (Shelter vs Baseline): 1-0 {White wins by adjudication}
Score of Shelter vs Baseline: 132 - 159 - 63  [0.462] 354
Started game 367 of 10000 (Shelter vs Baseline)
Finished game 353 (Shelter vs Baseline): 0-1 {Black wins by adjudication}
Score of Shelter vs Baseline: 132 - 160 - 63  [0.461] 355
Started game 368 of 10000 (Baseline vs Shelter)
Finished game 354 (Baseline vs Shelter): 0-1 {Black wins by adjudication}
Score of Shelter vs Baseline: 133 - 160 - 63  [0.462] 356
Started game 369 of 10000 (Shelter vs Baseline)
Finished game 358 (Baseline vs Shelter): 1-0 {White wins by adjudication}
Score of Shelter vs Baseline: 133 - 161 - 63  [0.461] 357
Started game 370 of 10000 (Baseline vs Shelter)
Finished game 360 (Baseline vs Shelter): 1-0 {White wins by adjudication}
Score of Shelter vs Baseline: 133 - 162 - 63  [0.459] 358
Started game 371 of 10000 (Shelter vs Baseline)
Finished game 359 (Shelter vs Baseline): 0-1 {Black wins by adjudication}
Score of Shelter vs Baseline: 133 - 163 - 63  [0.458] 359
Started game 372 of 10000 (Baseline vs Shelter)
Finished game 365 (Shelter vs Baseline): 0-1 {Black wins by adjudication}
Score of Shelter vs Baseline: 133 - 164 - 63  [0.457] 360
Started game 373 of 10000 (Shelter vs Baseline)
Finished game 364 (Baseline vs Shelter): 1-0 {White wins by adjudication}
Score of Shelter vs Baseline: 133 - 165 - 63  [0.456] 361
Started game 374 of 10000 (Baseline vs Shelter)
Finished game 361 (Shelter vs Baseline): 1/2-1/2 {Draw by adjudication}
Score of Shelter vs Baseline: 133 - 165 - 64  [0.456] 362
Started game 375 of 10000 (Shelter vs Baseline)
Finished game 369 (Shelter vs Baseline): 1-0 {White wins by adjudication}
Score of Shelter vs Baseline: 134 - 165 - 64  [0.457] 363
Started game 376 of 10000 (Baseline vs Shelter)
Finished game 363 (Shelter vs Baseline): 1/2-1/2 {Draw by insufficient mating material}
Score of Shelter vs Baseline: 134 - 165 - 65  [0.457] 364
Started game 377 of 10000 (Shelter vs Baseline)
Finished game 355 (Shelter vs Baseline): 1/2-1/2 {Draw by fifty moves rule}
Score of Shelter vs Baseline: 134 - 165 - 66  [0.458] 365
Started game 378 of 10000 (Baseline vs Shelter)
Finished game 367 (Shelter vs Baseline): 1/2-1/2 {Draw by insufficient mating material}
Score of Shelter vs Baseline: 134 - 165 - 67  [0.458] 366
Started game 379 of 10000 (Shelter vs Baseline)
Finished game 362 (Baseline vs Shelter): 1/2-1/2 {Draw by insufficient mating material}
Score of Shelter vs Baseline: 134 - 165 - 68  [0.458] 367
Started game 380 of 10000 (Baseline vs Shelter)
Finished game 371 (Shelter vs Baseline): 1/2-1/2 {Draw by 3-fold repetition}
Score of Shelter vs Baseline: 134 - 165 - 69  [0.458] 368
Started game 381 of 10000 (Shelter vs Baseline)
Finished game 370 (Baseline vs Shelter): 1-0 {White wins by adjudication}
Score of Shelter vs Baseline: 134 - 166 - 69  [0.457] 369
Started game 382 of 10000 (Baseline vs Shelter)
Finished game 374 (Baseline vs Shelter): 0-1 {Black mates}
Score of Shelter vs Baseline: 135 - 166 - 69  [0.458] 370
Started game 383 of 10000 (Shelter vs Baseline)
Finished game 372 (Baseline vs Shelter): 1-0 {White wins by adjudication}
Score of Shelter vs Baseline: 135 - 167 - 69  [0.457] 371
Started game 384 of 10000 (Baseline vs Shelter)
Finished game 376 (Baseline vs Shelter): 0-1 {Black wins by adjudication}
Score of Shelter vs Baseline: 136 - 167 - 69  [0.458] 372
Started game 385 of 10000 (Shelter vs Baseline)
Finished game 373 (Shelter vs Baseline): 1/2-1/2 {Draw by 3-fold repetition}
Score of Shelter vs Baseline: 136 - 167 - 70  [0.458] 373
Started game 386 of 10000 (Baseline vs Shelter)
Finished game 366 (Baseline vs Shelter): 1/2-1/2 {Draw by fifty moves rule}
Score of Shelter vs Baseline: 136 - 167 - 71  [0.459] 374
Started game 387 of 10000 (Shelter vs Baseline)
Finished game 368 (Baseline vs Shelter): 1-0 {White wins by adjudication}
Score of Shelter vs Baseline: 136 - 168 - 71  [0.457] 375
Started game 388 of 10000 (Baseline vs Shelter)
Finished game 377 (Shelter vs Baseline): 0-1 {Black wins by adjudication}
Score of Shelter vs Baseline: 136 - 169 - 71  [0.456] 376
Started game 389 of 10000 (Shelter vs Baseline)
Finished game 380 (Baseline vs Shelter): 1-0 {White wins by adjudication}
Score of Shelter vs Baseline: 136 - 170 - 71  [0.455] 377
Started game 390 of 10000 (Baseline vs Shelter)
Finished game 375 (Shelter vs Baseline): 0-1 {Black wins by adjudication}
Score of Shelter vs Baseline: 136 - 171 - 71  [0.454] 378
Started game 391 of 10000 (Shelter vs Baseline)
Finished game 381 (Shelter vs Baseline): 1-0 {White wins by adjudication}
Score of Shelter vs Baseline: 137 - 171 - 71  [0.455] 379
Started game 392 of 10000 (Baseline vs Shelter)
Finished game 378 (Baseline vs Shelter): 1-0 {White wins by adjudication}
Score of Shelter vs Baseline: 137 - 172 - 71  [0.454] 380
Started game 393 of 10000 (Shelter vs Baseline)
Finished game 379 (Shelter vs Baseline): 1/2-1/2 {Draw by 3-fold repetition}
Score of Shelter vs Baseline: 137 - 172 - 72  [0.454] 381
Started game 394 of 10000 (Baseline vs Shelter)
Finished game 382 (Baseline vs Shelter): 0-1 {Black wins by adjudication}
Score of Shelter vs Baseline: 138 - 172 - 72  [0.455] 382
Started game 395 of 10000 (Shelter vs Baseline)
Finished game 386 (Baseline vs Shelter): 1-0 {White wins by adjudication}
Score of Shelter vs Baseline: 138 - 173 - 72  [0.454] 383
Started game 396 of 10000 (Baseline vs Shelter)
Finished game 385 (Shelter vs Baseline): 1/2-1/2 {Draw by 3-fold repetition}
Score of Shelter vs Baseline: 138 - 173 - 73  [0.454] 384
Started game 397 of 10000 (Shelter vs Baseline)
Finished game 387 (Shelter vs Baseline): 0-1 {Black wins by adjudication}
Score of Shelter vs Baseline: 138 - 174 - 73  [0.453] 385
Started game 398 of 10000 (Baseline vs Shelter)
Finished game 384 (Baseline vs Shelter): 0-1 {Black wins by adjudication}
Score of Shelter vs Baseline: 139 - 174 - 73  [0.455] 386
Started game 399 of 10000 (Shelter vs Baseline)
Finished game 388 (Baseline vs Shelter): 1-0 {White wins by adjudication}
Score of Shelter vs Baseline: 139 - 175 - 73  [0.453] 387
Started game 400 of 10000 (Baseline vs Shelter)
Finished game 391 (Shelter vs Baseline): 1-0 {White wins by adjudication}
Score of Shelter vs Baseline: 140 - 175 - 73  [0.455] 388
Started game 401 of 10000 (Shelter vs Baseline)
Finished game 389 (Shelter vs Baseline): 1-0 {White wins by adjudication}
Score of Shelter vs Baseline: 141 - 175 - 73  [0.456] 389
Started game 402 of 10000 (Baseline vs Shelter)
Finished game 392 (Baseline vs Shelter): 1-0 {White wins by adjudication}
Score of Shelter vs Baseline: 141 - 176 - 73  [0.455] 390
Started game 403 of 10000 (Shelter vs Baseline)
Finished game 390 (Baseline vs Shelter): 1-0 {White wins by adjudication}
Score of Shelter vs Baseline: 141 - 177 - 73  [0.454] 391
Started game 404 of 10000 (Baseline vs Shelter)
Finished game 398 (Baseline vs Shelter): 1/2-1/2 {Draw by 3-fold repetition}
Score of Shelter vs Baseline: 141 - 177 - 74  [0.454] 392
Started game 405 of 10000 (Shelter vs Baseline)
Finished game 383 (Shelter vs Baseline): 1-0 {White wins by adjudication}
Score of Shelter vs Baseline: 142 - 177 - 74  [0.455] 393
Started game 406 of 10000 (Baseline vs Shelter)
Finished game 394 (Baseline vs Shelter): 0-1 {Black wins by adjudication}
Score of Shelter vs Baseline: 143 - 177 - 74  [0.457] 394
Started game 407 of 10000 (Shelter vs Baseline)
Finished game 395 (Shelter vs Baseline): 1-0 {White wins by adjudication}
Score of Shelter vs Baseline: 144 - 177 - 74  [0.458] 395
Started game 408 of 10000 (Baseline vs Shelter)
Finished game 396 (Baseline vs Shelter): 1-0 {White wins by adjudication}
Score of Shelter vs Baseline: 144 - 178 - 74  [0.457] 396
Started game 409 of 10000 (Shelter vs Baseline)
Finished game 401 (Shelter vs Baseline): 0-1 {Black wins by adjudication}
Score of Shelter vs Baseline: 144 - 179 - 74  [0.456] 397
Started game 410 of 10000 (Baseline vs Shelter)
Finished game 400 (Baseline vs Shelter): 1-0 {White wins by adjudication}
Score of Shelter vs Baseline: 144 - 180 - 74  [0.455] 398
Started game 411 of 10000 (Shelter vs Baseline)
Finished game 399 (Shelter vs Baseline): 0-1 {Black wins by adjudication}
Score of Shelter vs Baseline: 144 - 181 - 74  [0.454] 399
Started game 412 of 10000 (Baseline vs Shelter)
Finished game 402 (Baseline vs Shelter): 0-1 {Black wins by adjudication}
Score of Shelter vs Baseline: 145 - 181 - 74  [0.455] 400
Started game 413 of 10000 (Shelter vs Baseline)
Finished game 393 (Shelter vs Baseline): 0-1 {Black wins by adjudication}
Score of Shelter vs Baseline: 145 - 182 - 74  [0.454] 401
Started game 414 of 10000 (Baseline vs Shelter)
Finished game 397 (Shelter vs Baseline): 1/2-1/2 {Draw by insufficient mating material}
Score of Shelter vs Baseline: 145 - 182 - 75  [0.454] 402
Started game 415 of 10000 (Shelter vs Baseline)
Finished game 403 (Shelter vs Baseline): 1-0 {White wins by adjudication}
Score of Shelter vs Baseline: 146 - 182 - 75  [0.455] 403
Started game 416 of 10000 (Baseline vs Shelter)
Finished game 409 (Shelter vs Baseline): 0-1 {Black wins by adjudication}
Score of Shelter vs Baseline: 146 - 183 - 75  [0.454] 404
Started game 417 of 10000 (Shelter vs Baseline)
Finished game 406 (Baseline vs Shelter): 0-1 {Black wins by adjudication}
Score of Shelter vs Baseline: 147 - 183 - 75  [0.456] 405
Started game 418 of 10000 (Baseline vs Shelter)
Finished game 405 (Shelter vs Baseline): 1-0 {White wins by adjudication}
Score of Shelter vs Baseline: 148 - 183 - 75  [0.457] 406
Started game 419 of 10000 (Shelter vs Baseline)
Finished game 407 (Shelter vs Baseline): 0-1 {Black wins by adjudication}
Score of Shelter vs Baseline: 148 - 184 - 75  [0.456] 407
Started game 420 of 10000 (Baseline vs Shelter)
Finished game 408 (Baseline vs Shelter): 1-0 {White wins by adjudication}
Score of Shelter vs Baseline: 148 - 185 - 75  [0.455] 408
Started game 421 of 10000 (Shelter vs Baseline)
Finished game 410 (Baseline vs Shelter): 0-1 {Black wins by adjudication}
Score of Shelter vs Baseline: 149 - 185 - 75  [0.456] 409
Started game 422 of 10000 (Baseline vs Shelter)
Finished game 411 (Shelter vs Baseline): 1-0 {White wins by adjudication}
Score of Shelter vs Baseline: 150 - 185 - 75  [0.457] 410
Started game 423 of 10000 (Shelter vs Baseline)
Finished game 414 (Baseline vs Shelter): 1-0 {White wins by adjudication}
Score of Shelter vs Baseline: 150 - 186 - 75  [0.456] 411
Started game 424 of 10000 (Baseline vs Shelter)
Finished game 404 (Baseline vs Shelter): 1/2-1/2 {Draw by insufficient mating material}
Score of Shelter vs Baseline: 150 - 186 - 76  [0.456] 412
Started game 425 of 10000 (Shelter vs Baseline)
Finished game 412 (Baseline vs Shelter): 1-0 {White wins by adjudication}
Score of Shelter vs Baseline: 150 - 187 - 76  [0.455] 413
Started game 426 of 10000 (Baseline vs Shelter)
Finished game 413 (Shelter vs Baseline): 1-0 {White wins by adjudication}
Score of Shelter vs Baseline: 151 - 187 - 76  [0.457] 414
Started game 427 of 10000 (Shelter vs Baseline)
Finished game 415 (Shelter vs Baseline): 1-0 {White wins by adjudication}
Score of Shelter vs Baseline: 152 - 187 - 76  [0.458] 415
Started game 428 of 10000 (Baseline vs Shelter)
Finished game 416 (Baseline vs Shelter): 1-0 {White wins by adjudication}
Score of Shelter vs Baseline: 152 - 188 - 76  [0.457] 416
Started game 429 of 10000 (Shelter vs Baseline)
Finished game 418 (Baseline vs Shelter): 1-0 {White wins by adjudication}
Score of Shelter vs Baseline: 152 - 189 - 76  [0.456] 417
Started game 430 of 10000 (Baseline vs Shelter)
Finished game 417 (Shelter vs Baseline): 0-1 {Black wins by adjudication}
Score of Shelter vs Baseline: 152 - 190 - 76  [0.455] 418
Started game 431 of 10000 (Shelter vs Baseline)
Finished game 420 (Baseline vs Shelter): 1-0 {White wins by adjudication}
Score of Shelter vs Baseline: 152 - 191 - 76  [0.453] 419
Started game 432 of 10000 (Baseline vs Shelter)
Finished game 423 (Shelter vs Baseline): 1-0 {White mates}
Score of Shelter vs Baseline: 153 - 191 - 76  [0.455] 420
Started game 433 of 10000 (Shelter vs Baseline)
Finished game 421 (Shelter vs Baseline): 1-0 {White wins by adjudication}
Score of Shelter vs Baseline: 154 - 191 - 76  [0.456] 421
Started game 434 of 10000 (Baseline vs Shelter)
Finished game 419 (Shelter vs Baseline): 0-1 {Black wins by adjudication}
Score of Shelter vs Baseline: 154 - 192 - 76  [0.455] 422
Started game 435 of 10000 (Shelter vs Baseline)
Finished game 424 (Baseline vs Shelter): 1-0 {White wins by adjudication}
Score of Shelter vs Baseline: 154 - 193 - 76  [0.454] 423
Started game 436 of 10000 (Baseline vs Shelter)
Finished game 426 (Baseline vs Shelter): 1-0 {White wins by adjudication}
Score of Shelter vs Baseline: 154 - 194 - 76  [0.453] 424
Started game 437 of 10000 (Shelter vs Baseline)
Finished game 429 (Shelter vs Baseline): 1-0 {White wins by adjudication}
Score of Shelter vs Baseline: 155 - 194 - 76  [0.454] 425
Started game 438 of 10000 (Baseline vs Shelter)
Finished game 425 (Shelter vs Baseline): 1-0 {White mates}
Score of Shelter vs Baseline: 156 - 194 - 76  [0.455] 426
Started game 439 of 10000 (Shelter vs Baseline)
Finished game 430 (Baseline vs Shelter): 1-0 {White wins by adjudication}
Score of Shelter vs Baseline: 156 - 195 - 76  [0.454] 427
Started game 440 of 10000 (Baseline vs Shelter)
Finished game 427 (Shelter vs Baseline): 1-0 {White wins by adjudication}
Score of Shelter vs Baseline: 157 - 195 - 76  [0.456] 428
Started game 441 of 10000 (Shelter vs Baseline)
Finished game 434 (Baseline vs Shelter): 1-0 {White wins by adjudication}
Score of Shelter vs Baseline: 157 - 196 - 76  [0.455] 429
Started game 442 of 10000 (Baseline vs Shelter)
Finished game 431 (Shelter vs Baseline): 1-0 {White wins by adjudication}
Score of Shelter vs Baseline: 158 - 196 - 76  [0.456] 430
Started game 443 of 10000 (Shelter vs Baseline)
Finished game 428 (Baseline vs Shelter): 0-1 {Black wins by adjudication}
Score of Shelter vs Baseline: 159 - 196 - 76  [0.457] 431
Started game 444 of 10000 (Baseline vs Shelter)
Finished game 436 (Baseline vs Shelter): 1-0 {White wins by adjudication}
Score of Shelter vs Baseline: 159 - 197 - 76  [0.456] 432
Started game 445 of 10000 (Shelter vs Baseline)
Finished game 432 (Baseline vs Shelter): 1-0 {White wins by adjudication}
Score of Shelter vs Baseline: 159 - 198 - 76  [0.455] 433
Started game 446 of 10000 (Baseline vs Shelter)
Finished game 433 (Shelter vs Baseline): 1-0 {White wins by adjudication}
Score of Shelter vs Baseline: 160 - 198 - 76  [0.456] 434
Started game 447 of 10000 (Shelter vs Baseline)
Finished game 422 (Baseline vs Shelter): 1/2-1/2 {Draw by fifty moves rule}
Score of Shelter vs Baseline: 160 - 198 - 77  [0.456] 435
Started game 448 of 10000 (Baseline vs Shelter)
Finished game 438 (Baseline vs Shelter): 0-1 {Black wins by adjudication}
Score of Shelter vs Baseline: 161 - 198 - 77  [0.458] 436
Started game 449 of 10000 (Shelter vs Baseline)
Finished game 435 (Shelter vs Baseline): 1/2-1/2 {Draw by fifty moves rule}
Score of Shelter vs Baseline: 161 - 198 - 78  [0.458] 437
Started game 450 of 10000 (Baseline vs Shelter)
Finished game 437 (Shelter vs Baseline): 1-0 {White wins by adjudication}
Score of Shelter vs Baseline: 162 - 198 - 78  [0.459] 438
Started game 451 of 10000 (Shelter vs Baseline)
Finished game 441 (Shelter vs Baseline): 0-1 {Black wins by adjudication}
Score of Shelter vs Baseline: 162 - 199 - 78  [0.458] 439
Started game 452 of 10000 (Baseline vs Shelter)
Finished game 445 (Shelter vs Baseline): 0-1 {Black wins by adjudication}
Score of Shelter vs Baseline: 162 - 200 - 78  [0.457] 440
Started game 453 of 10000 (Shelter vs Baseline)
Finished game 439 (Shelter vs Baseline): 1-0 {White wins by adjudication}
Score of Shelter vs Baseline: 163 - 200 - 78  [0.458] 441
Started game 454 of 10000 (Baseline vs Shelter)
Finished game 444 (Baseline vs Shelter): 1-0 {White wins by adjudication}
Score of Shelter vs Baseline: 163 - 201 - 78  [0.457] 442
Started game 455 of 10000 (Shelter vs Baseline)
Finished game 446 (Baseline vs Shelter): 1-0 {White wins by adjudication}
Score of Shelter vs Baseline: 163 - 202 - 78  [0.456] 443
Started game 456 of 10000 (Baseline vs Shelter)
Finished game 440 (Baseline vs Shelter): 0-1 {Black wins by adjudication}
Score of Shelter vs Baseline: 164 - 202 - 78  [0.457] 444
Started game 457 of 10000 (Shelter vs Baseline)
Finished game 443 (Shelter vs Baseline): 0-1 {Black wins by adjudication}
Score of Shelter vs Baseline: 164 - 203 - 78  [0.456] 445
Started game 458 of 10000 (Baseline vs Shelter)
Finished game 450 (Baseline vs Shelter): 1-0 {White wins by adjudication}
Score of Shelter vs Baseline: 164 - 204 - 78  [0.455] 446
Started game 459 of 10000 (Shelter vs Baseline)
Finished game 448 (Baseline vs Shelter): 0-1 {Black wins by adjudication}
Score of Shelter vs Baseline: 165 - 204 - 78  [0.456] 447
Started game 460 of 10000 (Baseline vs Shelter)
Finished game 447 (Shelter vs Baseline): 0-1 {Black wins by adjudication}
Score of Shelter vs Baseline: 165 - 205 - 78  [0.455] 448
Started game 461 of 10000 (Shelter vs Baseline)
Finished game 442 (Baseline vs Shelter): 0-1 {Black wins by adjudication}
Score of Shelter vs Baseline: 166 - 205 - 78  [0.457] 449
Started game 462 of 10000 (Baseline vs Shelter)
Finished game 449 (Shelter vs Baseline): 1-0 {White wins by adjudication}
Score of Shelter vs Baseline: 167 - 205 - 78  [0.458] 450
Started game 463 of 10000 (Shelter vs Baseline)
Finished game 451 (Shelter vs Baseline): 0-1 {Black wins by adjudication}
Score of Shelter vs Baseline: 167 - 206 - 78  [0.457] 451
Started game 464 of 10000 (Baseline vs Shelter)
Finished game 453 (Shelter vs Baseline): 1-0 {White wins by adjudication}
Score of Shelter vs Baseline: 168 - 206 - 78  [0.458] 452
Started game 465 of 10000 (Shelter vs Baseline)
Finished game 454 (Baseline vs Shelter): 0-1 {Black wins by adjudication}
Score of Shelter vs Baseline: 169 - 206 - 78  [0.459] 453
Started game 466 of 10000 (Baseline vs Shelter)
Finished game 457 (Shelter vs Baseline): 0-1 {Black wins by adjudication}
Score of Shelter vs Baseline: 169 - 207 - 78  [0.458] 454
Started game 467 of 10000 (Shelter vs Baseline)
Finished game 452 (Baseline vs Shelter): 1-0 {White wins by adjudication}
Score of Shelter vs Baseline: 169 - 208 - 78  [0.457] 455
Started game 468 of 10000 (Baseline vs Shelter)
Finished game 460 (Baseline vs Shelter): 1-0 {White wins by adjudication}
Score of Shelter vs Baseline: 169 - 209 - 78  [0.456] 456
Started game 469 of 10000 (Shelter vs Baseline)
Finished game 458 (Baseline vs Shelter): 0-1 {Black wins by adjudication}
Score of Shelter vs Baseline: 170 - 209 - 78  [0.457] 457
Started game 470 of 10000 (Baseline vs Shelter)
Finished game 455 (Shelter vs Baseline): 0-1 {Black wins by adjudication}
Score of Shelter vs Baseline: 170 - 210 - 78  [0.456] 458
Started game 471 of 10000 (Shelter vs Baseline)
Finished game 464 (Baseline vs Shelter): 0-1 {Black wins by adjudication}
Score of Shelter vs Baseline: 171 - 210 - 78  [0.458] 459
Started game 472 of 10000 (Baseline vs Shelter)
Finished game 456 (Baseline vs Shelter): 1-0 {White mates}
Score of Shelter vs Baseline: 171 - 211 - 78  [0.457] 460
Started game 473 of 10000 (Shelter vs Baseline)
Finished game 463 (Shelter vs Baseline): 0-1 {Black wins by adjudication}
Score of Shelter vs Baseline: 171 - 212 - 78  [0.456] 461
Started game 474 of 10000 (Baseline vs Shelter)
Finished game 462 (Baseline vs Shelter): 1/2-1/2 {Draw by fifty moves rule}
Score of Shelter vs Baseline: 171 - 212 - 79  [0.456] 462
Started game 475 of 10000 (Shelter vs Baseline)
Finished game 459 (Shelter vs Baseline): 1/2-1/2 {Draw by insufficient mating material}
Score of Shelter vs Baseline: 171 - 212 - 80  [0.456] 463
Started game 476 of 10000 (Baseline vs Shelter)
Finished game 465 (Shelter vs Baseline): 0-1 {Black wins by adjudication}
Score of Shelter vs Baseline: 171 - 213 - 80  [0.455] 464
Started game 477 of 10000 (Shelter vs Baseline)
Finished game 468 (Baseline vs Shelter): 0-1 {Black wins by adjudication}
Score of Shelter vs Baseline: 172 - 213 - 80  [0.456] 465
Started game 478 of 10000 (Baseline vs Shelter)
Finished game 461 (Shelter vs Baseline): 0-1 {Black wins by adjudication}
Score of Shelter vs Baseline: 172 - 214 - 80  [0.455] 466
Started game 479 of 10000 (Shelter vs Baseline)
Finished game 466 (Baseline vs Shelter): 0-1 {Black wins by adjudication}
Score of Shelter vs Baseline: 173 - 214 - 80  [0.456] 467
Started game 480 of 10000 (Baseline vs Shelter)
Finished game 467 (Shelter vs Baseline): 1-0 {White wins by adjudication}
Score of Shelter vs Baseline: 174 - 214 - 80  [0.457] 468
Started game 481 of 10000 (Shelter vs Baseline)
Finished game 471 (Shelter vs Baseline): 0-1 {Black wins by adjudication}
Score of Shelter vs Baseline: 174 - 215 - 80  [0.456] 469
Started game 482 of 10000 (Baseline vs Shelter)
Finished game 469 (Shelter vs Baseline): 0-1 {Black wins by adjudication}
Score of Shelter vs Baseline: 174 - 216 - 80  [0.455] 470
Started game 483 of 10000 (Shelter vs Baseline)
Finished game 472 (Baseline vs Shelter): 0-1 {Black wins by adjudication}
Score of Shelter vs Baseline: 175 - 216 - 80  [0.456] 471
Started game 484 of 10000 (Baseline vs Shelter)
Finished game 473 (Shelter vs Baseline): 0-1 {Black wins by adjudication}
Score of Shelter vs Baseline: 175 - 217 - 80  [0.456] 472
Started game 485 of 10000 (Shelter vs Baseline)
Finished game 474 (Baseline vs Shelter): 1/2-1/2 {Draw by 3-fold repetition}
Score of Shelter vs Baseline: 175 - 217 - 81  [0.456] 473
Started game 486 of 10000 (Baseline vs Shelter)
Finished game 470 (Baseline vs Shelter): 1/2-1/2 {Draw by insufficient mating material}
Score of Shelter vs Baseline: 175 - 217 - 82  [0.456] 474
Started game 487 of 10000 (Shelter vs Baseline)
Finished game 478 (Baseline vs Shelter): 0-1 {Black wins by adjudication}
Score of Shelter vs Baseline: 176 - 217 - 82  [0.457] 475
Started game 488 of 10000 (Baseline vs Shelter)
Finished game 480 (Baseline vs Shelter): 1-0 {White wins by adjudication}
Score of Shelter vs Baseline: 176 - 218 - 82  [0.456] 476
Started game 489 of 10000 (Shelter vs Baseline)
Finished game 475 (Shelter vs Baseline): 1-0 {White wins by adjudication}
Score of Shelter vs Baseline: 177 - 218 - 82  [0.457] 477
Started game 490 of 10000 (Baseline vs Shelter)
Finished game 476 (Baseline vs Shelter): 1-0 {White mates}
Score of Shelter vs Baseline: 177 - 219 - 82  [0.456] 478
Started game 491 of 10000 (Shelter vs Baseline)
Finished game 477 (Shelter vs Baseline): 0-1 {Black wins by adjudication}
Score of Shelter vs Baseline: 177 - 220 - 82  [0.455] 479
Started game 492 of 10000 (Baseline vs Shelter)
Finished game 479 (Shelter vs Baseline): 0-1 {Black wins by adjudication}
Score of Shelter vs Baseline: 177 - 221 - 82  [0.454] 480
Started game 493 of 10000 (Shelter vs Baseline)
Finished game 487 (Shelter vs Baseline): 1-0 {White wins by adjudication}
Score of Shelter vs Baseline: 178 - 221 - 82  [0.455] 481
Started game 494 of 10000 (Baseline vs Shelter)
Finished game 482 (Baseline vs Shelter): 1-0 {White wins by adjudication}
Score of Shelter vs Baseline: 178 - 222 - 82  [0.454] 482
Started game 495 of 10000 (Shelter vs Baseline)
Finished game 489 (Shelter vs Baseline): 1-0 {White wins by adjudication}
Score of Shelter vs Baseline: 179 - 222 - 82  [0.455] 483
Started game 496 of 10000 (Baseline vs Shelter)
Finished game 486 (Baseline vs Shelter): 0-1 {Black wins by adjudication}
Score of Shelter vs Baseline: 180 - 222 - 82  [0.457] 484
Started game 497 of 10000 (Shelter vs Baseline)
Finished game 492 (Baseline vs Shelter): 1-0 {White wins by adjudication}
Score of Shelter vs Baseline: 180 - 223 - 82  [0.456] 485
Started game 498 of 10000 (Baseline vs Shelter)
Finished game 488 (Baseline vs Shelter): 1-0 {White wins by adjudication}
Score of Shelter vs Baseline: 180 - 224 - 82  [0.455] 486
Started game 499 of 10000 (Shelter vs Baseline)
Finished game 484 (Baseline vs Shelter): 0-1 {Black wins by adjudication}
Score of Shelter vs Baseline: 181 - 224 - 82  [0.456] 487
Started game 500 of 10000 (Baseline vs Shelter)
Finished game 483 (Shelter vs Baseline): 1-0 {White wins by adjudication}
Score of Shelter vs Baseline: 182 - 224 - 82  [0.457] 488
Started game 501 of 10000 (Shelter vs Baseline)
Finished game 481 (Shelter vs Baseline): 1-0 {White wins by adjudication}
Score of Shelter vs Baseline: 183 - 224 - 82  [0.458] 489
Started game 502 of 10000 (Baseline vs Shelter)
Finished game 485 (Shelter vs Baseline): 0-1 {Black wins by adjudication}
Score of Shelter vs Baseline: 183 - 225 - 82  [0.457] 490
Started game 503 of 10000 (Shelter vs Baseline)
Finished game 495 (Shelter vs Baseline): 1-0 {White wins by adjudication}
Score of Shelter vs Baseline: 184 - 225 - 82  [0.458] 491
Started game 504 of 10000 (Baseline vs Shelter)
Finished game 490 (Baseline vs Shelter): 1-0 {White wins by adjudication}
Score of Shelter vs Baseline: 184 - 226 - 82  [0.457] 492
Started game 505 of 10000 (Shelter vs Baseline)
Finished game 491 (Shelter vs Baseline): 1-0 {White wins by adjudication}
Score of Shelter vs Baseline: 185 - 226 - 82  [0.458] 493
Started game 506 of 10000 (Baseline vs Shelter)
Finished game 496 (Baseline vs Shelter): 1-0 {White wins by adjudication}
Score of Shelter vs Baseline: 185 - 227 - 82  [0.457] 494
Started game 507 of 10000 (Shelter vs Baseline)
Finished game 499 (Shelter vs Baseline): 0-1 {Black wins by adjudication}
Score of Shelter vs Baseline: 185 - 228 - 82  [0.457] 495
Started game 508 of 10000 (Baseline vs Shelter)
Finished game 494 (Baseline vs Shelter): 1-0 {White wins by adjudication}
Score of Shelter vs Baseline: 185 - 229 - 82  [0.456] 496
Started game 509 of 10000 (Shelter vs Baseline)
Finished game 501 (Shelter vs Baseline): 1-0 {White wins by adjudication}
Score of Shelter vs Baseline: 186 - 229 - 82  [0.457] 497
Started game 510 of 10000 (Baseline vs Shelter)
Finished game 493 (Shelter vs Baseline): 1/2-1/2 {Draw by adjudication}
Score of Shelter vs Baseline: 186 - 229 - 83  [0.457] 498
Started game 511 of 10000 (Shelter vs Baseline)
Finished game 500 (Baseline vs Shelter): 1-0 {White wins by adjudication}
Score of Shelter vs Baseline: 186 - 230 - 83  [0.456] 499
Started game 512 of 10000 (Baseline vs Shelter)
Finished game 505 (Shelter vs Baseline): 1-0 {White wins by adjudication}
Score of Shelter vs Baseline: 187 - 230 - 83  [0.457] 500
Started game 513 of 10000 (Shelter vs Baseline)
Finished game 504 (Baseline vs Shelter): 1/2-1/2 {Draw by adjudication}
Score of Shelter vs Baseline: 187 - 230 - 84  [0.457] 501
Started game 514 of 10000 (Baseline vs Shelter)
Finished game 503 (Shelter vs Baseline): 1/2-1/2 {Draw by 3-fold repetition}
Score of Shelter vs Baseline: 187 - 230 - 85  [0.457] 502
Started game 515 of 10000 (Shelter vs Baseline)
Finished game 498 (Baseline vs Shelter): 1/2-1/2 {Draw by adjudication}
Score of Shelter vs Baseline: 187 - 230 - 86  [0.457] 503
Started game 516 of 10000 (Baseline vs Shelter)
Finished game 502 (Baseline vs Shelter): 0-1 {Black wins by adjudication}
Score of Shelter vs Baseline: 188 - 230 - 86  [0.458] 504
Started game 517 of 10000 (Shelter vs Baseline)
Finished game 506 (Baseline vs Shelter): 0-1 {Black wins by adjudication}
Score of Shelter vs Baseline: 189 - 230 - 86  [0.459] 505
Started game 518 of 10000 (Baseline vs Shelter)
Finished game 507 (Shelter vs Baseline): 0-1 {Black wins by adjudication}
Score of Shelter vs Baseline: 189 - 231 - 86  [0.458] 506
Started game 519 of 10000 (Shelter vs Baseline)
Finished game 497 (Shelter vs Baseline): 1-0 {White wins by adjudication}
Score of Shelter vs Baseline: 190 - 231 - 86  [0.460] 507
Started game 520 of 10000 (Baseline vs Shelter)
Finished game 508 (Baseline vs Shelter): 1-0 {White wins by adjudication}
Score of Shelter vs Baseline: 190 - 232 - 86  [0.459] 508
Started game 521 of 10000 (Shelter vs Baseline)
Finished game 513 (Shelter vs Baseline): 1/2-1/2 {Draw by 3-fold repetition}
Score of Shelter vs Baseline: 190 - 232 - 87  [0.459] 509
Started game 522 of 10000 (Baseline vs Shelter)
Finished game 517 (Shelter vs Baseline): 1-0 {White wins by adjudication}
Score of Shelter vs Baseline: 191 - 232 - 87  [0.460] 510
Started game 523 of 10000 (Shelter vs Baseline)
Finished game 510 (Baseline vs Shelter): 1/2-1/2 {Draw by insufficient mating material}
Score of Shelter vs Baseline: 191 - 232 - 88  [0.460] 511
Started game 524 of 10000 (Baseline vs Shelter)
Finished game 511 (Shelter vs Baseline): 1/2-1/2 {Draw by 3-fold repetition}
Score of Shelter vs Baseline: 191 - 232 - 89  [0.460] 512
Started game 525 of 10000 (Shelter vs Baseline)
Finished game 509 (Shelter vs Baseline): 1/2-1/2 {Draw by adjudication}
Score of Shelter vs Baseline: 191 - 232 - 90  [0.460] 513
Started game 526 of 10000 (Baseline vs Shelter)
Finished game 516 (Baseline vs Shelter): 1-0 {White wins by adjudication}
Score of Shelter vs Baseline: 191 - 233 - 90  [0.459] 514
Started game 527 of 10000 (Shelter vs Baseline)
Finished game 515 (Shelter vs Baseline): 1-0 {White wins by adjudication}
Score of Shelter vs Baseline: 192 - 233 - 90  [0.460] 515
Started game 528 of 10000 (Baseline vs Shelter)
Finished game 518 (Baseline vs Shelter): 1-0 {White mates}
Score of Shelter vs Baseline: 192 - 234 - 90  [0.459] 516
Started game 529 of 10000 (Shelter vs Baseline)
Finished game 514 (Baseline vs Shelter): 1-0 {White wins by adjudication}
Score of Shelter vs Baseline: 192 - 235 - 90  [0.458] 517
Started game 530 of 10000 (Baseline vs Shelter)
Finished game 520 (Baseline vs Shelter): 0-1 {Black wins by adjudication}
Score of Shelter vs Baseline: 193 - 235 - 90  [0.459] 518
Started game 531 of 10000 (Shelter vs Baseline)
Finished game 521 (Shelter vs Baseline): 0-1 {Black wins by adjudication}
Score of Shelter vs Baseline: 193 - 236 - 90  [0.459] 519
Started game 532 of 10000 (Baseline vs Shelter)
Finished game 519 (Shelter vs Baseline): 1/2-1/2 {Draw by insufficient mating material}
Score of Shelter vs Baseline: 193 - 236 - 91  [0.459] 520
Started game 533 of 10000 (Shelter vs Baseline)
Finished game 522 (Baseline vs Shelter): 1/2-1/2 {Draw by 3-fold repetition}
Score of Shelter vs Baseline: 193 - 236 - 92  [0.459] 521
Started game 534 of 10000 (Baseline vs Shelter)
Finished game 512 (Baseline vs Shelter): 1-0 {White wins by adjudication}
Score of Shelter vs Baseline: 193 - 237 - 92  [0.458] 522
Started game 535 of 10000 (Shelter vs Baseline)
Finished game 525 (Shelter vs Baseline): 1-0 {White wins by adjudication}
Score of Shelter vs Baseline: 194 - 237 - 92  [0.459] 523
Started game 536 of 10000 (Baseline vs Shelter)
Finished game 524 (Baseline vs Shelter): 1-0 {White wins by adjudication}
Score of Shelter vs Baseline: 194 - 238 - 92  [0.458] 524
Started game 537 of 10000 (Shelter vs Baseline)
Finished game 528 (Baseline vs Shelter): 1-0 {White wins by adjudication}
Score of Shelter vs Baseline: 194 - 239 - 92  [0.457] 525
Started game 538 of 10000 (Baseline vs Shelter)
Finished game 523 (Shelter vs Baseline): 1/2-1/2 {Draw by insufficient mating material}
Score of Shelter vs Baseline: 194 - 239 - 93  [0.457] 526
Started game 539 of 10000 (Shelter vs Baseline)
Finished game 530 (Baseline vs Shelter): 0-1 {Black wins by adjudication}
Score of Shelter vs Baseline: 195 - 239 - 93  [0.458] 527
Started game 540 of 10000 (Baseline vs Shelter)
Finished game 526 (Baseline vs Shelter): 1-0 {White wins by adjudication}
Score of Shelter vs Baseline: 195 - 240 - 93  [0.457] 528
Started game 541 of 10000 (Shelter vs Baseline)
Finished game 527 (Shelter vs Baseline): 1/2-1/2 {Draw by 3-fold repetition}
Score of Shelter vs Baseline: 195 - 240 - 94  [0.457] 529
Started game 542 of 10000 (Baseline vs Shelter)
Finished game 529 (Shelter vs Baseline): 0-1 {Black wins by adjudication}
Score of Shelter vs Baseline: 195 - 241 - 94  [0.457] 530
Started game 543 of 10000 (Shelter vs Baseline)
Finished game 531 (Shelter vs Baseline): 1-0 {White wins by adjudication}
Score of Shelter vs Baseline: 196 - 241 - 94  [0.458] 531
Started game 544 of 10000 (Baseline vs Shelter)
Finished game 532 (Baseline vs Shelter): 1-0 {White wins by adjudication}
Score of Shelter vs Baseline: 196 - 242 - 94  [0.457] 532
Started game 545 of 10000 (Shelter vs Baseline)
Finished game 533 (Shelter vs Baseline): 1/2-1/2 {Draw by insufficient mating material}
Score of Shelter vs Baseline: 196 - 242 - 95  [0.457] 533
Started game 546 of 10000 (Baseline vs Shelter)
Finished game 537 (Shelter vs Baseline): 1-0 {White wins by adjudication}
Score of Shelter vs Baseline: 197 - 242 - 95  [0.458] 534
Started game 547 of 10000 (Shelter vs Baseline)
Finished game 535 (Shelter vs Baseline): 1/2-1/2 {Draw by fifty moves rule}
Score of Shelter vs Baseline: 197 - 242 - 96  [0.458] 535
Started game 548 of 10000 (Baseline vs Shelter)
Finished game 540 (Baseline vs Shelter): 0-1 {Black wins by adjudication}
Score of Shelter vs Baseline: 198 - 242 - 96  [0.459] 536
Started game 549 of 10000 (Shelter vs Baseline)
Finished game 538 (Baseline vs Shelter): 1-0 {White wins by adjudication}
Score of Shelter vs Baseline: 198 - 243 - 96  [0.458] 537
Started game 550 of 10000 (Baseline vs Shelter)
Finished game 541 (Shelter vs Baseline): 0-1 {Black wins by adjudication}
Score of Shelter vs Baseline: 198 - 244 - 96  [0.457] 538
Started game 551 of 10000 (Shelter vs Baseline)
Finished game 536 (Baseline vs Shelter): 1/2-1/2 {Draw by insufficient mating material}
Score of Shelter vs Baseline: 198 - 244 - 97  [0.457] 539
Started game 552 of 10000 (Baseline vs Shelter)
Finished game 545 (Shelter vs Baseline): 1-0 {White wins by adjudication}
Score of Shelter vs Baseline: 199 - 244 - 97  [0.458] 540
Started game 553 of 10000 (Shelter vs Baseline)
Finished game 544 (Baseline vs Shelter): 0-1 {Black wins by adjudication}
Score of Shelter vs Baseline: 200 - 244 - 97  [0.459] 541
Started game 554 of 10000 (Baseline vs Shelter)
Finished game 546 (Baseline vs Shelter): 1-0 {White wins by adjudication}
Score of Shelter vs Baseline: 200 - 245 - 97  [0.458] 542
Started game 555 of 10000 (Shelter vs Baseline)
Finished game 534 (Baseline vs Shelter): 0-1 {Black wins by adjudication}
Score of Shelter vs Baseline: 201 - 245 - 97  [0.459] 543
Started game 556 of 10000 (Baseline vs Shelter)
Finished game 539 (Shelter vs Baseline): 1/2-1/2 {Draw by adjudication}
Score of Shelter vs Baseline: 201 - 245 - 98  [0.460] 544
Started game 557 of 10000 (Shelter vs Baseline)
Finished game 549 (Shelter vs Baseline): 0-1 {Black wins by adjudication}
Score of Shelter vs Baseline: 201 - 246 - 98  [0.459] 545
Started game 558 of 10000 (Baseline vs Shelter)
Finished game 543 (Shelter vs Baseline): 1-0 {White wins by adjudication}
Score of Shelter vs Baseline: 202 - 246 - 98  [0.460] 546
Started game 559 of 10000 (Shelter vs Baseline)
Finished game 550 (Baseline vs Shelter): 1-0 {White wins by adjudication}
Score of Shelter vs Baseline: 202 - 247 - 98  [0.459] 547
Started game 560 of 10000 (Baseline vs Shelter)
Finished game 552 (Baseline vs Shelter): 1-0 {White wins by adjudication}
Score of Shelter vs Baseline: 202 - 248 - 98  [0.458] 548
Started game 561 of 10000 (Shelter vs Baseline)
Finished game 548 (Baseline vs Shelter): 0-1 {Black wins by adjudication}
Score of Shelter vs Baseline: 203 - 248 - 98  [0.459] 549
Started game 562 of 10000 (Baseline vs Shelter)
Finished game 547 (Shelter vs Baseline): 1/2-1/2 {Draw by insufficient mating material}
Score of Shelter vs Baseline: 203 - 248 - 99  [0.459] 550
Started game 563 of 10000 (Shelter vs Baseline)
Finished game 542 (Baseline vs Shelter): 0-1 {Black mates}
Score of Shelter vs Baseline: 204 - 248 - 99  [0.460] 551
Started game 564 of 10000 (Baseline vs Shelter)
Finished game 555 (Shelter vs Baseline): 0-1 {Black wins by adjudication}
Score of Shelter vs Baseline: 204 - 249 - 99  [0.459] 552
Started game 565 of 10000 (Shelter vs Baseline)
Finished game 557 (Shelter vs Baseline): 1/2-1/2 {Draw by 3-fold repetition}
Score of Shelter vs Baseline: 204 - 249 - 100  [0.459] 553
Started game 566 of 10000 (Baseline vs Shelter)
Finished game 554 (Baseline vs Shelter): 0-1 {Black wins by adjudication}
Score of Shelter vs Baseline: 205 - 249 - 100  [0.460] 554
Started game 567 of 10000 (Shelter vs Baseline)
Finished game 551 (Shelter vs Baseline): 1/2-1/2 {Draw by adjudication}
Score of Shelter vs Baseline: 205 - 249 - 101  [0.460] 555
Started game 568 of 10000 (Baseline vs Shelter)
Finished game 553 (Shelter vs Baseline): 1-0 {White wins by adjudication}
Score of Shelter vs Baseline: 206 - 249 - 101  [0.461] 556
Started game 569 of 10000 (Shelter vs Baseline)
Finished game 556 (Baseline vs Shelter): 1-0 {White wins by adjudication}
Score of Shelter vs Baseline: 206 - 250 - 101  [0.461] 557
Started game 570 of 10000 (Baseline vs Shelter)
Finished game 560 (Baseline vs Shelter): 0-1 {Black wins by adjudication}
Score of Shelter vs Baseline: 207 - 250 - 101  [0.461] 558
Started game 571 of 10000 (Shelter vs Baseline)
Finished game 559 (Shelter vs Baseline): 1-0 {White wins by adjudication}
Score of Shelter vs Baseline: 208 - 250 - 101  [0.462] 559
Started game 572 of 10000 (Baseline vs Shelter)
Finished game 558 (Baseline vs Shelter): 1/2-1/2 {Draw by 3-fold repetition}
Score of Shelter vs Baseline: 208 - 250 - 102  [0.463] 560
Started game 573 of 10000 (Shelter vs Baseline)
Finished game 562 (Baseline vs Shelter): 1-0 {White wins by adjudication}
Score of Shelter vs Baseline: 208 - 251 - 102  [0.462] 561
Started game 574 of 10000 (Baseline vs Shelter)
Finished game 565 (Shelter vs Baseline): 1-0 {White wins by adjudication}
Score of Shelter vs Baseline: 209 - 251 - 102  [0.463] 562
Started game 575 of 10000 (Shelter vs Baseline)
Finished game 564 (Baseline vs Shelter): 1-0 {White wins by adjudication}
Score of Shelter vs Baseline: 209 - 252 - 102  [0.462] 563
Started game 576 of 10000 (Baseline vs Shelter)
Finished game 563 (Shelter vs Baseline): 1/2-1/2 {Draw by insufficient mating material}
Score of Shelter vs Baseline: 209 - 252 - 103  [0.462] 564
Started game 577 of 10000 (Shelter vs Baseline)
Finished game 561 (Shelter vs Baseline): 1/2-1/2 {Draw by adjudication}
Score of Shelter vs Baseline: 209 - 252 - 104  [0.462] 565
Started game 578 of 10000 (Baseline vs Shelter)
Finished game 570 (Baseline vs Shelter): 0-1 {Black wins by adjudication}
Score of Shelter vs Baseline: 210 - 252 - 104  [0.463] 566
Started game 579 of 10000 (Shelter vs Baseline)
Finished game 568 (Baseline vs Shelter): 1-0 {White wins by adjudication}
Score of Shelter vs Baseline: 210 - 253 - 104  [0.462] 567
Started game 580 of 10000 (Baseline vs Shelter)
Finished game 566 (Baseline vs Shelter): 0-1 {Black wins by adjudication}
Score of Shelter vs Baseline: 211 - 253 - 104  [0.463] 568
Started game 581 of 10000 (Shelter vs Baseline)
Finished game 572 (Baseline vs Shelter): 1/2-1/2 {Draw by 3-fold repetition}
Score of Shelter vs Baseline: 211 - 253 - 105  [0.463] 569
Started game 582 of 10000 (Baseline vs Shelter)
Finished game 571 (Shelter vs Baseline): 1-0 {White mates}
Score of Shelter vs Baseline: 212 - 253 - 105  [0.464] 570
Started game 583 of 10000 (Shelter vs Baseline)
Finished game 573 (Shelter vs Baseline): 1-0 {White wins by adjudication}
Score of Shelter vs Baseline: 213 - 253 - 105  [0.465] 571
Started game 584 of 10000 (Baseline vs Shelter)
Finished game 574 (Baseline vs Shelter): 1-0 {White wins by adjudication}
Score of Shelter vs Baseline: 213 - 254 - 105  [0.464] 572
Started game 585 of 10000 (Shelter vs Baseline)
Finished game 577 (Shelter vs Baseline): 1-0 {White wins by adjudication}
Score of Shelter vs Baseline: 214 - 254 - 105  [0.465] 573
Started game 586 of 10000 (Baseline vs Shelter)
Finished game 578 (Baseline vs Shelter): 1-0 {White wins by adjudication}
Score of Shelter vs Baseline: 214 - 255 - 105  [0.464] 574
Started game 587 of 10000 (Shelter vs Baseline)
Finished game 576 (Baseline vs Shelter): 1/2-1/2 {Draw by insufficient mating material}
Score of Shelter vs Baseline: 214 - 255 - 106  [0.464] 575
Started game 588 of 10000 (Baseline vs Shelter)
Finished game 575 (Shelter vs Baseline): 1/2-1/2 {Draw by adjudication}
Score of Shelter vs Baseline: 214 - 255 - 107  [0.464] 576
Started game 589 of 10000 (Shelter vs Baseline)
Finished game 567 (Shelter vs Baseline): 1/2-1/2 {Draw by insufficient mating material}
Score of Shelter vs Baseline: 214 - 255 - 108  [0.464] 577
Started game 590 of 10000 (Baseline vs Shelter)
Finished game 581 (Shelter vs Baseline): 1-0 {White mates}
Score of Shelter vs Baseline: 215 - 255 - 108  [0.465] 578
Started game 591 of 10000 (Shelter vs Baseline)
Finished game 579 (Shelter vs Baseline): 1-0 {White wins by adjudication}
Score of Shelter vs Baseline: 216 - 255 - 108  [0.466] 579
Started game 592 of 10000 (Baseline vs Shelter)
Finished game 583 (Shelter vs Baseline): 1-0 {White wins by adjudication}
Score of Shelter vs Baseline: 217 - 255 - 108  [0.467] 580
Started game 593 of 10000 (Shelter vs Baseline)
Finished game 584 (Baseline vs Shelter): 1-0 {White wins by adjudication}
Score of Shelter vs Baseline: 217 - 256 - 108  [0.466] 581
Started game 594 of 10000 (Baseline vs Shelter)
Finished game 582 (Baseline vs Shelter): 0-1 {Black wins by adjudication}
Score of Shelter vs Baseline: 218 - 256 - 108  [0.467] 582
Started game 595 of 10000 (Shelter vs Baseline)
Finished game 580 (Baseline vs Shelter): 0-1 {Black wins by adjudication}
Score of Shelter vs Baseline: 219 - 256 - 108  [0.468] 583
Started game 596 of 10000 (Baseline vs Shelter)
Finished game 585 (Shelter vs Baseline): 1/2-1/2 {Draw by adjudication}
Score of Shelter vs Baseline: 219 - 256 - 109  [0.468] 584
Started game 597 of 10000 (Shelter vs Baseline)
Finished game 588 (Baseline vs Shelter): 1-0 {White wins by adjudication}
Score of Shelter vs Baseline: 219 - 257 - 109  [0.468] 585
Started game 598 of 10000 (Baseline vs Shelter)
Finished game 569 (Shelter vs Baseline): 1/2-1/2 {Draw by fifty moves rule}
Score of Shelter vs Baseline: 219 - 257 - 110  [0.468] 586
Started game 599 of 10000 (Shelter vs Baseline)
Finished game 592 (Baseline vs Shelter): 0-1 {Black wins by adjudication}
Score of Shelter vs Baseline: 220 - 257 - 110  [0.468] 587
Started game 600 of 10000 (Baseline vs Shelter)
Finished game 586 (Baseline vs Shelter): 0-1 {Black wins by adjudication}
Score of Shelter vs Baseline: 221 - 257 - 110  [0.469] 588
Started game 601 of 10000 (Shelter vs Baseline)
Finished game 590 (Baseline vs Shelter): 1-0 {White wins by adjudication}
Score of Shelter vs Baseline: 221 - 258 - 110  [0.469] 589
Started game 602 of 10000 (Baseline vs Shelter)
Finished game 587 (Shelter vs Baseline): 1/2-1/2 {Draw by insufficient mating material}
Score of Shelter vs Baseline: 221 - 258 - 111  [0.469] 590
Started game 603 of 10000 (Shelter vs Baseline)
Finished game 591 (Shelter vs Baseline): 1/2-1/2 {Draw by 3-fold repetition}
Score of Shelter vs Baseline: 221 - 258 - 112  [0.469] 591
Started game 604 of 10000 (Baseline vs Shelter)
Finished game 589 (Shelter vs Baseline): 1-0 {White wins by adjudication}
Score of Shelter vs Baseline: 222 - 258 - 112  [0.470] 592
Started game 605 of 10000 (Shelter vs Baseline)
Finished game 599 (Shelter vs Baseline): 0-1 {Black wins by adjudication}
Score of Shelter vs Baseline: 222 - 259 - 112  [0.469] 593
Started game 606 of 10000 (Baseline vs Shelter)
Finished game 595 (Shelter vs Baseline): 1-0 {White wins by adjudication}
Score of Shelter vs Baseline: 223 - 259 - 112  [0.470] 594
Started game 607 of 10000 (Shelter vs Baseline)
Finished game 593 (Shelter vs Baseline): 0-1 {Black wins by adjudication}
Score of Shelter vs Baseline: 223 - 260 - 112  [0.469] 595
Started game 608 of 10000 (Baseline vs Shelter)
Finished game 596 (Baseline vs Shelter): 1/2-1/2 {Draw by insufficient mating material}
Score of Shelter vs Baseline: 223 - 260 - 113  [0.469] 596
Started game 609 of 10000 (Shelter vs Baseline)
Finished game 594 (Baseline vs Shelter): 1-0 {White wins by adjudication}
Score of Shelter vs Baseline: 223 - 261 - 113  [0.468] 597
Started game 610 of 10000 (Baseline vs Shelter)
Finished game 598 (Baseline vs Shelter): 0-1 {Black wins by adjudication}
Score of Shelter vs Baseline: 224 - 261 - 113  [0.469] 598
Started game 611 of 10000 (Shelter vs Baseline)
Finished game 600 (Baseline vs Shelter): 0-1 {Black wins by adjudication}
Score of Shelter vs Baseline: 225 - 261 - 113  [0.470] 599
Started game 612 of 10000 (Baseline vs Shelter)
Finished game 604 (Baseline vs Shelter): 0-1 {Black wins by adjudication}
Score of Shelter vs Baseline: 226 - 261 - 113  [0.471] 600
Started game 613 of 10000 (Shelter vs Baseline)
Finished game 602 (Baseline vs Shelter): 0-1 {Black wins by adjudication}
Score of Shelter vs Baseline: 227 - 261 - 113  [0.472] 601
Started game 614 of 10000 (Baseline vs Shelter)
Finished game 603 (Shelter vs Baseline): 0-1 {Black wins by adjudication}
Score of Shelter vs Baseline: 227 - 262 - 113  [0.471] 602
Started game 615 of 10000 (Shelter vs Baseline)
Finished game 601 (Shelter vs Baseline): 0-1 {Black mates}
Score of Shelter vs Baseline: 227 - 263 - 113  [0.470] 603
Started game 616 of 10000 (Baseline vs Shelter)
Finished game 605 (Shelter vs Baseline): 1/2-1/2 {Draw by insufficient mating material}
Score of Shelter vs Baseline: 227 - 263 - 114  [0.470] 604
Started game 617 of 10000 (Shelter vs Baseline)
Finished game 597 (Shelter vs Baseline): 0-1 {Black wins by adjudication}
Score of Shelter vs Baseline: 227 - 264 - 114  [0.469] 605
Started game 618 of 10000 (Baseline vs Shelter)
Finished game 610 (Baseline vs Shelter): 1/2-1/2 {Draw by 3-fold repetition}
Score of Shelter vs Baseline: 227 - 264 - 115  [0.469] 606
Started game 619 of 10000 (Shelter vs Baseline)
Finished game 614 (Baseline vs Shelter): 1-0 {White wins by adjudication}
Score of Shelter vs Baseline: 227 - 265 - 115  [0.469] 607
Started game 620 of 10000 (Baseline vs Shelter)
Finished game 615 (Shelter vs Baseline): 1-0 {White wins by adjudication}
Score of Shelter vs Baseline: 228 - 265 - 115  [0.470] 608
Started game 621 of 10000 (Shelter vs Baseline)
Finished game 613 (Shelter vs Baseline): 1-0 {White wins by adjudication}
Score of Shelter vs Baseline: 229 - 265 - 115  [0.470] 609
Started game 622 of 10000 (Baseline vs Shelter)
Finished game 606 (Baseline vs Shelter): 1/2-1/2 {Draw by insufficient mating material}
Score of Shelter vs Baseline: 229 - 265 - 116  [0.470] 610
Started game 623 of 10000 (Shelter vs Baseline)
Finished game 609 (Shelter vs Baseline): 1/2-1/2 {Draw by fifty moves rule}
Score of Shelter vs Baseline: 229 - 265 - 117  [0.471] 611
Started game 624 of 10000 (Baseline vs Shelter)
Finished game 608 (Baseline vs Shelter): 1/2-1/2 {Draw by 3-fold repetition}
Score of Shelter vs Baseline: 229 - 265 - 118  [0.471] 612
Started game 625 of 10000 (Shelter vs Baseline)
Finished game 611 (Shelter vs Baseline): 1-0 {White wins by adjudication}
Score of Shelter vs Baseline: 230 - 265 - 118  [0.471] 613
Started game 626 of 10000 (Baseline vs Shelter)
Finished game 607 (Shelter vs Baseline): 0-1 {Black wins by adjudication}
Score of Shelter vs Baseline: 230 - 266 - 118  [0.471] 614
Started game 627 of 10000 (Shelter vs Baseline)
Finished game 616 (Baseline vs Shelter): 1-0 {White wins by adjudication}
Score of Shelter vs Baseline: 230 - 267 - 118  [0.470] 615
Started game 628 of 10000 (Baseline vs Shelter)
Finished game 617 (Shelter vs Baseline): 0-1 {Black wins by adjudication}
Score of Shelter vs Baseline: 230 - 268 - 118  [0.469] 616
Started game 629 of 10000 (Shelter vs Baseline)
Finished game 618 (Baseline vs Shelter): 1-0 {White wins by adjudication}
Score of Shelter vs Baseline: 230 - 269 - 118  [0.468] 617
Started game 630 of 10000 (Baseline vs Shelter)
Finished game 620 (Baseline vs Shelter): 1-0 {White wins by adjudication}
Score of Shelter vs Baseline: 230 - 270 - 118  [0.468] 618
Started game 631 of 10000 (Shelter vs Baseline)
Finished game 621 (Shelter vs Baseline): 1/2-1/2 {Draw by 3-fold repetition}
Score of Shelter vs Baseline: 230 - 270 - 119  [0.468] 619
Started game 632 of 10000 (Baseline vs Shelter)
Finished game 622 (Baseline vs Shelter): 0-1 {Black wins by adjudication}
Score of Shelter vs Baseline: 231 - 270 - 119  [0.469] 620
Started game 633 of 10000 (Shelter vs Baseline)
Finished game 612 (Baseline vs Shelter): 0-1 {Black wins by adjudication}
Score of Shelter vs Baseline: 232 - 270 - 119  [0.469] 621
Started game 634 of 10000 (Baseline vs Shelter)
Finished game 619 (Shelter vs Baseline): 0-1 {Black wins by adjudication}
Score of Shelter vs Baseline: 232 - 271 - 119  [0.469] 622
Started game 635 of 10000 (Shelter vs Baseline)
Finished game 623 (Shelter vs Baseline): 1-0 {White wins by adjudication}
Score of Shelter vs Baseline: 233 - 271 - 119  [0.470] 623
Started game 636 of 10000 (Baseline vs Shelter)
Finished game 624 (Baseline vs Shelter): 0-1 {Black wins by adjudication}
Score of Shelter vs Baseline: 234 - 271 - 119  [0.470] 624
Started game 637 of 10000 (Shelter vs Baseline)
Finished game 626 (Baseline vs Shelter): 1-0 {White wins by adjudication}
Score of Shelter vs Baseline: 234 - 272 - 119  [0.470] 625
Started game 638 of 10000 (Baseline vs Shelter)
Finished game 627 (Shelter vs Baseline): 1-0 {White wins by adjudication}
Score of Shelter vs Baseline: 235 - 272 - 119  [0.470] 626
Started game 639 of 10000 (Shelter vs Baseline)
Finished game 629 (Shelter vs Baseline): 1-0 {White wins by adjudication}
Score of Shelter vs Baseline: 236 - 272 - 119  [0.471] 627
Started game 640 of 10000 (Baseline vs Shelter)
Finished game 625 (Shelter vs Baseline): 0-1 {Black wins by adjudication}
Score of Shelter vs Baseline: 236 - 273 - 119  [0.471] 628
Started game 641 of 10000 (Shelter vs Baseline)
Finished game 632 (Baseline vs Shelter): 1-0 {White wins by adjudication}
Score of Shelter vs Baseline: 236 - 274 - 119  [0.470] 629
Started game 642 of 10000 (Baseline vs Shelter)
Finished game 628 (Baseline vs Shelter): 1-0 {White wins by adjudication}
Score of Shelter vs Baseline: 236 - 275 - 119  [0.469] 630
Started game 643 of 10000 (Shelter vs Baseline)
Finished game 631 (Shelter vs Baseline): 1-0 {White wins by adjudication}
Score of Shelter vs Baseline: 237 - 275 - 119  [0.470] 631
Started game 644 of 10000 (Baseline vs Shelter)
Finished game 634 (Baseline vs Shelter): 1-0 {White wins by adjudication}
Score of Shelter vs Baseline: 237 - 276 - 119  [0.469] 632
Started game 645 of 10000 (Shelter vs Baseline)
Finished game 637 (Shelter vs Baseline): 0-1 {Black wins by adjudication}
Score of Shelter vs Baseline: 237 - 277 - 119  [0.468] 633
Started game 646 of 10000 (Baseline vs Shelter)
Finished game 636 (Baseline vs Shelter): 1-0 {White wins by adjudication}
Score of Shelter vs Baseline: 237 - 278 - 119  [0.468] 634
Started game 647 of 10000 (Shelter vs Baseline)
Finished game 638 (Baseline vs Shelter): 0-1 {Black wins by adjudication}
Score of Shelter vs Baseline: 238 - 278 - 119  [0.469] 635
Started game 648 of 10000 (Baseline vs Shelter)
Finished game 635 (Shelter vs Baseline): 1-0 {White wins by adjudication}
Score of Shelter vs Baseline: 239 - 278 - 119  [0.469] 636
Started game 649 of 10000 (Shelter vs Baseline)
Finished game 630 (Baseline vs Shelter): 1/2-1/2 {Draw by fifty moves rule}
Score of Shelter vs Baseline: 239 - 278 - 120  [0.469] 637
Started game 650 of 10000 (Baseline vs Shelter)
Finished game 633 (Shelter vs Baseline): 1-0 {White wins by adjudication}
Score of Shelter vs Baseline: 240 - 278 - 120  [0.470] 638
Started game 651 of 10000 (Shelter vs Baseline)
Finished game 640 (Baseline vs Shelter): 1/2-1/2 {Draw by adjudication}
Score of Shelter vs Baseline: 240 - 278 - 121  [0.470] 639
Started game 652 of 10000 (Baseline vs Shelter)
Finished game 642 (Baseline vs Shelter): 1-0 {White wins by adjudication}
Score of Shelter vs Baseline: 240 - 279 - 121  [0.470] 640
Started game 653 of 10000 (Shelter vs Baseline)
Finished game 643 (Shelter vs Baseline): 0-1 {Black wins by adjudication}
Score of Shelter vs Baseline: 240 - 280 - 121  [0.469] 641
Started game 654 of 10000 (Baseline vs Shelter)
Finished game 645 (Shelter vs Baseline): 0-1 {Black wins by adjudication}
Score of Shelter vs Baseline: 240 - 281 - 121  [0.468] 642
Started game 655 of 10000 (Shelter vs Baseline)
Finished game 646 (Baseline vs Shelter): 1-0 {White wins by adjudication}
Score of Shelter vs Baseline: 240 - 282 - 121  [0.467] 643
Started game 656 of 10000 (Baseline vs Shelter)
Finished game 641 (Shelter vs Baseline): 1/2-1/2 {Draw by insufficient mating material}
Score of Shelter vs Baseline: 240 - 282 - 122  [0.467] 644
Started game 657 of 10000 (Shelter vs Baseline)
Finished game 648 (Baseline vs Shelter): 1-0 {White wins by adjudication}
Score of Shelter vs Baseline: 240 - 283 - 122  [0.467] 645
Started game 658 of 10000 (Baseline vs Shelter)
Finished game 649 (Shelter vs Baseline): 1-0 {White wins by adjudication}
Score of Shelter vs Baseline: 241 - 283 - 122  [0.467] 646
Started game 659 of 10000 (Shelter vs Baseline)
Finished game 651 (Shelter vs Baseline): 0-1 {Black wins by adjudication}
Score of Shelter vs Baseline: 241 - 284 - 122  [0.467] 647
Started game 660 of 10000 (Baseline vs Shelter)
Finished game 644 (Baseline vs Shelter): 0-1 {Black wins by adjudication}
Score of Shelter vs Baseline: 242 - 284 - 122  [0.468] 648
Started game 661 of 10000 (Shelter vs Baseline)
Finished game 647 (Shelter vs Baseline): 1-0 {White mates}
Score of Shelter vs Baseline: 243 - 284 - 122  [0.468] 649
Started game 662 of 10000 (Baseline vs Shelter)
Finished game 639 (Shelter vs Baseline): 1/2-1/2 {Draw by fifty moves rule}
Score of Shelter vs Baseline: 243 - 284 - 123  [0.468] 650
Started game 663 of 10000 (Shelter vs Baseline)
Finished game 650 (Baseline vs Shelter): 1-0 {White wins by adjudication}
Score of Shelter vs Baseline: 243 - 285 - 123  [0.468] 651
Started game 664 of 10000 (Baseline vs Shelter)
Finished game 653 (Shelter vs Baseline): 1-0 {White wins by adjudication}
Score of Shelter vs Baseline: 244 - 285 - 123  [0.469] 652
Started game 665 of 10000 (Shelter vs Baseline)
Finished game 655 (Shelter vs Baseline): 1-0 {White wins by adjudication}
Score of Shelter vs Baseline: 245 - 285 - 123  [0.469] 653
Started game 666 of 10000 (Baseline vs Shelter)
Finished game 654 (Baseline vs Shelter): 0-1 {Black wins by adjudication}
Score of Shelter vs Baseline: 246 - 285 - 123  [0.470] 654
Started game 667 of 10000 (Shelter vs Baseline)
Finished game 659 (Shelter vs Baseline): 1-0 {White wins by adjudication}
Score of Shelter vs Baseline: 247 - 285 - 123  [0.471] 655
Started game 668 of 10000 (Baseline vs Shelter)
Finished game 658 (Baseline vs Shelter): 0-1 {Black wins by adjudication}
Score of Shelter vs Baseline: 248 - 285 - 123  [0.472] 656
Started game 669 of 10000 (Shelter vs Baseline)
Finished game 652 (Baseline vs Shelter): 1-0 {White wins by adjudication}
Score of Shelter vs Baseline: 248 - 286 - 123  [0.471] 657
Started game 670 of 10000 (Baseline vs Shelter)
Finished game 657 (Shelter vs Baseline): 1-0 {White wins by adjudication}
Score of Shelter vs Baseline: 249 - 286 - 123  [0.472] 658
Started game 671 of 10000 (Shelter vs Baseline)
Finished game 660 (Baseline vs Shelter): 0-1 {Black wins by adjudication}
Score of Shelter vs Baseline: 250 - 286 - 123  [0.473] 659
Started game 672 of 10000 (Baseline vs Shelter)
Finished game 661 (Shelter vs Baseline): 1/2-1/2 {Draw by insufficient mating material}
Score of Shelter vs Baseline: 250 - 286 - 124  [0.473] 660
Started game 673 of 10000 (Shelter vs Baseline)
Finished game 656 (Baseline vs Shelter): 0-1 {Black wins by adjudication}
Score of Shelter vs Baseline: 251 - 286 - 124  [0.474] 661
Started game 674 of 10000 (Baseline vs Shelter)
Finished game 667 (Shelter vs Baseline): 0-1 {Black wins by adjudication}
Score of Shelter vs Baseline: 251 - 287 - 124  [0.473] 662
Started game 675 of 10000 (Shelter vs Baseline)
Finished game 662 (Baseline vs Shelter): 0-1 {Black wins by adjudication}
Score of Shelter vs Baseline: 252 - 287 - 124  [0.474] 663
Started game 676 of 10000 (Baseline vs Shelter)
Finished game 663 (Shelter vs Baseline): 0-1 {Black wins by adjudication}
Score of Shelter vs Baseline: 252 - 288 - 124  [0.473] 664
Started game 677 of 10000 (Shelter vs Baseline)
Finished game 666 (Baseline vs Shelter): 0-1 {Black wins by adjudication}
Score of Shelter vs Baseline: 253 - 288 - 124  [0.474] 665
Started game 678 of 10000 (Baseline vs Shelter)
Finished game 665 (Shelter vs Baseline): 1/2-1/2 {Draw by 3-fold repetition}
Score of Shelter vs Baseline: 253 - 288 - 125  [0.474] 666
Started game 679 of 10000 (Shelter vs Baseline)
Finished game 664 (Baseline vs Shelter): 0-1 {Black wins by adjudication}
Score of Shelter vs Baseline: 254 - 288 - 125  [0.475] 667
Started game 680 of 10000 (Baseline vs Shelter)
Finished game 670 (Baseline vs Shelter): 1-0 {White wins by adjudication}
Score of Shelter vs Baseline: 254 - 289 - 125  [0.474] 668
Started game 681 of 10000 (Shelter vs Baseline)
Finished game 673 (Shelter vs Baseline): 0-1 {Black wins by adjudication}
Score of Shelter vs Baseline: 254 - 290 - 125  [0.473] 669
Started game 682 of 10000 (Baseline vs Shelter)
Finished game 668 (Baseline vs Shelter): 0-1 {Black wins by adjudication}
Score of Shelter vs Baseline: 255 - 290 - 125  [0.474] 670
Started game 683 of 10000 (Shelter vs Baseline)
Finished game 672 (Baseline vs Shelter): 1-0 {White wins by adjudication}
Score of Shelter vs Baseline: 255 - 291 - 125  [0.473] 671
Started game 684 of 10000 (Baseline vs Shelter)
Finished game 669 (Shelter vs Baseline): 0-1 {Black wins by adjudication}
Score of Shelter vs Baseline: 255 - 292 - 125  [0.472] 672
Started game 685 of 10000 (Shelter vs Baseline)
Finished game 677 (Shelter vs Baseline): 0-1 {Black wins by adjudication}
Score of Shelter vs Baseline: 255 - 293 - 125  [0.472] 673
Started game 686 of 10000 (Baseline vs Shelter)
Finished game 675 (Shelter vs Baseline): 1/2-1/2 {Draw by insufficient mating material}
Score of Shelter vs Baseline: 255 - 293 - 126  [0.472] 674
Started game 687 of 10000 (Shelter vs Baseline)
Finished game 671 (Shelter vs Baseline): 1-0 {White wins by adjudication}
Score of Shelter vs Baseline: 256 - 293 - 126  [0.473] 675
Started game 688 of 10000 (Baseline vs Shelter)
Finished game 679 (Shelter vs Baseline): 0-1 {Black wins by adjudication}
Score of Shelter vs Baseline: 256 - 294 - 126  [0.472] 676
Started game 689 of 10000 (Shelter vs Baseline)
Finished game 678 (Baseline vs Shelter): 0-1 {Black wins by adjudication}
Score of Shelter vs Baseline: 257 - 294 - 126  [0.473] 677
Started game 690 of 10000 (Baseline vs Shelter)
Finished game 676 (Baseline vs Shelter): 1-0 {White wins by adjudication}
Score of Shelter vs Baseline: 257 - 295 - 126  [0.472] 678
Started game 691 of 10000 (Shelter vs Baseline)
Finished game 674 (Baseline vs Shelter): 1/2-1/2 {Draw by adjudication}
Score of Shelter vs Baseline: 257 - 295 - 127  [0.472] 679
Started game 692 of 10000 (Baseline vs Shelter)
Finished game 680 (Baseline vs Shelter): 1/2-1/2 {Draw by adjudication}
Score of Shelter vs Baseline: 257 - 295 - 128  [0.472] 680
Started game 693 of 10000 (Shelter vs Baseline)
Finished game 690 (Baseline vs Shelter): 1-0 {White wins by adjudication}
Score of Shelter vs Baseline: 257 - 296 - 128  [0.471] 681
Started game 694 of 10000 (Baseline vs Shelter)
Finished game 685 (Shelter vs Baseline): 0-1 {Black wins by adjudication}
Score of Shelter vs Baseline: 257 - 297 - 128  [0.471] 682
Started game 695 of 10000 (Shelter vs Baseline)
Finished game 683 (Shelter vs Baseline): 0-1 {Black wins by adjudication}
Score of Shelter vs Baseline: 257 - 298 - 128  [0.470] 683
Started game 696 of 10000 (Baseline vs Shelter)
Finished game 682 (Baseline vs Shelter): 0-1 {Black wins by adjudication}
Score of Shelter vs Baseline: 258 - 298 - 128  [0.471] 684
Started game 697 of 10000 (Shelter vs Baseline)
Finished game 686 (Baseline vs Shelter): 0-1 {Black wins by adjudication}
Score of Shelter vs Baseline: 259 - 298 - 128  [0.472] 685
Started game 698 of 10000 (Baseline vs Shelter)
Finished game 691 (Shelter vs Baseline): 0-1 {Black wins by adjudication}
Score of Shelter vs Baseline: 259 - 299 - 128  [0.471] 686
Started game 699 of 10000 (Shelter vs Baseline)
Finished game 688 (Baseline vs Shelter): 1-0 {White wins by adjudication}
Score of Shelter vs Baseline: 259 - 300 - 128  [0.470] 687
Started game 700 of 10000 (Baseline vs Shelter)
Finished game 681 (Shelter vs Baseline): 0-1 {Black wins by adjudication}
Score of Shelter vs Baseline: 259 - 301 - 128  [0.469] 688
Started game 701 of 10000 (Shelter vs Baseline)
Finished game 687 (Shelter vs Baseline): 0-1 {Black wins by adjudication}
Score of Shelter vs Baseline: 259 - 302 - 128  [0.469] 689
Started game 702 of 10000 (Baseline vs Shelter)
Finished game 695 (Shelter vs Baseline): 1-0 {White wins by adjudication}
Score of Shelter vs Baseline: 260 - 302 - 128  [0.470] 690
Started game 703 of 10000 (Shelter vs Baseline)
Finished game 684 (Baseline vs Shelter): 0-1 {Black wins by adjudication}
Score of Shelter vs Baseline: 261 - 302 - 128  [0.470] 691
Started game 704 of 10000 (Baseline vs Shelter)
Finished game 689 (Shelter vs Baseline): 1/2-1/2 {Draw by 3-fold repetition}
Score of Shelter vs Baseline: 261 - 302 - 129  [0.470] 692
Started game 705 of 10000 (Shelter vs Baseline)
Finished game 692 (Baseline vs Shelter): 0-1 {Black wins by adjudication}
Score of Shelter vs Baseline: 262 - 302 - 129  [0.471] 693
Started game 706 of 10000 (Baseline vs Shelter)
Finished game 698 (Baseline vs Shelter): 0-1 {Black wins by adjudication}
Score of Shelter vs Baseline: 263 - 302 - 129  [0.472] 694
Started game 707 of 10000 (Shelter vs Baseline)
Finished game 693 (Shelter vs Baseline): 1-0 {White wins by adjudication}
Score of Shelter vs Baseline: 264 - 302 - 129  [0.473] 695
Started game 708 of 10000 (Baseline vs Shelter)
Finished game 696 (Baseline vs Shelter): 0-1 {Black wins by adjudication}
Score of Shelter vs Baseline: 265 - 302 - 129  [0.473] 696
Started game 709 of 10000 (Shelter vs Baseline)
Finished game 694 (Baseline vs Shelter): 0-1 {Black wins by adjudication}
Score of Shelter vs Baseline: 266 - 302 - 129  [0.474] 697
Started game 710 of 10000 (Baseline vs Shelter)
Finished game 700 (Baseline vs Shelter): 1-0 {White wins by adjudication}
Score of Shelter vs Baseline: 266 - 303 - 129  [0.473] 698
Started game 711 of 10000 (Shelter vs Baseline)
Finished game 697 (Shelter vs Baseline): 1/2-1/2 {Draw by stalemate}
Score of Shelter vs Baseline: 266 - 303 - 130  [0.474] 699
Started game 712 of 10000 (Baseline vs Shelter)
Finished game 703 (Shelter vs Baseline): 1-0 {White wins by adjudication}
Score of Shelter vs Baseline: 267 - 303 - 130  [0.474] 700
Started game 713 of 10000 (Shelter vs Baseline)
Finished game 704 (Baseline vs Shelter): 1-0 {White wins by adjudication}
Score of Shelter vs Baseline: 267 - 304 - 130  [0.474] 701
Started game 714 of 10000 (Baseline vs Shelter)
Finished game 705 (Shelter vs Baseline): 1-0 {White wins by adjudication}
Score of Shelter vs Baseline: 268 - 304 - 130  [0.474] 702
Started game 715 of 10000 (Shelter vs Baseline)
Finished game 706 (Baseline vs Shelter): 0-1 {Black wins by adjudication}
Score of Shelter vs Baseline: 269 - 304 - 130  [0.475] 703
Started game 716 of 10000 (Baseline vs Shelter)
Finished game 701 (Shelter vs Baseline): 0-1 {Black wins by adjudication}
Score of Shelter vs Baseline: 269 - 305 - 130  [0.474] 704
Started game 717 of 10000 (Shelter vs Baseline)
Finished game 708 (Baseline vs Shelter): 0-1 {Black wins by adjudication}
Score of Shelter vs Baseline: 270 - 305 - 130  [0.475] 705
Started game 718 of 10000 (Baseline vs Shelter)
Finished game 710 (Baseline vs Shelter): 0-1 {Black wins by adjudication}
Score of Shelter vs Baseline: 271 - 305 - 130  [0.476] 706
Started game 719 of 10000 (Shelter vs Baseline)
Finished game 702 (Baseline vs Shelter): 0-1 {Black wins by adjudication}
Score of Shelter vs Baseline: 272 - 305 - 130  [0.477] 707
Started game 720 of 10000 (Baseline vs Shelter)
Finished game 711 (Shelter vs Baseline): 1/2-1/2 {Draw by adjudication}
Score of Shelter vs Baseline: 272 - 305 - 131  [0.477] 708
Started game 721 of 10000 (Shelter vs Baseline)
Finished game 707 (Shelter vs Baseline): 0-1 {Black wins by adjudication}
Score of Shelter vs Baseline: 272 - 306 - 131  [0.476] 709
Started game 722 of 10000 (Baseline vs Shelter)
Finished game 709 (Shelter vs Baseline): 1/2-1/2 {Draw by 3-fold repetition}
Score of Shelter vs Baseline: 272 - 306 - 132  [0.476] 710
Started game 723 of 10000 (Shelter vs Baseline)
Finished game 716 (Baseline vs Shelter): 1-0 {White wins by adjudication}
Score of Shelter vs Baseline: 272 - 307 - 132  [0.475] 711
Started game 724 of 10000 (Baseline vs Shelter)
Finished game 715 (Shelter vs Baseline): 1-0 {White wins by adjudication}
Score of Shelter vs Baseline: 273 - 307 - 132  [0.476] 712
Started game 725 of 10000 (Shelter vs Baseline)
Finished game 712 (Baseline vs Shelter): 1-0 {White wins by adjudication}
Score of Shelter vs Baseline: 273 - 308 - 132  [0.475] 713
Started game 726 of 10000 (Baseline vs Shelter)
Finished game 714 (Baseline vs Shelter): 0-1 {Black wins by adjudication}
Score of Shelter vs Baseline: 274 - 308 - 132  [0.476] 714
Started game 727 of 10000 (Shelter vs Baseline)
Finished game 717 (Shelter vs Baseline): 1-0 {White wins by adjudication}
Score of Shelter vs Baseline: 275 - 308 - 132  [0.477] 715
Started game 728 of 10000 (Baseline vs Shelter)
Finished game 713 (Shelter vs Baseline): 0-1 {Black wins by adjudication}
Score of Shelter vs Baseline: 275 - 309 - 132  [0.476] 716
Started game 729 of 10000 (Shelter vs Baseline)
Finished game 699 (Shelter vs Baseline): 1-0 {White wins by adjudication}
Score of Shelter vs Baseline: 276 - 309 - 132  [0.477] 717
Started game 730 of 10000 (Baseline vs Shelter)
Finished game 721 (Shelter vs Baseline): 1-0 {White wins by adjudication}
Score of Shelter vs Baseline: 277 - 309 - 132  [0.478] 718
Started game 731 of 10000 (Shelter vs Baseline)
Finished game 718 (Baseline vs Shelter): 1-0 {White wins by adjudication}
Score of Shelter vs Baseline: 277 - 310 - 132  [0.477] 719
Started game 732 of 10000 (Baseline vs Shelter)
Finished game 725 (Shelter vs Baseline): 1-0 {White wins by adjudication}
Score of Shelter vs Baseline: 278 - 310 - 132  [0.478] 720
Started game 733 of 10000 (Shelter vs Baseline)
Finished game 726 (Baseline vs Shelter): 0-1 {Black wins by adjudication}
Score of Shelter vs Baseline: 279 - 310 - 132  [0.479] 721
Started game 734 of 10000 (Baseline vs Shelter)
Finished game 719 (Shelter vs Baseline): 1-0 {White wins by adjudication}
Score of Shelter vs Baseline: 280 - 310 - 132  [0.479] 722
Started game 735 of 10000 (Shelter vs Baseline)
Finished game 722 (Baseline vs Shelter): 1-0 {White wins by adjudication}
Score of Shelter vs Baseline: 280 - 311 - 132  [0.479] 723
Started game 736 of 10000 (Baseline vs Shelter)
Finished game 724 (Baseline vs Shelter): 0-1 {Black wins by adjudication}
Score of Shelter vs Baseline: 281 - 311 - 132  [0.479] 724
Started game 737 of 10000 (Shelter vs Baseline)
Finished game 728 (Baseline vs Shelter): 1-0 {White wins by adjudication}
Score of Shelter vs Baseline: 281 - 312 - 132  [0.479] 725
Started game 738 of 10000 (Baseline vs Shelter)
Finished game 730 (Baseline vs Shelter): 1-0 {White wins by adjudication}
Score of Shelter vs Baseline: 281 - 313 - 132  [0.478] 726
Started game 739 of 10000 (Shelter vs Baseline)
Finished game 727 (Shelter vs Baseline): 1-0 {White mates}
Score of Shelter vs Baseline: 282 - 313 - 132  [0.479] 727
Started game 740 of 10000 (Baseline vs Shelter)
Finished game 732 (Baseline vs Shelter): 1/2-1/2 {Draw by 3-fold repetition}
Score of Shelter vs Baseline: 282 - 313 - 133  [0.479] 728
Started game 741 of 10000 (Shelter vs Baseline)
Finished game 731 (Shelter vs Baseline): 0-1 {Black wins by adjudication}
Score of Shelter vs Baseline: 282 - 314 - 133  [0.478] 729
Started game 742 of 10000 (Baseline vs Shelter)
Finished game 734 (Baseline vs Shelter): 1-0 {White wins by adjudication}
Score of Shelter vs Baseline: 282 - 315 - 133  [0.477] 730
Started game 743 of 10000 (Shelter vs Baseline)
Finished game 733 (Shelter vs Baseline): 1-0 {White wins by adjudication}
Score of Shelter vs Baseline: 283 - 315 - 133  [0.478] 731
Started game 744 of 10000 (Baseline vs Shelter)
Finished game 723 (Shelter vs Baseline): 1/2-1/2 {Draw by 3-fold repetition}
Score of Shelter vs Baseline: 283 - 315 - 134  [0.478] 732
Started game 745 of 10000 (Shelter vs Baseline)
Finished game 720 (Baseline vs Shelter): 1/2-1/2 {Draw by 3-fold repetition}
Score of Shelter vs Baseline: 283 - 315 - 135  [0.478] 733
Started game 746 of 10000 (Baseline vs Shelter)
Finished game 729 (Shelter vs Baseline): 1/2-1/2 {Draw by insufficient mating material}
Score of Shelter vs Baseline: 283 - 315 - 136  [0.478] 734
Started game 747 of 10000 (Shelter vs Baseline)
Finished game 737 (Shelter vs Baseline): 1-0 {White wins by adjudication}
Score of Shelter vs Baseline: 284 - 315 - 136  [0.479] 735
Started game 748 of 10000 (Baseline vs Shelter)
Finished game 735 (Shelter vs Baseline): 0-1 {Black wins by adjudication}
Score of Shelter vs Baseline: 284 - 316 - 136  [0.478] 736
Started game 749 of 10000 (Shelter vs Baseline)
Finished game 736 (Baseline vs Shelter): 1-0 {White wins by adjudication}
Score of Shelter vs Baseline: 284 - 317 - 136  [0.478] 737
Started game 750 of 10000 (Baseline vs Shelter)
Finished game 738 (Baseline vs Shelter): 0-1 {Black wins by adjudication}
Score of Shelter vs Baseline: 285 - 317 - 136  [0.478] 738
Started game 751 of 10000 (Shelter vs Baseline)
Finished game 740 (Baseline vs Shelter): 0-1 {Black wins by adjudication}
Score of Shelter vs Baseline: 286 - 317 - 136  [0.479] 739
Started game 752 of 10000 (Baseline vs Shelter)
Finished game 744 (Baseline vs Shelter): 1-0 {White wins by adjudication}
Score of Shelter vs Baseline: 286 - 318 - 136  [0.478] 740
Started game 753 of 10000 (Shelter vs Baseline)
Finished game 743 (Shelter vs Baseline): 0-1 {Black wins by adjudication}
Score of Shelter vs Baseline: 286 - 319 - 136  [0.478] 741
Started game 754 of 10000 (Baseline vs Shelter)
Finished game 746 (Baseline vs Shelter): 1/2-1/2 {Draw by adjudication}
Score of Shelter vs Baseline: 286 - 319 - 137  [0.478] 742
Started game 755 of 10000 (Shelter vs Baseline)
Finished game 742 (Baseline vs Shelter): 1/2-1/2 {Draw by fifty moves rule}
Score of Shelter vs Baseline: 286 - 319 - 138  [0.478] 743
Started game 756 of 10000 (Baseline vs Shelter)
Finished game 739 (Shelter vs Baseline): 1/2-1/2 {Draw by fifty moves rule}
Score of Shelter vs Baseline: 286 - 319 - 139  [0.478] 744
Started game 757 of 10000 (Shelter vs Baseline)
Finished game 745 (Shelter vs Baseline): 1-0 {White wins by adjudication}
Score of Shelter vs Baseline: 287 - 319 - 139  [0.479] 745
Started game 758 of 10000 (Baseline vs Shelter)
Finished game 748 (Baseline vs Shelter): 0-1 {Black wins by adjudication}
Score of Shelter vs Baseline: 288 - 319 - 139  [0.479] 746
Started game 759 of 10000 (Shelter vs Baseline)
Finished game 747 (Shelter vs Baseline): 0-1 {Black wins by adjudication}
Score of Shelter vs Baseline: 288 - 320 - 139  [0.479] 747
Started game 760 of 10000 (Baseline vs Shelter)
Finished game 741 (Shelter vs Baseline): 0-1 {Black wins by adjudication}
Score of Shelter vs Baseline: 288 - 321 - 139  [0.478] 748
Started game 761 of 10000 (Shelter vs Baseline)
Finished game 750 (Baseline vs Shelter): 0-1 {Black wins by adjudication}
Score of Shelter vs Baseline: 289 - 321 - 139  [0.479] 749
Started game 762 of 10000 (Baseline vs Shelter)
Finished game 751 (Shelter vs Baseline): 0-1 {Black wins by adjudication}
Score of Shelter vs Baseline: 289 - 322 - 139  [0.478] 750
Started game 763 of 10000 (Shelter vs Baseline)
Finished game 753 (Shelter vs Baseline): 0-1 {Black wins by adjudication}
Score of Shelter vs Baseline: 289 - 323 - 139  [0.477] 751
Started game 764 of 10000 (Baseline vs Shelter)
Finished game 754 (Baseline vs Shelter): 1-0 {White wins by adjudication}
Score of Shelter vs Baseline: 289 - 324 - 139  [0.477] 752
Started game 765 of 10000 (Shelter vs Baseline)
Finished game 749 (Shelter vs Baseline): 1/2-1/2 {Draw by adjudication}
Score of Shelter vs Baseline: 289 - 324 - 140  [0.477] 753
Started game 766 of 10000 (Baseline vs Shelter)
Finished game 756 (Baseline vs Shelter): 1/2-1/2 {Draw by 3-fold repetition}
Score of Shelter vs Baseline: 289 - 324 - 141  [0.477] 754
Started game 767 of 10000 (Shelter vs Baseline)
Finished game 752 (Baseline vs Shelter): 1-0 {White wins by adjudication}
Score of Shelter vs Baseline: 289 - 325 - 141  [0.476] 755
Started game 768 of 10000 (Baseline vs Shelter)
Finished game 757 (Shelter vs Baseline): 1-0 {White wins by adjudication}
Score of Shelter vs Baseline: 290 - 325 - 141  [0.477] 756
Started game 769 of 10000 (Shelter vs Baseline)
Finished game 755 (Shelter vs Baseline): 1-0 {White wins by adjudication}
Score of Shelter vs Baseline: 291 - 325 - 141  [0.478] 757
Started game 770 of 10000 (Baseline vs Shelter)
Finished game 758 (Baseline vs Shelter): 0-1 {Black wins by adjudication}
Score of Shelter vs Baseline: 292 - 325 - 141  [0.478] 758
Started game 771 of 10000 (Shelter vs Baseline)
Finished game 759 (Shelter vs Baseline): 0-1 {Black wins by adjudication}
Score of Shelter vs Baseline: 292 - 326 - 141  [0.478] 759
Started game 772 of 10000 (Baseline vs Shelter)
Finished game 761 (Shelter vs Baseline): 1-0 {White wins by adjudication}
Score of Shelter vs Baseline: 293 - 326 - 141  [0.478] 760
Started game 773 of 10000 (Shelter vs Baseline)
Finished game 770 (Baseline vs Shelter): 1-0 {White wins by adjudication}
Score of Shelter vs Baseline: 293 - 327 - 141  [0.478] 761
Started game 774 of 10000 (Baseline vs Shelter)
Finished game 760 (Baseline vs Shelter): 1-0 {White wins by adjudication}
Score of Shelter vs Baseline: 293 - 328 - 141  [0.477] 762
Started game 775 of 10000 (Shelter vs Baseline)
Finished game 766 (Baseline vs Shelter): 0-1 {Black mates}
Score of Shelter vs Baseline: 294 - 328 - 141  [0.478] 763
Started game 776 of 10000 (Baseline vs Shelter)
Finished game 763 (Shelter vs Baseline): 1-0 {White wins by adjudication}
Score of Shelter vs Baseline: 295 - 328 - 141  [0.478] 764
Started game 777 of 10000 (Shelter vs Baseline)
Finished game 767 (Shelter vs Baseline): 1-0 {White wins by adjudication}
Score of Shelter vs Baseline: 296 - 328 - 141  [0.479] 765
Started game 778 of 10000 (Baseline vs Shelter)
Finished game 768 (Baseline vs Shelter): 0-1 {Black wins by adjudication}
Score of Shelter vs Baseline: 297 - 328 - 141  [0.480] 766
Started game 779 of 10000 (Shelter vs Baseline)
Finished game 769 (Shelter vs Baseline): 0-1 {Black wins by adjudication}
Score of Shelter vs Baseline: 297 - 329 - 141  [0.479] 767
Started game 780 of 10000 (Baseline vs Shelter)
Finished game 765 (Shelter vs Baseline): 1-0 {White wins by adjudication}
Score of Shelter vs Baseline: 298 - 329 - 141  [0.480] 768
Started game 781 of 10000 (Shelter vs Baseline)
Finished game 764 (Baseline vs Shelter): 1-0 {White wins by adjudication}
Score of Shelter vs Baseline: 298 - 330 - 141  [0.479] 769
Started game 782 of 10000 (Baseline vs Shelter)
Finished game 762 (Baseline vs Shelter): 1-0 {White wins by adjudication}
Score of Shelter vs Baseline: 298 - 331 - 141  [0.479] 770
Started game 783 of 10000 (Shelter vs Baseline)
Finished game 771 (Shelter vs Baseline): 1-0 {White wins by adjudication}
Score of Shelter vs Baseline: 299 - 331 - 141  [0.479] 771
Started game 784 of 10000 (Baseline vs Shelter)
Finished game 772 (Baseline vs Shelter): 0-1 {Black wins by adjudication}
Score of Shelter vs Baseline: 300 - 331 - 141  [0.480] 772
Started game 785 of 10000 (Shelter vs Baseline)
Finished game 773 (Shelter vs Baseline): 0-1 {Black wins by adjudication}
Score of Shelter vs Baseline: 300 - 332 - 141  [0.479] 773
Started game 786 of 10000 (Baseline vs Shelter)
Finished game 775 (Shelter vs Baseline): 1/2-1/2 {Draw by 3-fold repetition}
Score of Shelter vs Baseline: 300 - 332 - 142  [0.479] 774
Started game 787 of 10000 (Shelter vs Baseline)
Finished game 783 (Shelter vs Baseline): 0-1 {Black wins by adjudication}
Score of Shelter vs Baseline: 300 - 333 - 142  [0.479] 775
Started game 788 of 10000 (Baseline vs Shelter)
Finished game 780 (Baseline vs Shelter): 1-0 {White wins by adjudication}
Score of Shelter vs Baseline: 300 - 334 - 142  [0.478] 776
Started game 789 of 10000 (Shelter vs Baseline)
Finished game 784 (Baseline vs Shelter): 0-1 {Black wins by adjudication}
Score of Shelter vs Baseline: 301 - 334 - 142  [0.479] 777
Started game 790 of 10000 (Baseline vs Shelter)
Finished game 779 (Shelter vs Baseline): 1-0 {White wins by adjudication}
Score of Shelter vs Baseline: 302 - 334 - 142  [0.479] 778
Started game 791 of 10000 (Shelter vs Baseline)
Finished game 778 (Baseline vs Shelter): 0-1 {Black wins by adjudication}
Score of Shelter vs Baseline: 303 - 334 - 142  [0.480] 779
Started game 792 of 10000 (Baseline vs Shelter)
Finished game 776 (Baseline vs Shelter): 0-1 {Black wins by adjudication}
Score of Shelter vs Baseline: 304 - 334 - 142  [0.481] 780
Started game 793 of 10000 (Shelter vs Baseline)
Finished game 782 (Baseline vs Shelter): 0-1 {Black wins by adjudication}
Score of Shelter vs Baseline: 305 - 334 - 142  [0.481] 781
Started game 794 of 10000 (Baseline vs Shelter)
Finished game 774 (Baseline vs Shelter): 0-1 {Black wins by adjudication}
Score of Shelter vs Baseline: 306 - 334 - 142  [0.482] 782
Started game 795 of 10000 (Shelter vs Baseline)
Finished game 781 (Shelter vs Baseline): 1/2-1/2 {Draw by insufficient mating material}
Score of Shelter vs Baseline: 306 - 334 - 143  [0.482] 783
Started game 796 of 10000 (Baseline vs Shelter)
Finished game 785 (Shelter vs Baseline): 1-0 {White wins by adjudication}
Score of Shelter vs Baseline: 307 - 334 - 143  [0.483] 784
Started game 797 of 10000 (Shelter vs Baseline)
Finished game 786 (Baseline vs Shelter): 0-1 {Black wins by adjudication}
Score of Shelter vs Baseline: 308 - 334 - 143  [0.483] 785
Started game 798 of 10000 (Baseline vs Shelter)
Finished game 789 (Shelter vs Baseline): 1-0 {White wins by adjudication}
Score of Shelter vs Baseline: 309 - 334 - 143  [0.484] 786
Started game 799 of 10000 (Shelter vs Baseline)
Finished game 794 (Baseline vs Shelter): 0-1 {Black wins by adjudication}
Score of Shelter vs Baseline: 310 - 334 - 143  [0.485] 787
Started game 800 of 10000 (Baseline vs Shelter)
Finished game 777 (Shelter vs Baseline): 1/2-1/2 {Draw by fifty moves rule}
Score of Shelter vs Baseline: 310 - 334 - 144  [0.485] 788
Started game 801 of 10000 (Shelter vs Baseline)
Finished game 791 (Shelter vs Baseline): 1-0 {White wins by adjudication}
Score of Shelter vs Baseline: 311 - 334 - 144  [0.485] 789
Started game 802 of 10000 (Baseline vs Shelter)
Finished game 793 (Shelter vs Baseline): 0-1 {Black wins by adjudication}
Score of Shelter vs Baseline: 311 - 335 - 144  [0.485] 790
Started game 803 of 10000 (Shelter vs Baseline)
Finished game 796 (Baseline vs Shelter): 1-0 {White wins by adjudication}
Score of Shelter vs Baseline: 311 - 336 - 144  [0.484] 791
Started game 804 of 10000 (Baseline vs Shelter)
Finished game 788 (Baseline vs Shelter): 0-1 {Black mates}
Score of Shelter vs Baseline: 312 - 336 - 144  [0.485] 792
Started game 805 of 10000 (Shelter vs Baseline)
Finished game 790 (Baseline vs Shelter): 0-1 {Black mates}
Score of Shelter vs Baseline: 313 - 336 - 144  [0.485] 793
Started game 806 of 10000 (Baseline vs Shelter)
Finished game 792 (Baseline vs Shelter): 0-1 {Black wins by adjudication}
Score of Shelter vs Baseline: 314 - 336 - 144  [0.486] 794
Started game 807 of 10000 (Shelter vs Baseline)
Finished game 787 (Shelter vs Baseline): 1/2-1/2 {Draw by insufficient mating material}
Score of Shelter vs Baseline: 314 - 336 - 145  [0.486] 795
Started game 808 of 10000 (Baseline vs Shelter)
Finished game 798 (Baseline vs Shelter): 1/2-1/2 {Draw by 3-fold repetition}
Score of Shelter vs Baseline: 314 - 336 - 146  [0.486] 796
Started game 809 of 10000 (Shelter vs Baseline)
Finished game 797 (Shelter vs Baseline): 1/2-1/2 {Draw by 3-fold repetition}
Score of Shelter vs Baseline: 314 - 336 - 147  [0.486] 797
Started game 810 of 10000 (Baseline vs Shelter)
Finished game 801 (Shelter vs Baseline): 1-0 {White wins by adjudication}
Score of Shelter vs Baseline: 315 - 336 - 147  [0.487] 798
Started game 811 of 10000 (Shelter vs Baseline)
Finished game 804 (Baseline vs Shelter): 1-0 {White wins by adjudication}
Score of Shelter vs Baseline: 315 - 337 - 147  [0.486] 799
Started game 812 of 10000 (Baseline vs Shelter)
Finished game 800 (Baseline vs Shelter): 0-1 {Black wins by adjudication}
Score of Shelter vs Baseline: 316 - 337 - 147  [0.487] 800
Started game 813 of 10000 (Shelter vs Baseline)
Finished game 799 (Shelter vs Baseline): 0-1 {Black wins by adjudication}
Score of Shelter vs Baseline: 316 - 338 - 147  [0.486] 801
Started game 814 of 10000 (Baseline vs Shelter)
Finished game 802 (Baseline vs Shelter): 1-0 {White wins by adjudication}
Score of Shelter vs Baseline: 316 - 339 - 147  [0.486] 802
Started game 815 of 10000 (Shelter vs Baseline)
Finished game 803 (Shelter vs Baseline): 0-1 {Black wins by adjudication}
Score of Shelter vs Baseline: 316 - 340 - 147  [0.485] 803
Started game 816 of 10000 (Baseline vs Shelter)
Finished game 795 (Shelter vs Baseline): 1/2-1/2 {Draw by 3-fold repetition}
Score of Shelter vs Baseline: 316 - 340 - 148  [0.485] 804
Started game 817 of 10000 (Shelter vs Baseline)
Finished game 806 (Baseline vs Shelter): 1-0 {White wins by adjudication}
Score of Shelter vs Baseline: 316 - 341 - 148  [0.484] 805
Started game 818 of 10000 (Baseline vs Shelter)
Finished game 810 (Baseline vs Shelter): 1-0 {White wins by adjudication}
Score of Shelter vs Baseline: 316 - 342 - 148  [0.484] 806
Started game 819 of 10000 (Shelter vs Baseline)
Finished game 805 (Shelter vs Baseline): 1-0 {White mates}
Score of Shelter vs Baseline: 317 - 342 - 148  [0.485] 807
Started game 820 of 10000 (Baseline vs Shelter)
Finished game 809 (Shelter vs Baseline): 0-1 {Black wins by adjudication}
Score of Shelter vs Baseline: 317 - 343 - 148  [0.484] 808
Started game 821 of 10000 (Shelter vs Baseline)
Finished game 807 (Shelter vs Baseline): 0-1 {Black wins by adjudication}
Score of Shelter vs Baseline: 317 - 344 - 148  [0.483] 809
Started game 822 of 10000 (Baseline vs Shelter)
Finished game 812 (Baseline vs Shelter): 1/2-1/2 {Draw by 3-fold repetition}
Score of Shelter vs Baseline: 317 - 344 - 149  [0.483] 810
Started game 823 of 10000 (Shelter vs Baseline)
Finished game 808 (Baseline vs Shelter): 0-1 {Black wins by adjudication}
Score of Shelter vs Baseline: 318 - 344 - 149  [0.484] 811
Started game 824 of 10000 (Baseline vs Shelter)
Finished game 817 (Shelter vs Baseline): 0-1 {Black mates}
Score of Shelter vs Baseline: 318 - 345 - 149  [0.483] 812
Started game 825 of 10000 (Shelter vs Baseline)
Finished game 814 (Baseline vs Shelter): 1-0 {White wins by adjudication}
Score of Shelter vs Baseline: 318 - 346 - 149  [0.483] 813
Started game 826 of 10000 (Baseline vs Shelter)
Finished game 815 (Shelter vs Baseline): 0-1 {Black wins by adjudication}
Score of Shelter vs Baseline: 318 - 347 - 149  [0.482] 814
Started game 827 of 10000 (Shelter vs Baseline)
Finished game 816 (Baseline vs Shelter): 1-0 {White wins by adjudication}
Score of Shelter vs Baseline: 318 - 348 - 149  [0.482] 815
Started game 828 of 10000 (Baseline vs Shelter)
Finished game 811 (Shelter vs Baseline): 0-1 {Black wins by adjudication}
Score of Shelter vs Baseline: 318 - 349 - 149  [0.481] 816
Started game 829 of 10000 (Shelter vs Baseline)
Finished game 818 (Baseline vs Shelter): 1-0 {White wins by adjudication}
Score of Shelter vs Baseline: 318 - 350 - 149  [0.480] 817
Started game 830 of 10000 (Baseline vs Shelter)
Finished game 825 (Shelter vs Baseline): 0-1 {Black wins by adjudication}
Score of Shelter vs Baseline: 318 - 351 - 149  [0.480] 818
Started game 831 of 10000 (Shelter vs Baseline)
Finished game 819 (Shelter vs Baseline): 0-1 {Black wins by adjudication}
Score of Shelter vs Baseline: 318 - 352 - 149  [0.479] 819
Started game 832 of 10000 (Baseline vs Shelter)
Finished game 822 (Baseline vs Shelter): 1-0 {White wins by adjudication}
Score of Shelter vs Baseline: 318 - 353 - 149  [0.479] 820
Started game 833 of 10000 (Shelter vs Baseline)
Finished game 813 (Shelter vs Baseline): 1/2-1/2 {Draw by fifty moves rule}
Score of Shelter vs Baseline: 318 - 353 - 150  [0.479] 821
Started game 834 of 10000 (Baseline vs Shelter)
Finished game 821 (Shelter vs Baseline): 0-1 {Black wins by adjudication}
Score of Shelter vs Baseline: 318 - 354 - 150  [0.478] 822
Started game 835 of 10000 (Shelter vs Baseline)
Finished game 824 (Baseline vs Shelter): 1-0 {White wins by adjudication}
Score of Shelter vs Baseline: 318 - 355 - 150  [0.478] 823
Started game 836 of 10000 (Baseline vs Shelter)
Finished game 827 (Shelter vs Baseline): 1/2-1/2 {Draw by insufficient mating material}
Score of Shelter vs Baseline: 318 - 355 - 151  [0.478] 824
Started game 837 of 10000 (Shelter vs Baseline)
Finished game 823 (Shelter vs Baseline): 0-1 {Black wins by adjudication}
Score of Shelter vs Baseline: 318 - 356 - 151  [0.477] 825
Started game 838 of 10000 (Baseline vs Shelter)
Finished game 826 (Baseline vs Shelter): 1-0 {White wins by adjudication}
Score of Shelter vs Baseline: 318 - 357 - 151  [0.476] 826
Started game 839 of 10000 (Shelter vs Baseline)
Finished game 829 (Shelter vs Baseline): 1-0 {White wins by adjudication}
Score of Shelter vs Baseline: 319 - 357 - 151  [0.477] 827
Started game 840 of 10000 (Baseline vs Shelter)
Finished game 828 (Baseline vs Shelter): 0-1 {Black wins by adjudication}
Score of Shelter vs Baseline: 320 - 357 - 151  [0.478] 828
Started game 841 of 10000 (Shelter vs Baseline)
Finished game 820 (Baseline vs Shelter): 1-0 {White wins by adjudication}
Score of Shelter vs Baseline: 320 - 358 - 151  [0.477] 829
Started game 842 of 10000 (Baseline vs Shelter)
Finished game 832 (Baseline vs Shelter): 1-0 {White wins by adjudication}
Score of Shelter vs Baseline: 320 - 359 - 151  [0.477] 830
Started game 843 of 10000 (Shelter vs Baseline)
Finished game 833 (Shelter vs Baseline): 0-1 {Black wins by adjudication}
Score of Shelter vs Baseline: 320 - 360 - 151  [0.476] 831
Started game 844 of 10000 (Baseline vs Shelter)
Finished game 830 (Baseline vs Shelter): 1-0 {White wins by adjudication}
Score of Shelter vs Baseline: 320 - 361 - 151  [0.475] 832
Started game 845 of 10000 (Shelter vs Baseline)
Finished game 837 (Shelter vs Baseline): 1-0 {White wins by adjudication}
Score of Shelter vs Baseline: 321 - 361 - 151  [0.476] 833
Started game 846 of 10000 (Baseline vs Shelter)
Finished game 835 (Shelter vs Baseline): 1/2-1/2 {Draw by adjudication}
Score of Shelter vs Baseline: 321 - 361 - 152  [0.476] 834
Started game 847 of 10000 (Shelter vs Baseline)
Finished game 834 (Baseline vs Shelter): 0-1 {Black wins by adjudication}
Score of Shelter vs Baseline: 322 - 361 - 152  [0.477] 835
Started game 848 of 10000 (Baseline vs Shelter)
Finished game 836 (Baseline vs Shelter): 1/2-1/2 {Draw by 3-fold repetition}
Score of Shelter vs Baseline: 322 - 361 - 153  [0.477] 836
Started game 849 of 10000 (Shelter vs Baseline)
Finished game 831 (Shelter vs Baseline): 1-0 {White wins by adjudication}
Score of Shelter vs Baseline: 323 - 361 - 153  [0.477] 837
Started game 850 of 10000 (Baseline vs Shelter)
Finished game 839 (Shelter vs Baseline): 1-0 {White wins by adjudication}
Score of Shelter vs Baseline: 324 - 361 - 153  [0.478] 838
Started game 851 of 10000 (Shelter vs Baseline)
Finished game 840 (Baseline vs Shelter): 0-1 {Black wins by adjudication}
Score of Shelter vs Baseline: 325 - 361 - 153  [0.479] 839
Started game 852 of 10000 (Baseline vs Shelter)
Finished game 842 (Baseline vs Shelter): 0-1 {Black wins by adjudication}
Score of Shelter vs Baseline: 326 - 361 - 153  [0.479] 840
Started game 853 of 10000 (Shelter vs Baseline)
Finished game 838 (Baseline vs Shelter): 1-0 {White wins by adjudication}
Score of Shelter vs Baseline: 326 - 362 - 153  [0.479] 841
Started game 854 of 10000 (Baseline vs Shelter)
Finished game 844 (Baseline vs Shelter): 1-0 {White wins by adjudication}
Score of Shelter vs Baseline: 326 - 363 - 153  [0.478] 842
Started game 855 of 10000 (Shelter vs Baseline)
Finished game 841 (Shelter vs Baseline): 1-0 {White wins by adjudication}
Score of Shelter vs Baseline: 327 - 363 - 153  [0.479] 843
Started game 856 of 10000 (Baseline vs Shelter)
Finished game 847 (Shelter vs Baseline): 1-0 {White wins by adjudication}
Score of Shelter vs Baseline: 328 - 363 - 153  [0.479] 844
Started game 857 of 10000 (Shelter vs Baseline)
Finished game 846 (Baseline vs Shelter): 1-0 {White wins by adjudication}
Score of Shelter vs Baseline: 328 - 364 - 153  [0.479] 845
Started game 858 of 10000 (Baseline vs Shelter)
Finished game 845 (Shelter vs Baseline): 0-1 {Black wins by adjudication}
Score of Shelter vs Baseline: 328 - 365 - 153  [0.478] 846
Started game 859 of 10000 (Shelter vs Baseline)
Finished game 848 (Baseline vs Shelter): 1-0 {White wins by adjudication}
Score of Shelter vs Baseline: 328 - 366 - 153  [0.478] 847
Started game 860 of 10000 (Baseline vs Shelter)
Finished game 856 (Baseline vs Shelter): 1-0 {White wins by adjudication}
Score of Shelter vs Baseline: 328 - 367 - 153  [0.477] 848
Started game 861 of 10000 (Shelter vs Baseline)
Finished game 849 (Shelter vs Baseline): 0-1 {Black wins by adjudication}
Score of Shelter vs Baseline: 328 - 368 - 153  [0.476] 849
Started game 862 of 10000 (Baseline vs Shelter)
Finished game 850 (Baseline vs Shelter): 1-0 {White wins by adjudication}
Score of Shelter vs Baseline: 328 - 369 - 153  [0.476] 850
Started game 863 of 10000 (Shelter vs Baseline)
Finished game 852 (Baseline vs Shelter): 0-1 {Black wins by adjudication}
Score of Shelter vs Baseline: 329 - 369 - 153  [0.476] 851
Started game 864 of 10000 (Baseline vs Shelter)
Finished game 843 (Shelter vs Baseline): 1/2-1/2 {Draw by fifty moves rule}
Score of Shelter vs Baseline: 329 - 369 - 154  [0.477] 852
Started game 865 of 10000 (Shelter vs Baseline)
Finished game 857 (Shelter vs Baseline): 0-1 {Black wins by adjudication}
Score of Shelter vs Baseline: 329 - 370 - 154  [0.476] 853
Started game 866 of 10000 (Baseline vs Shelter)
Finished game 851 (Shelter vs Baseline): 0-1 {Black wins by adjudication}
Score of Shelter vs Baseline: 329 - 371 - 154  [0.475] 854
Started game 867 of 10000 (Shelter vs Baseline)
Finished game 855 (Shelter vs Baseline): 1-0 {White wins by adjudication}
Score of Shelter vs Baseline: 330 - 371 - 154  [0.476] 855
Started game 868 of 10000 (Baseline vs Shelter)
Finished game 854 (Baseline vs Shelter): 0-1 {Black wins by adjudication}
Score of Shelter vs Baseline: 331 - 371 - 154  [0.477] 856
Started game 869 of 10000 (Shelter vs Baseline)
Finished game 853 (Shelter vs Baseline): 1/2-1/2 {Draw by fifty moves rule}
Score of Shelter vs Baseline: 331 - 371 - 155  [0.477] 857
Started game 870 of 10000 (Baseline vs Shelter)
Finished game 858 (Baseline vs Shelter): 0-1 {Black wins by adjudication}
Score of Shelter vs Baseline: 332 - 371 - 155  [0.477] 858
Started game 871 of 10000 (Shelter vs Baseline)
Finished game 861 (Shelter vs Baseline): 1-0 {White wins by adjudication}
Score of Shelter vs Baseline: 333 - 371 - 155  [0.478] 859
Started game 872 of 10000 (Baseline vs Shelter)
Finished game 859 (Shelter vs Baseline): 0-1 {Black wins by adjudication}
Score of Shelter vs Baseline: 333 - 372 - 155  [0.477] 860
Started game 873 of 10000 (Shelter vs Baseline)
Finished game 862 (Baseline vs Shelter): 1-0 {White wins by adjudication}
Score of Shelter vs Baseline: 333 - 373 - 155  [0.477] 861
Started game 874 of 10000 (Baseline vs Shelter)
Finished game 864 (Baseline vs Shelter): 0-1 {Black mates}
Score of Shelter vs Baseline: 334 - 373 - 155  [0.477] 862
Started game 875 of 10000 (Shelter vs Baseline)
Finished game 863 (Shelter vs Baseline): 0-1 {Black wins by adjudication}
Score of Shelter vs Baseline: 334 - 374 - 155  [0.477] 863
Started game 876 of 10000 (Baseline vs Shelter)
Finished game 868 (Baseline vs Shelter): 0-1 {Black wins by adjudication}
Score of Shelter vs Baseline: 335 - 374 - 155  [0.477] 864
Started game 877 of 10000 (Shelter vs Baseline)
Finished game 866 (Baseline vs Shelter): 1-0 {White wins by adjudication}
Score of Shelter vs Baseline: 335 - 375 - 155  [0.477] 865
Started game 878 of 10000 (Baseline vs Shelter)
Finished game 870 (Baseline vs Shelter): 1-0 {White wins by adjudication}
Score of Shelter vs Baseline: 335 - 376 - 155  [0.476] 866
Started game 879 of 10000 (Shelter vs Baseline)
Finished game 869 (Shelter vs Baseline): 0-1 {Black wins by adjudication}
Score of Shelter vs Baseline: 335 - 377 - 155  [0.476] 867
Started game 880 of 10000 (Baseline vs Shelter)
Finished game 860 (Baseline vs Shelter): 1-0 {White wins by adjudication}
Score of Shelter vs Baseline: 335 - 378 - 155  [0.475] 868
Started game 881 of 10000 (Shelter vs Baseline)
Finished game 865 (Shelter vs Baseline): 1-0 {White wins by adjudication}
Score of Shelter vs Baseline: 336 - 378 - 155  [0.476] 869
Started game 882 of 10000 (Baseline vs Shelter)
Finished game 867 (Shelter vs Baseline): 1/2-1/2 {Draw by adjudication}
Score of Shelter vs Baseline: 336 - 378 - 156  [0.476] 870
Started game 883 of 10000 (Shelter vs Baseline)
Finished game 871 (Shelter vs Baseline): 1-0 {White wins by adjudication}
Score of Shelter vs Baseline: 337 - 378 - 156  [0.476] 871
Started game 884 of 10000 (Baseline vs Shelter)
Finished game 873 (Shelter vs Baseline): 1-0 {White wins by adjudication}
Score of Shelter vs Baseline: 338 - 378 - 156  [0.477] 872
Started game 885 of 10000 (Shelter vs Baseline)
Finished game 872 (Baseline vs Shelter): 1-0 {White wins by adjudication}
Score of Shelter vs Baseline: 338 - 379 - 156  [0.477] 873
Started game 886 of 10000 (Baseline vs Shelter)
Finished game 875 (Shelter vs Baseline): 0-1 {Black wins by adjudication}
Score of Shelter vs Baseline: 338 - 380 - 156  [0.476] 874
Started game 887 of 10000 (Shelter vs Baseline)
Finished game 881 (Shelter vs Baseline): 1-0 {White wins by adjudication}
Score of Shelter vs Baseline: 339 - 380 - 156  [0.477] 875
Started game 888 of 10000 (Baseline vs Shelter)
Finished game 874 (Baseline vs Shelter): 1/2-1/2 {Draw by 3-fold repetition}
Score of Shelter vs Baseline: 339 - 380 - 157  [0.477] 876
Started game 889 of 10000 (Shelter vs Baseline)
Finished game 882 (Baseline vs Shelter): 1-0 {White wins by adjudication}
Score of Shelter vs Baseline: 339 - 381 - 157  [0.476] 877
Started game 890 of 10000 (Baseline vs Shelter)
Finished game 877 (Shelter vs Baseline): 1-0 {White wins by adjudication}
Score of Shelter vs Baseline: 340 - 381 - 157  [0.477] 878
Started game 891 of 10000 (Shelter vs Baseline)
Finished game 878 (Baseline vs Shelter): 1-0 {White wins by adjudication}
Score of Shelter vs Baseline: 340 - 382 - 157  [0.476] 879
Started game 892 of 10000 (Baseline vs Shelter)
Finished game 883 (Shelter vs Baseline): 0-1 {Black wins by adjudication}
Score of Shelter vs Baseline: 340 - 383 - 157  [0.476] 880
Started game 893 of 10000 (Shelter vs Baseline)
Finished game 880 (Baseline vs Shelter): 1-0 {White wins by adjudication}
Score of Shelter vs Baseline: 340 - 384 - 157  [0.475] 881
Started game 894 of 10000 (Baseline vs Shelter)
Finished game 879 (Shelter vs Baseline): 0-1 {Black wins by adjudication}
Score of Shelter vs Baseline: 340 - 385 - 157  [0.474] 882
Started game 895 of 10000 (Shelter vs Baseline)
Finished game 884 (Baseline vs Shelter): 1-0 {White wins by adjudication}
Score of Shelter vs Baseline: 340 - 386 - 157  [0.474] 883
Started game 896 of 10000 (Baseline vs Shelter)
Finished game 887 (Shelter vs Baseline): 1-0 {White wins by adjudication}
Score of Shelter vs Baseline: 341 - 386 - 157  [0.475] 884
Started game 897 of 10000 (Shelter vs Baseline)
Finished game 890 (Baseline vs Shelter): 1-0 {White wins by adjudication}
Score of Shelter vs Baseline: 341 - 387 - 157  [0.474] 885
Started game 898 of 10000 (Baseline vs Shelter)
Finished game 886 (Baseline vs Shelter): 0-1 {Black wins by adjudication}
Score of Shelter vs Baseline: 342 - 387 - 157  [0.475] 886
Started game 899 of 10000 (Shelter vs Baseline)
Finished game 891 (Shelter vs Baseline): 1/2-1/2 {Draw by adjudication}
Score of Shelter vs Baseline: 342 - 387 - 158  [0.475] 887
Started game 900 of 10000 (Baseline vs Shelter)
Finished game 885 (Shelter vs Baseline): 1-0 {White wins by adjudication}
Score of Shelter vs Baseline: 343 - 387 - 158  [0.475] 888
Started game 901 of 10000 (Shelter vs Baseline)
Finished game 894 (Baseline vs Shelter): 1-0 {White wins by adjudication}
Score of Shelter vs Baseline: 343 - 388 - 158  [0.475] 889
Started game 902 of 10000 (Baseline vs Shelter)
Finished game 893 (Shelter vs Baseline): 1/2-1/2 {Draw by 3-fold repetition}
Score of Shelter vs Baseline: 343 - 388 - 159  [0.475] 890
Started game 903 of 10000 (Shelter vs Baseline)
Finished game 895 (Shelter vs Baseline): 1-0 {White wins by adjudication}
Score of Shelter vs Baseline: 344 - 388 - 159  [0.475] 891
Started game 904 of 10000 (Baseline vs Shelter)
Finished game 889 (Shelter vs Baseline): 1-0 {White wins by adjudication}
Score of Shelter vs Baseline: 345 - 388 - 159  [0.476] 892
Started game 905 of 10000 (Shelter vs Baseline)
Finished game 876 (Baseline vs Shelter): 1/2-1/2 {Draw by fifty moves rule}
Score of Shelter vs Baseline: 345 - 388 - 160  [0.476] 893
Started game 906 of 10000 (Baseline vs Shelter)
Finished game 892 (Baseline vs Shelter): 0-1 {Black wins by adjudication}
Score of Shelter vs Baseline: 346 - 388 - 160  [0.477] 894
Started game 907 of 10000 (Shelter vs Baseline)
Finished game 896 (Baseline vs Shelter): 0-1 {Black wins by adjudication}
Score of Shelter vs Baseline: 347 - 388 - 160  [0.477] 895
Started game 908 of 10000 (Baseline vs Shelter)
Finished game 888 (Baseline vs Shelter): 1/2-1/2 {Draw by adjudication}
Score of Shelter vs Baseline: 347 - 388 - 161  [0.477] 896
Started game 909 of 10000 (Shelter vs Baseline)
Finished game 898 (Baseline vs Shelter): 0-1 {Black wins by adjudication}
Score of Shelter vs Baseline: 348 - 388 - 161  [0.478] 897
Started game 910 of 10000 (Baseline vs Shelter)
Finished game 903 (Shelter vs Baseline): 0-1 {Black wins by adjudication}
Score of Shelter vs Baseline: 348 - 389 - 161  [0.477] 898
Started game 911 of 10000 (Shelter vs Baseline)
Finished game 899 (Shelter vs Baseline): 1-0 {White wins by adjudication}
Score of Shelter vs Baseline: 349 - 389 - 161  [0.478] 899
Started game 912 of 10000 (Baseline vs Shelter)
Finished game 905 (Shelter vs Baseline): 1/2-1/2 {Draw by 3-fold repetition}
Score of Shelter vs Baseline: 349 - 389 - 162  [0.478] 900
Started game 913 of 10000 (Shelter vs Baseline)
Finished game 902 (Baseline vs Shelter): 1-0 {White wins by adjudication}
Score of Shelter vs Baseline: 349 - 390 - 162  [0.477] 901
Started game 914 of 10000 (Baseline vs Shelter)
Finished game 904 (Baseline vs Shelter): 1-0 {White wins by adjudication}
Score of Shelter vs Baseline: 349 - 391 - 162  [0.477] 902
Started game 915 of 10000 (Shelter vs Baseline)
Finished game 901 (Shelter vs Baseline): 1/2-1/2 {Draw by adjudication}
Score of Shelter vs Baseline: 349 - 391 - 163  [0.477] 903
Started game 916 of 10000 (Baseline vs Shelter)
Finished game 909 (Shelter vs Baseline): 0-1 {Black wins by adjudication}
Score of Shelter vs Baseline: 349 - 392 - 163  [0.476] 904
Started game 917 of 10000 (Shelter vs Baseline)
Finished game 907 (Shelter vs Baseline): 1-0 {White wins by adjudication}
Score of Shelter vs Baseline: 350 - 392 - 163  [0.477] 905
Started game 918 of 10000 (Baseline vs Shelter)
Finished game 897 (Shelter vs Baseline): 1/2-1/2 {Draw by fifty moves rule}
Score of Shelter vs Baseline: 350 - 392 - 164  [0.477] 906
Started game 919 of 10000 (Shelter vs Baseline)
Finished game 908 (Baseline vs Shelter): 1-0 {White wins by adjudication}
Score of Shelter vs Baseline: 350 - 393 - 164  [0.476] 907
Started game 920 of 10000 (Baseline vs Shelter)
Finished game 910 (Baseline vs Shelter): 1-0 {White wins by adjudication}
Score of Shelter vs Baseline: 350 - 394 - 164  [0.476] 908
Started game 921 of 10000 (Shelter vs Baseline)
Finished game 913 (Shelter vs Baseline): 0-1 {Black wins by adjudication}
Score of Shelter vs Baseline: 350 - 395 - 164  [0.475] 909
Started game 922 of 10000 (Baseline vs Shelter)
Finished game 912 (Baseline vs Shelter): 0-1 {Black wins by adjudication}
Score of Shelter vs Baseline: 351 - 395 - 164  [0.476] 910
Started game 923 of 10000 (Shelter vs Baseline)
Finished game 911 (Shelter vs Baseline): 1-0 {White wins by adjudication}
Score of Shelter vs Baseline: 352 - 395 - 164  [0.476] 911
Started game 924 of 10000 (Baseline vs Shelter)
Finished game 900 (Baseline vs Shelter): 1/2-1/2 {Draw by insufficient mating material}
Score of Shelter vs Baseline: 352 - 395 - 165  [0.476] 912
Started game 925 of 10000 (Shelter vs Baseline)
Finished game 918 (Baseline vs Shelter): 0-1 {Black wins by adjudication}
Score of Shelter vs Baseline: 353 - 395 - 165  [0.477] 913
Started game 926 of 10000 (Baseline vs Shelter)
Finished game 906 (Baseline vs Shelter): 0-1 {Black wins by adjudication}
Score of Shelter vs Baseline: 354 - 395 - 165  [0.478] 914
Started game 927 of 10000 (Shelter vs Baseline)
Finished game 914 (Baseline vs Shelter): 0-1 {Black wins by adjudication}
Score of Shelter vs Baseline: 355 - 395 - 165  [0.478] 915
Started game 928 of 10000 (Baseline vs Shelter)
Finished game 920 (Baseline vs Shelter): 1-0 {White wins by adjudication}
Score of Shelter vs Baseline: 355 - 396 - 165  [0.478] 916
Started game 929 of 10000 (Shelter vs Baseline)
Finished game 917 (Shelter vs Baseline): 0-1 {Black wins by adjudication}
Score of Shelter vs Baseline: 355 - 397 - 165  [0.477] 917
Started game 930 of 10000 (Baseline vs Shelter)
Finished game 915 (Shelter vs Baseline): 1/2-1/2 {Draw by fifty moves rule}
Score of Shelter vs Baseline: 355 - 397 - 166  [0.477] 918
Started game 931 of 10000 (Shelter vs Baseline)
Finished game 916 (Baseline vs Shelter): 1-0 {White wins by adjudication}
Score of Shelter vs Baseline: 355 - 398 - 166  [0.477] 919
Started game 932 of 10000 (Baseline vs Shelter)
Finished game 919 (Shelter vs Baseline): 0-1 {Black wins by adjudication}
Score of Shelter vs Baseline: 355 - 399 - 166  [0.476] 920
Started game 933 of 10000 (Shelter vs Baseline)
Finished game 921 (Shelter vs Baseline): 1/2-1/2 {Draw by insufficient mating material}
Score of Shelter vs Baseline: 355 - 399 - 167  [0.476] 921
Started game 934 of 10000 (Baseline vs Shelter)
Finished game 926 (Baseline vs Shelter): 1-0 {White wins by adjudication}
Score of Shelter vs Baseline: 355 - 400 - 167  [0.476] 922
Started game 935 of 10000 (Shelter vs Baseline)
Finished game 922 (Baseline vs Shelter): 1/2-1/2 {Draw by insufficient mating material}
Score of Shelter vs Baseline: 355 - 400 - 168  [0.476] 923
Started game 936 of 10000 (Baseline vs Shelter)
Finished game 925 (Shelter vs Baseline): 0-1 {Black wins by adjudication}
Score of Shelter vs Baseline: 355 - 401 - 168  [0.475] 924
Started game 937 of 10000 (Shelter vs Baseline)
Finished game 924 (Baseline vs Shelter): 0-1 {Black wins by adjudication}
Score of Shelter vs Baseline: 356 - 401 - 168  [0.476] 925
Started game 938 of 10000 (Baseline vs Shelter)
Finished game 923 (Shelter vs Baseline): 1/2-1/2 {Draw by adjudication}
Score of Shelter vs Baseline: 356 - 401 - 169  [0.476] 926
Started game 939 of 10000 (Shelter vs Baseline)
Finished game 927 (Shelter vs Baseline): 0-1 {Black wins by adjudication}
Score of Shelter vs Baseline: 356 - 402 - 169  [0.475] 927
Started game 940 of 10000 (Baseline vs Shelter)
Finished game 929 (Shelter vs Baseline): 1-0 {White wins by adjudication}
Score of Shelter vs Baseline: 357 - 402 - 169  [0.476] 928
Started game 941 of 10000 (Shelter vs Baseline)
Finished game 928 (Baseline vs Shelter): 1-0 {White wins by adjudication}
Score of Shelter vs Baseline: 357 - 403 - 169  [0.475] 929
Started game 942 of 10000 (Baseline vs Shelter)
Finished game 936 (Baseline vs Shelter): 1-0 {White wins by adjudication}
Score of Shelter vs Baseline: 357 - 404 - 169  [0.475] 930
Started game 943 of 10000 (Shelter vs Baseline)
Finished game 931 (Shelter vs Baseline): 1-0 {White wins by adjudication}
Score of Shelter vs Baseline: 358 - 404 - 169  [0.475] 931
Started game 944 of 10000 (Baseline vs Shelter)
Finished game 937 (Shelter vs Baseline): 0-1 {Black mates}
Score of Shelter vs Baseline: 358 - 405 - 169  [0.475] 932
Started game 945 of 10000 (Shelter vs Baseline)
Finished game 932 (Baseline vs Shelter): 0-1 {Black wins by adjudication}
Score of Shelter vs Baseline: 359 - 405 - 169  [0.475] 933
Started game 946 of 10000 (Baseline vs Shelter)
Finished game 930 (Baseline vs Shelter): 0-1 {Black wins by adjudication}
Score of Shelter vs Baseline: 360 - 405 - 169  [0.476] 934
Started game 947 of 10000 (Shelter vs Baseline)
Finished game 938 (Baseline vs Shelter): 1-0 {White wins by adjudication}
Score of Shelter vs Baseline: 360 - 406 - 169  [0.475] 935
Started game 948 of 10000 (Baseline vs Shelter)
Finished game 933 (Shelter vs Baseline): 1/2-1/2 {Draw by insufficient mating material}
Score of Shelter vs Baseline: 360 - 406 - 170  [0.475] 936
Started game 949 of 10000 (Shelter vs Baseline)
Finished game 934 (Baseline vs Shelter): 1/2-1/2 {Draw by insufficient mating material}
Score of Shelter vs Baseline: 360 - 406 - 171  [0.475] 937
Started game 950 of 10000 (Baseline vs Shelter)
Finished game 941 (Shelter vs Baseline): 0-1 {Black wins by adjudication}
Score of Shelter vs Baseline: 360 - 407 - 171  [0.475] 938
Started game 951 of 10000 (Shelter vs Baseline)
Finished game 940 (Baseline vs Shelter): 1-0 {White wins by adjudication}
Score of Shelter vs Baseline: 360 - 408 - 171  [0.474] 939
Started game 952 of 10000 (Baseline vs Shelter)
Finished game 935 (Shelter vs Baseline): 1/2-1/2 {Draw by 3-fold repetition}
Score of Shelter vs Baseline: 360 - 408 - 172  [0.474] 940
Started game 953 of 10000 (Shelter vs Baseline)
Finished game 939 (Shelter vs Baseline): 0-1 {Black wins by adjudication}
Score of Shelter vs Baseline: 360 - 409 - 172  [0.474] 941
Started game 954 of 10000 (Baseline vs Shelter)
Finished game 943 (Shelter vs Baseline): 0-1 {Black wins by adjudication}
Score of Shelter vs Baseline: 360 - 410 - 172  [0.473] 942
Started game 955 of 10000 (Shelter vs Baseline)
Finished game 942 (Baseline vs Shelter): 0-1 {Black wins by adjudication}
Score of Shelter vs Baseline: 361 - 410 - 172  [0.474] 943
Started game 956 of 10000 (Baseline vs Shelter)
Finished game 946 (Baseline vs Shelter): 1-0 {White wins by adjudication}
Score of Shelter vs Baseline: 361 - 411 - 172  [0.474] 944
Started game 957 of 10000 (Shelter vs Baseline)
Finished game 944 (Baseline vs Shelter): 0-1 {Black wins by adjudication}
Score of Shelter vs Baseline: 362 - 411 - 172  [0.474] 945
Started game 958 of 10000 (Baseline vs Shelter)
Finished game 945 (Shelter vs Baseline): 1/2-1/2 {Draw by insufficient mating material}
Score of Shelter vs Baseline: 362 - 411 - 173  [0.474] 946
Started game 959 of 10000 (Shelter vs Baseline)
Finished game 947 (Shelter vs Baseline): 1-0 {White wins by adjudication}
Score of Shelter vs Baseline: 363 - 411 - 173  [0.475] 947
Started game 960 of 10000 (Baseline vs Shelter)
Finished game 949 (Shelter vs Baseline): 1-0 {White wins by adjudication}
Score of Shelter vs Baseline: 364 - 411 - 173  [0.475] 948
Started game 961 of 10000 (Shelter vs Baseline)
Finished game 952 (Baseline vs Shelter): 1-0 {White wins by adjudication}
Score of Shelter vs Baseline: 364 - 412 - 173  [0.475] 949
Started game 962 of 10000 (Baseline vs Shelter)
Finished game 948 (Baseline vs Shelter): 1/2-1/2 {Draw by 3-fold repetition}
Score of Shelter vs Baseline: 364 - 412 - 174  [0.475] 950
Started game 963 of 10000 (Shelter vs Baseline)
Finished game 953 (Shelter vs Baseline): 0-1 {Black wins by adjudication}
Score of Shelter vs Baseline: 364 - 413 - 174  [0.474] 951
Started game 964 of 10000 (Baseline vs Shelter)
Finished game 950 (Baseline vs Shelter): 0-1 {Black wins by adjudication}
Score of Shelter vs Baseline: 365 - 413 - 174  [0.475] 952
Started game 965 of 10000 (Shelter vs Baseline)
Finished game 955 (Shelter vs Baseline): 0-1 {Black wins by adjudication}
Score of Shelter vs Baseline: 365 - 414 - 174  [0.474] 953
Started game 966 of 10000 (Baseline vs Shelter)
Finished game 956 (Baseline vs Shelter): 0-1 {Black wins by adjudication}
Score of Shelter vs Baseline: 366 - 414 - 174  [0.475] 954
Started game 967 of 10000 (Shelter vs Baseline)
Finished game 954 (Baseline vs Shelter): 0-1 {Black wins by adjudication}
Score of Shelter vs Baseline: 367 - 414 - 174  [0.475] 955
Started game 968 of 10000 (Baseline vs Shelter)
Finished game 963 (Shelter vs Baseline): 0-1 {Black wins by adjudication}
Score of Shelter vs Baseline: 367 - 415 - 174  [0.475] 956
Started game 969 of 10000 (Shelter vs Baseline)
Finished game 965 (Shelter vs Baseline): 0-1 {Black mates}
Score of Shelter vs Baseline: 367 - 416 - 174  [0.474] 957
Started game 970 of 10000 (Baseline vs Shelter)
Finished game 959 (Shelter vs Baseline): 0-1 {Black wins by adjudication}
Score of Shelter vs Baseline: 367 - 417 - 174  [0.474] 958
Started game 971 of 10000 (Shelter vs Baseline)
Finished game 961 (Shelter vs Baseline): 0-1 {Black wins by adjudication}
Score of Shelter vs Baseline: 367 - 418 - 174  [0.473] 959
Started game 972 of 10000 (Baseline vs Shelter)
Finished game 960 (Baseline vs Shelter): 0-1 {Black wins by adjudication}
Score of Shelter vs Baseline: 368 - 418 - 174  [0.474] 960
Started game 973 of 10000 (Shelter vs Baseline)
Finished game 957 (Shelter vs Baseline): 1/2-1/2 {Draw by insufficient mating material}
Score of Shelter vs Baseline: 368 - 418 - 175  [0.474] 961
Started game 974 of 10000 (Baseline vs Shelter)
Finished game 958 (Baseline vs Shelter): 1-0 {White wins by adjudication}
Score of Shelter vs Baseline: 368 - 419 - 175  [0.473] 962
Started game 975 of 10000 (Shelter vs Baseline)
Finished game 968 (Baseline vs Shelter): 1-0 {White wins by adjudication}
Score of Shelter vs Baseline: 368 - 420 - 175  [0.473] 963
Started game 976 of 10000 (Baseline vs Shelter)
Finished game 964 (Baseline vs Shelter): 1-0 {White wins by adjudication}
Score of Shelter vs Baseline: 368 - 421 - 175  [0.473] 964
Started game 977 of 10000 (Shelter vs Baseline)
Finished game 967 (Shelter vs Baseline): 1/2-1/2 {Draw by 3-fold repetition}
Score of Shelter vs Baseline: 368 - 421 - 176  [0.473] 965
Started game 978 of 10000 (Baseline vs Shelter)
Finished game 951 (Shelter vs Baseline): 1/2-1/2 {Draw by insufficient mating material}
Score of Shelter vs Baseline: 368 - 421 - 177  [0.473] 966
Started game 979 of 10000 (Shelter vs Baseline)
Finished game 962 (Baseline vs Shelter): 1-0 {White wins by adjudication}
Score of Shelter vs Baseline: 368 - 422 - 177  [0.472] 967
Started game 980 of 10000 (Baseline vs Shelter)
Finished game 971 (Shelter vs Baseline): 1-0 {White wins by adjudication}
Score of Shelter vs Baseline: 369 - 422 - 177  [0.473] 968
Started game 981 of 10000 (Shelter vs Baseline)
Finished game 969 (Shelter vs Baseline): 1-0 {White wins by adjudication}
Score of Shelter vs Baseline: 370 - 422 - 177  [0.473] 969
Started game 982 of 10000 (Baseline vs Shelter)
Finished game 966 (Baseline vs Shelter): 1/2-1/2 {Draw by adjudication}
Score of Shelter vs Baseline: 370 - 422 - 178  [0.473] 970
Started game 983 of 10000 (Shelter vs Baseline)
Finished game 970 (Baseline vs Shelter): 1-0 {White wins by adjudication}
Score of Shelter vs Baseline: 370 - 423 - 178  [0.473] 971
Started game 984 of 10000 (Baseline vs Shelter)
Finished game 975 (Shelter vs Baseline): 1-0 {White wins by adjudication}
Score of Shelter vs Baseline: 371 - 423 - 178  [0.473] 972
Started game 985 of 10000 (Shelter vs Baseline)
Finished game 972 (Baseline vs Shelter): 0-1 {Black wins by adjudication}
Score of Shelter vs Baseline: 372 - 423 - 178  [0.474] 973
Started game 986 of 10000 (Baseline vs Shelter)
Finished game 985 (Shelter vs Baseline): 1-0 {White wins by adjudication}
Score of Shelter vs Baseline: 373 - 423 - 178  [0.474] 974
Started game 987 of 10000 (Shelter vs Baseline)
Finished game 986 (Baseline vs Shelter): 1-0 {White wins by adjudication}
Score of Shelter vs Baseline: 373 - 424 - 178  [0.474] 975
Started game 988 of 10000 (Baseline vs Shelter)
Finished game 976 (Baseline vs Shelter): 1-0 {White wins by adjudication}
Score of Shelter vs Baseline: 373 - 425 - 178  [0.473] 976
Started game 989 of 10000 (Shelter vs Baseline)
Finished game 978 (Baseline vs Shelter): 0-1 {Black wins by adjudication}
Score of Shelter vs Baseline: 374 - 425 - 178  [0.474] 977
Started game 990 of 10000 (Baseline vs Shelter)
Finished game 974 (Baseline vs Shelter): 0-1 {Black wins by adjudication}
Score of Shelter vs Baseline: 375 - 425 - 178  [0.474] 978
Started game 991 of 10000 (Shelter vs Baseline)
Finished game 977 (Shelter vs Baseline): 1-0 {White wins by adjudication}
Score of Shelter vs Baseline: 376 - 425 - 178  [0.475] 979
Started game 992 of 10000 (Baseline vs Shelter)
Finished game 973 (Shelter vs Baseline): 1-0 {White wins by adjudication}
Score of Shelter vs Baseline: 377 - 425 - 178  [0.476] 980
Started game 993 of 10000 (Shelter vs Baseline)
Finished game 982 (Baseline vs Shelter): 1/2-1/2 {Draw by 3-fold repetition}
Score of Shelter vs Baseline: 377 - 425 - 179  [0.476] 981
Started game 994 of 10000 (Baseline vs Shelter)
Finished game 981 (Shelter vs Baseline): 0-1 {Black mates}
Score of Shelter vs Baseline: 377 - 426 - 179  [0.475] 982
Started game 995 of 10000 (Shelter vs Baseline)
Finished game 979 (Shelter vs Baseline): 1/2-1/2 {Draw by adjudication}
Score of Shelter vs Baseline: 377 - 426 - 180  [0.475] 983
Started game 996 of 10000 (Baseline vs Shelter)
Finished game 983 (Shelter vs Baseline): 1-0 {White wins by adjudication}
Score of Shelter vs Baseline: 378 - 426 - 180  [0.476] 984
Started game 997 of 10000 (Shelter vs Baseline)
Finished game 987 (Shelter vs Baseline): 1/2-1/2 {Draw by stalemate}
Score of Shelter vs Baseline: 378 - 426 - 181  [0.476] 985
Started game 998 of 10000 (Baseline vs Shelter)
Finished game 988 (Baseline vs Shelter): 1-0 {White wins by adjudication}
Score of Shelter vs Baseline: 378 - 427 - 181  [0.475] 986
Started game 999 of 10000 (Shelter vs Baseline)
Finished game 984 (Baseline vs Shelter): 1/2-1/2 {Draw by 3-fold repetition}
Score of Shelter vs Baseline: 378 - 427 - 182  [0.475] 987
Started game 1000 of 10000 (Baseline vs Shelter)
Finished game 989 (Shelter vs Baseline): 0-1 {Black wins by adjudication}
Score of Shelter vs Baseline: 378 - 428 - 182  [0.475] 988
Started game 1001 of 10000 (Shelter vs Baseline)
Finished game 991 (Shelter vs Baseline): 1-0 {White wins by adjudication}
Score of Shelter vs Baseline: 379 - 428 - 182  [0.475] 989
Started game 1002 of 10000 (Baseline vs Shelter)
Finished game 990 (Baseline vs Shelter): 1-0 {White wins by adjudication}
Score of Shelter vs Baseline: 379 - 429 - 182  [0.475] 990
Started game 1003 of 10000 (Shelter vs Baseline)
Finished game 980 (Baseline vs Shelter): 0-1 {Black wins by adjudication}
Score of Shelter vs Baseline: 380 - 429 - 182  [0.475] 991
Started game 1004 of 10000 (Baseline vs Shelter)
Finished game 993 (Shelter vs Baseline): 0-1 {Black wins by adjudication}
Score of Shelter vs Baseline: 380 - 430 - 182  [0.475] 992
Started game 1005 of 10000 (Shelter vs Baseline)
Finished game 999 (Shelter vs Baseline): 1-0 {White wins by adjudication}
Score of Shelter vs Baseline: 381 - 430 - 182  [0.475] 993
Started game 1006 of 10000 (Baseline vs Shelter)
Finished game 998 (Baseline vs Shelter): 0-1 {Black wins by adjudication}
Score of Shelter vs Baseline: 382 - 430 - 182  [0.476] 994
Started game 1007 of 10000 (Shelter vs Baseline)
Finished game 997 (Shelter vs Baseline): 0-1 {Black wins by adjudication}
Score of Shelter vs Baseline: 382 - 431 - 182  [0.475] 995
Started game 1008 of 10000 (Baseline vs Shelter)
Finished game 1000 (Baseline vs Shelter): 1-0 {White wins by adjudication}
Score of Shelter vs Baseline: 382 - 432 - 182  [0.475] 996
Started game 1009 of 10000 (Shelter vs Baseline)
Finished game 995 (Shelter vs Baseline): 0-1 {Black wins by adjudication}
Score of Shelter vs Baseline: 382 - 433 - 182  [0.474] 997
Started game 1010 of 10000 (Baseline vs Shelter)
Finished game 1002 (Baseline vs Shelter): 1-0 {White wins by adjudication}
Score of Shelter vs Baseline: 382 - 434 - 182  [0.474] 998
Started game 1011 of 10000 (Shelter vs Baseline)
Finished game 994 (Baseline vs Shelter): 1-0 {White wins by adjudication}
Score of Shelter vs Baseline: 382 - 435 - 182  [0.473] 999
Started game 1012 of 10000 (Baseline vs Shelter)
Finished game 1001 (Shelter vs Baseline): 1-0 {White wins by adjudication}
Score of Shelter vs Baseline: 383 - 435 - 182  [0.474] 1000
Started game 1013 of 10000 (Shelter vs Baseline)
Finished game 996 (Baseline vs Shelter): 1/2-1/2 {Draw by fifty moves rule}
Score of Shelter vs Baseline: 383 - 435 - 183  [0.474] 1001
Started game 1014 of 10000 (Baseline vs Shelter)
Finished game 1006 (Baseline vs Shelter): 0-1 {Black wins by adjudication}
Score of Shelter vs Baseline: 384 - 435 - 183  [0.475] 1002
Started game 1015 of 10000 (Shelter vs Baseline)
Finished game 1004 (Baseline vs Shelter): 1-0 {White wins by adjudication}
Score of Shelter vs Baseline: 384 - 436 - 183  [0.474] 1003
Started game 1016 of 10000 (Baseline vs Shelter)
Finished game 992 (Baseline vs Shelter): 1/2-1/2 {Draw by insufficient mating material}
Score of Shelter vs Baseline: 384 - 436 - 184  [0.474] 1004
Started game 1017 of 10000 (Shelter vs Baseline)
Finished game 1005 (Shelter vs Baseline): 1/2-1/2 {Draw by insufficient mating material}
Score of Shelter vs Baseline: 384 - 436 - 185  [0.474] 1005
Started game 1018 of 10000 (Baseline vs Shelter)
Finished game 1008 (Baseline vs Shelter): 0-1 {Black wins by adjudication}
Score of Shelter vs Baseline: 385 - 436 - 185  [0.475] 1006
Started game 1019 of 10000 (Shelter vs Baseline)
Finished game 1003 (Shelter vs Baseline): 1-0 {White wins by adjudication}
Score of Shelter vs Baseline: 386 - 436 - 185  [0.475] 1007
Started game 1020 of 10000 (Baseline vs Shelter)
Finished game 1013 (Shelter vs Baseline): 1-0 {White wins by adjudication}
Score of Shelter vs Baseline: 387 - 436 - 185  [0.476] 1008
Started game 1021 of 10000 (Shelter vs Baseline)
Finished game 1009 (Shelter vs Baseline): 0-1 {Black wins by adjudication}
Score of Shelter vs Baseline: 387 - 437 - 185  [0.475] 1009
Started game 1022 of 10000 (Baseline vs Shelter)
Finished game 1007 (Shelter vs Baseline): 0-1 {Black wins by adjudication}
Score of Shelter vs Baseline: 387 - 438 - 185  [0.475] 1010
Started game 1023 of 10000 (Shelter vs Baseline)
Finished game 1016 (Baseline vs Shelter): 0-1 {Black wins by adjudication}
Score of Shelter vs Baseline: 388 - 438 - 185  [0.475] 1011
Started game 1024 of 10000 (Baseline vs Shelter)
Finished game 1010 (Baseline vs Shelter): 1-0 {White wins by adjudication}
Score of Shelter vs Baseline: 388 - 439 - 185  [0.475] 1012
Started game 1025 of 10000 (Shelter vs Baseline)
Finished game 1018 (Baseline vs Shelter): 1-0 {White wins by adjudication}
Score of Shelter vs Baseline: 388 - 440 - 185  [0.474] 1013
Started game 1026 of 10000 (Baseline vs Shelter)
Finished game 1014 (Baseline vs Shelter): 1-0 {White wins by adjudication}
Score of Shelter vs Baseline: 388 - 441 - 185  [0.474] 1014
Started game 1027 of 10000 (Shelter vs Baseline)
Finished game 1015 (Shelter vs Baseline): 1-0 {White wins by adjudication}
Score of Shelter vs Baseline: 389 - 441 - 185  [0.474] 1015
Started game 1028 of 10000 (Baseline vs Shelter)
Finished game 1011 (Shelter vs Baseline): 1-0 {White wins by adjudication}
Score of Shelter vs Baseline: 390 - 441 - 185  [0.475] 1016
Started game 1029 of 10000 (Shelter vs Baseline)
Finished game 1017 (Shelter vs Baseline): 1-0 {White wins by adjudication}
Score of Shelter vs Baseline: 391 - 441 - 185  [0.475] 1017
Started game 1030 of 10000 (Baseline vs Shelter)
Finished game 1019 (Shelter vs Baseline): 1-0 {White wins by adjudication}
Score of Shelter vs Baseline: 392 - 441 - 185  [0.476] 1018
Started game 1031 of 10000 (Shelter vs Baseline)
Finished game 1012 (Baseline vs Shelter): 1-0 {White wins by adjudication}
Score of Shelter vs Baseline: 392 - 442 - 185  [0.475] 1019
Started game 1032 of 10000 (Baseline vs Shelter)
Finished game 1020 (Baseline vs Shelter): 1-0 {White wins by adjudication}
Score of Shelter vs Baseline: 392 - 443 - 185  [0.475] 1020
Started game 1033 of 10000 (Shelter vs Baseline)
Finished game 1023 (Shelter vs Baseline): 1-0 {White wins by adjudication}
Score of Shelter vs Baseline: 393 - 443 - 185  [0.476] 1021
Started game 1034 of 10000 (Baseline vs Shelter)
Finished game 1025 (Shelter vs Baseline): 0-1 {Black wins by adjudication}
Score of Shelter vs Baseline: 393 - 444 - 185  [0.475] 1022
Started game 1035 of 10000 (Shelter vs Baseline)
Finished game 1022 (Baseline vs Shelter): 1/2-1/2 {Draw by adjudication}
Score of Shelter vs Baseline: 393 - 444 - 186  [0.475] 1023
Started game 1036 of 10000 (Baseline vs Shelter)
Finished game 1021 (Shelter vs Baseline): 1-0 {White wins by adjudication}
Score of Shelter vs Baseline: 394 - 444 - 186  [0.476] 1024
Started game 1037 of 10000 (Shelter vs Baseline)
Finished game 1027 (Shelter vs Baseline): 1-0 {White wins by adjudication}
Score of Shelter vs Baseline: 395 - 444 - 186  [0.476] 1025
Started game 1038 of 10000 (Baseline vs Shelter)
Finished game 1029 (Shelter vs Baseline): 1/2-1/2 {Draw by insufficient mating material}
Score of Shelter vs Baseline: 395 - 444 - 187  [0.476] 1026
Started game 1039 of 10000 (Shelter vs Baseline)
Finished game 1024 (Baseline vs Shelter): 0-1 {Black wins by adjudication}
Score of Shelter vs Baseline: 396 - 444 - 187  [0.477] 1027
Started game 1040 of 10000 (Baseline vs Shelter)
Finished game 1030 (Baseline vs Shelter): 1-0 {White wins by adjudication}
Score of Shelter vs Baseline: 396 - 445 - 187  [0.476] 1028
Started game 1041 of 10000 (Shelter vs Baseline)
Finished game 1028 (Baseline vs Shelter): 0-1 {Black wins by adjudication}
Score of Shelter vs Baseline: 397 - 445 - 187  [0.477] 1029
Started game 1042 of 10000 (Baseline vs Shelter)
Finished game 1034 (Baseline vs Shelter): 1-0 {White wins by adjudication}
Score of Shelter vs Baseline: 397 - 446 - 187  [0.476] 1030
Started game 1043 of 10000 (Shelter vs Baseline)
Finished game 1031 (Shelter vs Baseline): 1/2-1/2 {Draw by 3-fold repetition}
Score of Shelter vs Baseline: 397 - 446 - 188  [0.476] 1031
Started game 1044 of 10000 (Baseline vs Shelter)
Finished game 1032 (Baseline vs Shelter): 1-0 {White wins by adjudication}
Score of Shelter vs Baseline: 397 - 447 - 188  [0.476] 1032
Started game 1045 of 10000 (Shelter vs Baseline)
Finished game 1033 (Shelter vs Baseline): 1/2-1/2 {Draw by stalemate}
Score of Shelter vs Baseline: 397 - 447 - 189  [0.476] 1033
Started game 1046 of 10000 (Baseline vs Shelter)
Finished game 1038 (Baseline vs Shelter): 0-1 {Black wins by adjudication}
Score of Shelter vs Baseline: 398 - 447 - 189  [0.476] 1034
Started game 1047 of 10000 (Shelter vs Baseline)
Finished game 1026 (Baseline vs Shelter): 1/2-1/2 {Draw by fifty moves rule}
Score of Shelter vs Baseline: 398 - 447 - 190  [0.476] 1035
Started game 1048 of 10000 (Baseline vs Shelter)
Finished game 1041 (Shelter vs Baseline): 1-0 {White wins by adjudication}
Score of Shelter vs Baseline: 399 - 447 - 190  [0.477] 1036
Started game 1049 of 10000 (Shelter vs Baseline)
Finished game 1035 (Shelter vs Baseline): 1-0 {White wins by adjudication}
Score of Shelter vs Baseline: 400 - 447 - 190  [0.477] 1037
Started game 1050 of 10000 (Baseline vs Shelter)
Finished game 1047 (Shelter vs Baseline): 1-0 {White wins by adjudication}
Score of Shelter vs Baseline: 401 - 447 - 190  [0.478] 1038
Started game 1051 of 10000 (Shelter vs Baseline)
Finished game 1043 (Shelter vs Baseline): 1-0 {White wins by adjudication}
Score of Shelter vs Baseline: 402 - 447 - 190  [0.478] 1039
Started game 1052 of 10000 (Baseline vs Shelter)
Finished game 1037 (Shelter vs Baseline): 1-0 {White wins by adjudication}
Score of Shelter vs Baseline: 403 - 447 - 190  [0.479] 1040
Started game 1053 of 10000 (Shelter vs Baseline)
Finished game 1045 (Shelter vs Baseline): 0-1 {Black wins by adjudication}
Score of Shelter vs Baseline: 403 - 448 - 190  [0.478] 1041
Started game 1054 of 10000 (Baseline vs Shelter)
Finished game 1039 (Shelter vs Baseline): 1-0 {White wins by adjudication}
Score of Shelter vs Baseline: 404 - 448 - 190  [0.479] 1042
Started game 1055 of 10000 (Shelter vs Baseline)
Finished game 1036 (Baseline vs Shelter): 0-1 {Black wins by adjudication}
Score of Shelter vs Baseline: 405 - 448 - 190  [0.479] 1043
Started game 1056 of 10000 (Baseline vs Shelter)
Finished game 1044 (Baseline vs Shelter): 1-0 {White wins by adjudication}
Score of Shelter vs Baseline: 405 - 449 - 190  [0.479] 1044
Started game 1057 of 10000 (Shelter vs Baseline)
Finished game 1046 (Baseline vs Shelter): 1-0 {White wins by adjudication}
Score of Shelter vs Baseline: 405 - 450 - 190  [0.478] 1045
Started game 1058 of 10000 (Baseline vs Shelter)
Finished game 1048 (Baseline vs Shelter): 1-0 {White wins by adjudication}
Score of Shelter vs Baseline: 405 - 451 - 190  [0.478] 1046
Started game 1059 of 10000 (Shelter vs Baseline)
Finished game 1049 (Shelter vs Baseline): 0-1 {Black wins by adjudication}
Score of Shelter vs Baseline: 405 - 452 - 190  [0.478] 1047
Started game 1060 of 10000 (Baseline vs Shelter)
Finished game 1042 (Baseline vs Shelter): 1/2-1/2 {Draw by 3-fold repetition}
Score of Shelter vs Baseline: 405 - 452 - 191  [0.478] 1048
Started game 1061 of 10000 (Shelter vs Baseline)
Finished game 1052 (Baseline vs Shelter): 0-1 {Black wins by adjudication}
Score of Shelter vs Baseline: 406 - 452 - 191  [0.478] 1049
Started game 1062 of 10000 (Baseline vs Shelter)
Finished game 1050 (Baseline vs Shelter): 0-1 {Black wins by adjudication}
Score of Shelter vs Baseline: 407 - 452 - 191  [0.479] 1050
Started game 1063 of 10000 (Shelter vs Baseline)
Finished game 1040 (Baseline vs Shelter): 1/2-1/2 {Draw by adjudication}
Score of Shelter vs Baseline: 407 - 452 - 192  [0.479] 1051
Started game 1064 of 10000 (Baseline vs Shelter)
Finished game 1053 (Shelter vs Baseline): 0-1 {Black wins by adjudication}
Score of Shelter vs Baseline: 407 - 453 - 192  [0.478] 1052
Started game 1065 of 10000 (Shelter vs Baseline)
Finished game 1051 (Shelter vs Baseline): 1-0 {White wins by adjudication}
Score of Shelter vs Baseline: 408 - 453 - 192  [0.479] 1053
Started game 1066 of 10000 (Baseline vs Shelter)
Finished game 1056 (Baseline vs Shelter): 1-0 {White wins by adjudication}
Score of Shelter vs Baseline: 408 - 454 - 192  [0.478] 1054
Started game 1067 of 10000 (Shelter vs Baseline)
Finished game 1055 (Shelter vs Baseline): 0-1 {Black wins by adjudication}
Score of Shelter vs Baseline: 408 - 455 - 192  [0.478] 1055
Started game 1068 of 10000 (Baseline vs Shelter)
Finished game 1054 (Baseline vs Shelter): 0-1 {Black mates}
Score of Shelter vs Baseline: 409 - 455 - 192  [0.478] 1056
Started game 1069 of 10000 (Shelter vs Baseline)
Finished game 1057 (Shelter vs Baseline): 0-1 {Black wins by adjudication}
Score of Shelter vs Baseline: 409 - 456 - 192  [0.478] 1057
Started game 1070 of 10000 (Baseline vs Shelter)
Finished game 1058 (Baseline vs Shelter): 0-1 {Black wins by adjudication}
Score of Shelter vs Baseline: 410 - 456 - 192  [0.478] 1058
Started game 1071 of 10000 (Shelter vs Baseline)
Finished game 1059 (Shelter vs Baseline): 1-0 {White wins by adjudication}
Score of Shelter vs Baseline: 411 - 456 - 192  [0.479] 1059
Started game 1072 of 10000 (Baseline vs Shelter)
Finished game 1062 (Baseline vs Shelter): 1-0 {White wins by adjudication}
Score of Shelter vs Baseline: 411 - 457 - 192  [0.478] 1060
Started game 1073 of 10000 (Shelter vs Baseline)
Finished game 1061 (Shelter vs Baseline): 1-0 {White wins by adjudication}
Score of Shelter vs Baseline: 412 - 457 - 192  [0.479] 1061
Started game 1074 of 10000 (Baseline vs Shelter)
Finished game 1066 (Baseline vs Shelter): 1/2-1/2 {Draw by 3-fold repetition}
Score of Shelter vs Baseline: 412 - 457 - 193  [0.479] 1062
Started game 1075 of 10000 (Shelter vs Baseline)
Finished game 1060 (Baseline vs Shelter): 1-0 {White wins by adjudication}
Score of Shelter vs Baseline: 412 - 458 - 193  [0.478] 1063
Started game 1076 of 10000 (Baseline vs Shelter)
Finished game 1068 (Baseline vs Shelter): 1-0 {White wins by adjudication}
Score of Shelter vs Baseline: 412 - 459 - 193  [0.478] 1064
Started game 1077 of 10000 (Shelter vs Baseline)
Finished game 1067 (Shelter vs Baseline): 1-0 {White wins by adjudication}
Score of Shelter vs Baseline: 413 - 459 - 193  [0.478] 1065
Started game 1078 of 10000 (Baseline vs Shelter)
Finished game 1069 (Shelter vs Baseline): 1-0 {White wins by adjudication}
Score of Shelter vs Baseline: 414 - 459 - 193  [0.479] 1066
Started game 1079 of 10000 (Shelter vs Baseline)
Finished game 1072 (Baseline vs Shelter): 1-0 {White wins by adjudication}
Score of Shelter vs Baseline: 414 - 460 - 193  [0.478] 1067
Started game 1080 of 10000 (Baseline vs Shelter)
Finished game 1065 (Shelter vs Baseline): 1/2-1/2 {Draw by insufficient mating material}
Score of Shelter vs Baseline: 414 - 460 - 194  [0.478] 1068
Started game 1081 of 10000 (Shelter vs Baseline)
Finished game 1071 (Shelter vs Baseline): 0-1 {Black wins by adjudication}
Score of Shelter vs Baseline: 414 - 461 - 194  [0.478] 1069
Started game 1082 of 10000 (Baseline vs Shelter)
Finished game 1064 (Baseline vs Shelter): 0-1 {Black wins by adjudication}
Score of Shelter vs Baseline: 415 - 461 - 194  [0.479] 1070
Started game 1083 of 10000 (Shelter vs Baseline)
Finished game 1073 (Shelter vs Baseline): 0-1 {Black wins by adjudication}
Score of Shelter vs Baseline: 415 - 462 - 194  [0.478] 1071
Started game 1084 of 10000 (Baseline vs Shelter)
Finished game 1074 (Baseline vs Shelter): 0-1 {Black wins by adjudication}
Score of Shelter vs Baseline: 416 - 462 - 194  [0.479] 1072
Started game 1085 of 10000 (Shelter vs Baseline)
Finished game 1070 (Baseline vs Shelter): 1-0 {White wins by adjudication}
Score of Shelter vs Baseline: 416 - 463 - 194  [0.478] 1073
Started game 1086 of 10000 (Baseline vs Shelter)
Finished game 1077 (Shelter vs Baseline): 1-0 {White wins by adjudication}
Score of Shelter vs Baseline: 417 - 463 - 194  [0.479] 1074
Started game 1087 of 10000 (Shelter vs Baseline)
Finished game 1063 (Shelter vs Baseline): 1/2-1/2 {Draw by insufficient mating material}
Score of Shelter vs Baseline: 417 - 463 - 195  [0.479] 1075
Started game 1088 of 10000 (Baseline vs Shelter)
Finished game 1078 (Baseline vs Shelter): 0-1 {Black wins by adjudication}
Score of Shelter vs Baseline: 418 - 463 - 195  [0.479] 1076
Started game 1089 of 10000 (Shelter vs Baseline)
Finished game 1080 (Baseline vs Shelter): 0-1 {Black mates}
Score of Shelter vs Baseline: 419 - 463 - 195  [0.480] 1077
Started game 1090 of 10000 (Baseline vs Shelter)
Finished game 1075 (Shelter vs Baseline): 1-0 {White wins by adjudication}
Score of Shelter vs Baseline: 420 - 463 - 195  [0.480] 1078
Started game 1091 of 10000 (Shelter vs Baseline)
Finished game 1079 (Shelter vs Baseline): 1-0 {White wins by adjudication}
Score of Shelter vs Baseline: 421 - 463 - 195  [0.481] 1079
Started game 1092 of 10000 (Baseline vs Shelter)
Finished game 1081 (Shelter vs Baseline): 1-0 {White wins by adjudication}
Score of Shelter vs Baseline: 422 - 463 - 195  [0.481] 1080
Started game 1093 of 10000 (Shelter vs Baseline)
Finished game 1082 (Baseline vs Shelter): 0-1 {Black wins by adjudication}
Score of Shelter vs Baseline: 423 - 463 - 195  [0.481] 1081
Started game 1094 of 10000 (Baseline vs Shelter)
Finished game 1076 (Baseline vs Shelter): 1/2-1/2 {Draw by fifty moves rule}
Score of Shelter vs Baseline: 423 - 463 - 196  [0.482] 1082
Started game 1095 of 10000 (Shelter vs Baseline)
Finished game 1089 (Shelter vs Baseline): 1-0 {White wins by adjudication}
Score of Shelter vs Baseline: 424 - 463 - 196  [0.482] 1083
Started game 1096 of 10000 (Baseline vs Shelter)
Finished game 1084 (Baseline vs Shelter): 0-1 {Black wins by adjudication}
Score of Shelter vs Baseline: 425 - 463 - 196  [0.482] 1084
Started game 1097 of 10000 (Shelter vs Baseline)
Finished game 1085 (Shelter vs Baseline): 1-0 {White wins by adjudication}
Score of Shelter vs Baseline: 426 - 463 - 196  [0.483] 1085
Started game 1098 of 10000 (Baseline vs Shelter)
Finished game 1090 (Baseline vs Shelter): 1-0 {White wins by adjudication}
Score of Shelter vs Baseline: 426 - 464 - 196  [0.483] 1086
Started game 1099 of 10000 (Shelter vs Baseline)
Finished game 1087 (Shelter vs Baseline): 0-1 {Black wins by adjudication}
Score of Shelter vs Baseline: 426 - 465 - 196  [0.482] 1087
Started game 1100 of 10000 (Baseline vs Shelter)
Finished game 1083 (Shelter vs Baseline): 0-1 {Black wins by adjudication}
Score of Shelter vs Baseline: 426 - 466 - 196  [0.482] 1088
Started game 1101 of 10000 (Shelter vs Baseline)
Finished game 1091 (Shelter vs Baseline): 0-1 {Black wins by adjudication}
Score of Shelter vs Baseline: 426 - 467 - 196  [0.481] 1089
Started game 1102 of 10000 (Baseline vs Shelter)
Finished game 1088 (Baseline vs Shelter): 1-0 {White mates}
Score of Shelter vs Baseline: 426 - 468 - 196  [0.481] 1090
Started game 1103 of 10000 (Shelter vs Baseline)
Finished game 1086 (Baseline vs Shelter): 0-1 {Black wins by adjudication}
Score of Shelter vs Baseline: 427 - 468 - 196  [0.481] 1091
Started game 1104 of 10000 (Baseline vs Shelter)
Finished game 1093 (Shelter vs Baseline): 0-1 {Black wins by adjudication}
Score of Shelter vs Baseline: 427 - 469 - 196  [0.481] 1092
Started game 1105 of 10000 (Shelter vs Baseline)
Finished game 1094 (Baseline vs Shelter): 1-0 {White wins by adjudication}
Score of Shelter vs Baseline: 427 - 470 - 196  [0.480] 1093
Started game 1106 of 10000 (Baseline vs Shelter)
Finished game 1092 (Baseline vs Shelter): 0-1 {Black wins by adjudication}
Score of Shelter vs Baseline: 428 - 470 - 196  [0.481] 1094
Started game 1107 of 10000 (Shelter vs Baseline)
Finished game 1097 (Shelter vs Baseline): 1-0 {White wins by adjudication}
Score of Shelter vs Baseline: 429 - 470 - 196  [0.481] 1095
Started game 1108 of 10000 (Baseline vs Shelter)
Finished game 1095 (Shelter vs Baseline): 1/2-1/2 {Draw by insufficient mating material}
Score of Shelter vs Baseline: 429 - 470 - 197  [0.481] 1096
Started game 1109 of 10000 (Shelter vs Baseline)
Finished game 1096 (Baseline vs Shelter): 1-0 {White wins by adjudication}
Score of Shelter vs Baseline: 429 - 471 - 197  [0.481] 1097
Started game 1110 of 10000 (Baseline vs Shelter)
Finished game 1099 (Shelter vs Baseline): 1-0 {White wins by adjudication}
Score of Shelter vs Baseline: 430 - 471 - 197  [0.481] 1098
Started game 1111 of 10000 (Shelter vs Baseline)
Finished game 1100 (Baseline vs Shelter): 0-1 {Black wins by adjudication}
Score of Shelter vs Baseline: 431 - 471 - 197  [0.482] 1099
Started game 1112 of 10000 (Baseline vs Shelter)
Finished game 1098 (Baseline vs Shelter): 0-1 {Black wins by adjudication}
Score of Shelter vs Baseline: 432 - 471 - 197  [0.482] 1100
Started game 1113 of 10000 (Shelter vs Baseline)
Finished game 1103 (Shelter vs Baseline): 1-0 {White wins by adjudication}
Score of Shelter vs Baseline: 433 - 471 - 197  [0.483] 1101
Started game 1114 of 10000 (Baseline vs Shelter)
Finished game 1106 (Baseline vs Shelter): 1-0 {White wins by adjudication}
Score of Shelter vs Baseline: 433 - 472 - 197  [0.482] 1102
Started game 1115 of 10000 (Shelter vs Baseline)
Finished game 1108 (Baseline vs Shelter): 0-1 {Black wins by adjudication}
Score of Shelter vs Baseline: 434 - 472 - 197  [0.483] 1103
Started game 1116 of 10000 (Baseline vs Shelter)
Finished game 1105 (Shelter vs Baseline): 1/2-1/2 {Draw by insufficient mating material}
Score of Shelter vs Baseline: 434 - 472 - 198  [0.483] 1104
Started game 1117 of 10000 (Shelter vs Baseline)
Finished game 1104 (Baseline vs Shelter): 0-1 {Black wins by adjudication}
Score of Shelter vs Baseline: 435 - 472 - 198  [0.483] 1105
Started game 1118 of 10000 (Baseline vs Shelter)
Finished game 1102 (Baseline vs Shelter): 1/2-1/2 {Draw by 3-fold repetition}
Score of Shelter vs Baseline: 435 - 472 - 199  [0.483] 1106
Started game 1119 of 10000 (Shelter vs Baseline)
Finished game 1101 (Shelter vs Baseline): 1/2-1/2 {Draw by fifty moves rule}
Score of Shelter vs Baseline: 435 - 472 - 200  [0.483] 1107
Started game 1120 of 10000 (Baseline vs Shelter)
Finished game 1107 (Shelter vs Baseline): 1-0 {White wins by adjudication}
Score of Shelter vs Baseline: 436 - 472 - 200  [0.484] 1108
Started game 1121 of 10000 (Shelter vs Baseline)
Finished game 1113 (Shelter vs Baseline): 1-0 {White mates}
Score of Shelter vs Baseline: 437 - 472 - 200  [0.484] 1109
Started game 1122 of 10000 (Baseline vs Shelter)
Finished game 1111 (Shelter vs Baseline): 0-1 {Black wins by adjudication}
Score of Shelter vs Baseline: 437 - 473 - 200  [0.484] 1110
Started game 1123 of 10000 (Shelter vs Baseline)
Finished game 1109 (Shelter vs Baseline): 1/2-1/2 {Draw by 3-fold repetition}
Score of Shelter vs Baseline: 437 - 473 - 201  [0.484] 1111
Started game 1124 of 10000 (Baseline vs Shelter)
Finished game 1118 (Baseline vs Shelter): 1-0 {White wins by adjudication}
Score of Shelter vs Baseline: 437 - 474 - 201  [0.483] 1112
Started game 1125 of 10000 (Shelter vs Baseline)
Finished game 1116 (Baseline vs Shelter): 0-1 {Black wins by adjudication}
Score of Shelter vs Baseline: 438 - 474 - 201  [0.484] 1113
Started game 1126 of 10000 (Baseline vs Shelter)
Finished game 1110 (Baseline vs Shelter): 1/2-1/2 {Draw by fifty moves rule}
Score of Shelter vs Baseline: 438 - 474 - 202  [0.484] 1114
Started game 1127 of 10000 (Shelter vs Baseline)
Finished game 1121 (Shelter vs Baseline): 1-0 {White wins by adjudication}
Score of Shelter vs Baseline: 439 - 474 - 202  [0.484] 1115
Started game 1128 of 10000 (Baseline vs Shelter)
Finished game 1112 (Baseline vs Shelter): 1/2-1/2 {Draw by insufficient mating material}
Score of Shelter vs Baseline: 439 - 474 - 203  [0.484] 1116
Started game 1129 of 10000 (Shelter vs Baseline)
Finished game 1120 (Baseline vs Shelter): 1/2-1/2 {Draw by 3-fold repetition}
Score of Shelter vs Baseline: 439 - 474 - 204  [0.484] 1117
Started game 1130 of 10000 (Baseline vs Shelter)
Finished game 1117 (Shelter vs Baseline): 0-1 {Black wins by adjudication}
Score of Shelter vs Baseline: 439 - 475 - 204  [0.484] 1118
Started game 1131 of 10000 (Shelter vs Baseline)
Finished game 1119 (Shelter vs Baseline): 0-1 {Black wins by adjudication}
Score of Shelter vs Baseline: 439 - 476 - 204  [0.483] 1119
Started game 1132 of 10000 (Baseline vs Shelter)
Finished game 1114 (Baseline vs Shelter): 1/2-1/2 {Draw by insufficient mating material}
Score of Shelter vs Baseline: 439 - 476 - 205  [0.483] 1120
Started game 1133 of 10000 (Shelter vs Baseline)
Finished game 1124 (Baseline vs Shelter): 1-0 {White wins by adjudication}
Score of Shelter vs Baseline: 439 - 477 - 205  [0.483] 1121
Started game 1134 of 10000 (Baseline vs Shelter)
Finished game 1125 (Shelter vs Baseline): 1-0 {White wins by adjudication}
Score of Shelter vs Baseline: 440 - 477 - 205  [0.484] 1122
Started game 1135 of 10000 (Shelter vs Baseline)
Finished game 1115 (Shelter vs Baseline): 1/2-1/2 {Draw by fifty moves rule}
Score of Shelter vs Baseline: 440 - 477 - 206  [0.484] 1123
Started game 1136 of 10000 (Baseline vs Shelter)
Finished game 1122 (Baseline vs Shelter): 1/2-1/2 {Draw by fifty moves rule}
Score of Shelter vs Baseline: 440 - 477 - 207  [0.484] 1124
Started game 1137 of 10000 (Shelter vs Baseline)
Finished game 1123 (Shelter vs Baseline): 1-0 {White wins by adjudication}
Score of Shelter vs Baseline: 441 - 477 - 207  [0.484] 1125
Started game 1138 of 10000 (Baseline vs Shelter)
Finished game 1129 (Shelter vs Baseline): 1-0 {White wins by adjudication}
Score of Shelter vs Baseline: 442 - 477 - 207  [0.484] 1126
Started game 1139 of 10000 (Shelter vs Baseline)
Finished game 1130 (Baseline vs Shelter): 1-0 {White wins by adjudication}
Score of Shelter vs Baseline: 442 - 478 - 207  [0.484] 1127
Started game 1140 of 10000 (Baseline vs Shelter)
Finished game 1126 (Baseline vs Shelter): 0-1 {Black wins by adjudication}
Score of Shelter vs Baseline: 443 - 478 - 207  [0.484] 1128
Started game 1141 of 10000 (Shelter vs Baseline)
Finished game 1127 (Shelter vs Baseline): 0-1 {Black wins by adjudication}
Score of Shelter vs Baseline: 443 - 479 - 207  [0.484] 1129
Started game 1142 of 10000 (Baseline vs Shelter)
Finished game 1128 (Baseline vs Shelter): 1/2-1/2 {Draw by 3-fold repetition}
Score of Shelter vs Baseline: 443 - 479 - 208  [0.484] 1130
Started game 1143 of 10000 (Shelter vs Baseline)
Finished game 1133 (Shelter vs Baseline): 0-1 {Black wins by adjudication}
Score of Shelter vs Baseline: 443 - 480 - 208  [0.484] 1131
Started game 1144 of 10000 (Baseline vs Shelter)
Finished game 1131 (Shelter vs Baseline): 0-1 {Black wins by adjudication}
Score of Shelter vs Baseline: 443 - 481 - 208  [0.483] 1132
Started game 1145 of 10000 (Shelter vs Baseline)
Finished game 1135 (Shelter vs Baseline): 1/2-1/2 {Draw by insufficient mating material}
Score of Shelter vs Baseline: 443 - 481 - 209  [0.483] 1133
Started game 1146 of 10000 (Baseline vs Shelter)
Finished game 1134 (Baseline vs Shelter): 1-0 {White wins by adjudication}
Score of Shelter vs Baseline: 443 - 482 - 209  [0.483] 1134
Started game 1147 of 10000 (Shelter vs Baseline)
Finished game 1132 (Baseline vs Shelter): 1-0 {White wins by adjudication}
Score of Shelter vs Baseline: 443 - 483 - 209  [0.482] 1135
Started game 1148 of 10000 (Baseline vs Shelter)
Finished game 1139 (Shelter vs Baseline): 1-0 {White wins by adjudication}
Score of Shelter vs Baseline: 444 - 483 - 209  [0.483] 1136
Started game 1149 of 10000 (Shelter vs Baseline)
Finished game 1142 (Baseline vs Shelter): 0-1 {Black wins by adjudication}
Score of Shelter vs Baseline: 445 - 483 - 209  [0.483] 1137
Started game 1150 of 10000 (Baseline vs Shelter)
Finished game 1138 (Baseline vs Shelter): 1-0 {White wins by adjudication}
Score of Shelter vs Baseline: 445 - 484 - 209  [0.483] 1138
Started game 1151 of 10000 (Shelter vs Baseline)
Finished game 1140 (Baseline vs Shelter): 1-0 {White wins by adjudication}
Score of Shelter vs Baseline: 445 - 485 - 209  [0.482] 1139
Started game 1152 of 10000 (Baseline vs Shelter)
Finished game 1136 (Baseline vs Shelter): 1-0 {White wins by adjudication}
Score of Shelter vs Baseline: 445 - 486 - 209  [0.482] 1140
Started game 1153 of 10000 (Shelter vs Baseline)
Finished game 1141 (Shelter vs Baseline): 0-1 {Black wins by adjudication}
Score of Shelter vs Baseline: 445 - 487 - 209  [0.482] 1141
Started game 1154 of 10000 (Baseline vs Shelter)
Finished game 1137 (Shelter vs Baseline): 1-0 {White wins by adjudication}
Score of Shelter vs Baseline: 446 - 487 - 209  [0.482] 1142
Started game 1155 of 10000 (Shelter vs Baseline)
Finished game 1143 (Shelter vs Baseline): 0-1 {Black wins by adjudication}
Score of Shelter vs Baseline: 446 - 488 - 209  [0.482] 1143
Started game 1156 of 10000 (Baseline vs Shelter)
Finished game 1147 (Shelter vs Baseline): 1-0 {White wins by adjudication}
Score of Shelter vs Baseline: 447 - 488 - 209  [0.482] 1144
Started game 1157 of 10000 (Shelter vs Baseline)
Finished game 1149 (Shelter vs Baseline): 0-1 {Black wins by adjudication}
Score of Shelter vs Baseline: 447 - 489 - 209  [0.482] 1145
Started game 1158 of 10000 (Baseline vs Shelter)
Finished game 1146 (Baseline vs Shelter): 1/2-1/2 {Draw by 3-fold repetition}
Score of Shelter vs Baseline: 447 - 489 - 210  [0.482] 1146
Started game 1159 of 10000 (Shelter vs Baseline)
Finished game 1148 (Baseline vs Shelter): 0-1 {Black wins by adjudication}
Score of Shelter vs Baseline: 448 - 489 - 210  [0.482] 1147
Started game 1160 of 10000 (Baseline vs Shelter)
Finished game 1152 (Baseline vs Shelter): 1-0 {White wins by adjudication}
Score of Shelter vs Baseline: 448 - 490 - 210  [0.482] 1148
Started game 1161 of 10000 (Shelter vs Baseline)
Finished game 1145 (Shelter vs Baseline): 1/2-1/2 {Draw by fifty moves rule}
Score of Shelter vs Baseline: 448 - 490 - 211  [0.482] 1149
Started game 1162 of 10000 (Baseline vs Shelter)
Finished game 1150 (Baseline vs Shelter): 1/2-1/2 {Draw by insufficient mating material}
Score of Shelter vs Baseline: 448 - 490 - 212  [0.482] 1150
Started game 1163 of 10000 (Shelter vs Baseline)
Finished game 1153 (Shelter vs Baseline): 0-1 {Black wins by adjudication}
Score of Shelter vs Baseline: 448 - 491 - 212  [0.481] 1151
Started game 1164 of 10000 (Baseline vs Shelter)
Finished game 1144 (Baseline vs Shelter): 1/2-1/2 {Draw by adjudication}
Score of Shelter vs Baseline: 448 - 491 - 213  [0.481] 1152
Started game 1165 of 10000 (Shelter vs Baseline)
Finished game 1151 (Shelter vs Baseline): 0-1 {Black wins by adjudication}
Score of Shelter vs Baseline: 448 - 492 - 213  [0.481] 1153
Started game 1166 of 10000 (Baseline vs Shelter)
Finished game 1158 (Baseline vs Shelter): 1-0 {White wins by adjudication}
Score of Shelter vs Baseline: 448 - 493 - 213  [0.481] 1154
Started game 1167 of 10000 (Shelter vs Baseline)
Finished game 1156 (Baseline vs Shelter): 0-1 {Black wins by adjudication}
Score of Shelter vs Baseline: 449 - 493 - 213  [0.481] 1155
Started game 1168 of 10000 (Baseline vs Shelter)
Finished game 1154 (Baseline vs Shelter): 1-0 {White wins by adjudication}
Score of Shelter vs Baseline: 449 - 494 - 213  [0.481] 1156
Started game 1169 of 10000 (Shelter vs Baseline)
Finished game 1157 (Shelter vs Baseline): 1-0 {White wins by adjudication}
Score of Shelter vs Baseline: 450 - 494 - 213  [0.481] 1157
Started game 1170 of 10000 (Baseline vs Shelter)
Finished game 1155 (Shelter vs Baseline): 1-0 {White mates}
Score of Shelter vs Baseline: 451 - 494 - 213  [0.481] 1158
Started game 1171 of 10000 (Shelter vs Baseline)
Finished game 1164 (Baseline vs Shelter): 0-1 {Black wins by adjudication}
Score of Shelter vs Baseline: 452 - 494 - 213  [0.482] 1159
Started game 1172 of 10000 (Baseline vs Shelter)
Finished game 1162 (Baseline vs Shelter): 0-1 {Black wins by adjudication}
Score of Shelter vs Baseline: 453 - 494 - 213  [0.482] 1160
Started game 1173 of 10000 (Shelter vs Baseline)
Finished game 1160 (Baseline vs Shelter): 0-1 {Black mates}
Score of Shelter vs Baseline: 454 - 494 - 213  [0.483] 1161
Started game 1174 of 10000 (Baseline vs Shelter)
Finished game 1163 (Shelter vs Baseline): 1-0 {White wins by adjudication}
Score of Shelter vs Baseline: 455 - 494 - 213  [0.483] 1162
Started game 1175 of 10000 (Shelter vs Baseline)
Finished game 1161 (Shelter vs Baseline): 1-0 {White wins by adjudication}
Score of Shelter vs Baseline: 456 - 494 - 213  [0.484] 1163
Started game 1176 of 10000 (Baseline vs Shelter)
Finished game 1159 (Shelter vs Baseline): 1/2-1/2 {Draw by insufficient mating material}
Score of Shelter vs Baseline: 456 - 494 - 214  [0.484] 1164
Started game 1177 of 10000 (Shelter vs Baseline)
Finished game 1167 (Shelter vs Baseline): 0-1 {Black wins by adjudication}
Score of Shelter vs Baseline: 456 - 495 - 214  [0.483] 1165
Started game 1178 of 10000 (Baseline vs Shelter)
Finished game 1165 (Shelter vs Baseline): 0-1 {Black wins by adjudication}
Score of Shelter vs Baseline: 456 - 496 - 214  [0.483] 1166
Started game 1179 of 10000 (Shelter vs Baseline)
Finished game 1169 (Shelter vs Baseline): 0-1 {Black wins by adjudication}
Score of Shelter vs Baseline: 456 - 497 - 214  [0.482] 1167
Started game 1180 of 10000 (Baseline vs Shelter)
Finished game 1166 (Baseline vs Shelter): 1-0 {White mates}
Score of Shelter vs Baseline: 456 - 498 - 214  [0.482] 1168
Started game 1181 of 10000 (Shelter vs Baseline)
Finished game 1168 (Baseline vs Shelter): 1-0 {White wins by adjudication}
Score of Shelter vs Baseline: 456 - 499 - 214  [0.482] 1169
Started game 1182 of 10000 (Baseline vs Shelter)
Finished game 1171 (Shelter vs Baseline): 0-1 {Black mates}
Score of Shelter vs Baseline: 456 - 500 - 214  [0.481] 1170
Started game 1183 of 10000 (Shelter vs Baseline)
Finished game 1173 (Shelter vs Baseline): 1-0 {White wins by adjudication}
Score of Shelter vs Baseline: 457 - 500 - 214  [0.482] 1171
Started game 1184 of 10000 (Baseline vs Shelter)
Finished game 1181 (Shelter vs Baseline): 1-0 {White wins by adjudication}
Score of Shelter vs Baseline: 458 - 500 - 214  [0.482] 1172
Started game 1185 of 10000 (Shelter vs Baseline)
Finished game 1170 (Baseline vs Shelter): 1/2-1/2 {Draw by fifty moves rule}
Score of Shelter vs Baseline: 458 - 500 - 215  [0.482] 1173
Started game 1186 of 10000 (Baseline vs Shelter)
Finished game 1174 (Baseline vs Shelter): 1/2-1/2 {Draw by 3-fold repetition}
Score of Shelter vs Baseline: 458 - 500 - 216  [0.482] 1174
Started game 1187 of 10000 (Shelter vs Baseline)
Finished game 1178 (Baseline vs Shelter): 1-0 {White wins by adjudication}
Score of Shelter vs Baseline: 458 - 501 - 216  [0.482] 1175
Started game 1188 of 10000 (Baseline vs Shelter)
Finished game 1182 (Baseline vs Shelter): 1-0 {White wins by adjudication}
Score of Shelter vs Baseline: 458 - 502 - 216  [0.481] 1176
Started game 1189 of 10000 (Shelter vs Baseline)
Finished game 1179 (Shelter vs Baseline): 0-1 {Black wins by adjudication}
Score of Shelter vs Baseline: 458 - 503 - 216  [0.481] 1177
Started game 1190 of 10000 (Baseline vs Shelter)
Finished game 1176 (Baseline vs Shelter): 0-1 {Black wins by adjudication}
Score of Shelter vs Baseline: 459 - 503 - 216  [0.481] 1178
Started game 1191 of 10000 (Shelter vs Baseline)
Finished game 1172 (Baseline vs Shelter): 0-1 {Black mates}
Score of Shelter vs Baseline: 460 - 503 - 216  [0.482] 1179
Started game 1192 of 10000 (Baseline vs Shelter)
Finished game 1175 (Shelter vs Baseline): 1/2-1/2 {Draw by adjudication}
Score of Shelter vs Baseline: 460 - 503 - 217  [0.482] 1180
Started game 1193 of 10000 (Shelter vs Baseline)
Finished game 1180 (Baseline vs Shelter): 1-0 {White wins by adjudication}
Score of Shelter vs Baseline: 460 - 504 - 217  [0.481] 1181
Started game 1194 of 10000 (Baseline vs Shelter)
Finished game 1177 (Shelter vs Baseline): 1-0 {White wins by adjudication}
Score of Shelter vs Baseline: 461 - 504 - 217  [0.482] 1182
Started game 1195 of 10000 (Shelter vs Baseline)
Finished game 1184 (Baseline vs Shelter): 1-0 {White wins by adjudication}
Score of Shelter vs Baseline: 461 - 505 - 217  [0.481] 1183
Started game 1196 of 10000 (Baseline vs Shelter)
Finished game 1183 (Shelter vs Baseline): 0-1 {Black wins by adjudication}
Score of Shelter vs Baseline: 461 - 506 - 217  [0.481] 1184
Started game 1197 of 10000 (Shelter vs Baseline)
Finished game 1186 (Baseline vs Shelter): 1-0 {White wins by adjudication}
Score of Shelter vs Baseline: 461 - 507 - 217  [0.481] 1185
Started game 1198 of 10000 (Baseline vs Shelter)
Finished game 1190 (Baseline vs Shelter): 1/2-1/2 {Draw by 3-fold repetition}
Score of Shelter vs Baseline: 461 - 507 - 218  [0.481] 1186
Started game 1199 of 10000 (Shelter vs Baseline)
Finished game 1185 (Shelter vs Baseline): 1-0 {White wins by adjudication}
Score of Shelter vs Baseline: 462 - 507 - 218  [0.481] 1187
Started game 1200 of 10000 (Baseline vs Shelter)
Finished game 1188 (Baseline vs Shelter): 0-1 {Black wins by adjudication}
Score of Shelter vs Baseline: 463 - 507 - 218  [0.481] 1188
Started game 1201 of 10000 (Shelter vs Baseline)
Finished game 1189 (Shelter vs Baseline): 0-1 {Black wins by adjudication}
Score of Shelter vs Baseline: 463 - 508 - 218  [0.481] 1189
Started game 1202 of 10000 (Baseline vs Shelter)
Finished game 1187 (Shelter vs Baseline): 1/2-1/2 {Draw by adjudication}
Score of Shelter vs Baseline: 463 - 508 - 219  [0.481] 1190
Started game 1203 of 10000 (Shelter vs Baseline)
Finished game 1191 (Shelter vs Baseline): 0-1 {Black wins by adjudication}
Score of Shelter vs Baseline: 463 - 509 - 219  [0.481] 1191
Started game 1204 of 10000 (Baseline vs Shelter)
Finished game 1195 (Shelter vs Baseline): 1-0 {White wins by adjudication}
Score of Shelter vs Baseline: 464 - 509 - 219  [0.481] 1192
Started game 1205 of 10000 (Shelter vs Baseline)
Finished game 1193 (Shelter vs Baseline): 0-1 {Black wins by adjudication}
Score of Shelter vs Baseline: 464 - 510 - 219  [0.481] 1193
Started game 1206 of 10000 (Baseline vs Shelter)
Finished game 1194 (Baseline vs Shelter): 1-0 {White wins by adjudication}
Score of Shelter vs Baseline: 464 - 511 - 219  [0.480] 1194
Started game 1207 of 10000 (Shelter vs Baseline)
Finished game 1192 (Baseline vs Shelter): 1-0 {White wins by adjudication}
Score of Shelter vs Baseline: 464 - 512 - 219  [0.480] 1195
Started game 1208 of 10000 (Baseline vs Shelter)
Finished game 1196 (Baseline vs Shelter): 1/2-1/2 {Draw by adjudication}
Score of Shelter vs Baseline: 464 - 512 - 220  [0.480] 1196
Started game 1209 of 10000 (Shelter vs Baseline)
Finished game 1200 (Baseline vs Shelter): 1-0 {White wins by adjudication}
Score of Shelter vs Baseline: 464 - 513 - 220  [0.480] 1197
Started game 1210 of 10000 (Baseline vs Shelter)
Finished game 1197 (Shelter vs Baseline): 1/2-1/2 {Draw by adjudication}
Score of Shelter vs Baseline: 464 - 513 - 221  [0.480] 1198
Started game 1211 of 10000 (Shelter vs Baseline)
Finished game 1198 (Baseline vs Shelter): 0-1 {Black wins by adjudication}
Score of Shelter vs Baseline: 465 - 513 - 221  [0.480] 1199
Started game 1212 of 10000 (Baseline vs Shelter)
Finished game 1201 (Shelter vs Baseline): 1/2-1/2 {Draw by 3-fold repetition}
Score of Shelter vs Baseline: 465 - 513 - 222  [0.480] 1200
Started game 1213 of 10000 (Shelter vs Baseline)
Finished game 1210 (Baseline vs Shelter): 1-0 {White wins by adjudication}
Score of Shelter vs Baseline: 465 - 514 - 222  [0.480] 1201
Started game 1214 of 10000 (Baseline vs Shelter)
Finished game 1203 (Shelter vs Baseline): 1/2-1/2 {Draw by 3-fold repetition}
Score of Shelter vs Baseline: 465 - 514 - 223  [0.480] 1202
Started game 1215 of 10000 (Shelter vs Baseline)
Finished game 1204 (Baseline vs Shelter): 0-1 {Black wins by adjudication}
Score of Shelter vs Baseline: 466 - 514 - 223  [0.480] 1203
Started game 1216 of 10000 (Baseline vs Shelter)
Finished game 1205 (Shelter vs Baseline): 1-0 {White wins by adjudication}
Score of Shelter vs Baseline: 467 - 514 - 223  [0.480] 1204
Started game 1217 of 10000 (Shelter vs Baseline)
Finished game 1206 (Baseline vs Shelter): 1/2-1/2 {Draw by insufficient mating material}
Score of Shelter vs Baseline: 467 - 514 - 224  [0.480] 1205
Started game 1218 of 10000 (Baseline vs Shelter)
Finished game 1209 (Shelter vs Baseline): 1-0 {White wins by adjudication}
Score of Shelter vs Baseline: 468 - 514 - 224  [0.481] 1206
Started game 1219 of 10000 (Shelter vs Baseline)
Finished game 1202 (Baseline vs Shelter): 0-1 {Black wins by adjudication}
Score of Shelter vs Baseline: 469 - 514 - 224  [0.481] 1207
Started game 1220 of 10000 (Baseline vs Shelter)
Finished game 1199 (Shelter vs Baseline): 1/2-1/2 {Draw by 3-fold repetition}
Score of Shelter vs Baseline: 469 - 514 - 225  [0.481] 1208
Started game 1221 of 10000 (Shelter vs Baseline)
Finished game 1208 (Baseline vs Shelter): 1-0 {White wins by adjudication}
Score of Shelter vs Baseline: 469 - 515 - 225  [0.481] 1209
Started game 1222 of 10000 (Baseline vs Shelter)
Finished game 1215 (Shelter vs Baseline): 1/2-1/2 {Draw by 3-fold repetition}
Score of Shelter vs Baseline: 469 - 515 - 226  [0.481] 1210
Started game 1223 of 10000 (Shelter vs Baseline)
Finished game 1211 (Shelter vs Baseline): 1-0 {White wins by adjudication}
Score of Shelter vs Baseline: 470 - 515 - 226  [0.481] 1211
Started game 1224 of 10000 (Baseline vs Shelter)
Finished game 1212 (Baseline vs Shelter): 1-0 {White wins by adjudication}
Score of Shelter vs Baseline: 470 - 516 - 226  [0.481] 1212
Started game 1225 of 10000 (Shelter vs Baseline)
Finished game 1214 (Baseline vs Shelter): 0-1 {Black wins by adjudication}
Score of Shelter vs Baseline: 471 - 516 - 226  [0.481] 1213
Started game 1226 of 10000 (Baseline vs Shelter)
Finished game 1213 (Shelter vs Baseline): 0-1 {Black wins by adjudication}
Score of Shelter vs Baseline: 471 - 517 - 226  [0.481] 1214
Started game 1227 of 10000 (Shelter vs Baseline)
Finished game 1207 (Shelter vs Baseline): 1-0 {White wins by adjudication}
Score of Shelter vs Baseline: 472 - 517 - 226  [0.481] 1215
Started game 1228 of 10000 (Baseline vs Shelter)
Finished game 1217 (Shelter vs Baseline): 1/2-1/2 {Draw by adjudication}
Score of Shelter vs Baseline: 472 - 517 - 227  [0.481] 1216
Started game 1229 of 10000 (Shelter vs Baseline)
Finished game 1216 (Baseline vs Shelter): 1-0 {White wins by adjudication}
Score of Shelter vs Baseline: 472 - 518 - 227  [0.481] 1217
Started game 1230 of 10000 (Baseline vs Shelter)
Finished game 1218 (Baseline vs Shelter): 1/2-1/2 {Draw by insufficient mating material}
Score of Shelter vs Baseline: 472 - 518 - 228  [0.481] 1218
Started game 1231 of 10000 (Shelter vs Baseline)
Finished game 1219 (Shelter vs Baseline): 0-1 {Black wins by adjudication}
Score of Shelter vs Baseline: 472 - 519 - 228  [0.481] 1219
Started game 1232 of 10000 (Baseline vs Shelter)
Finished game 1224 (Baseline vs Shelter): 1-0 {White wins by adjudication}
Score of Shelter vs Baseline: 472 - 520 - 228  [0.480] 1220
Started game 1233 of 10000 (Shelter vs Baseline)
Finished game 1223 (Shelter vs Baseline): 1-0 {White wins by adjudication}
Score of Shelter vs Baseline: 473 - 520 - 228  [0.481] 1221
Started game 1234 of 10000 (Baseline vs Shelter)
Finished game 1222 (Baseline vs Shelter): 1-0 {White wins by adjudication}
Score of Shelter vs Baseline: 473 - 521 - 228  [0.480] 1222
Started game 1235 of 10000 (Shelter vs Baseline)
Finished game 1227 (Shelter vs Baseline): 1-0 {White wins by adjudication}
Score of Shelter vs Baseline: 474 - 521 - 228  [0.481] 1223
Started game 1236 of 10000 (Baseline vs Shelter)
Finished game 1228 (Baseline vs Shelter): 0-1 {Black wins by adjudication}
Score of Shelter vs Baseline: 475 - 521 - 228  [0.481] 1224
Started game 1237 of 10000 (Shelter vs Baseline)
Finished game 1225 (Shelter vs Baseline): 0-1 {Black wins by adjudication}
Score of Shelter vs Baseline: 475 - 522 - 228  [0.481] 1225
Started game 1238 of 10000 (Baseline vs Shelter)
Finished game 1221 (Shelter vs Baseline): 0-1 {Black wins by adjudication}
Score of Shelter vs Baseline: 475 - 523 - 228  [0.480] 1226
Started game 1239 of 10000 (Shelter vs Baseline)
Finished game 1220 (Baseline vs Shelter): 1/2-1/2 {Draw by fifty moves rule}
Score of Shelter vs Baseline: 475 - 523 - 229  [0.480] 1227
Started game 1240 of 10000 (Baseline vs Shelter)
Finished game 1229 (Shelter vs Baseline): 1-0 {White wins by adjudication}
Score of Shelter vs Baseline: 476 - 523 - 229  [0.481] 1228
Started game 1241 of 10000 (Shelter vs Baseline)
Finished game 1230 (Baseline vs Shelter): 1-0 {White wins by adjudication}
Score of Shelter vs Baseline: 476 - 524 - 229  [0.480] 1229
Started game 1242 of 10000 (Baseline vs Shelter)
Finished game 1226 (Baseline vs Shelter): 0-1 {Black wins by adjudication}
Score of Shelter vs Baseline: 477 - 524 - 229  [0.481] 1230
Started game 1243 of 10000 (Shelter vs Baseline)
Finished game 1232 (Baseline vs Shelter): 1-0 {White wins by adjudication}
Score of Shelter vs Baseline: 477 - 525 - 229  [0.481] 1231
Started game 1244 of 10000 (Baseline vs Shelter)
Finished game 1231 (Shelter vs Baseline): 1-0 {White wins by adjudication}
Score of Shelter vs Baseline: 478 - 525 - 229  [0.481] 1232
Started game 1245 of 10000 (Shelter vs Baseline)
Finished game 1237 (Shelter vs Baseline): 0-1 {Black wins by adjudication}
Score of Shelter vs Baseline: 478 - 526 - 229  [0.481] 1233
Started game 1246 of 10000 (Baseline vs Shelter)
Finished game 1236 (Baseline vs Shelter): 0-1 {Black wins by adjudication}
Score of Shelter vs Baseline: 479 - 526 - 229  [0.481] 1234
Started game 1247 of 10000 (Shelter vs Baseline)
Finished game 1235 (Shelter vs Baseline): 0-1 {Black wins by adjudication}
Score of Shelter vs Baseline: 479 - 527 - 229  [0.481] 1235
Started game 1248 of 10000 (Baseline vs Shelter)
Finished game 1234 (Baseline vs Shelter): 1-0 {White wins by adjudication}
Score of Shelter vs Baseline: 479 - 528 - 229  [0.480] 1236
Started game 1249 of 10000 (Shelter vs Baseline)
Finished game 1238 (Baseline vs Shelter): 1-0 {White wins by adjudication}
Score of Shelter vs Baseline: 479 - 529 - 229  [0.480] 1237
Started game 1250 of 10000 (Baseline vs Shelter)
Finished game 1239 (Shelter vs Baseline): 0-1 {Black wins by adjudication}
Score of Shelter vs Baseline: 479 - 530 - 229  [0.479] 1238
Started game 1251 of 10000 (Shelter vs Baseline)
Finished game 1243 (Shelter vs Baseline): 1-0 {White wins by adjudication}
Score of Shelter vs Baseline: 480 - 530 - 229  [0.480] 1239
Started game 1252 of 10000 (Baseline vs Shelter)
Finished game 1240 (Baseline vs Shelter): 0-1 {Black wins by adjudication}
Score of Shelter vs Baseline: 481 - 530 - 229  [0.480] 1240
Started game 1253 of 10000 (Shelter vs Baseline)
Finished game 1233 (Shelter vs Baseline): 1/2-1/2 {Draw by adjudication}
Score of Shelter vs Baseline: 481 - 530 - 230  [0.480] 1241
Started game 1254 of 10000 (Baseline vs Shelter)
Finished game 1244 (Baseline vs Shelter): 1/2-1/2 {Draw by 3-fold repetition}
Score of Shelter vs Baseline: 481 - 530 - 231  [0.480] 1242
Started game 1255 of 10000 (Shelter vs Baseline)
Finished game 1241 (Shelter vs Baseline): 1-0 {White wins by adjudication}
Score of Shelter vs Baseline: 482 - 530 - 231  [0.481] 1243
Started game 1256 of 10000 (Baseline vs Shelter)
Finished game 1248 (Baseline vs Shelter): 1-0 {White wins by adjudication}
Score of Shelter vs Baseline: 482 - 531 - 231  [0.480] 1244
Started game 1257 of 10000 (Shelter vs Baseline)
Finished game 1250 (Baseline vs Shelter): 1-0 {White wins by adjudication}
Score of Shelter vs Baseline: 482 - 532 - 231  [0.480] 1245
Started game 1258 of 10000 (Baseline vs Shelter)
Finished game 1246 (Baseline vs Shelter): 1-0 {White wins by adjudication}
Score of Shelter vs Baseline: 482 - 533 - 231  [0.480] 1246
Started game 1259 of 10000 (Shelter vs Baseline)
Finished game 1245 (Shelter vs Baseline): 1-0 {White wins by adjudication}
Score of Shelter vs Baseline: 483 - 533 - 231  [0.480] 1247
Started game 1260 of 10000 (Baseline vs Shelter)
Finished game 1242 (Baseline vs Shelter): 1-0 {White wins by adjudication}
Score of Shelter vs Baseline: 483 - 534 - 231  [0.480] 1248
Started game 1261 of 10000 (Shelter vs Baseline)
Finished game 1254 (Baseline vs Shelter): 0-1 {Black wins by adjudication}
Score of Shelter vs Baseline: 484 - 534 - 231  [0.480] 1249
Started game 1262 of 10000 (Baseline vs Shelter)
Finished game 1252 (Baseline vs Shelter): 0-1 {Black wins by adjudication}
Score of Shelter vs Baseline: 485 - 534 - 231  [0.480] 1250
Started game 1263 of 10000 (Shelter vs Baseline)
Finished game 1257 (Shelter vs Baseline): 1-0 {White wins by adjudication}
Score of Shelter vs Baseline: 486 - 534 - 231  [0.481] 1251
Started game 1264 of 10000 (Baseline vs Shelter)
Finished game 1256 (Baseline vs Shelter): 1-0 {White wins by adjudication}
Score of Shelter vs Baseline: 486 - 535 - 231  [0.480] 1252
Started game 1265 of 10000 (Shelter vs Baseline)
Finished game 1253 (Shelter vs Baseline): 0-1 {Black wins by adjudication}
Score of Shelter vs Baseline: 486 - 536 - 231  [0.480] 1253
Started game 1266 of 10000 (Baseline vs Shelter)
Finished game 1251 (Shelter vs Baseline): 1/2-1/2 {Draw by fifty moves rule}
Score of Shelter vs Baseline: 486 - 536 - 232  [0.480] 1254
Started game 1267 of 10000 (Shelter vs Baseline)
Finished game 1259 (Shelter vs Baseline): 1-0 {White wins by adjudication}
Score of Shelter vs Baseline: 487 - 536 - 232  [0.480] 1255
Started game 1268 of 10000 (Baseline vs Shelter)
Finished game 1258 (Baseline vs Shelter): 1-0 {White wins by adjudication}
Score of Shelter vs Baseline: 487 - 537 - 232  [0.480] 1256
Started game 1269 of 10000 (Shelter vs Baseline)
Finished game 1260 (Baseline vs Shelter): 0-1 {Black wins by adjudication}
Score of Shelter vs Baseline: 488 - 537 - 232  [0.481] 1257
Started game 1270 of 10000 (Baseline vs Shelter)
Finished game 1255 (Shelter vs Baseline): 1/2-1/2 {Draw by fifty moves rule}
Score of Shelter vs Baseline: 488 - 537 - 233  [0.481] 1258
Started game 1271 of 10000 (Shelter vs Baseline)
Finished game 1247 (Shelter vs Baseline): 1-0 {White wins by adjudication}
Score of Shelter vs Baseline: 489 - 537 - 233  [0.481] 1259
Started game 1272 of 10000 (Baseline vs Shelter)
Finished game 1249 (Shelter vs Baseline): 1-0 {White wins by adjudication}
Score of Shelter vs Baseline: 490 - 537 - 233  [0.481] 1260
Started game 1273 of 10000 (Shelter vs Baseline)
Finished game 1262 (Baseline vs Shelter): 0-1 {Black wins by adjudication}
Score of Shelter vs Baseline: 491 - 537 - 233  [0.482] 1261
Started game 1274 of 10000 (Baseline vs Shelter)
Finished game 1264 (Baseline vs Shelter): 1/2-1/2 {Draw by 3-fold repetition}
Score of Shelter vs Baseline: 491 - 537 - 234  [0.482] 1262
Started game 1275 of 10000 (Shelter vs Baseline)
Finished game 1265 (Shelter vs Baseline): 1-0 {White wins by adjudication}
Score of Shelter vs Baseline: 492 - 537 - 234  [0.482] 1263
Started game 1276 of 10000 (Baseline vs Shelter)
Finished game 1261 (Shelter vs Baseline): 1/2-1/2 {Draw by insufficient mating material}
Score of Shelter vs Baseline: 492 - 537 - 235  [0.482] 1264
Started game 1277 of 10000 (Shelter vs Baseline)
Finished game 1268 (Baseline vs Shelter): 1-0 {White wins by adjudication}
Score of Shelter vs Baseline: 492 - 538 - 235  [0.482] 1265
Started game 1278 of 10000 (Baseline vs Shelter)
Finished game 1269 (Shelter vs Baseline): 1-0 {White wins by adjudication}
Score of Shelter vs Baseline: 493 - 538 - 235  [0.482] 1266
Started game 1279 of 10000 (Shelter vs Baseline)
Finished game 1270 (Baseline vs Shelter): 0-1 {Black wins by adjudication}
Score of Shelter vs Baseline: 494 - 538 - 235  [0.483] 1267
Started game 1280 of 10000 (Baseline vs Shelter)
Finished game 1263 (Shelter vs Baseline): 0-1 {Black wins by adjudication}
Score of Shelter vs Baseline: 494 - 539 - 235  [0.482] 1268
Started game 1281 of 10000 (Shelter vs Baseline)
Finished game 1267 (Shelter vs Baseline): 0-1 {Black wins by adjudication}
Score of Shelter vs Baseline: 494 - 540 - 235  [0.482] 1269
Started game 1282 of 10000 (Baseline vs Shelter)
Finished game 1271 (Shelter vs Baseline): 1/2-1/2 {Draw by 3-fold repetition}
Score of Shelter vs Baseline: 494 - 540 - 236  [0.482] 1270
Started game 1283 of 10000 (Shelter vs Baseline)
Finished game 1273 (Shelter vs Baseline): 1-0 {White wins by adjudication}
Score of Shelter vs Baseline: 495 - 540 - 236  [0.482] 1271
Started game 1284 of 10000 (Baseline vs Shelter)
Finished game 1274 (Baseline vs Shelter): 1-0 {White wins by adjudication}
Score of Shelter vs Baseline: 495 - 541 - 236  [0.482] 1272
Started game 1285 of 10000 (Shelter vs Baseline)
Finished game 1272 (Baseline vs Shelter): 1-0 {White wins by adjudication}
Score of Shelter vs Baseline: 495 - 542 - 236  [0.482] 1273
Started game 1286 of 10000 (Baseline vs Shelter)
Finished game 1266 (Baseline vs Shelter): 1/2-1/2 {Draw by 3-fold repetition}
Score of Shelter vs Baseline: 495 - 542 - 237  [0.482] 1274
Started game 1287 of 10000 (Shelter vs Baseline)
Finished game 1281 (Shelter vs Baseline): 0-1 {Black wins by adjudication}
Score of Shelter vs Baseline: 495 - 543 - 237  [0.481] 1275
Started game 1288 of 10000 (Baseline vs Shelter)
Finished game 1275 (Shelter vs Baseline): 1-0 {White wins by adjudication}
Score of Shelter vs Baseline: 496 - 543 - 237  [0.482] 1276
Started game 1289 of 10000 (Shelter vs Baseline)
Finished game 1280 (Baseline vs Shelter): 0-1 {Black wins by adjudication}
Score of Shelter vs Baseline: 497 - 543 - 237  [0.482] 1277
Started game 1290 of 10000 (Baseline vs Shelter)
Finished game 1282 (Baseline vs Shelter): 0-1 {Black wins by adjudication}
Score of Shelter vs Baseline: 498 - 543 - 237  [0.482] 1278
Started game 1291 of 10000 (Shelter vs Baseline)
Finished game 1276 (Baseline vs Shelter): 1-0 {White wins by adjudication}
Score of Shelter vs Baseline: 498 - 544 - 237  [0.482] 1279
Started game 1292 of 10000 (Baseline vs Shelter)
Finished game 1277 (Shelter vs Baseline): 1/2-1/2 {Draw by adjudication}
Score of Shelter vs Baseline: 498 - 544 - 238  [0.482] 1280
Started game 1293 of 10000 (Shelter vs Baseline)
Finished game 1279 (Shelter vs Baseline): 1/2-1/2 {Draw by adjudication}
Score of Shelter vs Baseline: 498 - 544 - 239  [0.482] 1281
Started game 1294 of 10000 (Baseline vs Shelter)
Finished game 1289 (Shelter vs Baseline): 1-0 {White wins by adjudication}
Score of Shelter vs Baseline: 499 - 544 - 239  [0.482] 1282
Started game 1295 of 10000 (Shelter vs Baseline)
Finished game 1284 (Baseline vs Shelter): 0-1 {Black wins by adjudication}
Score of Shelter vs Baseline: 500 - 544 - 239  [0.483] 1283
Started game 1296 of 10000 (Baseline vs Shelter)
Finished game 1283 (Shelter vs Baseline): 0-1 {Black wins by adjudication}
Score of Shelter vs Baseline: 500 - 545 - 239  [0.482] 1284
Started game 1297 of 10000 (Shelter vs Baseline)
Finished game 1290 (Baseline vs Shelter): 1-0 {White wins by adjudication}
Score of Shelter vs Baseline: 500 - 546 - 239  [0.482] 1285
Started game 1298 of 10000 (Baseline vs Shelter)
Finished game 1278 (Baseline vs Shelter): 1-0 {White wins by adjudication}
Score of Shelter vs Baseline: 500 - 547 - 239  [0.482] 1286
Started game 1299 of 10000 (Shelter vs Baseline)
Finished game 1285 (Shelter vs Baseline): 1-0 {White wins by adjudication}
Score of Shelter vs Baseline: 501 - 547 - 239  [0.482] 1287
Started game 1300 of 10000 (Baseline vs Shelter)
Finished game 1286 (Baseline vs Shelter): 1/2-1/2 {Draw by 3-fold repetition}
Score of Shelter vs Baseline: 501 - 547 - 240  [0.482] 1288
Started game 1301 of 10000 (Shelter vs Baseline)
Finished game 1288 (Baseline vs Shelter): 0-1 {Black wins by adjudication}
Score of Shelter vs Baseline: 502 - 547 - 240  [0.483] 1289
Started game 1302 of 10000 (Baseline vs Shelter)
Finished game 1291 (Shelter vs Baseline): 0-1 {Black wins by adjudication}
Score of Shelter vs Baseline: 502 - 548 - 240  [0.482] 1290
Started game 1303 of 10000 (Shelter vs Baseline)
Finished game 1292 (Baseline vs Shelter): 1/2-1/2 {Draw by insufficient mating material}
Score of Shelter vs Baseline: 502 - 548 - 241  [0.482] 1291
Started game 1304 of 10000 (Baseline vs Shelter)
Finished game 1297 (Shelter vs Baseline): 1-0 {White wins by adjudication}
Score of Shelter vs Baseline: 503 - 548 - 241  [0.483] 1292
Started game 1305 of 10000 (Shelter vs Baseline)
Finished game 1293 (Shelter vs Baseline): 0-1 {Black wins by adjudication}
Score of Shelter vs Baseline: 503 - 549 - 241  [0.482] 1293
Started game 1306 of 10000 (Baseline vs Shelter)
Finished game 1296 (Baseline vs Shelter): 1-0 {White wins by adjudication}
Score of Shelter vs Baseline: 503 - 550 - 241  [0.482] 1294
Started game 1307 of 10000 (Shelter vs Baseline)
Finished game 1287 (Shelter vs Baseline): 1/2-1/2 {Draw by adjudication}
Score of Shelter vs Baseline: 503 - 550 - 242  [0.482] 1295
Started game 1308 of 10000 (Baseline vs Shelter)
Finished game 1303 (Shelter vs Baseline): 1-0 {White wins by adjudication}
Score of Shelter vs Baseline: 504 - 550 - 242  [0.482] 1296
Started game 1309 of 10000 (Shelter vs Baseline)
Finished game 1294 (Baseline vs Shelter): 0-1 {Black wins by adjudication}
Score of Shelter vs Baseline: 505 - 550 - 242  [0.483] 1297
Started game 1310 of 10000 (Baseline vs Shelter)
Finished game 1301 (Shelter vs Baseline): 1-0 {White wins by adjudication}
Score of Shelter vs Baseline: 506 - 550 - 242  [0.483] 1298
Started game 1311 of 10000 (Shelter vs Baseline)
Finished game 1304 (Baseline vs Shelter): 1-0 {White wins by adjudication}
Score of Shelter vs Baseline: 506 - 551 - 242  [0.483] 1299
Started game 1312 of 10000 (Baseline vs Shelter)
Finished game 1298 (Baseline vs Shelter): 1-0 {White wins by adjudication}
Score of Shelter vs Baseline: 506 - 552 - 242  [0.482] 1300
Started game 1313 of 10000 (Shelter vs Baseline)
Finished game 1299 (Shelter vs Baseline): 1/2-1/2 {Draw by adjudication}
Score of Shelter vs Baseline: 506 - 552 - 243  [0.482] 1301
Started game 1314 of 10000 (Baseline vs Shelter)
Finished game 1295 (Shelter vs Baseline): 1-0 {White wins by adjudication}
Score of Shelter vs Baseline: 507 - 552 - 243  [0.483] 1302
Started game 1315 of 10000 (Shelter vs Baseline)
Finished game 1300 (Baseline vs Shelter): 1/2-1/2 {Draw by 3-fold repetition}
Score of Shelter vs Baseline: 507 - 552 - 244  [0.483] 1303
Started game 1316 of 10000 (Baseline vs Shelter)
Finished game 1302 (Baseline vs Shelter): 1/2-1/2 {Draw by 3-fold repetition}
Score of Shelter vs Baseline: 507 - 552 - 245  [0.483] 1304
Started game 1317 of 10000 (Shelter vs Baseline)
Finished game 1306 (Baseline vs Shelter): 1-0 {White wins by adjudication}
Score of Shelter vs Baseline: 507 - 553 - 245  [0.482] 1305
Started game 1318 of 10000 (Baseline vs Shelter)
Finished game 1308 (Baseline vs Shelter): 0-1 {Black wins by adjudication}
Score of Shelter vs Baseline: 508 - 553 - 245  [0.483] 1306
Started game 1319 of 10000 (Shelter vs Baseline)
Finished game 1310 (Baseline vs Shelter): 0-1 {Black wins by adjudication}
Score of Shelter vs Baseline: 509 - 553 - 245  [0.483] 1307
Started game 1320 of 10000 (Baseline vs Shelter)
Finished game 1313 (Shelter vs Baseline): 1-0 {White wins by adjudication}
Score of Shelter vs Baseline: 510 - 553 - 245  [0.484] 1308
Started game 1321 of 10000 (Shelter vs Baseline)
Finished game 1305 (Shelter vs Baseline): 1-0 {White wins by adjudication}
Score of Shelter vs Baseline: 511 - 553 - 245  [0.484] 1309
Started game 1322 of 10000 (Baseline vs Shelter)
Finished game 1309 (Shelter vs Baseline): 1-0 {White wins by adjudication}
Score of Shelter vs Baseline: 512 - 553 - 245  [0.484] 1310
Started game 1323 of 10000 (Shelter vs Baseline)
Finished game 1317 (Shelter vs Baseline): 1-0 {White wins by adjudication}
Score of Shelter vs Baseline: 513 - 553 - 245  [0.485] 1311
Started game 1324 of 10000 (Baseline vs Shelter)
Finished game 1307 (Shelter vs Baseline): 1-0 {White wins by adjudication}
Score of Shelter vs Baseline: 514 - 553 - 245  [0.485] 1312
Started game 1325 of 10000 (Shelter vs Baseline)
Finished game 1312 (Baseline vs Shelter): 0-1 {Black wins by adjudication}
Score of Shelter vs Baseline: 515 - 553 - 245  [0.486] 1313
Started game 1326 of 10000 (Baseline vs Shelter)
Finished game 1311 (Shelter vs Baseline): 0-1 {Black wins by adjudication}
Score of Shelter vs Baseline: 515 - 554 - 245  [0.485] 1314
Started game 1327 of 10000 (Shelter vs Baseline)
Finished game 1315 (Shelter vs Baseline): 1/2-1/2 {Draw by 3-fold repetition}
Score of Shelter vs Baseline: 515 - 554 - 246  [0.485] 1315
Started game 1328 of 10000 (Baseline vs Shelter)
Finished game 1319 (Shelter vs Baseline): 0-1 {Black wins by adjudication}
Score of Shelter vs Baseline: 515 - 555 - 246  [0.485] 1316
Started game 1329 of 10000 (Shelter vs Baseline)
Finished game 1314 (Baseline vs Shelter): 0-1 {Black wins by adjudication}
Score of Shelter vs Baseline: 516 - 555 - 246  [0.485] 1317
Started game 1330 of 10000 (Baseline vs Shelter)
Finished game 1323 (Shelter vs Baseline): 0-1 {Black wins by adjudication}
Score of Shelter vs Baseline: 516 - 556 - 246  [0.485] 1318
Started game 1331 of 10000 (Shelter vs Baseline)
Finished game 1325 (Shelter vs Baseline): 1/2-1/2 {Draw by 3-fold repetition}
Score of Shelter vs Baseline: 516 - 556 - 247  [0.485] 1319
Started game 1332 of 10000 (Baseline vs Shelter)
Finished game 1318 (Baseline vs Shelter): 1-0 {White wins by adjudication}
Score of Shelter vs Baseline: 516 - 557 - 247  [0.484] 1320
Started game 1333 of 10000 (Shelter vs Baseline)
Finished game 1321 (Shelter vs Baseline): 0-1 {Black wins by adjudication}
Score of Shelter vs Baseline: 516 - 558 - 247  [0.484] 1321
Started game 1334 of 10000 (Baseline vs Shelter)
Finished game 1322 (Baseline vs Shelter): 0-1 {Black wins by adjudication}
Score of Shelter vs Baseline: 517 - 558 - 247  [0.484] 1322
Started game 1335 of 10000 (Shelter vs Baseline)
Finished game 1320 (Baseline vs Shelter): 1-0 {White wins by adjudication}
Score of Shelter vs Baseline: 517 - 559 - 247  [0.484] 1323
Started game 1336 of 10000 (Baseline vs Shelter)
Finished game 1316 (Baseline vs Shelter): 1/2-1/2 {Draw by fifty moves rule}
Score of Shelter vs Baseline: 517 - 559 - 248  [0.484] 1324
Started game 1337 of 10000 (Shelter vs Baseline)
Finished game 1332 (Baseline vs Shelter): 0-1 {Black wins by adjudication}
Score of Shelter vs Baseline: 518 - 559 - 248  [0.485] 1325
Started game 1338 of 10000 (Baseline vs Shelter)
Finished game 1335 (Shelter vs Baseline): 1-0 {White wins by adjudication}
Score of Shelter vs Baseline: 519 - 559 - 248  [0.485] 1326
Started game 1339 of 10000 (Shelter vs Baseline)
Finished game 1327 (Shelter vs Baseline): 0-1 {Black wins by adjudication}
Score of Shelter vs Baseline: 519 - 560 - 248  [0.485] 1327
Started game 1340 of 10000 (Baseline vs Shelter)
Finished game 1324 (Baseline vs Shelter): 1/2-1/2 {Draw by adjudication}
Score of Shelter vs Baseline: 519 - 560 - 249  [0.485] 1328
Started game 1341 of 10000 (Shelter vs Baseline)
Finished game 1330 (Baseline vs Shelter): 0-1 {Black wins by adjudication}
Score of Shelter vs Baseline: 520 - 560 - 249  [0.485] 1329
Started game 1342 of 10000 (Baseline vs Shelter)
Finished game 1326 (Baseline vs Shelter): 1/2-1/2 {Draw by fifty moves rule}
Score of Shelter vs Baseline: 520 - 560 - 250  [0.485] 1330
Started game 1343 of 10000 (Shelter vs Baseline)
Finished game 1328 (Baseline vs Shelter): 1/2-1/2 {Draw by insufficient mating material}
Score of Shelter vs Baseline: 520 - 560 - 251  [0.485] 1331
Started game 1344 of 10000 (Baseline vs Shelter)
Finished game 1331 (Shelter vs Baseline): 0-1 {Black wins by adjudication}
Score of Shelter vs Baseline: 520 - 561 - 251  [0.485] 1332
Started game 1345 of 10000 (Shelter vs Baseline)
Finished game 1329 (Shelter vs Baseline): 0-1 {Black wins by adjudication}
Score of Shelter vs Baseline: 520 - 562 - 251  [0.484] 1333
Started game 1346 of 10000 (Baseline vs Shelter)
Finished game 1338 (Baseline vs Shelter): 1-0 {White wins by adjudication}
Score of Shelter vs Baseline: 520 - 563 - 251  [0.484] 1334
Started game 1347 of 10000 (Shelter vs Baseline)
Finished game 1340 (Baseline vs Shelter): 1-0 {White wins by adjudication}
Score of Shelter vs Baseline: 520 - 564 - 251  [0.484] 1335
Started game 1348 of 10000 (Baseline vs Shelter)
Finished game 1333 (Shelter vs Baseline): 1/2-1/2 {Draw by insufficient mating material}
Score of Shelter vs Baseline: 520 - 564 - 252  [0.484] 1336
Started game 1349 of 10000 (Shelter vs Baseline)
Finished game 1336 (Baseline vs Shelter): 1-0 {White wins by adjudication}
Score of Shelter vs Baseline: 520 - 565 - 252  [0.483] 1337
Started game 1350 of 10000 (Baseline vs Shelter)
Finished game 1339 (Shelter vs Baseline): 1-0 {White wins by adjudication}
Score of Shelter vs Baseline: 521 - 565 - 252  [0.484] 1338
Started game 1351 of 10000 (Shelter vs Baseline)
Finished game 1334 (Baseline vs Shelter): 1/2-1/2 {Draw by fifty moves rule}
Score of Shelter vs Baseline: 521 - 565 - 253  [0.484] 1339
Started game 1352 of 10000 (Baseline vs Shelter)
Finished game 1345 (Shelter vs Baseline): 1-0 {White wins by adjudication}
Score of Shelter vs Baseline: 522 - 565 - 253  [0.484] 1340
Started game 1353 of 10000 (Shelter vs Baseline)
Finished game 1337 (Shelter vs Baseline): 0-1 {Black wins by adjudication}
Score of Shelter vs Baseline: 522 - 566 - 253  [0.484] 1341
Started game 1354 of 10000 (Baseline vs Shelter)
Finished game 1342 (Baseline vs Shelter): 1/2-1/2 {Draw by 3-fold repetition}
Score of Shelter vs Baseline: 522 - 566 - 254  [0.484] 1342
Started game 1355 of 10000 (Shelter vs Baseline)
Finished game 1341 (Shelter vs Baseline): 1/2-1/2 {Draw by adjudication}
Score of Shelter vs Baseline: 522 - 566 - 255  [0.484] 1343
Started game 1356 of 10000 (Baseline vs Shelter)
Finished game 1344 (Baseline vs Shelter): 0-1 {Black wins by adjudication}
Score of Shelter vs Baseline: 523 - 566 - 255  [0.484] 1344
Started game 1357 of 10000 (Shelter vs Baseline)
Finished game 1349 (Shelter vs Baseline): 0-1 {Black wins by adjudication}
Score of Shelter vs Baseline: 523 - 567 - 255  [0.484] 1345
Started game 1358 of 10000 (Baseline vs Shelter)
Finished game 1343 (Shelter vs Baseline): 1-0 {White wins by adjudication}
Score of Shelter vs Baseline: 524 - 567 - 255  [0.484] 1346
Started game 1359 of 10000 (Shelter vs Baseline)
Finished game 1350 (Baseline vs Shelter): 1-0 {White wins by adjudication}
Score of Shelter vs Baseline: 524 - 568 - 255  [0.484] 1347
Started game 1360 of 10000 (Baseline vs Shelter)
Finished game 1354 (Baseline vs Shelter): 1-0 {White wins by adjudication}
Score of Shelter vs Baseline: 524 - 569 - 255  [0.483] 1348
Started game 1361 of 10000 (Shelter vs Baseline)
Finished game 1355 (Shelter vs Baseline): 1-0 {White wins by adjudication}
Score of Shelter vs Baseline: 525 - 569 - 255  [0.484] 1349
Started game 1362 of 10000 (Baseline vs Shelter)
Finished game 1346 (Baseline vs Shelter): 1/2-1/2 {Draw by adjudication}
Score of Shelter vs Baseline: 525 - 569 - 256  [0.484] 1350
Started game 1363 of 10000 (Shelter vs Baseline)
Finished game 1351 (Shelter vs Baseline): 0-1 {Black wins by adjudication}
Score of Shelter vs Baseline: 525 - 570 - 256  [0.483] 1351
Started game 1364 of 10000 (Baseline vs Shelter)
Finished game 1352 (Baseline vs Shelter): 1-0 {White wins by adjudication}
Score of Shelter vs Baseline: 525 - 571 - 256  [0.483] 1352
Started game 1365 of 10000 (Shelter vs Baseline)
Finished game 1353 (Shelter vs Baseline): 1-0 {White wins by adjudication}
Score of Shelter vs Baseline: 526 - 571 - 256  [0.483] 1353
Started game 1366 of 10000 (Baseline vs Shelter)
Finished game 1348 (Baseline vs Shelter): 1-0 {White mates}
Score of Shelter vs Baseline: 526 - 572 - 256  [0.483] 1354
Started game 1367 of 10000 (Shelter vs Baseline)
Finished game 1347 (Shelter vs Baseline): 1-0 {White wins by adjudication}
Score of Shelter vs Baseline: 527 - 572 - 256  [0.483] 1355
Started game 1368 of 10000 (Baseline vs Shelter)
Finished game 1356 (Baseline vs Shelter): 1-0 {White wins by adjudication}
Score of Shelter vs Baseline: 527 - 573 - 256  [0.483] 1356
Started game 1369 of 10000 (Shelter vs Baseline)
Finished game 1357 (Shelter vs Baseline): 0-1 {Black wins by adjudication}
Score of Shelter vs Baseline: 527 - 574 - 256  [0.483] 1357
Started game 1370 of 10000 (Baseline vs Shelter)
Finished game 1358 (Baseline vs Shelter): 1-0 {White wins by adjudication}
Score of Shelter vs Baseline: 527 - 575 - 256  [0.482] 1358
Started game 1371 of 10000 (Shelter vs Baseline)
Finished game 1359 (Shelter vs Baseline): 0-1 {Black wins by adjudication}
Score of Shelter vs Baseline: 527 - 576 - 256  [0.482] 1359
Started game 1372 of 10000 (Baseline vs Shelter)
Finished game 1363 (Shelter vs Baseline): 0-1 {Black wins by adjudication}
Score of Shelter vs Baseline: 527 - 577 - 256  [0.482] 1360
Started game 1373 of 10000 (Shelter vs Baseline)
Finished game 1360 (Baseline vs Shelter): 0-1 {Black wins by adjudication}
Score of Shelter vs Baseline: 528 - 577 - 256  [0.482] 1361
Started game 1374 of 10000 (Baseline vs Shelter)
Finished game 1362 (Baseline vs Shelter): 1-0 {White wins by adjudication}
Score of Shelter vs Baseline: 528 - 578 - 256  [0.482] 1362
Started game 1375 of 10000 (Shelter vs Baseline)
Finished game 1365 (Shelter vs Baseline): 1-0 {White wins by adjudication}
Score of Shelter vs Baseline: 529 - 578 - 256  [0.482] 1363
Started game 1376 of 10000 (Baseline vs Shelter)
Finished game 1364 (Baseline vs Shelter): 0-1 {Black wins by adjudication}
Score of Shelter vs Baseline: 530 - 578 - 256  [0.482] 1364
Started game 1377 of 10000 (Shelter vs Baseline)
Finished game 1361 (Shelter vs Baseline): 1-0 {White wins by adjudication}
Score of Shelter vs Baseline: 531 - 578 - 256  [0.483] 1365
Started game 1378 of 10000 (Baseline vs Shelter)
Finished game 1366 (Baseline vs Shelter): 1-0 {White wins by adjudication}
Score of Shelter vs Baseline: 531 - 579 - 256  [0.482] 1366
Started game 1379 of 10000 (Shelter vs Baseline)
Finished game 1369 (Shelter vs Baseline): 0-1 {Black wins by adjudication}
Score of Shelter vs Baseline: 531 - 580 - 256  [0.482] 1367
Started game 1380 of 10000 (Baseline vs Shelter)
Finished game 1367 (Shelter vs Baseline): 0-1 {Black wins by adjudication}
Score of Shelter vs Baseline: 531 - 581 - 256  [0.482] 1368
Started game 1381 of 10000 (Shelter vs Baseline)
Finished game 1368 (Baseline vs Shelter): 1-0 {White wins by adjudication}
Score of Shelter vs Baseline: 531 - 582 - 256  [0.481] 1369
Started game 1382 of 10000 (Baseline vs Shelter)
Finished game 1371 (Shelter vs Baseline): 1-0 {White wins by adjudication}
Score of Shelter vs Baseline: 532 - 582 - 256  [0.482] 1370
Started game 1383 of 10000 (Shelter vs Baseline)
Finished game 1372 (Baseline vs Shelter): 1-0 {White wins by adjudication}
Score of Shelter vs Baseline: 532 - 583 - 256  [0.481] 1371
Started game 1384 of 10000 (Baseline vs Shelter)
Finished game 1370 (Baseline vs Shelter): 0-1 {Black wins by adjudication}
Score of Shelter vs Baseline: 533 - 583 - 256  [0.482] 1372
Started game 1385 of 10000 (Shelter vs Baseline)
Finished game 1377 (Shelter vs Baseline): 1-0 {White wins by adjudication}
Score of Shelter vs Baseline: 534 - 583 - 256  [0.482] 1373
Started game 1386 of 10000 (Baseline vs Shelter)
Finished game 1374 (Baseline vs Shelter): 0-1 {Black wins by adjudication}
Score of Shelter vs Baseline: 535 - 583 - 256  [0.483] 1374
Started game 1387 of 10000 (Shelter vs Baseline)
Finished game 1375 (Shelter vs Baseline): 0-1 {Black wins by adjudication}
Score of Shelter vs Baseline: 535 - 584 - 256  [0.482] 1375
Started game 1388 of 10000 (Baseline vs Shelter)
Finished game 1373 (Shelter vs Baseline): 0-1 {Black wins by adjudication}
Score of Shelter vs Baseline: 535 - 585 - 256  [0.482] 1376
Started game 1389 of 10000 (Shelter vs Baseline)
Finished game 1379 (Shelter vs Baseline): 0-1 {Black wins by adjudication}
Score of Shelter vs Baseline: 535 - 586 - 256  [0.481] 1377
Started game 1390 of 10000 (Baseline vs Shelter)
Finished game 1378 (Baseline vs Shelter): 1-0 {White wins by adjudication}
Score of Shelter vs Baseline: 535 - 587 - 256  [0.481] 1378
Started game 1391 of 10000 (Shelter vs Baseline)
Finished game 1381 (Shelter vs Baseline): 0-1 {Black wins by adjudication}
Score of Shelter vs Baseline: 535 - 588 - 256  [0.481] 1379
Started game 1392 of 10000 (Baseline vs Shelter)
Finished game 1376 (Baseline vs Shelter): 1/2-1/2 {Draw by 3-fold repetition}
Score of Shelter vs Baseline: 535 - 588 - 257  [0.481] 1380
Started game 1393 of 10000 (Shelter vs Baseline)
Finished game 1383 (Shelter vs Baseline): 1-0 {White wins by adjudication}
Score of Shelter vs Baseline: 536 - 588 - 257  [0.481] 1381
Started game 1394 of 10000 (Baseline vs Shelter)
Finished game 1380 (Baseline vs Shelter): 0-1 {Black wins by adjudication}
Score of Shelter vs Baseline: 537 - 588 - 257  [0.482] 1382
Started game 1395 of 10000 (Shelter vs Baseline)
Finished game 1387 (Shelter vs Baseline): 1-0 {White wins by adjudication}
Score of Shelter vs Baseline: 538 - 588 - 257  [0.482] 1383
Started game 1396 of 10000 (Baseline vs Shelter)
Finished game 1382 (Baseline vs Shelter): 1-0 {White wins by adjudication}
Score of Shelter vs Baseline: 538 - 589 - 257  [0.482] 1384
Started game 1397 of 10000 (Shelter vs Baseline)
Finished game 1390 (Baseline vs Shelter): 1-0 {White wins by adjudication}
Score of Shelter vs Baseline: 538 - 590 - 257  [0.481] 1385
Started game 1398 of 10000 (Baseline vs Shelter)
Finished game 1386 (Baseline vs Shelter): 0-1 {Black wins by adjudication}
Score of Shelter vs Baseline: 539 - 590 - 257  [0.482] 1386
Started game 1399 of 10000 (Shelter vs Baseline)
Finished game 1388 (Baseline vs Shelter): 1-0 {White wins by adjudication}
Score of Shelter vs Baseline: 539 - 591 - 257  [0.481] 1387
Started game 1400 of 10000 (Baseline vs Shelter)
Finished game 1389 (Shelter vs Baseline): 0-1 {Black wins by adjudication}
Score of Shelter vs Baseline: 539 - 592 - 257  [0.481] 1388
Started game 1401 of 10000 (Shelter vs Baseline)
Finished game 1385 (Shelter vs Baseline): 1/2-1/2 {Draw by insufficient mating material}
Score of Shelter vs Baseline: 539 - 592 - 258  [0.481] 1389
Started game 1402 of 10000 (Baseline vs Shelter)
Finished game 1391 (Shelter vs Baseline): 0-1 {Black wins by adjudication}
Score of Shelter vs Baseline: 539 - 593 - 258  [0.481] 1390
Started game 1403 of 10000 (Shelter vs Baseline)
Finished game 1392 (Baseline vs Shelter): 1-0 {White wins by adjudication}
Score of Shelter vs Baseline: 539 - 594 - 258  [0.480] 1391
Started game 1404 of 10000 (Baseline vs Shelter)
Finished game 1384 (Baseline vs Shelter): 1/2-1/2 {Draw by adjudication}
Score of Shelter vs Baseline: 539 - 594 - 259  [0.480] 1392
Started game 1405 of 10000 (Shelter vs Baseline)
Finished game 1393 (Shelter vs Baseline): 0-1 {Black wins by adjudication}
Score of Shelter vs Baseline: 539 - 595 - 259  [0.480] 1393
Started game 1406 of 10000 (Baseline vs Shelter)
Finished game 1396 (Baseline vs Shelter): 1-0 {White wins by adjudication}
Score of Shelter vs Baseline: 539 - 596 - 259  [0.480] 1394
Started game 1407 of 10000 (Shelter vs Baseline)
Finished game 1398 (Baseline vs Shelter): 1/2-1/2 {Draw by 3-fold repetition}
Score of Shelter vs Baseline: 539 - 596 - 260  [0.480] 1395
Started game 1408 of 10000 (Baseline vs Shelter)
Finished game 1395 (Shelter vs Baseline): 1-0 {White wins by adjudication}
Score of Shelter vs Baseline: 540 - 596 - 260  [0.480] 1396
Started game 1409 of 10000 (Shelter vs Baseline)
Finished game 1401 (Shelter vs Baseline): 0-1 {Black wins by adjudication}
Score of Shelter vs Baseline: 540 - 597 - 260  [0.480] 1397
Started game 1410 of 10000 (Baseline vs Shelter)
Finished game 1400 (Baseline vs Shelter): 0-1 {Black wins by adjudication}
Score of Shelter vs Baseline: 541 - 597 - 260  [0.480] 1398
Started game 1411 of 10000 (Shelter vs Baseline)
Finished game 1397 (Shelter vs Baseline): 1-0 {White wins by adjudication}
Score of Shelter vs Baseline: 542 - 597 - 260  [0.480] 1399
Started game 1412 of 10000 (Baseline vs Shelter)
Finished game 1405 (Shelter vs Baseline): 1-0 {White wins by adjudication}
Score of Shelter vs Baseline: 543 - 597 - 260  [0.481] 1400
Started game 1413 of 10000 (Shelter vs Baseline)
Finished game 1403 (Shelter vs Baseline): 0-1 {Black wins by adjudication}
Score of Shelter vs Baseline: 543 - 598 - 260  [0.480] 1401
Started game 1414 of 10000 (Baseline vs Shelter)
Finished game 1407 (Shelter vs Baseline): 0-1 {Black wins by adjudication}
Score of Shelter vs Baseline: 543 - 599 - 260  [0.480] 1402
Started game 1415 of 10000 (Shelter vs Baseline)
Finished game 1399 (Shelter vs Baseline): 1/2-1/2 {Draw by adjudication}
Score of Shelter vs Baseline: 543 - 599 - 261  [0.480] 1403
Started game 1416 of 10000 (Baseline vs Shelter)
Finished game 1402 (Baseline vs Shelter): 1-0 {White wins by adjudication}
Score of Shelter vs Baseline: 543 - 600 - 261  [0.480] 1404
Started game 1417 of 10000 (Shelter vs Baseline)
Finished game 1394 (Baseline vs Shelter): 0-1 {Black wins by adjudication}
Score of Shelter vs Baseline: 544 - 600 - 261  [0.480] 1405
Started game 1418 of 10000 (Baseline vs Shelter)
Finished game 1406 (Baseline vs Shelter): 1/2-1/2 {Draw by 3-fold repetition}
Score of Shelter vs Baseline: 544 - 600 - 262  [0.480] 1406
Started game 1419 of 10000 (Shelter vs Baseline)
Finished game 1411 (Shelter vs Baseline): 1-0 {White wins by adjudication}
Score of Shelter vs Baseline: 545 - 600 - 262  [0.480] 1407
Started game 1420 of 10000 (Baseline vs Shelter)
Finished game 1404 (Baseline vs Shelter): 1/2-1/2 {Draw by 3-fold repetition}
Score of Shelter vs Baseline: 545 - 600 - 263  [0.480] 1408
Started game 1421 of 10000 (Shelter vs Baseline)
Finished game 1408 (Baseline vs Shelter): 0-1 {Black wins by adjudication}
Score of Shelter vs Baseline: 546 - 600 - 263  [0.481] 1409
Started game 1422 of 10000 (Baseline vs Shelter)
Finished game 1414 (Baseline vs Shelter): 0-1 {Black wins by adjudication}
Score of Shelter vs Baseline: 547 - 600 - 263  [0.481] 1410
Started game 1423 of 10000 (Shelter vs Baseline)
Finished game 1412 (Baseline vs Shelter): 1-0 {White wins by adjudication}
Score of Shelter vs Baseline: 547 - 601 - 263  [0.481] 1411
Started game 1424 of 10000 (Baseline vs Shelter)
Finished game 1417 (Shelter vs Baseline): 1/2-1/2 {Draw by insufficient mating material}
Score of Shelter vs Baseline: 547 - 601 - 264  [0.481] 1412
Started game 1425 of 10000 (Shelter vs Baseline)
Finished game 1409 (Shelter vs Baseline): 0-1 {Black wins by adjudication}
Score of Shelter vs Baseline: 547 - 602 - 264  [0.481] 1413
Started game 1426 of 10000 (Baseline vs Shelter)
Finished game 1416 (Baseline vs Shelter): 1-0 {White wins by adjudication}
Score of Shelter vs Baseline: 547 - 603 - 264  [0.480] 1414
Started game 1427 of 10000 (Shelter vs Baseline)
Finished game 1413 (Shelter vs Baseline): 1-0 {White wins by adjudication}
Score of Shelter vs Baseline: 548 - 603 - 264  [0.481] 1415
Started game 1428 of 10000 (Baseline vs Shelter)
Finished game 1415 (Shelter vs Baseline): 1-0 {White wins by adjudication}
Score of Shelter vs Baseline: 549 - 603 - 264  [0.481] 1416
Started game 1429 of 10000 (Shelter vs Baseline)
Finished game 1420 (Baseline vs Shelter): 1-0 {White wins by adjudication}
Score of Shelter vs Baseline: 549 - 604 - 264  [0.481] 1417
Started game 1430 of 10000 (Baseline vs Shelter)
Finished game 1421 (Shelter vs Baseline): 1/2-1/2 {Draw by adjudication}
Score of Shelter vs Baseline: 549 - 604 - 265  [0.481] 1418
Started game 1431 of 10000 (Shelter vs Baseline)
Finished game 1422 (Baseline vs Shelter): 1-0 {White wins by adjudication}
Score of Shelter vs Baseline: 549 - 605 - 265  [0.480] 1419
Started game 1432 of 10000 (Baseline vs Shelter)
Finished game 1418 (Baseline vs Shelter): 1/2-1/2 {Draw by adjudication}
Score of Shelter vs Baseline: 549 - 605 - 266  [0.480] 1420
Started game 1433 of 10000 (Shelter vs Baseline)
Finished game 1424 (Baseline vs Shelter): 1-0 {White wins by adjudication}
Score of Shelter vs Baseline: 549 - 606 - 266  [0.480] 1421
Started game 1434 of 10000 (Baseline vs Shelter)
Finished game 1423 (Shelter vs Baseline): 1/2-1/2 {Draw by 3-fold repetition}
Score of Shelter vs Baseline: 549 - 606 - 267  [0.480] 1422
Started game 1435 of 10000 (Shelter vs Baseline)
Finished game 1427 (Shelter vs Baseline): 0-1 {Black wins by adjudication}
Score of Shelter vs Baseline: 549 - 607 - 267  [0.480] 1423
Started game 1436 of 10000 (Baseline vs Shelter)
Finished game 1419 (Shelter vs Baseline): 1/2-1/2 {Draw by adjudication}
Score of Shelter vs Baseline: 549 - 607 - 268  [0.480] 1424
Started game 1437 of 10000 (Shelter vs Baseline)
Finished game 1426 (Baseline vs Shelter): 0-1 {Black wins by adjudication}
Score of Shelter vs Baseline: 550 - 607 - 268  [0.480] 1425
Started game 1438 of 10000 (Baseline vs Shelter)
Finished game 1410 (Baseline vs Shelter): 1/2-1/2 {Draw by fifty moves rule}
Score of Shelter vs Baseline: 550 - 607 - 269  [0.480] 1426
Started game 1439 of 10000 (Shelter vs Baseline)
Finished game 1433 (Shelter vs Baseline): 1-0 {White wins by adjudication}
Score of Shelter vs Baseline: 551 - 607 - 269  [0.480] 1427
Started game 1440 of 10000 (Baseline vs Shelter)
Finished game 1428 (Baseline vs Shelter): 1/2-1/2 {Draw by insufficient mating material}
Score of Shelter vs Baseline: 551 - 607 - 270  [0.480] 1428
Started game 1441 of 10000 (Shelter vs Baseline)
Finished game 1430 (Baseline vs Shelter): 0-1 {Black wins by adjudication}
Score of Shelter vs Baseline: 552 - 607 - 270  [0.481] 1429
Started game 1442 of 10000 (Baseline vs Shelter)
Finished game 1425 (Shelter vs Baseline): 1-0 {White wins by adjudication}
Score of Shelter vs Baseline: 553 - 607 - 270  [0.481] 1430
Started game 1443 of 10000 (Shelter vs Baseline)
Finished game 1429 (Shelter vs Baseline): 0-1 {Black wins by adjudication}
Score of Shelter vs Baseline: 553 - 608 - 270  [0.481] 1431
Started game 1444 of 10000 (Baseline vs Shelter)
Finished game 1432 (Baseline vs Shelter): 0-1 {Black wins by adjudication}
Score of Shelter vs Baseline: 554 - 608 - 270  [0.481] 1432
Started game 1445 of 10000 (Shelter vs Baseline)
Finished game 1431 (Shelter vs Baseline): 1-0 {White wins by adjudication}
Score of Shelter vs Baseline: 555 - 608 - 270  [0.482] 1433
Started game 1446 of 10000 (Baseline vs Shelter)
Finished game 1436 (Baseline vs Shelter): 1-0 {White wins by adjudication}
Score of Shelter vs Baseline: 555 - 609 - 270  [0.481] 1434
Started game 1447 of 10000 (Shelter vs Baseline)
Finished game 1434 (Baseline vs Shelter): 1-0 {White wins by adjudication}
Score of Shelter vs Baseline: 555 - 610 - 270  [0.481] 1435
Started game 1448 of 10000 (Baseline vs Shelter)
Finished game 1435 (Shelter vs Baseline): 0-1 {Black wins by adjudication}
Score of Shelter vs Baseline: 555 - 611 - 270  [0.481] 1436
Started game 1449 of 10000 (Shelter vs Baseline)
Finished game 1439 (Shelter vs Baseline): 1-0 {White wins by adjudication}
Score of Shelter vs Baseline: 556 - 611 - 270  [0.481] 1437
Started game 1450 of 10000 (Baseline vs Shelter)
Finished game 1438 (Baseline vs Shelter): 0-1 {Black wins by adjudication}
Score of Shelter vs Baseline: 557 - 611 - 270  [0.481] 1438
Started game 1451 of 10000 (Shelter vs Baseline)
Finished game 1440 (Baseline vs Shelter): 0-1 {Black wins by adjudication}
Score of Shelter vs Baseline: 558 - 611 - 270  [0.482] 1439
Started game 1452 of 10000 (Baseline vs Shelter)
Finished game 1443 (Shelter vs Baseline): 1-0 {White wins by adjudication}
Score of Shelter vs Baseline: 559 - 611 - 270  [0.482] 1440
Started game 1453 of 10000 (Shelter vs Baseline)
Finished game 1441 (Shelter vs Baseline): 1/2-1/2 {Draw by insufficient mating material}
Score of Shelter vs Baseline: 559 - 611 - 271  [0.482] 1441
Started game 1454 of 10000 (Baseline vs Shelter)
Finished game 1437 (Shelter vs Baseline): 0-1 {Black wins by adjudication}
Score of Shelter vs Baseline: 559 - 612 - 271  [0.482] 1442
Started game 1455 of 10000 (Shelter vs Baseline)
Finished game 1442 (Baseline vs Shelter): 1-0 {White wins by adjudication}
Score of Shelter vs Baseline: 559 - 613 - 271  [0.481] 1443
Started game 1456 of 10000 (Baseline vs Shelter)
Finished game 1444 (Baseline vs Shelter): 1-0 {White wins by adjudication}
Score of Shelter vs Baseline: 559 - 614 - 271  [0.481] 1444
Started game 1457 of 10000 (Shelter vs Baseline)
Finished game 1449 (Shelter vs Baseline): 1-0 {White wins by adjudication}
Score of Shelter vs Baseline: 560 - 614 - 271  [0.481] 1445
Started game 1458 of 10000 (Baseline vs Shelter)
Finished game 1451 (Shelter vs Baseline): 1-0 {White wins by adjudication}
Score of Shelter vs Baseline: 561 - 614 - 271  [0.482] 1446
Started game 1459 of 10000 (Shelter vs Baseline)
Finished game 1445 (Shelter vs Baseline): 1-0 {White wins by adjudication}
Score of Shelter vs Baseline: 562 - 614 - 271  [0.482] 1447
Started game 1460 of 10000 (Baseline vs Shelter)
Finished game 1446 (Baseline vs Shelter): 0-1 {Black wins by adjudication}
Score of Shelter vs Baseline: 563 - 614 - 271  [0.482] 1448
Started game 1461 of 10000 (Shelter vs Baseline)
Finished game 1447 (Shelter vs Baseline): 1-0 {White wins by adjudication}
Score of Shelter vs Baseline: 564 - 614 - 271  [0.483] 1449
Started game 1462 of 10000 (Baseline vs Shelter)
Finished game 1450 (Baseline vs Shelter): 1-0 {White wins by adjudication}
Score of Shelter vs Baseline: 564 - 615 - 271  [0.482] 1450
Started game 1463 of 10000 (Shelter vs Baseline)
Finished game 1448 (Baseline vs Shelter): 1-0 {White wins by adjudication}
Score of Shelter vs Baseline: 564 - 616 - 271  [0.482] 1451
Started game 1464 of 10000 (Baseline vs Shelter)
Finished game 1453 (Shelter vs Baseline): 1-0 {White wins by adjudication}
Score of Shelter vs Baseline: 565 - 616 - 271  [0.482] 1452
Started game 1465 of 10000 (Shelter vs Baseline)
Finished game 1455 (Shelter vs Baseline): 0-1 {Black wins by adjudication}
Score of Shelter vs Baseline: 565 - 617 - 271  [0.482] 1453
Started game 1466 of 10000 (Baseline vs Shelter)
Finished game 1452 (Baseline vs Shelter): 1/2-1/2 {Draw by insufficient mating material}
Score of Shelter vs Baseline: 565 - 617 - 272  [0.482] 1454
Started game 1467 of 10000 (Shelter vs Baseline)
Finished game 1454 (Baseline vs Shelter): 0-1 {Black wins by adjudication}
Score of Shelter vs Baseline: 566 - 617 - 272  [0.482] 1455
Started game 1468 of 10000 (Baseline vs Shelter)
Finished game 1456 (Baseline vs Shelter): 1/2-1/2 {Draw by insufficient mating material}
Score of Shelter vs Baseline: 566 - 617 - 273  [0.482] 1456
Started game 1469 of 10000 (Shelter vs Baseline)
Finished game 1457 (Shelter vs Baseline): 1-0 {White mates}
Score of Shelter vs Baseline: 567 - 617 - 273  [0.483] 1457
Started game 1470 of 10000 (Baseline vs Shelter)
Finished game 1461 (Shelter vs Baseline): 1-0 {White wins by adjudication}
Score of Shelter vs Baseline: 568 - 617 - 273  [0.483] 1458
Started game 1471 of 10000 (Shelter vs Baseline)
Finished game 1462 (Baseline vs Shelter): 0-1 {Black wins by adjudication}
Score of Shelter vs Baseline: 569 - 617 - 273  [0.484] 1459
Started game 1472 of 10000 (Baseline vs Shelter)
Finished game 1464 (Baseline vs Shelter): 1-0 {White wins by adjudication}
Score of Shelter vs Baseline: 569 - 618 - 273  [0.483] 1460
Started game 1473 of 10000 (Shelter vs Baseline)
Finished game 1459 (Shelter vs Baseline): 1-0 {White wins by adjudication}
Score of Shelter vs Baseline: 570 - 618 - 273  [0.484] 1461
Started game 1474 of 10000 (Baseline vs Shelter)
Finished game 1465 (Shelter vs Baseline): 1-0 {White wins by adjudication}
Score of Shelter vs Baseline: 571 - 618 - 273  [0.484] 1462
Started game 1475 of 10000 (Shelter vs Baseline)
Finished game 1460 (Baseline vs Shelter): 1-0 {White wins by adjudication}
Score of Shelter vs Baseline: 571 - 619 - 273  [0.484] 1463
Started game 1476 of 10000 (Baseline vs Shelter)
Finished game 1463 (Shelter vs Baseline): 1-0 {White wins by adjudication}
Score of Shelter vs Baseline: 572 - 619 - 273  [0.484] 1464
Started game 1477 of 10000 (Shelter vs Baseline)
Finished game 1467 (Shelter vs Baseline): 1-0 {White wins by adjudication}
Score of Shelter vs Baseline: 573 - 619 - 273  [0.484] 1465
Started game 1478 of 10000 (Baseline vs Shelter)
Finished game 1471 (Shelter vs Baseline): 1-0 {White wins by adjudication}
Score of Shelter vs Baseline: 574 - 619 - 273  [0.485] 1466
Started game 1479 of 10000 (Shelter vs Baseline)
Finished game 1468 (Baseline vs Shelter): 0-1 {Black wins by adjudication}
Score of Shelter vs Baseline: 575 - 619 - 273  [0.485] 1467
Started game 1480 of 10000 (Baseline vs Shelter)
Finished game 1458 (Baseline vs Shelter): 1/2-1/2 {Draw by fifty moves rule}
Score of Shelter vs Baseline: 575 - 619 - 274  [0.485] 1468
Started game 1481 of 10000 (Shelter vs Baseline)
Finished game 1466 (Baseline vs Shelter): 1-0 {White wins by adjudication}
Score of Shelter vs Baseline: 575 - 620 - 274  [0.485] 1469
Started game 1482 of 10000 (Baseline vs Shelter)
Finished game 1470 (Baseline vs Shelter): 1/2-1/2 {Draw by adjudication}
Score of Shelter vs Baseline: 575 - 620 - 275  [0.485] 1470
Started game 1483 of 10000 (Shelter vs Baseline)
Finished game 1469 (Shelter vs Baseline): 1-0 {White wins by adjudication}
Score of Shelter vs Baseline: 576 - 620 - 275  [0.485] 1471
Started game 1484 of 10000 (Baseline vs Shelter)
Finished game 1473 (Shelter vs Baseline): 1/2-1/2 {Draw by 3-fold repetition}
Score of Shelter vs Baseline: 576 - 620 - 276  [0.485] 1472
Started game 1485 of 10000 (Shelter vs Baseline)
Finished game 1472 (Baseline vs Shelter): 1-0 {White wins by adjudication}
Score of Shelter vs Baseline: 576 - 621 - 276  [0.485] 1473
Started game 1486 of 10000 (Baseline vs Shelter)
Finished game 1474 (Baseline vs Shelter): 1-0 {White wins by adjudication}
Score of Shelter vs Baseline: 576 - 622 - 276  [0.484] 1474
Started game 1487 of 10000 (Shelter vs Baseline)
Finished game 1475 (Shelter vs Baseline): 0-1 {Black wins by adjudication}
Score of Shelter vs Baseline: 576 - 623 - 276  [0.484] 1475
Started game 1488 of 10000 (Baseline vs Shelter)
Finished game 1476 (Baseline vs Shelter): 1-0 {White wins by adjudication}
Score of Shelter vs Baseline: 576 - 624 - 276  [0.484] 1476
Started game 1489 of 10000 (Shelter vs Baseline)
Finished game 1479 (Shelter vs Baseline): 1/2-1/2 {Draw by adjudication}
Score of Shelter vs Baseline: 576 - 624 - 277  [0.484] 1477
Started game 1490 of 10000 (Baseline vs Shelter)
Finished game 1477 (Shelter vs Baseline): 1-0 {White wins by adjudication}
Score of Shelter vs Baseline: 577 - 624 - 277  [0.484] 1478
Started game 1491 of 10000 (Shelter vs Baseline)
Finished game 1481 (Shelter vs Baseline): 1-0 {White wins by adjudication}
Score of Shelter vs Baseline: 578 - 624 - 277  [0.484] 1479
Started game 1492 of 10000 (Baseline vs Shelter)
Finished game 1478 (Baseline vs Shelter): 0-1 {Black wins by adjudication}
Score of Shelter vs Baseline: 579 - 624 - 277  [0.485] 1480
Started game 1493 of 10000 (Shelter vs Baseline)
Finished game 1480 (Baseline vs Shelter): 1-0 {White wins by adjudication}
Score of Shelter vs Baseline: 579 - 625 - 277  [0.484] 1481
Started game 1494 of 10000 (Baseline vs Shelter)
Finished game 1485 (Shelter vs Baseline): 1-0 {White wins by adjudication}
Score of Shelter vs Baseline: 580 - 625 - 277  [0.485] 1482
Started game 1495 of 10000 (Shelter vs Baseline)
Finished game 1483 (Shelter vs Baseline): 1/2-1/2 {Draw by insufficient mating material}
Score of Shelter vs Baseline: 580 - 625 - 278  [0.485] 1483
Started game 1496 of 10000 (Baseline vs Shelter)
Finished game 1484 (Baseline vs Shelter): 0-1 {Black wins by adjudication}
Score of Shelter vs Baseline: 581 - 625 - 278  [0.485] 1484
Started game 1497 of 10000 (Shelter vs Baseline)
Finished game 1482 (Baseline vs Shelter): 0-1 {Black wins by adjudication}
Score of Shelter vs Baseline: 582 - 625 - 278  [0.486] 1485
Started game 1498 of 10000 (Baseline vs Shelter)
Finished game 1488 (Baseline vs Shelter): 1-0 {White wins by adjudication}
Score of Shelter vs Baseline: 582 - 626 - 278  [0.485] 1486
Started game 1499 of 10000 (Shelter vs Baseline)
Finished game 1489 (Shelter vs Baseline): 0-1 {Black wins by adjudication}
Score of Shelter vs Baseline: 582 - 627 - 278  [0.485] 1487
Started game 1500 of 10000 (Baseline vs Shelter)
Finished game 1490 (Baseline vs Shelter): 1-0 {White wins by adjudication}
Score of Shelter vs Baseline: 582 - 628 - 278  [0.485] 1488
Started game 1501 of 10000 (Shelter vs Baseline)
Finished game 1492 (Baseline vs Shelter): 1-0 {White wins by adjudication}
Score of Shelter vs Baseline: 582 - 629 - 278  [0.484] 1489
Started game 1502 of 10000 (Baseline vs Shelter)
Finished game 1487 (Shelter vs Baseline): 1/2-1/2 {Draw by stalemate}
Score of Shelter vs Baseline: 582 - 629 - 279  [0.484] 1490
Started game 1503 of 10000 (Shelter vs Baseline)
Finished game 1486 (Baseline vs Shelter): 1-0 {White wins by adjudication}
Score of Shelter vs Baseline: 582 - 630 - 279  [0.484] 1491
Started game 1504 of 10000 (Baseline vs Shelter)
Finished game 1497 (Shelter vs Baseline): 0-1 {Black wins by adjudication}
Score of Shelter vs Baseline: 582 - 631 - 279  [0.484] 1492
Started game 1505 of 10000 (Shelter vs Baseline)
Finished game 1494 (Baseline vs Shelter): 1-0 {White wins by adjudication}
Score of Shelter vs Baseline: 582 - 632 - 279  [0.483] 1493
Started game 1506 of 10000 (Baseline vs Shelter)
Finished game 1491 (Shelter vs Baseline): 1-0 {White mates}
Score of Shelter vs Baseline: 583 - 632 - 279  [0.484] 1494
Started game 1507 of 10000 (Shelter vs Baseline)
Finished game 1499 (Shelter vs Baseline): 0-1 {Black wins by adjudication}
Score of Shelter vs Baseline: 583 - 633 - 279  [0.483] 1495
Started game 1508 of 10000 (Baseline vs Shelter)
Finished game 1495 (Shelter vs Baseline): 1/2-1/2 {Draw by fifty moves rule}
Score of Shelter vs Baseline: 583 - 633 - 280  [0.483] 1496
Started game 1509 of 10000 (Shelter vs Baseline)
Finished game 1501 (Shelter vs Baseline): 1-0 {White wins by adjudication}
Score of Shelter vs Baseline: 584 - 633 - 280  [0.484] 1497
Started game 1510 of 10000 (Baseline vs Shelter)
Finished game 1498 (Baseline vs Shelter): 1-0 {White wins by adjudication}
Score of Shelter vs Baseline: 584 - 634 - 280  [0.483] 1498
Started game 1511 of 10000 (Shelter vs Baseline)
Finished game 1500 (Baseline vs Shelter): 0-1 {Black wins by adjudication}
Score of Shelter vs Baseline: 585 - 634 - 280  [0.484] 1499
Started game 1512 of 10000 (Baseline vs Shelter)
Finished game 1505 (Shelter vs Baseline): 0-1 {Black wins by adjudication}
Score of Shelter vs Baseline: 585 - 635 - 280  [0.483] 1500
Started game 1513 of 10000 (Shelter vs Baseline)
Finished game 1493 (Shelter vs Baseline): 1/2-1/2 {Draw by fifty moves rule}
Score of Shelter vs Baseline: 585 - 635 - 281  [0.483] 1501
Started game 1514 of 10000 (Baseline vs Shelter)
Finished game 1504 (Baseline vs Shelter): 1/2-1/2 {Draw by adjudication}
Score of Shelter vs Baseline: 585 - 635 - 282  [0.483] 1502
Started game 1515 of 10000 (Shelter vs Baseline)
Finished game 1503 (Shelter vs Baseline): 1-0 {White wins by adjudication}
Score of Shelter vs Baseline: 586 - 635 - 282  [0.484] 1503
Started game 1516 of 10000 (Baseline vs Shelter)
Finished game 1507 (Shelter vs Baseline): 1-0 {White wins by adjudication}
Score of Shelter vs Baseline: 587 - 635 - 282  [0.484] 1504
Started game 1517 of 10000 (Shelter vs Baseline)
Finished game 1508 (Baseline vs Shelter): 1/2-1/2 {Draw by adjudication}
Score of Shelter vs Baseline: 587 - 635 - 283  [0.484] 1505
Started game 1518 of 10000 (Baseline vs Shelter)
Finished game 1502 (Baseline vs Shelter): 0-1 {Black wins by adjudication}
Score of Shelter vs Baseline: 588 - 635 - 283  [0.484] 1506
Started game 1519 of 10000 (Shelter vs Baseline)
Finished game 1496 (Baseline vs Shelter): 0-1 {Black wins by adjudication}
Score of Shelter vs Baseline: 589 - 635 - 283  [0.485] 1507
Started game 1520 of 10000 (Baseline vs Shelter)
Finished game 1510 (Baseline vs Shelter): 1-0 {White wins by adjudication}
Score of Shelter vs Baseline: 589 - 636 - 283  [0.484] 1508
Started game 1521 of 10000 (Shelter vs Baseline)
Finished game 1509 (Shelter vs Baseline): 0-1 {Black wins by adjudication}
Score of Shelter vs Baseline: 589 - 637 - 283  [0.484] 1509
Started game 1522 of 10000 (Baseline vs Shelter)
Finished game 1513 (Shelter vs Baseline): 1-0 {White wins by adjudication}
Score of Shelter vs Baseline: 590 - 637 - 283  [0.484] 1510
Started game 1523 of 10000 (Shelter vs Baseline)
Finished game 1514 (Baseline vs Shelter): 0-1 {Black wins by adjudication}
Score of Shelter vs Baseline: 591 - 637 - 283  [0.485] 1511
Started game 1524 of 10000 (Baseline vs Shelter)
Finished game 1511 (Shelter vs Baseline): 1-0 {White wins by adjudication}
Score of Shelter vs Baseline: 592 - 637 - 283  [0.485] 1512
Started game 1525 of 10000 (Shelter vs Baseline)
Finished game 1506 (Baseline vs Shelter): 0-1 {Black wins by adjudication}
Score of Shelter vs Baseline: 593 - 637 - 283  [0.485] 1513
Started game 1526 of 10000 (Baseline vs Shelter)
Finished game 1515 (Shelter vs Baseline): 1/2-1/2 {Draw by 3-fold repetition}
Score of Shelter vs Baseline: 593 - 637 - 284  [0.485] 1514
Started game 1527 of 10000 (Shelter vs Baseline)
Finished game 1520 (Baseline vs Shelter): 1-0 {White wins by adjudication}
Score of Shelter vs Baseline: 593 - 638 - 284  [0.485] 1515
Started game 1528 of 10000 (Baseline vs Shelter)
Finished game 1512 (Baseline vs Shelter): 0-1 {Black wins by adjudication}
Score of Shelter vs Baseline: 594 - 638 - 284  [0.485] 1516
Started game 1529 of 10000 (Shelter vs Baseline)
Finished game 1519 (Shelter vs Baseline): 1-0 {White wins by adjudication}
Score of Shelter vs Baseline: 595 - 638 - 284  [0.486] 1517
Started game 1530 of 10000 (Baseline vs Shelter)
Finished game 1516 (Baseline vs Shelter): 1-0 {White wins by adjudication}
Score of Shelter vs Baseline: 595 - 639 - 284  [0.486] 1518
Started game 1531 of 10000 (Shelter vs Baseline)
Finished game 1521 (Shelter vs Baseline): 1-0 {White wins by adjudication}
Score of Shelter vs Baseline: 596 - 639 - 284  [0.486] 1519
Started game 1532 of 10000 (Baseline vs Shelter)
Finished game 1522 (Baseline vs Shelter): 1/2-1/2 {Draw by 3-fold repetition}
Score of Shelter vs Baseline: 596 - 639 - 285  [0.486] 1520
Started game 1533 of 10000 (Shelter vs Baseline)
Finished game 1517 (Shelter vs Baseline): 1/2-1/2 {Draw by adjudication}
Score of Shelter vs Baseline: 596 - 639 - 286  [0.486] 1521
Started game 1534 of 10000 (Baseline vs Shelter)
Finished game 1524 (Baseline vs Shelter): 1-0 {White wins by adjudication}
Score of Shelter vs Baseline: 596 - 640 - 286  [0.486] 1522
Started game 1535 of 10000 (Shelter vs Baseline)
Finished game 1523 (Shelter vs Baseline): 0-1 {Black wins by adjudication}
Score of Shelter vs Baseline: 596 - 641 - 286  [0.485] 1523
Started game 1536 of 10000 (Baseline vs Shelter)
Finished game 1518 (Baseline vs Shelter): 0-1 {Black mates}
Score of Shelter vs Baseline: 597 - 641 - 286  [0.486] 1524
Started game 1537 of 10000 (Shelter vs Baseline)
Finished game 1525 (Shelter vs Baseline): 1-0 {White wins by adjudication}
Score of Shelter vs Baseline: 598 - 641 - 286  [0.486] 1525
Started game 1538 of 10000 (Baseline vs Shelter)
Finished game 1527 (Shelter vs Baseline): 0-1 {Black wins by adjudication}
Score of Shelter vs Baseline: 598 - 642 - 286  [0.486] 1526
Started game 1539 of 10000 (Shelter vs Baseline)
Finished game 1530 (Baseline vs Shelter): 0-1 {Black wins by adjudication}
Score of Shelter vs Baseline: 599 - 642 - 286  [0.486] 1527
Started game 1540 of 10000 (Baseline vs Shelter)
Finished game 1532 (Baseline vs Shelter): 1-0 {White wins by adjudication}
Score of Shelter vs Baseline: 599 - 643 - 286  [0.486] 1528
Started game 1541 of 10000 (Shelter vs Baseline)
Finished game 1529 (Shelter vs Baseline): 0-1 {Black wins by adjudication}
Score of Shelter vs Baseline: 599 - 644 - 286  [0.485] 1529
Started game 1542 of 10000 (Baseline vs Shelter)
Finished game 1531 (Shelter vs Baseline): 1/2-1/2 {Draw by insufficient mating material}
Score of Shelter vs Baseline: 599 - 644 - 287  [0.485] 1530
Started game 1543 of 10000 (Shelter vs Baseline)
Finished game 1533 (Shelter vs Baseline): 0-1 {Black wins by adjudication}
Score of Shelter vs Baseline: 599 - 645 - 287  [0.485] 1531
Started game 1544 of 10000 (Baseline vs Shelter)
Finished game 1535 (Shelter vs Baseline): 0-1 {Black wins by adjudication}
Score of Shelter vs Baseline: 599 - 646 - 287  [0.485] 1532
Started game 1545 of 10000 (Shelter vs Baseline)
Finished game 1526 (Baseline vs Shelter): 1-0 {White wins by adjudication}
Score of Shelter vs Baseline: 599 - 647 - 287  [0.484] 1533
Started game 1546 of 10000 (Baseline vs Shelter)
Finished game 1534 (Baseline vs Shelter): 0-1 {Black wins by adjudication}
Score of Shelter vs Baseline: 600 - 647 - 287  [0.485] 1534
Started game 1547 of 10000 (Shelter vs Baseline)
Finished game 1536 (Baseline vs Shelter): 0-1 {Black wins by adjudication}
Score of Shelter vs Baseline: 601 - 647 - 287  [0.485] 1535
Started game 1548 of 10000 (Baseline vs Shelter)
Finished game 1528 (Baseline vs Shelter): 0-1 {Black wins by adjudication}
Score of Shelter vs Baseline: 602 - 647 - 287  [0.485] 1536
Started game 1549 of 10000 (Shelter vs Baseline)
Finished game 1537 (Shelter vs Baseline): 1-0 {White wins by adjudication}
Score of Shelter vs Baseline: 603 - 647 - 287  [0.486] 1537
Started game 1550 of 10000 (Baseline vs Shelter)
Finished game 1542 (Baseline vs Shelter): 0-1 {Black wins by adjudication}
Score of Shelter vs Baseline: 604 - 647 - 287  [0.486] 1538
Started game 1551 of 10000 (Shelter vs Baseline)
Finished game 1541 (Shelter vs Baseline): 1-0 {White wins by adjudication}
Score of Shelter vs Baseline: 605 - 647 - 287  [0.486] 1539
Started game 1552 of 10000 (Baseline vs Shelter)
Finished game 1545 (Shelter vs Baseline): 0-1 {Black wins by adjudication}
Score of Shelter vs Baseline: 605 - 648 - 287  [0.486] 1540
Started game 1553 of 10000 (Shelter vs Baseline)
Finished game 1539 (Shelter vs Baseline): 0-1 {Black wins by adjudication}
Score of Shelter vs Baseline: 605 - 649 - 287  [0.486] 1541
Started game 1554 of 10000 (Baseline vs Shelter)
Finished game 1538 (Baseline vs Shelter): 0-1 {Black wins by adjudication}
Score of Shelter vs Baseline: 606 - 649 - 287  [0.486] 1542
Started game 1555 of 10000 (Shelter vs Baseline)
Finished game 1544 (Baseline vs Shelter): 0-1 {Black wins by adjudication}
Score of Shelter vs Baseline: 607 - 649 - 287  [0.486] 1543
Started game 1556 of 10000 (Baseline vs Shelter)
Finished game 1547 (Shelter vs Baseline): 1-0 {White wins by adjudication}
Score of Shelter vs Baseline: 608 - 649 - 287  [0.487] 1544
Started game 1557 of 10000 (Shelter vs Baseline)
Finished game 1540 (Baseline vs Shelter): 1/2-1/2 {Draw by fifty moves rule}
Score of Shelter vs Baseline: 608 - 649 - 288  [0.487] 1545
Started game 1558 of 10000 (Baseline vs Shelter)
Finished game 1543 (Shelter vs Baseline): 1-0 {White wins by adjudication}
Score of Shelter vs Baseline: 609 - 649 - 288  [0.487] 1546
Started game 1559 of 10000 (Shelter vs Baseline)
Finished game 1548 (Baseline vs Shelter): 1-0 {White wins by adjudication}
Score of Shelter vs Baseline: 609 - 650 - 288  [0.487] 1547
Started game 1560 of 10000 (Baseline vs Shelter)
Finished game 1550 (Baseline vs Shelter): 1-0 {White wins by adjudication}
Score of Shelter vs Baseline: 609 - 651 - 288  [0.486] 1548
Started game 1561 of 10000 (Shelter vs Baseline)
Finished game 1552 (Baseline vs Shelter): 1-0 {White wins by adjudication}
Score of Shelter vs Baseline: 609 - 652 - 288  [0.486] 1549
Started game 1562 of 10000 (Baseline vs Shelter)
Finished game 1546 (Baseline vs Shelter): 0-1 {Black wins by adjudication}
Score of Shelter vs Baseline: 610 - 652 - 288  [0.486] 1550
Started game 1563 of 10000 (Shelter vs Baseline)
Finished game 1556 (Baseline vs Shelter): 0-1 {Black wins by adjudication}
Score of Shelter vs Baseline: 611 - 652 - 288  [0.487] 1551
Started game 1564 of 10000 (Baseline vs Shelter)
Finished game 1551 (Shelter vs Baseline): 1-0 {White wins by adjudication}
Score of Shelter vs Baseline: 612 - 652 - 288  [0.487] 1552
Started game 1565 of 10000 (Shelter vs Baseline)
Finished game 1555 (Shelter vs Baseline): 0-1 {Black wins by adjudication}
Score of Shelter vs Baseline: 612 - 653 - 288  [0.487] 1553
Started game 1566 of 10000 (Baseline vs Shelter)
Finished game 1553 (Shelter vs Baseline): 1/2-1/2 {Draw by insufficient mating material}
Score of Shelter vs Baseline: 612 - 653 - 289  [0.487] 1554
Started game 1567 of 10000 (Shelter vs Baseline)
Finished game 1558 (Baseline vs Shelter): 0-1 {Black wins by adjudication}
Score of Shelter vs Baseline: 613 - 653 - 289  [0.487] 1555
Started game 1568 of 10000 (Baseline vs Shelter)
Finished game 1557 (Shelter vs Baseline): 1-0 {White mates}
Score of Shelter vs Baseline: 614 - 653 - 289  [0.487] 1556
Started game 1569 of 10000 (Shelter vs Baseline)
Finished game 1554 (Baseline vs Shelter): 1-0 {White mates}
Score of Shelter vs Baseline: 614 - 654 - 289  [0.487] 1557
Started game 1570 of 10000 (Baseline vs Shelter)
Finished game 1559 (Shelter vs Baseline): 1-0 {White wins by adjudication}
Score of Shelter vs Baseline: 615 - 654 - 289  [0.487] 1558
Started game 1571 of 10000 (Shelter vs Baseline)
Finished game 1549 (Shelter vs Baseline): 1/2-1/2 {Draw by insufficient mating material}
Score of Shelter vs Baseline: 615 - 654 - 290  [0.487] 1559
Started game 1572 of 10000 (Baseline vs Shelter)
Finished game 1561 (Shelter vs Baseline): 0-1 {Black wins by adjudication}
Score of Shelter vs Baseline: 615 - 655 - 290  [0.487] 1560
Started game 1573 of 10000 (Shelter vs Baseline)
Finished game 1563 (Shelter vs Baseline): 0-1 {Black mates}
Score of Shelter vs Baseline: 615 - 656 - 290  [0.487] 1561
Started game 1574 of 10000 (Baseline vs Shelter)
Finished game 1562 (Baseline vs Shelter): 1/2-1/2 {Draw by insufficient mating material}
Score of Shelter vs Baseline: 615 - 656 - 291  [0.487] 1562
Started game 1575 of 10000 (Shelter vs Baseline)
Finished game 1560 (Baseline vs Shelter): 1-0 {White wins by adjudication}
Score of Shelter vs Baseline: 615 - 657 - 291  [0.487] 1563
Started game 1576 of 10000 (Baseline vs Shelter)
Finished game 1566 (Baseline vs Shelter): 1/2-1/2 {Draw by adjudication}
Score of Shelter vs Baseline: 615 - 657 - 292  [0.487] 1564
Started game 1577 of 10000 (Shelter vs Baseline)
Finished game 1567 (Shelter vs Baseline): 1-0 {White wins by adjudication}
Score of Shelter vs Baseline: 616 - 657 - 292  [0.487] 1565
Started game 1578 of 10000 (Baseline vs Shelter)
Finished game 1565 (Shelter vs Baseline): 0-1 {Black wins by adjudication}
Score of Shelter vs Baseline: 616 - 658 - 292  [0.487] 1566
Started game 1579 of 10000 (Shelter vs Baseline)
Finished game 1568 (Baseline vs Shelter): 0-1 {Black wins by adjudication}
Score of Shelter vs Baseline: 617 - 658 - 292  [0.487] 1567
Started game 1580 of 10000 (Baseline vs Shelter)
Finished game 1569 (Shelter vs Baseline): 1/2-1/2 {Draw by 3-fold repetition}
Score of Shelter vs Baseline: 617 - 658 - 293  [0.487] 1568
Started game 1581 of 10000 (Shelter vs Baseline)
Finished game 1571 (Shelter vs Baseline): 0-1 {Black wins by adjudication}
Score of Shelter vs Baseline: 617 - 659 - 293  [0.487] 1569
Started game 1582 of 10000 (Baseline vs Shelter)
Finished game 1572 (Baseline vs Shelter): 1-0 {White wins by adjudication}
Score of Shelter vs Baseline: 617 - 660 - 293  [0.486] 1570
Started game 1583 of 10000 (Shelter vs Baseline)
Finished game 1564 (Baseline vs Shelter): 1-0 {White wins by adjudication}
Score of Shelter vs Baseline: 617 - 661 - 293  [0.486] 1571
Started game 1584 of 10000 (Baseline vs Shelter)
Finished game 1574 (Baseline vs Shelter): 0-1 {Black wins by adjudication}
Score of Shelter vs Baseline: 618 - 661 - 293  [0.486] 1572
Started game 1585 of 10000 (Shelter vs Baseline)
Finished game 1573 (Shelter vs Baseline): 1/2-1/2 {Draw by adjudication}
Score of Shelter vs Baseline: 618 - 661 - 294  [0.486] 1573
Started game 1586 of 10000 (Baseline vs Shelter)
Finished game 1570 (Baseline vs Shelter): 0-1 {Black wins by adjudication}
Score of Shelter vs Baseline: 619 - 661 - 294  [0.487] 1574
Started game 1587 of 10000 (Shelter vs Baseline)
Finished game 1582 (Baseline vs Shelter): 1/2-1/2 {Draw by 3-fold repetition}
Score of Shelter vs Baseline: 619 - 661 - 295  [0.487] 1575
Started game 1588 of 10000 (Baseline vs Shelter)
Finished game 1575 (Shelter vs Baseline): 1/2-1/2 {Draw by 3-fold repetition}
Score of Shelter vs Baseline: 619 - 661 - 296  [0.487] 1576
Started game 1589 of 10000 (Shelter vs Baseline)
Finished game 1578 (Baseline vs Shelter): 1-0 {White wins by adjudication}
Score of Shelter vs Baseline: 619 - 662 - 296  [0.486] 1577
Started game 1590 of 10000 (Baseline vs Shelter)
Finished game 1579 (Shelter vs Baseline): 1-0 {White wins by adjudication}
Score of Shelter vs Baseline: 620 - 662 - 296  [0.487] 1578
Started game 1591 of 10000 (Shelter vs Baseline)
Finished game 1576 (Baseline vs Shelter): 0-1 {Black wins by adjudication}
Score of Shelter vs Baseline: 621 - 662 - 296  [0.487] 1579
Started game 1592 of 10000 (Baseline vs Shelter)
Finished game 1577 (Shelter vs Baseline): 0-1 {Black wins by adjudication}
Score of Shelter vs Baseline: 621 - 663 - 296  [0.487] 1580
Started game 1593 of 10000 (Shelter vs Baseline)
Finished game 1580 (Baseline vs Shelter): 1-0 {White wins by adjudication}
Score of Shelter vs Baseline: 621 - 664 - 296  [0.486] 1581
Started game 1594 of 10000 (Baseline vs Shelter)
Finished game 1584 (Baseline vs Shelter): 0-1 {Black wins by adjudication}
Score of Shelter vs Baseline: 622 - 664 - 296  [0.487] 1582
Started game 1595 of 10000 (Shelter vs Baseline)
Finished game 1586 (Baseline vs Shelter): 1/2-1/2 {Draw by adjudication}
Score of Shelter vs Baseline: 622 - 664 - 297  [0.487] 1583
Started game 1596 of 10000 (Baseline vs Shelter)
Finished game 1581 (Shelter vs Baseline): 1/2-1/2 {Draw by 3-fold repetition}
Score of Shelter vs Baseline: 622 - 664 - 298  [0.487] 1584
Started game 1597 of 10000 (Shelter vs Baseline)
Finished game 1590 (Baseline vs Shelter): 1-0 {White wins by adjudication}
Score of Shelter vs Baseline: 622 - 665 - 298  [0.486] 1585
Started game 1598 of 10000 (Baseline vs Shelter)
Finished game 1585 (Shelter vs Baseline): 0-1 {Black wins by adjudication}
Score of Shelter vs Baseline: 622 - 666 - 298  [0.486] 1586
Started game 1599 of 10000 (Shelter vs Baseline)
Finished game 1589 (Shelter vs Baseline): 1-0 {White wins by adjudication}
Score of Shelter vs Baseline: 623 - 666 - 298  [0.486] 1587
Started game 1600 of 10000 (Baseline vs Shelter)
Finished game 1587 (Shelter vs Baseline): 1-0 {White wins by adjudication}
Score of Shelter vs Baseline: 624 - 666 - 298  [0.487] 1588
Started game 1601 of 10000 (Shelter vs Baseline)
Finished game 1583 (Shelter vs Baseline): 1-0 {White wins by adjudication}
Score of Shelter vs Baseline: 625 - 666 - 298  [0.487] 1589
Started game 1602 of 10000 (Baseline vs Shelter)
Finished game 1588 (Baseline vs Shelter): 0-1 {Black mates}
Score of Shelter vs Baseline: 626 - 666 - 298  [0.487] 1590
Started game 1603 of 10000 (Shelter vs Baseline)
Finished game 1592 (Baseline vs Shelter): 0-1 {Black wins by adjudication}
Score of Shelter vs Baseline: 627 - 666 - 298  [0.488] 1591
Started game 1604 of 10000 (Baseline vs Shelter)
Finished game 1591 (Shelter vs Baseline): 1-0 {White wins by adjudication}
Score of Shelter vs Baseline: 628 - 666 - 298  [0.488] 1592
Started game 1605 of 10000 (Shelter vs Baseline)
Finished game 1596 (Baseline vs Shelter): 0-1 {Black wins by adjudication}
Score of Shelter vs Baseline: 629 - 666 - 298  [0.488] 1593
Started game 1606 of 10000 (Baseline vs Shelter)
Finished game 1593 (Shelter vs Baseline): 0-1 {Black wins by adjudication}
Score of Shelter vs Baseline: 629 - 667 - 298  [0.488] 1594
Started game 1607 of 10000 (Shelter vs Baseline)
Finished game 1594 (Baseline vs Shelter): 1-0 {White wins by adjudication}
Score of Shelter vs Baseline: 629 - 668 - 298  [0.488] 1595
Started game 1608 of 10000 (Baseline vs Shelter)
Finished game 1597 (Shelter vs Baseline): 0-1 {Black wins by adjudication}
Score of Shelter vs Baseline: 629 - 669 - 298  [0.487] 1596
Started game 1609 of 10000 (Shelter vs Baseline)
Finished game 1600 (Baseline vs Shelter): 0-1 {Black wins by adjudication}
Score of Shelter vs Baseline: 630 - 669 - 298  [0.488] 1597
Started game 1610 of 10000 (Baseline vs Shelter)
Finished game 1598 (Baseline vs Shelter): 0-1 {Black wins by adjudication}
Score of Shelter vs Baseline: 631 - 669 - 298  [0.488] 1598
Started game 1611 of 10000 (Shelter vs Baseline)
Finished game 1604 (Baseline vs Shelter): 1/2-1/2 {Draw by insufficient mating material}
Score of Shelter vs Baseline: 631 - 669 - 299  [0.488] 1599
Started game 1612 of 10000 (Baseline vs Shelter)
Finished game 1603 (Shelter vs Baseline): 1-0 {White wins by adjudication}
Score of Shelter vs Baseline: 632 - 669 - 299  [0.488] 1600
Started game 1613 of 10000 (Shelter vs Baseline)
Finished game 1599 (Shelter vs Baseline): 1-0 {White mates}
Score of Shelter vs Baseline: 633 - 669 - 299  [0.489] 1601
Started game 1614 of 10000 (Baseline vs Shelter)
Finished game 1602 (Baseline vs Shelter): 0-1 {Black wins by adjudication}
Score of Shelter vs Baseline: 634 - 669 - 299  [0.489] 1602
Started game 1615 of 10000 (Shelter vs Baseline)
Finished game 1606 (Baseline vs Shelter): 1-0 {White wins by adjudication}
Score of Shelter vs Baseline: 634 - 670 - 299  [0.489] 1603
Started game 1616 of 10000 (Baseline vs Shelter)
Finished game 1607 (Shelter vs Baseline): 1-0 {White wins by adjudication}
Score of Shelter vs Baseline: 635 - 670 - 299  [0.489] 1604
Started game 1617 of 10000 (Shelter vs Baseline)
Finished game 1595 (Shelter vs Baseline): 1-0 {White wins by adjudication}
Score of Shelter vs Baseline: 636 - 670 - 299  [0.489] 1605
Started game 1618 of 10000 (Baseline vs Shelter)
Finished game 1609 (Shelter vs Baseline): 0-1 {Black wins by adjudication}
Score of Shelter vs Baseline: 636 - 671 - 299  [0.489] 1606
Started game 1619 of 10000 (Shelter vs Baseline)
Finished game 1605 (Shelter vs Baseline): 0-1 {Black wins by adjudication}
Score of Shelter vs Baseline: 636 - 672 - 299  [0.489] 1607
Started game 1620 of 10000 (Baseline vs Shelter)
Finished game 1601 (Shelter vs Baseline): 1/2-1/2 {Draw by adjudication}
Score of Shelter vs Baseline: 636 - 672 - 300  [0.489] 1608
Started game 1621 of 10000 (Shelter vs Baseline)
Finished game 1611 (Shelter vs Baseline): 0-1 {Black wins by adjudication}
Score of Shelter vs Baseline: 636 - 673 - 300  [0.489] 1609
Started game 1622 of 10000 (Baseline vs Shelter)
Finished game 1613 (Shelter vs Baseline): 0-1 {Black wins by adjudication}
Score of Shelter vs Baseline: 636 - 674 - 300  [0.488] 1610
Started game 1623 of 10000 (Shelter vs Baseline)
Finished game 1614 (Baseline vs Shelter): 1-0 {White wins by adjudication}
Score of Shelter vs Baseline: 636 - 675 - 300  [0.488] 1611
Started game 1624 of 10000 (Baseline vs Shelter)
Finished game 1612 (Baseline vs Shelter): 1/2-1/2 {Draw by adjudication}
Score of Shelter vs Baseline: 636 - 675 - 301  [0.488] 1612
Started game 1625 of 10000 (Shelter vs Baseline)
Finished game 1610 (Baseline vs Shelter): 1-0 {White wins by adjudication}
Score of Shelter vs Baseline: 636 - 676 - 301  [0.488] 1613
Started game 1626 of 10000 (Baseline vs Shelter)
Finished game 1616 (Baseline vs Shelter): 1/2-1/2 {Draw by 3-fold repetition}
Score of Shelter vs Baseline: 636 - 676 - 302  [0.488] 1614
Started game 1627 of 10000 (Shelter vs Baseline)
Finished game 1608 (Baseline vs Shelter): 0-1 {Black wins by adjudication}
Score of Shelter vs Baseline: 637 - 676 - 302  [0.488] 1615
Started game 1628 of 10000 (Baseline vs Shelter)
Finished game 1618 (Baseline vs Shelter): 1/2-1/2 {Draw by 3-fold repetition}
Score of Shelter vs Baseline: 637 - 676 - 303  [0.488] 1616
Started game 1629 of 10000 (Shelter vs Baseline)
Finished game 1619 (Shelter vs Baseline): 1-0 {White mates}
Score of Shelter vs Baseline: 638 - 676 - 303  [0.488] 1617
Started game 1630 of 10000 (Baseline vs Shelter)
Finished game 1617 (Shelter vs Baseline): 0-1 {Black wins by adjudication}
Score of Shelter vs Baseline: 638 - 677 - 303  [0.488] 1618
Started game 1631 of 10000 (Shelter vs Baseline)
Finished game 1615 (Shelter vs Baseline): 1/2-1/2 {Draw by stalemate}
Score of Shelter vs Baseline: 638 - 677 - 304  [0.488] 1619
Started game 1632 of 10000 (Baseline vs Shelter)
Finished game 1620 (Baseline vs Shelter): 1-0 {White wins by adjudication}
Score of Shelter vs Baseline: 638 - 678 - 304  [0.488] 1620
Started game 1633 of 10000 (Shelter vs Baseline)
Finished game 1622 (Baseline vs Shelter): 0-1 {Black wins by adjudication}
Score of Shelter vs Baseline: 639 - 678 - 304  [0.488] 1621
Started game 1634 of 10000 (Baseline vs Shelter)
Finished game 1625 (Shelter vs Baseline): 0-1 {Black wins by adjudication}
Score of Shelter vs Baseline: 639 - 679 - 304  [0.488] 1622
Started game 1635 of 10000 (Shelter vs Baseline)
Finished game 1621 (Shelter vs Baseline): 1/2-1/2 {Draw by adjudication}
Score of Shelter vs Baseline: 639 - 679 - 305  [0.488] 1623
Started game 1636 of 10000 (Baseline vs Shelter)
Finished game 1623 (Shelter vs Baseline): 1/2-1/2 {Draw by 3-fold repetition}
Score of Shelter vs Baseline: 639 - 679 - 306  [0.488] 1624
Started game 1637 of 10000 (Shelter vs Baseline)
Finished game 1632 (Baseline vs Shelter): 0-1 {Black wins by adjudication}
Score of Shelter vs Baseline: 640 - 679 - 306  [0.488] 1625
Started game 1638 of 10000 (Baseline vs Shelter)
Finished game 1629 (Shelter vs Baseline): 0-1 {Black wins by adjudication}
Score of Shelter vs Baseline: 640 - 680 - 306  [0.488] 1626
Started game 1639 of 10000 (Shelter vs Baseline)
Finished game 1626 (Baseline vs Shelter): 1-0 {White wins by adjudication}
Score of Shelter vs Baseline: 640 - 681 - 306  [0.487] 1627
Started game 1640 of 10000 (Baseline vs Shelter)
Finished game 1624 (Baseline vs Shelter): 1/2-1/2 {Draw by fifty moves rule}
Score of Shelter vs Baseline: 640 - 681 - 307  [0.487] 1628
Started game 1641 of 10000 (Shelter vs Baseline)
Finished game 1633 (Shelter vs Baseline): 0-1 {Black wins by adjudication}
Score of Shelter vs Baseline: 640 - 682 - 307  [0.487] 1629
Started game 1642 of 10000 (Baseline vs Shelter)
Finished game 1628 (Baseline vs Shelter): 0-1 {Black wins by adjudication}
Score of Shelter vs Baseline: 641 - 682 - 307  [0.487] 1630
Started game 1643 of 10000 (Shelter vs Baseline)
Finished game 1627 (Shelter vs Baseline): 0-1 {Black wins by adjudication}
Score of Shelter vs Baseline: 641 - 683 - 307  [0.487] 1631
Started game 1644 of 10000 (Baseline vs Shelter)
Finished game 1630 (Baseline vs Shelter): 1/2-1/2 {Draw by insufficient mating material}
Score of Shelter vs Baseline: 641 - 683 - 308  [0.487] 1632
Started game 1645 of 10000 (Shelter vs Baseline)
Finished game 1631 (Shelter vs Baseline): 0-1 {Black wins by adjudication}
Score of Shelter vs Baseline: 641 - 684 - 308  [0.487] 1633
Started game 1646 of 10000 (Baseline vs Shelter)
Finished game 1634 (Baseline vs Shelter): 1-0 {White wins by adjudication}
Score of Shelter vs Baseline: 641 - 685 - 308  [0.487] 1634
Started game 1647 of 10000 (Shelter vs Baseline)
Finished game 1636 (Baseline vs Shelter): 1-0 {White wins by adjudication}
Score of Shelter vs Baseline: 641 - 686 - 308  [0.486] 1635
Started game 1648 of 10000 (Baseline vs Shelter)
Finished game 1637 (Shelter vs Baseline): 0-1 {Black wins by adjudication}
Score of Shelter vs Baseline: 641 - 687 - 308  [0.486] 1636
Started game 1649 of 10000 (Shelter vs Baseline)
Finished game 1635 (Shelter vs Baseline): 1-0 {White wins by adjudication}
Score of Shelter vs Baseline: 642 - 687 - 308  [0.486] 1637
Started game 1650 of 10000 (Baseline vs Shelter)
Finished game 1640 (Baseline vs Shelter): 1-0 {White wins by adjudication}
Score of Shelter vs Baseline: 642 - 688 - 308  [0.486] 1638
Started game 1651 of 10000 (Shelter vs Baseline)
Finished game 1643 (Shelter vs Baseline): 1-0 {White wins by adjudication}
Score of Shelter vs Baseline: 643 - 688 - 308  [0.486] 1639
Started game 1652 of 10000 (Baseline vs Shelter)
Finished game 1639 (Shelter vs Baseline): 0-1 {Black wins by adjudication}
Score of Shelter vs Baseline: 643 - 689 - 308  [0.486] 1640
Started game 1653 of 10000 (Shelter vs Baseline)
Finished game 1641 (Shelter vs Baseline): 1-0 {White wins by adjudication}
Score of Shelter vs Baseline: 644 - 689 - 308  [0.486] 1641
Started game 1654 of 10000 (Baseline vs Shelter)
Finished game 1642 (Baseline vs Shelter): 1/2-1/2 {Draw by 3-fold repetition}
Score of Shelter vs Baseline: 644 - 689 - 309  [0.486] 1642
Started game 1655 of 10000 (Shelter vs Baseline)
Finished game 1638 (Baseline vs Shelter): 1-0 {White wins by adjudication}
Score of Shelter vs Baseline: 644 - 690 - 309  [0.486] 1643
Started game 1656 of 10000 (Baseline vs Shelter)
Finished game 1646 (Baseline vs Shelter): 0-1 {Black wins by adjudication}
Score of Shelter vs Baseline: 645 - 690 - 309  [0.486] 1644
Started game 1657 of 10000 (Shelter vs Baseline)
Finished game 1645 (Shelter vs Baseline): 1/2-1/2 {Draw by 3-fold repetition}
Score of Shelter vs Baseline: 645 - 690 - 310  [0.486] 1645
Started game 1658 of 10000 (Baseline vs Shelter)
Finished game 1648 (Baseline vs Shelter): 1-0 {White wins by adjudication}
Score of Shelter vs Baseline: 645 - 691 - 310  [0.486] 1646
Started game 1659 of 10000 (Shelter vs Baseline)
Finished game 1649 (Shelter vs Baseline): 0-1 {Black wins by adjudication}
Score of Shelter vs Baseline: 645 - 692 - 310  [0.486] 1647
Started game 1660 of 10000 (Baseline vs Shelter)
Finished game 1647 (Shelter vs Baseline): 1-0 {White wins by adjudication}
Score of Shelter vs Baseline: 646 - 692 - 310  [0.486] 1648
Started game 1661 of 10000 (Shelter vs Baseline)
Finished game 1653 (Shelter vs Baseline): 1-0 {White wins by adjudication}
Score of Shelter vs Baseline: 647 - 692 - 310  [0.486] 1649
Started game 1662 of 10000 (Baseline vs Shelter)
Finished game 1652 (Baseline vs Shelter): 1-0 {White wins by adjudication}
Score of Shelter vs Baseline: 647 - 693 - 310  [0.486] 1650
Started game 1663 of 10000 (Shelter vs Baseline)
Finished game 1655 (Shelter vs Baseline): 0-1 {Black wins by adjudication}
Score of Shelter vs Baseline: 647 - 694 - 310  [0.486] 1651
Started game 1664 of 10000 (Baseline vs Shelter)
Finished game 1654 (Baseline vs Shelter): 1-0 {White wins by adjudication}
Score of Shelter vs Baseline: 647 - 695 - 310  [0.485] 1652
Started game 1665 of 10000 (Shelter vs Baseline)
Finished game 1651 (Shelter vs Baseline): 1-0 {White wins by adjudication}
Score of Shelter vs Baseline: 648 - 695 - 310  [0.486] 1653
Started game 1666 of 10000 (Baseline vs Shelter)
Finished game 1657 (Shelter vs Baseline): 0-1 {Black wins by adjudication}
Score of Shelter vs Baseline: 648 - 696 - 310  [0.485] 1654
Started game 1667 of 10000 (Shelter vs Baseline)
Finished game 1650 (Baseline vs Shelter): 1/2-1/2 {Draw by adjudication}
Score of Shelter vs Baseline: 648 - 696 - 311  [0.485] 1655
Started game 1668 of 10000 (Baseline vs Shelter)
Finished game 1659 (Shelter vs Baseline): 0-1 {Black wins by adjudication}
Score of Shelter vs Baseline: 648 - 697 - 311  [0.485] 1656
Started game 1669 of 10000 (Shelter vs Baseline)
Finished game 1658 (Baseline vs Shelter): 0-1 {Black wins by adjudication}
Score of Shelter vs Baseline: 649 - 697 - 311  [0.486] 1657
Started game 1670 of 10000 (Baseline vs Shelter)
Finished game 1656 (Baseline vs Shelter): 1-0 {White wins by adjudication}
Score of Shelter vs Baseline: 649 - 698 - 311  [0.485] 1658
Started game 1671 of 10000 (Shelter vs Baseline)
Finished game 1660 (Baseline vs Shelter): 1-0 {White wins by adjudication}
Score of Shelter vs Baseline: 649 - 699 - 311  [0.485] 1659
Started game 1672 of 10000 (Baseline vs Shelter)
Finished game 1644 (Baseline vs Shelter): 1-0 {White wins by adjudication}
Score of Shelter vs Baseline: 649 - 700 - 311  [0.485] 1660
Started game 1673 of 10000 (Shelter vs Baseline)
Finished game 1661 (Shelter vs Baseline): 0-1 {Black wins by adjudication}
Score of Shelter vs Baseline: 649 - 701 - 311  [0.484] 1661
Started game 1674 of 10000 (Baseline vs Shelter)
Finished game 1669 (Shelter vs Baseline): 0-1 {Black wins by adjudication}
Score of Shelter vs Baseline: 649 - 702 - 311  [0.484] 1662
Started game 1675 of 10000 (Shelter vs Baseline)
Finished game 1662 (Baseline vs Shelter): 1/2-1/2 {Draw by insufficient mating material}
Score of Shelter vs Baseline: 649 - 702 - 312  [0.484] 1663
Started game 1676 of 10000 (Baseline vs Shelter)
Finished game 1663 (Shelter vs Baseline): 1-0 {White wins by adjudication}
Score of Shelter vs Baseline: 650 - 702 - 312  [0.484] 1664
Started game 1677 of 10000 (Shelter vs Baseline)
Finished game 1670 (Baseline vs Shelter): 1-0 {White wins by adjudication}
Score of Shelter vs Baseline: 650 - 703 - 312  [0.484] 1665
Started game 1678 of 10000 (Baseline vs Shelter)
Finished game 1671 (Shelter vs Baseline): 1-0 {White wins by adjudication}
Score of Shelter vs Baseline: 651 - 703 - 312  [0.484] 1666
Started game 1679 of 10000 (Shelter vs Baseline)
Finished game 1672 (Baseline vs Shelter): 1-0 {White wins by adjudication}
Score of Shelter vs Baseline: 651 - 704 - 312  [0.484] 1667
Started game 1680 of 10000 (Baseline vs Shelter)
Finished game 1665 (Shelter vs Baseline): 0-1 {Black wins by adjudication}
Score of Shelter vs Baseline: 651 - 705 - 312  [0.484] 1668
Started game 1681 of 10000 (Shelter vs Baseline)
Finished game 1664 (Baseline vs Shelter): 1/2-1/2 {Draw by insufficient mating material}
Score of Shelter vs Baseline: 651 - 705 - 313  [0.484] 1669
Started game 1682 of 10000 (Baseline vs Shelter)
Finished game 1666 (Baseline vs Shelter): 0-1 {Black wins by adjudication}
Score of Shelter vs Baseline: 652 - 705 - 313  [0.484] 1670
Started game 1683 of 10000 (Shelter vs Baseline)
Finished game 1668 (Baseline vs Shelter): 1/2-1/2 {Draw by adjudication}
Score of Shelter vs Baseline: 652 - 705 - 314  [0.484] 1671
Started game 1684 of 10000 (Baseline vs Shelter)
Finished game 1673 (Shelter vs Baseline): 1/2-1/2 {Draw by adjudication}
Score of Shelter vs Baseline: 652 - 705 - 315  [0.484] 1672
Started game 1685 of 10000 (Shelter vs Baseline)
Finished game 1667 (Shelter vs Baseline): 1/2-1/2 {Draw by 3-fold repetition}
Score of Shelter vs Baseline: 652 - 705 - 316  [0.484] 1673
Started game 1686 of 10000 (Baseline vs Shelter)
Finished game 1677 (Shelter vs Baseline): 0-1 {Black wins by adjudication}
Score of Shelter vs Baseline: 652 - 706 - 316  [0.484] 1674
Started game 1687 of 10000 (Shelter vs Baseline)
Finished game 1675 (Shelter vs Baseline): 0-1 {Black wins by adjudication}
Score of Shelter vs Baseline: 652 - 707 - 316  [0.484] 1675
Started game 1688 of 10000 (Baseline vs Shelter)
Finished game 1676 (Baseline vs Shelter): 1-0 {White wins by adjudication}
Score of Shelter vs Baseline: 652 - 708 - 316  [0.483] 1676
Started game 1689 of 10000 (Shelter vs Baseline)
Finished game 1679 (Shelter vs Baseline): 1-0 {White wins by adjudication}
Score of Shelter vs Baseline: 653 - 708 - 316  [0.484] 1677
Started game 1690 of 10000 (Baseline vs Shelter)
Finished game 1678 (Baseline vs Shelter): 1-0 {White wins by adjudication}
Score of Shelter vs Baseline: 653 - 709 - 316  [0.483] 1678
Started game 1691 of 10000 (Shelter vs Baseline)
Finished game 1674 (Baseline vs Shelter): 1/2-1/2 {Draw by insufficient mating material}
Score of Shelter vs Baseline: 653 - 709 - 317  [0.483] 1679
Started game 1692 of 10000 (Baseline vs Shelter)
Finished game 1681 (Shelter vs Baseline): 0-1 {Black wins by adjudication}
Score of Shelter vs Baseline: 653 - 710 - 317  [0.483] 1680
Started game 1693 of 10000 (Shelter vs Baseline)
Finished game 1685 (Shelter vs Baseline): 1-0 {White wins by adjudication}
Score of Shelter vs Baseline: 654 - 710 - 317  [0.483] 1681
Started game 1694 of 10000 (Baseline vs Shelter)
Finished game 1680 (Baseline vs Shelter): 0-1 {Black wins by adjudication}
Score of Shelter vs Baseline: 655 - 710 - 317  [0.484] 1682
Started game 1695 of 10000 (Shelter vs Baseline)
Finished game 1682 (Baseline vs Shelter): 1-0 {White mates}
Score of Shelter vs Baseline: 655 - 711 - 317  [0.483] 1683
Started game 1696 of 10000 (Baseline vs Shelter)
Finished game 1683 (Shelter vs Baseline): 0-1 {Black wins by adjudication}
Score of Shelter vs Baseline: 655 - 712 - 317  [0.483] 1684
Started game 1697 of 10000 (Shelter vs Baseline)
Finished game 1684 (Baseline vs Shelter): 1-0 {White wins by adjudication}
Score of Shelter vs Baseline: 655 - 713 - 317  [0.483] 1685
Started game 1698 of 10000 (Baseline vs Shelter)
Finished game 1687 (Shelter vs Baseline): 1-0 {White wins by adjudication}
Score of Shelter vs Baseline: 656 - 713 - 317  [0.483] 1686
Started game 1699 of 10000 (Shelter vs Baseline)
Finished game 1690 (Baseline vs Shelter): 0-1 {Black wins by adjudication}
Score of Shelter vs Baseline: 657 - 713 - 317  [0.483] 1687
Started game 1700 of 10000 (Baseline vs Shelter)
Finished game 1692 (Baseline vs Shelter): 1-0 {White wins by adjudication}
Score of Shelter vs Baseline: 657 - 714 - 317  [0.483] 1688
Started game 1701 of 10000 (Shelter vs Baseline)
Finished game 1688 (Baseline vs Shelter): 1-0 {White wins by adjudication}
Score of Shelter vs Baseline: 657 - 715 - 317  [0.483] 1689
Started game 1702 of 10000 (Baseline vs Shelter)
Finished game 1686 (Baseline vs Shelter): 1-0 {White wins by adjudication}
Score of Shelter vs Baseline: 657 - 716 - 317  [0.483] 1690
Started game 1703 of 10000 (Shelter vs Baseline)
Finished game 1694 (Baseline vs Shelter): 1-0 {White wins by adjudication}
Score of Shelter vs Baseline: 657 - 717 - 317  [0.482] 1691
Started game 1704 of 10000 (Baseline vs Shelter)
Finished game 1689 (Shelter vs Baseline): 0-1 {Black wins by adjudication}
Score of Shelter vs Baseline: 657 - 718 - 317  [0.482] 1692
Started game 1705 of 10000 (Shelter vs Baseline)
Finished game 1693 (Shelter vs Baseline): 1-0 {White wins by adjudication}
Score of Shelter vs Baseline: 658 - 718 - 317  [0.482] 1693
Started game 1706 of 10000 (Baseline vs Shelter)
Finished game 1699 (Shelter vs Baseline): 1-0 {White wins by adjudication}
Score of Shelter vs Baseline: 659 - 718 - 317  [0.483] 1694
Started game 1707 of 10000 (Shelter vs Baseline)
Finished game 1695 (Shelter vs Baseline): 1-0 {White wins by adjudication}
Score of Shelter vs Baseline: 660 - 718 - 317  [0.483] 1695
Started game 1708 of 10000 (Baseline vs Shelter)
Finished game 1696 (Baseline vs Shelter): 0-1 {Black wins by adjudication}
Score of Shelter vs Baseline: 661 - 718 - 317  [0.483] 1696
Started game 1709 of 10000 (Shelter vs Baseline)
Finished game 1691 (Shelter vs Baseline): 1/2-1/2 {Draw by fifty moves rule}
Score of Shelter vs Baseline: 661 - 718 - 318  [0.483] 1697
Started game 1710 of 10000 (Baseline vs Shelter)
Finished game 1697 (Shelter vs Baseline): 1-0 {White wins by adjudication}
Score of Shelter vs Baseline: 662 - 718 - 318  [0.484] 1698
Started game 1711 of 10000 (Shelter vs Baseline)
Finished game 1698 (Baseline vs Shelter): 0-1 {Black wins by adjudication}
Score of Shelter vs Baseline: 663 - 718 - 318  [0.484] 1699
Started game 1712 of 10000 (Baseline vs Shelter)
Finished game 1701 (Shelter vs Baseline): 0-1 {Black wins by adjudication}
Score of Shelter vs Baseline: 663 - 719 - 318  [0.484] 1700
Started game 1713 of 10000 (Shelter vs Baseline)
Finished game 1707 (Shelter vs Baseline): 1/2-1/2 {Draw by 3-fold repetition}
Score of Shelter vs Baseline: 663 - 719 - 319  [0.484] 1701
Started game 1714 of 10000 (Baseline vs Shelter)
Finished game 1700 (Baseline vs Shelter): 0-1 {Black wins by adjudication}
Score of Shelter vs Baseline: 664 - 719 - 319  [0.484] 1702
Started game 1715 of 10000 (Shelter vs Baseline)
Finished game 1702 (Baseline vs Shelter): 0-1 {Black wins by adjudication}
Score of Shelter vs Baseline: 665 - 719 - 319  [0.484] 1703
Started game 1716 of 10000 (Baseline vs Shelter)
Finished game 1703 (Shelter vs Baseline): 1/2-1/2 {Draw by insufficient mating material}
Score of Shelter vs Baseline: 665 - 719 - 320  [0.484] 1704
Started game 1717 of 10000 (Shelter vs Baseline)
Finished game 1709 (Shelter vs Baseline): 1-0 {White wins by adjudication}
Score of Shelter vs Baseline: 666 - 719 - 320  [0.484] 1705
Started game 1718 of 10000 (Baseline vs Shelter)
Finished game 1704 (Baseline vs Shelter): 0-1 {Black wins by adjudication}
Score of Shelter vs Baseline: 667 - 719 - 320  [0.485] 1706
Started game 1719 of 10000 (Shelter vs Baseline)
Finished game 1705 (Shelter vs Baseline): 1-0 {White wins by adjudication}
Score of Shelter vs Baseline: 668 - 719 - 320  [0.485] 1707
Started game 1720 of 10000 (Baseline vs Shelter)
Finished game 1706 (Baseline vs Shelter): 0-1 {Black wins by adjudication}
Score of Shelter vs Baseline: 669 - 719 - 320  [0.485] 1708
Started game 1721 of 10000 (Shelter vs Baseline)
Finished game 1712 (Baseline vs Shelter): 1-0 {White wins by adjudication}
Score of Shelter vs Baseline: 669 - 720 - 320  [0.485] 1709
Started game 1722 of 10000 (Baseline vs Shelter)
Finished game 1710 (Baseline vs Shelter): 0-1 {Black wins by adjudication}
Score of Shelter vs Baseline: 670 - 720 - 320  [0.485] 1710
Started game 1723 of 10000 (Shelter vs Baseline)
Finished game 1708 (Baseline vs Shelter): 1/2-1/2 {Draw by stalemate}
Score of Shelter vs Baseline: 670 - 720 - 321  [0.485] 1711
Started game 1724 of 10000 (Baseline vs Shelter)
Finished game 1714 (Baseline vs Shelter): 1/2-1/2 {Draw by 3-fold repetition}
Score of Shelter vs Baseline: 670 - 720 - 322  [0.485] 1712
Started game 1725 of 10000 (Shelter vs Baseline)
Finished game 1713 (Shelter vs Baseline): 1-0 {White wins by adjudication}
Score of Shelter vs Baseline: 671 - 720 - 322  [0.486] 1713
Started game 1726 of 10000 (Baseline vs Shelter)
Finished game 1716 (Baseline vs Shelter): 1-0 {White wins by adjudication}
Score of Shelter vs Baseline: 671 - 721 - 322  [0.485] 1714
Started game 1727 of 10000 (Shelter vs Baseline)
Finished game 1717 (Shelter vs Baseline): 1/2-1/2 {Draw by 3-fold repetition}
Score of Shelter vs Baseline: 671 - 721 - 323  [0.485] 1715
Started game 1728 of 10000 (Baseline vs Shelter)
Finished game 1715 (Shelter vs Baseline): 1/2-1/2 {Draw by 3-fold repetition}
Score of Shelter vs Baseline: 671 - 721 - 324  [0.485] 1716
Started game 1729 of 10000 (Shelter vs Baseline)
Finished game 1719 (Shelter vs Baseline): 1-0 {White wins by adjudication}
Score of Shelter vs Baseline: 672 - 721 - 324  [0.486] 1717
Started game 1730 of 10000 (Baseline vs Shelter)
Finished game 1711 (Shelter vs Baseline): 1-0 {White wins by adjudication}
Score of Shelter vs Baseline: 673 - 721 - 324  [0.486] 1718
Started game 1731 of 10000 (Shelter vs Baseline)
Finished game 1720 (Baseline vs Shelter): 1-0 {White wins by adjudication}
Score of Shelter vs Baseline: 673 - 722 - 324  [0.486] 1719
Started game 1732 of 10000 (Baseline vs Shelter)
Finished game 1722 (Baseline vs Shelter): 1/2-1/2 {Draw by 3-fold repetition}
Score of Shelter vs Baseline: 673 - 722 - 325  [0.486] 1720
Started game 1733 of 10000 (Shelter vs Baseline)
Finished game 1718 (Baseline vs Shelter): 1-0 {White wins by adjudication}
Score of Shelter vs Baseline: 673 - 723 - 325  [0.485] 1721
Started game 1734 of 10000 (Baseline vs Shelter)
Finished game 1721 (Shelter vs Baseline): 0-1 {Black wins by adjudication}
Score of Shelter vs Baseline: 673 - 724 - 325  [0.485] 1722
Started game 1735 of 10000 (Shelter vs Baseline)
Finished game 1728 (Baseline vs Shelter): 0-1 {Black wins by adjudication}
Score of Shelter vs Baseline: 674 - 724 - 325  [0.485] 1723
Started game 1736 of 10000 (Baseline vs Shelter)
Finished game 1723 (Shelter vs Baseline): 1/2-1/2 {Draw by insufficient mating material}
Score of Shelter vs Baseline: 674 - 724 - 326  [0.485] 1724
Started game 1737 of 10000 (Shelter vs Baseline)
Finished game 1726 (Baseline vs Shelter): 1-0 {White wins by adjudication}
Score of Shelter vs Baseline: 674 - 725 - 326  [0.485] 1725
Started game 1738 of 10000 (Baseline vs Shelter)
Finished game 1725 (Shelter vs Baseline): 1-0 {White wins by adjudication}
Score of Shelter vs Baseline: 675 - 725 - 326  [0.486] 1726
Started game 1739 of 10000 (Shelter vs Baseline)
Finished game 1731 (Shelter vs Baseline): 0-1 {Black wins by adjudication}
Score of Shelter vs Baseline: 675 - 726 - 326  [0.485] 1727
Started game 1740 of 10000 (Baseline vs Shelter)
Finished game 1727 (Shelter vs Baseline): 0-1 {Black wins by adjudication}
Score of Shelter vs Baseline: 675 - 727 - 326  [0.485] 1728
Started game 1741 of 10000 (Shelter vs Baseline)
Finished game 1724 (Baseline vs Shelter): 0-1 {Black wins by adjudication}
Score of Shelter vs Baseline: 676 - 727 - 326  [0.485] 1729
Started game 1742 of 10000 (Baseline vs Shelter)
Finished game 1729 (Shelter vs Baseline): 1-0 {White wins by adjudication}
Score of Shelter vs Baseline: 677 - 727 - 326  [0.486] 1730
Started game 1743 of 10000 (Shelter vs Baseline)
Finished game 1730 (Baseline vs Shelter): 1-0 {White wins by adjudication}
Score of Shelter vs Baseline: 677 - 728 - 326  [0.485] 1731
Started game 1744 of 10000 (Baseline vs Shelter)
Finished game 1734 (Baseline vs Shelter): 1-0 {White wins by adjudication}
Score of Shelter vs Baseline: 677 - 729 - 326  [0.485] 1732
Started game 1745 of 10000 (Shelter vs Baseline)
Finished game 1739 (Shelter vs Baseline): 1/2-1/2 {Draw by 3-fold repetition}
Score of Shelter vs Baseline: 677 - 729 - 327  [0.485] 1733
Started game 1746 of 10000 (Baseline vs Shelter)
Finished game 1737 (Shelter vs Baseline): 1-0 {White wins by adjudication}
Score of Shelter vs Baseline: 678 - 729 - 327  [0.485] 1734
Started game 1747 of 10000 (Shelter vs Baseline)
Finished game 1736 (Baseline vs Shelter): 1-0 {White wins by adjudication}
Score of Shelter vs Baseline: 678 - 730 - 327  [0.485] 1735
Started game 1748 of 10000 (Baseline vs Shelter)
Finished game 1732 (Baseline vs Shelter): 1/2-1/2 {Draw by insufficient mating material}
Score of Shelter vs Baseline: 678 - 730 - 328  [0.485] 1736
Started game 1749 of 10000 (Shelter vs Baseline)
Finished game 1743 (Shelter vs Baseline): 1-0 {White wins by adjudication}
Score of Shelter vs Baseline: 679 - 730 - 328  [0.485] 1737
Started game 1750 of 10000 (Baseline vs Shelter)
Finished game 1740 (Baseline vs Shelter): 1-0 {White wins by adjudication}
Score of Shelter vs Baseline: 679 - 731 - 328  [0.485] 1738
Started game 1751 of 10000 (Shelter vs Baseline)
Finished game 1735 (Shelter vs Baseline): 1/2-1/2 {Draw by fifty moves rule}
Score of Shelter vs Baseline: 679 - 731 - 329  [0.485] 1739
Started game 1752 of 10000 (Baseline vs Shelter)
Finished game 1742 (Baseline vs Shelter): 1-0 {White wins by adjudication}
Score of Shelter vs Baseline: 679 - 732 - 329  [0.485] 1740
Started game 1753 of 10000 (Shelter vs Baseline)
Finished game 1738 (Baseline vs Shelter): 1-0 {White wins by adjudication}
Score of Shelter vs Baseline: 679 - 733 - 329  [0.484] 1741
Started game 1754 of 10000 (Baseline vs Shelter)
Finished game 1741 (Shelter vs Baseline): 1-0 {White wins by adjudication}
Score of Shelter vs Baseline: 680 - 733 - 329  [0.485] 1742
Started game 1755 of 10000 (Shelter vs Baseline)
Finished game 1744 (Baseline vs Shelter): 1-0 {White wins by adjudication}
Score of Shelter vs Baseline: 680 - 734 - 329  [0.485] 1743
Started game 1756 of 10000 (Baseline vs Shelter)
Finished game 1746 (Baseline vs Shelter): 0-1 {Black wins by adjudication}
Score of Shelter vs Baseline: 681 - 734 - 329  [0.485] 1744
Started game 1757 of 10000 (Shelter vs Baseline)
Finished game 1733 (Shelter vs Baseline): 1/2-1/2 {Draw by fifty moves rule}
Score of Shelter vs Baseline: 681 - 734 - 330  [0.485] 1745
Started game 1758 of 10000 (Baseline vs Shelter)
Finished game 1747 (Shelter vs Baseline): 1/2-1/2 {Draw by 3-fold repetition}
Score of Shelter vs Baseline: 681 - 734 - 331  [0.485] 1746
Started game 1759 of 10000 (Shelter vs Baseline)
Finished game 1749 (Shelter vs Baseline): 1-0 {White wins by adjudication}
Score of Shelter vs Baseline: 682 - 734 - 331  [0.485] 1747
Started game 1760 of 10000 (Baseline vs Shelter)
Finished game 1748 (Baseline vs Shelter): 1-0 {White wins by adjudication}
Score of Shelter vs Baseline: 682 - 735 - 331  [0.485] 1748
Started game 1761 of 10000 (Shelter vs Baseline)
Finished game 1751 (Shelter vs Baseline): 1-0 {White wins by adjudication}
Score of Shelter vs Baseline: 683 - 735 - 331  [0.485] 1749
Started game 1762 of 10000 (Baseline vs Shelter)
Finished game 1745 (Shelter vs Baseline): 1-0 {White wins by adjudication}
Score of Shelter vs Baseline: 684 - 735 - 331  [0.485] 1750
Started game 1763 of 10000 (Shelter vs Baseline)
Finished game 1755 (Shelter vs Baseline): 1-0 {White wins by adjudication}
Score of Shelter vs Baseline: 685 - 735 - 331  [0.486] 1751
Started game 1764 of 10000 (Baseline vs Shelter)
Finished game 1752 (Baseline vs Shelter): 1-0 {White wins by adjudication}
Score of Shelter vs Baseline: 685 - 736 - 331  [0.485] 1752
Started game 1765 of 10000 (Shelter vs Baseline)
Finished game 1750 (Baseline vs Shelter): 1-0 {White wins by adjudication}
Score of Shelter vs Baseline: 685 - 737 - 331  [0.485] 1753
Started game 1766 of 10000 (Baseline vs Shelter)
Finished game 1759 (Shelter vs Baseline): 1-0 {White wins by adjudication}
Score of Shelter vs Baseline: 686 - 737 - 331  [0.485] 1754
Started game 1767 of 10000 (Shelter vs Baseline)
Finished game 1754 (Baseline vs Shelter): 1-0 {White mates}
Score of Shelter vs Baseline: 686 - 738 - 331  [0.485] 1755
Started game 1768 of 10000 (Baseline vs Shelter)
Finished game 1756 (Baseline vs Shelter): 1-0 {White wins by adjudication}
Score of Shelter vs Baseline: 686 - 739 - 331  [0.485] 1756
Started game 1769 of 10000 (Shelter vs Baseline)
Finished game 1757 (Shelter vs Baseline): 1/2-1/2 {Draw by insufficient mating material}
Score of Shelter vs Baseline: 686 - 739 - 332  [0.485] 1757
Started game 1770 of 10000 (Baseline vs Shelter)
Finished game 1761 (Shelter vs Baseline): 1-0 {White wins by adjudication}
Score of Shelter vs Baseline: 687 - 739 - 332  [0.485] 1758
Started game 1771 of 10000 (Shelter vs Baseline)
Finished game 1753 (Shelter vs Baseline): 1-0 {White wins by adjudication}
Score of Shelter vs Baseline: 688 - 739 - 332  [0.486] 1759
Started game 1772 of 10000 (Baseline vs Shelter)
Finished game 1760 (Baseline vs Shelter): 1-0 {White wins by adjudication}
Score of Shelter vs Baseline: 688 - 740 - 332  [0.485] 1760
Started game 1773 of 10000 (Shelter vs Baseline)
Finished game 1762 (Baseline vs Shelter): 0-1 {Black wins by adjudication}
Score of Shelter vs Baseline: 689 - 740 - 332  [0.486] 1761
Started game 1774 of 10000 (Baseline vs Shelter)
Finished game 1758 (Baseline vs Shelter): 0-1 {Black wins by adjudication}
Score of Shelter vs Baseline: 690 - 740 - 332  [0.486] 1762
Started game 1775 of 10000 (Shelter vs Baseline)
Finished game 1763 (Shelter vs Baseline): 1/2-1/2 {Draw by 3-fold repetition}
Score of Shelter vs Baseline: 690 - 740 - 333  [0.486] 1763
Started game 1776 of 10000 (Baseline vs Shelter)
Finished game 1764 (Baseline vs Shelter): 0-1 {Black wins by adjudication}
Score of Shelter vs Baseline: 691 - 740 - 333  [0.486] 1764
Started game 1777 of 10000 (Shelter vs Baseline)
Finished game 1765 (Shelter vs Baseline): 0-1 {Black wins by adjudication}
Score of Shelter vs Baseline: 691 - 741 - 333  [0.486] 1765
Started game 1778 of 10000 (Baseline vs Shelter)
Finished game 1768 (Baseline vs Shelter): 1-0 {White wins by adjudication}
Score of Shelter vs Baseline: 691 - 742 - 333  [0.486] 1766
Started game 1779 of 10000 (Shelter vs Baseline)
Finished game 1771 (Shelter vs Baseline): 0-1 {Black wins by adjudication}
Score of Shelter vs Baseline: 691 - 743 - 333  [0.485] 1767
Started game 1780 of 10000 (Baseline vs Shelter)
Finished game 1769 (Shelter vs Baseline): 1-0 {White wins by adjudication}
Score of Shelter vs Baseline: 692 - 743 - 333  [0.486] 1768
Started game 1781 of 10000 (Shelter vs Baseline)
Finished game 1766 (Baseline vs Shelter): 0-1 {Black wins by adjudication}
Score of Shelter vs Baseline: 693 - 743 - 333  [0.486] 1769
Started game 1782 of 10000 (Baseline vs Shelter)
Finished game 1767 (Shelter vs Baseline): 0-1 {Black wins by adjudication}
Score of Shelter vs Baseline: 693 - 744 - 333  [0.486] 1770
Started game 1783 of 10000 (Shelter vs Baseline)
Finished game 1773 (Shelter vs Baseline): 1-0 {White wins by adjudication}
Score of Shelter vs Baseline: 694 - 744 - 333  [0.486] 1771
Started game 1784 of 10000 (Baseline vs Shelter)
Finished game 1770 (Baseline vs Shelter): 1-0 {White wins by adjudication}
Score of Shelter vs Baseline: 694 - 745 - 333  [0.486] 1772
Started game 1785 of 10000 (Shelter vs Baseline)
Finished game 1776 (Baseline vs Shelter): 1/2-1/2 {Draw by 3-fold repetition}
Score of Shelter vs Baseline: 694 - 745 - 334  [0.486] 1773
Started game 1786 of 10000 (Baseline vs Shelter)
Finished game 1772 (Baseline vs Shelter): 0-1 {Black wins by adjudication}
Score of Shelter vs Baseline: 695 - 745 - 334  [0.486] 1774
Started game 1787 of 10000 (Shelter vs Baseline)
Finished game 1775 (Shelter vs Baseline): 1/2-1/2 {Draw by adjudication}
Score of Shelter vs Baseline: 695 - 745 - 335  [0.486] 1775
Started game 1788 of 10000 (Baseline vs Shelter)
Finished game 1774 (Baseline vs Shelter): 1-0 {White wins by adjudication}
Score of Shelter vs Baseline: 695 - 746 - 335  [0.486] 1776
Started game 1789 of 10000 (Shelter vs Baseline)
Finished game 1777 (Shelter vs Baseline): 0-1 {Black wins by adjudication}
Score of Shelter vs Baseline: 695 - 747 - 335  [0.485] 1777
Started game 1790 of 10000 (Baseline vs Shelter)
Finished game 1781 (Shelter vs Baseline): 1-0 {White mates}
Score of Shelter vs Baseline: 696 - 747 - 335  [0.486] 1778
Started game 1791 of 10000 (Shelter vs Baseline)
Finished game 1778 (Baseline vs Shelter): 0-1 {Black wins by adjudication}
Score of Shelter vs Baseline: 697 - 747 - 335  [0.486] 1779
Started game 1792 of 10000 (Baseline vs Shelter)
Finished game 1779 (Shelter vs Baseline): 1-0 {White wins by adjudication}
Score of Shelter vs Baseline: 698 - 747 - 335  [0.486] 1780
Started game 1793 of 10000 (Shelter vs Baseline)
Finished game 1780 (Baseline vs Shelter): 1-0 {White wins by adjudication}
Score of Shelter vs Baseline: 698 - 748 - 335  [0.486] 1781
Started game 1794 of 10000 (Baseline vs Shelter)
Finished game 1782 (Baseline vs Shelter): 1-0 {White wins by adjudication}
Score of Shelter vs Baseline: 698 - 749 - 335  [0.486] 1782
Started game 1795 of 10000 (Shelter vs Baseline)
Finished game 1784 (Baseline vs Shelter): 1-0 {White wins by adjudication}
Score of Shelter vs Baseline: 698 - 750 - 335  [0.485] 1783
Started game 1796 of 10000 (Baseline vs Shelter)
Finished game 1787 (Shelter vs Baseline): 0-1 {Black wins by adjudication}
Score of Shelter vs Baseline: 698 - 751 - 335  [0.485] 1784
Started game 1797 of 10000 (Shelter vs Baseline)
Finished game 1786 (Baseline vs Shelter): 0-1 {Black wins by adjudication}
Score of Shelter vs Baseline: 699 - 751 - 335  [0.485] 1785
Started game 1798 of 10000 (Baseline vs Shelter)
Finished game 1783 (Shelter vs Baseline): 1-0 {White wins by adjudication}
Score of Shelter vs Baseline: 700 - 751 - 335  [0.486] 1786
Started game 1799 of 10000 (Shelter vs Baseline)
Finished game 1789 (Shelter vs Baseline): 1-0 {White wins by adjudication}
Score of Shelter vs Baseline: 701 - 751 - 335  [0.486] 1787
Started game 1800 of 10000 (Baseline vs Shelter)
Finished game 1785 (Shelter vs Baseline): 1-0 {White wins by adjudication}
Score of Shelter vs Baseline: 702 - 751 - 335  [0.486] 1788
Started game 1801 of 10000 (Shelter vs Baseline)
Finished game 1788 (Baseline vs Shelter): 1/2-1/2 {Draw by adjudication}
Score of Shelter vs Baseline: 702 - 751 - 336  [0.486] 1789
Started game 1802 of 10000 (Baseline vs Shelter)
Finished game 1791 (Shelter vs Baseline): 0-1 {Black wins by adjudication}
Score of Shelter vs Baseline: 702 - 752 - 336  [0.486] 1790
Started game 1803 of 10000 (Shelter vs Baseline)
Finished game 1792 (Baseline vs Shelter): 1/2-1/2 {Draw by 3-fold repetition}
Score of Shelter vs Baseline: 702 - 752 - 337  [0.486] 1791
Started game 1804 of 10000 (Baseline vs Shelter)
Finished game 1794 (Baseline vs Shelter): 1-0 {White wins by adjudication}
Score of Shelter vs Baseline: 702 - 753 - 337  [0.486] 1792
Started game 1805 of 10000 (Shelter vs Baseline)
Finished game 1797 (Shelter vs Baseline): 0-1 {Black wins by adjudication}
Score of Shelter vs Baseline: 702 - 754 - 337  [0.485] 1793
Started game 1806 of 10000 (Baseline vs Shelter)
Finished game 1793 (Shelter vs Baseline): 1/2-1/2 {Draw by insufficient mating material}
Score of Shelter vs Baseline: 702 - 754 - 338  [0.486] 1794
Started game 1807 of 10000 (Shelter vs Baseline)
Finished game 1795 (Shelter vs Baseline): 0-1 {Black wins by adjudication}
Score of Shelter vs Baseline: 702 - 755 - 338  [0.485] 1795
Started game 1808 of 10000 (Baseline vs Shelter)
Finished game 1801 (Shelter vs Baseline): 0-1 {Black wins by adjudication}
Score of Shelter vs Baseline: 702 - 756 - 338  [0.485] 1796
Started game 1809 of 10000 (Shelter vs Baseline)
Finished game 1796 (Baseline vs Shelter): 1/2-1/2 {Draw by adjudication}
Score of Shelter vs Baseline: 702 - 756 - 339  [0.485] 1797
Started game 1810 of 10000 (Baseline vs Shelter)
Finished game 1790 (Baseline vs Shelter): 1/2-1/2 {Draw by 3-fold repetition}
Score of Shelter vs Baseline: 702 - 756 - 340  [0.485] 1798
Started game 1811 of 10000 (Shelter vs Baseline)
Finished game 1802 (Baseline vs Shelter): 1/2-1/2 {Draw by 3-fold repetition}
Score of Shelter vs Baseline: 702 - 756 - 341  [0.485] 1799
Started game 1812 of 10000 (Baseline vs Shelter)
Finished game 1800 (Baseline vs Shelter): 1-0 {White wins by adjudication}
Score of Shelter vs Baseline: 702 - 757 - 341  [0.485] 1800
Started game 1813 of 10000 (Shelter vs Baseline)
Finished game 1798 (Baseline vs Shelter): 0-1 {Black wins by adjudication}
Score of Shelter vs Baseline: 703 - 757 - 341  [0.485] 1801
Started game 1814 of 10000 (Baseline vs Shelter)
Finished game 1799 (Shelter vs Baseline): 1/2-1/2 {Draw by insufficient mating material}
Score of Shelter vs Baseline: 703 - 757 - 342  [0.485] 1802
Started game 1815 of 10000 (Shelter vs Baseline)
Finished game 1805 (Shelter vs Baseline): 0-1 {Black wins by adjudication}
Score of Shelter vs Baseline: 703 - 758 - 342  [0.485] 1803
Started game 1816 of 10000 (Baseline vs Shelter)
Finished game 1803 (Shelter vs Baseline): 0-1 {Black wins by adjudication}
Score of Shelter vs Baseline: 703 - 759 - 342  [0.484] 1804
Started game 1817 of 10000 (Shelter vs Baseline)
Finished game 1806 (Baseline vs Shelter): 0-1 {Black wins by adjudication}
Score of Shelter vs Baseline: 704 - 759 - 342  [0.485] 1805
Started game 1818 of 10000 (Baseline vs Shelter)
Finished game 1807 (Shelter vs Baseline): 1-0 {White wins by adjudication}
Score of Shelter vs Baseline: 705 - 759 - 342  [0.485] 1806
Started game 1819 of 10000 (Shelter vs Baseline)
Finished game 1809 (Shelter vs Baseline): 1-0 {White wins by adjudication}
Score of Shelter vs Baseline: 706 - 759 - 342  [0.485] 1807
Started game 1820 of 10000 (Baseline vs Shelter)
Finished game 1808 (Baseline vs Shelter): 1-0 {White wins by adjudication}
Score of Shelter vs Baseline: 706 - 760 - 342  [0.485] 1808
Started game 1821 of 10000 (Shelter vs Baseline)
Finished game 1812 (Baseline vs Shelter): 1-0 {White wins by adjudication}
Score of Shelter vs Baseline: 706 - 761 - 342  [0.485] 1809
Started game 1822 of 10000 (Baseline vs Shelter)
Finished game 1810 (Baseline vs Shelter): 1-0 {White wins by adjudication}
Score of Shelter vs Baseline: 706 - 762 - 342  [0.485] 1810
Started game 1823 of 10000 (Shelter vs Baseline)
Finished game 1804 (Baseline vs Shelter): 1-0 {White wins by adjudication}
Score of Shelter vs Baseline: 706 - 763 - 342  [0.484] 1811
Started game 1824 of 10000 (Baseline vs Shelter)
Finished game 1813 (Shelter vs Baseline): 1-0 {White wins by adjudication}
Score of Shelter vs Baseline: 707 - 763 - 342  [0.485] 1812
Started game 1825 of 10000 (Shelter vs Baseline)
Finished game 1811 (Shelter vs Baseline): 1/2-1/2 {Draw by stalemate}
Score of Shelter vs Baseline: 707 - 763 - 343  [0.485] 1813
Started game 1826 of 10000 (Baseline vs Shelter)
Finished game 1814 (Baseline vs Shelter): 1/2-1/2 {Draw by adjudication}
Score of Shelter vs Baseline: 707 - 763 - 344  [0.485] 1814
Started game 1827 of 10000 (Shelter vs Baseline)
Finished game 1821 (Shelter vs Baseline): 1-0 {White wins by adjudication}
Score of Shelter vs Baseline: 708 - 763 - 344  [0.485] 1815
Started game 1828 of 10000 (Baseline vs Shelter)
Finished game 1817 (Shelter vs Baseline): 1-0 {White wins by adjudication}
Score of Shelter vs Baseline: 709 - 763 - 344  [0.485] 1816
Started game 1829 of 10000 (Shelter vs Baseline)
Finished game 1815 (Shelter vs Baseline): 1-0 {White wins by adjudication}
Score of Shelter vs Baseline: 710 - 763 - 344  [0.485] 1817
Started game 1830 of 10000 (Baseline vs Shelter)
Finished game 1816 (Baseline vs Shelter): 1-0 {White wins by adjudication}
Score of Shelter vs Baseline: 710 - 764 - 344  [0.485] 1818
Started game 1831 of 10000 (Shelter vs Baseline)
Finished game 1822 (Baseline vs Shelter): 1-0 {White wins by adjudication}
Score of Shelter vs Baseline: 710 - 765 - 344  [0.485] 1819
Started game 1832 of 10000 (Baseline vs Shelter)
Finished game 1823 (Shelter vs Baseline): 0-1 {Black wins by adjudication}
Score of Shelter vs Baseline: 710 - 766 - 344  [0.485] 1820
Started game 1833 of 10000 (Shelter vs Baseline)
Finished game 1818 (Baseline vs Shelter): 0-1 {Black wins by adjudication}
Score of Shelter vs Baseline: 711 - 766 - 344  [0.485] 1821
Started game 1834 of 10000 (Baseline vs Shelter)
Finished game 1825 (Shelter vs Baseline): 1-0 {White wins by adjudication}
Score of Shelter vs Baseline: 712 - 766 - 344  [0.485] 1822
Started game 1835 of 10000 (Shelter vs Baseline)
Finished game 1820 (Baseline vs Shelter): 0-1 {Black wins by adjudication}
Score of Shelter vs Baseline: 713 - 766 - 344  [0.485] 1823
Started game 1836 of 10000 (Baseline vs Shelter)
Finished game 1824 (Baseline vs Shelter): 1/2-1/2 {Draw by adjudication}
Score of Shelter vs Baseline: 713 - 766 - 345  [0.485] 1824
Started game 1837 of 10000 (Shelter vs Baseline)
Finished game 1830 (Baseline vs Shelter): 1-0 {White wins by adjudication}
Score of Shelter vs Baseline: 713 - 767 - 345  [0.485] 1825
Started game 1838 of 10000 (Baseline vs Shelter)
Finished game 1828 (Baseline vs Shelter): 1-0 {White wins by adjudication}
Score of Shelter vs Baseline: 713 - 768 - 345  [0.485] 1826
Started game 1839 of 10000 (Shelter vs Baseline)
Finished game 1829 (Shelter vs Baseline): 1/2-1/2 {Draw by insufficient mating material}
Score of Shelter vs Baseline: 713 - 768 - 346  [0.485] 1827
Started game 1840 of 10000 (Baseline vs Shelter)
Finished game 1827 (Shelter vs Baseline): 1/2-1/2 {Draw by 3-fold repetition}
Score of Shelter vs Baseline: 713 - 768 - 347  [0.485] 1828
Started game 1841 of 10000 (Shelter vs Baseline)
Finished game 1819 (Shelter vs Baseline): 1-0 {White wins by adjudication}
Score of Shelter vs Baseline: 714 - 768 - 347  [0.485] 1829
Started game 1842 of 10000 (Baseline vs Shelter)
Finished game 1831 (Shelter vs Baseline): 1-0 {White wins by adjudication}
Score of Shelter vs Baseline: 715 - 768 - 347  [0.486] 1830
Started game 1843 of 10000 (Shelter vs Baseline)
Finished game 1826 (Baseline vs Shelter): 1/2-1/2 {Draw by fifty moves rule}
Score of Shelter vs Baseline: 715 - 768 - 348  [0.486] 1831
Started game 1844 of 10000 (Baseline vs Shelter)
Finished game 1834 (Baseline vs Shelter): 1-0 {White wins by adjudication}
Score of Shelter vs Baseline: 715 - 769 - 348  [0.485] 1832
Started game 1845 of 10000 (Shelter vs Baseline)
Finished game 1835 (Shelter vs Baseline): 0-1 {Black wins by adjudication}
Score of Shelter vs Baseline: 715 - 770 - 348  [0.485] 1833
Started game 1846 of 10000 (Baseline vs Shelter)
Finished game 1838 (Baseline vs Shelter): 1-0 {White wins by adjudication}
Score of Shelter vs Baseline: 715 - 771 - 348  [0.485] 1834
Started game 1847 of 10000 (Shelter vs Baseline)
Finished game 1832 (Baseline vs Shelter): 1-0 {White wins by adjudication}
Score of Shelter vs Baseline: 715 - 772 - 348  [0.484] 1835
Started game 1848 of 10000 (Baseline vs Shelter)
Finished game 1836 (Baseline vs Shelter): 1/2-1/2 {Draw by insufficient mating material}
Score of Shelter vs Baseline: 715 - 772 - 349  [0.484] 1836
Started game 1849 of 10000 (Shelter vs Baseline)
Finished game 1841 (Shelter vs Baseline): 1/2-1/2 {Draw by 3-fold repetition}
Score of Shelter vs Baseline: 715 - 772 - 350  [0.484] 1837
Started game 1850 of 10000 (Baseline vs Shelter)
Finished game 1843 (Shelter vs Baseline): 0-1 {Black wins by adjudication}
Score of Shelter vs Baseline: 715 - 773 - 350  [0.484] 1838
Started game 1851 of 10000 (Shelter vs Baseline)
Finished game 1842 (Baseline vs Shelter): 0-1 {Black wins by adjudication}
Score of Shelter vs Baseline: 716 - 773 - 350  [0.485] 1839
Started game 1852 of 10000 (Baseline vs Shelter)
Finished game 1847 (Shelter vs Baseline): 1/2-1/2 {Draw by 3-fold repetition}
Score of Shelter vs Baseline: 716 - 773 - 351  [0.485] 1840
Started game 1853 of 10000 (Shelter vs Baseline)
Finished game 1839 (Shelter vs Baseline): 1-0 {White wins by adjudication}
Score of Shelter vs Baseline: 717 - 773 - 351  [0.485] 1841
Started game 1854 of 10000 (Baseline vs Shelter)
Finished game 1844 (Baseline vs Shelter): 1-0 {White wins by adjudication}
Score of Shelter vs Baseline: 717 - 774 - 351  [0.485] 1842
Started game 1855 of 10000 (Shelter vs Baseline)
Finished game 1837 (Shelter vs Baseline): 1/2-1/2 {Draw by 3-fold repetition}
Score of Shelter vs Baseline: 717 - 774 - 352  [0.485] 1843
Started game 1856 of 10000 (Baseline vs Shelter)
Finished game 1846 (Baseline vs Shelter): 1-0 {White wins by adjudication}
Score of Shelter vs Baseline: 717 - 775 - 352  [0.484] 1844
Started game 1857 of 10000 (Shelter vs Baseline)
Finished game 1840 (Baseline vs Shelter): 1-0 {White wins by adjudication}
Score of Shelter vs Baseline: 717 - 776 - 352  [0.484] 1845
Started game 1858 of 10000 (Baseline vs Shelter)
Finished game 1845 (Shelter vs Baseline): 0-1 {Black wins by adjudication}
Score of Shelter vs Baseline: 717 - 777 - 352  [0.484] 1846
Started game 1859 of 10000 (Shelter vs Baseline)
Finished game 1833 (Shelter vs Baseline): 1/2-1/2 {Draw by fifty moves rule}
Score of Shelter vs Baseline: 717 - 777 - 353  [0.484] 1847
Started game 1860 of 10000 (Baseline vs Shelter)
Finished game 1850 (Baseline vs Shelter): 0-1 {Black wins by adjudication}
Score of Shelter vs Baseline: 718 - 777 - 353  [0.484] 1848
Started game 1861 of 10000 (Shelter vs Baseline)
Finished game 1851 (Shelter vs Baseline): 0-1 {Black wins by adjudication}
Score of Shelter vs Baseline: 718 - 778 - 353  [0.484] 1849
Started game 1862 of 10000 (Baseline vs Shelter)
Finished game 1848 (Baseline vs Shelter): 1/2-1/2 {Draw by insufficient mating material}
Score of Shelter vs Baseline: 718 - 778 - 354  [0.484] 1850
Started game 1863 of 10000 (Shelter vs Baseline)
Finished game 1853 (Shelter vs Baseline): 1-0 {White wins by adjudication}
Score of Shelter vs Baseline: 719 - 778 - 354  [0.484] 1851
Started game 1864 of 10000 (Baseline vs Shelter)
Finished game 1852 (Baseline vs Shelter): 0-1 {Black wins by adjudication}
Score of Shelter vs Baseline: 720 - 778 - 354  [0.484] 1852
Started game 1865 of 10000 (Shelter vs Baseline)
Finished game 1858 (Baseline vs Shelter): 0-1 {Black wins by adjudication}
Score of Shelter vs Baseline: 721 - 778 - 354  [0.485] 1853
Started game 1866 of 10000 (Baseline vs Shelter)
Finished game 1849 (Shelter vs Baseline): 1-0 {White wins by adjudication}
Score of Shelter vs Baseline: 722 - 778 - 354  [0.485] 1854
Started game 1867 of 10000 (Shelter vs Baseline)
Finished game 1855 (Shelter vs Baseline): 0-1 {Black wins by adjudication}
Score of Shelter vs Baseline: 722 - 779 - 354  [0.485] 1855
Started game 1868 of 10000 (Baseline vs Shelter)
Finished game 1854 (Baseline vs Shelter): 0-1 {Black wins by adjudication}
Score of Shelter vs Baseline: 723 - 779 - 354  [0.485] 1856
Started game 1869 of 10000 (Shelter vs Baseline)
Finished game 1857 (Shelter vs Baseline): 0-1 {Black wins by adjudication}
Score of Shelter vs Baseline: 723 - 780 - 354  [0.485] 1857
Started game 1870 of 10000 (Baseline vs Shelter)
Finished game 1859 (Shelter vs Baseline): 1-0 {White wins by adjudication}
Score of Shelter vs Baseline: 724 - 780 - 354  [0.485] 1858
Started game 1871 of 10000 (Shelter vs Baseline)
Finished game 1856 (Baseline vs Shelter): 1-0 {White wins by adjudication}
Score of Shelter vs Baseline: 724 - 781 - 354  [0.485] 1859
Started game 1872 of 10000 (Baseline vs Shelter)
Finished game 1861 (Shelter vs Baseline): 1-0 {White wins by adjudication}
Score of Shelter vs Baseline: 725 - 781 - 354  [0.485] 1860
Started game 1873 of 10000 (Shelter vs Baseline)
Finished game 1862 (Baseline vs Shelter): 0-1 {Black wins by adjudication}
Score of Shelter vs Baseline: 726 - 781 - 354  [0.485] 1861
Started game 1874 of 10000 (Baseline vs Shelter)
Finished game 1866 (Baseline vs Shelter): 1/2-1/2 {Draw by adjudication}
Score of Shelter vs Baseline: 726 - 781 - 355  [0.485] 1862
Started game 1875 of 10000 (Shelter vs Baseline)
Finished game 1863 (Shelter vs Baseline): 1/2-1/2 {Draw by 3-fold repetition}
Score of Shelter vs Baseline: 726 - 781 - 356  [0.485] 1863
Started game 1876 of 10000 (Baseline vs Shelter)
Finished game 1867 (Shelter vs Baseline): 1-0 {White wins by adjudication}
Score of Shelter vs Baseline: 727 - 781 - 356  [0.486] 1864
Started game 1877 of 10000 (Shelter vs Baseline)
Finished game 1860 (Baseline vs Shelter): 0-1 {Black wins by adjudication}
Score of Shelter vs Baseline: 728 - 781 - 356  [0.486] 1865
Started game 1878 of 10000 (Baseline vs Shelter)
Finished game 1868 (Baseline vs Shelter): 1-0 {White wins by adjudication}
Score of Shelter vs Baseline: 728 - 782 - 356  [0.486] 1866
Started game 1879 of 10000 (Shelter vs Baseline)
Finished game 1869 (Shelter vs Baseline): 1-0 {White wins by adjudication}
Score of Shelter vs Baseline: 729 - 782 - 356  [0.486] 1867
Started game 1880 of 10000 (Baseline vs Shelter)
Finished game 1864 (Baseline vs Shelter): 1-0 {White wins by adjudication}
Score of Shelter vs Baseline: 729 - 783 - 356  [0.486] 1868
Started game 1881 of 10000 (Shelter vs Baseline)
Finished game 1865 (Shelter vs Baseline): 1/2-1/2 {Draw by adjudication}
Score of Shelter vs Baseline: 729 - 783 - 357  [0.486] 1869
Started game 1882 of 10000 (Baseline vs Shelter)
Finished game 1877 (Shelter vs Baseline): 1/2-1/2 {Draw by 3-fold repetition}
Score of Shelter vs Baseline: 729 - 783 - 358  [0.486] 1870
Started game 1883 of 10000 (Shelter vs Baseline)
Finished game 1872 (Baseline vs Shelter): 1-0 {White wins by adjudication}
Score of Shelter vs Baseline: 729 - 784 - 358  [0.485] 1871
Started game 1884 of 10000 (Baseline vs Shelter)
Finished game 1875 (Shelter vs Baseline): 0-1 {Black wins by adjudication}
Score of Shelter vs Baseline: 729 - 785 - 358  [0.485] 1872
Started game 1885 of 10000 (Shelter vs Baseline)
Finished game 1871 (Shelter vs Baseline): 0-1 {Black mates}
Score of Shelter vs Baseline: 729 - 786 - 358  [0.485] 1873
Started game 1886 of 10000 (Baseline vs Shelter)
Finished game 1874 (Baseline vs Shelter): 0-1 {Black wins by adjudication}
Score of Shelter vs Baseline: 730 - 786 - 358  [0.485] 1874
Started game 1887 of 10000 (Shelter vs Baseline)
Finished game 1870 (Baseline vs Shelter): 0-1 {Black wins by adjudication}
Score of Shelter vs Baseline: 731 - 786 - 358  [0.485] 1875
Started game 1888 of 10000 (Baseline vs Shelter)
Finished game 1873 (Shelter vs Baseline): 1-0 {White wins by adjudication}
Score of Shelter vs Baseline: 732 - 786 - 358  [0.486] 1876
Started game 1889 of 10000 (Shelter vs Baseline)
Finished game 1878 (Baseline vs Shelter): 1-0 {White wins by adjudication}
Score of Shelter vs Baseline: 732 - 787 - 358  [0.485] 1877
Started game 1890 of 10000 (Baseline vs Shelter)
Finished game 1879 (Shelter vs Baseline): 0-1 {Black wins by adjudication}
Score of Shelter vs Baseline: 732 - 788 - 358  [0.485] 1878
Started game 1891 of 10000 (Shelter vs Baseline)
Finished game 1876 (Baseline vs Shelter): 1/2-1/2 {Draw by 3-fold repetition}
Score of Shelter vs Baseline: 732 - 788 - 359  [0.485] 1879
Started game 1892 of 10000 (Baseline vs Shelter)
Finished game 1882 (Baseline vs Shelter): 0-1 {Black wins by adjudication}
Score of Shelter vs Baseline: 733 - 788 - 359  [0.485] 1880
Started game 1893 of 10000 (Shelter vs Baseline)
Finished game 1881 (Shelter vs Baseline): 0-1 {Black wins by adjudication}
Score of Shelter vs Baseline: 733 - 789 - 359  [0.485] 1881
Started game 1894 of 10000 (Baseline vs Shelter)
Finished game 1880 (Baseline vs Shelter): 0-1 {Black wins by adjudication}
Score of Shelter vs Baseline: 734 - 789 - 359  [0.485] 1882
Started game 1895 of 10000 (Shelter vs Baseline)
Finished game 1883 (Shelter vs Baseline): 1-0 {White wins by adjudication}
Score of Shelter vs Baseline: 735 - 789 - 359  [0.486] 1883
Started game 1896 of 10000 (Baseline vs Shelter)
Finished game 1884 (Baseline vs Shelter): 0-1 {Black wins by adjudication}
Score of Shelter vs Baseline: 736 - 789 - 359  [0.486] 1884
Started game 1897 of 10000 (Shelter vs Baseline)
Finished game 1885 (Shelter vs Baseline): 0-1 {Black wins by adjudication}
Score of Shelter vs Baseline: 736 - 790 - 359  [0.486] 1885
Started game 1898 of 10000 (Baseline vs Shelter)
Finished game 1889 (Shelter vs Baseline): 1-0 {White wins by adjudication}
Score of Shelter vs Baseline: 737 - 790 - 359  [0.486] 1886
Started game 1899 of 10000 (Shelter vs Baseline)
Finished game 1886 (Baseline vs Shelter): 1-0 {White wins by adjudication}
Score of Shelter vs Baseline: 737 - 791 - 359  [0.486] 1887
Started game 1900 of 10000 (Baseline vs Shelter)
Finished game 1890 (Baseline vs Shelter): 1-0 {White wins by adjudication}
Score of Shelter vs Baseline: 737 - 792 - 359  [0.485] 1888
Started game 1901 of 10000 (Shelter vs Baseline)
Finished game 1893 (Shelter vs Baseline): 1-0 {White wins by adjudication}
Score of Shelter vs Baseline: 738 - 792 - 359  [0.486] 1889
Started game 1902 of 10000 (Baseline vs Shelter)
Finished game 1887 (Shelter vs Baseline): 0-1 {Black wins by adjudication}
Score of Shelter vs Baseline: 738 - 793 - 359  [0.485] 1890
Started game 1903 of 10000 (Shelter vs Baseline)
Finished game 1892 (Baseline vs Shelter): 0-1 {Black wins by adjudication}
Score of Shelter vs Baseline: 739 - 793 - 359  [0.486] 1891
Started game 1904 of 10000 (Baseline vs Shelter)
Finished game 1888 (Baseline vs Shelter): 1-0 {White wins by adjudication}
Score of Shelter vs Baseline: 739 - 794 - 359  [0.485] 1892
Started game 1905 of 10000 (Shelter vs Baseline)
Finished game 1894 (Baseline vs Shelter): 1-0 {White wins by adjudication}
Score of Shelter vs Baseline: 739 - 795 - 359  [0.485] 1893
Started game 1906 of 10000 (Baseline vs Shelter)
Finished game 1891 (Shelter vs Baseline): 0-1 {Black mates}
Score of Shelter vs Baseline: 739 - 796 - 359  [0.485] 1894
Started game 1907 of 10000 (Shelter vs Baseline)
Finished game 1896 (Baseline vs Shelter): 1-0 {White wins by adjudication}
Score of Shelter vs Baseline: 739 - 797 - 359  [0.485] 1895
Started game 1908 of 10000 (Baseline vs Shelter)
Finished game 1897 (Shelter vs Baseline): 0-1 {Black wins by adjudication}
Score of Shelter vs Baseline: 739 - 798 - 359  [0.484] 1896
Started game 1909 of 10000 (Shelter vs Baseline)
Finished game 1899 (Shelter vs Baseline): 0-1 {Black wins by adjudication}
Score of Shelter vs Baseline: 739 - 799 - 359  [0.484] 1897
Started game 1910 of 10000 (Baseline vs Shelter)
Finished game 1898 (Baseline vs Shelter): 1-0 {White wins by adjudication}
Score of Shelter vs Baseline: 739 - 800 - 359  [0.484] 1898
Started game 1911 of 10000 (Shelter vs Baseline)
Finished game 1900 (Baseline vs Shelter): 1/2-1/2 {Draw by adjudication}
Score of Shelter vs Baseline: 739 - 800 - 360  [0.484] 1899
Started game 1912 of 10000 (Baseline vs Shelter)
Finished game 1901 (Shelter vs Baseline): 1-0 {White wins by adjudication}
Score of Shelter vs Baseline: 740 - 800 - 360  [0.484] 1900
Started game 1913 of 10000 (Shelter vs Baseline)
Finished game 1895 (Shelter vs Baseline): 1/2-1/2 {Draw by adjudication}
Score of Shelter vs Baseline: 740 - 800 - 361  [0.484] 1901
Started game 1914 of 10000 (Baseline vs Shelter)
Finished game 1908 (Baseline vs Shelter): 1-0 {White wins by adjudication}
Score of Shelter vs Baseline: 740 - 801 - 361  [0.484] 1902
Started game 1915 of 10000 (Shelter vs Baseline)
Finished game 1905 (Shelter vs Baseline): 1/2-1/2 {Draw by 3-fold repetition}
Score of Shelter vs Baseline: 740 - 801 - 362  [0.484] 1903
Started game 1916 of 10000 (Baseline vs Shelter)
Finished game 1902 (Baseline vs Shelter): 1-0 {White wins by adjudication}
Score of Shelter vs Baseline: 740 - 802 - 362  [0.484] 1904
Started game 1917 of 10000 (Shelter vs Baseline)
Finished game 1903 (Shelter vs Baseline): 0-1 {Black wins by adjudication}
Score of Shelter vs Baseline: 740 - 803 - 362  [0.483] 1905
Started game 1918 of 10000 (Baseline vs Shelter)
Finished game 1906 (Baseline vs Shelter): 1/2-1/2 {Draw by 3-fold repetition}
Score of Shelter vs Baseline: 740 - 803 - 363  [0.483] 1906
Started game 1919 of 10000 (Shelter vs Baseline)
Finished game 1913 (Shelter vs Baseline): 0-1 {Black wins by adjudication}
Score of Shelter vs Baseline: 740 - 804 - 363  [0.483] 1907
Started game 1920 of 10000 (Baseline vs Shelter)
Finished game 1904 (Baseline vs Shelter): 1/2-1/2 {Draw by insufficient mating material}
Score of Shelter vs Baseline: 740 - 804 - 364  [0.483] 1908
Started game 1921 of 10000 (Shelter vs Baseline)
Finished game 1912 (Baseline vs Shelter): 1-0 {White wins by adjudication}
Score of Shelter vs Baseline: 740 - 805 - 364  [0.483] 1909
Started game 1922 of 10000 (Baseline vs Shelter)
Finished game 1910 (Baseline vs Shelter): 1-0 {White wins by adjudication}
Score of Shelter vs Baseline: 740 - 806 - 364  [0.483] 1910
Started game 1923 of 10000 (Shelter vs Baseline)
Finished game 1911 (Shelter vs Baseline): 1-0 {White wins by adjudication}
Score of Shelter vs Baseline: 741 - 806 - 364  [0.483] 1911
Started game 1924 of 10000 (Baseline vs Shelter)
Finished game 1916 (Baseline vs Shelter): 0-1 {Black wins by adjudication}
Score of Shelter vs Baseline: 742 - 806 - 364  [0.483] 1912
Started game 1925 of 10000 (Shelter vs Baseline)
Finished game 1909 (Shelter vs Baseline): 1/2-1/2 {Draw by insufficient mating material}
Score of Shelter vs Baseline: 742 - 806 - 365  [0.483] 1913
Started game 1926 of 10000 (Baseline vs Shelter)
Finished game 1917 (Shelter vs Baseline): 1-0 {White wins by adjudication}
Score of Shelter vs Baseline: 743 - 806 - 365  [0.484] 1914
Started game 1927 of 10000 (Shelter vs Baseline)
Finished game 1915 (Shelter vs Baseline): 1-0 {White mates}
Score of Shelter vs Baseline: 744 - 806 - 365  [0.484] 1915
Started game 1928 of 10000 (Baseline vs Shelter)
Finished game 1918 (Baseline vs Shelter): 0-1 {Black wins by adjudication}
Score of Shelter vs Baseline: 745 - 806 - 365  [0.484] 1916
Started game 1929 of 10000 (Shelter vs Baseline)
Finished game 1919 (Shelter vs Baseline): 1/2-1/2 {Draw by 3-fold repetition}
Score of Shelter vs Baseline: 745 - 806 - 366  [0.484] 1917
Started game 1930 of 10000 (Baseline vs Shelter)
Finished game 1914 (Baseline vs Shelter): 1-0 {White wins by adjudication}
Score of Shelter vs Baseline: 745 - 807 - 366  [0.484] 1918
Started game 1931 of 10000 (Shelter vs Baseline)
Finished game 1921 (Shelter vs Baseline): 1-0 {White wins by adjudication}
Score of Shelter vs Baseline: 746 - 807 - 366  [0.484] 1919
Started game 1932 of 10000 (Baseline vs Shelter)
Finished game 1920 (Baseline vs Shelter): 1-0 {White wins by adjudication}
Score of Shelter vs Baseline: 746 - 808 - 366  [0.484] 1920
Started game 1933 of 10000 (Shelter vs Baseline)
Finished game 1925 (Shelter vs Baseline): 1-0 {White wins by adjudication}
Score of Shelter vs Baseline: 747 - 808 - 366  [0.484] 1921
Started game 1934 of 10000 (Baseline vs Shelter)
Finished game 1923 (Shelter vs Baseline): 1-0 {White wins by adjudication}
Score of Shelter vs Baseline: 748 - 808 - 366  [0.484] 1922
Started game 1935 of 10000 (Shelter vs Baseline)
Finished game 1907 (Shelter vs Baseline): 1-0 {White wins by adjudication}
Score of Shelter vs Baseline: 749 - 808 - 366  [0.485] 1923
Started game 1936 of 10000 (Baseline vs Shelter)
Finished game 1922 (Baseline vs Shelter): 1/2-1/2 {Draw by insufficient mating material}
Score of Shelter vs Baseline: 749 - 808 - 367  [0.485] 1924
Started game 1937 of 10000 (Shelter vs Baseline)
Finished game 1927 (Shelter vs Baseline): 1-0 {White wins by adjudication}
Score of Shelter vs Baseline: 750 - 808 - 367  [0.485] 1925
Started game 1938 of 10000 (Baseline vs Shelter)
Finished game 1933 (Shelter vs Baseline): 1-0 {White wins by adjudication}
Score of Shelter vs Baseline: 751 - 808 - 367  [0.485] 1926
Started game 1939 of 10000 (Shelter vs Baseline)
Finished game 1924 (Baseline vs Shelter): 0-1 {Black wins by adjudication}
Score of Shelter vs Baseline: 752 - 808 - 367  [0.485] 1927
Started game 1940 of 10000 (Baseline vs Shelter)
Finished game 1929 (Shelter vs Baseline): 1-0 {White wins by adjudication}
Score of Shelter vs Baseline: 753 - 808 - 367  [0.486] 1928
Started game 1941 of 10000 (Shelter vs Baseline)
Finished game 1928 (Baseline vs Shelter): 1-0 {White wins by adjudication}
Score of Shelter vs Baseline: 753 - 809 - 367  [0.485] 1929
Started game 1942 of 10000 (Baseline vs Shelter)
Finished game 1932 (Baseline vs Shelter): 0-1 {Black mates}
Score of Shelter vs Baseline: 754 - 809 - 367  [0.486] 1930
Started game 1943 of 10000 (Shelter vs Baseline)
Finished game 1934 (Baseline vs Shelter): 1-0 {White wins by adjudication}
Score of Shelter vs Baseline: 754 - 810 - 367  [0.485] 1931
Started game 1944 of 10000 (Baseline vs Shelter)
Finished game 1930 (Baseline vs Shelter): 1-0 {White wins by adjudication}
Score of Shelter vs Baseline: 754 - 811 - 367  [0.485] 1932
Started game 1945 of 10000 (Shelter vs Baseline)
Finished game 1931 (Shelter vs Baseline): 0-1 {Black wins by adjudication}
Score of Shelter vs Baseline: 754 - 812 - 367  [0.485] 1933
Started game 1946 of 10000 (Baseline vs Shelter)
Finished game 1937 (Shelter vs Baseline): 0-1 {Black wins by adjudication}
Score of Shelter vs Baseline: 754 - 813 - 367  [0.485] 1934
Started game 1947 of 10000 (Shelter vs Baseline)
Finished game 1926 (Baseline vs Shelter): 1-0 {White wins by adjudication}
Score of Shelter vs Baseline: 754 - 814 - 367  [0.484] 1935
Started game 1948 of 10000 (Baseline vs Shelter)
Finished game 1936 (Baseline vs Shelter): 1/2-1/2 {Draw by adjudication}
Score of Shelter vs Baseline: 754 - 814 - 368  [0.485] 1936
Started game 1949 of 10000 (Shelter vs Baseline)
Finished game 1935 (Shelter vs Baseline): 1/2-1/2 {Draw by fifty moves rule}
Score of Shelter vs Baseline: 754 - 814 - 369  [0.485] 1937
Started game 1950 of 10000 (Baseline vs Shelter)
Finished game 1939 (Shelter vs Baseline): 1/2-1/2 {Draw by 3-fold repetition}
Score of Shelter vs Baseline: 754 - 814 - 370  [0.485] 1938
Started game 1951 of 10000 (Shelter vs Baseline)
Finished game 1943 (Shelter vs Baseline): 1-0 {White wins by adjudication}
Score of Shelter vs Baseline: 755 - 814 - 370  [0.485] 1939
Started game 1952 of 10000 (Baseline vs Shelter)
Finished game 1942 (Baseline vs Shelter): 1-0 {White wins by adjudication}
Score of Shelter vs Baseline: 755 - 815 - 370  [0.485] 1940
Started game 1953 of 10000 (Shelter vs Baseline)
Finished game 1938 (Baseline vs Shelter): 0-1 {Black wins by adjudication}
Score of Shelter vs Baseline: 756 - 815 - 370  [0.485] 1941
Started game 1954 of 10000 (Baseline vs Shelter)
Finished game 1944 (Baseline vs Shelter): 0-1 {Black wins by adjudication}
Score of Shelter vs Baseline: 757 - 815 - 370  [0.485] 1942
Started game 1955 of 10000 (Shelter vs Baseline)
Finished game 1947 (Shelter vs Baseline): 0-1 {Black wins by adjudication}
Score of Shelter vs Baseline: 757 - 816 - 370  [0.485] 1943
Started game 1956 of 10000 (Baseline vs Shelter)
Finished game 1948 (Baseline vs Shelter): 0-1 {Black wins by adjudication}
Score of Shelter vs Baseline: 758 - 816 - 370  [0.485] 1944
Started game 1957 of 10000 (Shelter vs Baseline)
Finished game 1950 (Baseline vs Shelter): 0-1 {Black wins by adjudication}
Score of Shelter vs Baseline: 759 - 816 - 370  [0.485] 1945
Started game 1958 of 10000 (Baseline vs Shelter)
Finished game 1940 (Baseline vs Shelter): 0-1 {Black mates}
Score of Shelter vs Baseline: 760 - 816 - 370  [0.486] 1946
Started game 1959 of 10000 (Shelter vs Baseline)
Finished game 1949 (Shelter vs Baseline): 1-0 {White wins by adjudication}
Score of Shelter vs Baseline: 761 - 816 - 370  [0.486] 1947
Started game 1960 of 10000 (Baseline vs Shelter)
Finished game 1946 (Baseline vs Shelter): 1-0 {White wins by adjudication}
Score of Shelter vs Baseline: 761 - 817 - 370  [0.486] 1948
Started game 1961 of 10000 (Shelter vs Baseline)
Finished game 1945 (Shelter vs Baseline): 1/2-1/2 {Draw by adjudication}
Score of Shelter vs Baseline: 761 - 817 - 371  [0.486] 1949
Started game 1962 of 10000 (Baseline vs Shelter)
Finished game 1941 (Shelter vs Baseline): 1-0 {White mates}
Score of Shelter vs Baseline: 762 - 817 - 371  [0.486] 1950
Started game 1963 of 10000 (Shelter vs Baseline)
Finished game 1951 (Shelter vs Baseline): 1-0 {White wins by adjudication}
Score of Shelter vs Baseline: 763 - 817 - 371  [0.486] 1951
Started game 1964 of 10000 (Baseline vs Shelter)
Finished game 1955 (Shelter vs Baseline): 1-0 {White wins by adjudication}
Score of Shelter vs Baseline: 764 - 817 - 371  [0.486] 1952
Started game 1965 of 10000 (Shelter vs Baseline)
Finished game 1952 (Baseline vs Shelter): 1-0 {White wins by adjudication}
Score of Shelter vs Baseline: 764 - 818 - 371  [0.486] 1953
Started game 1966 of 10000 (Baseline vs Shelter)
Finished game 1953 (Shelter vs Baseline): 1-0 {White wins by adjudication}
Score of Shelter vs Baseline: 765 - 818 - 371  [0.486] 1954
Started game 1967 of 10000 (Shelter vs Baseline)
Finished game 1954 (Baseline vs Shelter): 1/2-1/2 {Draw by insufficient mating material}
Score of Shelter vs Baseline: 765 - 818 - 372  [0.486] 1955
Started game 1968 of 10000 (Baseline vs Shelter)
Finished game 1956 (Baseline vs Shelter): 0-1 {Black mates}
Score of Shelter vs Baseline: 766 - 818 - 372  [0.487] 1956
Started game 1969 of 10000 (Shelter vs Baseline)
Finished game 1962 (Baseline vs Shelter): 1-0 {White wins by adjudication}
Score of Shelter vs Baseline: 766 - 819 - 372  [0.486] 1957
Started game 1970 of 10000 (Baseline vs Shelter)
Finished game 1961 (Shelter vs Baseline): 0-1 {Black wins by adjudication}
Score of Shelter vs Baseline: 766 - 820 - 372  [0.486] 1958
Started game 1971 of 10000 (Shelter vs Baseline)
Finished game 1958 (Baseline vs Shelter): 1-0 {White wins by adjudication}
Score of Shelter vs Baseline: 766 - 821 - 372  [0.486] 1959
Started game 1972 of 10000 (Baseline vs Shelter)
Finished game 1963 (Shelter vs Baseline): 0-1 {Black wins by adjudication}
Score of Shelter vs Baseline: 766 - 822 - 372  [0.486] 1960
Started game 1973 of 10000 (Shelter vs Baseline)
Finished game 1959 (Shelter vs Baseline): 0-1 {Black wins by adjudication}
Score of Shelter vs Baseline: 766 - 823 - 372  [0.485] 1961
Started game 1974 of 10000 (Baseline vs Shelter)
Finished game 1964 (Baseline vs Shelter): 0-1 {Black wins by adjudication}
Score of Shelter vs Baseline: 767 - 823 - 372  [0.486] 1962
Started game 1975 of 10000 (Shelter vs Baseline)
Finished game 1957 (Shelter vs Baseline): 1/2-1/2 {Draw by 3-fold repetition}
Score of Shelter vs Baseline: 767 - 823 - 373  [0.486] 1963
Started game 1976 of 10000 (Baseline vs Shelter)
Finished game 1970 (Baseline vs Shelter): 1/2-1/2 {Draw by 3-fold repetition}
Score of Shelter vs Baseline: 767 - 823 - 374  [0.486] 1964
Started game 1977 of 10000 (Shelter vs Baseline)
Finished game 1967 (Shelter vs Baseline): 0-1 {Black wins by adjudication}
Score of Shelter vs Baseline: 767 - 824 - 374  [0.485] 1965
Started game 1978 of 10000 (Baseline vs Shelter)
Finished game 1966 (Baseline vs Shelter): 1/2-1/2 {Draw by adjudication}
Score of Shelter vs Baseline: 767 - 824 - 375  [0.486] 1966
Started game 1979 of 10000 (Shelter vs Baseline)
Finished game 1960 (Baseline vs Shelter): 1/2-1/2 {Draw by fifty moves rule}
Score of Shelter vs Baseline: 767 - 824 - 376  [0.486] 1967
Started game 1980 of 10000 (Baseline vs Shelter)
Finished game 1973 (Shelter vs Baseline): 1-0 {White wins by adjudication}
Score of Shelter vs Baseline: 768 - 824 - 376  [0.486] 1968
Started game 1981 of 10000 (Shelter vs Baseline)
Finished game 1981 (Shelter vs Baseline): 0-1 {Black wins by adjudication}
Score of Shelter vs Baseline: 768 - 825 - 376  [0.486] 1969
Started game 1982 of 10000 (Baseline vs Shelter)
Finished game 1965 (Shelter vs Baseline): 1-0 {White wins by adjudication}
Score of Shelter vs Baseline: 769 - 825 - 376  [0.486] 1970
Started game 1983 of 10000 (Shelter vs Baseline)
Finished game 1982 (Baseline vs Shelter): 0-1 {Black wins by adjudication}
Score of Shelter vs Baseline: 770 - 825 - 376  [0.486] 1971
Started game 1984 of 10000 (Baseline vs Shelter)
Finished game 1971 (Shelter vs Baseline): 0-1 {Black wins by adjudication}
Score of Shelter vs Baseline: 770 - 826 - 376  [0.486] 1972
Started game 1985 of 10000 (Shelter vs Baseline)
Finished game 1975 (Shelter vs Baseline): 1-0 {White wins by adjudication}
Score of Shelter vs Baseline: 771 - 826 - 376  [0.486] 1973
Started game 1986 of 10000 (Baseline vs Shelter)
Finished game 1980 (Baseline vs Shelter): 1/2-1/2 {Draw by 3-fold repetition}
Score of Shelter vs Baseline: 771 - 826 - 377  [0.486] 1974
Started game 1987 of 10000 (Shelter vs Baseline)
Finished game 1972 (Baseline vs Shelter): 1-0 {White wins by adjudication}
Score of Shelter vs Baseline: 771 - 827 - 377  [0.486] 1975
Started game 1988 of 10000 (Baseline vs Shelter)
Finished game 1969 (Shelter vs Baseline): 0-1 {Black wins by adjudication}
Score of Shelter vs Baseline: 771 - 828 - 377  [0.486] 1976
Started game 1989 of 10000 (Shelter vs Baseline)
Finished game 1974 (Baseline vs Shelter): 1-0 {White wins by adjudication}
Score of Shelter vs Baseline: 771 - 829 - 377  [0.485] 1977
Started game 1990 of 10000 (Baseline vs Shelter)
Finished game 1968 (Baseline vs Shelter): 1/2-1/2 {Draw by insufficient mating material}
Score of Shelter vs Baseline: 771 - 829 - 378  [0.485] 1978
Started game 1991 of 10000 (Shelter vs Baseline)
Finished game 1976 (Baseline vs Shelter): 1-0 {White wins by adjudication}
Score of Shelter vs Baseline: 771 - 830 - 378  [0.485] 1979
Started game 1992 of 10000 (Baseline vs Shelter)
Finished game 1977 (Shelter vs Baseline): 0-1 {Black wins by adjudication}
Score of Shelter vs Baseline: 771 - 831 - 378  [0.485] 1980
Started game 1993 of 10000 (Shelter vs Baseline)
Finished game 1984 (Baseline vs Shelter): 1-0 {White wins by adjudication}
Score of Shelter vs Baseline: 771 - 832 - 378  [0.485] 1981
Started game 1994 of 10000 (Baseline vs Shelter)
Finished game 1978 (Baseline vs Shelter): 1-0 {White wins by adjudication}
Score of Shelter vs Baseline: 771 - 833 - 378  [0.484] 1982
Started game 1995 of 10000 (Shelter vs Baseline)
Finished game 1985 (Shelter vs Baseline): 0-1 {Black wins by adjudication}
Score of Shelter vs Baseline: 771 - 834 - 378  [0.484] 1983
Started game 1996 of 10000 (Baseline vs Shelter)
Finished game 1986 (Baseline vs Shelter): 1-0 {White wins by adjudication}
Score of Shelter vs Baseline: 771 - 835 - 378  [0.484] 1984
Started game 1997 of 10000 (Shelter vs Baseline)
Finished game 1988 (Baseline vs Shelter): 0-1 {Black wins by adjudication}
Score of Shelter vs Baseline: 772 - 835 - 378  [0.484] 1985
Started game 1998 of 10000 (Baseline vs Shelter)
Finished game 1992 (Baseline vs Shelter): 1-0 {White wins by adjudication}
Score of Shelter vs Baseline: 772 - 836 - 378  [0.484] 1986
Started game 1999 of 10000 (Shelter vs Baseline)
Finished game 1979 (Shelter vs Baseline): 0-1 {Black wins by adjudication}
Score of Shelter vs Baseline: 772 - 837 - 378  [0.484] 1987
Started game 2000 of 10000 (Baseline vs Shelter)
Finished game 1987 (Shelter vs Baseline): 1/2-1/2 {Draw by adjudication}
Score of Shelter vs Baseline: 772 - 837 - 379  [0.484] 1988
Started game 2001 of 10000 (Shelter vs Baseline)
Finished game 1990 (Baseline vs Shelter): 0-1 {Black wins by adjudication}
Score of Shelter vs Baseline: 773 - 837 - 379  [0.484] 1989
Started game 2002 of 10000 (Baseline vs Shelter)
Finished game 1983 (Shelter vs Baseline): 0-1 {Black wins by adjudication}
Score of Shelter vs Baseline: 773 - 838 - 379  [0.484] 1990
Started game 2003 of 10000 (Shelter vs Baseline)
Finished game 1989 (Shelter vs Baseline): 1-0 {White wins by adjudication}
Score of Shelter vs Baseline: 774 - 838 - 379  [0.484] 1991
Started game 2004 of 10000 (Baseline vs Shelter)
Finished game 1995 (Shelter vs Baseline): 1-0 {White wins by adjudication}
Score of Shelter vs Baseline: 775 - 838 - 379  [0.484] 1992
Started game 2005 of 10000 (Shelter vs Baseline)
Finished game 1991 (Shelter vs Baseline): 0-1 {Black wins by adjudication}
Score of Shelter vs Baseline: 775 - 839 - 379  [0.484] 1993
Started game 2006 of 10000 (Baseline vs Shelter)
Finished game 1993 (Shelter vs Baseline): 0-1 {Black mates}
Score of Shelter vs Baseline: 775 - 840 - 379  [0.484] 1994
Started game 2007 of 10000 (Shelter vs Baseline)
Finished game 1994 (Baseline vs Shelter): 1-0 {White wins by adjudication}
Score of Shelter vs Baseline: 775 - 841 - 379  [0.483] 1995
Started game 2008 of 10000 (Baseline vs Shelter)
Finished game 1999 (Shelter vs Baseline): 0-1 {Black wins by adjudication}
Score of Shelter vs Baseline: 775 - 842 - 379  [0.483] 1996
Started game 2009 of 10000 (Shelter vs Baseline)
Finished game 1997 (Shelter vs Baseline): 0-1 {Black wins by adjudication}
Score of Shelter vs Baseline: 775 - 843 - 379  [0.483] 1997
Started game 2010 of 10000 (Baseline vs Shelter)
Finished game 1996 (Baseline vs Shelter): 1/2-1/2 {Draw by insufficient mating material}
Score of Shelter vs Baseline: 775 - 843 - 380  [0.483] 1998
Started game 2011 of 10000 (Shelter vs Baseline)
Finished game 2001 (Shelter vs Baseline): 0-1 {Black wins by adjudication}
Score of Shelter vs Baseline: 775 - 844 - 380  [0.483] 1999
Started game 2012 of 10000 (Baseline vs Shelter)
Finished game 2000 (Baseline vs Shelter): 1-0 {White wins by adjudication}
Score of Shelter vs Baseline: 775 - 845 - 380  [0.482] 2000
Started game 2013 of 10000 (Shelter vs Baseline)
Finished game 1998 (Baseline vs Shelter): 0-1 {Black wins by adjudication}
Score of Shelter vs Baseline: 776 - 845 - 380  [0.483] 2001
Started game 2014 of 10000 (Baseline vs Shelter)
Finished game 2004 (Baseline vs Shelter): 1-0 {White wins by adjudication}
Score of Shelter vs Baseline: 776 - 846 - 380  [0.483] 2002
Started game 2015 of 10000 (Shelter vs Baseline)
Finished game 2003 (Shelter vs Baseline): 0-1 {Black wins by adjudication}
Score of Shelter vs Baseline: 776 - 847 - 380  [0.482] 2003
Started game 2016 of 10000 (Baseline vs Shelter)
Finished game 2006 (Baseline vs Shelter): 1-0 {White wins by adjudication}
Score of Shelter vs Baseline: 776 - 848 - 380  [0.482] 2004
Started game 2017 of 10000 (Shelter vs Baseline)
Finished game 2005 (Shelter vs Baseline): 1/2-1/2 {Draw by insufficient mating material}
Score of Shelter vs Baseline: 776 - 848 - 381  [0.482] 2005
Started game 2018 of 10000 (Baseline vs Shelter)
Finished game 2007 (Shelter vs Baseline): 1-0 {White wins by adjudication}
Score of Shelter vs Baseline: 777 - 848 - 381  [0.482] 2006
Started game 2019 of 10000 (Shelter vs Baseline)
Finished game 2002 (Baseline vs Shelter): 0-1 {Black wins by adjudication}
Score of Shelter vs Baseline: 778 - 848 - 381  [0.483] 2007
Started game 2020 of 10000 (Baseline vs Shelter)
Finished game 2010 (Baseline vs Shelter): 0-1 {Black wins by adjudication}
Score of Shelter vs Baseline: 779 - 848 - 381  [0.483] 2008
Started game 2021 of 10000 (Shelter vs Baseline)
Finished game 2014 (Baseline vs Shelter): 1-0 {White wins by adjudication}
Score of Shelter vs Baseline: 779 - 849 - 381  [0.483] 2009
Started game 2022 of 10000 (Baseline vs Shelter)
Finished game 2009 (Shelter vs Baseline): 1/2-1/2 {Draw by insufficient mating material}
Score of Shelter vs Baseline: 779 - 849 - 382  [0.483] 2010
Started game 2023 of 10000 (Shelter vs Baseline)
Finished game 2013 (Shelter vs Baseline): 0-1 {Black wins by adjudication}
Score of Shelter vs Baseline: 779 - 850 - 382  [0.482] 2011
Started game 2024 of 10000 (Baseline vs Shelter)
Finished game 2015 (Shelter vs Baseline): 1-0 {White wins by adjudication}
Score of Shelter vs Baseline: 780 - 850 - 382  [0.483] 2012
Started game 2025 of 10000 (Shelter vs Baseline)
Finished game 2008 (Baseline vs Shelter): 0-1 {Black wins by adjudication}
Score of Shelter vs Baseline: 781 - 850 - 382  [0.483] 2013
Started game 2026 of 10000 (Baseline vs Shelter)
Finished game 2011 (Shelter vs Baseline): 0-1 {Black wins by adjudication}
Score of Shelter vs Baseline: 781 - 851 - 382  [0.483] 2014
Started game 2027 of 10000 (Shelter vs Baseline)
Finished game 2019 (Shelter vs Baseline): 0-1 {Black wins by adjudication}
Score of Shelter vs Baseline: 781 - 852 - 382  [0.482] 2015
Started game 2028 of 10000 (Baseline vs Shelter)
Finished game 2016 (Baseline vs Shelter): 1-0 {White wins by adjudication}
Score of Shelter vs Baseline: 781 - 853 - 382  [0.482] 2016
Started game 2029 of 10000 (Shelter vs Baseline)
Finished game 2018 (Baseline vs Shelter): 1-0 {White wins by adjudication}
Score of Shelter vs Baseline: 781 - 854 - 382  [0.482] 2017
Started game 2030 of 10000 (Baseline vs Shelter)
Finished game 2017 (Shelter vs Baseline): 1-0 {White wins by adjudication}
Score of Shelter vs Baseline: 782 - 854 - 382  [0.482] 2018
Started game 2031 of 10000 (Shelter vs Baseline)
Finished game 2020 (Baseline vs Shelter): 0-1 {Black wins by adjudication}
Score of Shelter vs Baseline: 783 - 854 - 382  [0.482] 2019
Started game 2032 of 10000 (Baseline vs Shelter)
Finished game 2021 (Shelter vs Baseline): 1-0 {White wins by adjudication}
Score of Shelter vs Baseline: 784 - 854 - 382  [0.483] 2020
Started game 2033 of 10000 (Shelter vs Baseline)
Finished game 2012 (Baseline vs Shelter): 1/2-1/2 {Draw by fifty moves rule}
Score of Shelter vs Baseline: 784 - 854 - 383  [0.483] 2021
Started game 2034 of 10000 (Baseline vs Shelter)
Finished game 2027 (Shelter vs Baseline): 1/2-1/2 {Draw by 3-fold repetition}
Score of Shelter vs Baseline: 784 - 854 - 384  [0.483] 2022
Started game 2035 of 10000 (Shelter vs Baseline)
Finished game 2028 (Baseline vs Shelter): 1-0 {White wins by adjudication}
Score of Shelter vs Baseline: 784 - 855 - 384  [0.482] 2023
Started game 2036 of 10000 (Baseline vs Shelter)
Finished game 2026 (Baseline vs Shelter): 0-1 {Black wins by adjudication}
Score of Shelter vs Baseline: 785 - 855 - 384  [0.483] 2024
Started game 2037 of 10000 (Shelter vs Baseline)
Finished game 2024 (Baseline vs Shelter): 1-0 {White wins by adjudication}
Score of Shelter vs Baseline: 785 - 856 - 384  [0.482] 2025
Started game 2038 of 10000 (Baseline vs Shelter)
Finished game 2029 (Shelter vs Baseline): 0-1 {Black wins by adjudication}
Score of Shelter vs Baseline: 785 - 857 - 384  [0.482] 2026
Started game 2039 of 10000 (Shelter vs Baseline)
Finished game 2023 (Shelter vs Baseline): 1/2-1/2 {Draw by 3-fold repetition}
Score of Shelter vs Baseline: 785 - 857 - 385  [0.482] 2027
Started game 2040 of 10000 (Baseline vs Shelter)
Finished game 2025 (Shelter vs Baseline): 1-0 {White wins by adjudication}
Score of Shelter vs Baseline: 786 - 857 - 385  [0.482] 2028
Started game 2041 of 10000 (Shelter vs Baseline)
Finished game 2031 (Shelter vs Baseline): 1/2-1/2 {Draw by adjudication}
Score of Shelter vs Baseline: 786 - 857 - 386  [0.483] 2029
Started game 2042 of 10000 (Baseline vs Shelter)
Finished game 2030 (Baseline vs Shelter): 0-1 {Black wins by adjudication}
Score of Shelter vs Baseline: 787 - 857 - 386  [0.483] 2030
Started game 2043 of 10000 (Shelter vs Baseline)
Finished game 2032 (Baseline vs Shelter): 1-0 {White wins by adjudication}
Score of Shelter vs Baseline: 787 - 858 - 386  [0.483] 2031
Started game 2044 of 10000 (Baseline vs Shelter)
Finished game 2034 (Baseline vs Shelter): 1/2-1/2 {Draw by 3-fold repetition}
Score of Shelter vs Baseline: 787 - 858 - 387  [0.483] 2032
Started game 2045 of 10000 (Shelter vs Baseline)
Finished game 2035 (Shelter vs Baseline): 0-1 {Black wins by adjudication}
Score of Shelter vs Baseline: 787 - 859 - 387  [0.482] 2033
Started game 2046 of 10000 (Baseline vs Shelter)
Finished game 2022 (Baseline vs Shelter): 1/2-1/2 {Draw by insufficient mating material}
Score of Shelter vs Baseline: 787 - 859 - 388  [0.482] 2034
Started game 2047 of 10000 (Shelter vs Baseline)
Finished game 2033 (Shelter vs Baseline): 1-0 {White wins by adjudication}
Score of Shelter vs Baseline: 788 - 859 - 388  [0.483] 2035
Started game 2048 of 10000 (Baseline vs Shelter)
Finished game 2036 (Baseline vs Shelter): 1-0 {White wins by adjudication}
Score of Shelter vs Baseline: 788 - 860 - 388  [0.482] 2036
Started game 2049 of 10000 (Shelter vs Baseline)
Finished game 2038 (Baseline vs Shelter): 0-1 {Black wins by adjudication}
Score of Shelter vs Baseline: 789 - 860 - 388  [0.483] 2037
Started game 2050 of 10000 (Baseline vs Shelter)
Finished game 2041 (Shelter vs Baseline): 1/2-1/2 {Draw by insufficient mating material}
Score of Shelter vs Baseline: 789 - 860 - 389  [0.483] 2038
Started game 2051 of 10000 (Shelter vs Baseline)
Finished game 2042 (Baseline vs Shelter): 1/2-1/2 {Draw by adjudication}
Score of Shelter vs Baseline: 789 - 860 - 390  [0.483] 2039
Started game 2052 of 10000 (Baseline vs Shelter)
Finished game 2040 (Baseline vs Shelter): 1-0 {White wins by adjudication}
Score of Shelter vs Baseline: 789 - 861 - 390  [0.482] 2040
Started game 2053 of 10000 (Shelter vs Baseline)
Finished game 2043 (Shelter vs Baseline): 0-1 {Black wins by adjudication}
Score of Shelter vs Baseline: 789 - 862 - 390  [0.482] 2041
Started game 2054 of 10000 (Baseline vs Shelter)
Finished game 2048 (Baseline vs Shelter): 1-0 {White wins by adjudication}
Score of Shelter vs Baseline: 789 - 863 - 390  [0.482] 2042
Started game 2055 of 10000 (Shelter vs Baseline)
Finished game 2037 (Shelter vs Baseline): 1-0 {White wins by adjudication}
Score of Shelter vs Baseline: 790 - 863 - 390  [0.482] 2043
Started game 2056 of 10000 (Baseline vs Shelter)
Finished game 2039 (Shelter vs Baseline): 1-0 {White wins by adjudication}
Score of Shelter vs Baseline: 791 - 863 - 390  [0.482] 2044
Started game 2057 of 10000 (Shelter vs Baseline)
Finished game 2047 (Shelter vs Baseline): 0-1 {Black wins by adjudication}
Score of Shelter vs Baseline: 791 - 864 - 390  [0.482] 2045
Started game 2058 of 10000 (Baseline vs Shelter)
Finished game 2045 (Shelter vs Baseline): 1/2-1/2 {Draw by 3-fold repetition}
Score of Shelter vs Baseline: 791 - 864 - 391  [0.482] 2046
Started game 2059 of 10000 (Shelter vs Baseline)
Finished game 2046 (Baseline vs Shelter): 1-0 {White wins by adjudication}
Score of Shelter vs Baseline: 791 - 865 - 391  [0.482] 2047
Started game 2060 of 10000 (Baseline vs Shelter)
Finished game 2044 (Baseline vs Shelter): 1/2-1/2 {Draw by 3-fold repetition}
Score of Shelter vs Baseline: 791 - 865 - 392  [0.482] 2048
Started game 2061 of 10000 (Shelter vs Baseline)
Finished game 2049 (Shelter vs Baseline): 0-1 {Black wins by adjudication}
Score of Shelter vs Baseline: 791 - 866 - 392  [0.482] 2049
Started game 2062 of 10000 (Baseline vs Shelter)
Finished game 2057 (Shelter vs Baseline): 1-0 {White wins by adjudication}
Score of Shelter vs Baseline: 792 - 866 - 392  [0.482] 2050
Started game 2063 of 10000 (Shelter vs Baseline)
Finished game 2056 (Baseline vs Shelter): 1/2-1/2 {Draw by 3-fold repetition}
Score of Shelter vs Baseline: 792 - 866 - 393  [0.482] 2051
Started game 2064 of 10000 (Baseline vs Shelter)
Finished game 2053 (Shelter vs Baseline): 0-1 {Black wins by adjudication}
Score of Shelter vs Baseline: 792 - 867 - 393  [0.482] 2052
Started game 2065 of 10000 (Shelter vs Baseline)
Finished game 2052 (Baseline vs Shelter): 1-0 {White wins by adjudication}
Score of Shelter vs Baseline: 792 - 868 - 393  [0.481] 2053
Started game 2066 of 10000 (Baseline vs Shelter)
Finished game 2051 (Shelter vs Baseline): 0-1 {Black wins by adjudication}
Score of Shelter vs Baseline: 792 - 869 - 393  [0.481] 2054
Started game 2067 of 10000 (Shelter vs Baseline)
Finished game 2061 (Shelter vs Baseline): 0-1 {Black wins by adjudication}
Score of Shelter vs Baseline: 792 - 870 - 393  [0.481] 2055
Started game 2068 of 10000 (Baseline vs Shelter)
Finished game 2059 (Shelter vs Baseline): 1-0 {White wins by adjudication}
Score of Shelter vs Baseline: 793 - 870 - 393  [0.481] 2056
Started game 2069 of 10000 (Shelter vs Baseline)
Finished game 2060 (Baseline vs Shelter): 1-0 {White wins by adjudication}
Score of Shelter vs Baseline: 793 - 871 - 393  [0.481] 2057
Started game 2070 of 10000 (Baseline vs Shelter)
Finished game 2055 (Shelter vs Baseline): 0-1 {Black wins by adjudication}
Score of Shelter vs Baseline: 793 - 872 - 393  [0.481] 2058
Started game 2071 of 10000 (Shelter vs Baseline)
Finished game 2050 (Baseline vs Shelter): 1/2-1/2 {Draw by fifty moves rule}
Score of Shelter vs Baseline: 793 - 872 - 394  [0.481] 2059
Started game 2072 of 10000 (Baseline vs Shelter)
Finished game 2054 (Baseline vs Shelter): 0-1 {Black mates}
Score of Shelter vs Baseline: 794 - 872 - 394  [0.481] 2060
Started game 2073 of 10000 (Shelter vs Baseline)
Finished game 2062 (Baseline vs Shelter): 1-0 {White wins by adjudication}
Score of Shelter vs Baseline: 794 - 873 - 394  [0.481] 2061
Started game 2074 of 10000 (Baseline vs Shelter)
Finished game 2064 (Baseline vs Shelter): 0-1 {Black wins by adjudication}
Score of Shelter vs Baseline: 795 - 873 - 394  [0.481] 2062
Started game 2075 of 10000 (Shelter vs Baseline)
Finished game 2068 (Baseline vs Shelter): 0-1 {Black wins by adjudication}
Score of Shelter vs Baseline: 796 - 873 - 394  [0.481] 2063
Started game 2076 of 10000 (Baseline vs Shelter)
Finished game 2069 (Shelter vs Baseline): 1-0 {White wins by adjudication}
Score of Shelter vs Baseline: 797 - 873 - 394  [0.482] 2064
Started game 2077 of 10000 (Shelter vs Baseline)
Finished game 2063 (Shelter vs Baseline): 1-0 {White wins by adjudication}
Score of Shelter vs Baseline: 798 - 873 - 394  [0.482] 2065
Started game 2078 of 10000 (Baseline vs Shelter)
Finished game 2071 (Shelter vs Baseline): 1-0 {White wins by adjudication}
Score of Shelter vs Baseline: 799 - 873 - 394  [0.482] 2066
Started game 2079 of 10000 (Shelter vs Baseline)
Finished game 2067 (Shelter vs Baseline): 1/2-1/2 {Draw by 3-fold repetition}
Score of Shelter vs Baseline: 799 - 873 - 395  [0.482] 2067
Started game 2080 of 10000 (Baseline vs Shelter)
Finished game 2065 (Shelter vs Baseline): 1/2-1/2 {Draw by adjudication}
Score of Shelter vs Baseline: 799 - 873 - 396  [0.482] 2068
Started game 2081 of 10000 (Shelter vs Baseline)
Finished game 2070 (Baseline vs Shelter): 0-1 {Black wins by adjudication}
Score of Shelter vs Baseline: 800 - 873 - 396  [0.482] 2069
Started game 2082 of 10000 (Baseline vs Shelter)
Finished game 2058 (Baseline vs Shelter): 1/2-1/2 {Draw by fifty moves rule}
Score of Shelter vs Baseline: 800 - 873 - 397  [0.482] 2070
Started game 2083 of 10000 (Shelter vs Baseline)
Finished game 2075 (Shelter vs Baseline): 0-1 {Black wins by adjudication}
Score of Shelter vs Baseline: 800 - 874 - 397  [0.482] 2071
Started game 2084 of 10000 (Baseline vs Shelter)
Finished game 2066 (Baseline vs Shelter): 1/2-1/2 {Draw by adjudication}
Score of Shelter vs Baseline: 800 - 874 - 398  [0.482] 2072
Started game 2085 of 10000 (Shelter vs Baseline)
Finished game 2074 (Baseline vs Shelter): 1-0 {White wins by adjudication}
Score of Shelter vs Baseline: 800 - 875 - 398  [0.482] 2073
Started game 2086 of 10000 (Baseline vs Shelter)
Finished game 2077 (Shelter vs Baseline): 0-1 {Black wins by adjudication}
Score of Shelter vs Baseline: 800 - 876 - 398  [0.482] 2074
Started game 2087 of 10000 (Shelter vs Baseline)
Finished game 2073 (Shelter vs Baseline): 1/2-1/2 {Draw by insufficient mating material}
Score of Shelter vs Baseline: 800 - 876 - 399  [0.482] 2075
Started game 2088 of 10000 (Baseline vs Shelter)
Finished game 2076 (Baseline vs Shelter): 1-0 {White wins by adjudication}
Score of Shelter vs Baseline: 800 - 877 - 399  [0.481] 2076
Started game 2089 of 10000 (Shelter vs Baseline)
Finished game 2072 (Baseline vs Shelter): 1/2-1/2 {Draw by insufficient mating material}
Score of Shelter vs Baseline: 800 - 877 - 400  [0.481] 2077
Started game 2090 of 10000 (Baseline vs Shelter)
Finished game 2083 (Shelter vs Baseline): 1/2-1/2 {Draw by 3-fold repetition}
Score of Shelter vs Baseline: 800 - 877 - 401  [0.481] 2078
Started game 2091 of 10000 (Shelter vs Baseline)
Finished game 2078 (Baseline vs Shelter): 0-1 {Black wins by adjudication}
Score of Shelter vs Baseline: 801 - 877 - 401  [0.482] 2079
Started game 2092 of 10000 (Baseline vs Shelter)
Finished game 2080 (Baseline vs Shelter): 0-1 {Black wins by adjudication}
Score of Shelter vs Baseline: 802 - 877 - 401  [0.482] 2080
Started game 2093 of 10000 (Shelter vs Baseline)
Finished game 2081 (Shelter vs Baseline): 1/2-1/2 {Draw by 3-fold repetition}
Score of Shelter vs Baseline: 802 - 877 - 402  [0.482] 2081
Started game 2094 of 10000 (Baseline vs Shelter)
Finished game 2088 (Baseline vs Shelter): 1-0 {White wins by adjudication}
Score of Shelter vs Baseline: 802 - 878 - 402  [0.482] 2082
Started game 2095 of 10000 (Shelter vs Baseline)
Finished game 2085 (Shelter vs Baseline): 1-0 {White wins by adjudication}
Score of Shelter vs Baseline: 803 - 878 - 402  [0.482] 2083
Started game 2096 of 10000 (Baseline vs Shelter)
Finished game 2082 (Baseline vs Shelter): 0-1 {Black wins by adjudication}
Score of Shelter vs Baseline: 804 - 878 - 402  [0.482] 2084
Started game 2097 of 10000 (Shelter vs Baseline)
Finished game 2087 (Shelter vs Baseline): 0-1 {Black wins by adjudication}
Score of Shelter vs Baseline: 804 - 879 - 402  [0.482] 2085
Started game 2098 of 10000 (Baseline vs Shelter)
Finished game 2091 (Shelter vs Baseline): 1-0 {White wins by adjudication}
Score of Shelter vs Baseline: 805 - 879 - 402  [0.482] 2086
Started game 2099 of 10000 (Shelter vs Baseline)
Finished game 2092 (Baseline vs Shelter): 1-0 {White wins by adjudication}
Score of Shelter vs Baseline: 805 - 880 - 402  [0.482] 2087
Started game 2100 of 10000 (Baseline vs Shelter)
Finished game 2090 (Baseline vs Shelter): 1-0 {White wins by adjudication}
Score of Shelter vs Baseline: 805 - 881 - 402  [0.482] 2088
Started game 2101 of 10000 (Shelter vs Baseline)
Finished game 2086 (Baseline vs Shelter): 1/2-1/2 {Draw by adjudication}
Score of Shelter vs Baseline: 805 - 881 - 403  [0.482] 2089
Started game 2102 of 10000 (Baseline vs Shelter)
Finished game 2089 (Shelter vs Baseline): 1/2-1/2 {Draw by 3-fold repetition}
Score of Shelter vs Baseline: 805 - 881 - 404  [0.482] 2090
Started game 2103 of 10000 (Shelter vs Baseline)
Finished game 2084 (Baseline vs Shelter): 0-1 {Black wins by adjudication}
Score of Shelter vs Baseline: 806 - 881 - 404  [0.482] 2091
Started game 2104 of 10000 (Baseline vs Shelter)
Finished game 2094 (Baseline vs Shelter): 1-0 {White wins by adjudication}
Score of Shelter vs Baseline: 806 - 882 - 404  [0.482] 2092
Started game 2105 of 10000 (Shelter vs Baseline)
Finished game 2079 (Shelter vs Baseline): 1/2-1/2 {Draw by 3-fold repetition}
Score of Shelter vs Baseline: 806 - 882 - 405  [0.482] 2093
Started game 2106 of 10000 (Baseline vs Shelter)
Finished game 2095 (Shelter vs Baseline): 0-1 {Black wins by adjudication}
Score of Shelter vs Baseline: 806 - 883 - 405  [0.482] 2094
Started game 2107 of 10000 (Shelter vs Baseline)
Finished game 2093 (Shelter vs Baseline): 1-0 {White wins by adjudication}
Score of Shelter vs Baseline: 807 - 883 - 405  [0.482] 2095
Started game 2108 of 10000 (Baseline vs Shelter)
Finished game 2100 (Baseline vs Shelter): 0-1 {Black wins by adjudication}
Score of Shelter vs Baseline: 808 - 883 - 405  [0.482] 2096
Started game 2109 of 10000 (Shelter vs Baseline)
Finished game 2096 (Baseline vs Shelter): 1-0 {White wins by adjudication}
Score of Shelter vs Baseline: 808 - 884 - 405  [0.482] 2097
Started game 2110 of 10000 (Baseline vs Shelter)
Finished game 2101 (Shelter vs Baseline): 0-1 {Black wins by adjudication}
Score of Shelter vs Baseline: 808 - 885 - 405  [0.482] 2098
Started game 2111 of 10000 (Shelter vs Baseline)
Finished game 2104 (Baseline vs Shelter): 0-1 {Black wins by adjudication}
Score of Shelter vs Baseline: 809 - 885 - 405  [0.482] 2099
Started game 2112 of 10000 (Baseline vs Shelter)
Finished game 2098 (Baseline vs Shelter): 1-0 {White wins by adjudication}
Score of Shelter vs Baseline: 809 - 886 - 405  [0.482] 2100
Started game 2113 of 10000 (Shelter vs Baseline)
Finished game 2102 (Baseline vs Shelter): 0-1 {Black wins by adjudication}
Score of Shelter vs Baseline: 810 - 886 - 405  [0.482] 2101
Started game 2114 of 10000 (Baseline vs Shelter)
Finished game 2097 (Shelter vs Baseline): 1-0 {White wins by adjudication}
Score of Shelter vs Baseline: 811 - 886 - 405  [0.482] 2102
Started game 2115 of 10000 (Shelter vs Baseline)
Finished game 2103 (Shelter vs Baseline): 1-0 {White wins by adjudication}
Score of Shelter vs Baseline: 812 - 886 - 405  [0.482] 2103
Started game 2116 of 10000 (Baseline vs Shelter)
Finished game 2099 (Shelter vs Baseline): 1-0 {White wins by adjudication}
Score of Shelter vs Baseline: 813 - 886 - 405  [0.483] 2104
Started game 2117 of 10000 (Shelter vs Baseline)
Finished game 2105 (Shelter vs Baseline): 0-1 {Black wins by adjudication}
Score of Shelter vs Baseline: 813 - 887 - 405  [0.482] 2105
Started game 2118 of 10000 (Baseline vs Shelter)
Finished game 2107 (Shelter vs Baseline): 0-1 {Black wins by adjudication}
Score of Shelter vs Baseline: 813 - 888 - 405  [0.482] 2106
Started game 2119 of 10000 (Shelter vs Baseline)
Finished game 2106 (Baseline vs Shelter): 1/2-1/2 {Draw by stalemate}
Score of Shelter vs Baseline: 813 - 888 - 406  [0.482] 2107
Started game 2120 of 10000 (Baseline vs Shelter)
Finished game 2112 (Baseline vs Shelter): 1-0 {White wins by adjudication}
Score of Shelter vs Baseline: 813 - 889 - 406  [0.482] 2108
Started game 2121 of 10000 (Shelter vs Baseline)
Finished game 2108 (Baseline vs Shelter): 1/2-1/2 {Draw by insufficient mating material}
Score of Shelter vs Baseline: 813 - 889 - 407  [0.482] 2109
Started game 2122 of 10000 (Baseline vs Shelter)
Finished game 2111 (Shelter vs Baseline): 1-0 {White wins by adjudication}
Score of Shelter vs Baseline: 814 - 889 - 407  [0.482] 2110
Started game 2123 of 10000 (Shelter vs Baseline)
Finished game 2114 (Baseline vs Shelter): 0-1 {Black wins by adjudication}
Score of Shelter vs Baseline: 815 - 889 - 407  [0.482] 2111
Started game 2124 of 10000 (Baseline vs Shelter)
Finished game 2109 (Shelter vs Baseline): 1-0 {White wins by adjudication}
Score of Shelter vs Baseline: 816 - 889 - 407  [0.483] 2112
Started game 2125 of 10000 (Shelter vs Baseline)
Finished game 2113 (Shelter vs Baseline): 1-0 {White wins by adjudication}
Score of Shelter vs Baseline: 817 - 889 - 407  [0.483] 2113
Started game 2126 of 10000 (Baseline vs Shelter)
Finished game 2110 (Baseline vs Shelter): 0-1 {Black wins by adjudication}
Score of Shelter vs Baseline: 818 - 889 - 407  [0.483] 2114
Started game 2127 of 10000 (Shelter vs Baseline)
Finished game 2115 (Shelter vs Baseline): 0-1 {Black wins by adjudication}
Score of Shelter vs Baseline: 818 - 890 - 407  [0.483] 2115
Started game 2128 of 10000 (Baseline vs Shelter)
Finished game 2116 (Baseline vs Shelter): 1-0 {White wins by adjudication}
Score of Shelter vs Baseline: 818 - 891 - 407  [0.483] 2116
Started game 2129 of 10000 (Shelter vs Baseline)
Finished game 2119 (Shelter vs Baseline): 1-0 {White wins by adjudication}
Score of Shelter vs Baseline: 819 - 891 - 407  [0.483] 2117
Started game 2130 of 10000 (Baseline vs Shelter)
Finished game 2121 (Shelter vs Baseline): 1/2-1/2 {Draw by insufficient mating material}
Score of Shelter vs Baseline: 819 - 891 - 408  [0.483] 2118
Started game 2131 of 10000 (Shelter vs Baseline)
Finished game 2125 (Shelter vs Baseline): 1/2-1/2 {Draw by adjudication}
Score of Shelter vs Baseline: 819 - 891 - 409  [0.483] 2119
Started game 2132 of 10000 (Baseline vs Shelter)
Finished game 2126 (Baseline vs Shelter): 1-0 {White wins by adjudication}
Score of Shelter vs Baseline: 819 - 892 - 409  [0.483] 2120
Started game 2133 of 10000 (Shelter vs Baseline)
Finished game 2120 (Baseline vs Shelter): 1-0 {White wins by adjudication}
Score of Shelter vs Baseline: 819 - 893 - 409  [0.483] 2121
Started game 2134 of 10000 (Baseline vs Shelter)
Finished game 2129 (Shelter vs Baseline): 0-1 {Black wins by adjudication}
Score of Shelter vs Baseline: 819 - 894 - 409  [0.482] 2122
Started game 2135 of 10000 (Shelter vs Baseline)
Finished game 2117 (Shelter vs Baseline): 1/2-1/2 {Draw by adjudication}
Score of Shelter vs Baseline: 819 - 894 - 410  [0.482] 2123
Started game 2136 of 10000 (Baseline vs Shelter)
Finished game 2128 (Baseline vs Shelter): 0-1 {Black wins by adjudication}
Score of Shelter vs Baseline: 820 - 894 - 410  [0.483] 2124
Started game 2137 of 10000 (Shelter vs Baseline)
Finished game 2127 (Shelter vs Baseline): 1/2-1/2 {Draw by insufficient mating material}
Score of Shelter vs Baseline: 820 - 894 - 411  [0.483] 2125
Started game 2138 of 10000 (Baseline vs Shelter)
Finished game 2124 (Baseline vs Shelter): 1/2-1/2 {Draw by 3-fold repetition}
Score of Shelter vs Baseline: 820 - 894 - 412  [0.483] 2126
Started game 2139 of 10000 (Shelter vs Baseline)
Finished game 2118 (Baseline vs Shelter): 1-0 {White wins by adjudication}
Score of Shelter vs Baseline: 820 - 895 - 412  [0.482] 2127
Started game 2140 of 10000 (Baseline vs Shelter)
Finished game 2122 (Baseline vs Shelter): 1/2-1/2 {Draw by adjudication}
Score of Shelter vs Baseline: 820 - 895 - 413  [0.482] 2128
Started game 2141 of 10000 (Shelter vs Baseline)
Finished game 2123 (Shelter vs Baseline): 1/2-1/2 {Draw by adjudication}
Score of Shelter vs Baseline: 820 - 895 - 414  [0.482] 2129
Started game 2142 of 10000 (Baseline vs Shelter)
Finished game 2130 (Baseline vs Shelter): 0-1 {Black wins by adjudication}
Score of Shelter vs Baseline: 821 - 895 - 414  [0.483] 2130
Started game 2143 of 10000 (Shelter vs Baseline)
Finished game 2136 (Baseline vs Shelter): 1/2-1/2 {Draw by 3-fold repetition}
Score of Shelter vs Baseline: 821 - 895 - 415  [0.483] 2131
Started game 2144 of 10000 (Baseline vs Shelter)
Finished game 2131 (Shelter vs Baseline): 1-0 {White wins by adjudication}
Score of Shelter vs Baseline: 822 - 895 - 415  [0.483] 2132
Started game 2145 of 10000 (Shelter vs Baseline)
Finished game 2135 (Shelter vs Baseline): 0-1 {Black wins by adjudication}
Score of Shelter vs Baseline: 822 - 896 - 415  [0.483] 2133
Started game 2146 of 10000 (Baseline vs Shelter)
Finished game 2133 (Shelter vs Baseline): 0-1 {Black wins by adjudication}
Score of Shelter vs Baseline: 822 - 897 - 415  [0.482] 2134
Started game 2147 of 10000 (Shelter vs Baseline)
Finished game 2140 (Baseline vs Shelter): 1-0 {White wins by adjudication}
Score of Shelter vs Baseline: 822 - 898 - 415  [0.482] 2135
Started game 2148 of 10000 (Baseline vs Shelter)
Finished game 2142 (Baseline vs Shelter): 1/2-1/2 {Draw by 3-fold repetition}
Score of Shelter vs Baseline: 822 - 898 - 416  [0.482] 2136
Started game 2149 of 10000 (Shelter vs Baseline)
Finished game 2141 (Shelter vs Baseline): 1-0 {White wins by adjudication}
Score of Shelter vs Baseline: 823 - 898 - 416  [0.482] 2137
Started game 2150 of 10000 (Baseline vs Shelter)
Finished game 2132 (Baseline vs Shelter): 1-0 {White wins by adjudication}
Score of Shelter vs Baseline: 823 - 899 - 416  [0.482] 2138
Started game 2151 of 10000 (Shelter vs Baseline)
Finished game 2134 (Baseline vs Shelter): 1/2-1/2 {Draw by adjudication}
Score of Shelter vs Baseline: 823 - 899 - 417  [0.482] 2139
Started game 2152 of 10000 (Baseline vs Shelter)
Finished game 2144 (Baseline vs Shelter): 0-1 {Black wins by adjudication}
Score of Shelter vs Baseline: 824 - 899 - 417  [0.482] 2140
Started game 2153 of 10000 (Shelter vs Baseline)
Finished game 2139 (Shelter vs Baseline): 0-1 {Black wins by adjudication}
Score of Shelter vs Baseline: 824 - 900 - 417  [0.482] 2141
Started game 2154 of 10000 (Baseline vs Shelter)
Finished game 2143 (Shelter vs Baseline): 1-0 {White wins by adjudication}
Score of Shelter vs Baseline: 825 - 900 - 417  [0.482] 2142
Started game 2155 of 10000 (Shelter vs Baseline)
Finished game 2150 (Baseline vs Shelter): 0-1 {Black wins by adjudication}
Score of Shelter vs Baseline: 826 - 900 - 417  [0.483] 2143
Started game 2156 of 10000 (Baseline vs Shelter)
Finished game 2147 (Shelter vs Baseline): 1/2-1/2 {Draw by 3-fold repetition}
Score of Shelter vs Baseline: 826 - 900 - 418  [0.483] 2144
Started game 2157 of 10000 (Shelter vs Baseline)
Finished game 2146 (Baseline vs Shelter): 0-1 {Black wins by adjudication}
Score of Shelter vs Baseline: 827 - 900 - 418  [0.483] 2145
Started game 2158 of 10000 (Baseline vs Shelter)
Finished game 2148 (Baseline vs Shelter): 0-1 {Black wins by adjudication}
Score of Shelter vs Baseline: 828 - 900 - 418  [0.483] 2146
Started game 2159 of 10000 (Shelter vs Baseline)
Finished game 2137 (Shelter vs Baseline): 1-0 {White wins by adjudication}
Score of Shelter vs Baseline: 829 - 900 - 418  [0.483] 2147
Started game 2160 of 10000 (Baseline vs Shelter)
Finished game 2138 (Baseline vs Shelter): 1/2-1/2 {Draw by 3-fold repetition}
Score of Shelter vs Baseline: 829 - 900 - 419  [0.483] 2148
Started game 2161 of 10000 (Shelter vs Baseline)
Finished game 2153 (Shelter vs Baseline): 1-0 {White wins by adjudication}
Score of Shelter vs Baseline: 830 - 900 - 419  [0.484] 2149
Started game 2162 of 10000 (Baseline vs Shelter)
Finished game 2145 (Shelter vs Baseline): 0-1 {Black wins by adjudication}
Score of Shelter vs Baseline: 830 - 901 - 419  [0.483] 2150
Started game 2163 of 10000 (Shelter vs Baseline)
Finished game 2149 (Shelter vs Baseline): 1/2-1/2 {Draw by adjudication}
Score of Shelter vs Baseline: 830 - 901 - 420  [0.483] 2151
Started game 2164 of 10000 (Baseline vs Shelter)
Finished game 2152 (Baseline vs Shelter): 0-1 {Black mates}
Score of Shelter vs Baseline: 831 - 901 - 420  [0.484] 2152
Started game 2165 of 10000 (Shelter vs Baseline)
Finished game 2157 (Shelter vs Baseline): 1-0 {White wins by adjudication}
Score of Shelter vs Baseline: 832 - 901 - 420  [0.484] 2153
Started game 2166 of 10000 (Baseline vs Shelter)
Finished game 2151 (Shelter vs Baseline): 1/2-1/2 {Draw by fifty moves rule}
Score of Shelter vs Baseline: 832 - 901 - 421  [0.484] 2154
Started game 2167 of 10000 (Shelter vs Baseline)
Finished game 2156 (Baseline vs Shelter): 0-1 {Black wins by adjudication}
Score of Shelter vs Baseline: 833 - 901 - 421  [0.484] 2155
Started game 2168 of 10000 (Baseline vs Shelter)
Finished game 2159 (Shelter vs Baseline): 1-0 {White wins by adjudication}
Score of Shelter vs Baseline: 834 - 901 - 421  [0.484] 2156
Started game 2169 of 10000 (Shelter vs Baseline)
Finished game 2155 (Shelter vs Baseline): 1-0 {White wins by adjudication}
Score of Shelter vs Baseline: 835 - 901 - 421  [0.485] 2157
Started game 2170 of 10000 (Baseline vs Shelter)
Finished game 2160 (Baseline vs Shelter): 1-0 {White wins by adjudication}
Score of Shelter vs Baseline: 835 - 902 - 421  [0.484] 2158
Started game 2171 of 10000 (Shelter vs Baseline)
Finished game 2161 (Shelter vs Baseline): 1-0 {White wins by adjudication}
Score of Shelter vs Baseline: 836 - 902 - 421  [0.485] 2159
Started game 2172 of 10000 (Baseline vs Shelter)
Finished game 2163 (Shelter vs Baseline): 1-0 {White wins by adjudication}
Score of Shelter vs Baseline: 837 - 902 - 421  [0.485] 2160
Started game 2173 of 10000 (Shelter vs Baseline)
Finished game 2162 (Baseline vs Shelter): 1-0 {White wins by adjudication}
Score of Shelter vs Baseline: 837 - 903 - 421  [0.485] 2161
Started game 2174 of 10000 (Baseline vs Shelter)
Finished game 2164 (Baseline vs Shelter): 0-1 {Black wins by adjudication}
Score of Shelter vs Baseline: 838 - 903 - 421  [0.485] 2162
Started game 2175 of 10000 (Shelter vs Baseline)
Finished game 2154 (Baseline vs Shelter): 1-0 {White wins by adjudication}
Score of Shelter vs Baseline: 838 - 904 - 421  [0.485] 2163
Started game 2176 of 10000 (Baseline vs Shelter)
Finished game 2167 (Shelter vs Baseline): 0-1 {Black wins by adjudication}
Score of Shelter vs Baseline: 838 - 905 - 421  [0.485] 2164
Started game 2177 of 10000 (Shelter vs Baseline)
Finished game 2158 (Baseline vs Shelter): 1/2-1/2 {Draw by 3-fold repetition}
Score of Shelter vs Baseline: 838 - 905 - 422  [0.485] 2165
Started game 2178 of 10000 (Baseline vs Shelter)
Finished game 2172 (Baseline vs Shelter): 1-0 {White wins by adjudication}
Score of Shelter vs Baseline: 838 - 906 - 422  [0.484] 2166
Started game 2179 of 10000 (Shelter vs Baseline)
Finished game 2168 (Baseline vs Shelter): 1-0 {White wins by adjudication}
Score of Shelter vs Baseline: 838 - 907 - 422  [0.484] 2167
Started game 2180 of 10000 (Baseline vs Shelter)
Finished game 2166 (Baseline vs Shelter): 1/2-1/2 {Draw by 3-fold repetition}
Score of Shelter vs Baseline: 838 - 907 - 423  [0.484] 2168
Started game 2181 of 10000 (Shelter vs Baseline)
Finished game 2170 (Baseline vs Shelter): 1-0 {White wins by adjudication}
Score of Shelter vs Baseline: 838 - 908 - 423  [0.484] 2169
Started game 2182 of 10000 (Baseline vs Shelter)
Finished game 2173 (Shelter vs Baseline): 1/2-1/2 {Draw by 3-fold repetition}
Score of Shelter vs Baseline: 838 - 908 - 424  [0.484] 2170
Started game 2183 of 10000 (Shelter vs Baseline)
Finished game 2165 (Shelter vs Baseline): 0-1 {Black wins by adjudication}
Score of Shelter vs Baseline: 838 - 909 - 424  [0.484] 2171
Started game 2184 of 10000 (Baseline vs Shelter)
Finished game 2169 (Shelter vs Baseline): 0-1 {Black wins by adjudication}
Score of Shelter vs Baseline: 838 - 910 - 424  [0.483] 2172
Started game 2185 of 10000 (Shelter vs Baseline)
Finished game 2171 (Shelter vs Baseline): 0-1 {Black wins by adjudication}
Score of Shelter vs Baseline: 838 - 911 - 424  [0.483] 2173
Started game 2186 of 10000 (Baseline vs Shelter)
Finished game 2181 (Shelter vs Baseline): 1/2-1/2 {Draw by 3-fold repetition}
Score of Shelter vs Baseline: 838 - 911 - 425  [0.483] 2174
Started game 2187 of 10000 (Shelter vs Baseline)
Finished game 2174 (Baseline vs Shelter): 1-0 {White wins by adjudication}
Score of Shelter vs Baseline: 838 - 912 - 425  [0.483] 2175
Started game 2188 of 10000 (Baseline vs Shelter)
Finished game 2178 (Baseline vs Shelter): 1-0 {White wins by adjudication}
Score of Shelter vs Baseline: 838 - 913 - 425  [0.483] 2176
Started game 2189 of 10000 (Shelter vs Baseline)
Finished game 2175 (Shelter vs Baseline): 0-1 {Black wins by adjudication}
Score of Shelter vs Baseline: 838 - 914 - 425  [0.483] 2177
Started game 2190 of 10000 (Baseline vs Shelter)
Finished game 2187 (Shelter vs Baseline): 1-0 {White wins by adjudication}
Score of Shelter vs Baseline: 839 - 914 - 425  [0.483] 2178
Started game 2191 of 10000 (Shelter vs Baseline)
Finished game 2177 (Shelter vs Baseline): 1-0 {White wins by adjudication}
Score of Shelter vs Baseline: 840 - 914 - 425  [0.483] 2179
Started game 2192 of 10000 (Baseline vs Shelter)
Finished game 2182 (Baseline vs Shelter): 1-0 {White wins by adjudication}
Score of Shelter vs Baseline: 840 - 915 - 425  [0.483] 2180
Started game 2193 of 10000 (Shelter vs Baseline)
Finished game 2179 (Shelter vs Baseline): 1-0 {White wins by adjudication}
Score of Shelter vs Baseline: 841 - 915 - 425  [0.483] 2181
Started game 2194 of 10000 (Baseline vs Shelter)
Finished game 2185 (Shelter vs Baseline): 1-0 {White wins by adjudication}
Score of Shelter vs Baseline: 842 - 915 - 425  [0.483] 2182
Started game 2195 of 10000 (Shelter vs Baseline)
Finished game 2176 (Baseline vs Shelter): 1/2-1/2 {Draw by insufficient mating material}
Score of Shelter vs Baseline: 842 - 915 - 426  [0.483] 2183
Started game 2196 of 10000 (Baseline vs Shelter)
Finished game 2186 (Baseline vs Shelter): 1-0 {White wins by adjudication}
Score of Shelter vs Baseline: 842 - 916 - 426  [0.483] 2184
Started game 2197 of 10000 (Shelter vs Baseline)
Finished game 2188 (Baseline vs Shelter): 1-0 {White wins by adjudication}
Score of Shelter vs Baseline: 842 - 917 - 426  [0.483] 2185
Started game 2198 of 10000 (Baseline vs Shelter)
Finished game 2184 (Baseline vs Shelter): 0-1 {Black wins by adjudication}
Score of Shelter vs Baseline: 843 - 917 - 426  [0.483] 2186
Started game 2199 of 10000 (Shelter vs Baseline)
Finished game 2183 (Shelter vs Baseline): 0-1 {Black wins by adjudication}
Score of Shelter vs Baseline: 843 - 918 - 426  [0.483] 2187
Started game 2200 of 10000 (Baseline vs Shelter)
Finished game 2180 (Baseline vs Shelter): 1/2-1/2 {Draw by adjudication}
Score of Shelter vs Baseline: 843 - 918 - 427  [0.483] 2188
Started game 2201 of 10000 (Shelter vs Baseline)
Finished game 2189 (Shelter vs Baseline): 0-1 {Black wins by adjudication}
Score of Shelter vs Baseline: 843 - 919 - 427  [0.483] 2189
Started game 2202 of 10000 (Baseline vs Shelter)
Finished game 2191 (Shelter vs Baseline): 0-1 {Black wins by adjudication}
Score of Shelter vs Baseline: 843 - 920 - 427  [0.482] 2190
Started game 2203 of 10000 (Shelter vs Baseline)
Finished game 2190 (Baseline vs Shelter): 0-1 {Black wins by adjudication}
Score of Shelter vs Baseline: 844 - 920 - 427  [0.483] 2191
Started game 2204 of 10000 (Baseline vs Shelter)
Finished game 2192 (Baseline vs Shelter): 0-1 {Black wins by adjudication}
Score of Shelter vs Baseline: 845 - 920 - 427  [0.483] 2192
Started game 2205 of 10000 (Shelter vs Baseline)
Finished game 2194 (Baseline vs Shelter): 0-1 {Black wins by adjudication}
Score of Shelter vs Baseline: 846 - 920 - 427  [0.483] 2193
Started game 2206 of 10000 (Baseline vs Shelter)
Finished game 2196 (Baseline vs Shelter): 1-0 {White wins by adjudication}
Score of Shelter vs Baseline: 846 - 921 - 427  [0.483] 2194
Started game 2207 of 10000 (Shelter vs Baseline)
Finished game 2195 (Shelter vs Baseline): 0-1 {Black wins by adjudication}
Score of Shelter vs Baseline: 846 - 922 - 427  [0.483] 2195
Started game 2208 of 10000 (Baseline vs Shelter)
Finished game 2193 (Shelter vs Baseline): 0-1 {Black wins by adjudication}
Score of Shelter vs Baseline: 846 - 923 - 427  [0.482] 2196
Started game 2209 of 10000 (Shelter vs Baseline)
Finished game 2203 (Shelter vs Baseline): 1-0 {White wins by adjudication}
Score of Shelter vs Baseline: 847 - 923 - 427  [0.483] 2197
Started game 2210 of 10000 (Baseline vs Shelter)
Finished game 2198 (Baseline vs Shelter): 1-0 {White wins by adjudication}
Score of Shelter vs Baseline: 847 - 924 - 427  [0.482] 2198
Started game 2211 of 10000 (Shelter vs Baseline)
Finished game 2197 (Shelter vs Baseline): 0-1 {Black wins by adjudication}
Score of Shelter vs Baseline: 847 - 925 - 427  [0.482] 2199
Started game 2212 of 10000 (Baseline vs Shelter)
Finished game 2202 (Baseline vs Shelter): 0-1 {Black wins by adjudication}
Score of Shelter vs Baseline: 848 - 925 - 427  [0.482] 2200
Started game 2213 of 10000 (Shelter vs Baseline)
Finished game 2199 (Shelter vs Baseline): 0-1 {Black wins by adjudication}
Score of Shelter vs Baseline: 848 - 926 - 427  [0.482] 2201
Started game 2214 of 10000 (Baseline vs Shelter)
Finished game 2204 (Baseline vs Shelter): 1-0 {White wins by adjudication}
Score of Shelter vs Baseline: 848 - 927 - 427  [0.482] 2202
Started game 2215 of 10000 (Shelter vs Baseline)
Finished game 2206 (Baseline vs Shelter): 0-1 {Black wins by adjudication}
Score of Shelter vs Baseline: 849 - 927 - 427  [0.482] 2203
Started game 2216 of 10000 (Baseline vs Shelter)
Finished game 2201 (Shelter vs Baseline): 1-0 {White wins by adjudication}
Score of Shelter vs Baseline: 850 - 927 - 427  [0.483] 2204
Started game 2217 of 10000 (Shelter vs Baseline)
Finished game 2200 (Baseline vs Shelter): 1-0 {White wins by adjudication}
Score of Shelter vs Baseline: 850 - 928 - 427  [0.482] 2205
Started game 2218 of 10000 (Baseline vs Shelter)
Finished game 2205 (Shelter vs Baseline): 0-1 {Black wins by adjudication}
Score of Shelter vs Baseline: 850 - 929 - 427  [0.482] 2206
Started game 2219 of 10000 (Shelter vs Baseline)
Finished game 2211 (Shelter vs Baseline): 1-0 {White wins by adjudication}
Score of Shelter vs Baseline: 851 - 929 - 427  [0.482] 2207
Started game 2220 of 10000 (Baseline vs Shelter)
Finished game 2207 (Shelter vs Baseline): 1-0 {White wins by adjudication}
Score of Shelter vs Baseline: 852 - 929 - 427  [0.483] 2208
Started game 2221 of 10000 (Shelter vs Baseline)
Finished game 2209 (Shelter vs Baseline): 0-1 {Black wins by adjudication}
Score of Shelter vs Baseline: 852 - 930 - 427  [0.482] 2209
Started game 2222 of 10000 (Baseline vs Shelter)
Finished game 2212 (Baseline vs Shelter): 1-0 {White wins by adjudication}
Score of Shelter vs Baseline: 852 - 931 - 427  [0.482] 2210
Started game 2223 of 10000 (Shelter vs Baseline)
Finished game 2208 (Baseline vs Shelter): 1/2-1/2 {Draw by insufficient mating material}
Score of Shelter vs Baseline: 852 - 931 - 428  [0.482] 2211
Started game 2224 of 10000 (Baseline vs Shelter)
Finished game 2215 (Shelter vs Baseline): 0-1 {Black wins by adjudication}
Score of Shelter vs Baseline: 852 - 932 - 428  [0.482] 2212
Started game 2225 of 10000 (Shelter vs Baseline)
Finished game 2210 (Baseline vs Shelter): 1-0 {White mates}
Score of Shelter vs Baseline: 852 - 933 - 428  [0.482] 2213
Started game 2226 of 10000 (Baseline vs Shelter)
Finished game 2219 (Shelter vs Baseline): 1-0 {White mates}
Score of Shelter vs Baseline: 853 - 933 - 428  [0.482] 2214
Started game 2227 of 10000 (Shelter vs Baseline)
Finished game 2216 (Baseline vs Shelter): 1-0 {White wins by adjudication}
Score of Shelter vs Baseline: 853 - 934 - 428  [0.482] 2215
Started game 2228 of 10000 (Baseline vs Shelter)
Finished game 2218 (Baseline vs Shelter): 1-0 {White wins by adjudication}
Score of Shelter vs Baseline: 853 - 935 - 428  [0.481] 2216
Started game 2229 of 10000 (Shelter vs Baseline)
Finished game 2214 (Baseline vs Shelter): 0-1 {Black wins by adjudication}
Score of Shelter vs Baseline: 854 - 935 - 428  [0.482] 2217
Started game 2230 of 10000 (Baseline vs Shelter)
Finished game 2213 (Shelter vs Baseline): 1-0 {White wins by adjudication}
Score of Shelter vs Baseline: 855 - 935 - 428  [0.482] 2218
Started game 2231 of 10000 (Shelter vs Baseline)
Finished game 2217 (Shelter vs Baseline): 1/2-1/2 {Draw by fifty moves rule}
Score of Shelter vs Baseline: 855 - 935 - 429  [0.482] 2219
Started game 2232 of 10000 (Baseline vs Shelter)
Finished game 2224 (Baseline vs Shelter): 1-0 {White wins by adjudication}
Score of Shelter vs Baseline: 855 - 936 - 429  [0.482] 2220
Started game 2233 of 10000 (Shelter vs Baseline)
Finished game 2225 (Shelter vs Baseline): 1-0 {White wins by adjudication}
Score of Shelter vs Baseline: 856 - 936 - 429  [0.482] 2221
Started game 2234 of 10000 (Baseline vs Shelter)
Finished game 2222 (Baseline vs Shelter): 1/2-1/2 {Draw by insufficient mating material}
Score of Shelter vs Baseline: 856 - 936 - 430  [0.482] 2222
Started game 2235 of 10000 (Shelter vs Baseline)
Finished game 2220 (Baseline vs Shelter): 1/2-1/2 {Draw by 3-fold repetition}
Score of Shelter vs Baseline: 856 - 936 - 431  [0.482] 2223
Started game 2236 of 10000 (Baseline vs Shelter)
Finished game 2223 (Shelter vs Baseline): 0-1 {Black wins by adjudication}
Score of Shelter vs Baseline: 856 - 937 - 431  [0.482] 2224
Started game 2237 of 10000 (Shelter vs Baseline)
Finished game 2228 (Baseline vs Shelter): 0-1 {Black wins by adjudication}
Score of Shelter vs Baseline: 857 - 937 - 431  [0.482] 2225
Started game 2238 of 10000 (Baseline vs Shelter)
Finished game 2221 (Shelter vs Baseline): 1/2-1/2 {Draw by fifty moves rule}
Score of Shelter vs Baseline: 857 - 937 - 432  [0.482] 2226
Started game 2239 of 10000 (Shelter vs Baseline)
Finished game 2229 (Shelter vs Baseline): 0-1 {Black wins by adjudication}
Score of Shelter vs Baseline: 857 - 938 - 432  [0.482] 2227
Started game 2240 of 10000 (Baseline vs Shelter)
Finished game 2226 (Baseline vs Shelter): 1/2-1/2 {Draw by adjudication}
Score of Shelter vs Baseline: 857 - 938 - 433  [0.482] 2228
Started game 2241 of 10000 (Shelter vs Baseline)
Finished game 2230 (Baseline vs Shelter): 1/2-1/2 {Draw by insufficient mating material}
Score of Shelter vs Baseline: 857 - 938 - 434  [0.482] 2229
Started game 2242 of 10000 (Baseline vs Shelter)
Finished game 2231 (Shelter vs Baseline): 0-1 {Black wins by adjudication}
Score of Shelter vs Baseline: 857 - 939 - 434  [0.482] 2230
Started game 2243 of 10000 (Shelter vs Baseline)
Finished game 2235 (Shelter vs Baseline): 0-1 {Black wins by adjudication}
Score of Shelter vs Baseline: 857 - 940 - 434  [0.481] 2231
Started game 2244 of 10000 (Baseline vs Shelter)
Finished game 2233 (Shelter vs Baseline): 1-0 {White wins by adjudication}
Score of Shelter vs Baseline: 858 - 940 - 434  [0.482] 2232
Started game 2245 of 10000 (Shelter vs Baseline)
Finished game 2237 (Shelter vs Baseline): 0-1 {Black wins by adjudication}
Score of Shelter vs Baseline: 858 - 941 - 434  [0.481] 2233
Started game 2246 of 10000 (Baseline vs Shelter)
Finished game 2232 (Baseline vs Shelter): 1/2-1/2 {Draw by insufficient mating material}
Score of Shelter vs Baseline: 858 - 941 - 435  [0.481] 2234
Started game 2247 of 10000 (Shelter vs Baseline)
Finished game 2234 (Baseline vs Shelter): 1/2-1/2 {Draw by 3-fold repetition}
Score of Shelter vs Baseline: 858 - 941 - 436  [0.481] 2235
Started game 2248 of 10000 (Baseline vs Shelter)
Finished game 2239 (Shelter vs Baseline): 1-0 {White wins by adjudication}
Score of Shelter vs Baseline: 859 - 941 - 436  [0.482] 2236
Started game 2249 of 10000 (Shelter vs Baseline)
Finished game 2241 (Shelter vs Baseline): 0-1 {Black wins by adjudication}
Score of Shelter vs Baseline: 859 - 942 - 436  [0.481] 2237
Started game 2250 of 10000 (Baseline vs Shelter)
Finished game 2227 (Shelter vs Baseline): 1-0 {White wins by adjudication}
Score of Shelter vs Baseline: 860 - 942 - 436  [0.482] 2238
Started game 2251 of 10000 (Shelter vs Baseline)
Finished game 2240 (Baseline vs Shelter): 1-0 {White wins by adjudication}
Score of Shelter vs Baseline: 860 - 943 - 436  [0.481] 2239
Started game 2252 of 10000 (Baseline vs Shelter)
Finished game 2238 (Baseline vs Shelter): 1/2-1/2 {Draw by fifty moves rule}
Score of Shelter vs Baseline: 860 - 943 - 437  [0.481] 2240
Started game 2253 of 10000 (Shelter vs Baseline)
Finished game 2236 (Baseline vs Shelter): 1/2-1/2 {Draw by fifty moves rule}
Score of Shelter vs Baseline: 860 - 943 - 438  [0.481] 2241
Started game 2254 of 10000 (Baseline vs Shelter)
Finished game 2244 (Baseline vs Shelter): 1-0 {White wins by adjudication}
Score of Shelter vs Baseline: 860 - 944 - 438  [0.481] 2242
Finished game 2242 (Baseline vs Shelter): 0-1 {Black wins by adjudication}
Score of Shelter vs Baseline: 861 - 944 - 438  [0.481] 2243
Started game 2255 of 10000 (Shelter vs Baseline)
Started game 2256 of 10000 (Baseline vs Shelter)
Finished game 2243 (Shelter vs Baseline): 1-0 {White wins by adjudication}
Score of Shelter vs Baseline: 862 - 944 - 438  [0.482] 2244
Started game 2257 of 10000 (Shelter vs Baseline)
Finished game 2245 (Shelter vs Baseline): 1-0 {White wins by adjudication}
Score of Shelter vs Baseline: 863 - 944 - 438  [0.482] 2245
Started game 2258 of 10000 (Baseline vs Shelter)
Finished game 2247 (Shelter vs Baseline): 1-0 {White wins by adjudication}
Score of Shelter vs Baseline: 864 - 944 - 438  [0.482] 2246
Started game 2259 of 10000 (Shelter vs Baseline)
Finished game 2253 (Shelter vs Baseline): 1-0 {White wins by adjudication}
Score of Shelter vs Baseline: 865 - 944 - 438  [0.482] 2247
Started game 2260 of 10000 (Baseline vs Shelter)
Finished game 2250 (Baseline vs Shelter): 1-0 {White wins by adjudication}
Score of Shelter vs Baseline: 865 - 945 - 438  [0.482] 2248
Started game 2261 of 10000 (Shelter vs Baseline)
Finished game 2251 (Shelter vs Baseline): 1-0 {White wins by adjudication}
Score of Shelter vs Baseline: 866 - 945 - 438  [0.482] 2249
Started game 2262 of 10000 (Baseline vs Shelter)
Finished game 2252 (Baseline vs Shelter): 1-0 {White wins by adjudication}
Score of Shelter vs Baseline: 866 - 946 - 438  [0.482] 2250
Started game 2263 of 10000 (Shelter vs Baseline)
Finished game 2254 (Baseline vs Shelter): 1/2-1/2 {Draw by 3-fold repetition}
Score of Shelter vs Baseline: 866 - 946 - 439  [0.482] 2251
Started game 2264 of 10000 (Baseline vs Shelter)
Finished game 2255 (Shelter vs Baseline): 1/2-1/2 {Draw by adjudication}
Score of Shelter vs Baseline: 866 - 946 - 440  [0.482] 2252
Started game 2265 of 10000 (Shelter vs Baseline)
Finished game 2256 (Baseline vs Shelter): 1/2-1/2 {Draw by insufficient mating material}
Score of Shelter vs Baseline: 866 - 946 - 441  [0.482] 2253
Started game 2266 of 10000 (Baseline vs Shelter)
Finished game 2246 (Baseline vs Shelter): 1-0 {White wins by adjudication}
Score of Shelter vs Baseline: 866 - 947 - 441  [0.482] 2254
Started game 2267 of 10000 (Shelter vs Baseline)
Finished game 2248 (Baseline vs Shelter): 1/2-1/2 {Draw by adjudication}
Score of Shelter vs Baseline: 866 - 947 - 442  [0.482] 2255
Started game 2268 of 10000 (Baseline vs Shelter)
Finished game 2249 (Shelter vs Baseline): 1/2-1/2 {Draw by 3-fold repetition}
Score of Shelter vs Baseline: 866 - 947 - 443  [0.482] 2256
Started game 2269 of 10000 (Shelter vs Baseline)
Finished game 2257 (Shelter vs Baseline): 1-0 {White wins by adjudication}
Score of Shelter vs Baseline: 867 - 947 - 443  [0.482] 2257
Started game 2270 of 10000 (Baseline vs Shelter)
Finished game 2262 (Baseline vs Shelter): 0-1 {Black wins by adjudication}
Score of Shelter vs Baseline: 868 - 947 - 443  [0.483] 2258
Started game 2271 of 10000 (Shelter vs Baseline)
Finished game 2260 (Baseline vs Shelter): 0-1 {Black wins by adjudication}
Score of Shelter vs Baseline: 869 - 947 - 443  [0.483] 2259
Started game 2272 of 10000 (Baseline vs Shelter)
Finished game 2258 (Baseline vs Shelter): 0-1 {Black wins by adjudication}
Score of Shelter vs Baseline: 870 - 947 - 443  [0.483] 2260
Started game 2273 of 10000 (Shelter vs Baseline)
Finished game 2259 (Shelter vs Baseline): 0-1 {Black wins by adjudication}
Score of Shelter vs Baseline: 870 - 948 - 443  [0.483] 2261
Started game 2274 of 10000 (Baseline vs Shelter)
Finished game 2261 (Shelter vs Baseline): 0-1 {Black wins by adjudication}
Score of Shelter vs Baseline: 870 - 949 - 443  [0.483] 2262
Started game 2275 of 10000 (Shelter vs Baseline)
Finished game 2263 (Shelter vs Baseline): 1-0 {White wins by adjudication}
Score of Shelter vs Baseline: 871 - 949 - 443  [0.483] 2263
Started game 2276 of 10000 (Baseline vs Shelter)
Finished game 2266 (Baseline vs Shelter): 0-1 {Black wins by adjudication}
Score of Shelter vs Baseline: 872 - 949 - 443  [0.483] 2264
Started game 2277 of 10000 (Shelter vs Baseline)
Finished game 2264 (Baseline vs Shelter): 1-0 {White wins by adjudication}
Score of Shelter vs Baseline: 872 - 950 - 443  [0.483] 2265
Started game 2278 of 10000 (Baseline vs Shelter)
Finished game 2268 (Baseline vs Shelter): 0-1 {Black wins by adjudication}
Score of Shelter vs Baseline: 873 - 950 - 443  [0.483] 2266
Started game 2279 of 10000 (Shelter vs Baseline)
Finished game 2265 (Shelter vs Baseline): 0-1 {Black wins by adjudication}
Score of Shelter vs Baseline: 873 - 951 - 443  [0.483] 2267
Started game 2280 of 10000 (Baseline vs Shelter)
Finished game 2272 (Baseline vs Shelter): 0-1 {Black wins by adjudication}
Score of Shelter vs Baseline: 874 - 951 - 443  [0.483] 2268
Started game 2281 of 10000 (Shelter vs Baseline)
Finished game 2267 (Shelter vs Baseline): 1/2-1/2 {Draw by 3-fold repetition}
Score of Shelter vs Baseline: 874 - 951 - 444  [0.483] 2269
Started game 2282 of 10000 (Baseline vs Shelter)
Finished game 2269 (Shelter vs Baseline): 1-0 {White wins by adjudication}
Score of Shelter vs Baseline: 875 - 951 - 444  [0.483] 2270
Started game 2283 of 10000 (Shelter vs Baseline)
Finished game 2270 (Baseline vs Shelter): 0-1 {Black wins by adjudication}
Score of Shelter vs Baseline: 876 - 951 - 444  [0.483] 2271
Started game 2284 of 10000 (Baseline vs Shelter)
Finished game 2271 (Shelter vs Baseline): 1-0 {White wins by adjudication}
Score of Shelter vs Baseline: 877 - 951 - 444  [0.484] 2272
Started game 2285 of 10000 (Shelter vs Baseline)
Finished game 2273 (Shelter vs Baseline): 0-1 {Black wins by adjudication}
Score of Shelter vs Baseline: 877 - 952 - 444  [0.484] 2273
Started game 2286 of 10000 (Baseline vs Shelter)
Finished game 2275 (Shelter vs Baseline): 1-0 {White wins by adjudication}
Score of Shelter vs Baseline: 878 - 952 - 444  [0.484] 2274
Started game 2287 of 10000 (Shelter vs Baseline)
Finished game 2277 (Shelter vs Baseline): 1-0 {White wins by adjudication}
Score of Shelter vs Baseline: 879 - 952 - 444  [0.484] 2275
Started game 2288 of 10000 (Baseline vs Shelter)
Finished game 2274 (Baseline vs Shelter): 1/2-1/2 {Draw by insufficient mating material}
Score of Shelter vs Baseline: 879 - 952 - 445  [0.484] 2276
Started game 2289 of 10000 (Shelter vs Baseline)
Finished game 2280 (Baseline vs Shelter): 1/2-1/2 {Draw by 3-fold repetition}
Score of Shelter vs Baseline: 879 - 952 - 446  [0.484] 2277
Started game 2290 of 10000 (Baseline vs Shelter)
Finished game 2281 (Shelter vs Baseline): 0-1 {Black wins by adjudication}
Score of Shelter vs Baseline: 879 - 953 - 446  [0.484] 2278
Started game 2291 of 10000 (Shelter vs Baseline)
Finished game 2282 (Baseline vs Shelter): 1-0 {White wins by adjudication}
Score of Shelter vs Baseline: 879 - 954 - 446  [0.484] 2279
Started game 2292 of 10000 (Baseline vs Shelter)
Finished game 2279 (Shelter vs Baseline): 1-0 {White wins by adjudication}
Score of Shelter vs Baseline: 880 - 954 - 446  [0.484] 2280
Started game 2293 of 10000 (Shelter vs Baseline)
Finished game 2284 (Baseline vs Shelter): 0-1 {Black wins by adjudication}
Score of Shelter vs Baseline: 881 - 954 - 446  [0.484] 2281
Started game 2294 of 10000 (Baseline vs Shelter)
Finished game 2286 (Baseline vs Shelter): 1-0 {White wins by adjudication}
Score of Shelter vs Baseline: 881 - 955 - 446  [0.484] 2282
Started game 2295 of 10000 (Shelter vs Baseline)
Finished game 2283 (Shelter vs Baseline): 1-0 {White wins by adjudication}
Score of Shelter vs Baseline: 882 - 955 - 446  [0.484] 2283
Started game 2296 of 10000 (Baseline vs Shelter)
Finished game 2285 (Shelter vs Baseline): 0-1 {Black wins by adjudication}
Score of Shelter vs Baseline: 882 - 956 - 446  [0.484] 2284
Started game 2297 of 10000 (Shelter vs Baseline)
Finished game 2278 (Baseline vs Shelter): 1-0 {White wins by adjudication}
Score of Shelter vs Baseline: 882 - 957 - 446  [0.484] 2285
Started game 2298 of 10000 (Baseline vs Shelter)
Finished game 2287 (Shelter vs Baseline): 0-1 {Black wins by adjudication}
Score of Shelter vs Baseline: 882 - 958 - 446  [0.483] 2286
Started game 2299 of 10000 (Shelter vs Baseline)
Finished game 2276 (Baseline vs Shelter): 0-1 {Black mates}
Score of Shelter vs Baseline: 883 - 958 - 446  [0.484] 2287
Started game 2300 of 10000 (Baseline vs Shelter)
Finished game 2291 (Shelter vs Baseline): 0-1 {Black wins by adjudication}
Score of Shelter vs Baseline: 883 - 959 - 446  [0.483] 2288
Started game 2301 of 10000 (Shelter vs Baseline)
Finished game 2288 (Baseline vs Shelter): 1-0 {White wins by adjudication}
Score of Shelter vs Baseline: 883 - 960 - 446  [0.483] 2289
Started game 2302 of 10000 (Baseline vs Shelter)
Finished game 2289 (Shelter vs Baseline): 1/2-1/2 {Draw by 3-fold repetition}
Score of Shelter vs Baseline: 883 - 960 - 447  [0.483] 2290
Started game 2303 of 10000 (Shelter vs Baseline)
Finished game 2292 (Baseline vs Shelter): 0-1 {Black wins by adjudication}
Score of Shelter vs Baseline: 884 - 960 - 447  [0.483] 2291
Started game 2304 of 10000 (Baseline vs Shelter)
Finished game 2294 (Baseline vs Shelter): 1/2-1/2 {Draw by 3-fold repetition}
Score of Shelter vs Baseline: 884 - 960 - 448  [0.483] 2292
Started game 2305 of 10000 (Shelter vs Baseline)
Finished game 2297 (Shelter vs Baseline): 1-0 {White wins by adjudication}
Score of Shelter vs Baseline: 885 - 960 - 448  [0.484] 2293
Started game 2306 of 10000 (Baseline vs Shelter)
Finished game 2302 (Baseline vs Shelter): 1-0 {White wins by adjudication}
Score of Shelter vs Baseline: 885 - 961 - 448  [0.483] 2294
Started game 2307 of 10000 (Shelter vs Baseline)
Finished game 2298 (Baseline vs Shelter): 1/2-1/2 {Draw by adjudication}
Score of Shelter vs Baseline: 885 - 961 - 449  [0.483] 2295
Started game 2308 of 10000 (Baseline vs Shelter)
Finished game 2300 (Baseline vs Shelter): 1-0 {White wins by adjudication}
Score of Shelter vs Baseline: 885 - 962 - 449  [0.483] 2296
Started game 2309 of 10000 (Shelter vs Baseline)
Finished game 2293 (Shelter vs Baseline): 1-0 {White wins by adjudication}
Score of Shelter vs Baseline: 886 - 962 - 449  [0.483] 2297
Started game 2310 of 10000 (Baseline vs Shelter)
Finished game 2295 (Shelter vs Baseline): 1-0 {White wins by adjudication}
Score of Shelter vs Baseline: 887 - 962 - 449  [0.484] 2298
Started game 2311 of 10000 (Shelter vs Baseline)
Finished game 2303 (Shelter vs Baseline): 0-1 {Black wins by adjudication}
Score of Shelter vs Baseline: 887 - 963 - 449  [0.483] 2299
Started game 2312 of 10000 (Baseline vs Shelter)
Finished game 2304 (Baseline vs Shelter): 1-0 {White wins by adjudication}
Score of Shelter vs Baseline: 887 - 964 - 449  [0.483] 2300
Started game 2313 of 10000 (Shelter vs Baseline)
Finished game 2296 (Baseline vs Shelter): 1-0 {White wins by adjudication}
Score of Shelter vs Baseline: 887 - 965 - 449  [0.483] 2301
Started game 2314 of 10000 (Baseline vs Shelter)
Finished game 2301 (Shelter vs Baseline): 1-0 {White wins by adjudication}
Score of Shelter vs Baseline: 888 - 965 - 449  [0.483] 2302
Started game 2315 of 10000 (Shelter vs Baseline)
Finished game 2299 (Shelter vs Baseline): 1-0 {White wins by adjudication}
Score of Shelter vs Baseline: 889 - 965 - 449  [0.483] 2303
Started game 2316 of 10000 (Baseline vs Shelter)
Finished game 2305 (Shelter vs Baseline): 1-0 {White wins by adjudication}
Score of Shelter vs Baseline: 890 - 965 - 449  [0.484] 2304
Started game 2317 of 10000 (Shelter vs Baseline)
Finished game 2306 (Baseline vs Shelter): 1-0 {White wins by adjudication}
Score of Shelter vs Baseline: 890 - 966 - 449  [0.484] 2305
Started game 2318 of 10000 (Baseline vs Shelter)
Finished game 2290 (Baseline vs Shelter): 0-1 {Black wins by adjudication}
Score of Shelter vs Baseline: 891 - 966 - 449  [0.484] 2306
Started game 2319 of 10000 (Shelter vs Baseline)
Finished game 2311 (Shelter vs Baseline): 0-1 {Black wins by adjudication}
Score of Shelter vs Baseline: 891 - 967 - 449  [0.484] 2307
Started game 2320 of 10000 (Baseline vs Shelter)
Finished game 2307 (Shelter vs Baseline): 0-1 {Black wins by adjudication}
Score of Shelter vs Baseline: 891 - 968 - 449  [0.483] 2308
Started game 2321 of 10000 (Shelter vs Baseline)
Finished game 2309 (Shelter vs Baseline): 1/2-1/2 {Draw by insufficient mating material}
Score of Shelter vs Baseline: 891 - 968 - 450  [0.483] 2309
Started game 2322 of 10000 (Baseline vs Shelter)
Finished game 2310 (Baseline vs Shelter): 0-1 {Black wins by adjudication}
Score of Shelter vs Baseline: 892 - 968 - 450  [0.484] 2310
Started game 2323 of 10000 (Shelter vs Baseline)
Finished game 2308 (Baseline vs Shelter): 1/2-1/2 {Draw by 3-fold repetition}
Score of Shelter vs Baseline: 892 - 968 - 451  [0.484] 2311
Started game 2324 of 10000 (Baseline vs Shelter)
Finished game 2314 (Baseline vs Shelter): 0-1 {Black wins by adjudication}
Score of Shelter vs Baseline: 893 - 968 - 451  [0.484] 2312
Started game 2325 of 10000 (Shelter vs Baseline)
Finished game 2316 (Baseline vs Shelter): 1-0 {White wins by adjudication}
Score of Shelter vs Baseline: 893 - 969 - 451  [0.484] 2313
Started game 2326 of 10000 (Baseline vs Shelter)
Finished game 2313 (Shelter vs Baseline): 1-0 {White wins by adjudication}
Score of Shelter vs Baseline: 894 - 969 - 451  [0.484] 2314
Started game 2327 of 10000 (Shelter vs Baseline)
Finished game 2317 (Shelter vs Baseline): 1-0 {White wins by adjudication}
Score of Shelter vs Baseline: 895 - 969 - 451  [0.484] 2315
Started game 2328 of 10000 (Baseline vs Shelter)
Finished game 2312 (Baseline vs Shelter): 1-0 {White wins by adjudication}
Score of Shelter vs Baseline: 895 - 970 - 451  [0.484] 2316
Started game 2329 of 10000 (Shelter vs Baseline)
Finished game 2319 (Shelter vs Baseline): 0-1 {Black wins by adjudication}
Score of Shelter vs Baseline: 895 - 971 - 451  [0.484] 2317
Started game 2330 of 10000 (Baseline vs Shelter)
Finished game 2318 (Baseline vs Shelter): 1/2-1/2 {Draw by insufficient mating material}
Score of Shelter vs Baseline: 895 - 971 - 452  [0.484] 2318
Started game 2331 of 10000 (Shelter vs Baseline)
Finished game 2315 (Shelter vs Baseline): 1/2-1/2 {Draw by 3-fold repetition}
Score of Shelter vs Baseline: 895 - 971 - 453  [0.484] 2319
Started game 2332 of 10000 (Baseline vs Shelter)
Finished game 2322 (Baseline vs Shelter): 0-1 {Black wins by adjudication}
Score of Shelter vs Baseline: 896 - 971 - 453  [0.484] 2320
Started game 2333 of 10000 (Shelter vs Baseline)
Finished game 2321 (Shelter vs Baseline): 0-1 {Black mates}
Score of Shelter vs Baseline: 896 - 972 - 453  [0.484] 2321
Started game 2334 of 10000 (Baseline vs Shelter)
Finished game 2323 (Shelter vs Baseline): 1-0 {White wins by adjudication}
Score of Shelter vs Baseline: 897 - 972 - 453  [0.484] 2322
Started game 2335 of 10000 (Shelter vs Baseline)
Finished game 2328 (Baseline vs Shelter): 1-0 {White wins by adjudication}
Score of Shelter vs Baseline: 897 - 973 - 453  [0.484] 2323
Started game 2336 of 10000 (Baseline vs Shelter)
Finished game 2324 (Baseline vs Shelter): 0-1 {Black wins by adjudication}
Score of Shelter vs Baseline: 898 - 973 - 453  [0.484] 2324
Started game 2337 of 10000 (Shelter vs Baseline)
Finished game 2320 (Baseline vs Shelter): 1-0 {White wins by adjudication}
Score of Shelter vs Baseline: 898 - 974 - 453  [0.484] 2325
Started game 2338 of 10000 (Baseline vs Shelter)
Finished game 2326 (Baseline vs Shelter): 1-0 {White wins by adjudication}
Score of Shelter vs Baseline: 898 - 975 - 453  [0.483] 2326
Started game 2339 of 10000 (Shelter vs Baseline)
Finished game 2329 (Shelter vs Baseline): 1-0 {White wins by adjudication}
Score of Shelter vs Baseline: 899 - 975 - 453  [0.484] 2327
Started game 2340 of 10000 (Baseline vs Shelter)
Finished game 2331 (Shelter vs Baseline): 0-1 {Black wins by adjudication}
Score of Shelter vs Baseline: 899 - 976 - 453  [0.483] 2328
Started game 2341 of 10000 (Shelter vs Baseline)
Finished game 2327 (Shelter vs Baseline): 1-0 {White wins by adjudication}
Score of Shelter vs Baseline: 900 - 976 - 453  [0.484] 2329
Started game 2342 of 10000 (Baseline vs Shelter)
Finished game 2330 (Baseline vs Shelter): 1-0 {White wins by adjudication}
Score of Shelter vs Baseline: 900 - 977 - 453  [0.483] 2330
Started game 2343 of 10000 (Shelter vs Baseline)
Finished game 2333 (Shelter vs Baseline): 1-0 {White wins by adjudication}
Score of Shelter vs Baseline: 901 - 977 - 453  [0.484] 2331
Started game 2344 of 10000 (Baseline vs Shelter)
Finished game 2332 (Baseline vs Shelter): 1/2-1/2 {Draw by fifty moves rule}
Score of Shelter vs Baseline: 901 - 977 - 454  [0.484] 2332
Started game 2345 of 10000 (Shelter vs Baseline)
Finished game 2335 (Shelter vs Baseline): 1/2-1/2 {Draw by 3-fold repetition}
Score of Shelter vs Baseline: 901 - 977 - 455  [0.484] 2333
Started game 2346 of 10000 (Baseline vs Shelter)
Finished game 2334 (Baseline vs Shelter): 1/2-1/2 {Draw by adjudication}
Score of Shelter vs Baseline: 901 - 977 - 456  [0.484] 2334
Started game 2347 of 10000 (Shelter vs Baseline)
Finished game 2337 (Shelter vs Baseline): 1-0 {White wins by adjudication}
Score of Shelter vs Baseline: 902 - 977 - 456  [0.484] 2335
Started game 2348 of 10000 (Baseline vs Shelter)
Finished game 2325 (Shelter vs Baseline): 1/2-1/2 {Draw by insufficient mating material}
Score of Shelter vs Baseline: 902 - 977 - 457  [0.484] 2336
Started game 2349 of 10000 (Shelter vs Baseline)
Finished game 2338 (Baseline vs Shelter): 0-1 {Black wins by adjudication}
Score of Shelter vs Baseline: 903 - 977 - 457  [0.484] 2337
Started game 2350 of 10000 (Baseline vs Shelter)
Finished game 2339 (Shelter vs Baseline): 1-0 {White wins by adjudication}
Score of Shelter vs Baseline: 904 - 977 - 457  [0.484] 2338
Started game 2351 of 10000 (Shelter vs Baseline)
Finished game 2336 (Baseline vs Shelter): 1-0 {White wins by adjudication}
Score of Shelter vs Baseline: 904 - 978 - 457  [0.484] 2339
Started game 2352 of 10000 (Baseline vs Shelter)
Finished game 2341 (Shelter vs Baseline): 1-0 {White wins by adjudication}
Score of Shelter vs Baseline: 905 - 978 - 457  [0.484] 2340
Started game 2353 of 10000 (Shelter vs Baseline)
Finished game 2343 (Shelter vs Baseline): 0-1 {Black wins by adjudication}
Score of Shelter vs Baseline: 905 - 979 - 457  [0.484] 2341
Started game 2354 of 10000 (Baseline vs Shelter)
Finished game 2344 (Baseline vs Shelter): 1-0 {White wins by adjudication}
Score of Shelter vs Baseline: 905 - 980 - 457  [0.484] 2342
Started game 2355 of 10000 (Shelter vs Baseline)
Finished game 2340 (Baseline vs Shelter): 1-0 {White wins by adjudication}
Score of Shelter vs Baseline: 905 - 981 - 457  [0.484] 2343
Started game 2356 of 10000 (Baseline vs Shelter)
Finished game 2342 (Baseline vs Shelter): 1-0 {White wins by adjudication}
Score of Shelter vs Baseline: 905 - 982 - 457  [0.484] 2344
Started game 2357 of 10000 (Shelter vs Baseline)
Finished game 2354 (Baseline vs Shelter): 1-0 {White wins by adjudication}
Score of Shelter vs Baseline: 905 - 983 - 457  [0.483] 2345
Started game 2358 of 10000 (Baseline vs Shelter)
Finished game 2348 (Baseline vs Shelter): 1/2-1/2 {Draw by 3-fold repetition}
Score of Shelter vs Baseline: 905 - 983 - 458  [0.483] 2346
Started game 2359 of 10000 (Shelter vs Baseline)
Finished game 2346 (Baseline vs Shelter): 0-1 {Black wins by adjudication}
Score of Shelter vs Baseline: 906 - 983 - 458  [0.484] 2347
Started game 2360 of 10000 (Baseline vs Shelter)
Finished game 2352 (Baseline vs Shelter): 0-1 {Black wins by adjudication}
Score of Shelter vs Baseline: 907 - 983 - 458  [0.484] 2348
Started game 2361 of 10000 (Shelter vs Baseline)
Finished game 2350 (Baseline vs Shelter): 1-0 {White wins by adjudication}
Score of Shelter vs Baseline: 907 - 984 - 458  [0.484] 2349
Started game 2362 of 10000 (Baseline vs Shelter)
Finished game 2349 (Shelter vs Baseline): 1/2-1/2 {Draw by insufficient mating material}
Score of Shelter vs Baseline: 907 - 984 - 459  [0.484] 2350
Started game 2363 of 10000 (Shelter vs Baseline)
Finished game 2351 (Shelter vs Baseline): 1-0 {White wins by adjudication}
Score of Shelter vs Baseline: 908 - 984 - 459  [0.484] 2351
Started game 2364 of 10000 (Baseline vs Shelter)
Finished game 2347 (Shelter vs Baseline): 1/2-1/2 {Draw by adjudication}
Score of Shelter vs Baseline: 908 - 984 - 460  [0.484] 2352
Started game 2365 of 10000 (Shelter vs Baseline)
Finished game 2355 (Shelter vs Baseline): 0-1 {Black wins by adjudication}
Score of Shelter vs Baseline: 908 - 985 - 460  [0.484] 2353
Started game 2366 of 10000 (Baseline vs Shelter)
Finished game 2357 (Shelter vs Baseline): 1-0 {White wins by adjudication}
Score of Shelter vs Baseline: 909 - 985 - 460  [0.484] 2354
Started game 2367 of 10000 (Shelter vs Baseline)
Finished game 2353 (Shelter vs Baseline): 1-0 {White wins by adjudication}
Score of Shelter vs Baseline: 910 - 985 - 460  [0.484] 2355
Started game 2368 of 10000 (Baseline vs Shelter)
Finished game 2356 (Baseline vs Shelter): 1-0 {White wins by adjudication}
Score of Shelter vs Baseline: 910 - 986 - 460  [0.484] 2356
Started game 2369 of 10000 (Shelter vs Baseline)
Finished game 2359 (Shelter vs Baseline): 1-0 {White wins by adjudication}
Score of Shelter vs Baseline: 911 - 986 - 460  [0.484] 2357
Started game 2370 of 10000 (Baseline vs Shelter)
Finished game 2360 (Baseline vs Shelter): 1/2-1/2 {Draw by 3-fold repetition}
Score of Shelter vs Baseline: 911 - 986 - 461  [0.484] 2358
Started game 2371 of 10000 (Shelter vs Baseline)
Finished game 2364 (Baseline vs Shelter): 0-1 {Black mates}
Score of Shelter vs Baseline: 912 - 986 - 461  [0.484] 2359
Started game 2372 of 10000 (Baseline vs Shelter)
Finished game 2365 (Shelter vs Baseline): 0-1 {Black wins by adjudication}
Score of Shelter vs Baseline: 912 - 987 - 461  [0.484] 2360
Started game 2373 of 10000 (Shelter vs Baseline)
Finished game 2362 (Baseline vs Shelter): 0-1 {Black wins by adjudication}
Score of Shelter vs Baseline: 913 - 987 - 461  [0.484] 2361
Started game 2374 of 10000 (Baseline vs Shelter)
Finished game 2361 (Shelter vs Baseline): 0-1 {Black wins by adjudication}
Score of Shelter vs Baseline: 913 - 988 - 461  [0.484] 2362
Started game 2375 of 10000 (Shelter vs Baseline)
Finished game 2366 (Baseline vs Shelter): 1-0 {White wins by adjudication}
Score of Shelter vs Baseline: 913 - 989 - 461  [0.484] 2363
Started game 2376 of 10000 (Baseline vs Shelter)
Finished game 2358 (Baseline vs Shelter): 1/2-1/2 {Draw by insufficient mating material}
Score of Shelter vs Baseline: 913 - 989 - 462  [0.484] 2364
Started game 2377 of 10000 (Shelter vs Baseline)
Finished game 2345 (Shelter vs Baseline): 1/2-1/2 {Draw by stalemate}
Score of Shelter vs Baseline: 913 - 989 - 463  [0.484] 2365
Started game 2378 of 10000 (Baseline vs Shelter)
Finished game 2372 (Baseline vs Shelter): 1-0 {White wins by adjudication}
Score of Shelter vs Baseline: 913 - 990 - 463  [0.484] 2366
Started game 2379 of 10000 (Shelter vs Baseline)
Finished game 2368 (Baseline vs Shelter): 1/2-1/2 {Draw by adjudication}
Score of Shelter vs Baseline: 913 - 990 - 464  [0.484] 2367
Started game 2380 of 10000 (Baseline vs Shelter)
Finished game 2370 (Baseline vs Shelter): 0-1 {Black wins by adjudication}
Score of Shelter vs Baseline: 914 - 990 - 464  [0.484] 2368
Started game 2381 of 10000 (Shelter vs Baseline)
Finished game 2363 (Shelter vs Baseline): 1/2-1/2 {Draw by fifty moves rule}
Score of Shelter vs Baseline: 914 - 990 - 465  [0.484] 2369
Started game 2382 of 10000 (Baseline vs Shelter)
Finished game 2371 (Shelter vs Baseline): 0-1 {Black wins by adjudication}
Score of Shelter vs Baseline: 914 - 991 - 465  [0.484] 2370
Started game 2383 of 10000 (Shelter vs Baseline)
Finished game 2375 (Shelter vs Baseline): 1/2-1/2 {Draw by insufficient mating material}
Score of Shelter vs Baseline: 914 - 991 - 466  [0.484] 2371
Started game 2384 of 10000 (Baseline vs Shelter)
Finished game 2369 (Shelter vs Baseline): 1-0 {White wins by adjudication}
Score of Shelter vs Baseline: 915 - 991 - 466  [0.484] 2372
Started game 2385 of 10000 (Shelter vs Baseline)
Finished game 2377 (Shelter vs Baseline): 1/2-1/2 {Draw by 3-fold repetition}
Score of Shelter vs Baseline: 915 - 991 - 467  [0.484] 2373
Started game 2386 of 10000 (Baseline vs Shelter)
Finished game 2376 (Baseline vs Shelter): 0-1 {Black wins by adjudication}
Score of Shelter vs Baseline: 916 - 991 - 467  [0.484] 2374
Started game 2387 of 10000 (Shelter vs Baseline)
Finished game 2378 (Baseline vs Shelter): 1-0 {White wins by adjudication}
Score of Shelter vs Baseline: 916 - 992 - 467  [0.484] 2375
Started game 2388 of 10000 (Baseline vs Shelter)
Finished game 2381 (Shelter vs Baseline): 0-1 {Black wins by adjudication}
Score of Shelter vs Baseline: 916 - 993 - 467  [0.484] 2376
Started game 2389 of 10000 (Shelter vs Baseline)
Finished game 2373 (Shelter vs Baseline): 1/2-1/2 {Draw by adjudication}
Score of Shelter vs Baseline: 916 - 993 - 468  [0.484] 2377
Started game 2390 of 10000 (Baseline vs Shelter)
Finished game 2367 (Shelter vs Baseline): 1/2-1/2 {Draw by fifty moves rule}
Score of Shelter vs Baseline: 916 - 993 - 469  [0.484] 2378
Started game 2391 of 10000 (Shelter vs Baseline)
Finished game 2380 (Baseline vs Shelter): 0-1 {Black wins by adjudication}
Score of Shelter vs Baseline: 917 - 993 - 469  [0.484] 2379
Started game 2392 of 10000 (Baseline vs Shelter)
Finished game 2374 (Baseline vs Shelter): 1/2-1/2 {Draw by adjudication}
Score of Shelter vs Baseline: 917 - 993 - 470  [0.484] 2380
Started game 2393 of 10000 (Shelter vs Baseline)
Finished game 2382 (Baseline vs Shelter): 0-1 {Black wins by adjudication}
Score of Shelter vs Baseline: 918 - 993 - 470  [0.484] 2381
Started game 2394 of 10000 (Baseline vs Shelter)
Finished game 2389 (Shelter vs Baseline): 1/2-1/2 {Draw by 3-fold repetition}
Score of Shelter vs Baseline: 918 - 993 - 471  [0.484] 2382
Started game 2395 of 10000 (Shelter vs Baseline)
Finished game 2384 (Baseline vs Shelter): 0-1 {Black wins by adjudication}
Score of Shelter vs Baseline: 919 - 993 - 471  [0.484] 2383
Started game 2396 of 10000 (Baseline vs Shelter)
Finished game 2379 (Shelter vs Baseline): 1-0 {White wins by adjudication}
Score of Shelter vs Baseline: 920 - 993 - 471  [0.485] 2384
Started game 2397 of 10000 (Shelter vs Baseline)
Finished game 2383 (Shelter vs Baseline): 0-1 {Black wins by adjudication}
Score of Shelter vs Baseline: 920 - 994 - 471  [0.484] 2385
Started game 2398 of 10000 (Baseline vs Shelter)
Finished game 2388 (Baseline vs Shelter): 1/2-1/2 {Draw by adjudication}
Score of Shelter vs Baseline: 920 - 994 - 472  [0.484] 2386
Started game 2399 of 10000 (Shelter vs Baseline)
Finished game 2387 (Shelter vs Baseline): 0-1 {Black wins by adjudication}
Score of Shelter vs Baseline: 920 - 995 - 472  [0.484] 2387
Started game 2400 of 10000 (Baseline vs Shelter)
Finished game 2385 (Shelter vs Baseline): 0-1 {Black wins by adjudication}
Score of Shelter vs Baseline: 920 - 996 - 472  [0.484] 2388
Started game 2401 of 10000 (Shelter vs Baseline)
Finished game 2393 (Shelter vs Baseline): 0-1 {Black wins by adjudication}
Score of Shelter vs Baseline: 920 - 997 - 472  [0.484] 2389
Started game 2402 of 10000 (Baseline vs Shelter)
Finished game 2395 (Shelter vs Baseline): 1-0 {White wins by adjudication}
Score of Shelter vs Baseline: 921 - 997 - 472  [0.484] 2390
Started game 2403 of 10000 (Shelter vs Baseline)
Finished game 2392 (Baseline vs Shelter): 0-1 {Black wins by adjudication}
Score of Shelter vs Baseline: 922 - 997 - 472  [0.484] 2391
Started game 2404 of 10000 (Baseline vs Shelter)
Finished game 2390 (Baseline vs Shelter): 0-1 {Black wins by adjudication}
Score of Shelter vs Baseline: 923 - 997 - 472  [0.485] 2392
Started game 2405 of 10000 (Shelter vs Baseline)
Finished game 2386 (Baseline vs Shelter): 1/2-1/2 {Draw by insufficient mating material}
Score of Shelter vs Baseline: 923 - 997 - 473  [0.485] 2393
Started game 2406 of 10000 (Baseline vs Shelter)
Finished game 2391 (Shelter vs Baseline): 1-0 {White wins by adjudication}
Score of Shelter vs Baseline: 924 - 997 - 473  [0.485] 2394
Started game 2407 of 10000 (Shelter vs Baseline)
Finished game 2394 (Baseline vs Shelter): 0-1 {Black wins by adjudication}
Score of Shelter vs Baseline: 925 - 997 - 473  [0.485] 2395
Started game 2408 of 10000 (Baseline vs Shelter)
Finished game 2398 (Baseline vs Shelter): 1-0 {White wins by adjudication}
Score of Shelter vs Baseline: 925 - 998 - 473  [0.485] 2396
Started game 2409 of 10000 (Shelter vs Baseline)
Finished game 2397 (Shelter vs Baseline): 1/2-1/2 {Draw by 3-fold repetition}
Score of Shelter vs Baseline: 925 - 998 - 474  [0.485] 2397
Started game 2410 of 10000 (Baseline vs Shelter)
Finished game 2396 (Baseline vs Shelter): 1-0 {White wins by adjudication}
Score of Shelter vs Baseline: 925 - 999 - 474  [0.485] 2398
Started game 2411 of 10000 (Shelter vs Baseline)
Finished game 2399 (Shelter vs Baseline): 1-0 {White wins by adjudication}
Score of Shelter vs Baseline: 926 - 999 - 474  [0.485] 2399
Started game 2412 of 10000 (Baseline vs Shelter)
Finished game 2403 (Shelter vs Baseline): 1-0 {White wins by adjudication}
Score of Shelter vs Baseline: 927 - 999 - 474  [0.485] 2400
Started game 2413 of 10000 (Shelter vs Baseline)
Finished game 2401 (Shelter vs Baseline): 1/2-1/2 {Draw by adjudication}
Score of Shelter vs Baseline: 927 - 999 - 475  [0.485] 2401
Started game 2414 of 10000 (Baseline vs Shelter)
Finished game 2406 (Baseline vs Shelter): 0-1 {Black wins by adjudication}
Score of Shelter vs Baseline: 928 - 999 - 475  [0.485] 2402
Started game 2415 of 10000 (Shelter vs Baseline)
Finished game 2404 (Baseline vs Shelter): 1-0 {White wins by adjudication}
Score of Shelter vs Baseline: 928 - 1000 - 475  [0.485] 2403
Started game 2416 of 10000 (Baseline vs Shelter)
Finished game 2402 (Baseline vs Shelter): 1-0 {White mates}
Score of Shelter vs Baseline: 928 - 1001 - 475  [0.485] 2404
Started game 2417 of 10000 (Shelter vs Baseline)
Finished game 2405 (Shelter vs Baseline): 0-1 {Black wins by adjudication}
Score of Shelter vs Baseline: 928 - 1002 - 475  [0.485] 2405
Started game 2418 of 10000 (Baseline vs Shelter)
Finished game 2408 (Baseline vs Shelter): 1-0 {White wins by adjudication}
Score of Shelter vs Baseline: 928 - 1003 - 475  [0.484] 2406
Started game 2419 of 10000 (Shelter vs Baseline)
Finished game 2407 (Shelter vs Baseline): 0-1 {Black wins by adjudication}
Score of Shelter vs Baseline: 928 - 1004 - 475  [0.484] 2407
Started game 2420 of 10000 (Baseline vs Shelter)
Finished game 2400 (Baseline vs Shelter): 1/2-1/2 {Draw by insufficient mating material}
Score of Shelter vs Baseline: 928 - 1004 - 476  [0.484] 2408
Started game 2421 of 10000 (Shelter vs Baseline)
Finished game 2412 (Baseline vs Shelter): 1/2-1/2 {Draw by 3-fold repetition}
Score of Shelter vs Baseline: 928 - 1004 - 477  [0.484] 2409
Started game 2422 of 10000 (Baseline vs Shelter)
Finished game 2411 (Shelter vs Baseline): 0-1 {Black wins by adjudication}
Score of Shelter vs Baseline: 928 - 1005 - 477  [0.484] 2410
Started game 2423 of 10000 (Shelter vs Baseline)
Finished game 2413 (Shelter vs Baseline): 1-0 {White wins by adjudication}
Score of Shelter vs Baseline: 929 - 1005 - 477  [0.484] 2411
Started game 2424 of 10000 (Baseline vs Shelter)
Finished game 2420 (Baseline vs Shelter): 1/2-1/2 {Draw by 3-fold repetition}
Score of Shelter vs Baseline: 929 - 1005 - 478  [0.484] 2412
Started game 2425 of 10000 (Shelter vs Baseline)
Finished game 2414 (Baseline vs Shelter): 1-0 {White wins by adjudication}
Score of Shelter vs Baseline: 929 - 1006 - 478  [0.484] 2413
Started game 2426 of 10000 (Baseline vs Shelter)
Finished game 2415 (Shelter vs Baseline): 1/2-1/2 {Draw by insufficient mating material}
Score of Shelter vs Baseline: 929 - 1006 - 479  [0.484] 2414
Started game 2427 of 10000 (Shelter vs Baseline)
Finished game 2419 (Shelter vs Baseline): 1-0 {White wins by adjudication}
Score of Shelter vs Baseline: 930 - 1006 - 479  [0.484] 2415
Started game 2428 of 10000 (Baseline vs Shelter)
Finished game 2410 (Baseline vs Shelter): 1/2-1/2 {Draw by insufficient mating material}
Score of Shelter vs Baseline: 930 - 1006 - 480  [0.484] 2416
Started game 2429 of 10000 (Shelter vs Baseline)
Finished game 2409 (Shelter vs Baseline): 1/2-1/2 {Draw by adjudication}
Score of Shelter vs Baseline: 930 - 1006 - 481  [0.484] 2417
Started game 2430 of 10000 (Baseline vs Shelter)
Finished game 2422 (Baseline vs Shelter): 0-1 {Black wins by adjudication}
Score of Shelter vs Baseline: 931 - 1006 - 481  [0.484] 2418
Started game 2431 of 10000 (Shelter vs Baseline)
Finished game 2417 (Shelter vs Baseline): 1/2-1/2 {Draw by insufficient mating material}
Score of Shelter vs Baseline: 931 - 1006 - 482  [0.484] 2419
Started game 2432 of 10000 (Baseline vs Shelter)
Finished game 2418 (Baseline vs Shelter): 1/2-1/2 {Draw by adjudication}
Score of Shelter vs Baseline: 931 - 1006 - 483  [0.485] 2420
Started game 2433 of 10000 (Shelter vs Baseline)
Finished game 2423 (Shelter vs Baseline): 0-1 {Black wins by adjudication}
Score of Shelter vs Baseline: 931 - 1007 - 483  [0.484] 2421
Started game 2434 of 10000 (Baseline vs Shelter)
Finished game 2421 (Shelter vs Baseline): 0-1 {Black mates}
Score of Shelter vs Baseline: 931 - 1008 - 483  [0.484] 2422
Started game 2435 of 10000 (Shelter vs Baseline)
Finished game 2416 (Baseline vs Shelter): 1/2-1/2 {Draw by insufficient mating material}
Score of Shelter vs Baseline: 931 - 1008 - 484  [0.484] 2423
Started game 2436 of 10000 (Baseline vs Shelter)
Finished game 2425 (Shelter vs Baseline): 0-1 {Black wins by adjudication}
Score of Shelter vs Baseline: 931 - 1009 - 484  [0.484] 2424
Started game 2437 of 10000 (Shelter vs Baseline)
Finished game 2424 (Baseline vs Shelter): 1/2-1/2 {Draw by adjudication}
Score of Shelter vs Baseline: 931 - 1009 - 485  [0.484] 2425
Started game 2438 of 10000 (Baseline vs Shelter)
Finished game 2426 (Baseline vs Shelter): 1-0 {White wins by adjudication}
Score of Shelter vs Baseline: 931 - 1010 - 485  [0.484] 2426
Started game 2439 of 10000 (Shelter vs Baseline)
Finished game 2430 (Baseline vs Shelter): 0-1 {Black wins by adjudication}
Score of Shelter vs Baseline: 932 - 1010 - 485  [0.484] 2427
Started game 2440 of 10000 (Baseline vs Shelter)
Finished game 2428 (Baseline vs Shelter): 0-1 {Black wins by adjudication}
Score of Shelter vs Baseline: 933 - 1010 - 485  [0.484] 2428
Started game 2441 of 10000 (Shelter vs Baseline)
Finished game 2432 (Baseline vs Shelter): 1-0 {White wins by adjudication}
Score of Shelter vs Baseline: 933 - 1011 - 485  [0.484] 2429
Started game 2442 of 10000 (Baseline vs Shelter)
Finished game 2431 (Shelter vs Baseline): 1-0 {White mates}
Score of Shelter vs Baseline: 934 - 1011 - 485  [0.484] 2430
Started game 2443 of 10000 (Shelter vs Baseline)
Finished game 2427 (Shelter vs Baseline): 0-1 {Black wins by adjudication}
Score of Shelter vs Baseline: 934 - 1012 - 485  [0.484] 2431
Started game 2444 of 10000 (Baseline vs Shelter)
Finished game 2435 (Shelter vs Baseline): 0-1 {Black wins by adjudication}
Score of Shelter vs Baseline: 934 - 1013 - 485  [0.484] 2432
Started game 2445 of 10000 (Shelter vs Baseline)
Finished game 2433 (Shelter vs Baseline): 1/2-1/2 {Draw by fifty moves rule}
Score of Shelter vs Baseline: 934 - 1013 - 486  [0.484] 2433
Started game 2446 of 10000 (Baseline vs Shelter)
Finished game 2434 (Baseline vs Shelter): 0-1 {Black wins by adjudication}
Score of Shelter vs Baseline: 935 - 1013 - 486  [0.484] 2434
Started game 2447 of 10000 (Shelter vs Baseline)
Finished game 2438 (Baseline vs Shelter): 0-1 {Black mates}
Score of Shelter vs Baseline: 936 - 1013 - 486  [0.484] 2435
Started game 2448 of 10000 (Baseline vs Shelter)
Finished game 2429 (Shelter vs Baseline): 1/2-1/2 {Draw by fifty moves rule}
Score of Shelter vs Baseline: 936 - 1013 - 487  [0.484] 2436
Started game 2449 of 10000 (Shelter vs Baseline)
Finished game 2436 (Baseline vs Shelter): 0-1 {Black wins by adjudication}
Score of Shelter vs Baseline: 937 - 1013 - 487  [0.484] 2437
Started game 2450 of 10000 (Baseline vs Shelter)
Finished game 2439 (Shelter vs Baseline): 1/2-1/2 {Draw by 3-fold repetition}
Score of Shelter vs Baseline: 937 - 1013 - 488  [0.484] 2438
Started game 2451 of 10000 (Shelter vs Baseline)
Finished game 2437 (Shelter vs Baseline): 0-1 {Black wins by adjudication}
Score of Shelter vs Baseline: 937 - 1014 - 488  [0.484] 2439
Started game 2452 of 10000 (Baseline vs Shelter)
Finished game 2440 (Baseline vs Shelter): 1-0 {White wins by adjudication}
Score of Shelter vs Baseline: 937 - 1015 - 488  [0.484] 2440
Started game 2453 of 10000 (Shelter vs Baseline)
Finished game 2442 (Baseline vs Shelter): 0-1 {Black wins by adjudication}
Score of Shelter vs Baseline: 938 - 1015 - 488  [0.484] 2441
Started game 2454 of 10000 (Baseline vs Shelter)
Finished game 2441 (Shelter vs Baseline): 1/2-1/2 {Draw by insufficient mating material}
Score of Shelter vs Baseline: 938 - 1015 - 489  [0.484] 2442
Started game 2455 of 10000 (Shelter vs Baseline)
Finished game 2444 (Baseline vs Shelter): 1-0 {White wins by adjudication}
Score of Shelter vs Baseline: 938 - 1016 - 489  [0.484] 2443
Started game 2456 of 10000 (Baseline vs Shelter)
Finished game 2443 (Shelter vs Baseline): 1/2-1/2 {Draw by insufficient mating material}
Score of Shelter vs Baseline: 938 - 1016 - 490  [0.484] 2444
Started game 2457 of 10000 (Shelter vs Baseline)
Finished game 2447 (Shelter vs Baseline): 1-0 {White wins by adjudication}
Score of Shelter vs Baseline: 939 - 1016 - 490  [0.484] 2445
Started game 2458 of 10000 (Baseline vs Shelter)
Finished game 2450 (Baseline vs Shelter): 0-1 {Black wins by adjudication}
Score of Shelter vs Baseline: 940 - 1016 - 490  [0.484] 2446
Started game 2459 of 10000 (Shelter vs Baseline)
Finished game 2448 (Baseline vs Shelter): 0-1 {Black wins by adjudication}
Score of Shelter vs Baseline: 941 - 1016 - 490  [0.485] 2447
Started game 2460 of 10000 (Baseline vs Shelter)
Finished game 2451 (Shelter vs Baseline): 0-1 {Black wins by adjudication}
Score of Shelter vs Baseline: 941 - 1017 - 490  [0.484] 2448
Started game 2461 of 10000 (Shelter vs Baseline)
Finished game 2452 (Baseline vs Shelter): 0-1 {Black wins by adjudication}
Score of Shelter vs Baseline: 942 - 1017 - 490  [0.485] 2449
Started game 2462 of 10000 (Baseline vs Shelter)
Finished game 2446 (Baseline vs Shelter): 1/2-1/2 {Draw by fifty moves rule}
Score of Shelter vs Baseline: 942 - 1017 - 491  [0.485] 2450
Started game 2463 of 10000 (Shelter vs Baseline)
Finished game 2445 (Shelter vs Baseline): 1/2-1/2 {Draw by 3-fold repetition}
Score of Shelter vs Baseline: 942 - 1017 - 492  [0.485] 2451
Started game 2464 of 10000 (Baseline vs Shelter)
Finished game 2454 (Baseline vs Shelter): 1-0 {White wins by adjudication}
Score of Shelter vs Baseline: 942 - 1018 - 492  [0.485] 2452
Started game 2465 of 10000 (Shelter vs Baseline)
Finished game 2455 (Shelter vs Baseline): 1-0 {White wins by adjudication}
Score of Shelter vs Baseline: 943 - 1018 - 492  [0.485] 2453
Started game 2466 of 10000 (Baseline vs Shelter)
Finished game 2453 (Shelter vs Baseline): 1/2-1/2 {Draw by adjudication}
Score of Shelter vs Baseline: 943 - 1018 - 493  [0.485] 2454
Started game 2467 of 10000 (Shelter vs Baseline)
Finished game 2466 (Baseline vs Shelter): 1-0 {White wins by adjudication}
Score of Shelter vs Baseline: 943 - 1019 - 493  [0.485] 2455
Started game 2468 of 10000 (Baseline vs Shelter)
Finished game 2465 (Shelter vs Baseline): 1-0 {White wins by adjudication}
Score of Shelter vs Baseline: 944 - 1019 - 493  [0.485] 2456
Started game 2469 of 10000 (Shelter vs Baseline)
Finished game 2458 (Baseline vs Shelter): 1-0 {White wins by adjudication}
Score of Shelter vs Baseline: 944 - 1020 - 493  [0.485] 2457
Started game 2470 of 10000 (Baseline vs Shelter)
Finished game 2449 (Shelter vs Baseline): 1-0 {White wins by adjudication}
Score of Shelter vs Baseline: 945 - 1020 - 493  [0.485] 2458
Started game 2471 of 10000 (Shelter vs Baseline)
Finished game 2470 (Baseline vs Shelter): 1-0 {White wins by adjudication}
Score of Shelter vs Baseline: 945 - 1021 - 493  [0.485] 2459
Started game 2472 of 10000 (Baseline vs Shelter)
Finished game 2463 (Shelter vs Baseline): 1-0 {White wins by adjudication}
Score of Shelter vs Baseline: 946 - 1021 - 493  [0.485] 2460
Started game 2473 of 10000 (Shelter vs Baseline)
Finished game 2464 (Baseline vs Shelter): 0-1 {Black wins by adjudication}
Score of Shelter vs Baseline: 947 - 1021 - 493  [0.485] 2461
Started game 2474 of 10000 (Baseline vs Shelter)
Finished game 2459 (Shelter vs Baseline): 1-0 {White wins by adjudication}
Score of Shelter vs Baseline: 948 - 1021 - 493  [0.485] 2462
Started game 2475 of 10000 (Shelter vs Baseline)
Finished game 2461 (Shelter vs Baseline): 0-1 {Black mates}
Score of Shelter vs Baseline: 948 - 1022 - 493  [0.485] 2463
Started game 2476 of 10000 (Baseline vs Shelter)
Finished game 2460 (Baseline vs Shelter): 1-0 {White wins by adjudication}
Score of Shelter vs Baseline: 948 - 1023 - 493  [0.485] 2464
Started game 2477 of 10000 (Shelter vs Baseline)
Finished game 2457 (Shelter vs Baseline): 1-0 {White mates}
Score of Shelter vs Baseline: 949 - 1023 - 493  [0.485] 2465
Started game 2478 of 10000 (Baseline vs Shelter)
Finished game 2456 (Baseline vs Shelter): 1/2-1/2 {Draw by stalemate}
Score of Shelter vs Baseline: 949 - 1023 - 494  [0.485] 2466
Started game 2479 of 10000 (Shelter vs Baseline)
Finished game 2469 (Shelter vs Baseline): 1-0 {White wins by adjudication}
Score of Shelter vs Baseline: 950 - 1023 - 494  [0.485] 2467
Started game 2480 of 10000 (Baseline vs Shelter)
Finished game 2467 (Shelter vs Baseline): 0-1 {Black wins by adjudication}
Score of Shelter vs Baseline: 950 - 1024 - 494  [0.485] 2468
Started game 2481 of 10000 (Shelter vs Baseline)
Finished game 2462 (Baseline vs Shelter): 1/2-1/2 {Draw by adjudication}
Score of Shelter vs Baseline: 950 - 1024 - 495  [0.485] 2469
Started game 2482 of 10000 (Baseline vs Shelter)
Finished game 2479 (Shelter vs Baseline): 1/2-1/2 {Draw by 3-fold repetition}
Score of Shelter vs Baseline: 950 - 1024 - 496  [0.485] 2470
Started game 2483 of 10000 (Shelter vs Baseline)
Finished game 2468 (Baseline vs Shelter): 1-0 {White wins by adjudication}
Score of Shelter vs Baseline: 950 - 1025 - 496  [0.485] 2471
Started game 2484 of 10000 (Baseline vs Shelter)
Finished game 2480 (Baseline vs Shelter): 0-1 {Black wins by adjudication}
Score of Shelter vs Baseline: 951 - 1025 - 496  [0.485] 2472
Started game 2485 of 10000 (Shelter vs Baseline)
Finished game 2477 (Shelter vs Baseline): 0-1 {Black wins by adjudication}
Score of Shelter vs Baseline: 951 - 1026 - 496  [0.485] 2473
Started game 2486 of 10000 (Baseline vs Shelter)
Finished game 2476 (Baseline vs Shelter): 1-0 {White wins by adjudication}
Score of Shelter vs Baseline: 951 - 1027 - 496  [0.485] 2474
Started game 2487 of 10000 (Shelter vs Baseline)
Finished game 2473 (Shelter vs Baseline): 1-0 {White wins by adjudication}
Score of Shelter vs Baseline: 952 - 1027 - 496  [0.485] 2475
Started game 2488 of 10000 (Baseline vs Shelter)
Finished game 2475 (Shelter vs Baseline): 0-1 {Black wins by adjudication}
Score of Shelter vs Baseline: 952 - 1028 - 496  [0.485] 2476
Started game 2489 of 10000 (Shelter vs Baseline)
Finished game 2478 (Baseline vs Shelter): 1/2-1/2 {Draw by 3-fold repetition}
Score of Shelter vs Baseline: 952 - 1028 - 497  [0.485] 2477
Started game 2490 of 10000 (Baseline vs Shelter)
Finished game 2471 (Shelter vs Baseline): 1/2-1/2 {Draw by fifty moves rule}
Score of Shelter vs Baseline: 952 - 1028 - 498  [0.485] 2478
Started game 2491 of 10000 (Shelter vs Baseline)
Finished game 2472 (Baseline vs Shelter): 0-1 {Black wins by adjudication}
Score of Shelter vs Baseline: 953 - 1028 - 498  [0.485] 2479
Started game 2492 of 10000 (Baseline vs Shelter)
Finished game 2481 (Shelter vs Baseline): 0-1 {Black wins by adjudication}
Score of Shelter vs Baseline: 953 - 1029 - 498  [0.485] 2480
Started game 2493 of 10000 (Shelter vs Baseline)
Finished game 2474 (Baseline vs Shelter): 1/2-1/2 {Draw by fifty moves rule}
Score of Shelter vs Baseline: 953 - 1029 - 499  [0.485] 2481
Started game 2494 of 10000 (Baseline vs Shelter)
Finished game 2483 (Shelter vs Baseline): 1/2-1/2 {Draw by 3-fold repetition}
Score of Shelter vs Baseline: 953 - 1029 - 500  [0.485] 2482
Started game 2495 of 10000 (Shelter vs Baseline)
Finished game 2488 (Baseline vs Shelter): 0-1 {Black wins by adjudication}
Score of Shelter vs Baseline: 954 - 1029 - 500  [0.485] 2483
Started game 2496 of 10000 (Baseline vs Shelter)
Finished game 2487 (Shelter vs Baseline): 1-0 {White wins by adjudication}
Score of Shelter vs Baseline: 955 - 1029 - 500  [0.485] 2484
Started game 2497 of 10000 (Shelter vs Baseline)
Finished game 2482 (Baseline vs Shelter): 1/2-1/2 {Draw by fifty moves rule}
Score of Shelter vs Baseline: 955 - 1029 - 501  [0.485] 2485
Started game 2498 of 10000 (Baseline vs Shelter)
Finished game 2490 (Baseline vs Shelter): 0-1 {Black wins by adjudication}
Score of Shelter vs Baseline: 956 - 1029 - 501  [0.485] 2486
Started game 2499 of 10000 (Shelter vs Baseline)
Finished game 2484 (Baseline vs Shelter): 1/2-1/2 {Draw by insufficient mating material}
Score of Shelter vs Baseline: 956 - 1029 - 502  [0.485] 2487
Started game 2500 of 10000 (Baseline vs Shelter)
Finished game 2485 (Shelter vs Baseline): 1-0 {White wins by adjudication}
Score of Shelter vs Baseline: 957 - 1029 - 502  [0.486] 2488
Started game 2501 of 10000 (Shelter vs Baseline)
Finished game 2489 (Shelter vs Baseline): 0-1 {Black wins by adjudication}
Score of Shelter vs Baseline: 957 - 1030 - 502  [0.485] 2489
Started game 2502 of 10000 (Baseline vs Shelter)
Finished game 2491 (Shelter vs Baseline): 1-0 {White wins by adjudication}
Score of Shelter vs Baseline: 958 - 1030 - 502  [0.486] 2490
Started game 2503 of 10000 (Shelter vs Baseline)
Finished game 2486 (Baseline vs Shelter): 0-1 {Black wins by adjudication}
Score of Shelter vs Baseline: 959 - 1030 - 502  [0.486] 2491
Started game 2504 of 10000 (Baseline vs Shelter)
Finished game 2493 (Shelter vs Baseline): 0-1 {Black wins by adjudication}
Score of Shelter vs Baseline: 959 - 1031 - 502  [0.486] 2492
Started game 2505 of 10000 (Shelter vs Baseline)
Finished game 2492 (Baseline vs Shelter): 1/2-1/2 {Draw by 3-fold repetition}
Score of Shelter vs Baseline: 959 - 1031 - 503  [0.486] 2493
Started game 2506 of 10000 (Baseline vs Shelter)
Finished game 2495 (Shelter vs Baseline): 1/2-1/2 {Draw by 3-fold repetition}
Score of Shelter vs Baseline: 959 - 1031 - 504  [0.486] 2494
Started game 2507 of 10000 (Shelter vs Baseline)
Finished game 2498 (Baseline vs Shelter): 1-0 {White wins by adjudication}
Score of Shelter vs Baseline: 959 - 1032 - 504  [0.485] 2495
Started game 2508 of 10000 (Baseline vs Shelter)
Finished game 2494 (Baseline vs Shelter): 0-1 {Black wins by adjudication}
Score of Shelter vs Baseline: 960 - 1032 - 504  [0.486] 2496
Started game 2509 of 10000 (Shelter vs Baseline)
Finished game 2499 (Shelter vs Baseline): 0-1 {Black wins by adjudication}
Score of Shelter vs Baseline: 960 - 1033 - 504  [0.485] 2497
Started game 2510 of 10000 (Baseline vs Shelter)
Finished game 2496 (Baseline vs Shelter): 1/2-1/2 {Draw by insufficient mating material}
Score of Shelter vs Baseline: 960 - 1033 - 505  [0.485] 2498
Started game 2511 of 10000 (Shelter vs Baseline)
Finished game 2497 (Shelter vs Baseline): 1-0 {White wins by adjudication}
Score of Shelter vs Baseline: 961 - 1033 - 505  [0.486] 2499
Started game 2512 of 10000 (Baseline vs Shelter)
Finished game 2502 (Baseline vs Shelter): 1-0 {White wins by adjudication}
Score of Shelter vs Baseline: 961 - 1034 - 505  [0.485] 2500
Started game 2513 of 10000 (Shelter vs Baseline)
Finished game 2501 (Shelter vs Baseline): 1-0 {White wins by adjudication}
Score of Shelter vs Baseline: 962 - 1034 - 505  [0.486] 2501
Started game 2514 of 10000 (Baseline vs Shelter)
Finished game 2507 (Shelter vs Baseline): 1-0 {White wins by adjudication}
Score of Shelter vs Baseline: 963 - 1034 - 505  [0.486] 2502
Started game 2515 of 10000 (Shelter vs Baseline)
Finished game 2506 (Baseline vs Shelter): 0-1 {Black wins by adjudication}
Score of Shelter vs Baseline: 964 - 1034 - 505  [0.486] 2503
Started game 2516 of 10000 (Baseline vs Shelter)
Finished game 2504 (Baseline vs Shelter): 0-1 {Black wins by adjudication}
Score of Shelter vs Baseline: 965 - 1034 - 505  [0.486] 2504
Started game 2517 of 10000 (Shelter vs Baseline)
Finished game 2503 (Shelter vs Baseline): 1-0 {White wins by adjudication}
Score of Shelter vs Baseline: 966 - 1034 - 505  [0.486] 2505
Started game 2518 of 10000 (Baseline vs Shelter)
Finished game 2500 (Baseline vs Shelter): 1-0 {White wins by adjudication}
Score of Shelter vs Baseline: 966 - 1035 - 505  [0.486] 2506
Started game 2519 of 10000 (Shelter vs Baseline)
Finished game 2505 (Shelter vs Baseline): 0-1 {Black wins by adjudication}
Score of Shelter vs Baseline: 966 - 1036 - 505  [0.486] 2507
Started game 2520 of 10000 (Baseline vs Shelter)
Finished game 2513 (Shelter vs Baseline): 1-0 {White wins by adjudication}
Score of Shelter vs Baseline: 967 - 1036 - 505  [0.486] 2508
Started game 2521 of 10000 (Shelter vs Baseline)
Finished game 2509 (Shelter vs Baseline): 1-0 {White wins by adjudication}
Score of Shelter vs Baseline: 968 - 1036 - 505  [0.486] 2509
Started game 2522 of 10000 (Baseline vs Shelter)
Finished game 2511 (Shelter vs Baseline): 1/2-1/2 {Draw by 3-fold repetition}
Score of Shelter vs Baseline: 968 - 1036 - 506  [0.486] 2510
Started game 2523 of 10000 (Shelter vs Baseline)
Finished game 2515 (Shelter vs Baseline): 0-1 {Black wins by adjudication}
Score of Shelter vs Baseline: 968 - 1037 - 506  [0.486] 2511
Started game 2524 of 10000 (Baseline vs Shelter)
Finished game 2514 (Baseline vs Shelter): 1-0 {White wins by adjudication}
Score of Shelter vs Baseline: 968 - 1038 - 506  [0.486] 2512
Started game 2525 of 10000 (Shelter vs Baseline)
Finished game 2519 (Shelter vs Baseline): 0-1 {Black wins by adjudication}
Score of Shelter vs Baseline: 968 - 1039 - 506  [0.486] 2513
Started game 2526 of 10000 (Baseline vs Shelter)
Finished game 2510 (Baseline vs Shelter): 1/2-1/2 {Draw by fifty moves rule}
Score of Shelter vs Baseline: 968 - 1039 - 507  [0.486] 2514
Started game 2527 of 10000 (Shelter vs Baseline)
Finished game 2517 (Shelter vs Baseline): 1-0 {White wins by adjudication}
Score of Shelter vs Baseline: 969 - 1039 - 507  [0.486] 2515
Started game 2528 of 10000 (Baseline vs Shelter)
Finished game 2512 (Baseline vs Shelter): 1/2-1/2 {Draw by adjudication}
Score of Shelter vs Baseline: 969 - 1039 - 508  [0.486] 2516
Started game 2529 of 10000 (Shelter vs Baseline)
Finished game 2518 (Baseline vs Shelter): 1-0 {White wins by adjudication}
Score of Shelter vs Baseline: 969 - 1040 - 508  [0.486] 2517
Started game 2530 of 10000 (Baseline vs Shelter)
Finished game 2520 (Baseline vs Shelter): 0-1 {Black wins by adjudication}
Score of Shelter vs Baseline: 970 - 1040 - 508  [0.486] 2518
Started game 2531 of 10000 (Shelter vs Baseline)
Finished game 2508 (Baseline vs Shelter): 1/2-1/2 {Draw by fifty moves rule}
Score of Shelter vs Baseline: 970 - 1040 - 509  [0.486] 2519
Started game 2532 of 10000 (Baseline vs Shelter)
Finished game 2521 (Shelter vs Baseline): 1/2-1/2 {Draw by 3-fold repetition}
Score of Shelter vs Baseline: 970 - 1040 - 510  [0.486] 2520
Started game 2533 of 10000 (Shelter vs Baseline)
Finished game 2522 (Baseline vs Shelter): 0-1 {Black wins by adjudication}
Score of Shelter vs Baseline: 971 - 1040 - 510  [0.486] 2521
Started game 2534 of 10000 (Baseline vs Shelter)
Finished game 2516 (Baseline vs Shelter): 1-0 {White wins by adjudication}
Score of Shelter vs Baseline: 971 - 1041 - 510  [0.486] 2522
Started game 2535 of 10000 (Shelter vs Baseline)
Finished game 2524 (Baseline vs Shelter): 1-0 {White wins by adjudication}
Score of Shelter vs Baseline: 971 - 1042 - 510  [0.486] 2523
Started game 2536 of 10000 (Baseline vs Shelter)
Finished game 2525 (Shelter vs Baseline): 1-0 {White wins by adjudication}
Score of Shelter vs Baseline: 972 - 1042 - 510  [0.486] 2524
Started game 2537 of 10000 (Shelter vs Baseline)
Finished game 2527 (Shelter vs Baseline): 1-0 {White wins by adjudication}
Score of Shelter vs Baseline: 973 - 1042 - 510  [0.486] 2525
Started game 2538 of 10000 (Baseline vs Shelter)
Finished game 2526 (Baseline vs Shelter): 1-0 {White wins by adjudication}
Score of Shelter vs Baseline: 973 - 1043 - 510  [0.486] 2526
Started game 2539 of 10000 (Shelter vs Baseline)
Finished game 2523 (Shelter vs Baseline): 1/2-1/2 {Draw by fifty moves rule}
Score of Shelter vs Baseline: 973 - 1043 - 511  [0.486] 2527
Started game 2540 of 10000 (Baseline vs Shelter)
Finished game 2530 (Baseline vs Shelter): 1-0 {White wins by adjudication}
Score of Shelter vs Baseline: 973 - 1044 - 511  [0.486] 2528
Started game 2541 of 10000 (Shelter vs Baseline)
Finished game 2531 (Shelter vs Baseline): 1-0 {White mates}
Score of Shelter vs Baseline: 974 - 1044 - 511  [0.486] 2529
Started game 2542 of 10000 (Baseline vs Shelter)
Finished game 2535 (Shelter vs Baseline): 1-0 {White wins by adjudication}
Score of Shelter vs Baseline: 975 - 1044 - 511  [0.486] 2530
Started game 2543 of 10000 (Shelter vs Baseline)
Finished game 2528 (Baseline vs Shelter): 1-0 {White wins by adjudication}
Score of Shelter vs Baseline: 975 - 1045 - 511  [0.486] 2531
Started game 2544 of 10000 (Baseline vs Shelter)
Finished game 2529 (Shelter vs Baseline): 1-0 {White wins by adjudication}
Score of Shelter vs Baseline: 976 - 1045 - 511  [0.486] 2532
Started game 2545 of 10000 (Shelter vs Baseline)
Finished game 2532 (Baseline vs Shelter): 0-1 {Black wins by adjudication}
Score of Shelter vs Baseline: 977 - 1045 - 511  [0.487] 2533
Started game 2546 of 10000 (Baseline vs Shelter)
Finished game 2536 (Baseline vs Shelter): 1/2-1/2 {Draw by 3-fold repetition}
Score of Shelter vs Baseline: 977 - 1045 - 512  [0.487] 2534
Started game 2547 of 10000 (Shelter vs Baseline)
Finished game 2537 (Shelter vs Baseline): 1-0 {White wins by adjudication}
Score of Shelter vs Baseline: 978 - 1045 - 512  [0.487] 2535
Started game 2548 of 10000 (Baseline vs Shelter)
Finished game 2533 (Shelter vs Baseline): 0-1 {Black wins by adjudication}
Score of Shelter vs Baseline: 978 - 1046 - 512  [0.487] 2536
Started game 2549 of 10000 (Shelter vs Baseline)
Finished game 2538 (Baseline vs Shelter): 1-0 {White wins by adjudication}
Score of Shelter vs Baseline: 978 - 1047 - 512  [0.486] 2537
Started game 2550 of 10000 (Baseline vs Shelter)
Finished game 2540 (Baseline vs Shelter): 0-1 {Black wins by adjudication}
Score of Shelter vs Baseline: 979 - 1047 - 512  [0.487] 2538
Started game 2551 of 10000 (Shelter vs Baseline)
Finished game 2541 (Shelter vs Baseline): 1-0 {White wins by adjudication}
Score of Shelter vs Baseline: 980 - 1047 - 512  [0.487] 2539
Started game 2552 of 10000 (Baseline vs Shelter)
Finished game 2539 (Shelter vs Baseline): 1/2-1/2 {Draw by 3-fold repetition}
Score of Shelter vs Baseline: 980 - 1047 - 513  [0.487] 2540
Started game 2553 of 10000 (Shelter vs Baseline)
Finished game 2542 (Baseline vs Shelter): 1-0 {White wins by adjudication}
Score of Shelter vs Baseline: 980 - 1048 - 513  [0.487] 2541
Started game 2554 of 10000 (Baseline vs Shelter)
Finished game 2534 (Baseline vs Shelter): 1/2-1/2 {Draw by insufficient mating material}
Score of Shelter vs Baseline: 980 - 1048 - 514  [0.487] 2542
Started game 2555 of 10000 (Shelter vs Baseline)
Finished game 2545 (Shelter vs Baseline): 0-1 {Black wins by adjudication}
Score of Shelter vs Baseline: 980 - 1049 - 514  [0.486] 2543
Started game 2556 of 10000 (Baseline vs Shelter)
Finished game 2546 (Baseline vs Shelter): 1-0 {White wins by adjudication}
Score of Shelter vs Baseline: 980 - 1050 - 514  [0.486] 2544
Started game 2557 of 10000 (Shelter vs Baseline)
Finished game 2543 (Shelter vs Baseline): 1-0 {White wins by adjudication}
Score of Shelter vs Baseline: 981 - 1050 - 514  [0.486] 2545
Started game 2558 of 10000 (Baseline vs Shelter)
Finished game 2544 (Baseline vs Shelter): 0-1 {Black wins by adjudication}
Score of Shelter vs Baseline: 982 - 1050 - 514  [0.487] 2546
Started game 2559 of 10000 (Shelter vs Baseline)
Finished game 2548 (Baseline vs Shelter): 1/2-1/2 {Draw by 3-fold repetition}
Score of Shelter vs Baseline: 982 - 1050 - 515  [0.487] 2547
Started game 2560 of 10000 (Baseline vs Shelter)
Finished game 2549 (Shelter vs Baseline): 0-1 {Black wins by adjudication}
Score of Shelter vs Baseline: 982 - 1051 - 515  [0.486] 2548
Started game 2561 of 10000 (Shelter vs Baseline)
Finished game 2547 (Shelter vs Baseline): 1-0 {White wins by adjudication}
Score of Shelter vs Baseline: 983 - 1051 - 515  [0.487] 2549
Started game 2562 of 10000 (Baseline vs Shelter)
Finished game 2551 (Shelter vs Baseline): 1-0 {White wins by adjudication}
Score of Shelter vs Baseline: 984 - 1051 - 515  [0.487] 2550
Started game 2563 of 10000 (Shelter vs Baseline)
Finished game 2553 (Shelter vs Baseline): 0-1 {Black wins by adjudication}
Score of Shelter vs Baseline: 984 - 1052 - 515  [0.487] 2551
Started game 2564 of 10000 (Baseline vs Shelter)
Finished game 2550 (Baseline vs Shelter): 1/2-1/2 {Draw by adjudication}
Score of Shelter vs Baseline: 984 - 1052 - 516  [0.487] 2552
Started game 2565 of 10000 (Shelter vs Baseline)
Finished game 2556 (Baseline vs Shelter): 1-0 {White mates}
Score of Shelter vs Baseline: 984 - 1053 - 516  [0.486] 2553
Started game 2566 of 10000 (Baseline vs Shelter)
Finished game 2554 (Baseline vs Shelter): 0-1 {Black wins by adjudication}
Score of Shelter vs Baseline: 985 - 1053 - 516  [0.487] 2554
Started game 2567 of 10000 (Shelter vs Baseline)
Finished game 2552 (Baseline vs Shelter): 1/2-1/2 {Draw by insufficient mating material}
Score of Shelter vs Baseline: 985 - 1053 - 517  [0.487] 2555
Started game 2568 of 10000 (Baseline vs Shelter)
Finished game 2555 (Shelter vs Baseline): 0-1 {Black wins by adjudication}
Score of Shelter vs Baseline: 985 - 1054 - 517  [0.487] 2556
Started game 2569 of 10000 (Shelter vs Baseline)
Finished game 2557 (Shelter vs Baseline): 1/2-1/2 {Draw by insufficient mating material}
Score of Shelter vs Baseline: 985 - 1054 - 518  [0.487] 2557
Started game 2570 of 10000 (Baseline vs Shelter)
Finished game 2562 (Baseline vs Shelter): 1-0 {White wins by adjudication}
Score of Shelter vs Baseline: 985 - 1055 - 518  [0.486] 2558
Started game 2571 of 10000 (Shelter vs Baseline)
Finished game 2564 (Baseline vs Shelter): 0-1 {Black wins by adjudication}
Score of Shelter vs Baseline: 986 - 1055 - 518  [0.487] 2559
Started game 2572 of 10000 (Baseline vs Shelter)
Finished game 2560 (Baseline vs Shelter): 1-0 {White wins by adjudication}
Score of Shelter vs Baseline: 986 - 1056 - 518  [0.486] 2560
Started game 2573 of 10000 (Shelter vs Baseline)
Finished game 2561 (Shelter vs Baseline): 1/2-1/2 {Draw by adjudication}
Score of Shelter vs Baseline: 986 - 1056 - 519  [0.486] 2561
Started game 2574 of 10000 (Baseline vs Shelter)
Finished game 2559 (Shelter vs Baseline): 0-1 {Black wins by adjudication}
Score of Shelter vs Baseline: 986 - 1057 - 519  [0.486] 2562
Started game 2575 of 10000 (Shelter vs Baseline)
Finished game 2563 (Shelter vs Baseline): 0-1 {Black wins by adjudication}
Score of Shelter vs Baseline: 986 - 1058 - 519  [0.486] 2563
Started game 2576 of 10000 (Baseline vs Shelter)
Finished game 2565 (Shelter vs Baseline): 0-1 {Black wins by adjudication}
Score of Shelter vs Baseline: 986 - 1059 - 519  [0.486] 2564
Started game 2577 of 10000 (Shelter vs Baseline)
Finished game 2568 (Baseline vs Shelter): 1-0 {White wins by adjudication}
Score of Shelter vs Baseline: 986 - 1060 - 519  [0.486] 2565
Started game 2578 of 10000 (Baseline vs Shelter)
Finished game 2567 (Shelter vs Baseline): 1/2-1/2 {Draw by insufficient mating material}
Score of Shelter vs Baseline: 986 - 1060 - 520  [0.486] 2566
Started game 2579 of 10000 (Shelter vs Baseline)
Finished game 2569 (Shelter vs Baseline): 0-1 {Black wins by adjudication}
Score of Shelter vs Baseline: 986 - 1061 - 520  [0.485] 2567
Started game 2580 of 10000 (Baseline vs Shelter)
Finished game 2558 (Baseline vs Shelter): 1/2-1/2 {Draw by insufficient mating material}
Score of Shelter vs Baseline: 986 - 1061 - 521  [0.485] 2568
Started game 2581 of 10000 (Shelter vs Baseline)
Finished game 2571 (Shelter vs Baseline): 0-1 {Black wins by adjudication}
Score of Shelter vs Baseline: 986 - 1062 - 521  [0.485] 2569
Started game 2582 of 10000 (Baseline vs Shelter)
Finished game 2574 (Baseline vs Shelter): 0-1 {Black wins by adjudication}
Score of Shelter vs Baseline: 987 - 1062 - 521  [0.485] 2570
Started game 2583 of 10000 (Shelter vs Baseline)
Finished game 2573 (Shelter vs Baseline): 1/2-1/2 {Draw by adjudication}
Score of Shelter vs Baseline: 987 - 1062 - 522  [0.485] 2571
Started game 2584 of 10000 (Baseline vs Shelter)
Finished game 2570 (Baseline vs Shelter): 1/2-1/2 {Draw by adjudication}
Score of Shelter vs Baseline: 987 - 1062 - 523  [0.485] 2572
Started game 2585 of 10000 (Shelter vs Baseline)
Finished game 2576 (Baseline vs Shelter): 1-0 {White wins by adjudication}
Score of Shelter vs Baseline: 987 - 1063 - 523  [0.485] 2573
Started game 2586 of 10000 (Baseline vs Shelter)
Finished game 2572 (Baseline vs Shelter): 1/2-1/2 {Draw by fifty moves rule}
Score of Shelter vs Baseline: 987 - 1063 - 524  [0.485] 2574
Started game 2587 of 10000 (Shelter vs Baseline)
Finished game 2575 (Shelter vs Baseline): 0-1 {Black wins by adjudication}
Score of Shelter vs Baseline: 987 - 1064 - 524  [0.485] 2575
Started game 2588 of 10000 (Baseline vs Shelter)
Finished game 2566 (Baseline vs Shelter): 1/2-1/2 {Draw by 3-fold repetition}
Score of Shelter vs Baseline: 987 - 1064 - 525  [0.485] 2576
Started game 2589 of 10000 (Shelter vs Baseline)
Finished game 2580 (Baseline vs Shelter): 1-0 {White wins by adjudication}
Score of Shelter vs Baseline: 987 - 1065 - 525  [0.485] 2577
Started game 2590 of 10000 (Baseline vs Shelter)
Finished game 2577 (Shelter vs Baseline): 0-1 {Black wins by adjudication}
Score of Shelter vs Baseline: 987 - 1066 - 525  [0.485] 2578
Started game 2591 of 10000 (Shelter vs Baseline)
Finished game 2579 (Shelter vs Baseline): 1-0 {White wins by adjudication}
Score of Shelter vs Baseline: 988 - 1066 - 525  [0.485] 2579
Started game 2592 of 10000 (Baseline vs Shelter)
Finished game 2583 (Shelter vs Baseline): 1-0 {White wins by adjudication}
Score of Shelter vs Baseline: 989 - 1066 - 525  [0.485] 2580
Started game 2593 of 10000 (Shelter vs Baseline)
Finished game 2578 (Baseline vs Shelter): 1/2-1/2 {Draw by adjudication}
Score of Shelter vs Baseline: 989 - 1066 - 526  [0.485] 2581
Started game 2594 of 10000 (Baseline vs Shelter)
Finished game 2587 (Shelter vs Baseline): 1-0 {White wins by adjudication}
Score of Shelter vs Baseline: 990 - 1066 - 526  [0.485] 2582
Started game 2595 of 10000 (Shelter vs Baseline)
Finished game 2582 (Baseline vs Shelter): 1/2-1/2 {Draw by adjudication}
Score of Shelter vs Baseline: 990 - 1066 - 527  [0.485] 2583
Started game 2596 of 10000 (Baseline vs Shelter)
Finished game 2585 (Shelter vs Baseline): 0-1 {Black wins by adjudication}
Score of Shelter vs Baseline: 990 - 1067 - 527  [0.485] 2584
Started game 2597 of 10000 (Shelter vs Baseline)
Finished game 2581 (Shelter vs Baseline): 1/2-1/2 {Draw by insufficient mating material}
Score of Shelter vs Baseline: 990 - 1067 - 528  [0.485] 2585
Started game 2598 of 10000 (Baseline vs Shelter)
Finished game 2592 (Baseline vs Shelter): 0-1 {Black wins by adjudication}
Score of Shelter vs Baseline: 991 - 1067 - 528  [0.485] 2586
Started game 2599 of 10000 (Shelter vs Baseline)
Finished game 2589 (Shelter vs Baseline): 1/2-1/2 {Draw by 3-fold repetition}
Score of Shelter vs Baseline: 991 - 1067 - 529  [0.485] 2587
Started game 2600 of 10000 (Baseline vs Shelter)
Finished game 2588 (Baseline vs Shelter): 1/2-1/2 {Draw by 3-fold repetition}
Score of Shelter vs Baseline: 991 - 1067 - 530  [0.485] 2588
Started game 2601 of 10000 (Shelter vs Baseline)
Finished game 2591 (Shelter vs Baseline): 1-0 {White wins by adjudication}
Score of Shelter vs Baseline: 992 - 1067 - 530  [0.486] 2589
Started game 2602 of 10000 (Baseline vs Shelter)
Finished game 2590 (Baseline vs Shelter): 1-0 {White wins by adjudication}
Score of Shelter vs Baseline: 992 - 1068 - 530  [0.485] 2590
Started game 2603 of 10000 (Shelter vs Baseline)
Finished game 2597 (Shelter vs Baseline): 1-0 {White wins by adjudication}
Score of Shelter vs Baseline: 993 - 1068 - 530  [0.486] 2591
Started game 2604 of 10000 (Baseline vs Shelter)
Finished game 2596 (Baseline vs Shelter): 0-1 {Black wins by adjudication}
Score of Shelter vs Baseline: 994 - 1068 - 530  [0.486] 2592
Started game 2605 of 10000 (Shelter vs Baseline)
Finished game 2594 (Baseline vs Shelter): 1-0 {White wins by adjudication}
Score of Shelter vs Baseline: 994 - 1069 - 530  [0.486] 2593
Started game 2606 of 10000 (Baseline vs Shelter)
Finished game 2584 (Baseline vs Shelter): 1/2-1/2 {Draw by fifty moves rule}
Score of Shelter vs Baseline: 994 - 1069 - 531  [0.486] 2594
Started game 2607 of 10000 (Shelter vs Baseline)
Finished game 2586 (Baseline vs Shelter): 1-0 {White wins by adjudication}
Score of Shelter vs Baseline: 994 - 1070 - 531  [0.485] 2595
Started game 2608 of 10000 (Baseline vs Shelter)
Finished game 2595 (Shelter vs Baseline): 1-0 {White wins by adjudication}
Score of Shelter vs Baseline: 995 - 1070 - 531  [0.486] 2596
Started game 2609 of 10000 (Shelter vs Baseline)
Finished game 2593 (Shelter vs Baseline): 1/2-1/2 {Draw by fifty moves rule}
Score of Shelter vs Baseline: 995 - 1070 - 532  [0.486] 2597
Started game 2610 of 10000 (Baseline vs Shelter)
Finished game 2599 (Shelter vs Baseline): 1/2-1/2 {Draw by 3-fold repetition}
Score of Shelter vs Baseline: 995 - 1070 - 533  [0.486] 2598
Started game 2611 of 10000 (Shelter vs Baseline)
Finished game 2598 (Baseline vs Shelter): 1-0 {White wins by adjudication}
Score of Shelter vs Baseline: 995 - 1071 - 533  [0.485] 2599
Started game 2612 of 10000 (Baseline vs Shelter)
Finished game 2601 (Shelter vs Baseline): 0-1 {Black wins by adjudication}
Score of Shelter vs Baseline: 995 - 1072 - 533  [0.485] 2600
Started game 2613 of 10000 (Shelter vs Baseline)
Finished game 2603 (Shelter vs Baseline): 1/2-1/2 {Draw by 3-fold repetition}
Score of Shelter vs Baseline: 995 - 1072 - 534  [0.485] 2601
Started game 2614 of 10000 (Baseline vs Shelter)
Finished game 2602 (Baseline vs Shelter): 1-0 {White wins by adjudication}
Score of Shelter vs Baseline: 995 - 1073 - 534  [0.485] 2602
Started game 2615 of 10000 (Shelter vs Baseline)
Finished game 2600 (Baseline vs Shelter): 0-1 {Black wins by adjudication}
Score of Shelter vs Baseline: 996 - 1073 - 534  [0.485] 2603
Started game 2616 of 10000 (Baseline vs Shelter)
Finished game 2605 (Shelter vs Baseline): 1-0 {White wins by adjudication}
Score of Shelter vs Baseline: 997 - 1073 - 534  [0.485] 2604
Started game 2617 of 10000 (Shelter vs Baseline)
Finished game 2604 (Baseline vs Shelter): 0-1 {Black wins by adjudication}
Score of Shelter vs Baseline: 998 - 1073 - 534  [0.486] 2605
Started game 2618 of 10000 (Baseline vs Shelter)
Finished game 2607 (Shelter vs Baseline): 1-0 {White wins by adjudication}
Score of Shelter vs Baseline: 999 - 1073 - 534  [0.486] 2606
Started game 2619 of 10000 (Shelter vs Baseline)
Finished game 2606 (Baseline vs Shelter): 0-1 {Black wins by adjudication}
Score of Shelter vs Baseline: 1000 - 1073 - 534  [0.486] 2607
Started game 2620 of 10000 (Baseline vs Shelter)
Finished game 2609 (Shelter vs Baseline): 1-0 {White wins by adjudication}
Score of Shelter vs Baseline: 1001 - 1073 - 534  [0.486] 2608
Started game 2621 of 10000 (Shelter vs Baseline)
Finished game 2612 (Baseline vs Shelter): 0-1 {Black wins by adjudication}
Score of Shelter vs Baseline: 1002 - 1073 - 534  [0.486] 2609
Started game 2622 of 10000 (Baseline vs Shelter)
Finished game 2610 (Baseline vs Shelter): 0-1 {Black wins by adjudication}
Score of Shelter vs Baseline: 1003 - 1073 - 534  [0.487] 2610
Started game 2623 of 10000 (Shelter vs Baseline)
Finished game 2616 (Baseline vs Shelter): 1-0 {White wins by adjudication}
Score of Shelter vs Baseline: 1003 - 1074 - 534  [0.486] 2611
Started game 2624 of 10000 (Baseline vs Shelter)
Finished game 2613 (Shelter vs Baseline): 1/2-1/2 {Draw by insufficient mating material}
Score of Shelter vs Baseline: 1003 - 1074 - 535  [0.486] 2612
Started game 2625 of 10000 (Shelter vs Baseline)
Finished game 2615 (Shelter vs Baseline): 1-0 {White wins by adjudication}
Score of Shelter vs Baseline: 1004 - 1074 - 535  [0.487] 2613
Started game 2626 of 10000 (Baseline vs Shelter)
Finished game 2617 (Shelter vs Baseline): 0-1 {Black wins by adjudication}
Score of Shelter vs Baseline: 1004 - 1075 - 535  [0.486] 2614
Started game 2627 of 10000 (Shelter vs Baseline)
Finished game 2611 (Shelter vs Baseline): 1/2-1/2 {Draw by fifty moves rule}
Score of Shelter vs Baseline: 1004 - 1075 - 536  [0.486] 2615
Started game 2628 of 10000 (Baseline vs Shelter)
Finished game 2608 (Baseline vs Shelter): 0-1 {Black wins by adjudication}
Score of Shelter vs Baseline: 1005 - 1075 - 536  [0.487] 2616
Started game 2629 of 10000 (Shelter vs Baseline)
Finished game 2622 (Baseline vs Shelter): 1/2-1/2 {Draw by 3-fold repetition}
Score of Shelter vs Baseline: 1005 - 1075 - 537  [0.487] 2617
Started game 2630 of 10000 (Baseline vs Shelter)
Finished game 2618 (Baseline vs Shelter): 0-1 {Black wins by adjudication}
Score of Shelter vs Baseline: 1006 - 1075 - 537  [0.487] 2618
Started game 2631 of 10000 (Shelter vs Baseline)
Finished game 2620 (Baseline vs Shelter): 1/2-1/2 {Draw by 3-fold repetition}
Score of Shelter vs Baseline: 1006 - 1075 - 538  [0.487] 2619
Started game 2632 of 10000 (Baseline vs Shelter)
Finished game 2614 (Baseline vs Shelter): 1/2-1/2 {Draw by 3-fold repetition}
Score of Shelter vs Baseline: 1006 - 1075 - 539  [0.487] 2620
Started game 2633 of 10000 (Shelter vs Baseline)
Finished game 2619 (Shelter vs Baseline): 1/2-1/2 {Draw by adjudication}
Score of Shelter vs Baseline: 1006 - 1075 - 540  [0.487] 2621
Started game 2634 of 10000 (Baseline vs Shelter)
Finished game 2623 (Shelter vs Baseline): 1-0 {White wins by adjudication}
Score of Shelter vs Baseline: 1007 - 1075 - 540  [0.487] 2622
Started game 2635 of 10000 (Shelter vs Baseline)
Finished game 2621 (Shelter vs Baseline): 1-0 {White wins by adjudication}
Score of Shelter vs Baseline: 1008 - 1075 - 540  [0.487] 2623
Started game 2636 of 10000 (Baseline vs Shelter)
Finished game 2625 (Shelter vs Baseline): 0-1 {Black wins by adjudication}
Score of Shelter vs Baseline: 1008 - 1076 - 540  [0.487] 2624
Started game 2637 of 10000 (Shelter vs Baseline)
Finished game 2627 (Shelter vs Baseline): 1-0 {White wins by adjudication}
Score of Shelter vs Baseline: 1009 - 1076 - 540  [0.487] 2625
Started game 2638 of 10000 (Baseline vs Shelter)
Finished game 2628 (Baseline vs Shelter): 1/2-1/2 {Draw by 3-fold repetition}
Score of Shelter vs Baseline: 1009 - 1076 - 541  [0.487] 2626
Started game 2639 of 10000 (Shelter vs Baseline)
Finished game 2629 (Shelter vs Baseline): 0-1 {Black wins by adjudication}
Score of Shelter vs Baseline: 1009 - 1077 - 541  [0.487] 2627
Started game 2640 of 10000 (Baseline vs Shelter)
Finished game 2633 (Shelter vs Baseline): 0-1 {Black wins by adjudication}
Score of Shelter vs Baseline: 1009 - 1078 - 541  [0.487] 2628
Started game 2641 of 10000 (Shelter vs Baseline)
Finished game 2624 (Baseline vs Shelter): 1-0 {White wins by adjudication}
Score of Shelter vs Baseline: 1009 - 1079 - 541  [0.487] 2629
Started game 2642 of 10000 (Baseline vs Shelter)
Finished game 2634 (Baseline vs Shelter): 1-0 {White wins by adjudication}
Score of Shelter vs Baseline: 1009 - 1080 - 541  [0.487] 2630
Started game 2643 of 10000 (Shelter vs Baseline)
Finished game 2631 (Shelter vs Baseline): 0-1 {Black wins by adjudication}
Score of Shelter vs Baseline: 1009 - 1081 - 541  [0.486] 2631
Started game 2644 of 10000 (Baseline vs Shelter)
Finished game 2626 (Baseline vs Shelter): 1/2-1/2 {Draw by 3-fold repetition}
Score of Shelter vs Baseline: 1009 - 1081 - 542  [0.486] 2632
Started game 2645 of 10000 (Shelter vs Baseline)
Finished game 2632 (Baseline vs Shelter): 1-0 {White wins by adjudication}
Score of Shelter vs Baseline: 1009 - 1082 - 542  [0.486] 2633
Started game 2646 of 10000 (Baseline vs Shelter)
Finished game 2636 (Baseline vs Shelter): 1-0 {White wins by adjudication}
Score of Shelter vs Baseline: 1009 - 1083 - 542  [0.486] 2634
Started game 2647 of 10000 (Shelter vs Baseline)
Finished game 2637 (Shelter vs Baseline): 1-0 {White wins by adjudication}
Score of Shelter vs Baseline: 1010 - 1083 - 542  [0.486] 2635
Started game 2648 of 10000 (Baseline vs Shelter)
Finished game 2646 (Baseline vs Shelter): 1/2-1/2 {Draw by 3-fold repetition}
Score of Shelter vs Baseline: 1010 - 1083 - 543  [0.486] 2636
Started game 2649 of 10000 (Shelter vs Baseline)
Finished game 2640 (Baseline vs Shelter): 1/2-1/2 {Draw by adjudication}
Score of Shelter vs Baseline: 1010 - 1083 - 544  [0.486] 2637
Started game 2650 of 10000 (Baseline vs Shelter)
Finished game 2638 (Baseline vs Shelter): 0-1 {Black wins by adjudication}
Score of Shelter vs Baseline: 1011 - 1083 - 544  [0.486] 2638
Started game 2651 of 10000 (Shelter vs Baseline)
Finished game 2635 (Shelter vs Baseline): 1/2-1/2 {Draw by insufficient mating material}
Score of Shelter vs Baseline: 1011 - 1083 - 545  [0.486] 2639
Started game 2652 of 10000 (Baseline vs Shelter)
Finished game 2643 (Shelter vs Baseline): 1/2-1/2 {Draw by 3-fold repetition}
Score of Shelter vs Baseline: 1011 - 1083 - 546  [0.486] 2640
Started game 2653 of 10000 (Shelter vs Baseline)
Finished game 2645 (Shelter vs Baseline): 1/2-1/2 {Draw by 3-fold repetition}
Score of Shelter vs Baseline: 1011 - 1083 - 547  [0.486] 2641
Started game 2654 of 10000 (Baseline vs Shelter)
Finished game 2641 (Shelter vs Baseline): 0-1 {Black wins by adjudication}
Score of Shelter vs Baseline: 1011 - 1084 - 547  [0.486] 2642
Started game 2655 of 10000 (Shelter vs Baseline)
Finished game 2642 (Baseline vs Shelter): 1/2-1/2 {Draw by adjudication}
Score of Shelter vs Baseline: 1011 - 1084 - 548  [0.486] 2643
Started game 2656 of 10000 (Baseline vs Shelter)
Finished game 2639 (Shelter vs Baseline): 1/2-1/2 {Draw by fifty moves rule}
Score of Shelter vs Baseline: 1011 - 1084 - 549  [0.486] 2644
Started game 2657 of 10000 (Shelter vs Baseline)
Finished game 2644 (Baseline vs Shelter): 1/2-1/2 {Draw by insufficient mating material}
Score of Shelter vs Baseline: 1011 - 1084 - 550  [0.486] 2645
Started game 2658 of 10000 (Baseline vs Shelter)
Finished game 2647 (Shelter vs Baseline): 1-0 {White wins by adjudication}
Score of Shelter vs Baseline: 1012 - 1084 - 550  [0.486] 2646
Started game 2659 of 10000 (Shelter vs Baseline)
Finished game 2630 (Baseline vs Shelter): 1/2-1/2 {Draw by fifty moves rule}
Score of Shelter vs Baseline: 1012 - 1084 - 551  [0.486] 2647
Started game 2660 of 10000 (Baseline vs Shelter)
Finished game 2649 (Shelter vs Baseline): 1-0 {White wins by adjudication}
Score of Shelter vs Baseline: 1013 - 1084 - 551  [0.487] 2648
Started game 2661 of 10000 (Shelter vs Baseline)
Finished game 2648 (Baseline vs Shelter): 0-1 {Black wins by adjudication}
Score of Shelter vs Baseline: 1014 - 1084 - 551  [0.487] 2649
Started game 2662 of 10000 (Baseline vs Shelter)
Finished game 2653 (Shelter vs Baseline): 1-0 {White wins by adjudication}
Score of Shelter vs Baseline: 1015 - 1084 - 551  [0.487] 2650
Started game 2663 of 10000 (Shelter vs Baseline)
Finished game 2650 (Baseline vs Shelter): 1/2-1/2 {Draw by adjudication}
Score of Shelter vs Baseline: 1015 - 1084 - 552  [0.487] 2651
Started game 2664 of 10000 (Baseline vs Shelter)
Finished game 2652 (Baseline vs Shelter): 1-0 {White wins by adjudication}
Score of Shelter vs Baseline: 1015 - 1085 - 552  [0.487] 2652
Started game 2665 of 10000 (Shelter vs Baseline)
Finished game 2654 (Baseline vs Shelter): 1-0 {White wins by adjudication}
Score of Shelter vs Baseline: 1015 - 1086 - 552  [0.487] 2653
Started game 2666 of 10000 (Baseline vs Shelter)
Finished game 2656 (Baseline vs Shelter): 0-1 {Black wins by adjudication}
Score of Shelter vs Baseline: 1016 - 1086 - 552  [0.487] 2654
Started game 2667 of 10000 (Shelter vs Baseline)
Finished game 2655 (Shelter vs Baseline): 1/2-1/2 {Draw by adjudication}
Score of Shelter vs Baseline: 1016 - 1086 - 553  [0.487] 2655
Started game 2668 of 10000 (Baseline vs Shelter)
Finished game 2658 (Baseline vs Shelter): 1/2-1/2 {Draw by adjudication}
Score of Shelter vs Baseline: 1016 - 1086 - 554  [0.487] 2656
Started game 2669 of 10000 (Shelter vs Baseline)
Finished game 2657 (Shelter vs Baseline): 1/2-1/2 {Draw by adjudication}
Score of Shelter vs Baseline: 1016 - 1086 - 555  [0.487] 2657
Started game 2670 of 10000 (Baseline vs Shelter)
Finished game 2661 (Shelter vs Baseline): 1-0 {White wins by adjudication}
Score of Shelter vs Baseline: 1017 - 1086 - 555  [0.487] 2658
Started game 2671 of 10000 (Shelter vs Baseline)
Finished game 2651 (Shelter vs Baseline): 1/2-1/2 {Draw by fifty moves rule}
Score of Shelter vs Baseline: 1017 - 1086 - 556  [0.487] 2659
Started game 2672 of 10000 (Baseline vs Shelter)
Finished game 2659 (Shelter vs Baseline): 1/2-1/2 {Draw by adjudication}
Score of Shelter vs Baseline: 1017 - 1086 - 557  [0.487] 2660
Started game 2673 of 10000 (Shelter vs Baseline)
Finished game 2665 (Shelter vs Baseline): 1/2-1/2 {Draw by 3-fold repetition}
Score of Shelter vs Baseline: 1017 - 1086 - 558  [0.487] 2661
Started game 2674 of 10000 (Baseline vs Shelter)
Finished game 2662 (Baseline vs Shelter): 1-0 {White wins by adjudication}
Score of Shelter vs Baseline: 1017 - 1087 - 558  [0.487] 2662
Started game 2675 of 10000 (Shelter vs Baseline)
Finished game 2666 (Baseline vs Shelter): 1-0 {White wins by adjudication}
Score of Shelter vs Baseline: 1017 - 1088 - 558  [0.487] 2663
Started game 2676 of 10000 (Baseline vs Shelter)
Finished game 2667 (Shelter vs Baseline): 0-1 {Black wins by adjudication}
Score of Shelter vs Baseline: 1017 - 1089 - 558  [0.486] 2664
Started game 2677 of 10000 (Shelter vs Baseline)
Finished game 2664 (Baseline vs Shelter): 1-0 {White wins by adjudication}
Score of Shelter vs Baseline: 1017 - 1090 - 558  [0.486] 2665
Started game 2678 of 10000 (Baseline vs Shelter)
Finished game 2668 (Baseline vs Shelter): 0-1 {Black wins by adjudication}
Score of Shelter vs Baseline: 1018 - 1090 - 558  [0.486] 2666
Started game 2679 of 10000 (Shelter vs Baseline)
Finished game 2663 (Shelter vs Baseline): 1/2-1/2 {Draw by insufficient mating material}
Score of Shelter vs Baseline: 1018 - 1090 - 559  [0.487] 2667
Started game 2680 of 10000 (Baseline vs Shelter)
Finished game 2670 (Baseline vs Shelter): 1-0 {White wins by adjudication}
Score of Shelter vs Baseline: 1018 - 1091 - 559  [0.486] 2668
Started game 2681 of 10000 (Shelter vs Baseline)
Finished game 2669 (Shelter vs Baseline): 1/2-1/2 {Draw by adjudication}
Score of Shelter vs Baseline: 1018 - 1091 - 560  [0.486] 2669
Started game 2682 of 10000 (Baseline vs Shelter)
Finished game 2660 (Baseline vs Shelter): 1/2-1/2 {Draw by fifty moves rule}
Score of Shelter vs Baseline: 1018 - 1091 - 561  [0.486] 2670
Started game 2683 of 10000 (Shelter vs Baseline)
Finished game 2672 (Baseline vs Shelter): 1-0 {White wins by adjudication}
Score of Shelter vs Baseline: 1018 - 1092 - 561  [0.486] 2671
Started game 2684 of 10000 (Baseline vs Shelter)
Finished game 2673 (Shelter vs Baseline): 0-1 {Black wins by adjudication}
Score of Shelter vs Baseline: 1018 - 1093 - 561  [0.486] 2672
Started game 2685 of 10000 (Shelter vs Baseline)
Finished game 2676 (Baseline vs Shelter): 0-1 {Black wins by adjudication}
Score of Shelter vs Baseline: 1019 - 1093 - 561  [0.486] 2673
Started game 2686 of 10000 (Baseline vs Shelter)
Finished game 2671 (Shelter vs Baseline): 0-1 {Black wins by adjudication}
Score of Shelter vs Baseline: 1019 - 1094 - 561  [0.486] 2674
Started game 2687 of 10000 (Shelter vs Baseline)
Finished game 2678 (Baseline vs Shelter): 1-0 {White wins by adjudication}
Score of Shelter vs Baseline: 1019 - 1095 - 561  [0.486] 2675
Started game 2688 of 10000 (Baseline vs Shelter)
Finished game 2674 (Baseline vs Shelter): 1/2-1/2 {Draw by insufficient mating material}
Score of Shelter vs Baseline: 1019 - 1095 - 562  [0.486] 2676
Started game 2689 of 10000 (Shelter vs Baseline)
Finished game 2679 (Shelter vs Baseline): 0-1 {Black wins by adjudication}
Score of Shelter vs Baseline: 1019 - 1096 - 562  [0.486] 2677
Started game 2690 of 10000 (Baseline vs Shelter)
Finished game 2680 (Baseline vs Shelter): 1-0 {White wins by adjudication}
Score of Shelter vs Baseline: 1019 - 1097 - 562  [0.485] 2678
Started game 2691 of 10000 (Shelter vs Baseline)
Finished game 2677 (Shelter vs Baseline): 1/2-1/2 {Draw by fifty moves rule}
Score of Shelter vs Baseline: 1019 - 1097 - 563  [0.485] 2679
Started game 2692 of 10000 (Baseline vs Shelter)
Finished game 2682 (Baseline vs Shelter): 0-1 {Black wins by adjudication}
Score of Shelter vs Baseline: 1020 - 1097 - 563  [0.486] 2680
Started game 2693 of 10000 (Shelter vs Baseline)
Finished game 2675 (Shelter vs Baseline): 1/2-1/2 {Draw by adjudication}
Score of Shelter vs Baseline: 1020 - 1097 - 564  [0.486] 2681
Started game 2694 of 10000 (Baseline vs Shelter)
Finished game 2683 (Shelter vs Baseline): 0-1 {Black mates}
Score of Shelter vs Baseline: 1020 - 1098 - 564  [0.485] 2682
Started game 2695 of 10000 (Shelter vs Baseline)
Finished game 2685 (Shelter vs Baseline): 1-0 {White wins by adjudication}
Score of Shelter vs Baseline: 1021 - 1098 - 564  [0.486] 2683
Started game 2696 of 10000 (Baseline vs Shelter)
Finished game 2684 (Baseline vs Shelter): 0-1 {Black wins by adjudication}
Score of Shelter vs Baseline: 1022 - 1098 - 564  [0.486] 2684
Started game 2697 of 10000 (Shelter vs Baseline)
Finished game 2690 (Baseline vs Shelter): 1-0 {White wins by adjudication}
Score of Shelter vs Baseline: 1022 - 1099 - 564  [0.486] 2685
Started game 2698 of 10000 (Baseline vs Shelter)
Finished game 2686 (Baseline vs Shelter): 0-1 {Black wins by adjudication}
Score of Shelter vs Baseline: 1023 - 1099 - 564  [0.486] 2686
Started game 2699 of 10000 (Shelter vs Baseline)
Finished game 2681 (Shelter vs Baseline): 1/2-1/2 {Draw by adjudication}
Score of Shelter vs Baseline: 1023 - 1099 - 565  [0.486] 2687
Started game 2700 of 10000 (Baseline vs Shelter)
Finished game 2689 (Shelter vs Baseline): 0-1 {Black wins by adjudication}
Score of Shelter vs Baseline: 1023 - 1100 - 565  [0.486] 2688
Started game 2701 of 10000 (Shelter vs Baseline)
Finished game 2691 (Shelter vs Baseline): 0-1 {Black wins by adjudication}
Score of Shelter vs Baseline: 1023 - 1101 - 565  [0.485] 2689
Started game 2702 of 10000 (Baseline vs Shelter)
Finished game 2687 (Shelter vs Baseline): 1/2-1/2 {Draw by 3-fold repetition}
Score of Shelter vs Baseline: 1023 - 1101 - 566  [0.486] 2690
Started game 2703 of 10000 (Shelter vs Baseline)
Finished game 2694 (Baseline vs Shelter): 1-0 {White wins by adjudication}
Score of Shelter vs Baseline: 1023 - 1102 - 566  [0.485] 2691
Started game 2704 of 10000 (Baseline vs Shelter)
Finished game 2693 (Shelter vs Baseline): 1/2-1/2 {Draw by insufficient mating material}
Score of Shelter vs Baseline: 1023 - 1102 - 567  [0.485] 2692
Started game 2705 of 10000 (Shelter vs Baseline)
Finished game 2692 (Baseline vs Shelter): 1/2-1/2 {Draw by 3-fold repetition}
Score of Shelter vs Baseline: 1023 - 1102 - 568  [0.485] 2693
Started game 2706 of 10000 (Baseline vs Shelter)
Finished game 2700 (Baseline vs Shelter): 0-1 {Black wins by adjudication}
Score of Shelter vs Baseline: 1024 - 1102 - 568  [0.486] 2694
Started game 2707 of 10000 (Shelter vs Baseline)
Finished game 2699 (Shelter vs Baseline): 1-0 {White wins by adjudication}
Score of Shelter vs Baseline: 1025 - 1102 - 568  [0.486] 2695
Started game 2708 of 10000 (Baseline vs Shelter)
Finished game 2696 (Baseline vs Shelter): 1-0 {White wins by adjudication}
Score of Shelter vs Baseline: 1025 - 1103 - 568  [0.486] 2696
Started game 2709 of 10000 (Shelter vs Baseline)
Finished game 2688 (Baseline vs Shelter): 1-0 {White wins by adjudication}
Score of Shelter vs Baseline: 1025 - 1104 - 568  [0.485] 2697
Started game 2710 of 10000 (Baseline vs Shelter)
Finished game 2697 (Shelter vs Baseline): 0-1 {Black wins by adjudication}
Score of Shelter vs Baseline: 1025 - 1105 - 568  [0.485] 2698
Started game 2711 of 10000 (Shelter vs Baseline)
Finished game 2695 (Shelter vs Baseline): 1-0 {White wins by adjudication}
Score of Shelter vs Baseline: 1026 - 1105 - 568  [0.485] 2699
Started game 2712 of 10000 (Baseline vs Shelter)
Finished game 2701 (Shelter vs Baseline): 0-1 {Black wins by adjudication}
Score of Shelter vs Baseline: 1026 - 1106 - 568  [0.485] 2700
Started game 2713 of 10000 (Shelter vs Baseline)
Finished game 2702 (Baseline vs Shelter): 1/2-1/2 {Draw by 3-fold repetition}
Score of Shelter vs Baseline: 1026 - 1106 - 569  [0.485] 2701
Started game 2714 of 10000 (Baseline vs Shelter)
Finished game 2707 (Shelter vs Baseline): 1-0 {White wins by adjudication}
Score of Shelter vs Baseline: 1027 - 1106 - 569  [0.485] 2702
Started game 2715 of 10000 (Shelter vs Baseline)
Finished game 2698 (Baseline vs Shelter): 1/2-1/2 {Draw by fifty moves rule}
Score of Shelter vs Baseline: 1027 - 1106 - 570  [0.485] 2703
Started game 2716 of 10000 (Baseline vs Shelter)
Finished game 2704 (Baseline vs Shelter): 0-1 {Black wins by adjudication}
Score of Shelter vs Baseline: 1028 - 1106 - 570  [0.486] 2704
Started game 2717 of 10000 (Shelter vs Baseline)
Finished game 2708 (Baseline vs Shelter): 1-0 {White wins by adjudication}
Score of Shelter vs Baseline: 1028 - 1107 - 570  [0.485] 2705
Started game 2718 of 10000 (Baseline vs Shelter)
Finished game 2706 (Baseline vs Shelter): 1-0 {White wins by adjudication}
Score of Shelter vs Baseline: 1028 - 1108 - 570  [0.485] 2706
Started game 2719 of 10000 (Shelter vs Baseline)
Finished game 2710 (Baseline vs Shelter): 1/2-1/2 {Draw by 3-fold repetition}
Score of Shelter vs Baseline: 1028 - 1108 - 571  [0.485] 2707
Started game 2720 of 10000 (Baseline vs Shelter)
Finished game 2705 (Shelter vs Baseline): 1-0 {White wins by adjudication}
Score of Shelter vs Baseline: 1029 - 1108 - 571  [0.485] 2708
Started game 2721 of 10000 (Shelter vs Baseline)
Finished game 2709 (Shelter vs Baseline): 0-1 {Black wins by adjudication}
Score of Shelter vs Baseline: 1029 - 1109 - 571  [0.485] 2709
Started game 2722 of 10000 (Baseline vs Shelter)
Finished game 2712 (Baseline vs Shelter): 0-1 {Black wins by adjudication}
Score of Shelter vs Baseline: 1030 - 1109 - 571  [0.485] 2710
Started game 2723 of 10000 (Shelter vs Baseline)
Finished game 2703 (Shelter vs Baseline): 1-0 {White mates}
Score of Shelter vs Baseline: 1031 - 1109 - 571  [0.486] 2711
Started game 2724 of 10000 (Baseline vs Shelter)
Finished game 2715 (Shelter vs Baseline): 0-1 {Black mates}
Score of Shelter vs Baseline: 1031 - 1110 - 571  [0.485] 2712
Started game 2725 of 10000 (Shelter vs Baseline)
Finished game 2713 (Shelter vs Baseline): 0-1 {Black wins by adjudication}
Score of Shelter vs Baseline: 1031 - 1111 - 571  [0.485] 2713
Started game 2726 of 10000 (Baseline vs Shelter)
Finished game 2718 (Baseline vs Shelter): 1-0 {White wins by adjudication}
Score of Shelter vs Baseline: 1031 - 1112 - 571  [0.485] 2714
Started game 2727 of 10000 (Shelter vs Baseline)
Finished game 2720 (Baseline vs Shelter): 1-0 {White wins by adjudication}
Score of Shelter vs Baseline: 1031 - 1113 - 571  [0.485] 2715
Started game 2728 of 10000 (Baseline vs Shelter)
Finished game 2721 (Shelter vs Baseline): 1-0 {White wins by adjudication}
Score of Shelter vs Baseline: 1032 - 1113 - 571  [0.485] 2716
Started game 2729 of 10000 (Shelter vs Baseline)
Finished game 2716 (Baseline vs Shelter): 0-1 {Black wins by adjudication}
Score of Shelter vs Baseline: 1033 - 1113 - 571  [0.485] 2717
Started game 2730 of 10000 (Baseline vs Shelter)
Finished game 2717 (Shelter vs Baseline): 1/2-1/2 {Draw by insufficient mating material}
Score of Shelter vs Baseline: 1033 - 1113 - 572  [0.485] 2718
Started game 2731 of 10000 (Shelter vs Baseline)
Finished game 2719 (Shelter vs Baseline): 1/2-1/2 {Draw by adjudication}
Score of Shelter vs Baseline: 1033 - 1113 - 573  [0.485] 2719
Started game 2732 of 10000 (Baseline vs Shelter)
Finished game 2728 (Baseline vs Shelter): 1/2-1/2 {Draw by 3-fold repetition}
Score of Shelter vs Baseline: 1033 - 1113 - 574  [0.485] 2720
Started game 2733 of 10000 (Shelter vs Baseline)
Finished game 2723 (Shelter vs Baseline): 1-0 {White wins by adjudication}
Score of Shelter vs Baseline: 1034 - 1113 - 574  [0.485] 2721
Started game 2734 of 10000 (Baseline vs Shelter)
Finished game 2711 (Shelter vs Baseline): 1/2-1/2 {Draw by fifty moves rule}
Score of Shelter vs Baseline: 1034 - 1113 - 575  [0.485] 2722
Started game 2735 of 10000 (Shelter vs Baseline)
Finished game 2725 (Shelter vs Baseline): 0-1 {Black wins by adjudication}
Score of Shelter vs Baseline: 1034 - 1114 - 575  [0.485] 2723
Started game 2736 of 10000 (Baseline vs Shelter)
Finished game 2724 (Baseline vs Shelter): 1-0 {White wins by adjudication}
Score of Shelter vs Baseline: 1034 - 1115 - 575  [0.485] 2724
Started game 2737 of 10000 (Shelter vs Baseline)
Finished game 2714 (Baseline vs Shelter): 1/2-1/2 {Draw by fifty moves rule}
Score of Shelter vs Baseline: 1034 - 1115 - 576  [0.485] 2725
Started game 2738 of 10000 (Baseline vs Shelter)
Finished game 2722 (Baseline vs Shelter): 0-1 {Black wins by adjudication}
Score of Shelter vs Baseline: 1035 - 1115 - 576  [0.485] 2726
Started game 2739 of 10000 (Shelter vs Baseline)
Finished game 2729 (Shelter vs Baseline): 0-1 {Black wins by adjudication}
Score of Shelter vs Baseline: 1035 - 1116 - 576  [0.485] 2727
Started game 2740 of 10000 (Baseline vs Shelter)
Finished game 2730 (Baseline vs Shelter): 0-1 {Black wins by adjudication}
Score of Shelter vs Baseline: 1036 - 1116 - 576  [0.485] 2728
Started game 2741 of 10000 (Shelter vs Baseline)
Finished game 2731 (Shelter vs Baseline): 0-1 {Black wins by adjudication}
Score of Shelter vs Baseline: 1036 - 1117 - 576  [0.485] 2729
Started game 2742 of 10000 (Baseline vs Shelter)
Finished game 2732 (Baseline vs Shelter): 0-1 {Black wins by adjudication}
Score of Shelter vs Baseline: 1037 - 1117 - 576  [0.485] 2730
Started game 2743 of 10000 (Shelter vs Baseline)
Finished game 2733 (Shelter vs Baseline): 1/2-1/2 {Draw by adjudication}
Score of Shelter vs Baseline: 1037 - 1117 - 577  [0.485] 2731
Started game 2744 of 10000 (Baseline vs Shelter)
Finished game 2738 (Baseline vs Shelter): 1/2-1/2 {Draw by 3-fold repetition}
Score of Shelter vs Baseline: 1037 - 1117 - 578  [0.485] 2732
Started game 2745 of 10000 (Shelter vs Baseline)
Finished game 2734 (Baseline vs Shelter): 0-1 {Black wins by adjudication}
Score of Shelter vs Baseline: 1038 - 1117 - 578  [0.486] 2733
Started game 2746 of 10000 (Baseline vs Shelter)
Finished game 2735 (Shelter vs Baseline): 0-1 {Black wins by adjudication}
Score of Shelter vs Baseline: 1038 - 1118 - 578  [0.485] 2734
Started game 2747 of 10000 (Shelter vs Baseline)
Finished game 2727 (Shelter vs Baseline): 1/2-1/2 {Draw by fifty moves rule}
Score of Shelter vs Baseline: 1038 - 1118 - 579  [0.485] 2735
Started game 2748 of 10000 (Baseline vs Shelter)
Finished game 2726 (Baseline vs Shelter): 1/2-1/2 {Draw by adjudication}
Score of Shelter vs Baseline: 1038 - 1118 - 580  [0.485] 2736
Started game 2749 of 10000 (Shelter vs Baseline)
Finished game 2736 (Baseline vs Shelter): 1-0 {White wins by adjudication}
Score of Shelter vs Baseline: 1038 - 1119 - 580  [0.485] 2737
Started game 2750 of 10000 (Baseline vs Shelter)
Finished game 2744 (Baseline vs Shelter): 1-0 {White wins by adjudication}
Score of Shelter vs Baseline: 1038 - 1120 - 580  [0.485] 2738
Started game 2751 of 10000 (Shelter vs Baseline)
Finished game 2737 (Shelter vs Baseline): 0-1 {Black wins by adjudication}
Score of Shelter vs Baseline: 1038 - 1121 - 580  [0.485] 2739
Started game 2752 of 10000 (Baseline vs Shelter)
Finished game 2740 (Baseline vs Shelter): 0-1 {Black wins by adjudication}
Score of Shelter vs Baseline: 1039 - 1121 - 580  [0.485] 2740
Started game 2753 of 10000 (Shelter vs Baseline)
Finished game 2739 (Shelter vs Baseline): 1/2-1/2 {Draw by 3-fold repetition}
Score of Shelter vs Baseline: 1039 - 1121 - 581  [0.485] 2741
Started game 2754 of 10000 (Baseline vs Shelter)
Finished game 2742 (Baseline vs Shelter): 0-1 {Black wins by adjudication}
Score of Shelter vs Baseline: 1040 - 1121 - 581  [0.485] 2742
Started game 2755 of 10000 (Shelter vs Baseline)
Finished game 2745 (Shelter vs Baseline): 1-0 {White wins by adjudication}
Score of Shelter vs Baseline: 1041 - 1121 - 581  [0.485] 2743
Started game 2756 of 10000 (Baseline vs Shelter)
Finished game 2743 (Shelter vs Baseline): 1-0 {White wins by adjudication}
Score of Shelter vs Baseline: 1042 - 1121 - 581  [0.486] 2744
Started game 2757 of 10000 (Shelter vs Baseline)
Finished game 2741 (Shelter vs Baseline): 1/2-1/2 {Draw by insufficient mating material}
Score of Shelter vs Baseline: 1042 - 1121 - 582  [0.486] 2745
Started game 2758 of 10000 (Baseline vs Shelter)
Finished game 2750 (Baseline vs Shelter): 1-0 {White wins by adjudication}
Score of Shelter vs Baseline: 1042 - 1122 - 582  [0.485] 2746
Started game 2759 of 10000 (Shelter vs Baseline)
Finished game 2746 (Baseline vs Shelter): 0-1 {Black wins by adjudication}
Score of Shelter vs Baseline: 1043 - 1122 - 582  [0.486] 2747
Started game 2760 of 10000 (Baseline vs Shelter)
Finished game 2752 (Baseline vs Shelter): 1-0 {White wins by adjudication}
Score of Shelter vs Baseline: 1043 - 1123 - 582  [0.485] 2748
Started game 2761 of 10000 (Shelter vs Baseline)
Finished game 2748 (Baseline vs Shelter): 0-1 {Black wins by adjudication}
Score of Shelter vs Baseline: 1044 - 1123 - 582  [0.486] 2749
Started game 2762 of 10000 (Baseline vs Shelter)
Finished game 2756 (Baseline vs Shelter): 1-0 {White wins by adjudication}
Score of Shelter vs Baseline: 1044 - 1124 - 582  [0.485] 2750
Started game 2763 of 10000 (Shelter vs Baseline)
Finished game 2754 (Baseline vs Shelter): 1/2-1/2 {Draw by adjudication}
Score of Shelter vs Baseline: 1044 - 1124 - 583  [0.485] 2751
Started game 2764 of 10000 (Baseline vs Shelter)
Finished game 2747 (Shelter vs Baseline): 1/2-1/2 {Draw by fifty moves rule}
Score of Shelter vs Baseline: 1044 - 1124 - 584  [0.485] 2752
Started game 2765 of 10000 (Shelter vs Baseline)
Finished game 2757 (Shelter vs Baseline): 0-1 {Black wins by adjudication}
Score of Shelter vs Baseline: 1044 - 1125 - 584  [0.485] 2753
Started game 2766 of 10000 (Baseline vs Shelter)
Finished game 2751 (Shelter vs Baseline): 1/2-1/2 {Draw by fifty moves rule}
Score of Shelter vs Baseline: 1044 - 1125 - 585  [0.485] 2754
Started game 2767 of 10000 (Shelter vs Baseline)
Finished game 2758 (Baseline vs Shelter): 1-0 {White wins by adjudication}
Score of Shelter vs Baseline: 1044 - 1126 - 585  [0.485] 2755
Started game 2768 of 10000 (Baseline vs Shelter)
Finished game 2753 (Shelter vs Baseline): 1/2-1/2 {Draw by insufficient mating material}
Score of Shelter vs Baseline: 1044 - 1126 - 586  [0.485] 2756
Started game 2769 of 10000 (Shelter vs Baseline)
Finished game 2759 (Shelter vs Baseline): 0-1 {Black wins by adjudication}
Score of Shelter vs Baseline: 1044 - 1127 - 586  [0.485] 2757
Started game 2770 of 10000 (Baseline vs Shelter)
Finished game 2755 (Shelter vs Baseline): 1/2-1/2 {Draw by adjudication}
Score of Shelter vs Baseline: 1044 - 1127 - 587  [0.485] 2758
Started game 2771 of 10000 (Shelter vs Baseline)
Finished game 2760 (Baseline vs Shelter): 1-0 {White wins by adjudication}
Score of Shelter vs Baseline: 1044 - 1128 - 587  [0.485] 2759
Started game 2772 of 10000 (Baseline vs Shelter)
Finished game 2749 (Shelter vs Baseline): 1/2-1/2 {Draw by fifty moves rule}
Score of Shelter vs Baseline: 1044 - 1128 - 588  [0.485] 2760
Started game 2773 of 10000 (Shelter vs Baseline)
Finished game 2763 (Shelter vs Baseline): 1-0 {White wins by adjudication}
Score of Shelter vs Baseline: 1045 - 1128 - 588  [0.485] 2761
Started game 2774 of 10000 (Baseline vs Shelter)
Finished game 2761 (Shelter vs Baseline): 1/2-1/2 {Draw by 3-fold repetition}
Score of Shelter vs Baseline: 1045 - 1128 - 589  [0.485] 2762
Started game 2775 of 10000 (Shelter vs Baseline)
Finished game 2764 (Baseline vs Shelter): 1-0 {White wins by adjudication}
Score of Shelter vs Baseline: 1045 - 1129 - 589  [0.485] 2763
Started game 2776 of 10000 (Baseline vs Shelter)
Finished game 2770 (Baseline vs Shelter): 1-0 {White wins by adjudication}
Score of Shelter vs Baseline: 1045 - 1130 - 589  [0.485] 2764
Started game 2777 of 10000 (Shelter vs Baseline)
Finished game 2765 (Shelter vs Baseline): 0-1 {Black wins by adjudication}
Score of Shelter vs Baseline: 1045 - 1131 - 589  [0.484] 2765
Started game 2778 of 10000 (Baseline vs Shelter)
Finished game 2769 (Shelter vs Baseline): 0-1 {Black wins by adjudication}
Score of Shelter vs Baseline: 1045 - 1132 - 589  [0.484] 2766
Started game 2779 of 10000 (Shelter vs Baseline)
Finished game 2768 (Baseline vs Shelter): 0-1 {Black wins by adjudication}
Score of Shelter vs Baseline: 1046 - 1132 - 589  [0.484] 2767
Started game 2780 of 10000 (Baseline vs Shelter)
Finished game 2771 (Shelter vs Baseline): 0-1 {Black wins by adjudication}
Score of Shelter vs Baseline: 1046 - 1133 - 589  [0.484] 2768
Started game 2781 of 10000 (Shelter vs Baseline)
Finished game 2766 (Baseline vs Shelter): 1-0 {White wins by adjudication}
Score of Shelter vs Baseline: 1046 - 1134 - 589  [0.484] 2769
Started game 2782 of 10000 (Baseline vs Shelter)
Finished game 2774 (Baseline vs Shelter): 0-1 {Black wins by adjudication}
Score of Shelter vs Baseline: 1047 - 1134 - 589  [0.484] 2770
Started game 2783 of 10000 (Shelter vs Baseline)
Finished game 2767 (Shelter vs Baseline): 1/2-1/2 {Draw by insufficient mating material}
Score of Shelter vs Baseline: 1047 - 1134 - 590  [0.484] 2771
Started game 2784 of 10000 (Baseline vs Shelter)
Finished game 2773 (Shelter vs Baseline): 0-1 {Black wins by adjudication}
Score of Shelter vs Baseline: 1047 - 1135 - 590  [0.484] 2772
Started game 2785 of 10000 (Shelter vs Baseline)
Finished game 2762 (Baseline vs Shelter): 1-0 {White wins by adjudication}
Score of Shelter vs Baseline: 1047 - 1136 - 590  [0.484] 2773
Started game 2786 of 10000 (Baseline vs Shelter)
Finished game 2776 (Baseline vs Shelter): 0-1 {Black wins by adjudication}
Score of Shelter vs Baseline: 1048 - 1136 - 590  [0.484] 2774
Started game 2787 of 10000 (Shelter vs Baseline)
Finished game 2777 (Shelter vs Baseline): 1-0 {White wins by adjudication}
Score of Shelter vs Baseline: 1049 - 1136 - 590  [0.484] 2775
Started game 2788 of 10000 (Baseline vs Shelter)
Finished game 2781 (Shelter vs Baseline): 0-1 {Black wins by adjudication}
Score of Shelter vs Baseline: 1049 - 1137 - 590  [0.484] 2776
Started game 2789 of 10000 (Shelter vs Baseline)
Finished game 2780 (Baseline vs Shelter): 1-0 {White wins by adjudication}
Score of Shelter vs Baseline: 1049 - 1138 - 590  [0.484] 2777
Started game 2790 of 10000 (Baseline vs Shelter)
Finished game 2772 (Baseline vs Shelter): 1/2-1/2 {Draw by adjudication}
Score of Shelter vs Baseline: 1049 - 1138 - 591  [0.484] 2778
Started game 2791 of 10000 (Shelter vs Baseline)
Finished game 2779 (Shelter vs Baseline): 1-0 {White wins by adjudication}
Score of Shelter vs Baseline: 1050 - 1138 - 591  [0.484] 2779
Started game 2792 of 10000 (Baseline vs Shelter)
Finished game 2778 (Baseline vs Shelter): 0-1 {Black wins by adjudication}
Score of Shelter vs Baseline: 1051 - 1138 - 591  [0.484] 2780
Started game 2793 of 10000 (Shelter vs Baseline)
Finished game 2791 (Shelter vs Baseline): 1-0 {White wins by adjudication}
Score of Shelter vs Baseline: 1052 - 1138 - 591  [0.485] 2781
Started game 2794 of 10000 (Baseline vs Shelter)
Finished game 2783 (Shelter vs Baseline): 1/2-1/2 {Draw by 3-fold repetition}
Score of Shelter vs Baseline: 1052 - 1138 - 592  [0.485] 2782
Started game 2795 of 10000 (Shelter vs Baseline)
Finished game 2792 (Baseline vs Shelter): 1-0 {White wins by adjudication}
Score of Shelter vs Baseline: 1052 - 1139 - 592  [0.484] 2783
Started game 2796 of 10000 (Baseline vs Shelter)
Finished game 2785 (Shelter vs Baseline): 0-1 {Black wins by adjudication}
Score of Shelter vs Baseline: 1052 - 1140 - 592  [0.484] 2784
Started game 2797 of 10000 (Shelter vs Baseline)
Finished game 2788 (Baseline vs Shelter): 1-0 {White wins by adjudication}
Score of Shelter vs Baseline: 1052 - 1141 - 592  [0.484] 2785
Started game 2798 of 10000 (Baseline vs Shelter)
Finished game 2790 (Baseline vs Shelter): 0-1 {Black wins by adjudication}
Score of Shelter vs Baseline: 1053 - 1141 - 592  [0.484] 2786
Started game 2799 of 10000 (Shelter vs Baseline)
Finished game 2782 (Baseline vs Shelter): 1-0 {White wins by adjudication}
Score of Shelter vs Baseline: 1053 - 1142 - 592  [0.484] 2787
Started game 2800 of 10000 (Baseline vs Shelter)
Finished game 2784 (Baseline vs Shelter): 1/2-1/2 {Draw by insufficient mating material}
Score of Shelter vs Baseline: 1053 - 1142 - 593  [0.484] 2788
Started game 2801 of 10000 (Shelter vs Baseline)
Finished game 2786 (Baseline vs Shelter): 1-0 {White wins by adjudication}
Score of Shelter vs Baseline: 1053 - 1143 - 593  [0.484] 2789
Started game 2802 of 10000 (Baseline vs Shelter)
Finished game 2775 (Shelter vs Baseline): 1/2-1/2 {Draw by insufficient mating material}
Score of Shelter vs Baseline: 1053 - 1143 - 594  [0.484] 2790
Started game 2803 of 10000 (Shelter vs Baseline)
Finished game 2787 (Shelter vs Baseline): 1-0 {White wins by adjudication}
Score of Shelter vs Baseline: 1054 - 1143 - 594  [0.484] 2791
Started game 2804 of 10000 (Baseline vs Shelter)
Finished game 2789 (Shelter vs Baseline): 1-0 {White wins by adjudication}
Score of Shelter vs Baseline: 1055 - 1143 - 594  [0.484] 2792
Started game 2805 of 10000 (Shelter vs Baseline)
Finished game 2794 (Baseline vs Shelter): 0-1 {Black wins by adjudication}
Score of Shelter vs Baseline: 1056 - 1143 - 594  [0.484] 2793
Started game 2806 of 10000 (Baseline vs Shelter)
Finished game 2798 (Baseline vs Shelter): 1-0 {White wins by adjudication}
Score of Shelter vs Baseline: 1056 - 1144 - 594  [0.484] 2794
Started game 2807 of 10000 (Shelter vs Baseline)
Finished game 2793 (Shelter vs Baseline): 1-0 {White wins by adjudication}
Score of Shelter vs Baseline: 1057 - 1144 - 594  [0.484] 2795
Started game 2808 of 10000 (Baseline vs Shelter)
Finished game 2796 (Baseline vs Shelter): 0-1 {Black wins by adjudication}
Score of Shelter vs Baseline: 1058 - 1144 - 594  [0.485] 2796
Started game 2809 of 10000 (Shelter vs Baseline)
Finished game 2795 (Shelter vs Baseline): 0-1 {Black wins by adjudication}
Score of Shelter vs Baseline: 1058 - 1145 - 594  [0.484] 2797
Started game 2810 of 10000 (Baseline vs Shelter)
Finished game 2797 (Shelter vs Baseline): 1/2-1/2 {Draw by 3-fold repetition}
Score of Shelter vs Baseline: 1058 - 1145 - 595  [0.484] 2798
Started game 2811 of 10000 (Shelter vs Baseline)
Finished game 2803 (Shelter vs Baseline): 0-1 {Black wins by adjudication}
Score of Shelter vs Baseline: 1058 - 1146 - 595  [0.484] 2799
Started game 2812 of 10000 (Baseline vs Shelter)
Finished game 2799 (Shelter vs Baseline): 0-1 {Black wins by adjudication}
Score of Shelter vs Baseline: 1058 - 1147 - 595  [0.484] 2800
Started game 2813 of 10000 (Shelter vs Baseline)
Finished game 2804 (Baseline vs Shelter): 1-0 {White wins by adjudication}
Score of Shelter vs Baseline: 1058 - 1148 - 595  [0.484] 2801
Started game 2814 of 10000 (Baseline vs Shelter)
Finished game 2802 (Baseline vs Shelter): 1/2-1/2 {Draw by adjudication}
Score of Shelter vs Baseline: 1058 - 1148 - 596  [0.484] 2802
Started game 2815 of 10000 (Shelter vs Baseline)
Finished game 2808 (Baseline vs Shelter): 0-1 {Black wins by adjudication}
Score of Shelter vs Baseline: 1059 - 1148 - 596  [0.484] 2803
Started game 2816 of 10000 (Baseline vs Shelter)
Finished game 2800 (Baseline vs Shelter): 1/2-1/2 {Draw by insufficient mating material}
Score of Shelter vs Baseline: 1059 - 1148 - 597  [0.484] 2804
Started game 2817 of 10000 (Shelter vs Baseline)
Finished game 2806 (Baseline vs Shelter): 1/2-1/2 {Draw by 3-fold repetition}
Score of Shelter vs Baseline: 1059 - 1148 - 598  [0.484] 2805
Started game 2818 of 10000 (Baseline vs Shelter)
Finished game 2810 (Baseline vs Shelter): 0-1 {Black wins by adjudication}
Score of Shelter vs Baseline: 1060 - 1148 - 598  [0.484] 2806
Started game 2819 of 10000 (Shelter vs Baseline)
Finished game 2805 (Shelter vs Baseline): 1-0 {White mates}
Score of Shelter vs Baseline: 1061 - 1148 - 598  [0.485] 2807
Started game 2820 of 10000 (Baseline vs Shelter)
Finished game 2801 (Shelter vs Baseline): 0-1 {Black wins by adjudication}
Score of Shelter vs Baseline: 1061 - 1149 - 598  [0.484] 2808
Started game 2821 of 10000 (Shelter vs Baseline)
Finished game 2811 (Shelter vs Baseline): 0-1 {Black wins by adjudication}
Score of Shelter vs Baseline: 1061 - 1150 - 598  [0.484] 2809
Started game 2822 of 10000 (Baseline vs Shelter)
Finished game 2807 (Shelter vs Baseline): 1-0 {White wins by adjudication}
Score of Shelter vs Baseline: 1062 - 1150 - 598  [0.484] 2810
Started game 2823 of 10000 (Shelter vs Baseline)
Finished game 2809 (Shelter vs Baseline): 1-0 {White wins by adjudication}
Score of Shelter vs Baseline: 1063 - 1150 - 598  [0.485] 2811
Started game 2824 of 10000 (Baseline vs Shelter)
Finished game 2813 (Shelter vs Baseline): 0-1 {Black wins by adjudication}
Score of Shelter vs Baseline: 1063 - 1151 - 598  [0.484] 2812
Started game 2825 of 10000 (Shelter vs Baseline)
Finished game 2815 (Shelter vs Baseline): 1-0 {White wins by adjudication}
Score of Shelter vs Baseline: 1064 - 1151 - 598  [0.485] 2813
Started game 2826 of 10000 (Baseline vs Shelter)
Finished game 2812 (Baseline vs Shelter): 1/2-1/2 {Draw by 3-fold repetition}
Score of Shelter vs Baseline: 1064 - 1151 - 599  [0.485] 2814
Started game 2827 of 10000 (Shelter vs Baseline)
Finished game 2816 (Baseline vs Shelter): 0-1 {Black wins by adjudication}
Score of Shelter vs Baseline: 1065 - 1151 - 599  [0.485] 2815
Started game 2828 of 10000 (Baseline vs Shelter)
Finished game 2814 (Baseline vs Shelter): 1-0 {White wins by adjudication}
Score of Shelter vs Baseline: 1065 - 1152 - 599  [0.485] 2816
Started game 2829 of 10000 (Shelter vs Baseline)
Finished game 2817 (Shelter vs Baseline): 0-1 {Black wins by adjudication}
Score of Shelter vs Baseline: 1065 - 1153 - 599  [0.484] 2817
Started game 2830 of 10000 (Baseline vs Shelter)
Finished game 2820 (Baseline vs Shelter): 1-0 {White wins by adjudication}
Score of Shelter vs Baseline: 1065 - 1154 - 599  [0.484] 2818
Started game 2831 of 10000 (Shelter vs Baseline)
Finished game 2819 (Shelter vs Baseline): 0-1 {Black wins by adjudication}
Score of Shelter vs Baseline: 1065 - 1155 - 599  [0.484] 2819
Started game 2832 of 10000 (Baseline vs Shelter)
Finished game 2822 (Baseline vs Shelter): 0-1 {Black wins by adjudication}
Score of Shelter vs Baseline: 1066 - 1155 - 599  [0.484] 2820
Started game 2833 of 10000 (Shelter vs Baseline)
Finished game 2818 (Baseline vs Shelter): 1/2-1/2 {Draw by stalemate}
Score of Shelter vs Baseline: 1066 - 1155 - 600  [0.484] 2821
Started game 2834 of 10000 (Baseline vs Shelter)
Finished game 2824 (Baseline vs Shelter): 1-0 {White wins by adjudication}
Score of Shelter vs Baseline: 1066 - 1156 - 600  [0.484] 2822
Started game 2835 of 10000 (Shelter vs Baseline)
Finished game 2828 (Baseline vs Shelter): 1-0 {White wins by adjudication}
Score of Shelter vs Baseline: 1066 - 1157 - 600  [0.484] 2823
Started game 2836 of 10000 (Baseline vs Shelter)
Finished game 2825 (Shelter vs Baseline): 1-0 {White wins by adjudication}
Score of Shelter vs Baseline: 1067 - 1157 - 600  [0.484] 2824
Started game 2837 of 10000 (Shelter vs Baseline)
Finished game 2826 (Baseline vs Shelter): 1-0 {White wins by adjudication}
Score of Shelter vs Baseline: 1067 - 1158 - 600  [0.484] 2825
Started game 2838 of 10000 (Baseline vs Shelter)
Finished game 2827 (Shelter vs Baseline): 1-0 {White wins by adjudication}
Score of Shelter vs Baseline: 1068 - 1158 - 600  [0.484] 2826
Started game 2839 of 10000 (Shelter vs Baseline)
Finished game 2830 (Baseline vs Shelter): 0-1 {Black wins by adjudication}
Score of Shelter vs Baseline: 1069 - 1158 - 600  [0.484] 2827
Started game 2840 of 10000 (Baseline vs Shelter)
Finished game 2823 (Shelter vs Baseline): 1/2-1/2 {Draw by adjudication}
Score of Shelter vs Baseline: 1069 - 1158 - 601  [0.484] 2828
Started game 2841 of 10000 (Shelter vs Baseline)
Finished game 2832 (Baseline vs Shelter): 1-0 {White wins by adjudication}
Score of Shelter vs Baseline: 1069 - 1159 - 601  [0.484] 2829
Started game 2842 of 10000 (Baseline vs Shelter)
Finished game 2829 (Shelter vs Baseline): 1-0 {White wins by adjudication}
Score of Shelter vs Baseline: 1070 - 1159 - 601  [0.484] 2830
Started game 2843 of 10000 (Shelter vs Baseline)
Finished game 2834 (Baseline vs Shelter): 1-0 {White wins by adjudication}
Score of Shelter vs Baseline: 1070 - 1160 - 601  [0.484] 2831
Started game 2844 of 10000 (Baseline vs Shelter)
Finished game 2821 (Shelter vs Baseline): 1-0 {White wins by adjudication}
Score of Shelter vs Baseline: 1071 - 1160 - 601  [0.484] 2832
Started game 2845 of 10000 (Shelter vs Baseline)
Finished game 2831 (Shelter vs Baseline): 1-0 {White wins by adjudication}
Score of Shelter vs Baseline: 1072 - 1160 - 601  [0.484] 2833
Started game 2846 of 10000 (Baseline vs Shelter)
Finished game 2835 (Shelter vs Baseline): 1-0 {White wins by adjudication}
Score of Shelter vs Baseline: 1073 - 1160 - 601  [0.485] 2834
Started game 2847 of 10000 (Shelter vs Baseline)
Finished game 2833 (Shelter vs Baseline): 1-0 {White wins by adjudication}
Score of Shelter vs Baseline: 1074 - 1160 - 601  [0.485] 2835
Started game 2848 of 10000 (Baseline vs Shelter)
Finished game 2836 (Baseline vs Shelter): 1-0 {White wins by adjudication}
Score of Shelter vs Baseline: 1074 - 1161 - 601  [0.485] 2836
Started game 2849 of 10000 (Shelter vs Baseline)
Finished game 2839 (Shelter vs Baseline): 1/2-1/2 {Draw by adjudication}
Score of Shelter vs Baseline: 1074 - 1161 - 602  [0.485] 2837
Started game 2850 of 10000 (Baseline vs Shelter)
Finished game 2838 (Baseline vs Shelter): 0-1 {Black wins by adjudication}
Score of Shelter vs Baseline: 1075 - 1161 - 602  [0.485] 2838
Started game 2851 of 10000 (Shelter vs Baseline)
Finished game 2840 (Baseline vs Shelter): 1-0 {White wins by adjudication}
Score of Shelter vs Baseline: 1075 - 1162 - 602  [0.485] 2839
Started game 2852 of 10000 (Baseline vs Shelter)
Finished game 2841 (Shelter vs Baseline): 0-1 {Black wins by adjudication}
Score of Shelter vs Baseline: 1075 - 1163 - 602  [0.485] 2840
Started game 2853 of 10000 (Shelter vs Baseline)
Finished game 2845 (Shelter vs Baseline): 1/2-1/2 {Draw by 3-fold repetition}
Score of Shelter vs Baseline: 1075 - 1163 - 603  [0.485] 2841
Started game 2854 of 10000 (Baseline vs Shelter)
Finished game 2837 (Shelter vs Baseline): 1/2-1/2 {Draw by adjudication}
Score of Shelter vs Baseline: 1075 - 1163 - 604  [0.485] 2842
Started game 2855 of 10000 (Shelter vs Baseline)
Finished game 2848 (Baseline vs Shelter): 0-1 {Black wins by adjudication}
Score of Shelter vs Baseline: 1076 - 1163 - 604  [0.485] 2843
Started game 2856 of 10000 (Baseline vs Shelter)
Finished game 2843 (Shelter vs Baseline): 1-0 {White mates}
Score of Shelter vs Baseline: 1077 - 1163 - 604  [0.485] 2844
Started game 2857 of 10000 (Shelter vs Baseline)
Finished game 2847 (Shelter vs Baseline): 0-1 {Black wins by adjudication}
Score of Shelter vs Baseline: 1077 - 1164 - 604  [0.485] 2845
Started game 2858 of 10000 (Baseline vs Shelter)
Finished game 2844 (Baseline vs Shelter): 1-0 {White wins by adjudication}
Score of Shelter vs Baseline: 1077 - 1165 - 604  [0.485] 2846
Started game 2859 of 10000 (Shelter vs Baseline)
Finished game 2846 (Baseline vs Shelter): 1/2-1/2 {Draw by adjudication}
Score of Shelter vs Baseline: 1077 - 1165 - 605  [0.485] 2847
Started game 2860 of 10000 (Baseline vs Shelter)
Finished game 2850 (Baseline vs Shelter): 1/2-1/2 {Draw by insufficient mating material}
Score of Shelter vs Baseline: 1077 - 1165 - 606  [0.485] 2848
Started game 2861 of 10000 (Shelter vs Baseline)
Finished game 2849 (Shelter vs Baseline): 1-0 {White wins by adjudication}
Score of Shelter vs Baseline: 1078 - 1165 - 606  [0.485] 2849
Started game 2862 of 10000 (Baseline vs Shelter)
Finished game 2851 (Shelter vs Baseline): 1-0 {White wins by adjudication}
Score of Shelter vs Baseline: 1079 - 1165 - 606  [0.485] 2850
Started game 2863 of 10000 (Shelter vs Baseline)
Finished game 2853 (Shelter vs Baseline): 1-0 {White wins by adjudication}
Score of Shelter vs Baseline: 1080 - 1165 - 606  [0.485] 2851
Started game 2864 of 10000 (Baseline vs Shelter)
Finished game 2854 (Baseline vs Shelter): 1-0 {White wins by adjudication}
Score of Shelter vs Baseline: 1080 - 1166 - 606  [0.485] 2852
Started game 2865 of 10000 (Shelter vs Baseline)
Finished game 2856 (Baseline vs Shelter): 1-0 {White wins by adjudication}
Score of Shelter vs Baseline: 1080 - 1167 - 606  [0.485] 2853
Started game 2866 of 10000 (Baseline vs Shelter)
Finished game 2861 (Shelter vs Baseline): 1-0 {White wins by adjudication}
Score of Shelter vs Baseline: 1081 - 1167 - 606  [0.485] 2854
Started game 2867 of 10000 (Shelter vs Baseline)
Finished game 2842 (Baseline vs Shelter): 1/2-1/2 {Draw by insufficient mating material}
Score of Shelter vs Baseline: 1081 - 1167 - 607  [0.485] 2855
Started game 2868 of 10000 (Baseline vs Shelter)
Finished game 2852 (Baseline vs Shelter): 0-1 {Black mates}
Score of Shelter vs Baseline: 1082 - 1167 - 607  [0.485] 2856
Started game 2869 of 10000 (Shelter vs Baseline)
Finished game 2859 (Shelter vs Baseline): 1-0 {White wins by adjudication}
Score of Shelter vs Baseline: 1083 - 1167 - 607  [0.485] 2857
Started game 2870 of 10000 (Baseline vs Shelter)
Finished game 2860 (Baseline vs Shelter): 0-1 {Black wins by adjudication}
Score of Shelter vs Baseline: 1084 - 1167 - 607  [0.485] 2858
Started game 2871 of 10000 (Shelter vs Baseline)
Finished game 2855 (Shelter vs Baseline): 0-1 {Black wins by adjudication}
Score of Shelter vs Baseline: 1084 - 1168 - 607  [0.485] 2859
Started game 2872 of 10000 (Baseline vs Shelter)
Finished game 2858 (Baseline vs Shelter): 1-0 {White wins by adjudication}
Score of Shelter vs Baseline: 1084 - 1169 - 607  [0.485] 2860
Started game 2873 of 10000 (Shelter vs Baseline)
Finished game 2862 (Baseline vs Shelter): 1-0 {White wins by adjudication}
Score of Shelter vs Baseline: 1084 - 1170 - 607  [0.485] 2861
Started game 2874 of 10000 (Baseline vs Shelter)
Finished game 2857 (Shelter vs Baseline): 1/2-1/2 {Draw by adjudication}
Score of Shelter vs Baseline: 1084 - 1170 - 608  [0.485] 2862
Started game 2875 of 10000 (Shelter vs Baseline)
Finished game 2864 (Baseline vs Shelter): 1/2-1/2 {Draw by adjudication}
Score of Shelter vs Baseline: 1084 - 1170 - 609  [0.485] 2863
Started game 2876 of 10000 (Baseline vs Shelter)
Finished game 2863 (Shelter vs Baseline): 1/2-1/2 {Draw by insufficient mating material}
Score of Shelter vs Baseline: 1084 - 1170 - 610  [0.485] 2864
Started game 2877 of 10000 (Shelter vs Baseline)
Finished game 2866 (Baseline vs Shelter): 0-1 {Black wins by adjudication}
Score of Shelter vs Baseline: 1085 - 1170 - 610  [0.485] 2865
Started game 2878 of 10000 (Baseline vs Shelter)
Finished game 2865 (Shelter vs Baseline): 0-1 {Black wins by adjudication}
Score of Shelter vs Baseline: 1085 - 1171 - 610  [0.485] 2866
Started game 2879 of 10000 (Shelter vs Baseline)
Finished game 2867 (Shelter vs Baseline): 1/2-1/2 {Draw by 3-fold repetition}
Score of Shelter vs Baseline: 1085 - 1171 - 611  [0.485] 2867
Started game 2880 of 10000 (Baseline vs Shelter)
Finished game 2868 (Baseline vs Shelter): 1-0 {White wins by adjudication}
Score of Shelter vs Baseline: 1085 - 1172 - 611  [0.485] 2868
Started game 2881 of 10000 (Shelter vs Baseline)
Finished game 2869 (Shelter vs Baseline): 0-1 {Black wins by adjudication}
Score of Shelter vs Baseline: 1085 - 1173 - 611  [0.485] 2869
Started game 2882 of 10000 (Baseline vs Shelter)
Finished game 2873 (Shelter vs Baseline): 1/2-1/2 {Draw by insufficient mating material}
Score of Shelter vs Baseline: 1085 - 1173 - 612  [0.485] 2870
Started game 2883 of 10000 (Shelter vs Baseline)
Finished game 2874 (Baseline vs Shelter): 1-0 {White wins by adjudication}
Score of Shelter vs Baseline: 1085 - 1174 - 612  [0.485] 2871
Started game 2884 of 10000 (Baseline vs Shelter)
Finished game 2876 (Baseline vs Shelter): 1/2-1/2 {Draw by 3-fold repetition}
Score of Shelter vs Baseline: 1085 - 1174 - 613  [0.485] 2872
Started game 2885 of 10000 (Shelter vs Baseline)
Finished game 2871 (Shelter vs Baseline): 1/2-1/2 {Draw by adjudication}
Score of Shelter vs Baseline: 1085 - 1174 - 614  [0.485] 2873
Started game 2886 of 10000 (Baseline vs Shelter)
Finished game 2872 (Baseline vs Shelter): 0-1 {Black wins by adjudication}
Score of Shelter vs Baseline: 1086 - 1174 - 614  [0.485] 2874
Started game 2887 of 10000 (Shelter vs Baseline)
Finished game 2870 (Baseline vs Shelter): 1-0 {White wins by adjudication}
Score of Shelter vs Baseline: 1086 - 1175 - 614  [0.485] 2875
Started game 2888 of 10000 (Baseline vs Shelter)
Finished game 2878 (Baseline vs Shelter): 1-0 {White wins by adjudication}
Score of Shelter vs Baseline: 1086 - 1176 - 614  [0.484] 2876
Started game 2889 of 10000 (Shelter vs Baseline)
Finished game 2875 (Shelter vs Baseline): 1-0 {White wins by adjudication}
Score of Shelter vs Baseline: 1087 - 1176 - 614  [0.485] 2877
Started game 2890 of 10000 (Baseline vs Shelter)
Finished game 2880 (Baseline vs Shelter): 0-1 {Black wins by adjudication}
Score of Shelter vs Baseline: 1088 - 1176 - 614  [0.485] 2878
Started game 2891 of 10000 (Shelter vs Baseline)
Finished game 2882 (Baseline vs Shelter): 1-0 {White wins by adjudication}
Score of Shelter vs Baseline: 1088 - 1177 - 614  [0.485] 2879
Started game 2892 of 10000 (Baseline vs Shelter)
Finished game 2883 (Shelter vs Baseline): 1-0 {White wins by adjudication}
Score of Shelter vs Baseline: 1089 - 1177 - 614  [0.485] 2880
Started game 2893 of 10000 (Shelter vs Baseline)
Finished game 2879 (Shelter vs Baseline): 1-0 {White wins by adjudication}
Score of Shelter vs Baseline: 1090 - 1177 - 614  [0.485] 2881
Started game 2894 of 10000 (Baseline vs Shelter)
Finished game 2877 (Shelter vs Baseline): 1/2-1/2 {Draw by insufficient mating material}
Score of Shelter vs Baseline: 1090 - 1177 - 615  [0.485] 2882
Started game 2895 of 10000 (Shelter vs Baseline)
Finished game 2881 (Shelter vs Baseline): 0-1 {Black wins by adjudication}
Score of Shelter vs Baseline: 1090 - 1178 - 615  [0.485] 2883
Started game 2896 of 10000 (Baseline vs Shelter)
Finished game 2887 (Shelter vs Baseline): 0-1 {Black wins by adjudication}
Score of Shelter vs Baseline: 1090 - 1179 - 615  [0.485] 2884
Started game 2897 of 10000 (Shelter vs Baseline)
Finished game 2886 (Baseline vs Shelter): 0-1 {Black wins by adjudication}
Score of Shelter vs Baseline: 1091 - 1179 - 615  [0.485] 2885
Started game 2898 of 10000 (Baseline vs Shelter)
Finished game 2884 (Baseline vs Shelter): 1-0 {White wins by adjudication}
Score of Shelter vs Baseline: 1091 - 1180 - 615  [0.485] 2886
Started game 2899 of 10000 (Shelter vs Baseline)
Finished game 2888 (Baseline vs Shelter): 0-1 {Black wins by adjudication}
Score of Shelter vs Baseline: 1092 - 1180 - 615  [0.485] 2887
Started game 2900 of 10000 (Baseline vs Shelter)
Finished game 2890 (Baseline vs Shelter): 1-0 {White wins by adjudication}
Score of Shelter vs Baseline: 1092 - 1181 - 615  [0.485] 2888
Started game 2901 of 10000 (Shelter vs Baseline)
Finished game 2891 (Shelter vs Baseline): 1-0 {White wins by adjudication}
Score of Shelter vs Baseline: 1093 - 1181 - 615  [0.485] 2889
Started game 2902 of 10000 (Baseline vs Shelter)
Finished game 2895 (Shelter vs Baseline): 0-1 {Black wins by adjudication}
Score of Shelter vs Baseline: 1093 - 1182 - 615  [0.485] 2890
Started game 2903 of 10000 (Shelter vs Baseline)
Finished game 2892 (Baseline vs Shelter): 0-1 {Black wins by adjudication}
Score of Shelter vs Baseline: 1094 - 1182 - 615  [0.485] 2891
Started game 2904 of 10000 (Baseline vs Shelter)
Finished game 2894 (Baseline vs Shelter): 0-1 {Black wins by adjudication}
Score of Shelter vs Baseline: 1095 - 1182 - 615  [0.485] 2892
Started game 2905 of 10000 (Shelter vs Baseline)
Finished game 2897 (Shelter vs Baseline): 1-0 {White wins by adjudication}
Score of Shelter vs Baseline: 1096 - 1182 - 615  [0.485] 2893
Started game 2906 of 10000 (Baseline vs Shelter)
Finished game 2893 (Shelter vs Baseline): 0-1 {Black wins by adjudication}
Score of Shelter vs Baseline: 1096 - 1183 - 615  [0.485] 2894
Started game 2907 of 10000 (Shelter vs Baseline)
Finished game 2889 (Shelter vs Baseline): 1-0 {White wins by adjudication}
Score of Shelter vs Baseline: 1097 - 1183 - 615  [0.485] 2895
Started game 2908 of 10000 (Baseline vs Shelter)
Finished game 2899 (Shelter vs Baseline): 1/2-1/2 {Draw by 3-fold repetition}
Score of Shelter vs Baseline: 1097 - 1183 - 616  [0.485] 2896
Started game 2909 of 10000 (Shelter vs Baseline)
Finished game 2898 (Baseline vs Shelter): 1/2-1/2 {Draw by insufficient mating material}
Score of Shelter vs Baseline: 1097 - 1183 - 617  [0.485] 2897
Started game 2910 of 10000 (Baseline vs Shelter)
Finished game 2896 (Baseline vs Shelter): 1-0 {White wins by adjudication}
Score of Shelter vs Baseline: 1097 - 1184 - 617  [0.485] 2898
Started game 2911 of 10000 (Shelter vs Baseline)
Finished game 2885 (Shelter vs Baseline): 1/2-1/2 {Draw by insufficient mating material}
Score of Shelter vs Baseline: 1097 - 1184 - 618  [0.485] 2899
Started game 2912 of 10000 (Baseline vs Shelter)
Finished game 2902 (Baseline vs Shelter): 1-0 {White wins by adjudication}
Score of Shelter vs Baseline: 1097 - 1185 - 618  [0.485] 2900
Started game 2913 of 10000 (Shelter vs Baseline)
Finished game 2901 (Shelter vs Baseline): 1-0 {White wins by adjudication}
Score of Shelter vs Baseline: 1098 - 1185 - 618  [0.485] 2901
Started game 2914 of 10000 (Baseline vs Shelter)
Finished game 2908 (Baseline vs Shelter): 1-0 {White wins by adjudication}
Score of Shelter vs Baseline: 1098 - 1186 - 618  [0.485] 2902
Started game 2915 of 10000 (Shelter vs Baseline)
Finished game 2906 (Baseline vs Shelter): 1-0 {White wins by adjudication}
Score of Shelter vs Baseline: 1098 - 1187 - 618  [0.485] 2903
Started game 2916 of 10000 (Baseline vs Shelter)
Finished game 2904 (Baseline vs Shelter): 1-0 {White wins by adjudication}
Score of Shelter vs Baseline: 1098 - 1188 - 618  [0.485] 2904
Started game 2917 of 10000 (Shelter vs Baseline)
Finished game 2900 (Baseline vs Shelter): 1/2-1/2 {Draw by fifty moves rule}
Score of Shelter vs Baseline: 1098 - 1188 - 619  [0.485] 2905
Started game 2918 of 10000 (Baseline vs Shelter)
Finished game 2909 (Shelter vs Baseline): 1-0 {White wins by adjudication}
Score of Shelter vs Baseline: 1099 - 1188 - 619  [0.485] 2906
Started game 2919 of 10000 (Shelter vs Baseline)
Finished game 2903 (Shelter vs Baseline): 0-1 {Black wins by adjudication}
Score of Shelter vs Baseline: 1099 - 1189 - 619  [0.485] 2907
Started game 2920 of 10000 (Baseline vs Shelter)
Finished game 2911 (Shelter vs Baseline): 1-0 {White wins by adjudication}
Score of Shelter vs Baseline: 1100 - 1189 - 619  [0.485] 2908
Started game 2921 of 10000 (Shelter vs Baseline)
Finished game 2910 (Baseline vs Shelter): 0-1 {Black wins by adjudication}
Score of Shelter vs Baseline: 1101 - 1189 - 619  [0.485] 2909
Started game 2922 of 10000 (Baseline vs Shelter)
Finished game 2912 (Baseline vs Shelter): 1/2-1/2 {Draw by insufficient mating material}
Score of Shelter vs Baseline: 1101 - 1189 - 620  [0.485] 2910
Started game 2923 of 10000 (Shelter vs Baseline)
Finished game 2907 (Shelter vs Baseline): 1/2-1/2 {Draw by fifty moves rule}
Score of Shelter vs Baseline: 1101 - 1189 - 621  [0.485] 2911
Started game 2924 of 10000 (Baseline vs Shelter)
Finished game 2914 (Baseline vs Shelter): 1-0 {White wins by adjudication}
Score of Shelter vs Baseline: 1101 - 1190 - 621  [0.485] 2912
Started game 2925 of 10000 (Shelter vs Baseline)
Finished game 2905 (Shelter vs Baseline): 1/2-1/2 {Draw by fifty moves rule}
Score of Shelter vs Baseline: 1101 - 1190 - 622  [0.485] 2913
Started game 2926 of 10000 (Baseline vs Shelter)
Finished game 2913 (Shelter vs Baseline): 1-0 {White wins by adjudication}
Score of Shelter vs Baseline: 1102 - 1190 - 622  [0.485] 2914
Started game 2927 of 10000 (Shelter vs Baseline)
Finished game 2915 (Shelter vs Baseline): 1-0 {White wins by adjudication}
Score of Shelter vs Baseline: 1103 - 1190 - 622  [0.485] 2915
Started game 2928 of 10000 (Baseline vs Shelter)
Finished game 2916 (Baseline vs Shelter): 0-1 {Black wins by adjudication}
Score of Shelter vs Baseline: 1104 - 1190 - 622  [0.485] 2916
Started game 2929 of 10000 (Shelter vs Baseline)
Finished game 2919 (Shelter vs Baseline): 0-1 {Black wins by adjudication}
Score of Shelter vs Baseline: 1104 - 1191 - 622  [0.485] 2917
Started game 2930 of 10000 (Baseline vs Shelter)
Finished game 2918 (Baseline vs Shelter): 1/2-1/2 {Draw by 3-fold repetition}
Score of Shelter vs Baseline: 1104 - 1191 - 623  [0.485] 2918
Started game 2931 of 10000 (Shelter vs Baseline)
Finished game 2922 (Baseline vs Shelter): 1-0 {White wins by adjudication}
Score of Shelter vs Baseline: 1104 - 1192 - 623  [0.485] 2919
Started game 2932 of 10000 (Baseline vs Shelter)
Finished game 2920 (Baseline vs Shelter): 0-1 {Black wins by adjudication}
Score of Shelter vs Baseline: 1105 - 1192 - 623  [0.485] 2920
Started game 2933 of 10000 (Shelter vs Baseline)
Finished game 2921 (Shelter vs Baseline): 1-0 {White wins by adjudication}
Score of Shelter vs Baseline: 1106 - 1192 - 623  [0.485] 2921
Started game 2934 of 10000 (Baseline vs Shelter)
Finished game 2917 (Shelter vs Baseline): 0-1 {Black wins by adjudication}
Score of Shelter vs Baseline: 1106 - 1193 - 623  [0.485] 2922
Started game 2935 of 10000 (Shelter vs Baseline)
Finished game 2923 (Shelter vs Baseline): 0-1 {Black wins by adjudication}
Score of Shelter vs Baseline: 1106 - 1194 - 623  [0.485] 2923
Started game 2936 of 10000 (Baseline vs Shelter)
Finished game 2927 (Shelter vs Baseline): 0-1 {Black wins by adjudication}
Score of Shelter vs Baseline: 1106 - 1195 - 623  [0.485] 2924
Started game 2937 of 10000 (Shelter vs Baseline)
Finished game 2930 (Baseline vs Shelter): 1-0 {White wins by adjudication}
Score of Shelter vs Baseline: 1106 - 1196 - 623  [0.485] 2925
Started game 2938 of 10000 (Baseline vs Shelter)
Finished game 2929 (Shelter vs Baseline): 1-0 {White wins by adjudication}
Score of Shelter vs Baseline: 1107 - 1196 - 623  [0.485] 2926
Started game 2939 of 10000 (Shelter vs Baseline)
Finished game 2925 (Shelter vs Baseline): 0-1 {Black wins by adjudication}
Score of Shelter vs Baseline: 1107 - 1197 - 623  [0.485] 2927
Started game 2940 of 10000 (Baseline vs Shelter)
Finished game 2926 (Baseline vs Shelter): 0-1 {Black wins by adjudication}
Score of Shelter vs Baseline: 1108 - 1197 - 623  [0.485] 2928
Started game 2941 of 10000 (Shelter vs Baseline)
Finished game 2932 (Baseline vs Shelter): 1-0 {White wins by adjudication}
Score of Shelter vs Baseline: 1108 - 1198 - 623  [0.485] 2929
Started game 2942 of 10000 (Baseline vs Shelter)
Finished game 2928 (Baseline vs Shelter): 1-0 {White wins by adjudication}
Score of Shelter vs Baseline: 1108 - 1199 - 623  [0.484] 2930
Started game 2943 of 10000 (Shelter vs Baseline)
Finished game 2933 (Shelter vs Baseline): 1/2-1/2 {Draw by 3-fold repetition}
Score of Shelter vs Baseline: 1108 - 1199 - 624  [0.484] 2931
Started game 2944 of 10000 (Baseline vs Shelter)
Finished game 2924 (Baseline vs Shelter): 1/2-1/2 {Draw by insufficient mating material}
Score of Shelter vs Baseline: 1108 - 1199 - 625  [0.484] 2932
Started game 2945 of 10000 (Shelter vs Baseline)
Finished game 2934 (Baseline vs Shelter): 1-0 {White wins by adjudication}
Score of Shelter vs Baseline: 1108 - 1200 - 625  [0.484] 2933
Started game 2946 of 10000 (Baseline vs Shelter)
Finished game 2931 (Shelter vs Baseline): 1-0 {White wins by adjudication}
Score of Shelter vs Baseline: 1109 - 1200 - 625  [0.484] 2934
Started game 2947 of 10000 (Shelter vs Baseline)
Finished game 2936 (Baseline vs Shelter): 1-0 {White wins by adjudication}
Score of Shelter vs Baseline: 1109 - 1201 - 625  [0.484] 2935
Started game 2948 of 10000 (Baseline vs Shelter)
Finished game 2937 (Shelter vs Baseline): 1-0 {White wins by adjudication}
Score of Shelter vs Baseline: 1110 - 1201 - 625  [0.485] 2936
Started game 2949 of 10000 (Shelter vs Baseline)
Finished game 2935 (Shelter vs Baseline): 1/2-1/2 {Draw by insufficient mating material}
Score of Shelter vs Baseline: 1110 - 1201 - 626  [0.485] 2937
Started game 2950 of 10000 (Baseline vs Shelter)
Finished game 2939 (Shelter vs Baseline): 0-1 {Black wins by adjudication}
Score of Shelter vs Baseline: 1110 - 1202 - 626  [0.484] 2938
Started game 2951 of 10000 (Shelter vs Baseline)
Finished game 2940 (Baseline vs Shelter): 1-0 {White wins by adjudication}
Score of Shelter vs Baseline: 1110 - 1203 - 626  [0.484] 2939
Started game 2952 of 10000 (Baseline vs Shelter)
Finished game 2938 (Baseline vs Shelter): 1/2-1/2 {Draw by adjudication}
Score of Shelter vs Baseline: 1110 - 1203 - 627  [0.484] 2940
Started game 2953 of 10000 (Shelter vs Baseline)
Finished game 2941 (Shelter vs Baseline): 0-1 {Black wins by adjudication}
Score of Shelter vs Baseline: 1110 - 1204 - 627  [0.484] 2941
Started game 2954 of 10000 (Baseline vs Shelter)
Finished game 2942 (Baseline vs Shelter): 1-0 {White wins by adjudication}
Score of Shelter vs Baseline: 1110 - 1205 - 627  [0.484] 2942
Started game 2955 of 10000 (Shelter vs Baseline)
Finished game 2944 (Baseline vs Shelter): 1-0 {White wins by adjudication}
Score of Shelter vs Baseline: 1110 - 1206 - 627  [0.484] 2943
Started game 2956 of 10000 (Baseline vs Shelter)
Finished game 2946 (Baseline vs Shelter): 1-0 {White wins by adjudication}
Score of Shelter vs Baseline: 1110 - 1207 - 627  [0.484] 2944
Started game 2957 of 10000 (Shelter vs Baseline)
Finished game 2945 (Shelter vs Baseline): 0-1 {Black wins by adjudication}
Score of Shelter vs Baseline: 1110 - 1208 - 627  [0.483] 2945
Started game 2958 of 10000 (Baseline vs Shelter)
Finished game 2948 (Baseline vs Shelter): 1-0 {White wins by adjudication}
Score of Shelter vs Baseline: 1110 - 1209 - 627  [0.483] 2946
Started game 2959 of 10000 (Shelter vs Baseline)
Finished game 2947 (Shelter vs Baseline): 0-1 {Black wins by adjudication}
Score of Shelter vs Baseline: 1110 - 1210 - 627  [0.483] 2947
Started game 2960 of 10000 (Baseline vs Shelter)
Finished game 2949 (Shelter vs Baseline): 0-1 {Black wins by adjudication}
Score of Shelter vs Baseline: 1110 - 1211 - 627  [0.483] 2948
Started game 2961 of 10000 (Shelter vs Baseline)
Finished game 2943 (Shelter vs Baseline): 0-1 {Black wins by adjudication}
Score of Shelter vs Baseline: 1110 - 1212 - 627  [0.483] 2949
Started game 2962 of 10000 (Baseline vs Shelter)
Finished game 2950 (Baseline vs Shelter): 0-1 {Black wins by adjudication}
Score of Shelter vs Baseline: 1111 - 1212 - 627  [0.483] 2950
Started game 2963 of 10000 (Shelter vs Baseline)
Finished game 2951 (Shelter vs Baseline): 1/2-1/2 {Draw by 3-fold repetition}
Score of Shelter vs Baseline: 1111 - 1212 - 628  [0.483] 2951
Started game 2964 of 10000 (Baseline vs Shelter)
Finished game 2954 (Baseline vs Shelter): 1/2-1/2 {Draw by adjudication}
Score of Shelter vs Baseline: 1111 - 1212 - 629  [0.483] 2952
Started game 2965 of 10000 (Shelter vs Baseline)
Finished game 2952 (Baseline vs Shelter): 1-0 {White wins by adjudication}
Score of Shelter vs Baseline: 1111 - 1213 - 629  [0.483] 2953
Started game 2966 of 10000 (Baseline vs Shelter)
Finished game 2953 (Shelter vs Baseline): 0-1 {Black wins by adjudication}
Score of Shelter vs Baseline: 1111 - 1214 - 629  [0.483] 2954
Started game 2967 of 10000 (Shelter vs Baseline)
Finished game 2958 (Baseline vs Shelter): 0-1 {Black wins by adjudication}
Score of Shelter vs Baseline: 1112 - 1214 - 629  [0.483] 2955
Started game 2968 of 10000 (Baseline vs Shelter)
Finished game 2956 (Baseline vs Shelter): 1-0 {White wins by adjudication}
Score of Shelter vs Baseline: 1112 - 1215 - 629  [0.483] 2956
Started game 2969 of 10000 (Shelter vs Baseline)
Finished game 2955 (Shelter vs Baseline): 1-0 {White wins by adjudication}
Score of Shelter vs Baseline: 1113 - 1215 - 629  [0.483] 2957
Started game 2970 of 10000 (Baseline vs Shelter)
Finished game 2965 (Shelter vs Baseline): 1/2-1/2 {Draw by 3-fold repetition}
Score of Shelter vs Baseline: 1113 - 1215 - 630  [0.483] 2958
Started game 2971 of 10000 (Shelter vs Baseline)
Finished game 2962 (Baseline vs Shelter): 0-1 {Black wins by adjudication}
Score of Shelter vs Baseline: 1114 - 1215 - 630  [0.483] 2959
Started game 2972 of 10000 (Baseline vs Shelter)
Finished game 2971 (Shelter vs Baseline): 1/2-1/2 {Draw by 3-fold repetition}
Score of Shelter vs Baseline: 1114 - 1215 - 631  [0.483] 2960
Started game 2973 of 10000 (Shelter vs Baseline)
Finished game 2959 (Shelter vs Baseline): 1/2-1/2 {Draw by insufficient mating material}
Score of Shelter vs Baseline: 1114 - 1215 - 632  [0.483] 2961
Started game 2974 of 10000 (Baseline vs Shelter)
Finished game 2960 (Baseline vs Shelter): 0-1 {Black wins by adjudication}
Score of Shelter vs Baseline: 1115 - 1215 - 632  [0.483] 2962
Started game 2975 of 10000 (Shelter vs Baseline)
Finished game 2963 (Shelter vs Baseline): 1/2-1/2 {Draw by insufficient mating material}
Score of Shelter vs Baseline: 1115 - 1215 - 633  [0.483] 2963
Started game 2976 of 10000 (Baseline vs Shelter)
Finished game 2964 (Baseline vs Shelter): 0-1 {Black wins by adjudication}
Score of Shelter vs Baseline: 1116 - 1215 - 633  [0.483] 2964
Started game 2977 of 10000 (Shelter vs Baseline)
Finished game 2961 (Shelter vs Baseline): 1-0 {White wins by adjudication}
Score of Shelter vs Baseline: 1117 - 1215 - 633  [0.483] 2965
Started game 2978 of 10000 (Baseline vs Shelter)
Finished game 2957 (Shelter vs Baseline): 1/2-1/2 {Draw by insufficient mating material}
Score of Shelter vs Baseline: 1117 - 1215 - 634  [0.483] 2966
Started game 2979 of 10000 (Shelter vs Baseline)
Finished game 2969 (Shelter vs Baseline): 1-0 {White wins by adjudication}
Score of Shelter vs Baseline: 1118 - 1215 - 634  [0.484] 2967
Started game 2980 of 10000 (Baseline vs Shelter)
Finished game 2972 (Baseline vs Shelter): 1-0 {White wins by adjudication}
Score of Shelter vs Baseline: 1118 - 1216 - 634  [0.483] 2968
Started game 2981 of 10000 (Shelter vs Baseline)
Finished game 2967 (Shelter vs Baseline): 1-0 {White wins by adjudication}
Score of Shelter vs Baseline: 1119 - 1216 - 634  [0.484] 2969
Started game 2982 of 10000 (Baseline vs Shelter)
Finished game 2968 (Baseline vs Shelter): 0-1 {Black wins by adjudication}
Score of Shelter vs Baseline: 1120 - 1216 - 634  [0.484] 2970
Started game 2983 of 10000 (Shelter vs Baseline)
Finished game 2970 (Baseline vs Shelter): 1-0 {White wins by adjudication}
Score of Shelter vs Baseline: 1120 - 1217 - 634  [0.484] 2971
Started game 2984 of 10000 (Baseline vs Shelter)
Finished game 2976 (Baseline vs Shelter): 0-1 {Black wins by adjudication}
Score of Shelter vs Baseline: 1121 - 1217 - 634  [0.484] 2972
Started game 2985 of 10000 (Shelter vs Baseline)
Finished game 2979 (Shelter vs Baseline): 1-0 {White wins by adjudication}
Score of Shelter vs Baseline: 1122 - 1217 - 634  [0.484] 2973
Started game 2986 of 10000 (Baseline vs Shelter)
Finished game 2977 (Shelter vs Baseline): 0-1 {Black wins by adjudication}
Score of Shelter vs Baseline: 1122 - 1218 - 634  [0.484] 2974
Started game 2987 of 10000 (Shelter vs Baseline)
Finished game 2973 (Shelter vs Baseline): 0-1 {Black wins by adjudication}
Score of Shelter vs Baseline: 1122 - 1219 - 634  [0.484] 2975
Started game 2988 of 10000 (Baseline vs Shelter)
Finished game 2975 (Shelter vs Baseline): 1-0 {White wins by adjudication}
Score of Shelter vs Baseline: 1123 - 1219 - 634  [0.484] 2976
Started game 2989 of 10000 (Shelter vs Baseline)
Finished game 2978 (Baseline vs Shelter): 1/2-1/2 {Draw by adjudication}
Score of Shelter vs Baseline: 1123 - 1219 - 635  [0.484] 2977
Started game 2990 of 10000 (Baseline vs Shelter)
Finished game 2981 (Shelter vs Baseline): 0-1 {Black wins by adjudication}
Score of Shelter vs Baseline: 1123 - 1220 - 635  [0.484] 2978
Started game 2991 of 10000 (Shelter vs Baseline)
Finished game 2974 (Baseline vs Shelter): 0-1 {Black wins by adjudication}
Score of Shelter vs Baseline: 1124 - 1220 - 635  [0.484] 2979
Started game 2992 of 10000 (Baseline vs Shelter)
Finished game 2966 (Baseline vs Shelter): 1/2-1/2 {Draw by insufficient mating material}
Score of Shelter vs Baseline: 1124 - 1220 - 636  [0.484] 2980
Started game 2993 of 10000 (Shelter vs Baseline)
Finished game 2980 (Baseline vs Shelter): 1-0 {White wins by adjudication}
Score of Shelter vs Baseline: 1124 - 1221 - 636  [0.484] 2981
Started game 2994 of 10000 (Baseline vs Shelter)
Finished game 2982 (Baseline vs Shelter): 0-1 {Black wins by adjudication}
Score of Shelter vs Baseline: 1125 - 1221 - 636  [0.484] 2982
Started game 2995 of 10000 (Shelter vs Baseline)
Finished game 2989 (Shelter vs Baseline): 0-1 {Black wins by adjudication}
Score of Shelter vs Baseline: 1125 - 1222 - 636  [0.484] 2983
Started game 2996 of 10000 (Baseline vs Shelter)
Finished game 2983 (Shelter vs Baseline): 0-1 {Black wins by adjudication}
Score of Shelter vs Baseline: 1125 - 1223 - 636  [0.484] 2984
Started game 2997 of 10000 (Shelter vs Baseline)
Finished game 2988 (Baseline vs Shelter): 1-0 {White wins by adjudication}
Score of Shelter vs Baseline: 1125 - 1224 - 636  [0.483] 2985
Started game 2998 of 10000 (Baseline vs Shelter)
Finished game 2986 (Baseline vs Shelter): 1-0 {White wins by adjudication}
Score of Shelter vs Baseline: 1125 - 1225 - 636  [0.483] 2986
Started game 2999 of 10000 (Shelter vs Baseline)
Finished game 2985 (Shelter vs Baseline): 0-1 {Black wins by adjudication}
Score of Shelter vs Baseline: 1125 - 1226 - 636  [0.483] 2987
Started game 3000 of 10000 (Baseline vs Shelter)
Finished game 2987 (Shelter vs Baseline): 1/2-1/2 {Draw by 3-fold repetition}
Score of Shelter vs Baseline: 1125 - 1226 - 637  [0.483] 2988
Started game 3001 of 10000 (Shelter vs Baseline)
Finished game 2984 (Baseline vs Shelter): 1-0 {White wins by adjudication}
Score of Shelter vs Baseline: 1125 - 1227 - 637  [0.483] 2989
Started game 3002 of 10000 (Baseline vs Shelter)
Finished game 2990 (Baseline vs Shelter): 1-0 {White wins by adjudication}
Score of Shelter vs Baseline: 1125 - 1228 - 637  [0.483] 2990
Started game 3003 of 10000 (Shelter vs Baseline)
Finished game 2996 (Baseline vs Shelter): 0-1 {Black wins by adjudication}
Score of Shelter vs Baseline: 1126 - 1228 - 637  [0.483] 2991
Started game 3004 of 10000 (Baseline vs Shelter)
Finished game 2992 (Baseline vs Shelter): 1-0 {White wins by adjudication}
Score of Shelter vs Baseline: 1126 - 1229 - 637  [0.483] 2992
Started game 3005 of 10000 (Shelter vs Baseline)
Finished game 2997 (Shelter vs Baseline): 1-0 {White wins by adjudication}
Score of Shelter vs Baseline: 1127 - 1229 - 637  [0.483] 2993
Started game 3006 of 10000 (Baseline vs Shelter)
Finished game 2991 (Shelter vs Baseline): 1-0 {White wins by adjudication}
Score of Shelter vs Baseline: 1128 - 1229 - 637  [0.483] 2994
Started game 3007 of 10000 (Shelter vs Baseline)
Finished game 3003 (Shelter vs Baseline): 1-0 {White wins by adjudication}
Score of Shelter vs Baseline: 1129 - 1229 - 637  [0.483] 2995
Started game 3008 of 10000 (Baseline vs Shelter)
Finished game 3002 (Baseline vs Shelter): 1-0 {White wins by adjudication}
Score of Shelter vs Baseline: 1129 - 1230 - 637  [0.483] 2996
Started game 3009 of 10000 (Shelter vs Baseline)
Finished game 2994 (Baseline vs Shelter): 1-0 {White wins by adjudication}
Score of Shelter vs Baseline: 1129 - 1231 - 637  [0.483] 2997
Started game 3010 of 10000 (Baseline vs Shelter)
Finished game 2998 (Baseline vs Shelter): 1-0 {White wins by adjudication}
Score of Shelter vs Baseline: 1129 - 1232 - 637  [0.483] 2998
Started game 3011 of 10000 (Shelter vs Baseline)
Finished game 2999 (Shelter vs Baseline): 1-0 {White wins by adjudication}
Score of Shelter vs Baseline: 1130 - 1232 - 637  [0.483] 2999
Started game 3012 of 10000 (Baseline vs Shelter)
Finished game 3000 (Baseline vs Shelter): 1/2-1/2 {Draw by insufficient mating material}
Score of Shelter vs Baseline: 1130 - 1232 - 638  [0.483] 3000
Started game 3013 of 10000 (Shelter vs Baseline)
Finished game 3007 (Shelter vs Baseline): 1-0 {White wins by adjudication}
Score of Shelter vs Baseline: 1131 - 1232 - 638  [0.483] 3001
Started game 3014 of 10000 (Baseline vs Shelter)
Finished game 3001 (Shelter vs Baseline): 0-1 {Black wins by adjudication}
Score of Shelter vs Baseline: 1131 - 1233 - 638  [0.483] 3002
Started game 3015 of 10000 (Shelter vs Baseline)
Finished game 2993 (Shelter vs Baseline): 1/2-1/2 {Draw by fifty moves rule}
Score of Shelter vs Baseline: 1131 - 1233 - 639  [0.483] 3003
Started game 3016 of 10000 (Baseline vs Shelter)
Finished game 2995 (Shelter vs Baseline): 1-0 {White wins by adjudication}
Score of Shelter vs Baseline: 1132 - 1233 - 639  [0.483] 3004
Started game 3017 of 10000 (Shelter vs Baseline)
Finished game 3005 (Shelter vs Baseline): 0-1 {Black wins by adjudication}
Score of Shelter vs Baseline: 1132 - 1234 - 639  [0.483] 3005
Started game 3018 of 10000 (Baseline vs Shelter)
Finished game 3009 (Shelter vs Baseline): 1/2-1/2 {Draw by 3-fold repetition}
Score of Shelter vs Baseline: 1132 - 1234 - 640  [0.483] 3006
Started game 3019 of 10000 (Shelter vs Baseline)
Finished game 3006 (Baseline vs Shelter): 0-1 {Black wins by adjudication}
Score of Shelter vs Baseline: 1133 - 1234 - 640  [0.483] 3007
Started game 3020 of 10000 (Baseline vs Shelter)
Finished game 3010 (Baseline vs Shelter): 1-0 {White wins by adjudication}
Score of Shelter vs Baseline: 1133 - 1235 - 640  [0.483] 3008
Started game 3021 of 10000 (Shelter vs Baseline)
Finished game 3004 (Baseline vs Shelter): 0-1 {Black wins by adjudication}
Score of Shelter vs Baseline: 1134 - 1235 - 640  [0.483] 3009
Started game 3022 of 10000 (Baseline vs Shelter)
Finished game 3014 (Baseline vs Shelter): 1/2-1/2 {Draw by adjudication}
Score of Shelter vs Baseline: 1134 - 1235 - 641  [0.483] 3010
Started game 3023 of 10000 (Shelter vs Baseline)
Finished game 3012 (Baseline vs Shelter): 1/2-1/2 {Draw by adjudication}
Score of Shelter vs Baseline: 1134 - 1235 - 642  [0.483] 3011
Started game 3024 of 10000 (Baseline vs Shelter)
Finished game 3013 (Shelter vs Baseline): 1-0 {White wins by adjudication}
Score of Shelter vs Baseline: 1135 - 1235 - 642  [0.483] 3012
Started game 3025 of 10000 (Shelter vs Baseline)
Finished game 3015 (Shelter vs Baseline): 1-0 {White wins by adjudication}
Score of Shelter vs Baseline: 1136 - 1235 - 642  [0.484] 3013
Started game 3026 of 10000 (Baseline vs Shelter)
Finished game 3011 (Shelter vs Baseline): 0-1 {Black wins by adjudication}
Score of Shelter vs Baseline: 1136 - 1236 - 642  [0.483] 3014
Started game 3027 of 10000 (Shelter vs Baseline)
Finished game 3019 (Shelter vs Baseline): 1-0 {White wins by adjudication}
Score of Shelter vs Baseline: 1137 - 1236 - 642  [0.484] 3015
Started game 3028 of 10000 (Baseline vs Shelter)
Finished game 3018 (Baseline vs Shelter): 1-0 {White wins by adjudication}
Score of Shelter vs Baseline: 1137 - 1237 - 642  [0.483] 3016
Started game 3029 of 10000 (Shelter vs Baseline)
Finished game 3008 (Baseline vs Shelter): 1/2-1/2 {Draw by fifty moves rule}
Score of Shelter vs Baseline: 1137 - 1237 - 643  [0.483] 3017
Started game 3030 of 10000 (Baseline vs Shelter)
Finished game 3020 (Baseline vs Shelter): 0-1 {Black wins by adjudication}
Score of Shelter vs Baseline: 1138 - 1237 - 643  [0.484] 3018
Started game 3031 of 10000 (Shelter vs Baseline)
Finished game 3016 (Baseline vs Shelter): 0-1 {Black wins by adjudication}
Score of Shelter vs Baseline: 1139 - 1237 - 643  [0.484] 3019
Started game 3032 of 10000 (Baseline vs Shelter)
Finished game 3025 (Shelter vs Baseline): 1-0 {White wins by adjudication}
Score of Shelter vs Baseline: 1140 - 1237 - 643  [0.484] 3020
Started game 3033 of 10000 (Shelter vs Baseline)
Finished game 3021 (Shelter vs Baseline): 0-1 {Black wins by adjudication}
Score of Shelter vs Baseline: 1140 - 1238 - 643  [0.484] 3021
Started game 3034 of 10000 (Baseline vs Shelter)
Finished game 3026 (Baseline vs Shelter): 0-1 {Black mates}
Score of Shelter vs Baseline: 1141 - 1238 - 643  [0.484] 3022
Started game 3035 of 10000 (Shelter vs Baseline)
Finished game 3024 (Baseline vs Shelter): 1-0 {White wins by adjudication}
Score of Shelter vs Baseline: 1141 - 1239 - 643  [0.484] 3023
Started game 3036 of 10000 (Baseline vs Shelter)
Finished game 3017 (Shelter vs Baseline): 1-0 {White wins by adjudication}
Score of Shelter vs Baseline: 1142 - 1239 - 643  [0.484] 3024
Started game 3037 of 10000 (Shelter vs Baseline)
Finished game 3029 (Shelter vs Baseline): 1-0 {White wins by adjudication}
Score of Shelter vs Baseline: 1143 - 1239 - 643  [0.484] 3025
Started game 3038 of 10000 (Baseline vs Shelter)
Finished game 3023 (Shelter vs Baseline): 1-0 {White wins by adjudication}
Score of Shelter vs Baseline: 1144 - 1239 - 643  [0.484] 3026
Started game 3039 of 10000 (Shelter vs Baseline)
Finished game 3032 (Baseline vs Shelter): 1-0 {White wins by adjudication}
Score of Shelter vs Baseline: 1144 - 1240 - 643  [0.484] 3027
Started game 3040 of 10000 (Baseline vs Shelter)
Finished game 3027 (Shelter vs Baseline): 0-1 {Black wins by adjudication}
Score of Shelter vs Baseline: 1144 - 1241 - 643  [0.484] 3028
Started game 3041 of 10000 (Shelter vs Baseline)
Finished game 3028 (Baseline vs Shelter): 1-0 {White wins by adjudication}
Score of Shelter vs Baseline: 1144 - 1242 - 643  [0.484] 3029
Started game 3042 of 10000 (Baseline vs Shelter)
Finished game 3022 (Baseline vs Shelter): 0-1 {Black wins by adjudication}
Score of Shelter vs Baseline: 1145 - 1242 - 643  [0.484] 3030
Started game 3043 of 10000 (Shelter vs Baseline)
Finished game 3031 (Shelter vs Baseline): 1-0 {White wins by adjudication}
Score of Shelter vs Baseline: 1146 - 1242 - 643  [0.484] 3031
Started game 3044 of 10000 (Baseline vs Shelter)
Finished game 3030 (Baseline vs Shelter): 1-0 {White wins by adjudication}
Score of Shelter vs Baseline: 1146 - 1243 - 643  [0.484] 3032
Started game 3045 of 10000 (Shelter vs Baseline)
Finished game 3035 (Shelter vs Baseline): 1-0 {White wins by adjudication}
Score of Shelter vs Baseline: 1147 - 1243 - 643  [0.484] 3033
Started game 3046 of 10000 (Baseline vs Shelter)
Finished game 3036 (Baseline vs Shelter): 1-0 {White wins by adjudication}
Score of Shelter vs Baseline: 1147 - 1244 - 643  [0.484] 3034
Started game 3047 of 10000 (Shelter vs Baseline)
Finished game 3038 (Baseline vs Shelter): 1-0 {White wins by adjudication}
Score of Shelter vs Baseline: 1147 - 1245 - 643  [0.484] 3035
Started game 3048 of 10000 (Baseline vs Shelter)
Finished game 3041 (Shelter vs Baseline): 1-0 {White wins by adjudication}
Score of Shelter vs Baseline: 1148 - 1245 - 643  [0.484] 3036
Started game 3049 of 10000 (Shelter vs Baseline)
Finished game 3034 (Baseline vs Shelter): 0-1 {Black wins by adjudication}
Score of Shelter vs Baseline: 1149 - 1245 - 643  [0.484] 3037
Started game 3050 of 10000 (Baseline vs Shelter)
Finished game 3043 (Shelter vs Baseline): 0-1 {Black wins by adjudication}
Score of Shelter vs Baseline: 1149 - 1246 - 643  [0.484] 3038
Started game 3051 of 10000 (Shelter vs Baseline)
Finished game 3049 (Shelter vs Baseline): 1/2-1/2 {Draw by 3-fold repetition}
Score of Shelter vs Baseline: 1149 - 1246 - 644  [0.484] 3039
Started game 3052 of 10000 (Baseline vs Shelter)
Finished game 3040 (Baseline vs Shelter): 1-0 {White wins by adjudication}
Score of Shelter vs Baseline: 1149 - 1247 - 644  [0.484] 3040
Started game 3053 of 10000 (Shelter vs Baseline)
Finished game 3033 (Shelter vs Baseline): 1/2-1/2 {Draw by fifty moves rule}
Score of Shelter vs Baseline: 1149 - 1247 - 645  [0.484] 3041
Started game 3054 of 10000 (Baseline vs Shelter)
Finished game 3042 (Baseline vs Shelter): 0-1 {Black wins by adjudication}
Score of Shelter vs Baseline: 1150 - 1247 - 645  [0.484] 3042
Started game 3055 of 10000 (Shelter vs Baseline)
Finished game 3037 (Shelter vs Baseline): 1-0 {White wins by adjudication}
Score of Shelter vs Baseline: 1151 - 1247 - 645  [0.484] 3043
Started game 3056 of 10000 (Baseline vs Shelter)
Finished game 3045 (Shelter vs Baseline): 0-1 {Black wins by adjudication}
Score of Shelter vs Baseline: 1151 - 1248 - 645  [0.484] 3044
Started game 3057 of 10000 (Shelter vs Baseline)
Finished game 3044 (Baseline vs Shelter): 0-1 {Black wins by adjudication}
Score of Shelter vs Baseline: 1152 - 1248 - 645  [0.484] 3045
Started game 3058 of 10000 (Baseline vs Shelter)
Finished game 3046 (Baseline vs Shelter): 0-1 {Black wins by adjudication}
Score of Shelter vs Baseline: 1153 - 1248 - 645  [0.484] 3046
Started game 3059 of 10000 (Shelter vs Baseline)
Finished game 3039 (Shelter vs Baseline): 1/2-1/2 {Draw by fifty moves rule}
Score of Shelter vs Baseline: 1153 - 1248 - 646  [0.484] 3047
Started game 3060 of 10000 (Baseline vs Shelter)
Finished game 3052 (Baseline vs Shelter): 1-0 {White mates}
Score of Shelter vs Baseline: 1153 - 1249 - 646  [0.484] 3048
Started game 3061 of 10000 (Shelter vs Baseline)
Finished game 3048 (Baseline vs Shelter): 1-0 {White wins by adjudication}
Score of Shelter vs Baseline: 1153 - 1250 - 646  [0.484] 3049
Started game 3062 of 10000 (Baseline vs Shelter)
Finished game 3050 (Baseline vs Shelter): 1-0 {White wins by adjudication}
Score of Shelter vs Baseline: 1153 - 1251 - 646  [0.484] 3050
Started game 3063 of 10000 (Shelter vs Baseline)
Finished game 3047 (Shelter vs Baseline): 0-1 {Black wins by adjudication}
Score of Shelter vs Baseline: 1153 - 1252 - 646  [0.484] 3051
Started game 3064 of 10000 (Baseline vs Shelter)
Finished game 3054 (Baseline vs Shelter): 1-0 {White wins by adjudication}
Score of Shelter vs Baseline: 1153 - 1253 - 646  [0.484] 3052
Started game 3065 of 10000 (Shelter vs Baseline)
Finished game 3051 (Shelter vs Baseline): 0-1 {Black wins by adjudication}
Score of Shelter vs Baseline: 1153 - 1254 - 646  [0.483] 3053
Started game 3066 of 10000 (Baseline vs Shelter)
Finished game 3055 (Shelter vs Baseline): 1-0 {White wins by adjudication}
Score of Shelter vs Baseline: 1154 - 1254 - 646  [0.484] 3054
Started game 3067 of 10000 (Shelter vs Baseline)
Finished game 3056 (Baseline vs Shelter): 0-1 {Black wins by adjudication}
Score of Shelter vs Baseline: 1155 - 1254 - 646  [0.484] 3055
Started game 3068 of 10000 (Baseline vs Shelter)
Finished game 3053 (Shelter vs Baseline): 1-0 {White wins by adjudication}
Score of Shelter vs Baseline: 1156 - 1254 - 646  [0.484] 3056
Started game 3069 of 10000 (Shelter vs Baseline)
Finished game 3057 (Shelter vs Baseline): 1-0 {White wins by adjudication}
Score of Shelter vs Baseline: 1157 - 1254 - 646  [0.484] 3057
Started game 3070 of 10000 (Baseline vs Shelter)
Finished game 3059 (Shelter vs Baseline): 1-0 {White wins by adjudication}
Score of Shelter vs Baseline: 1158 - 1254 - 646  [0.484] 3058
Started game 3071 of 10000 (Shelter vs Baseline)
Finished game 3063 (Shelter vs Baseline): 1-0 {White wins by adjudication}
Score of Shelter vs Baseline: 1159 - 1254 - 646  [0.484] 3059
Started game 3072 of 10000 (Baseline vs Shelter)
Finished game 3058 (Baseline vs Shelter): 0-1 {Black wins by adjudication}
Score of Shelter vs Baseline: 1160 - 1254 - 646  [0.485] 3060
Started game 3073 of 10000 (Shelter vs Baseline)
Finished game 3060 (Baseline vs Shelter): 1/2-1/2 {Draw by insufficient mating material}
Score of Shelter vs Baseline: 1160 - 1254 - 647  [0.485] 3061
Started game 3074 of 10000 (Baseline vs Shelter)
Finished game 3062 (Baseline vs Shelter): 1-0 {White wins by adjudication}
Score of Shelter vs Baseline: 1160 - 1255 - 647  [0.484] 3062
Started game 3075 of 10000 (Shelter vs Baseline)
Finished game 3061 (Shelter vs Baseline): 1-0 {White wins by adjudication}
Score of Shelter vs Baseline: 1161 - 1255 - 647  [0.485] 3063
Started game 3076 of 10000 (Baseline vs Shelter)
Finished game 3069 (Shelter vs Baseline): 0-1 {Black wins by adjudication}
Score of Shelter vs Baseline: 1161 - 1256 - 647  [0.484] 3064
Started game 3077 of 10000 (Shelter vs Baseline)
Finished game 3065 (Shelter vs Baseline): 1/2-1/2 {Draw by 3-fold repetition}
Score of Shelter vs Baseline: 1161 - 1256 - 648  [0.485] 3065
Started game 3078 of 10000 (Baseline vs Shelter)
Finished game 3070 (Baseline vs Shelter): 1-0 {White wins by adjudication}
Score of Shelter vs Baseline: 1161 - 1257 - 648  [0.484] 3066
Started game 3079 of 10000 (Shelter vs Baseline)
Finished game 3066 (Baseline vs Shelter): 1-0 {White wins by adjudication}
Score of Shelter vs Baseline: 1161 - 1258 - 648  [0.484] 3067
Started game 3080 of 10000 (Baseline vs Shelter)
Finished game 3071 (Shelter vs Baseline): 0-1 {Black wins by adjudication}
Score of Shelter vs Baseline: 1161 - 1259 - 648  [0.484] 3068
Started game 3081 of 10000 (Shelter vs Baseline)
Finished game 3074 (Baseline vs Shelter): 0-1 {Black wins by adjudication}
Score of Shelter vs Baseline: 1162 - 1259 - 648  [0.484] 3069
Started game 3082 of 10000 (Baseline vs Shelter)
Finished game 3073 (Shelter vs Baseline): 1/2-1/2 {Draw by insufficient mating material}
Score of Shelter vs Baseline: 1162 - 1259 - 649  [0.484] 3070
Started game 3083 of 10000 (Shelter vs Baseline)
Finished game 3075 (Shelter vs Baseline): 1/2-1/2 {Draw by 3-fold repetition}
Score of Shelter vs Baseline: 1162 - 1259 - 650  [0.484] 3071
Started game 3084 of 10000 (Baseline vs Shelter)
Finished game 3080 (Baseline vs Shelter): 0-1 {Black wins by adjudication}
Score of Shelter vs Baseline: 1163 - 1259 - 650  [0.484] 3072
Started game 3085 of 10000 (Shelter vs Baseline)
Finished game 3068 (Baseline vs Shelter): 1/2-1/2 {Draw by 3-fold repetition}
Score of Shelter vs Baseline: 1163 - 1259 - 651  [0.484] 3073
Started game 3086 of 10000 (Baseline vs Shelter)
Finished game 3064 (Baseline vs Shelter): 1/2-1/2 {Draw by fifty moves rule}
Score of Shelter vs Baseline: 1163 - 1259 - 652  [0.484] 3074
Started game 3087 of 10000 (Shelter vs Baseline)
Finished game 3067 (Shelter vs Baseline): 1-0 {White wins by adjudication}
Score of Shelter vs Baseline: 1164 - 1259 - 652  [0.485] 3075
Started game 3088 of 10000 (Baseline vs Shelter)
Finished game 3077 (Shelter vs Baseline): 1-0 {White wins by adjudication}
Score of Shelter vs Baseline: 1165 - 1259 - 652  [0.485] 3076
Started game 3089 of 10000 (Shelter vs Baseline)
Finished game 3081 (Shelter vs Baseline): 1-0 {White wins by adjudication}
Score of Shelter vs Baseline: 1166 - 1259 - 652  [0.485] 3077
Started game 3090 of 10000 (Baseline vs Shelter)
Finished game 3072 (Baseline vs Shelter): 1/2-1/2 {Draw by fifty moves rule}
Score of Shelter vs Baseline: 1166 - 1259 - 653  [0.485] 3078
Started game 3091 of 10000 (Shelter vs Baseline)
Finished game 3078 (Baseline vs Shelter): 1-0 {White wins by adjudication}
Score of Shelter vs Baseline: 1166 - 1260 - 653  [0.485] 3079
Started game 3092 of 10000 (Baseline vs Shelter)
Finished game 3079 (Shelter vs Baseline): 1-0 {White wins by adjudication}
Score of Shelter vs Baseline: 1167 - 1260 - 653  [0.485] 3080
Started game 3093 of 10000 (Shelter vs Baseline)
Finished game 3083 (Shelter vs Baseline): 0-1 {Black wins by adjudication}
Score of Shelter vs Baseline: 1167 - 1261 - 653  [0.485] 3081
Started game 3094 of 10000 (Baseline vs Shelter)
Finished game 3082 (Baseline vs Shelter): 1-0 {White wins by adjudication}
Score of Shelter vs Baseline: 1167 - 1262 - 653  [0.485] 3082
Started game 3095 of 10000 (Shelter vs Baseline)
Finished game 3084 (Baseline vs Shelter): 1-0 {White wins by adjudication}
Score of Shelter vs Baseline: 1167 - 1263 - 653  [0.484] 3083
Started game 3096 of 10000 (Baseline vs Shelter)
Finished game 3087 (Shelter vs Baseline): 0-1 {Black wins by adjudication}
Score of Shelter vs Baseline: 1167 - 1264 - 653  [0.484] 3084
Started game 3097 of 10000 (Shelter vs Baseline)
Finished game 3076 (Baseline vs Shelter): 1/2-1/2 {Draw by 3-fold repetition}
Score of Shelter vs Baseline: 1167 - 1264 - 654  [0.484] 3085
Started game 3098 of 10000 (Baseline vs Shelter)
Finished game 3091 (Shelter vs Baseline): 1-0 {White wins by adjudication}
Score of Shelter vs Baseline: 1168 - 1264 - 654  [0.484] 3086
Started game 3099 of 10000 (Shelter vs Baseline)
Finished game 3085 (Shelter vs Baseline): 1/2-1/2 {Draw by insufficient mating material}
Score of Shelter vs Baseline: 1168 - 1264 - 655  [0.484] 3087
Started game 3100 of 10000 (Baseline vs Shelter)
Finished game 3088 (Baseline vs Shelter): 1/2-1/2 {Draw by 3-fold repetition}
Score of Shelter vs Baseline: 1168 - 1264 - 656  [0.484] 3088
Started game 3101 of 10000 (Shelter vs Baseline)
Finished game 3086 (Baseline vs Shelter): 1-0 {White wins by adjudication}
Score of Shelter vs Baseline: 1168 - 1265 - 656  [0.484] 3089
Started game 3102 of 10000 (Baseline vs Shelter)
Finished game 3089 (Shelter vs Baseline): 1/2-1/2 {Draw by adjudication}
Score of Shelter vs Baseline: 1168 - 1265 - 657  [0.484] 3090
Started game 3103 of 10000 (Shelter vs Baseline)
Finished game 3094 (Baseline vs Shelter): 1/2-1/2 {Draw by 3-fold repetition}
Score of Shelter vs Baseline: 1168 - 1265 - 658  [0.484] 3091
Started game 3104 of 10000 (Baseline vs Shelter)
Finished game 3093 (Shelter vs Baseline): 0-1 {Black wins by adjudication}
Score of Shelter vs Baseline: 1168 - 1266 - 658  [0.484] 3092
Started game 3105 of 10000 (Shelter vs Baseline)
Finished game 3096 (Baseline vs Shelter): 1-0 {White wins by adjudication}
Score of Shelter vs Baseline: 1168 - 1267 - 658  [0.484] 3093
Started game 3106 of 10000 (Baseline vs Shelter)
Finished game 3090 (Baseline vs Shelter): 1/2-1/2 {Draw by fifty moves rule}
Score of Shelter vs Baseline: 1168 - 1267 - 659  [0.484] 3094
Started game 3107 of 10000 (Shelter vs Baseline)
Finished game 3101 (Shelter vs Baseline): 1/2-1/2 {Draw by 3-fold repetition}
Score of Shelter vs Baseline: 1168 - 1267 - 660  [0.484] 3095
Started game 3108 of 10000 (Baseline vs Shelter)
Finished game 3095 (Shelter vs Baseline): 1/2-1/2 {Draw by insufficient mating material}
Score of Shelter vs Baseline: 1168 - 1267 - 661  [0.484] 3096
Started game 3109 of 10000 (Shelter vs Baseline)
Finished game 3100 (Baseline vs Shelter): 1-0 {White wins by adjudication}
Score of Shelter vs Baseline: 1168 - 1268 - 661  [0.484] 3097
Started game 3110 of 10000 (Baseline vs Shelter)
Finished game 3097 (Shelter vs Baseline): 0-1 {Black wins by adjudication}
Score of Shelter vs Baseline: 1168 - 1269 - 661  [0.484] 3098
Started game 3111 of 10000 (Shelter vs Baseline)
Finished game 3098 (Baseline vs Shelter): 1-0 {White wins by adjudication}
Score of Shelter vs Baseline: 1168 - 1270 - 661  [0.484] 3099
Started game 3112 of 10000 (Baseline vs Shelter)
Finished game 3104 (Baseline vs Shelter): 1-0 {White wins by adjudication}
Score of Shelter vs Baseline: 1168 - 1271 - 661  [0.483] 3100
Started game 3113 of 10000 (Shelter vs Baseline)
Finished game 3099 (Shelter vs Baseline): 1-0 {White wins by adjudication}
Score of Shelter vs Baseline: 1169 - 1271 - 661  [0.484] 3101
Started game 3114 of 10000 (Baseline vs Shelter)
Finished game 3105 (Shelter vs Baseline): 0-1 {Black wins by adjudication}
Score of Shelter vs Baseline: 1169 - 1272 - 661  [0.483] 3102
Started game 3115 of 10000 (Shelter vs Baseline)
Finished game 3103 (Shelter vs Baseline): 0-1 {Black wins by adjudication}
Score of Shelter vs Baseline: 1169 - 1273 - 661  [0.483] 3103
Started game 3116 of 10000 (Baseline vs Shelter)
Finished game 3092 (Baseline vs Shelter): 1/2-1/2 {Draw by insufficient mating material}
Score of Shelter vs Baseline: 1169 - 1273 - 662  [0.483] 3104
Started game 3117 of 10000 (Shelter vs Baseline)
Finished game 3106 (Baseline vs Shelter): 0-1 {Black wins by adjudication}
Score of Shelter vs Baseline: 1170 - 1273 - 662  [0.483] 3105
Started game 3118 of 10000 (Baseline vs Shelter)
Finished game 3102 (Baseline vs Shelter): 0-1 {Black wins by adjudication}
Score of Shelter vs Baseline: 1171 - 1273 - 662  [0.484] 3106
Started game 3119 of 10000 (Shelter vs Baseline)
Finished game 3110 (Baseline vs Shelter): 1/2-1/2 {Draw by adjudication}
Score of Shelter vs Baseline: 1171 - 1273 - 663  [0.484] 3107
Started game 3120 of 10000 (Baseline vs Shelter)
Finished game 3109 (Shelter vs Baseline): 1/2-1/2 {Draw by 3-fold repetition}
Score of Shelter vs Baseline: 1171 - 1273 - 664  [0.484] 3108
Started game 3121 of 10000 (Shelter vs Baseline)
Finished game 3111 (Shelter vs Baseline): 1-0 {White wins by adjudication}
Score of Shelter vs Baseline: 1172 - 1273 - 664  [0.484] 3109
Started game 3122 of 10000 (Baseline vs Shelter)
Finished game 3112 (Baseline vs Shelter): 1-0 {White wins by adjudication}
Score of Shelter vs Baseline: 1172 - 1274 - 664  [0.484] 3110
Started game 3123 of 10000 (Shelter vs Baseline)
Finished game 3107 (Shelter vs Baseline): 0-1 {Black wins by adjudication}
Score of Shelter vs Baseline: 1172 - 1275 - 664  [0.483] 3111
Started game 3124 of 10000 (Baseline vs Shelter)
Finished game 3108 (Baseline vs Shelter): 0-1 {Black wins by adjudication}
Score of Shelter vs Baseline: 1173 - 1275 - 664  [0.484] 3112
Started game 3125 of 10000 (Shelter vs Baseline)
Finished game 3113 (Shelter vs Baseline): 0-1 {Black wins by adjudication}
Score of Shelter vs Baseline: 1173 - 1276 - 664  [0.483] 3113
Started game 3126 of 10000 (Baseline vs Shelter)
Finished game 3115 (Shelter vs Baseline): 0-1 {Black wins by adjudication}
Score of Shelter vs Baseline: 1173 - 1277 - 664  [0.483] 3114
Started game 3127 of 10000 (Shelter vs Baseline)
Finished game 3114 (Baseline vs Shelter): 0-1 {Black wins by adjudication}
Score of Shelter vs Baseline: 1174 - 1277 - 664  [0.483] 3115
Started game 3128 of 10000 (Baseline vs Shelter)
Finished game 3119 (Shelter vs Baseline): 1/2-1/2 {Draw by 3-fold repetition}
Score of Shelter vs Baseline: 1174 - 1277 - 665  [0.483] 3116
Started game 3129 of 10000 (Shelter vs Baseline)
Finished game 3116 (Baseline vs Shelter): 1-0 {White wins by adjudication}
Score of Shelter vs Baseline: 1174 - 1278 - 665  [0.483] 3117
Started game 3130 of 10000 (Baseline vs Shelter)
Finished game 3125 (Shelter vs Baseline): 1-0 {White wins by adjudication}
Score of Shelter vs Baseline: 1175 - 1278 - 665  [0.483] 3118
Started game 3131 of 10000 (Shelter vs Baseline)
Finished game 3118 (Baseline vs Shelter): 1-0 {White wins by adjudication}
Score of Shelter vs Baseline: 1175 - 1279 - 665  [0.483] 3119
Started game 3132 of 10000 (Baseline vs Shelter)
Finished game 3117 (Shelter vs Baseline): 1/2-1/2 {Draw by 3-fold repetition}
Score of Shelter vs Baseline: 1175 - 1279 - 666  [0.483] 3120
Started game 3133 of 10000 (Shelter vs Baseline)
Finished game 3121 (Shelter vs Baseline): 1/2-1/2 {Draw by insufficient mating material}
Score of Shelter vs Baseline: 1175 - 1279 - 667  [0.483] 3121
Started game 3134 of 10000 (Baseline vs Shelter)
Finished game 3126 (Baseline vs Shelter): 0-1 {Black wins by adjudication}
Score of Shelter vs Baseline: 1176 - 1279 - 667  [0.484] 3122
Started game 3135 of 10000 (Shelter vs Baseline)
Finished game 3120 (Baseline vs Shelter): 1-0 {White wins by adjudication}
Score of Shelter vs Baseline: 1176 - 1280 - 667  [0.483] 3123
Started game 3136 of 10000 (Baseline vs Shelter)
Finished game 3122 (Baseline vs Shelter): 1-0 {White wins by adjudication}
Score of Shelter vs Baseline: 1176 - 1281 - 667  [0.483] 3124
Started game 3137 of 10000 (Shelter vs Baseline)
Finished game 3124 (Baseline vs Shelter): 1-0 {White wins by adjudication}
Score of Shelter vs Baseline: 1176 - 1282 - 667  [0.483] 3125
Started game 3138 of 10000 (Baseline vs Shelter)
Finished game 3127 (Shelter vs Baseline): 1-0 {White wins by adjudication}
Score of Shelter vs Baseline: 1177 - 1282 - 667  [0.483] 3126
Started game 3139 of 10000 (Shelter vs Baseline)
Finished game 3128 (Baseline vs Shelter): 1/2-1/2 {Draw by 3-fold repetition}
Score of Shelter vs Baseline: 1177 - 1282 - 668  [0.483] 3127
Started game 3140 of 10000 (Baseline vs Shelter)
Finished game 3123 (Shelter vs Baseline): 1-0 {White mates}
Score of Shelter vs Baseline: 1178 - 1282 - 668  [0.483] 3128
Started game 3141 of 10000 (Shelter vs Baseline)
Finished game 3132 (Baseline vs Shelter): 1/2-1/2 {Draw by 3-fold repetition}
Score of Shelter vs Baseline: 1178 - 1282 - 669  [0.483] 3129
Started game 3142 of 10000 (Baseline vs Shelter)
Finished game 3131 (Shelter vs Baseline): 0-1 {Black wins by adjudication}
Score of Shelter vs Baseline: 1178 - 1283 - 669  [0.483] 3130
Started game 3143 of 10000 (Shelter vs Baseline)
Finished game 3137 (Shelter vs Baseline): 0-1 {Black wins by adjudication}
Score of Shelter vs Baseline: 1178 - 1284 - 669  [0.483] 3131
Started game 3144 of 10000 (Baseline vs Shelter)
Finished game 3136 (Baseline vs Shelter): 1-0 {White wins by adjudication}
Score of Shelter vs Baseline: 1178 - 1285 - 669  [0.483] 3132
Started game 3145 of 10000 (Shelter vs Baseline)
Finished game 3133 (Shelter vs Baseline): 0-1 {Black wins by adjudication}
Score of Shelter vs Baseline: 1178 - 1286 - 669  [0.483] 3133
Started game 3146 of 10000 (Baseline vs Shelter)
Finished game 3129 (Shelter vs Baseline): 1/2-1/2 {Draw by 3-fold repetition}
Score of Shelter vs Baseline: 1178 - 1286 - 670  [0.483] 3134
Started game 3147 of 10000 (Shelter vs Baseline)
Finished game 3138 (Baseline vs Shelter): 1-0 {White wins by adjudication}
Score of Shelter vs Baseline: 1178 - 1287 - 670  [0.483] 3135
Started game 3148 of 10000 (Baseline vs Shelter)
Finished game 3130 (Baseline vs Shelter): 0-1 {Black wins by adjudication}
Score of Shelter vs Baseline: 1179 - 1287 - 670  [0.483] 3136
Started game 3149 of 10000 (Shelter vs Baseline)
Finished game 3135 (Shelter vs Baseline): 0-1 {Black wins by adjudication}
Score of Shelter vs Baseline: 1179 - 1288 - 670  [0.483] 3137
Started game 3150 of 10000 (Baseline vs Shelter)
Finished game 3141 (Shelter vs Baseline): 1-0 {White wins by adjudication}
Score of Shelter vs Baseline: 1180 - 1288 - 670  [0.483] 3138
Started game 3151 of 10000 (Shelter vs Baseline)
Finished game 3134 (Baseline vs Shelter): 0-1 {Black wins by adjudication}
Score of Shelter vs Baseline: 1181 - 1288 - 670  [0.483] 3139
Started game 3152 of 10000 (Baseline vs Shelter)
Finished game 3139 (Shelter vs Baseline): 1/2-1/2 {Draw by 3-fold repetition}
Score of Shelter vs Baseline: 1181 - 1288 - 671  [0.483] 3140
Started game 3153 of 10000 (Shelter vs Baseline)
Finished game 3140 (Baseline vs Shelter): 1-0 {White wins by adjudication}
Score of Shelter vs Baseline: 1181 - 1289 - 671  [0.483] 3141
Started game 3154 of 10000 (Baseline vs Shelter)
Finished game 3144 (Baseline vs Shelter): 1-0 {White wins by adjudication}
Score of Shelter vs Baseline: 1181 - 1290 - 671  [0.483] 3142
Started game 3155 of 10000 (Shelter vs Baseline)
Finished game 3142 (Baseline vs Shelter): 0-1 {Black wins by adjudication}
Score of Shelter vs Baseline: 1182 - 1290 - 671  [0.483] 3143
Started game 3156 of 10000 (Baseline vs Shelter)
Finished game 3143 (Shelter vs Baseline): 1-0 {White wins by adjudication}
Score of Shelter vs Baseline: 1183 - 1290 - 671  [0.483] 3144
Started game 3157 of 10000 (Shelter vs Baseline)
Finished game 3146 (Baseline vs Shelter): 1-0 {White wins by adjudication}
Score of Shelter vs Baseline: 1183 - 1291 - 671  [0.483] 3145
Started game 3158 of 10000 (Baseline vs Shelter)
Finished game 3148 (Baseline vs Shelter): 1-0 {White wins by adjudication}
Score of Shelter vs Baseline: 1183 - 1292 - 671  [0.483] 3146
Started game 3159 of 10000 (Shelter vs Baseline)
Finished game 3149 (Shelter vs Baseline): 1-0 {White wins by adjudication}
Score of Shelter vs Baseline: 1184 - 1292 - 671  [0.483] 3147
Started game 3160 of 10000 (Baseline vs Shelter)
Finished game 3152 (Baseline vs Shelter): 0-1 {Black wins by adjudication}
Score of Shelter vs Baseline: 1185 - 1292 - 671  [0.483] 3148
Started game 3161 of 10000 (Shelter vs Baseline)
Finished game 3150 (Baseline vs Shelter): 1-0 {White wins by adjudication}
Score of Shelter vs Baseline: 1185 - 1293 - 671  [0.483] 3149
Started game 3162 of 10000 (Baseline vs Shelter)
Finished game 3151 (Shelter vs Baseline): 0-1 {Black wins by adjudication}
Score of Shelter vs Baseline: 1185 - 1294 - 671  [0.483] 3150
Started game 3163 of 10000 (Shelter vs Baseline)
Finished game 3155 (Shelter vs Baseline): 0-1 {Black wins by adjudication}
Score of Shelter vs Baseline: 1185 - 1295 - 671  [0.483] 3151
Started game 3164 of 10000 (Baseline vs Shelter)
Finished game 3156 (Baseline vs Shelter): 0-1 {Black wins by adjudication}
Score of Shelter vs Baseline: 1186 - 1295 - 671  [0.483] 3152
Started game 3165 of 10000 (Shelter vs Baseline)
Finished game 3147 (Shelter vs Baseline): 1-0 {White wins by adjudication}
Score of Shelter vs Baseline: 1187 - 1295 - 671  [0.483] 3153
Started game 3166 of 10000 (Baseline vs Shelter)
Finished game 3145 (Shelter vs Baseline): 1-0 {White wins by adjudication}
Score of Shelter vs Baseline: 1188 - 1295 - 671  [0.483] 3154
Started game 3167 of 10000 (Shelter vs Baseline)
Finished game 3158 (Baseline vs Shelter): 1-0 {White wins by adjudication}
Score of Shelter vs Baseline: 1188 - 1296 - 671  [0.483] 3155
Started game 3168 of 10000 (Baseline vs Shelter)
Finished game 3159 (Shelter vs Baseline): 1-0 {White wins by adjudication}
Score of Shelter vs Baseline: 1189 - 1296 - 671  [0.483] 3156
Started game 3169 of 10000 (Shelter vs Baseline)
Finished game 3157 (Shelter vs Baseline): 0-1 {Black wins by adjudication}
Score of Shelter vs Baseline: 1189 - 1297 - 671  [0.483] 3157
Started game 3170 of 10000 (Baseline vs Shelter)
Finished game 3161 (Shelter vs Baseline): 0-1 {Black wins by adjudication}
Score of Shelter vs Baseline: 1189 - 1298 - 671  [0.483] 3158
Started game 3171 of 10000 (Shelter vs Baseline)
Finished game 3160 (Baseline vs Shelter): 1-0 {White wins by adjudication}
Score of Shelter vs Baseline: 1189 - 1299 - 671  [0.483] 3159
Started game 3172 of 10000 (Baseline vs Shelter)
Finished game 3153 (Shelter vs Baseline): 1/2-1/2 {Draw by fifty moves rule}
Score of Shelter vs Baseline: 1189 - 1299 - 672  [0.483] 3160
Started game 3173 of 10000 (Shelter vs Baseline)
Finished game 3154 (Baseline vs Shelter): 1/2-1/2 {Draw by fifty moves rule}
Score of Shelter vs Baseline: 1189 - 1299 - 673  [0.483] 3161
Started game 3174 of 10000 (Baseline vs Shelter)
Finished game 3164 (Baseline vs Shelter): 0-1 {Black wins by adjudication}
Score of Shelter vs Baseline: 1190 - 1299 - 673  [0.483] 3162
Started game 3175 of 10000 (Shelter vs Baseline)
Finished game 3169 (Shelter vs Baseline): 1-0 {White wins by adjudication}
Score of Shelter vs Baseline: 1191 - 1299 - 673  [0.483] 3163
Started game 3176 of 10000 (Baseline vs Shelter)
Finished game 3172 (Baseline vs Shelter): 1-0 {White wins by adjudication}
Score of Shelter vs Baseline: 1191 - 1300 - 673  [0.483] 3164
Started game 3177 of 10000 (Shelter vs Baseline)
Finished game 3166 (Baseline vs Shelter): 0-1 {Black wins by adjudication}
Score of Shelter vs Baseline: 1192 - 1300 - 673  [0.483] 3165
Started game 3178 of 10000 (Baseline vs Shelter)
Finished game 3168 (Baseline vs Shelter): 0-1 {Black wins by adjudication}
Score of Shelter vs Baseline: 1193 - 1300 - 673  [0.483] 3166
Started game 3179 of 10000 (Shelter vs Baseline)
Finished game 3163 (Shelter vs Baseline): 1/2-1/2 {Draw by adjudication}
Score of Shelter vs Baseline: 1193 - 1300 - 674  [0.483] 3167
Started game 3180 of 10000 (Baseline vs Shelter)
Finished game 3171 (Shelter vs Baseline): 1-0 {White wins by adjudication}
Score of Shelter vs Baseline: 1194 - 1300 - 674  [0.483] 3168
Started game 3181 of 10000 (Shelter vs Baseline)
Finished game 3162 (Baseline vs Shelter): 1-0 {White mates}
Score of Shelter vs Baseline: 1194 - 1301 - 674  [0.483] 3169
Started game 3182 of 10000 (Baseline vs Shelter)
Finished game 3174 (Baseline vs Shelter): 1-0 {White wins by adjudication}
Score of Shelter vs Baseline: 1194 - 1302 - 674  [0.483] 3170
Started game 3183 of 10000 (Shelter vs Baseline)
Finished game 3173 (Shelter vs Baseline): 1/2-1/2 {Draw by 3-fold repetition}
Score of Shelter vs Baseline: 1194 - 1302 - 675  [0.483] 3171
Started game 3184 of 10000 (Baseline vs Shelter)
Finished game 3167 (Shelter vs Baseline): 1-0 {White wins by adjudication}
Score of Shelter vs Baseline: 1195 - 1302 - 675  [0.483] 3172
Started game 3185 of 10000 (Shelter vs Baseline)
Finished game 3170 (Baseline vs Shelter): 1-0 {White wins by adjudication}
Score of Shelter vs Baseline: 1195 - 1303 - 675  [0.483] 3173
Started game 3186 of 10000 (Baseline vs Shelter)
Finished game 3165 (Shelter vs Baseline): 0-1 {Black wins by adjudication}
Score of Shelter vs Baseline: 1195 - 1304 - 675  [0.483] 3174
Started game 3187 of 10000 (Shelter vs Baseline)
Finished game 3175 (Shelter vs Baseline): 0-1 {Black wins by adjudication}
Score of Shelter vs Baseline: 1195 - 1305 - 675  [0.483] 3175
Started game 3188 of 10000 (Baseline vs Shelter)
Finished game 3176 (Baseline vs Shelter): 0-1 {Black wins by adjudication}
Score of Shelter vs Baseline: 1196 - 1305 - 675  [0.483] 3176
Started game 3189 of 10000 (Shelter vs Baseline)
Finished game 3177 (Shelter vs Baseline): 0-1 {Black wins by adjudication}
Score of Shelter vs Baseline: 1196 - 1306 - 675  [0.483] 3177
Started game 3190 of 10000 (Baseline vs Shelter)
Finished game 3179 (Shelter vs Baseline): 1-0 {White wins by adjudication}
Score of Shelter vs Baseline: 1197 - 1306 - 675  [0.483] 3178
Started game 3191 of 10000 (Shelter vs Baseline)
Finished game 3180 (Baseline vs Shelter): 1/2-1/2 {Draw by adjudication}
Score of Shelter vs Baseline: 1197 - 1306 - 676  [0.483] 3179
Started game 3192 of 10000 (Baseline vs Shelter)
Finished game 3181 (Shelter vs Baseline): 0-1 {Black wins by adjudication}
Score of Shelter vs Baseline: 1197 - 1307 - 676  [0.483] 3180
Started game 3193 of 10000 (Shelter vs Baseline)
Finished game 3184 (Baseline vs Shelter): 1-0 {White wins by adjudication}
Score of Shelter vs Baseline: 1197 - 1308 - 676  [0.483] 3181
Started game 3194 of 10000 (Baseline vs Shelter)
Finished game 3182 (Baseline vs Shelter): 0-1 {Black wins by adjudication}
Score of Shelter vs Baseline: 1198 - 1308 - 676  [0.483] 3182
Started game 3195 of 10000 (Shelter vs Baseline)
Finished game 3183 (Shelter vs Baseline): 0-1 {Black wins by adjudication}
Score of Shelter vs Baseline: 1198 - 1309 - 676  [0.483] 3183
Started game 3196 of 10000 (Baseline vs Shelter)
Finished game 3189 (Shelter vs Baseline): 0-1 {Black wins by adjudication}
Score of Shelter vs Baseline: 1198 - 1310 - 676  [0.482] 3184
Started game 3197 of 10000 (Shelter vs Baseline)
Finished game 3185 (Shelter vs Baseline): 1-0 {White wins by adjudication}
Score of Shelter vs Baseline: 1199 - 1310 - 676  [0.483] 3185
Started game 3198 of 10000 (Baseline vs Shelter)
Finished game 3190 (Baseline vs Shelter): 1-0 {White wins by adjudication}
Score of Shelter vs Baseline: 1199 - 1311 - 676  [0.482] 3186
Started game 3199 of 10000 (Shelter vs Baseline)
Finished game 3178 (Baseline vs Shelter): 0-1 {Black wins by adjudication}
Score of Shelter vs Baseline: 1200 - 1311 - 676  [0.483] 3187
Started game 3200 of 10000 (Baseline vs Shelter)
Finished game 3186 (Baseline vs Shelter): 1-0 {White wins by adjudication}
Score of Shelter vs Baseline: 1200 - 1312 - 676  [0.482] 3188
Started game 3201 of 10000 (Shelter vs Baseline)
Finished game 3187 (Shelter vs Baseline): 1/2-1/2 {Draw by insufficient mating material}
Score of Shelter vs Baseline: 1200 - 1312 - 677  [0.482] 3189
Started game 3202 of 10000 (Baseline vs Shelter)
Finished game 3196 (Baseline vs Shelter): 0-1 {Black wins by adjudication}
Score of Shelter vs Baseline: 1201 - 1312 - 677  [0.483] 3190
Started game 3203 of 10000 (Shelter vs Baseline)
Finished game 3191 (Shelter vs Baseline): 0-1 {Black wins by adjudication}
Score of Shelter vs Baseline: 1201 - 1313 - 677  [0.482] 3191
Started game 3204 of 10000 (Baseline vs Shelter)
Finished game 3194 (Baseline vs Shelter): 0-1 {Black wins by adjudication}
Score of Shelter vs Baseline: 1202 - 1313 - 677  [0.483] 3192
Started game 3205 of 10000 (Shelter vs Baseline)
Finished game 3188 (Baseline vs Shelter): 0-1 {Black mates}
Score of Shelter vs Baseline: 1203 - 1313 - 677  [0.483] 3193
Started game 3206 of 10000 (Baseline vs Shelter)
Finished game 3193 (Shelter vs Baseline): 1-0 {White wins by adjudication}
Score of Shelter vs Baseline: 1204 - 1313 - 677  [0.483] 3194
Started game 3207 of 10000 (Shelter vs Baseline)
Finished game 3195 (Shelter vs Baseline): 1/2-1/2 {Draw by 3-fold repetition}
Score of Shelter vs Baseline: 1204 - 1313 - 678  [0.483] 3195
Started game 3208 of 10000 (Baseline vs Shelter)
Finished game 3202 (Baseline vs Shelter): 1-0 {White wins by adjudication}
Score of Shelter vs Baseline: 1204 - 1314 - 678  [0.483] 3196
Started game 3209 of 10000 (Shelter vs Baseline)
Finished game 3199 (Shelter vs Baseline): 1-0 {White wins by adjudication}
Score of Shelter vs Baseline: 1205 - 1314 - 678  [0.483] 3197
Started game 3210 of 10000 (Baseline vs Shelter)
Finished game 3192 (Baseline vs Shelter): 1/2-1/2 {Draw by insufficient mating material}
Score of Shelter vs Baseline: 1205 - 1314 - 679  [0.483] 3198
Started game 3211 of 10000 (Shelter vs Baseline)
Finished game 3203 (Shelter vs Baseline): 1-0 {White wins by adjudication}
Score of Shelter vs Baseline: 1206 - 1314 - 679  [0.483] 3199
Started game 3212 of 10000 (Baseline vs Shelter)
Finished game 3200 (Baseline vs Shelter): 0-1 {Black wins by adjudication}
Score of Shelter vs Baseline: 1207 - 1314 - 679  [0.483] 3200
Started game 3213 of 10000 (Shelter vs Baseline)
Finished game 3197 (Shelter vs Baseline): 0-1 {Black wins by adjudication}
Score of Shelter vs Baseline: 1207 - 1315 - 679  [0.483] 3201
Started game 3214 of 10000 (Baseline vs Shelter)
Finished game 3198 (Baseline vs Shelter): 1/2-1/2 {Draw by insufficient mating material}
Score of Shelter vs Baseline: 1207 - 1315 - 680  [0.483] 3202
Started game 3215 of 10000 (Shelter vs Baseline)
Finished game 3209 (Shelter vs Baseline): 1/2-1/2 {Draw by 3-fold repetition}
Score of Shelter vs Baseline: 1207 - 1315 - 681  [0.483] 3203
Started game 3216 of 10000 (Baseline vs Shelter)
Finished game 3201 (Shelter vs Baseline): 0-1 {Black wins by adjudication}
Score of Shelter vs Baseline: 1207 - 1316 - 681  [0.483] 3204
Started game 3217 of 10000 (Shelter vs Baseline)
Finished game 3204 (Baseline vs Shelter): 1-0 {White wins by adjudication}
Score of Shelter vs Baseline: 1207 - 1317 - 681  [0.483] 3205
Started game 3218 of 10000 (Baseline vs Shelter)
Finished game 3205 (Shelter vs Baseline): 1-0 {White wins by adjudication}
Score of Shelter vs Baseline: 1208 - 1317 - 681  [0.483] 3206
Started game 3219 of 10000 (Shelter vs Baseline)
Finished game 3206 (Baseline vs Shelter): 0-1 {Black wins by adjudication}
Score of Shelter vs Baseline: 1209 - 1317 - 681  [0.483] 3207
Started game 3220 of 10000 (Baseline vs Shelter)
Finished game 3210 (Baseline vs Shelter): 0-1 {Black wins by adjudication}
Score of Shelter vs Baseline: 1210 - 1317 - 681  [0.483] 3208
Started game 3221 of 10000 (Shelter vs Baseline)
Finished game 3208 (Baseline vs Shelter): 0-1 {Black wins by adjudication}
Score of Shelter vs Baseline: 1211 - 1317 - 681  [0.483] 3209
Started game 3222 of 10000 (Baseline vs Shelter)
Finished game 3207 (Shelter vs Baseline): 1-0 {White wins by adjudication}
Score of Shelter vs Baseline: 1212 - 1317 - 681  [0.484] 3210
Started game 3223 of 10000 (Shelter vs Baseline)
Finished game 3213 (Shelter vs Baseline): 0-1 {Black wins by adjudication}
Score of Shelter vs Baseline: 1212 - 1318 - 681  [0.483] 3211
Started game 3224 of 10000 (Baseline vs Shelter)
Finished game 3211 (Shelter vs Baseline): 1-0 {White wins by adjudication}
Score of Shelter vs Baseline: 1213 - 1318 - 681  [0.484] 3212
Started game 3225 of 10000 (Shelter vs Baseline)
Finished game 3215 (Shelter vs Baseline): 0-1 {Black wins by adjudication}
Score of Shelter vs Baseline: 1213 - 1319 - 681  [0.484] 3213
Started game 3226 of 10000 (Baseline vs Shelter)
Finished game 3212 (Baseline vs Shelter): 1-0 {White wins by adjudication}
Score of Shelter vs Baseline: 1213 - 1320 - 681  [0.483] 3214
Started game 3227 of 10000 (Shelter vs Baseline)
Finished game 3214 (Baseline vs Shelter): 1-0 {White wins by adjudication}
Score of Shelter vs Baseline: 1213 - 1321 - 681  [0.483] 3215
Started game 3228 of 10000 (Baseline vs Shelter)
Finished game 3218 (Baseline vs Shelter): 0-1 {Black wins by adjudication}
Score of Shelter vs Baseline: 1214 - 1321 - 681  [0.483] 3216
Started game 3229 of 10000 (Shelter vs Baseline)
Finished game 3216 (Baseline vs Shelter): 1/2-1/2 {Draw by adjudication}
Score of Shelter vs Baseline: 1214 - 1321 - 682  [0.483] 3217
Started game 3230 of 10000 (Baseline vs Shelter)
Finished game 3217 (Shelter vs Baseline): 0-1 {Black wins by adjudication}
Score of Shelter vs Baseline: 1214 - 1322 - 682  [0.483] 3218
Started game 3231 of 10000 (Shelter vs Baseline)
Finished game 3220 (Baseline vs Shelter): 0-1 {Black wins by adjudication}
Score of Shelter vs Baseline: 1215 - 1322 - 682  [0.483] 3219
Started game 3232 of 10000 (Baseline vs Shelter)
Finished game 3219 (Shelter vs Baseline): 1-0 {White wins by adjudication}
Score of Shelter vs Baseline: 1216 - 1322 - 682  [0.484] 3220
Started game 3233 of 10000 (Shelter vs Baseline)
Finished game 3224 (Baseline vs Shelter): 1/2-1/2 {Draw by adjudication}
Score of Shelter vs Baseline: 1216 - 1322 - 683  [0.484] 3221
Started game 3234 of 10000 (Baseline vs Shelter)
Finished game 3225 (Shelter vs Baseline): 0-1 {Black wins by adjudication}
Score of Shelter vs Baseline: 1216 - 1323 - 683  [0.483] 3222
Started game 3235 of 10000 (Shelter vs Baseline)
Finished game 3221 (Shelter vs Baseline): 1-0 {White wins by adjudication}
Score of Shelter vs Baseline: 1217 - 1323 - 683  [0.484] 3223
Started game 3236 of 10000 (Baseline vs Shelter)
Finished game 3223 (Shelter vs Baseline): 0-1 {Black wins by adjudication}
Score of Shelter vs Baseline: 1217 - 1324 - 683  [0.483] 3224
Started game 3237 of 10000 (Shelter vs Baseline)
Finished game 3226 (Baseline vs Shelter): 1-0 {White mates}
Score of Shelter vs Baseline: 1217 - 1325 - 683  [0.483] 3225
Started game 3238 of 10000 (Baseline vs Shelter)
Finished game 3228 (Baseline vs Shelter): 1-0 {White wins by adjudication}
Score of Shelter vs Baseline: 1217 - 1326 - 683  [0.483] 3226
Started game 3239 of 10000 (Shelter vs Baseline)
Finished game 3230 (Baseline vs Shelter): 1-0 {White wins by adjudication}
Score of Shelter vs Baseline: 1217 - 1327 - 683  [0.483] 3227
Started game 3240 of 10000 (Baseline vs Shelter)
Finished game 3222 (Baseline vs Shelter): 0-1 {Black wins by adjudication}
Score of Shelter vs Baseline: 1218 - 1327 - 683  [0.483] 3228
Started game 3241 of 10000 (Shelter vs Baseline)
Finished game 3231 (Shelter vs Baseline): 1-0 {White wins by adjudication}
Score of Shelter vs Baseline: 1219 - 1327 - 683  [0.483] 3229
Started game 3242 of 10000 (Baseline vs Shelter)
Finished game 3227 (Shelter vs Baseline): 0-1 {Black wins by adjudication}
Score of Shelter vs Baseline: 1219 - 1328 - 683  [0.483] 3230
Started game 3243 of 10000 (Shelter vs Baseline)
Finished game 3234 (Baseline vs Shelter): 1-0 {White wins by adjudication}
Score of Shelter vs Baseline: 1219 - 1329 - 683  [0.483] 3231
Started game 3244 of 10000 (Baseline vs Shelter)
Finished game 3229 (Shelter vs Baseline): 1/2-1/2 {Draw by adjudication}
Score of Shelter vs Baseline: 1219 - 1329 - 684  [0.483] 3232
Started game 3245 of 10000 (Shelter vs Baseline)
Finished game 3238 (Baseline vs Shelter): 1-0 {White wins by adjudication}
Score of Shelter vs Baseline: 1219 - 1330 - 684  [0.483] 3233
Started game 3246 of 10000 (Baseline vs Shelter)
Finished game 3235 (Shelter vs Baseline): 1/2-1/2 {Draw by 3-fold repetition}
Score of Shelter vs Baseline: 1219 - 1330 - 685  [0.483] 3234
Started game 3247 of 10000 (Shelter vs Baseline)
Finished game 3236 (Baseline vs Shelter): 0-1 {Black wins by adjudication}
Score of Shelter vs Baseline: 1220 - 1330 - 685  [0.483] 3235
Started game 3248 of 10000 (Baseline vs Shelter)
Finished game 3237 (Shelter vs Baseline): 1-0 {White wins by adjudication}
Score of Shelter vs Baseline: 1221 - 1330 - 685  [0.483] 3236
Started game 3249 of 10000 (Shelter vs Baseline)
Finished game 3232 (Baseline vs Shelter): 1-0 {White wins by adjudication}
Score of Shelter vs Baseline: 1221 - 1331 - 685  [0.483] 3237
Started game 3250 of 10000 (Baseline vs Shelter)
Finished game 3233 (Shelter vs Baseline): 1-0 {White wins by adjudication}
Score of Shelter vs Baseline: 1222 - 1331 - 685  [0.483] 3238
Started game 3251 of 10000 (Shelter vs Baseline)
Finished game 3239 (Shelter vs Baseline): 1-0 {White wins by adjudication}
Score of Shelter vs Baseline: 1223 - 1331 - 685  [0.483] 3239
Started game 3252 of 10000 (Baseline vs Shelter)
Finished game 3241 (Shelter vs Baseline): 0-1 {Black wins by adjudication}
Score of Shelter vs Baseline: 1223 - 1332 - 685  [0.483] 3240
Started game 3253 of 10000 (Shelter vs Baseline)
Finished game 3240 (Baseline vs Shelter): 1/2-1/2 {Draw by insufficient mating material}
Score of Shelter vs Baseline: 1223 - 1332 - 686  [0.483] 3241
Started game 3254 of 10000 (Baseline vs Shelter)
Finished game 3244 (Baseline vs Shelter): 1-0 {White wins by adjudication}
Score of Shelter vs Baseline: 1223 - 1333 - 686  [0.483] 3242
Started game 3255 of 10000 (Shelter vs Baseline)
Finished game 3245 (Shelter vs Baseline): 0-1 {Black wins by adjudication}
Score of Shelter vs Baseline: 1223 - 1334 - 686  [0.483] 3243
Started game 3256 of 10000 (Baseline vs Shelter)
Finished game 3243 (Shelter vs Baseline): 0-1 {Black wins by adjudication}
Score of Shelter vs Baseline: 1223 - 1335 - 686  [0.483] 3244
Started game 3257 of 10000 (Shelter vs Baseline)
Finished game 3249 (Shelter vs Baseline): 0-1 {Black wins by adjudication}
Score of Shelter vs Baseline: 1223 - 1336 - 686  [0.483] 3245
Started game 3258 of 10000 (Baseline vs Shelter)
Finished game 3246 (Baseline vs Shelter): 1-0 {White wins by adjudication}
Score of Shelter vs Baseline: 1223 - 1337 - 686  [0.482] 3246
Started game 3259 of 10000 (Shelter vs Baseline)
Finished game 3242 (Baseline vs Shelter): 0-1 {Black wins by adjudication}
Score of Shelter vs Baseline: 1224 - 1337 - 686  [0.483] 3247
Started game 3260 of 10000 (Baseline vs Shelter)
Finished game 3247 (Shelter vs Baseline): 1/2-1/2 {Draw by 3-fold repetition}
Score of Shelter vs Baseline: 1224 - 1337 - 687  [0.483] 3248
Started game 3261 of 10000 (Shelter vs Baseline)
Finished game 3252 (Baseline vs Shelter): 0-1 {Black wins by adjudication}
Score of Shelter vs Baseline: 1225 - 1337 - 687  [0.483] 3249
Started game 3262 of 10000 (Baseline vs Shelter)
Finished game 3251 (Shelter vs Baseline): 1-0 {White wins by adjudication}
Score of Shelter vs Baseline: 1226 - 1337 - 687  [0.483] 3250
Started game 3263 of 10000 (Shelter vs Baseline)
Finished game 3248 (Baseline vs Shelter): 1-0 {White wins by adjudication}
Score of Shelter vs Baseline: 1226 - 1338 - 687  [0.483] 3251
Started game 3264 of 10000 (Baseline vs Shelter)
Finished game 3250 (Baseline vs Shelter): 1/2-1/2 {Draw by adjudication}
Score of Shelter vs Baseline: 1226 - 1338 - 688  [0.483] 3252
Started game 3265 of 10000 (Shelter vs Baseline)
Finished game 3255 (Shelter vs Baseline): 1-0 {White wins by adjudication}
Score of Shelter vs Baseline: 1227 - 1338 - 688  [0.483] 3253
Started game 3266 of 10000 (Baseline vs Shelter)
Finished game 3254 (Baseline vs Shelter): 1/2-1/2 {Draw by 3-fold repetition}
Score of Shelter vs Baseline: 1227 - 1338 - 689  [0.483] 3254
Started game 3267 of 10000 (Shelter vs Baseline)
Finished game 3253 (Shelter vs Baseline): 0-1 {Black wins by adjudication}
Score of Shelter vs Baseline: 1227 - 1339 - 689  [0.483] 3255
Started game 3268 of 10000 (Baseline vs Shelter)
Finished game 3258 (Baseline vs Shelter): 0-1 {Black wins by adjudication}
Score of Shelter vs Baseline: 1228 - 1339 - 689  [0.483] 3256
Started game 3269 of 10000 (Shelter vs Baseline)
Finished game 3261 (Shelter vs Baseline): 0-1 {Black wins by adjudication}
Score of Shelter vs Baseline: 1228 - 1340 - 689  [0.483] 3257
Started game 3270 of 10000 (Baseline vs Shelter)
Finished game 3259 (Shelter vs Baseline): 0-1 {Black wins by adjudication}
Score of Shelter vs Baseline: 1228 - 1341 - 689  [0.483] 3258
Started game 3271 of 10000 (Shelter vs Baseline)
Finished game 3257 (Shelter vs Baseline): 1/2-1/2 {Draw by adjudication}
Score of Shelter vs Baseline: 1228 - 1341 - 690  [0.483] 3259
Started game 3272 of 10000 (Baseline vs Shelter)
Finished game 3264 (Baseline vs Shelter): 1/2-1/2 {Draw by 3-fold repetition}
Score of Shelter vs Baseline: 1228 - 1341 - 691  [0.483] 3260
Started game 3273 of 10000 (Shelter vs Baseline)
Finished game 3256 (Baseline vs Shelter): 1/2-1/2 {Draw by stalemate}
Score of Shelter vs Baseline: 1228 - 1341 - 692  [0.483] 3261
Started game 3274 of 10000 (Baseline vs Shelter)
Finished game 3260 (Baseline vs Shelter): 0-1 {Black wins by adjudication}
Score of Shelter vs Baseline: 1229 - 1341 - 692  [0.483] 3262
Started game 3275 of 10000 (Shelter vs Baseline)
Finished game 3263 (Shelter vs Baseline): 0-1 {Black wins by adjudication}
Score of Shelter vs Baseline: 1229 - 1342 - 692  [0.483] 3263
Started game 3276 of 10000 (Baseline vs Shelter)
Finished game 3265 (Shelter vs Baseline): 1-0 {White wins by adjudication}
Score of Shelter vs Baseline: 1230 - 1342 - 692  [0.483] 3264
Started game 3277 of 10000 (Shelter vs Baseline)
Finished game 3262 (Baseline vs Shelter): 0-1 {Black mates}
Score of Shelter vs Baseline: 1231 - 1342 - 692  [0.483] 3265
Started game 3278 of 10000 (Baseline vs Shelter)
Finished game 3267 (Shelter vs Baseline): 0-1 {Black wins by adjudication}
Score of Shelter vs Baseline: 1231 - 1343 - 692  [0.483] 3266
Started game 3279 of 10000 (Shelter vs Baseline)
Finished game 3266 (Baseline vs Shelter): 1-0 {White wins by adjudication}
Score of Shelter vs Baseline: 1231 - 1344 - 692  [0.483] 3267
Started game 3280 of 10000 (Baseline vs Shelter)
Finished game 3268 (Baseline vs Shelter): 0-1 {Black wins by adjudication}
Score of Shelter vs Baseline: 1232 - 1344 - 692  [0.483] 3268
Started game 3281 of 10000 (Shelter vs Baseline)
Finished game 3274 (Baseline vs Shelter): 1-0 {White wins by adjudication}
Score of Shelter vs Baseline: 1232 - 1345 - 692  [0.483] 3269
Started game 3282 of 10000 (Baseline vs Shelter)
Finished game 3270 (Baseline vs Shelter): 0-1 {Black wins by adjudication}
Score of Shelter vs Baseline: 1233 - 1345 - 692  [0.483] 3270
Started game 3283 of 10000 (Shelter vs Baseline)
Finished game 3271 (Shelter vs Baseline): 0-1 {Black wins by adjudication}
Score of Shelter vs Baseline: 1233 - 1346 - 692  [0.483] 3271
Started game 3284 of 10000 (Baseline vs Shelter)
Finished game 3273 (Shelter vs Baseline): 0-1 {Black wins by adjudication}
Score of Shelter vs Baseline: 1233 - 1347 - 692  [0.483] 3272
Started game 3285 of 10000 (Shelter vs Baseline)
Finished game 3272 (Baseline vs Shelter): 1/2-1/2 {Draw by adjudication}
Score of Shelter vs Baseline: 1233 - 1347 - 693  [0.483] 3273
Started game 3286 of 10000 (Baseline vs Shelter)
Finished game 3278 (Baseline vs Shelter): 0-1 {Black wins by adjudication}
Score of Shelter vs Baseline: 1234 - 1347 - 693  [0.483] 3274
Started game 3287 of 10000 (Shelter vs Baseline)
Finished game 3277 (Shelter vs Baseline): 1-0 {White wins by adjudication}
Score of Shelter vs Baseline: 1235 - 1347 - 693  [0.483] 3275
Started game 3288 of 10000 (Baseline vs Shelter)
Finished game 3269 (Shelter vs Baseline): 1/2-1/2 {Draw by insufficient mating material}
Score of Shelter vs Baseline: 1235 - 1347 - 694  [0.483] 3276
Started game 3289 of 10000 (Shelter vs Baseline)
Finished game 3280 (Baseline vs Shelter): 1-0 {White wins by adjudication}
Score of Shelter vs Baseline: 1235 - 1348 - 694  [0.483] 3277
Started game 3290 of 10000 (Baseline vs Shelter)
Finished game 3281 (Shelter vs Baseline): 0-1 {Black wins by adjudication}
Score of Shelter vs Baseline: 1235 - 1349 - 694  [0.483] 3278
Started game 3291 of 10000 (Shelter vs Baseline)
Finished game 3282 (Baseline vs Shelter): 1-0 {White wins by adjudication}
Score of Shelter vs Baseline: 1235 - 1350 - 694  [0.482] 3279
Started game 3292 of 10000 (Baseline vs Shelter)
Finished game 3276 (Baseline vs Shelter): 1/2-1/2 {Draw by 3-fold repetition}
Score of Shelter vs Baseline: 1235 - 1350 - 695  [0.482] 3280
Started game 3293 of 10000 (Shelter vs Baseline)
Finished game 3275 (Shelter vs Baseline): 1/2-1/2 {Draw by adjudication}
Score of Shelter vs Baseline: 1235 - 1350 - 696  [0.482] 3281
Started game 3294 of 10000 (Baseline vs Shelter)
Finished game 3285 (Shelter vs Baseline): 0-1 {Black wins by adjudication}
Score of Shelter vs Baseline: 1235 - 1351 - 696  [0.482] 3282
Started game 3295 of 10000 (Shelter vs Baseline)
Finished game 3279 (Shelter vs Baseline): 1-0 {White wins by adjudication}
Score of Shelter vs Baseline: 1236 - 1351 - 696  [0.482] 3283
Started game 3296 of 10000 (Baseline vs Shelter)
Finished game 3283 (Shelter vs Baseline): 1/2-1/2 {Draw by insufficient mating material}
Score of Shelter vs Baseline: 1236 - 1351 - 697  [0.482] 3284
Started game 3297 of 10000 (Shelter vs Baseline)
Finished game 3287 (Shelter vs Baseline): 1-0 {White wins by adjudication}
Score of Shelter vs Baseline: 1237 - 1351 - 697  [0.483] 3285
Started game 3298 of 10000 (Baseline vs Shelter)
Finished game 3284 (Baseline vs Shelter): 1-0 {White wins by adjudication}
Score of Shelter vs Baseline: 1237 - 1352 - 697  [0.483] 3286
Started game 3299 of 10000 (Shelter vs Baseline)
Finished game 3288 (Baseline vs Shelter): 1-0 {White wins by adjudication}
Score of Shelter vs Baseline: 1237 - 1353 - 697  [0.482] 3287
Started game 3300 of 10000 (Baseline vs Shelter)
Finished game 3289 (Shelter vs Baseline): 1-0 {White wins by adjudication}
Score of Shelter vs Baseline: 1238 - 1353 - 697  [0.483] 3288
Started game 3301 of 10000 (Shelter vs Baseline)
Finished game 3286 (Baseline vs Shelter): 0-1 {Black wins by adjudication}
Score of Shelter vs Baseline: 1239 - 1353 - 697  [0.483] 3289
Started game 3302 of 10000 (Baseline vs Shelter)
Finished game 3291 (Shelter vs Baseline): 1/2-1/2 {Draw by insufficient mating material}
Score of Shelter vs Baseline: 1239 - 1353 - 698  [0.483] 3290
Started game 3303 of 10000 (Shelter vs Baseline)
Finished game 3292 (Baseline vs Shelter): 1-0 {White wins by adjudication}
Score of Shelter vs Baseline: 1239 - 1354 - 698  [0.483] 3291
Started game 3304 of 10000 (Baseline vs Shelter)
Finished game 3296 (Baseline vs Shelter): 1-0 {White wins by adjudication}
Score of Shelter vs Baseline: 1239 - 1355 - 698  [0.482] 3292
Started game 3305 of 10000 (Shelter vs Baseline)
Finished game 3295 (Shelter vs Baseline): 1-0 {White wins by adjudication}
Score of Shelter vs Baseline: 1240 - 1355 - 698  [0.483] 3293
Started game 3306 of 10000 (Baseline vs Shelter)
Finished game 3290 (Baseline vs Shelter): 1/2-1/2 {Draw by insufficient mating material}
Score of Shelter vs Baseline: 1240 - 1355 - 699  [0.483] 3294
Started game 3307 of 10000 (Shelter vs Baseline)
Finished game 3297 (Shelter vs Baseline): 0-1 {Black wins by adjudication}
Score of Shelter vs Baseline: 1240 - 1356 - 699  [0.482] 3295
Started game 3308 of 10000 (Baseline vs Shelter)
Finished game 3294 (Baseline vs Shelter): 0-1 {Black wins by adjudication}
Score of Shelter vs Baseline: 1241 - 1356 - 699  [0.483] 3296
Started game 3309 of 10000 (Shelter vs Baseline)
Finished game 3298 (Baseline vs Shelter): 0-1 {Black wins by adjudication}
Score of Shelter vs Baseline: 1242 - 1356 - 699  [0.483] 3297
Started game 3310 of 10000 (Baseline vs Shelter)
Finished game 3299 (Shelter vs Baseline): 1-0 {White wins by adjudication}
Score of Shelter vs Baseline: 1243 - 1356 - 699  [0.483] 3298
Started game 3311 of 10000 (Shelter vs Baseline)
Finished game 3293 (Shelter vs Baseline): 1-0 {White wins by adjudication}
Score of Shelter vs Baseline: 1244 - 1356 - 699  [0.483] 3299
Started game 3312 of 10000 (Baseline vs Shelter)
Finished game 3304 (Baseline vs Shelter): 1-0 {White wins by adjudication}
Score of Shelter vs Baseline: 1244 - 1357 - 699  [0.483] 3300
Started game 3313 of 10000 (Shelter vs Baseline)
Finished game 3301 (Shelter vs Baseline): 1-0 {White wins by adjudication}
Score of Shelter vs Baseline: 1245 - 1357 - 699  [0.483] 3301
Started game 3314 of 10000 (Baseline vs Shelter)
Finished game 3302 (Baseline vs Shelter): 1-0 {White wins by adjudication}
Score of Shelter vs Baseline: 1245 - 1358 - 699  [0.483] 3302
Started game 3315 of 10000 (Shelter vs Baseline)
Finished game 3306 (Baseline vs Shelter): 1-0 {White wins by adjudication}
Score of Shelter vs Baseline: 1245 - 1359 - 699  [0.483] 3303
Started game 3316 of 10000 (Baseline vs Shelter)
Finished game 3307 (Shelter vs Baseline): 0-1 {Black wins by adjudication}
Score of Shelter vs Baseline: 1245 - 1360 - 699  [0.483] 3304
Started game 3317 of 10000 (Shelter vs Baseline)
Finished game 3305 (Shelter vs Baseline): 1/2-1/2 {Draw by adjudication}
Score of Shelter vs Baseline: 1245 - 1360 - 700  [0.483] 3305
Started game 3318 of 10000 (Baseline vs Shelter)
Finished game 3309 (Shelter vs Baseline): 1/2-1/2 {Draw by 3-fold repetition}
Score of Shelter vs Baseline: 1245 - 1360 - 701  [0.483] 3306
Started game 3319 of 10000 (Shelter vs Baseline)
Finished game 3310 (Baseline vs Shelter): 1-0 {White wins by adjudication}
Score of Shelter vs Baseline: 1245 - 1361 - 701  [0.482] 3307
Started game 3320 of 10000 (Baseline vs Shelter)
Finished game 3315 (Shelter vs Baseline): 0-1 {Black wins by adjudication}
Score of Shelter vs Baseline: 1245 - 1362 - 701  [0.482] 3308
Started game 3321 of 10000 (Shelter vs Baseline)
Finished game 3312 (Baseline vs Shelter): 0-1 {Black wins by adjudication}
Score of Shelter vs Baseline: 1246 - 1362 - 701  [0.482] 3309
Started game 3322 of 10000 (Baseline vs Shelter)
Finished game 3313 (Shelter vs Baseline): 0-1 {Black wins by adjudication}
Score of Shelter vs Baseline: 1246 - 1363 - 701  [0.482] 3310
Started game 3323 of 10000 (Shelter vs Baseline)
Finished game 3303 (Shelter vs Baseline): 0-1 {Black wins by adjudication}
Score of Shelter vs Baseline: 1246 - 1364 - 701  [0.482] 3311
Started game 3324 of 10000 (Baseline vs Shelter)
Finished game 3314 (Baseline vs Shelter): 1-0 {White wins by adjudication}
Score of Shelter vs Baseline: 1246 - 1365 - 701  [0.482] 3312
Started game 3325 of 10000 (Shelter vs Baseline)
Finished game 3300 (Baseline vs Shelter): 0-1 {Black wins by adjudication}
Score of Shelter vs Baseline: 1247 - 1365 - 701  [0.482] 3313
Started game 3326 of 10000 (Baseline vs Shelter)
Finished game 3317 (Shelter vs Baseline): 1/2-1/2 {Draw by 3-fold repetition}
Score of Shelter vs Baseline: 1247 - 1365 - 702  [0.482] 3314
Started game 3327 of 10000 (Shelter vs Baseline)
Finished game 3308 (Baseline vs Shelter): 1/2-1/2 {Draw by fifty moves rule}
Score of Shelter vs Baseline: 1247 - 1365 - 703  [0.482] 3315
Started game 3328 of 10000 (Baseline vs Shelter)
Finished game 3311 (Shelter vs Baseline): 0-1 {Black wins by adjudication}
Score of Shelter vs Baseline: 1247 - 1366 - 703  [0.482] 3316
Started game 3329 of 10000 (Shelter vs Baseline)
Finished game 3318 (Baseline vs Shelter): 0-1 {Black wins by adjudication}
Score of Shelter vs Baseline: 1248 - 1366 - 703  [0.482] 3317
Started game 3330 of 10000 (Baseline vs Shelter)
Finished game 3316 (Baseline vs Shelter): 0-1 {Black wins by adjudication}
Score of Shelter vs Baseline: 1249 - 1366 - 703  [0.482] 3318
Started game 3331 of 10000 (Shelter vs Baseline)
Finished game 3321 (Shelter vs Baseline): 1-0 {White wins by adjudication}
Score of Shelter vs Baseline: 1250 - 1366 - 703  [0.483] 3319
Started game 3332 of 10000 (Baseline vs Shelter)
Finished game 3320 (Baseline vs Shelter): 1-0 {White wins by adjudication}
Score of Shelter vs Baseline: 1250 - 1367 - 703  [0.482] 3320
Started game 3333 of 10000 (Shelter vs Baseline)
Finished game 3322 (Baseline vs Shelter): 1-0 {White wins by adjudication}
Score of Shelter vs Baseline: 1250 - 1368 - 703  [0.482] 3321
Started game 3334 of 10000 (Baseline vs Shelter)
Finished game 3319 (Shelter vs Baseline): 1-0 {White wins by adjudication}
Score of Shelter vs Baseline: 1251 - 1368 - 703  [0.482] 3322
Started game 3335 of 10000 (Shelter vs Baseline)
Finished game 3324 (Baseline vs Shelter): 1-0 {White wins by adjudication}
Score of Shelter vs Baseline: 1251 - 1369 - 703  [0.482] 3323
Started game 3336 of 10000 (Baseline vs Shelter)
Finished game 3325 (Shelter vs Baseline): 0-1 {Black wins by adjudication}
Score of Shelter vs Baseline: 1251 - 1370 - 703  [0.482] 3324
Started game 3337 of 10000 (Shelter vs Baseline)
Finished game 3329 (Shelter vs Baseline): 0-1 {Black wins by adjudication}
Score of Shelter vs Baseline: 1251 - 1371 - 703  [0.482] 3325
Started game 3338 of 10000 (Baseline vs Shelter)
Finished game 3328 (Baseline vs Shelter): 1-0 {White wins by adjudication}
Score of Shelter vs Baseline: 1251 - 1372 - 703  [0.482] 3326
Started game 3339 of 10000 (Shelter vs Baseline)
Finished game 3327 (Shelter vs Baseline): 0-1 {Black wins by adjudication}
Score of Shelter vs Baseline: 1251 - 1373 - 703  [0.482] 3327
Started game 3340 of 10000 (Baseline vs Shelter)
Finished game 3330 (Baseline vs Shelter): 0-1 {Black wins by adjudication}
Score of Shelter vs Baseline: 1252 - 1373 - 703  [0.482] 3328
Started game 3341 of 10000 (Shelter vs Baseline)
Finished game 3326 (Baseline vs Shelter): 1-0 {White wins by adjudication}
Score of Shelter vs Baseline: 1252 - 1374 - 703  [0.482] 3329
Started game 3342 of 10000 (Baseline vs Shelter)
Finished game 3323 (Shelter vs Baseline): 1-0 {White wins by adjudication}
Score of Shelter vs Baseline: 1253 - 1374 - 703  [0.482] 3330
Started game 3343 of 10000 (Shelter vs Baseline)
Finished game 3335 (Shelter vs Baseline): 0-1 {Black wins by adjudication}
Score of Shelter vs Baseline: 1253 - 1375 - 703  [0.482] 3331
Started game 3344 of 10000 (Baseline vs Shelter)
Finished game 3331 (Shelter vs Baseline): 1-0 {White wins by adjudication}
Score of Shelter vs Baseline: 1254 - 1375 - 703  [0.482] 3332
Started game 3345 of 10000 (Shelter vs Baseline)
Finished game 3332 (Baseline vs Shelter): 0-1 {Black wins by adjudication}
Score of Shelter vs Baseline: 1255 - 1375 - 703  [0.482] 3333
Started game 3346 of 10000 (Baseline vs Shelter)
Finished game 3334 (Baseline vs Shelter): 1-0 {White wins by adjudication}
Score of Shelter vs Baseline: 1255 - 1376 - 703  [0.482] 3334
Started game 3347 of 10000 (Shelter vs Baseline)
Finished game 3333 (Shelter vs Baseline): 0-1 {Black wins by adjudication}
Score of Shelter vs Baseline: 1255 - 1377 - 703  [0.482] 3335
Started game 3348 of 10000 (Baseline vs Shelter)
Finished game 3337 (Shelter vs Baseline): 0-1 {Black wins by adjudication}
Score of Shelter vs Baseline: 1255 - 1378 - 703  [0.482] 3336
Started game 3349 of 10000 (Shelter vs Baseline)
Finished game 3338 (Baseline vs Shelter): 1/2-1/2 {Draw by adjudication}
Score of Shelter vs Baseline: 1255 - 1378 - 704  [0.482] 3337
Started game 3350 of 10000 (Baseline vs Shelter)
Finished game 3343 (Shelter vs Baseline): 0-1 {Black mates}
Score of Shelter vs Baseline: 1255 - 1379 - 704  [0.481] 3338
Started game 3351 of 10000 (Shelter vs Baseline)
Finished game 3339 (Shelter vs Baseline): 1-0 {White wins by adjudication}
Score of Shelter vs Baseline: 1256 - 1379 - 704  [0.482] 3339
Started game 3352 of 10000 (Baseline vs Shelter)
Finished game 3341 (Shelter vs Baseline): 1/2-1/2 {Draw by insufficient mating material}
Score of Shelter vs Baseline: 1256 - 1379 - 705  [0.482] 3340
Started game 3353 of 10000 (Shelter vs Baseline)
Finished game 3342 (Baseline vs Shelter): 1/2-1/2 {Draw by 3-fold repetition}
Score of Shelter vs Baseline: 1256 - 1379 - 706  [0.482] 3341
Started game 3354 of 10000 (Baseline vs Shelter)
Finished game 3340 (Baseline vs Shelter): 1-0 {White wins by adjudication}
Score of Shelter vs Baseline: 1256 - 1380 - 706  [0.481] 3342
Started game 3355 of 10000 (Shelter vs Baseline)
Finished game 3336 (Baseline vs Shelter): 0-1 {Black wins by adjudication}
Score of Shelter vs Baseline: 1257 - 1380 - 706  [0.482] 3343
Started game 3356 of 10000 (Baseline vs Shelter)
Finished game 3346 (Baseline vs Shelter): 1-0 {White wins by adjudication}
Score of Shelter vs Baseline: 1257 - 1381 - 706  [0.481] 3344
Started game 3357 of 10000 (Shelter vs Baseline)
Finished game 3345 (Shelter vs Baseline): 1-0 {White wins by adjudication}
Score of Shelter vs Baseline: 1258 - 1381 - 706  [0.482] 3345
Started game 3358 of 10000 (Baseline vs Shelter)
Finished game 3347 (Shelter vs Baseline): 0-1 {Black wins by adjudication}
Score of Shelter vs Baseline: 1258 - 1382 - 706  [0.481] 3346
Started game 3359 of 10000 (Shelter vs Baseline)
Finished game 3348 (Baseline vs Shelter): 1/2-1/2 {Draw by adjudication}
Score of Shelter vs Baseline: 1258 - 1382 - 707  [0.481] 3347
Started game 3360 of 10000 (Baseline vs Shelter)
Finished game 3344 (Baseline vs Shelter): 1-0 {White wins by adjudication}
Score of Shelter vs Baseline: 1258 - 1383 - 707  [0.481] 3348
Started game 3361 of 10000 (Shelter vs Baseline)
Finished game 3350 (Baseline vs Shelter): 0-1 {Black wins by adjudication}
Score of Shelter vs Baseline: 1259 - 1383 - 707  [0.481] 3349
Started game 3362 of 10000 (Baseline vs Shelter)
Finished game 3353 (Shelter vs Baseline): 1-0 {White wins by adjudication}
Score of Shelter vs Baseline: 1260 - 1383 - 707  [0.482] 3350
Started game 3363 of 10000 (Shelter vs Baseline)
Finished game 3349 (Shelter vs Baseline): 1-0 {White wins by adjudication}
Score of Shelter vs Baseline: 1261 - 1383 - 707  [0.482] 3351
Started game 3364 of 10000 (Baseline vs Shelter)
Finished game 3352 (Baseline vs Shelter): 1-0 {White wins by adjudication}
Score of Shelter vs Baseline: 1261 - 1384 - 707  [0.482] 3352
Started game 3365 of 10000 (Shelter vs Baseline)
Finished game 3351 (Shelter vs Baseline): 1-0 {White wins by adjudication}
Score of Shelter vs Baseline: 1262 - 1384 - 707  [0.482] 3353
Started game 3366 of 10000 (Baseline vs Shelter)
Finished game 3354 (Baseline vs Shelter): 1-0 {White wins by adjudication}
Score of Shelter vs Baseline: 1262 - 1385 - 707  [0.482] 3354
Started game 3367 of 10000 (Shelter vs Baseline)
Finished game 3355 (Shelter vs Baseline): 1-0 {White wins by adjudication}
Score of Shelter vs Baseline: 1263 - 1385 - 707  [0.482] 3355
Started game 3368 of 10000 (Baseline vs Shelter)
Finished game 3358 (Baseline vs Shelter): 1/2-1/2 {Draw by 3-fold repetition}
Score of Shelter vs Baseline: 1263 - 1385 - 708  [0.482] 3356
Started game 3369 of 10000 (Shelter vs Baseline)
Finished game 3357 (Shelter vs Baseline): 0-1 {Black wins by adjudication}
Score of Shelter vs Baseline: 1263 - 1386 - 708  [0.482] 3357
Started game 3370 of 10000 (Baseline vs Shelter)
Finished game 3359 (Shelter vs Baseline): 1-0 {White wins by adjudication}
Score of Shelter vs Baseline: 1264 - 1386 - 708  [0.482] 3358
Started game 3371 of 10000 (Shelter vs Baseline)
Finished game 3356 (Baseline vs Shelter): 1/2-1/2 {Draw by 3-fold repetition}
Score of Shelter vs Baseline: 1264 - 1386 - 709  [0.482] 3359
Started game 3372 of 10000 (Baseline vs Shelter)
Finished game 3360 (Baseline vs Shelter): 0-1 {Black wins by adjudication}
Score of Shelter vs Baseline: 1265 - 1386 - 709  [0.482] 3360
Started game 3373 of 10000 (Shelter vs Baseline)
Finished game 3365 (Shelter vs Baseline): 1-0 {White wins by adjudication}
Score of Shelter vs Baseline: 1266 - 1386 - 709  [0.482] 3361
Started game 3374 of 10000 (Baseline vs Shelter)
Finished game 3369 (Shelter vs Baseline): 1/2-1/2 {Draw by insufficient mating material}
Score of Shelter vs Baseline: 1266 - 1386 - 710  [0.482] 3362
Started game 3375 of 10000 (Shelter vs Baseline)
Finished game 3368 (Baseline vs Shelter): 0-1 {Black wins by adjudication}
Score of Shelter vs Baseline: 1267 - 1386 - 710  [0.482] 3363
Started game 3376 of 10000 (Baseline vs Shelter)
Finished game 3370 (Baseline vs Shelter): 1-0 {White wins by adjudication}
Score of Shelter vs Baseline: 1267 - 1387 - 710  [0.482] 3364
Started game 3377 of 10000 (Shelter vs Baseline)
Finished game 3363 (Shelter vs Baseline): 1-0 {White wins by adjudication}
Score of Shelter vs Baseline: 1268 - 1387 - 710  [0.482] 3365
Started game 3378 of 10000 (Baseline vs Shelter)
Finished game 3371 (Shelter vs Baseline): 0-1 {Black wins by adjudication}
Score of Shelter vs Baseline: 1268 - 1388 - 710  [0.482] 3366
Started game 3379 of 10000 (Shelter vs Baseline)
Finished game 3366 (Baseline vs Shelter): 1-0 {White wins by adjudication}
Score of Shelter vs Baseline: 1268 - 1389 - 710  [0.482] 3367
Started game 3380 of 10000 (Baseline vs Shelter)
Finished game 3364 (Baseline vs Shelter): 1-0 {White wins by adjudication}
Score of Shelter vs Baseline: 1268 - 1390 - 710  [0.482] 3368
Started game 3381 of 10000 (Shelter vs Baseline)
Finished game 3367 (Shelter vs Baseline): 0-1 {Black wins by adjudication}
Score of Shelter vs Baseline: 1268 - 1391 - 710  [0.482] 3369
Started game 3382 of 10000 (Baseline vs Shelter)
Finished game 3362 (Baseline vs Shelter): 1/2-1/2 {Draw by fifty moves rule}
Score of Shelter vs Baseline: 1268 - 1391 - 711  [0.482] 3370
Started game 3383 of 10000 (Shelter vs Baseline)
Finished game 3372 (Baseline vs Shelter): 0-1 {Black wins by adjudication}
Score of Shelter vs Baseline: 1269 - 1391 - 711  [0.482] 3371
Started game 3384 of 10000 (Baseline vs Shelter)
Finished game 3361 (Shelter vs Baseline): 1/2-1/2 {Draw by insufficient mating material}
Score of Shelter vs Baseline: 1269 - 1391 - 712  [0.482] 3372
Started game 3385 of 10000 (Shelter vs Baseline)
Finished game 3374 (Baseline vs Shelter): 1-0 {White wins by adjudication}
Score of Shelter vs Baseline: 1269 - 1392 - 712  [0.482] 3373
Started game 3386 of 10000 (Baseline vs Shelter)
Finished game 3376 (Baseline vs Shelter): 1-0 {White wins by adjudication}
Score of Shelter vs Baseline: 1269 - 1393 - 712  [0.482] 3374
Started game 3387 of 10000 (Shelter vs Baseline)
Finished game 3378 (Baseline vs Shelter): 1-0 {White wins by adjudication}
Score of Shelter vs Baseline: 1269 - 1394 - 712  [0.481] 3375
Started game 3388 of 10000 (Baseline vs Shelter)
Finished game 3380 (Baseline vs Shelter): 1-0 {White mates}
Score of Shelter vs Baseline: 1269 - 1395 - 712  [0.481] 3376
Started game 3389 of 10000 (Shelter vs Baseline)
Finished game 3381 (Shelter vs Baseline): 0-1 {Black wins by adjudication}
Score of Shelter vs Baseline: 1269 - 1396 - 712  [0.481] 3377
Started game 3390 of 10000 (Baseline vs Shelter)
Finished game 3382 (Baseline vs Shelter): 1-0 {White wins by adjudication}
Score of Shelter vs Baseline: 1269 - 1397 - 712  [0.481] 3378
Started game 3391 of 10000 (Shelter vs Baseline)
Finished game 3375 (Shelter vs Baseline): 1-0 {White wins by adjudication}
Score of Shelter vs Baseline: 1270 - 1397 - 712  [0.481] 3379
Started game 3392 of 10000 (Baseline vs Shelter)
Finished game 3373 (Shelter vs Baseline): 0-1 {Black wins by adjudication}
Score of Shelter vs Baseline: 1270 - 1398 - 712  [0.481] 3380
Started game 3393 of 10000 (Shelter vs Baseline)
Finished game 3377 (Shelter vs Baseline): 0-1 {Black wins by adjudication}
Score of Shelter vs Baseline: 1270 - 1399 - 712  [0.481] 3381
Started game 3394 of 10000 (Baseline vs Shelter)
Finished game 3379 (Shelter vs Baseline): 1/2-1/2 {Draw by insufficient mating material}
Score of Shelter vs Baseline: 1270 - 1399 - 713  [0.481] 3382
Started game 3395 of 10000 (Shelter vs Baseline)
Finished game 3385 (Shelter vs Baseline): 0-1 {Black wins by adjudication}
Score of Shelter vs Baseline: 1270 - 1400 - 713  [0.481] 3383
Started game 3396 of 10000 (Baseline vs Shelter)
Finished game 3384 (Baseline vs Shelter): 0-1 {Black wins by adjudication}
Score of Shelter vs Baseline: 1271 - 1400 - 713  [0.481] 3384
Started game 3397 of 10000 (Shelter vs Baseline)
Finished game 3386 (Baseline vs Shelter): 0-1 {Black wins by adjudication}
Score of Shelter vs Baseline: 1272 - 1400 - 713  [0.481] 3385
Started game 3398 of 10000 (Baseline vs Shelter)
Finished game 3383 (Shelter vs Baseline): 1/2-1/2 {Draw by adjudication}
Score of Shelter vs Baseline: 1272 - 1400 - 714  [0.481] 3386
Started game 3399 of 10000 (Shelter vs Baseline)
Finished game 3388 (Baseline vs Shelter): 1/2-1/2 {Draw by 3-fold repetition}
Score of Shelter vs Baseline: 1272 - 1400 - 715  [0.481] 3387
Started game 3400 of 10000 (Baseline vs Shelter)
Finished game 3387 (Shelter vs Baseline): 1/2-1/2 {Draw by 3-fold repetition}
Score of Shelter vs Baseline: 1272 - 1400 - 716  [0.481] 3388
Started game 3401 of 10000 (Shelter vs Baseline)
Finished game 3391 (Shelter vs Baseline): 0-1 {Black wins by adjudication}
Score of Shelter vs Baseline: 1272 - 1401 - 716  [0.481] 3389
Started game 3402 of 10000 (Baseline vs Shelter)
Finished game 3392 (Baseline vs Shelter): 1-0 {White wins by adjudication}
Score of Shelter vs Baseline: 1272 - 1402 - 716  [0.481] 3390
Started game 3403 of 10000 (Shelter vs Baseline)
Finished game 3396 (Baseline vs Shelter): 1-0 {White wins by adjudication}
Score of Shelter vs Baseline: 1272 - 1403 - 716  [0.481] 3391
Started game 3404 of 10000 (Baseline vs Shelter)
Finished game 3394 (Baseline vs Shelter): 1/2-1/2 {Draw by insufficient mating material}
Score of Shelter vs Baseline: 1272 - 1403 - 717  [0.481] 3392
Started game 3405 of 10000 (Shelter vs Baseline)
Finished game 3389 (Shelter vs Baseline): 0-1 {Black wins by adjudication}
Score of Shelter vs Baseline: 1272 - 1404 - 717  [0.481] 3393
Started game 3406 of 10000 (Baseline vs Shelter)
Finished game 3398 (Baseline vs Shelter): 1-0 {White wins by adjudication}
Score of Shelter vs Baseline: 1272 - 1405 - 717  [0.480] 3394
Started game 3407 of 10000 (Shelter vs Baseline)
Finished game 3393 (Shelter vs Baseline): 0-1 {Black wins by adjudication}
Score of Shelter vs Baseline: 1272 - 1406 - 717  [0.480] 3395
Started game 3408 of 10000 (Baseline vs Shelter)
Finished game 3395 (Shelter vs Baseline): 1-0 {White wins by adjudication}
Score of Shelter vs Baseline: 1273 - 1406 - 717  [0.480] 3396
Started game 3409 of 10000 (Shelter vs Baseline)
Finished game 3399 (Shelter vs Baseline): 1/2-1/2 {Draw by 3-fold repetition}
Score of Shelter vs Baseline: 1273 - 1406 - 718  [0.480] 3397
Started game 3410 of 10000 (Baseline vs Shelter)
Finished game 3390 (Baseline vs Shelter): 1/2-1/2 {Draw by adjudication}
Score of Shelter vs Baseline: 1273 - 1406 - 719  [0.480] 3398
Started game 3411 of 10000 (Shelter vs Baseline)
Finished game 3397 (Shelter vs Baseline): 1/2-1/2 {Draw by 3-fold repetition}
Score of Shelter vs Baseline: 1273 - 1406 - 720  [0.480] 3399
Started game 3412 of 10000 (Baseline vs Shelter)
Finished game 3402 (Baseline vs Shelter): 1-0 {White wins by adjudication}
Score of Shelter vs Baseline: 1273 - 1407 - 720  [0.480] 3400
Started game 3413 of 10000 (Shelter vs Baseline)
Finished game 3401 (Shelter vs Baseline): 0-1 {Black mates}
Score of Shelter vs Baseline: 1273 - 1408 - 720  [0.480] 3401
Started game 3414 of 10000 (Baseline vs Shelter)
Finished game 3406 (Baseline vs Shelter): 1-0 {White wins by adjudication}
Score of Shelter vs Baseline: 1273 - 1409 - 720  [0.480] 3402
Started game 3415 of 10000 (Shelter vs Baseline)
Finished game 3408 (Baseline vs Shelter): 1-0 {White wins by adjudication}
Score of Shelter vs Baseline: 1273 - 1410 - 720  [0.480] 3403
Finished game 3400 (Baseline vs Shelter): * {No result}
Score of Shelter vs Baseline: 1273 - 1410 - 720  [0.480] 3403
Finished game 3407 (Shelter vs Baseline): * {No result}
Score of Shelter vs Baseline: 1273 - 1410 - 720  [0.480] 3403
Finished game 3412 (Baseline vs Shelter): * {No result}
Score of Shelter vs Baseline: 1273 - 1410 - 720  [0.480] 3403
Finished game 3414 (Baseline vs Shelter): * {No result}
Score of Shelter vs Baseline: 1273 - 1410 - 720  [0.480] 3403
Finished game 3410 (Baseline vs Shelter): * {No result}
Score of Shelter vs Baseline: 1273 - 1410 - 720  [0.480] 3403
Finished game 3409 (Shelter vs Baseline): * {No result}
Score of Shelter vs Baseline: 1273 - 1410 - 720  [0.480] 3403
Finished game 3404 (Baseline vs Shelter): * {No result}
Score of Shelter vs Baseline: 1273 - 1410 - 720  [0.480] 3403
Finished game 3403 (Shelter vs Baseline): * {No result}
Score of Shelter vs Baseline: 1273 - 1410 - 720  [0.480] 3403
Finished game 3413 (Shelter vs Baseline): * {No result}
Score of Shelter vs Baseline: 1273 - 1410 - 720  [0.480] 3403
Finished game 3405 (Shelter vs Baseline): * {No result}
Score of Shelter vs Baseline: 1273 - 1410 - 720  [0.480] 3403
Finished game 3411 (Shelter vs Baseline): * {No result}
Score of Shelter vs Baseline: 1273 - 1410 - 720  [0.480] 3403
Finished game 3415 (Shelter vs Baseline): * {No result}
Score of Shelter vs Baseline: 1273 - 1410 - 720  [0.480] 3403
...      Shelter playing White: 696 - 625 - 380  [0.521] 1701
...      Shelter playing Black: 577 - 785 - 340  [0.439] 1702
...      White vs Black: 1481 - 1202 - 720  [0.541] 3403
Elo difference: -14.0 +/- 10.4, LOS: 0.4 %, DrawRatio: 21.2 %
SPRT: llr -2.95 (-100.2%), lbound -2.94, ubound 2.94 - H0 was accepted

Player: Shelter
   "Draw by 3-fold repetition": 254
   "Draw by adjudication": 169
   "Draw by fifty moves rule": 106
   "Draw by insufficient mating material": 179
   "Draw by stalemate": 12
   "Loss: Black mates": 21
   "Loss: Black wins by adjudication": 604
   "Loss: White mates": 18
   "Loss: White wins by adjudication": 767
   "No result": 12
   "Win: Black mates": 25
   "Win: Black wins by adjudication": 552
   "Win: White mates": 25
   "Win: White wins by adjudication": 671
Player: Baseline
   "Draw by 3-fold repetition": 254
   "Draw by adjudication": 169
   "Draw by fifty moves rule": 106
   "Draw by insufficient mating material": 179
   "Draw by stalemate": 12
   "Loss: Black mates": 25
   "Loss: Black wins by adjudication": 552
   "Loss: White mates": 25
   "Loss: White wins by adjudication": 671
   "No result": 12
   "Win: Black mates": 21
   "Win: Black wins by adjudication": 604
   "Win: White mates": 18
   "Win: White wins by adjudication": 767
Finished match
