Indexing opening suite...
Started game 7 of 10000 (KingSafetyV2 vs Baseline)
Started game 1 of 10000 (KingSafetyV2 vs Baseline)
Started game 13 of 10000 (KingSafetyV2 vs Baseline)
Started game 4 of 10000 (Baseline vs KingSafetyV2)
Started game 8 of 10000 (Baseline vs KingSafetyV2)
Started game 10 of 10000 (Baseline vs KingSafetyV2)
Started game 5 of 10000 (KingSafetyV2 vs Baseline)
Started game 12 of 10000 (Baseline vs KingSafetyV2)
Started game 9 of 10000 (KingSafetyV2 vs Baseline)
Started game 2 of 10000 (Baseline vs KingSafetyV2)
Started game 3 of 10000 (KingSafetyV2 vs Baseline)
Started game 6 of 10000 (Baseline vs KingSafetyV2)
Started game 11 of 10000 (KingSafetyV2 vs Baseline)
Finished game 9 (KingSafetyV2 vs Baseline): 1/2-1/2 {Draw by 3-fold repetition}
Score of KingSafetyV2 vs Baseline: 0 - 0 - 1  [0.500] 1
Started game 14 of 10000 (Baseline vs KingSafetyV2)
Finished game 6 (Baseline vs KingSafetyV2): 1-0 {White wins by adjudication}
Score of KingSafetyV2 vs Baseline: 0 - 1 - 1  [0.250] 2
Started game 15 of 10000 (KingSafetyV2 vs Baseline)
Finished game 4 (Baseline vs KingSafetyV2): 0-1 {Black wins by adjudication}
Score of KingSafetyV2 vs Baseline: 1 - 1 - 1  [0.500] 3
Started game 16 of 10000 (Baseline vs KingSafetyV2)
Finished game 10 (Baseline vs KingSafetyV2): 1-0 {White wins by adjudication}
Score of KingSafetyV2 vs Baseline: 1 - 2 - 1  [0.375] 4
Started game 17 of 10000 (KingSafetyV2 vs Baseline)
Finished game 1 (KingSafetyV2 vs Baseline): 0-1 {Black wins by adjudication}
Score of KingSafetyV2 vs Baseline: 1 - 3 - 1  [0.300] 5
Started game 18 of 10000 (Baseline vs KingSafetyV2)
Finished game 7 (KingSafetyV2 vs Baseline): 0-1 {Black wins by adjudication}
Score of KingSafetyV2 vs Baseline: 1 - 4 - 1  [0.250] 6
Started game 19 of 10000 (KingSafetyV2 vs Baseline)
Finished game 2 (Baseline vs KingSafetyV2): 0-1 {Black wins by adjudication}
Score of KingSafetyV2 vs Baseline: 2 - 4 - 1  [0.357] 7
Started game 20 of 10000 (Baseline vs KingSafetyV2)
Finished game 13 (KingSafetyV2 vs Baseline): 1-0 {White wins by adjudication}
Score of KingSafetyV2 vs Baseline: 3 - 4 - 1  [0.438] 8
Started game 21 of 10000 (KingSafetyV2 vs Baseline)
Finished game 5 (KingSafetyV2 vs Baseline): 1/2-1/2 {Draw by insufficient mating material}
Score of KingSafetyV2 vs Baseline: 3 - 4 - 2  [0.444] 9
Started game 22 of 10000 (Baseline vs KingSafetyV2)
Finished game 11 (KingSafetyV2 vs Baseline): 1-0 {White wins by adjudication}
Score of KingSafetyV2 vs Baseline: 4 - 4 - 2  [0.500] 10
Started game 23 of 10000 (KingSafetyV2 vs Baseline)
Finished game 12 (Baseline vs KingSafetyV2): 1/2-1/2 {Draw by insufficient mating material}
Score of KingSafetyV2 vs Baseline: 4 - 4 - 3  [0.500] 11
Started game 24 of 10000 (Baseline vs KingSafetyV2)
Finished game 3 (KingSafetyV2 vs Baseline): 0-1 {Black wins by adjudication}
Score of KingSafetyV2 vs Baseline: 4 - 5 - 3  [0.458] 12
Started game 25 of 10000 (KingSafetyV2 vs Baseline)
Finished game 8 (Baseline vs KingSafetyV2): 1/2-1/2 {Draw by adjudication}
Score of KingSafetyV2 vs Baseline: 4 - 5 - 4  [0.462] 13
Started game 26 of 10000 (Baseline vs KingSafetyV2)
Finished game 18 (Baseline vs KingSafetyV2): 1/2-1/2 {Draw by 3-fold repetition}
Score of KingSafetyV2 vs Baseline: 4 - 5 - 5  [0.464] 14
Started game 27 of 10000 (KingSafetyV2 vs Baseline)
Finished game 22 (Baseline vs KingSafetyV2): 1/2-1/2 {Draw by 3-fold repetition}
Score of KingSafetyV2 vs Baseline: 4 - 5 - 6  [0.467] 15
Started game 28 of 10000 (Baseline vs KingSafetyV2)
Finished game 15 (KingSafetyV2 vs Baseline): 1-0 {White wins by adjudication}
Score of KingSafetyV2 vs Baseline: 5 - 5 - 6  [0.500] 16
Started game 29 of 10000 (KingSafetyV2 vs Baseline)
Finished game 24 (Baseline vs KingSafetyV2): 1-0 {White wins by adjudication}
Score of KingSafetyV2 vs Baseline: 5 - 6 - 6  [0.471] 17
Started game 30 of 10000 (Baseline vs KingSafetyV2)
Finished game 14 (Baseline vs KingSafetyV2): 1/2-1/2 {Draw by 3-fold repetition}
Score of KingSafetyV2 vs Baseline: 5 - 6 - 7  [0.472] 18
Started game 31 of 10000 (KingSafetyV2 vs Baseline)
Finished game 16 (Baseline vs KingSafetyV2): 1-0 {White wins by adjudication}
Score of KingSafetyV2 vs Baseline: 5 - 7 - 7  [0.447] 19
Started game 32 of 10000 (Baseline vs KingSafetyV2)
Finished game 17 (KingSafetyV2 vs Baseline): 0-1 {Black wins by adjudication}
Score of KingSafetyV2 vs Baseline: 5 - 8 - 7  [0.425] 20
Started game 33 of 10000 (KingSafetyV2 vs Baseline)
Finished game 20 (Baseline vs KingSafetyV2): 1/2-1/2 {Draw by insufficient mating material}
Score of KingSafetyV2 vs Baseline: 5 - 8 - 8  [0.429] 21
Started game 34 of 10000 (Baseline vs KingSafetyV2)
Finished game 23 (KingSafetyV2 vs Baseline): 1-0 {White wins by adjudication}
Score of KingSafetyV2 vs Baseline: 6 - 8 - 8  [0.455] 22
Started game 35 of 10000 (KingSafetyV2 vs Baseline)
Finished game 27 (KingSafetyV2 vs Baseline): 1-0 {White wins by adjudication}
Score of KingSafetyV2 vs Baseline: 7 - 8 - 8  [0.478] 23
Started game 36 of 10000 (Baseline vs KingSafetyV2)
Finished game 26 (Baseline vs KingSafetyV2): 1/2-1/2 {Draw by 3-fold repetition}
Score of KingSafetyV2 vs Baseline: 7 - 8 - 9  [0.479] 24
Started game 37 of 10000 (KingSafetyV2 vs Baseline)
Finished game 28 (Baseline vs KingSafetyV2): 1/2-1/2 {Draw by 3-fold repetition}
Score of KingSafetyV2 vs Baseline: 7 - 8 - 10  [0.480] 25
Started game 38 of 10000 (Baseline vs KingSafetyV2)
Finished game 25 (KingSafetyV2 vs Baseline): 0-1 {Black wins by adjudication}
Score of KingSafetyV2 vs Baseline: 7 - 9 - 10  [0.462] 26
Started game 39 of 10000 (KingSafetyV2 vs Baseline)
Finished game 19 (KingSafetyV2 vs Baseline): 1-0 {White wins by adjudication}
Score of KingSafetyV2 vs Baseline: 8 - 9 - 10  [0.481] 27
Started game 40 of 10000 (Baseline vs KingSafetyV2)
Finished game 30 (Baseline vs KingSafetyV2): 1/2-1/2 {Draw by adjudication}
Score of KingSafetyV2 vs Baseline: 8 - 9 - 11  [0.482] 28
Started game 41 of 10000 (KingSafetyV2 vs Baseline)
Finished game 29 (KingSafetyV2 vs Baseline): 0-1 {Black wins by adjudication}
Score of KingSafetyV2 vs Baseline: 8 - 10 - 11  [0.466] 29
Started game 42 of 10000 (Baseline vs KingSafetyV2)
Finished game 41 (KingSafetyV2 vs Baseline): 1-0 {White mates}
Score of KingSafetyV2 vs Baseline: 9 - 10 - 11  [0.483] 30
Started game 43 of 10000 (KingSafetyV2 vs Baseline)
Finished game 42 (Baseline vs KingSafetyV2): 1-0 {White mates}
Score of KingSafetyV2 vs Baseline: 9 - 11 - 11  [0.468] 31
Started game 44 of 10000 (Baseline vs KingSafetyV2)
Finished game 31 (KingSafetyV2 vs Baseline): 1-0 {White wins by adjudication}
Score of KingSafetyV2 vs Baseline: 10 - 11 - 11  [0.484] 32
Started game 45 of 10000 (KingSafetyV2 vs Baseline)
Finished game 32 (Baseline vs KingSafetyV2): 1-0 {White wins by adjudication}
Score of KingSafetyV2 vs Baseline: 10 - 12 - 11  [0.470] 33
Started game 46 of 10000 (Baseline vs KingSafetyV2)
Finished game 39 (KingSafetyV2 vs Baseline): 1/2-1/2 {Draw by 3-fold repetition}
Score of KingSafetyV2 vs Baseline: 10 - 12 - 12  [0.471] 34
Started game 47 of 10000 (KingSafetyV2 vs Baseline)
Finished game 21 (KingSafetyV2 vs Baseline): 1/2-1/2 {Draw by insufficient mating material}
Score of KingSafetyV2 vs Baseline: 10 - 12 - 13  [0.471] 35
Started game 48 of 10000 (Baseline vs KingSafetyV2)
Finished game 38 (Baseline vs KingSafetyV2): 1-0 {White wins by adjudication}
Score of KingSafetyV2 vs Baseline: 10 - 13 - 13  [0.458] 36
Started game 49 of 10000 (KingSafetyV2 vs Baseline)
Finished game 36 (Baseline vs KingSafetyV2): 0-1 {Black wins by adjudication}
Score of KingSafetyV2 vs Baseline: 11 - 13 - 13  [0.473] 37
Started game 50 of 10000 (Baseline vs KingSafetyV2)
Finished game 35 (KingSafetyV2 vs Baseline): 1-0 {White wins by adjudication}
Score of KingSafetyV2 vs Baseline: 12 - 13 - 13  [0.487] 38
Started game 51 of 10000 (KingSafetyV2 vs Baseline)
Finished game 37 (KingSafetyV2 vs Baseline): 0-1 {Black wins by adjudication}
Score of KingSafetyV2 vs Baseline: 12 - 14 - 13  [0.474] 39
Started game 52 of 10000 (Baseline vs KingSafetyV2)
Finished game 33 (KingSafetyV2 vs Baseline): 1-0 {White wins by adjudication}
Score of KingSafetyV2 vs Baseline: 13 - 14 - 13  [0.487] 40
Started game 53 of 10000 (KingSafetyV2 vs Baseline)
Finished game 43 (KingSafetyV2 vs Baseline): 0-1 {Black wins by adjudication}
Score of KingSafetyV2 vs Baseline: 13 - 15 - 13  [0.476] 41
Started game 54 of 10000 (Baseline vs KingSafetyV2)
Finished game 40 (Baseline vs KingSafetyV2): 1/2-1/2 {Draw by adjudication}
Score of KingSafetyV2 vs Baseline: 13 - 15 - 14  [0.476] 42
Started game 55 of 10000 (KingSafetyV2 vs Baseline)
Finished game 46 (Baseline vs KingSafetyV2): 1/2-1/2 {Draw by 3-fold repetition}
Score of KingSafetyV2 vs Baseline: 13 - 15 - 15  [0.477] 43
Started game 56 of 10000 (Baseline vs KingSafetyV2)
Finished game 44 (Baseline vs KingSafetyV2): 0-1 {Black wins by adjudication}
Score of KingSafetyV2 vs Baseline: 14 - 15 - 15  [0.489] 44
Started game 57 of 10000 (KingSafetyV2 vs Baseline)
Finished game 45 (KingSafetyV2 vs Baseline): 1/2-1/2 {Draw by adjudication}
Score of KingSafetyV2 vs Baseline: 14 - 15 - 16  [0.489] 45
Started game 58 of 10000 (Baseline vs KingSafetyV2)
Finished game 34 (Baseline vs KingSafetyV2): 1/2-1/2 {Draw by fifty moves rule}
Score of KingSafetyV2 vs Baseline: 14 - 15 - 17  [0.489] 46
Started game 59 of 10000 (KingSafetyV2 vs Baseline)
Finished game 47 (KingSafetyV2 vs Baseline): 1/2-1/2 {Draw by 3-fold repetition}
Score of KingSafetyV2 vs Baseline: 14 - 15 - 18  [0.489] 47
Started game 60 of 10000 (Baseline vs KingSafetyV2)
Finished game 52 (Baseline vs KingSafetyV2): 1-0 {White wins by adjudication}
Score of KingSafetyV2 vs Baseline: 14 - 16 - 18  [0.479] 48
Started game 61 of 10000 (KingSafetyV2 vs Baseline)
Finished game 50 (Baseline vs KingSafetyV2): 0-1 {Black wins by adjudication}
Score of KingSafetyV2 vs Baseline: 15 - 16 - 18  [0.490] 49
Started game 62 of 10000 (Baseline vs KingSafetyV2)
Finished game 48 (Baseline vs KingSafetyV2): 0-1 {Black wins by adjudication}
Score of KingSafetyV2 vs Baseline: 16 - 16 - 18  [0.500] 50
Started game 63 of 10000 (KingSafetyV2 vs Baseline)
Finished game 59 (KingSafetyV2 vs Baseline): 1/2-1/2 {Draw by 3-fold repetition}
Score of KingSafetyV2 vs Baseline: 16 - 16 - 19  [0.500] 51
Started game 64 of 10000 (Baseline vs KingSafetyV2)
Finished game 51 (KingSafetyV2 vs Baseline): 1/2-1/2 {Draw by insufficient mating material}
Score of KingSafetyV2 vs Baseline: 16 - 16 - 20  [0.500] 52
Started game 65 of 10000 (KingSafetyV2 vs Baseline)
Finished game 55 (KingSafetyV2 vs Baseline): 1/2-1/2 {Draw by 3-fold repetition}
Score of KingSafetyV2 vs Baseline: 16 - 16 - 21  [0.500] 53
Started game 66 of 10000 (Baseline vs KingSafetyV2)
Finished game 60 (Baseline vs KingSafetyV2): 1-0 {White wins by adjudication}
Score of KingSafetyV2 vs Baseline: 16 - 17 - 21  [0.491] 54
Started game 67 of 10000 (KingSafetyV2 vs Baseline)
Finished game 58 (Baseline vs KingSafetyV2): 1-0 {White wins by adjudication}
Score of KingSafetyV2 vs Baseline: 16 - 18 - 21  [0.482] 55
Started game 68 of 10000 (Baseline vs KingSafetyV2)
Finished game 56 (Baseline vs KingSafetyV2): 0-1 {Black wins by adjudication}
Score of KingSafetyV2 vs Baseline: 17 - 18 - 21  [0.491] 56
Started game 69 of 10000 (KingSafetyV2 vs Baseline)
Finished game 49 (KingSafetyV2 vs Baseline): 1/2-1/2 {Draw by fifty moves rule}
Score of KingSafetyV2 vs Baseline: 17 - 18 - 22  [0.491] 57
Started game 70 of 10000 (Baseline vs KingSafetyV2)
Finished game 57 (KingSafetyV2 vs Baseline): 1/2-1/2 {Draw by 3-fold repetition}
Score of KingSafetyV2 vs Baseline: 17 - 18 - 23  [0.491] 58
Started game 71 of 10000 (KingSafetyV2 vs Baseline)
Finished game 54 (Baseline vs KingSafetyV2): 1/2-1/2 {Draw by fifty moves rule}
Score of KingSafetyV2 vs Baseline: 17 - 18 - 24  [0.492] 59
Started game 72 of 10000 (Baseline vs KingSafetyV2)
Finished game 61 (KingSafetyV2 vs Baseline): 1/2-1/2 {Draw by 3-fold repetition}
Score of KingSafetyV2 vs Baseline: 17 - 18 - 25  [0.492] 60
Started game 73 of 10000 (KingSafetyV2 vs Baseline)
Finished game 64 (Baseline vs KingSafetyV2): 1/2-1/2 {Draw by 3-fold repetition}
Score of KingSafetyV2 vs Baseline: 17 - 18 - 26  [0.492] 61
Started game 74 of 10000 (Baseline vs KingSafetyV2)
Finished game 66 (Baseline vs KingSafetyV2): 1-0 {White wins by adjudication}
Score of KingSafetyV2 vs Baseline: 17 - 19 - 26  [0.484] 62
Started game 75 of 10000 (KingSafetyV2 vs Baseline)
Finished game 53 (KingSafetyV2 vs Baseline): 1/2-1/2 {Draw by fifty moves rule}
Score of KingSafetyV2 vs Baseline: 17 - 19 - 27  [0.484] 63
Started game 76 of 10000 (Baseline vs KingSafetyV2)
Finished game 62 (Baseline vs KingSafetyV2): 1-0 {White wins by adjudication}
Score of KingSafetyV2 vs Baseline: 17 - 20 - 27  [0.477] 64
Started game 77 of 10000 (KingSafetyV2 vs Baseline)
Finished game 70 (Baseline vs KingSafetyV2): 1/2-1/2 {Draw by 3-fold repetition}
Score of KingSafetyV2 vs Baseline: 17 - 20 - 28  [0.477] 65
Started game 78 of 10000 (Baseline vs KingSafetyV2)
Finished game 65 (KingSafetyV2 vs Baseline): 1/2-1/2 {Draw by adjudication}
Score of KingSafetyV2 vs Baseline: 17 - 20 - 29  [0.477] 66
Started game 79 of 10000 (KingSafetyV2 vs Baseline)
Finished game 69 (KingSafetyV2 vs Baseline): 1-0 {White wins by adjudication}
Score of KingSafetyV2 vs Baseline: 18 - 20 - 29  [0.485] 67
Started game 80 of 10000 (Baseline vs KingSafetyV2)
Finished game 63 (KingSafetyV2 vs Baseline): 1/2-1/2 {Draw by fifty moves rule}
Score of KingSafetyV2 vs Baseline: 18 - 20 - 30  [0.485] 68
Started game 81 of 10000 (KingSafetyV2 vs Baseline)
Finished game 72 (Baseline vs KingSafetyV2): 0-1 {Black wins by adjudication}
Score of KingSafetyV2 vs Baseline: 19 - 20 - 30  [0.493] 69
Started game 82 of 10000 (Baseline vs KingSafetyV2)
Finished game 71 (KingSafetyV2 vs Baseline): 0-1 {Black wins by adjudication}
Score of KingSafetyV2 vs Baseline: 19 - 21 - 30  [0.486] 70
Started game 83 of 10000 (KingSafetyV2 vs Baseline)
Finished game 73 (KingSafetyV2 vs Baseline): 1/2-1/2 {Draw by 3-fold repetition}
Score of KingSafetyV2 vs Baseline: 19 - 21 - 31  [0.486] 71
Started game 84 of 10000 (Baseline vs KingSafetyV2)
Finished game 68 (Baseline vs KingSafetyV2): 0-1 {Black wins by adjudication}
Score of KingSafetyV2 vs Baseline: 20 - 21 - 31  [0.493] 72
Started game 85 of 10000 (KingSafetyV2 vs Baseline)
Finished game 77 (KingSafetyV2 vs Baseline): 1-0 {White wins by adjudication}
Score of KingSafetyV2 vs Baseline: 21 - 21 - 31  [0.500] 73
Started game 86 of 10000 (Baseline vs KingSafetyV2)
Finished game 74 (Baseline vs KingSafetyV2): 0-1 {Black mates}
Score of KingSafetyV2 vs Baseline: 22 - 21 - 31  [0.507] 74
Started game 87 of 10000 (KingSafetyV2 vs Baseline)
Finished game 67 (KingSafetyV2 vs Baseline): 1/2-1/2 {Draw by fifty moves rule}
Score of KingSafetyV2 vs Baseline: 22 - 21 - 32  [0.507] 75
Started game 88 of 10000 (Baseline vs KingSafetyV2)
Finished game 76 (Baseline vs KingSafetyV2): 1-0 {White wins by adjudication}
Score of KingSafetyV2 vs Baseline: 22 - 22 - 32  [0.500] 76
Started game 89 of 10000 (KingSafetyV2 vs Baseline)
Finished game 78 (Baseline vs KingSafetyV2): 1-0 {White wins by adjudication}
Score of KingSafetyV2 vs Baseline: 22 - 23 - 32  [0.494] 77
Started game 90 of 10000 (Baseline vs KingSafetyV2)
Finished game 79 (KingSafetyV2 vs Baseline): 1-0 {White wins by adjudication}
Score of KingSafetyV2 vs Baseline: 23 - 23 - 32  [0.500] 78
Started game 91 of 10000 (KingSafetyV2 vs Baseline)
Finished game 75 (KingSafetyV2 vs Baseline): 1-0 {White wins by adjudication}
Score of KingSafetyV2 vs Baseline: 24 - 23 - 32  [0.506] 79
Started game 92 of 10000 (Baseline vs KingSafetyV2)
Finished game 80 (Baseline vs KingSafetyV2): 0-1 {Black wins by adjudication}
Score of KingSafetyV2 vs Baseline: 25 - 23 - 32  [0.512] 80
Started game 93 of 10000 (KingSafetyV2 vs Baseline)
Finished game 82 (Baseline vs KingSafetyV2): 1-0 {White wins by adjudication}
Score of KingSafetyV2 vs Baseline: 25 - 24 - 32  [0.506] 81
Started game 94 of 10000 (Baseline vs KingSafetyV2)
Finished game 86 (Baseline vs KingSafetyV2): 0-1 {Black wins by adjudication}
Score of KingSafetyV2 vs Baseline: 26 - 24 - 32  [0.512] 82
Started game 95 of 10000 (KingSafetyV2 vs Baseline)
Finished game 85 (KingSafetyV2 vs Baseline): 0-1 {Black wins by adjudication}
Score of KingSafetyV2 vs Baseline: 26 - 25 - 32  [0.506] 83
Started game 96 of 10000 (Baseline vs KingSafetyV2)
Finished game 81 (KingSafetyV2 vs Baseline): 1-0 {White wins by adjudication}
Score of KingSafetyV2 vs Baseline: 27 - 25 - 32  [0.512] 84
Started game 97 of 10000 (KingSafetyV2 vs Baseline)
Finished game 83 (KingSafetyV2 vs Baseline): 0-1 {Black wins by adjudication}
Score of KingSafetyV2 vs Baseline: 27 - 26 - 32  [0.506] 85
Started game 98 of 10000 (Baseline vs KingSafetyV2)
Finished game 87 (KingSafetyV2 vs Baseline): 0-1 {Black wins by adjudication}
Score of KingSafetyV2 vs Baseline: 27 - 27 - 32  [0.500] 86
Started game 99 of 10000 (KingSafetyV2 vs Baseline)
Finished game 84 (Baseline vs KingSafetyV2): 1/2-1/2 {Draw by adjudication}
Score of KingSafetyV2 vs Baseline: 27 - 27 - 33  [0.500] 87
Started game 100 of 10000 (Baseline vs KingSafetyV2)
Finished game 88 (Baseline vs KingSafetyV2): 1/2-1/2 {Draw by insufficient mating material}
Score of KingSafetyV2 vs Baseline: 27 - 27 - 34  [0.500] 88
Started game 101 of 10000 (KingSafetyV2 vs Baseline)
Finished game 92 (Baseline vs KingSafetyV2): 1/2-1/2 {Draw by 3-fold repetition}
Score of KingSafetyV2 vs Baseline: 27 - 27 - 35  [0.500] 89
Started game 102 of 10000 (Baseline vs KingSafetyV2)
Finished game 93 (KingSafetyV2 vs Baseline): 1/2-1/2 {Draw by 3-fold repetition}
Score of KingSafetyV2 vs Baseline: 27 - 27 - 36  [0.500] 90
Started game 103 of 10000 (KingSafetyV2 vs Baseline)
Finished game 91 (KingSafetyV2 vs Baseline): 1/2-1/2 {Draw by 3-fold repetition}
Score of KingSafetyV2 vs Baseline: 27 - 27 - 37  [0.500] 91
Started game 104 of 10000 (Baseline vs KingSafetyV2)
Finished game 89 (KingSafetyV2 vs Baseline): 1-0 {White wins by adjudication}
Score of KingSafetyV2 vs Baseline: 28 - 27 - 37  [0.505] 92
Started game 105 of 10000 (KingSafetyV2 vs Baseline)
Finished game 90 (Baseline vs KingSafetyV2): 0-1 {Black wins by adjudication}
Score of KingSafetyV2 vs Baseline: 29 - 27 - 37  [0.511] 93
Started game 106 of 10000 (Baseline vs KingSafetyV2)
Finished game 97 (KingSafetyV2 vs Baseline): 1-0 {White wins by adjudication}
Score of KingSafetyV2 vs Baseline: 30 - 27 - 37  [0.516] 94
Started game 107 of 10000 (KingSafetyV2 vs Baseline)
Finished game 95 (KingSafetyV2 vs Baseline): 1-0 {White wins by adjudication}
Score of KingSafetyV2 vs Baseline: 31 - 27 - 37  [0.521] 95
Started game 108 of 10000 (Baseline vs KingSafetyV2)
Finished game 94 (Baseline vs KingSafetyV2): 1/2-1/2 {Draw by insufficient mating material}
Score of KingSafetyV2 vs Baseline: 31 - 27 - 38  [0.521] 96
Started game 109 of 10000 (KingSafetyV2 vs Baseline)
Finished game 98 (Baseline vs KingSafetyV2): 0-1 {Black wins by adjudication}
Score of KingSafetyV2 vs Baseline: 32 - 27 - 38  [0.526] 97
Started game 110 of 10000 (Baseline vs KingSafetyV2)
Finished game 100 (Baseline vs KingSafetyV2): 0-1 {Black wins by adjudication}
Score of KingSafetyV2 vs Baseline: 33 - 27 - 38  [0.531] 98
Started game 111 of 10000 (KingSafetyV2 vs Baseline)
Finished game 96 (Baseline vs KingSafetyV2): 1-0 {White wins by adjudication}
Score of KingSafetyV2 vs Baseline: 33 - 28 - 38  [0.525] 99
Started game 112 of 10000 (Baseline vs KingSafetyV2)
Finished game 102 (Baseline vs KingSafetyV2): 1-0 {White wins by adjudication}
Score of KingSafetyV2 vs Baseline: 33 - 29 - 38  [0.520] 100
Started game 113 of 10000 (KingSafetyV2 vs Baseline)
Finished game 103 (KingSafetyV2 vs Baseline): 1-0 {White wins by adjudication}
Score of KingSafetyV2 vs Baseline: 34 - 29 - 38  [0.525] 101
Started game 114 of 10000 (Baseline vs KingSafetyV2)
Finished game 99 (KingSafetyV2 vs Baseline): 1-0 {White wins by adjudication}
Score of KingSafetyV2 vs Baseline: 35 - 29 - 38  [0.529] 102
Started game 115 of 10000 (KingSafetyV2 vs Baseline)
Finished game 104 (Baseline vs KingSafetyV2): 0-1 {Black wins by adjudication}
Score of KingSafetyV2 vs Baseline: 36 - 29 - 38  [0.534] 103
Started game 116 of 10000 (Baseline vs KingSafetyV2)
Finished game 105 (KingSafetyV2 vs Baseline): 1-0 {White wins by adjudication}
Score of KingSafetyV2 vs Baseline: 37 - 29 - 38  [0.538] 104
Started game 117 of 10000 (KingSafetyV2 vs Baseline)
Finished game 101 (KingSafetyV2 vs Baseline): 1/2-1/2 {Draw by 3-fold repetition}
Score of KingSafetyV2 vs Baseline: 37 - 29 - 39  [0.538] 105
Started game 118 of 10000 (Baseline vs KingSafetyV2)
Finished game 106 (Baseline vs KingSafetyV2): 1-0 {White wins by adjudication}
Score of KingSafetyV2 vs Baseline: 37 - 30 - 39  [0.533] 106
Started game 119 of 10000 (KingSafetyV2 vs Baseline)
Finished game 110 (Baseline vs KingSafetyV2): 1/2-1/2 {Draw by 3-fold repetition}
Score of KingSafetyV2 vs Baseline: 37 - 30 - 40  [0.533] 107
Started game 120 of 10000 (Baseline vs KingSafetyV2)
Finished game 112 (Baseline vs KingSafetyV2): 1/2-1/2 {Draw by 3-fold repetition}
Score of KingSafetyV2 vs Baseline: 37 - 30 - 41  [0.532] 108
Started game 121 of 10000 (KingSafetyV2 vs Baseline)
Finished game 107 (KingSafetyV2 vs Baseline): 1-0 {White wins by adjudication}
Score of KingSafetyV2 vs Baseline: 38 - 30 - 41  [0.537] 109
Started game 122 of 10000 (Baseline vs KingSafetyV2)
Finished game 108 (Baseline vs KingSafetyV2): 1-0 {White wins by adjudication}
Score of KingSafetyV2 vs Baseline: 38 - 31 - 41  [0.532] 110
Started game 123 of 10000 (KingSafetyV2 vs Baseline)
Finished game 114 (Baseline vs KingSafetyV2): 1-0 {White wins by adjudication}
Score of KingSafetyV2 vs Baseline: 38 - 32 - 41  [0.527] 111
Started game 124 of 10000 (Baseline vs KingSafetyV2)
Finished game 111 (KingSafetyV2 vs Baseline): 0-1 {Black wins by adjudication}
Score of KingSafetyV2 vs Baseline: 38 - 33 - 41  [0.522] 112
Started game 125 of 10000 (KingSafetyV2 vs Baseline)
Finished game 113 (KingSafetyV2 vs Baseline): 1/2-1/2 {Draw by 3-fold repetition}
Score of KingSafetyV2 vs Baseline: 38 - 33 - 42  [0.522] 113
Started game 126 of 10000 (Baseline vs KingSafetyV2)
Finished game 115 (KingSafetyV2 vs Baseline): 1-0 {White wins by adjudication}
Score of KingSafetyV2 vs Baseline: 39 - 33 - 42  [0.526] 114
Started game 127 of 10000 (KingSafetyV2 vs Baseline)
Finished game 109 (KingSafetyV2 vs Baseline): 0-1 {Black wins by adjudication}
Score of KingSafetyV2 vs Baseline: 39 - 34 - 42  [0.522] 115
Started game 128 of 10000 (Baseline vs KingSafetyV2)
Finished game 116 (Baseline vs KingSafetyV2): 1/2-1/2 {Draw by 3-fold repetition}
Score of KingSafetyV2 vs Baseline: 39 - 34 - 43  [0.522] 116
Started game 129 of 10000 (KingSafetyV2 vs Baseline)
Finished game 122 (Baseline vs KingSafetyV2): 0-1 {Black wins by adjudication}
Score of KingSafetyV2 vs Baseline: 40 - 34 - 43  [0.526] 117
Started game 130 of 10000 (Baseline vs KingSafetyV2)
Finished game 117 (KingSafetyV2 vs Baseline): 1/2-1/2 {Draw by 3-fold repetition}
Score of KingSafetyV2 vs Baseline: 40 - 34 - 44  [0.525] 118
Started game 131 of 10000 (KingSafetyV2 vs Baseline)
Finished game 118 (Baseline vs KingSafetyV2): 1-0 {White wins by adjudication}
Score of KingSafetyV2 vs Baseline: 40 - 35 - 44  [0.521] 119
Started game 132 of 10000 (Baseline vs KingSafetyV2)
Finished game 119 (KingSafetyV2 vs Baseline): 1/2-1/2 {Draw by insufficient mating material}
Score of KingSafetyV2 vs Baseline: 40 - 35 - 45  [0.521] 120
Started game 133 of 10000 (KingSafetyV2 vs Baseline)
Finished game 125 (KingSafetyV2 vs Baseline): 0-1 {Black wins by adjudication}
Score of KingSafetyV2 vs Baseline: 40 - 36 - 45  [0.517] 121
Started game 134 of 10000 (Baseline vs KingSafetyV2)
Finished game 121 (KingSafetyV2 vs Baseline): 0-1 {Black wins by adjudication}
Score of KingSafetyV2 vs Baseline: 40 - 37 - 45  [0.512] 122
Started game 135 of 10000 (KingSafetyV2 vs Baseline)
Finished game 124 (Baseline vs KingSafetyV2): 1/2-1/2 {Draw by 3-fold repetition}
Score of KingSafetyV2 vs Baseline: 40 - 37 - 46  [0.512] 123
Started game 136 of 10000 (Baseline vs KingSafetyV2)
Finished game 123 (KingSafetyV2 vs Baseline): 0-1 {Black wins by adjudication}
Score of KingSafetyV2 vs Baseline: 40 - 38 - 46  [0.508] 124
Started game 137 of 10000 (KingSafetyV2 vs Baseline)
Finished game 128 (Baseline vs KingSafetyV2): 0-1 {Black wins by adjudication}
Score of KingSafetyV2 vs Baseline: 41 - 38 - 46  [0.512] 125
Started game 138 of 10000 (Baseline vs KingSafetyV2)
Finished game 127 (KingSafetyV2 vs Baseline): 1-0 {White wins by adjudication}
Score of KingSafetyV2 vs Baseline: 42 - 38 - 46  [0.516] 126
Started game 139 of 10000 (KingSafetyV2 vs Baseline)
Finished game 120 (Baseline vs KingSafetyV2): 1/2-1/2 {Draw by fifty moves rule}
Score of KingSafetyV2 vs Baseline: 42 - 38 - 47  [0.516] 127
Started game 140 of 10000 (Baseline vs KingSafetyV2)
Finished game 126 (Baseline vs KingSafetyV2): 1-0 {White wins by adjudication}
Score of KingSafetyV2 vs Baseline: 42 - 39 - 47  [0.512] 128
Started game 141 of 10000 (KingSafetyV2 vs Baseline)
Finished game 129 (KingSafetyV2 vs Baseline): 1/2-1/2 {Draw by adjudication}
Score of KingSafetyV2 vs Baseline: 42 - 39 - 48  [0.512] 129
Started game 142 of 10000 (Baseline vs KingSafetyV2)
Finished game 133 (KingSafetyV2 vs Baseline): 0-1 {Black wins by adjudication}
Score of KingSafetyV2 vs Baseline: 42 - 40 - 48  [0.508] 130
Started game 143 of 10000 (KingSafetyV2 vs Baseline)
Finished game 132 (Baseline vs KingSafetyV2): 1-0 {White mates}
Score of KingSafetyV2 vs Baseline: 42 - 41 - 48  [0.504] 131
Started game 144 of 10000 (Baseline vs KingSafetyV2)
Finished game 130 (Baseline vs KingSafetyV2): 1/2-1/2 {Draw by adjudication}
Score of KingSafetyV2 vs Baseline: 42 - 41 - 49  [0.504] 132
Started game 145 of 10000 (KingSafetyV2 vs Baseline)
Finished game 134 (Baseline vs KingSafetyV2): 1/2-1/2 {Draw by 3-fold repetition}
Score of KingSafetyV2 vs Baseline: 42 - 41 - 50  [0.504] 133
Started game 146 of 10000 (Baseline vs KingSafetyV2)
Finished game 136 (Baseline vs KingSafetyV2): 1-0 {White wins by adjudication}
Score of KingSafetyV2 vs Baseline: 42 - 42 - 50  [0.500] 134
Started game 147 of 10000 (KingSafetyV2 vs Baseline)
Finished game 131 (KingSafetyV2 vs Baseline): 1/2-1/2 {Draw by 3-fold repetition}
Score of KingSafetyV2 vs Baseline: 42 - 42 - 51  [0.500] 135
Started game 148 of 10000 (Baseline vs KingSafetyV2)
Finished game 138 (Baseline vs KingSafetyV2): 1-0 {White wins by adjudication}
Score of KingSafetyV2 vs Baseline: 42 - 43 - 51  [0.496] 136
Started game 149 of 10000 (KingSafetyV2 vs Baseline)
Finished game 135 (KingSafetyV2 vs Baseline): 0-1 {Black mates}
Score of KingSafetyV2 vs Baseline: 42 - 44 - 51  [0.493] 137
Started game 150 of 10000 (Baseline vs KingSafetyV2)
Finished game 137 (KingSafetyV2 vs Baseline): 0-1 {Black wins by adjudication}
Score of KingSafetyV2 vs Baseline: 42 - 45 - 51  [0.489] 138
Started game 151 of 10000 (KingSafetyV2 vs Baseline)
Finished game 139 (KingSafetyV2 vs Baseline): 0-1 {Black wins by adjudication}
Score of KingSafetyV2 vs Baseline: 42 - 46 - 51  [0.486] 139
Started game 152 of 10000 (Baseline vs KingSafetyV2)
Finished game 141 (KingSafetyV2 vs Baseline): 0-1 {Black wins by adjudication}
Score of KingSafetyV2 vs Baseline: 42 - 47 - 51  [0.482] 140
Started game 153 of 10000 (KingSafetyV2 vs Baseline)
Finished game 140 (Baseline vs KingSafetyV2): 0-1 {Black wins by adjudication}
Score of KingSafetyV2 vs Baseline: 43 - 47 - 51  [0.486] 141
Started game 154 of 10000 (Baseline vs KingSafetyV2)
Finished game 142 (Baseline vs KingSafetyV2): 1/2-1/2 {Draw by adjudication}
Score of KingSafetyV2 vs Baseline: 43 - 47 - 52  [0.486] 142
Started game 155 of 10000 (KingSafetyV2 vs Baseline)
Finished game 147 (KingSafetyV2 vs Baseline): 1/2-1/2 {Draw by 3-fold repetition}
Score of KingSafetyV2 vs Baseline: 43 - 47 - 53  [0.486] 143
Started game 156 of 10000 (Baseline vs KingSafetyV2)
Finished game 149 (KingSafetyV2 vs Baseline): 1/2-1/2 {Draw by 3-fold repetition}
Score of KingSafetyV2 vs Baseline: 43 - 47 - 54  [0.486] 144
Started game 157 of 10000 (KingSafetyV2 vs Baseline)
Finished game 152 (Baseline vs KingSafetyV2): 1/2-1/2 {Draw by 3-fold repetition}
Score of KingSafetyV2 vs Baseline: 43 - 47 - 55  [0.486] 145
Started game 158 of 10000 (Baseline vs KingSafetyV2)
Finished game 146 (Baseline vs KingSafetyV2): 0-1 {Black wins by adjudication}
Score of KingSafetyV2 vs Baseline: 44 - 47 - 55  [0.490] 146
Started game 159 of 10000 (KingSafetyV2 vs Baseline)
Finished game 145 (KingSafetyV2 vs Baseline): 1-0 {White wins by adjudication}
Score of KingSafetyV2 vs Baseline: 45 - 47 - 55  [0.493] 147
Started game 160 of 10000 (Baseline vs KingSafetyV2)
Finished game 154 (Baseline vs KingSafetyV2): 1-0 {White wins by adjudication}
Score of KingSafetyV2 vs Baseline: 45 - 48 - 55  [0.490] 148
Started game 161 of 10000 (KingSafetyV2 vs Baseline)
Finished game 148 (Baseline vs KingSafetyV2): 1-0 {White wins by adjudication}
Score of KingSafetyV2 vs Baseline: 45 - 49 - 55  [0.487] 149
Started game 162 of 10000 (Baseline vs KingSafetyV2)
Finished game 150 (Baseline vs KingSafetyV2): 0-1 {Black wins by adjudication}
Score of KingSafetyV2 vs Baseline: 46 - 49 - 55  [0.490] 150
Started game 163 of 10000 (KingSafetyV2 vs Baseline)
Finished game 143 (KingSafetyV2 vs Baseline): 1/2-1/2 {Draw by adjudication}
Score of KingSafetyV2 vs Baseline: 46 - 49 - 56  [0.490] 151
Started game 164 of 10000 (Baseline vs KingSafetyV2)
Finished game 144 (Baseline vs KingSafetyV2): 1/2-1/2 {Draw by insufficient mating material}
Score of KingSafetyV2 vs Baseline: 46 - 49 - 57  [0.490] 152
Started game 165 of 10000 (KingSafetyV2 vs Baseline)
Finished game 153 (KingSafetyV2 vs Baseline): 1-0 {White wins by adjudication}
Score of KingSafetyV2 vs Baseline: 47 - 49 - 57  [0.493] 153
Started game 166 of 10000 (Baseline vs KingSafetyV2)
Finished game 151 (KingSafetyV2 vs Baseline): 1/2-1/2 {Draw by adjudication}
Score of KingSafetyV2 vs Baseline: 47 - 49 - 58  [0.494] 154
Started game 167 of 10000 (KingSafetyV2 vs Baseline)
Finished game 155 (KingSafetyV2 vs Baseline): 1/2-1/2 {Draw by 3-fold repetition}
Score of KingSafetyV2 vs Baseline: 47 - 49 - 59  [0.494] 155
Started game 168 of 10000 (Baseline vs KingSafetyV2)
Finished game 156 (Baseline vs KingSafetyV2): 1-0 {White wins by adjudication}
Score of KingSafetyV2 vs Baseline: 47 - 50 - 59  [0.490] 156
Started game 169 of 10000 (KingSafetyV2 vs Baseline)
Finished game 161 (KingSafetyV2 vs Baseline): 0-1 {Black wins by adjudication}
Score of KingSafetyV2 vs Baseline: 47 - 51 - 59  [0.487] 157
Started game 170 of 10000 (Baseline vs KingSafetyV2)
Finished game 159 (KingSafetyV2 vs Baseline): 0-1 {Black wins by adjudication}
Score of KingSafetyV2 vs Baseline: 47 - 52 - 59  [0.484] 158
Started game 171 of 10000 (KingSafetyV2 vs Baseline)
Finished game 158 (Baseline vs KingSafetyV2): 1/2-1/2 {Draw by 3-fold repetition}
Score of KingSafetyV2 vs Baseline: 47 - 52 - 60  [0.484] 159
Started game 172 of 10000 (Baseline vs KingSafetyV2)
Finished game 157 (KingSafetyV2 vs Baseline): 1-0 {White wins by adjudication}
Score of KingSafetyV2 vs Baseline: 48 - 52 - 60  [0.487] 160
Started game 173 of 10000 (KingSafetyV2 vs Baseline)
Finished game 162 (Baseline vs KingSafetyV2): 1/2-1/2 {Draw by insufficient mating material}
Score of KingSafetyV2 vs Baseline: 48 - 52 - 61  [0.488] 161
Started game 174 of 10000 (Baseline vs KingSafetyV2)
Finished game 164 (Baseline vs KingSafetyV2): 1-0 {White wins by adjudication}
Score of KingSafetyV2 vs Baseline: 48 - 53 - 61  [0.485] 162
Started game 175 of 10000 (KingSafetyV2 vs Baseline)
Finished game 160 (Baseline vs KingSafetyV2): 0-1 {Black wins by adjudication}
Score of KingSafetyV2 vs Baseline: 49 - 53 - 61  [0.488] 163
Started game 176 of 10000 (Baseline vs KingSafetyV2)
Finished game 163 (KingSafetyV2 vs Baseline): 0-1 {Black mates}
Score of KingSafetyV2 vs Baseline: 49 - 54 - 61  [0.485] 164
Started game 177 of 10000 (KingSafetyV2 vs Baseline)
Finished game 165 (KingSafetyV2 vs Baseline): 0-1 {Black wins by adjudication}
Score of KingSafetyV2 vs Baseline: 49 - 55 - 61  [0.482] 165
Started game 178 of 10000 (Baseline vs KingSafetyV2)
Finished game 166 (Baseline vs KingSafetyV2): 0-1 {Black wins by adjudication}
Score of KingSafetyV2 vs Baseline: 50 - 55 - 61  [0.485] 166
Started game 179 of 10000 (KingSafetyV2 vs Baseline)
Finished game 167 (KingSafetyV2 vs Baseline): 1-0 {White mates}
Score of KingSafetyV2 vs Baseline: 51 - 55 - 61  [0.488] 167
Started game 180 of 10000 (Baseline vs KingSafetyV2)
Finished game 171 (KingSafetyV2 vs Baseline): 0-1 {Black wins by adjudication}
Score of KingSafetyV2 vs Baseline: 51 - 56 - 61  [0.485] 168
Started game 181 of 10000 (KingSafetyV2 vs Baseline)
Finished game 169 (KingSafetyV2 vs Baseline): 1-0 {White wins by adjudication}
Score of KingSafetyV2 vs Baseline: 52 - 56 - 61  [0.488] 169
Started game 182 of 10000 (Baseline vs KingSafetyV2)
Finished game 172 (Baseline vs KingSafetyV2): 1-0 {White wins by adjudication}
Score of KingSafetyV2 vs Baseline: 52 - 57 - 61  [0.485] 170
Started game 183 of 10000 (KingSafetyV2 vs Baseline)
Finished game 174 (Baseline vs KingSafetyV2): 0-1 {Black wins by adjudication}
Score of KingSafetyV2 vs Baseline: 53 - 57 - 61  [0.488] 171
Started game 184 of 10000 (Baseline vs KingSafetyV2)
Finished game 168 (Baseline vs KingSafetyV2): 1/2-1/2 {Draw by fifty moves rule}
Score of KingSafetyV2 vs Baseline: 53 - 57 - 62  [0.488] 172
Started game 185 of 10000 (KingSafetyV2 vs Baseline)
Finished game 177 (KingSafetyV2 vs Baseline): 0-1 {Black wins by adjudication}
Score of KingSafetyV2 vs Baseline: 53 - 58 - 62  [0.486] 173
Started game 186 of 10000 (Baseline vs KingSafetyV2)
Finished game 173 (KingSafetyV2 vs Baseline): 1/2-1/2 {Draw by insufficient mating material}
Score of KingSafetyV2 vs Baseline: 53 - 58 - 63  [0.486] 174
Started game 187 of 10000 (KingSafetyV2 vs Baseline)
Finished game 180 (Baseline vs KingSafetyV2): 1-0 {White wins by adjudication}
Score of KingSafetyV2 vs Baseline: 53 - 59 - 63  [0.483] 175
Started game 188 of 10000 (Baseline vs KingSafetyV2)
Finished game 176 (Baseline vs KingSafetyV2): 0-1 {Black wins by adjudication}
Score of KingSafetyV2 vs Baseline: 54 - 59 - 63  [0.486] 176
Started game 189 of 10000 (KingSafetyV2 vs Baseline)
Finished game 175 (KingSafetyV2 vs Baseline): 1-0 {White wins by adjudication}
Score of KingSafetyV2 vs Baseline: 55 - 59 - 63  [0.489] 177
Started game 190 of 10000 (Baseline vs KingSafetyV2)
Finished game 170 (Baseline vs KingSafetyV2): 1-0 {White mates}
Score of KingSafetyV2 vs Baseline: 55 - 60 - 63  [0.486] 178
Started game 191 of 10000 (KingSafetyV2 vs Baseline)
Finished game 187 (KingSafetyV2 vs Baseline): 1/2-1/2 {Draw by 3-fold repetition}
Score of KingSafetyV2 vs Baseline: 55 - 60 - 64  [0.486] 179
Started game 192 of 10000 (Baseline vs KingSafetyV2)
Finished game 181 (KingSafetyV2 vs Baseline): 0-1 {Black wins by adjudication}
Score of KingSafetyV2 vs Baseline: 55 - 61 - 64  [0.483] 180
Started game 193 of 10000 (KingSafetyV2 vs Baseline)
Finished game 179 (KingSafetyV2 vs Baseline): 1-0 {White mates}
Score of KingSafetyV2 vs Baseline: 56 - 61 - 64  [0.486] 181
Started game 194 of 10000 (Baseline vs KingSafetyV2)
Finished game 186 (Baseline vs KingSafetyV2): 1-0 {White wins by adjudication}
Score of KingSafetyV2 vs Baseline: 56 - 62 - 64  [0.484] 182
Started game 195 of 10000 (KingSafetyV2 vs Baseline)
Finished game 185 (KingSafetyV2 vs Baseline): 1-0 {White wins by adjudication}
Score of KingSafetyV2 vs Baseline: 57 - 62 - 64  [0.486] 183
Started game 196 of 10000 (Baseline vs KingSafetyV2)
Finished game 178 (Baseline vs KingSafetyV2): 1/2-1/2 {Draw by fifty moves rule}
Score of KingSafetyV2 vs Baseline: 57 - 62 - 65  [0.486] 184
Started game 197 of 10000 (KingSafetyV2 vs Baseline)
Finished game 183 (KingSafetyV2 vs Baseline): 1/2-1/2 {Draw by 3-fold repetition}
Score of KingSafetyV2 vs Baseline: 57 - 62 - 66  [0.486] 185
Started game 198 of 10000 (Baseline vs KingSafetyV2)
Finished game 194 (Baseline vs KingSafetyV2): 1/2-1/2 {Draw by 3-fold repetition}
Score of KingSafetyV2 vs Baseline: 57 - 62 - 67  [0.487] 186
Started game 199 of 10000 (KingSafetyV2 vs Baseline)
Finished game 182 (Baseline vs KingSafetyV2): 1/2-1/2 {Draw by fifty moves rule}
Score of KingSafetyV2 vs Baseline: 57 - 62 - 68  [0.487] 187
Started game 200 of 10000 (Baseline vs KingSafetyV2)
Finished game 188 (Baseline vs KingSafetyV2): 1/2-1/2 {Draw by insufficient mating material}
Score of KingSafetyV2 vs Baseline: 57 - 62 - 69  [0.487] 188
Started game 201 of 10000 (KingSafetyV2 vs Baseline)
Finished game 190 (Baseline vs KingSafetyV2): 1-0 {White wins by adjudication}
Score of KingSafetyV2 vs Baseline: 57 - 63 - 69  [0.484] 189
Started game 202 of 10000 (Baseline vs KingSafetyV2)
Finished game 195 (KingSafetyV2 vs Baseline): 1/2-1/2 {Draw by 3-fold repetition}
Score of KingSafetyV2 vs Baseline: 57 - 63 - 70  [0.484] 190
Started game 203 of 10000 (KingSafetyV2 vs Baseline)
Finished game 193 (KingSafetyV2 vs Baseline): 0-1 {Black wins by adjudication}
Score of KingSafetyV2 vs Baseline: 57 - 64 - 70  [0.482] 191
Started game 204 of 10000 (Baseline vs KingSafetyV2)
Finished game 189 (KingSafetyV2 vs Baseline): 0-1 {Black wins by adjudication}
Score of KingSafetyV2 vs Baseline: 57 - 65 - 70  [0.479] 192
Started game 205 of 10000 (KingSafetyV2 vs Baseline)
Finished game 191 (KingSafetyV2 vs Baseline): 1/2-1/2 {Draw by insufficient mating material}
Score of KingSafetyV2 vs Baseline: 57 - 65 - 71  [0.479] 193
Started game 206 of 10000 (Baseline vs KingSafetyV2)
Finished game 184 (Baseline vs KingSafetyV2): 1/2-1/2 {Draw by fifty moves rule}
Score of KingSafetyV2 vs Baseline: 57 - 65 - 72  [0.479] 194
Started game 207 of 10000 (KingSafetyV2 vs Baseline)
Finished game 192 (Baseline vs KingSafetyV2): 1/2-1/2 {Draw by insufficient mating material}
Score of KingSafetyV2 vs Baseline: 57 - 65 - 73  [0.479] 195
Started game 208 of 10000 (Baseline vs KingSafetyV2)
Finished game 197 (KingSafetyV2 vs Baseline): 1/2-1/2 {Draw by 3-fold repetition}
Score of KingSafetyV2 vs Baseline: 57 - 65 - 74  [0.480] 196
Started game 209 of 10000 (KingSafetyV2 vs Baseline)
Finished game 196 (Baseline vs KingSafetyV2): 0-1 {Black wins by adjudication}
Score of KingSafetyV2 vs Baseline: 58 - 65 - 74  [0.482] 197
Started game 210 of 10000 (Baseline vs KingSafetyV2)
Finished game 199 (KingSafetyV2 vs Baseline): 1/2-1/2 {Draw by 3-fold repetition}
Score of KingSafetyV2 vs Baseline: 58 - 65 - 75  [0.482] 198
Started game 211 of 10000 (KingSafetyV2 vs Baseline)
Finished game 202 (Baseline vs KingSafetyV2): 1-0 {White wins by adjudication}
Score of KingSafetyV2 vs Baseline: 58 - 66 - 75  [0.480] 199
Started game 212 of 10000 (Baseline vs KingSafetyV2)
Finished game 204 (Baseline vs KingSafetyV2): 1/2-1/2 {Draw by 3-fold repetition}
Score of KingSafetyV2 vs Baseline: 58 - 66 - 76  [0.480] 200
Started game 213 of 10000 (KingSafetyV2 vs Baseline)
Finished game 201 (KingSafetyV2 vs Baseline): 1/2-1/2 {Draw by insufficient mating material}
Score of KingSafetyV2 vs Baseline: 58 - 66 - 77  [0.480] 201
Started game 214 of 10000 (Baseline vs KingSafetyV2)
Finished game 198 (Baseline vs KingSafetyV2): 1/2-1/2 {Draw by insufficient mating material}
Score of KingSafetyV2 vs Baseline: 58 - 66 - 78  [0.480] 202
Started game 215 of 10000 (KingSafetyV2 vs Baseline)
Finished game 203 (KingSafetyV2 vs Baseline): 1-0 {White wins by adjudication}
Score of KingSafetyV2 vs Baseline: 59 - 66 - 78  [0.483] 203
Started game 216 of 10000 (Baseline vs KingSafetyV2)
Finished game 206 (Baseline vs KingSafetyV2): 1-0 {White wins by adjudication}
Score of KingSafetyV2 vs Baseline: 59 - 67 - 78  [0.480] 204
Started game 217 of 10000 (KingSafetyV2 vs Baseline)
Finished game 200 (Baseline vs KingSafetyV2): 1/2-1/2 {Draw by insufficient mating material}
Score of KingSafetyV2 vs Baseline: 59 - 67 - 79  [0.480] 205
Started game 218 of 10000 (Baseline vs KingSafetyV2)
Finished game 205 (KingSafetyV2 vs Baseline): 1-0 {White wins by adjudication}
Score of KingSafetyV2 vs Baseline: 60 - 67 - 79  [0.483] 206
Started game 219 of 10000 (KingSafetyV2 vs Baseline)
Finished game 210 (Baseline vs KingSafetyV2): 1-0 {White wins by adjudication}
Score of KingSafetyV2 vs Baseline: 60 - 68 - 79  [0.481] 207
Started game 220 of 10000 (Baseline vs KingSafetyV2)
Finished game 209 (KingSafetyV2 vs Baseline): 1-0 {White wins by adjudication}
Score of KingSafetyV2 vs Baseline: 61 - 68 - 79  [0.483] 208
Started game 221 of 10000 (KingSafetyV2 vs Baseline)
Finished game 208 (Baseline vs KingSafetyV2): 1/2-1/2 {Draw by stalemate}
Score of KingSafetyV2 vs Baseline: 61 - 68 - 80  [0.483] 209
Started game 222 of 10000 (Baseline vs KingSafetyV2)
Finished game 211 (KingSafetyV2 vs Baseline): 0-1 {Black wins by adjudication}
Score of KingSafetyV2 vs Baseline: 61 - 69 - 80  [0.481] 210
Started game 223 of 10000 (KingSafetyV2 vs Baseline)
Finished game 212 (Baseline vs KingSafetyV2): 0-1 {Black wins by adjudication}
Score of KingSafetyV2 vs Baseline: 62 - 69 - 80  [0.483] 211
Started game 224 of 10000 (Baseline vs KingSafetyV2)
Finished game 213 (KingSafetyV2 vs Baseline): 0-1 {Black wins by adjudication}
Score of KingSafetyV2 vs Baseline: 62 - 70 - 80  [0.481] 212
Started game 225 of 10000 (KingSafetyV2 vs Baseline)
Finished game 207 (KingSafetyV2 vs Baseline): 1/2-1/2 {Draw by fifty moves rule}
Score of KingSafetyV2 vs Baseline: 62 - 70 - 81  [0.481] 213
Started game 226 of 10000 (Baseline vs KingSafetyV2)
Finished game 225 (KingSafetyV2 vs Baseline): 0-1 {Black wins by adjudication}
Score of KingSafetyV2 vs Baseline: 62 - 71 - 81  [0.479] 214
Started game 227 of 10000 (KingSafetyV2 vs Baseline)
Finished game 218 (Baseline vs KingSafetyV2): 1-0 {White wins by adjudication}
Score of KingSafetyV2 vs Baseline: 62 - 72 - 81  [0.477] 215
Started game 228 of 10000 (Baseline vs KingSafetyV2)
Finished game 220 (Baseline vs KingSafetyV2): 0-1 {Black wins by adjudication}
Score of KingSafetyV2 vs Baseline: 63 - 72 - 81  [0.479] 216
Started game 229 of 10000 (KingSafetyV2 vs Baseline)
Finished game 215 (KingSafetyV2 vs Baseline): 0-1 {Black wins by adjudication}
Score of KingSafetyV2 vs Baseline: 63 - 73 - 81  [0.477] 217
Started game 230 of 10000 (Baseline vs KingSafetyV2)
Finished game 217 (KingSafetyV2 vs Baseline): 0-1 {Black wins by adjudication}
Score of KingSafetyV2 vs Baseline: 63 - 74 - 81  [0.475] 218
Started game 231 of 10000 (KingSafetyV2 vs Baseline)
Finished game 226 (Baseline vs KingSafetyV2): 0-1 {Black wins by adjudication}
Score of KingSafetyV2 vs Baseline: 64 - 74 - 81  [0.477] 219
Started game 232 of 10000 (Baseline vs KingSafetyV2)
Finished game 214 (Baseline vs KingSafetyV2): 1/2-1/2 {Draw by fifty moves rule}
Score of KingSafetyV2 vs Baseline: 64 - 74 - 82  [0.477] 220
Started game 233 of 10000 (KingSafetyV2 vs Baseline)
Finished game 219 (KingSafetyV2 vs Baseline): 0-1 {Black wins by adjudication}
Score of KingSafetyV2 vs Baseline: 64 - 75 - 82  [0.475] 221
Started game 234 of 10000 (Baseline vs KingSafetyV2)
Finished game 222 (Baseline vs KingSafetyV2): 1-0 {White wins by adjudication}
Score of KingSafetyV2 vs Baseline: 64 - 76 - 82  [0.473] 222
Started game 235 of 10000 (KingSafetyV2 vs Baseline)
Finished game 221 (KingSafetyV2 vs Baseline): 1-0 {White wins by adjudication}
Score of KingSafetyV2 vs Baseline: 65 - 76 - 82  [0.475] 223
Started game 236 of 10000 (Baseline vs KingSafetyV2)
Finished game 224 (Baseline vs KingSafetyV2): 0-1 {Black wins by adjudication}
Score of KingSafetyV2 vs Baseline: 66 - 76 - 82  [0.478] 224
Started game 237 of 10000 (KingSafetyV2 vs Baseline)
Finished game 216 (Baseline vs KingSafetyV2): 1/2-1/2 {Draw by fifty moves rule}
Score of KingSafetyV2 vs Baseline: 66 - 76 - 83  [0.478] 225
Started game 238 of 10000 (Baseline vs KingSafetyV2)
Finished game 223 (KingSafetyV2 vs Baseline): 1-0 {White wins by adjudication}
Score of KingSafetyV2 vs Baseline: 67 - 76 - 83  [0.480] 226
Started game 239 of 10000 (KingSafetyV2 vs Baseline)
Finished game 230 (Baseline vs KingSafetyV2): 1-0 {White wins by adjudication}
Score of KingSafetyV2 vs Baseline: 67 - 77 - 83  [0.478] 227
Started game 240 of 10000 (Baseline vs KingSafetyV2)
Finished game 228 (Baseline vs KingSafetyV2): 1-0 {White wins by adjudication}
Score of KingSafetyV2 vs Baseline: 67 - 78 - 83  [0.476] 228
Started game 241 of 10000 (KingSafetyV2 vs Baseline)
Finished game 227 (KingSafetyV2 vs Baseline): 0-1 {Black wins by adjudication}
Score of KingSafetyV2 vs Baseline: 67 - 79 - 83  [0.474] 229
Started game 242 of 10000 (Baseline vs KingSafetyV2)
Finished game 231 (KingSafetyV2 vs Baseline): 0-1 {Black wins by adjudication}
Score of KingSafetyV2 vs Baseline: 67 - 80 - 83  [0.472] 230
Started game 243 of 10000 (KingSafetyV2 vs Baseline)
Finished game 232 (Baseline vs KingSafetyV2): 1/2-1/2 {Draw by 3-fold repetition}
Score of KingSafetyV2 vs Baseline: 67 - 80 - 84  [0.472] 231
Started game 244 of 10000 (Baseline vs KingSafetyV2)
Finished game 235 (KingSafetyV2 vs Baseline): 0-1 {Black wins by adjudication}
Score of KingSafetyV2 vs Baseline: 67 - 81 - 84  [0.470] 232
Started game 245 of 10000 (KingSafetyV2 vs Baseline)
Finished game 238 (Baseline vs KingSafetyV2): 1-0 {White wins by adjudication}
Score of KingSafetyV2 vs Baseline: 67 - 82 - 84  [0.468] 233
Started game 246 of 10000 (Baseline vs KingSafetyV2)
Finished game 236 (Baseline vs KingSafetyV2): 1/2-1/2 {Draw by insufficient mating material}
Score of KingSafetyV2 vs Baseline: 67 - 82 - 85  [0.468] 234
Started game 247 of 10000 (KingSafetyV2 vs Baseline)
Finished game 237 (KingSafetyV2 vs Baseline): 0-1 {Black wins by adjudication}
Score of KingSafetyV2 vs Baseline: 67 - 83 - 85  [0.466] 235
Started game 248 of 10000 (Baseline vs KingSafetyV2)
Finished game 233 (KingSafetyV2 vs Baseline): 1/2-1/2 {Draw by insufficient mating material}
Score of KingSafetyV2 vs Baseline: 67 - 83 - 86  [0.466] 236
Started game 249 of 10000 (KingSafetyV2 vs Baseline)
Finished game 240 (Baseline vs KingSafetyV2): 1-0 {White wins by adjudication}
Score of KingSafetyV2 vs Baseline: 67 - 84 - 86  [0.464] 237
Started game 250 of 10000 (Baseline vs KingSafetyV2)
Finished game 229 (KingSafetyV2 vs Baseline): 1/2-1/2 {Draw by fifty moves rule}
Score of KingSafetyV2 vs Baseline: 67 - 84 - 87  [0.464] 238
Started game 251 of 10000 (KingSafetyV2 vs Baseline)
Finished game 234 (Baseline vs KingSafetyV2): 1/2-1/2 {Draw by fifty moves rule}
Score of KingSafetyV2 vs Baseline: 67 - 84 - 88  [0.464] 239
Started game 252 of 10000 (Baseline vs KingSafetyV2)
Finished game 239 (KingSafetyV2 vs Baseline): 1/2-1/2 {Draw by insufficient mating material}
Score of KingSafetyV2 vs Baseline: 67 - 84 - 89  [0.465] 240
Started game 253 of 10000 (KingSafetyV2 vs Baseline)
Finished game 243 (KingSafetyV2 vs Baseline): 1-0 {White wins by adjudication}
Score of KingSafetyV2 vs Baseline: 68 - 84 - 89  [0.467] 241
Started game 254 of 10000 (Baseline vs KingSafetyV2)
Finished game 241 (KingSafetyV2 vs Baseline): 1-0 {White wins by adjudication}
Score of KingSafetyV2 vs Baseline: 69 - 84 - 89  [0.469] 242
Started game 255 of 10000 (KingSafetyV2 vs Baseline)
Finished game 245 (KingSafetyV2 vs Baseline): 1/2-1/2 {Draw by 3-fold repetition}
Score of KingSafetyV2 vs Baseline: 69 - 84 - 90  [0.469] 243
Started game 256 of 10000 (Baseline vs KingSafetyV2)
Finished game 242 (Baseline vs KingSafetyV2): 1/2-1/2 {Draw by 3-fold repetition}
Score of KingSafetyV2 vs Baseline: 69 - 84 - 91  [0.469] 244
Started game 257 of 10000 (KingSafetyV2 vs Baseline)
Finished game 244 (Baseline vs KingSafetyV2): 1-0 {White wins by adjudication}
Score of KingSafetyV2 vs Baseline: 69 - 85 - 91  [0.467] 245
Started game 258 of 10000 (Baseline vs KingSafetyV2)
Finished game 249 (KingSafetyV2 vs Baseline): 1/2-1/2 {Draw by 3-fold repetition}
Score of KingSafetyV2 vs Baseline: 69 - 85 - 92  [0.467] 246
Started game 259 of 10000 (KingSafetyV2 vs Baseline)
Finished game 247 (KingSafetyV2 vs Baseline): 0-1 {Black wins by adjudication}
Score of KingSafetyV2 vs Baseline: 69 - 86 - 92  [0.466] 247
Started game 260 of 10000 (Baseline vs KingSafetyV2)
Finished game 252 (Baseline vs KingSafetyV2): 1-0 {White wins by adjudication}
Score of KingSafetyV2 vs Baseline: 69 - 87 - 92  [0.464] 248
Started game 261 of 10000 (KingSafetyV2 vs Baseline)
Finished game 251 (KingSafetyV2 vs Baseline): 0-1 {Black wins by adjudication}
Score of KingSafetyV2 vs Baseline: 69 - 88 - 92  [0.462] 249
Started game 262 of 10000 (Baseline vs KingSafetyV2)
Finished game 248 (Baseline vs KingSafetyV2): 1/2-1/2 {Draw by 3-fold repetition}
Score of KingSafetyV2 vs Baseline: 69 - 88 - 93  [0.462] 250
Started game 263 of 10000 (KingSafetyV2 vs Baseline)
Finished game 250 (Baseline vs KingSafetyV2): 1-0 {White wins by adjudication}
Score of KingSafetyV2 vs Baseline: 69 - 89 - 93  [0.460] 251
Started game 264 of 10000 (Baseline vs KingSafetyV2)
Finished game 246 (Baseline vs KingSafetyV2): 0-1 {Black wins by adjudication}
Score of KingSafetyV2 vs Baseline: 70 - 89 - 93  [0.462] 252
Started game 265 of 10000 (KingSafetyV2 vs Baseline)
Finished game 254 (Baseline vs KingSafetyV2): 1-0 {White wins by adjudication}
Score of KingSafetyV2 vs Baseline: 70 - 90 - 93  [0.460] 253
Started game 266 of 10000 (Baseline vs KingSafetyV2)
Finished game 253 (KingSafetyV2 vs Baseline): 0-1 {Black wins by adjudication}
Score of KingSafetyV2 vs Baseline: 70 - 91 - 93  [0.459] 254
Started game 267 of 10000 (KingSafetyV2 vs Baseline)
Finished game 259 (KingSafetyV2 vs Baseline): 1/2-1/2 {Draw by 3-fold repetition}
Score of KingSafetyV2 vs Baseline: 70 - 91 - 94  [0.459] 255
Started game 268 of 10000 (Baseline vs KingSafetyV2)
Finished game 255 (KingSafetyV2 vs Baseline): 1-0 {White mates}
Score of KingSafetyV2 vs Baseline: 71 - 91 - 94  [0.461] 256
Started game 269 of 10000 (KingSafetyV2 vs Baseline)
Finished game 256 (Baseline vs KingSafetyV2): 1-0 {White wins by adjudication}
Score of KingSafetyV2 vs Baseline: 71 - 92 - 94  [0.459] 257
Started game 270 of 10000 (Baseline vs KingSafetyV2)
Finished game 257 (KingSafetyV2 vs Baseline): 1-0 {White wins by adjudication}
Score of KingSafetyV2 vs Baseline: 72 - 92 - 94  [0.461] 258
Started game 271 of 10000 (KingSafetyV2 vs Baseline)
Finished game 261 (KingSafetyV2 vs Baseline): 0-1 {Black wins by adjudication}
Score of KingSafetyV2 vs Baseline: 72 - 93 - 94  [0.459] 259
Started game 272 of 10000 (Baseline vs KingSafetyV2)
Finished game 258 (Baseline vs KingSafetyV2): 1/2-1/2 {Draw by 3-fold repetition}
Score of KingSafetyV2 vs Baseline: 72 - 93 - 95  [0.460] 260
Started game 273 of 10000 (KingSafetyV2 vs Baseline)
Finished game 260 (Baseline vs KingSafetyV2): 1/2-1/2 {Draw by adjudication}
Score of KingSafetyV2 vs Baseline: 72 - 93 - 96  [0.460] 261
Started game 274 of 10000 (Baseline vs KingSafetyV2)
Finished game 264 (Baseline vs KingSafetyV2): 1-0 {White wins by adjudication}
Score of KingSafetyV2 vs Baseline: 72 - 94 - 96  [0.458] 262
Started game 275 of 10000 (KingSafetyV2 vs Baseline)
Finished game 262 (Baseline vs KingSafetyV2): 0-1 {Black wins by adjudication}
Score of KingSafetyV2 vs Baseline: 73 - 94 - 96  [0.460] 263
Started game 276 of 10000 (Baseline vs KingSafetyV2)
Finished game 268 (Baseline vs KingSafetyV2): 1-0 {White wins by adjudication}
Score of KingSafetyV2 vs Baseline: 73 - 95 - 96  [0.458] 264
Started game 277 of 10000 (KingSafetyV2 vs Baseline)
Finished game 266 (Baseline vs KingSafetyV2): 0-1 {Black wins by adjudication}
Score of KingSafetyV2 vs Baseline: 74 - 95 - 96  [0.460] 265
Started game 278 of 10000 (Baseline vs KingSafetyV2)
Finished game 263 (KingSafetyV2 vs Baseline): 1/2-1/2 {Draw by adjudication}
Score of KingSafetyV2 vs Baseline: 74 - 95 - 97  [0.461] 266
Started game 279 of 10000 (KingSafetyV2 vs Baseline)
Finished game 265 (KingSafetyV2 vs Baseline): 1-0 {White wins by adjudication}
Score of KingSafetyV2 vs Baseline: 75 - 95 - 97  [0.463] 267
Started game 280 of 10000 (Baseline vs KingSafetyV2)
Finished game 267 (KingSafetyV2 vs Baseline): 1/2-1/2 {Draw by 3-fold repetition}
Score of KingSafetyV2 vs Baseline: 75 - 95 - 98  [0.463] 268
Started game 281 of 10000 (KingSafetyV2 vs Baseline)
Finished game 269 (KingSafetyV2 vs Baseline): 0-1 {Black wins by adjudication}
Score of KingSafetyV2 vs Baseline: 75 - 96 - 98  [0.461] 269
Started game 282 of 10000 (Baseline vs KingSafetyV2)
Finished game 272 (Baseline vs KingSafetyV2): 0-1 {Black wins by adjudication}
Score of KingSafetyV2 vs Baseline: 76 - 96 - 98  [0.463] 270
Started game 283 of 10000 (KingSafetyV2 vs Baseline)
Finished game 275 (KingSafetyV2 vs Baseline): 1-0 {White wins by adjudication}
Score of KingSafetyV2 vs Baseline: 77 - 96 - 98  [0.465] 271
Started game 284 of 10000 (Baseline vs KingSafetyV2)
Finished game 271 (KingSafetyV2 vs Baseline): 0-1 {Black wins by adjudication}
Score of KingSafetyV2 vs Baseline: 77 - 97 - 98  [0.463] 272
Started game 285 of 10000 (KingSafetyV2 vs Baseline)
Finished game 285 (KingSafetyV2 vs Baseline): 1-0 {White wins by adjudication}
Score of KingSafetyV2 vs Baseline: 78 - 97 - 98  [0.465] 273
Started game 286 of 10000 (Baseline vs KingSafetyV2)
Finished game 286 (Baseline vs KingSafetyV2): 1-0 {White wins by adjudication}
Score of KingSafetyV2 vs Baseline: 78 - 98 - 98  [0.464] 274
Started game 287 of 10000 (KingSafetyV2 vs Baseline)
Finished game 279 (KingSafetyV2 vs Baseline): 1/2-1/2 {Draw by 3-fold repetition}
Score of KingSafetyV2 vs Baseline: 78 - 98 - 99  [0.464] 275
Started game 288 of 10000 (Baseline vs KingSafetyV2)
Finished game 274 (Baseline vs KingSafetyV2): 1-0 {White wins by adjudication}
Score of KingSafetyV2 vs Baseline: 78 - 99 - 99  [0.462] 276
Started game 289 of 10000 (KingSafetyV2 vs Baseline)
Finished game 277 (KingSafetyV2 vs Baseline): 1/2-1/2 {Draw by 3-fold repetition}
Score of KingSafetyV2 vs Baseline: 78 - 99 - 100  [0.462] 277
Started game 290 of 10000 (Baseline vs KingSafetyV2)
Finished game 278 (Baseline vs KingSafetyV2): 1-0 {White wins by adjudication}
Score of KingSafetyV2 vs Baseline: 78 - 100 - 100  [0.460] 278
Started game 291 of 10000 (KingSafetyV2 vs Baseline)
Finished game 281 (KingSafetyV2 vs Baseline): 1-0 {White wins by adjudication}
Score of KingSafetyV2 vs Baseline: 79 - 100 - 100  [0.462] 279
Started game 292 of 10000 (Baseline vs KingSafetyV2)
Finished game 280 (Baseline vs KingSafetyV2): 1-0 {White wins by adjudication}
Score of KingSafetyV2 vs Baseline: 79 - 101 - 100  [0.461] 280
Started game 293 of 10000 (KingSafetyV2 vs Baseline)
Finished game 282 (Baseline vs KingSafetyV2): 1-0 {White wins by adjudication}
Score of KingSafetyV2 vs Baseline: 79 - 102 - 100  [0.459] 281
Started game 294 of 10000 (Baseline vs KingSafetyV2)
Finished game 276 (Baseline vs KingSafetyV2): 1/2-1/2 {Draw by 3-fold repetition}
Score of KingSafetyV2 vs Baseline: 79 - 102 - 101  [0.459] 282
Started game 295 of 10000 (KingSafetyV2 vs Baseline)
Finished game 284 (Baseline vs KingSafetyV2): 1-0 {White wins by adjudication}
Score of KingSafetyV2 vs Baseline: 79 - 103 - 101  [0.458] 283
Started game 296 of 10000 (Baseline vs KingSafetyV2)
Finished game 283 (KingSafetyV2 vs Baseline): 1/2-1/2 {Draw by adjudication}
Score of KingSafetyV2 vs Baseline: 79 - 103 - 102  [0.458] 284
Started game 297 of 10000 (KingSafetyV2 vs Baseline)
Finished game 270 (Baseline vs KingSafetyV2): 0-1 {Black wins by adjudication}
Score of KingSafetyV2 vs Baseline: 80 - 103 - 102  [0.460] 285
Started game 298 of 10000 (Baseline vs KingSafetyV2)
Finished game 291 (KingSafetyV2 vs Baseline): 0-1 {Black wins by adjudication}
Score of KingSafetyV2 vs Baseline: 80 - 104 - 102  [0.458] 286
Started game 299 of 10000 (KingSafetyV2 vs Baseline)
Finished game 273 (KingSafetyV2 vs Baseline): 1/2-1/2 {Draw by fifty moves rule}
Score of KingSafetyV2 vs Baseline: 80 - 104 - 103  [0.458] 287
Started game 300 of 10000 (Baseline vs KingSafetyV2)
Finished game 288 (Baseline vs KingSafetyV2): 0-1 {Black wins by adjudication}
Score of KingSafetyV2 vs Baseline: 81 - 104 - 103  [0.460] 288
Started game 301 of 10000 (KingSafetyV2 vs Baseline)
Finished game 292 (Baseline vs KingSafetyV2): 1/2-1/2 {Draw by 3-fold repetition}
Score of KingSafetyV2 vs Baseline: 81 - 104 - 104  [0.460] 289
Started game 302 of 10000 (Baseline vs KingSafetyV2)
Finished game 289 (KingSafetyV2 vs Baseline): 1-0 {White wins by adjudication}
Score of KingSafetyV2 vs Baseline: 82 - 104 - 104  [0.462] 290
Started game 303 of 10000 (KingSafetyV2 vs Baseline)
Finished game 293 (KingSafetyV2 vs Baseline): 1/2-1/2 {Draw by 3-fold repetition}
Score of KingSafetyV2 vs Baseline: 82 - 104 - 105  [0.462] 291
Started game 304 of 10000 (Baseline vs KingSafetyV2)
Finished game 294 (Baseline vs KingSafetyV2): 1-0 {White wins by adjudication}
Score of KingSafetyV2 vs Baseline: 82 - 105 - 105  [0.461] 292
Started game 305 of 10000 (KingSafetyV2 vs Baseline)
Finished game 290 (Baseline vs KingSafetyV2): 1/2-1/2 {Draw by insufficient mating material}
Score of KingSafetyV2 vs Baseline: 82 - 105 - 106  [0.461] 293
Started game 306 of 10000 (Baseline vs KingSafetyV2)
Finished game 295 (KingSafetyV2 vs Baseline): 1/2-1/2 {Draw by 3-fold repetition}
Score of KingSafetyV2 vs Baseline: 82 - 105 - 107  [0.461] 294
Started game 307 of 10000 (KingSafetyV2 vs Baseline)
Finished game 287 (KingSafetyV2 vs Baseline): 1/2-1/2 {Draw by fifty moves rule}
Score of KingSafetyV2 vs Baseline: 82 - 105 - 108  [0.461] 295
Started game 308 of 10000 (Baseline vs KingSafetyV2)
Finished game 296 (Baseline vs KingSafetyV2): 1/2-1/2 {Draw by adjudication}
Score of KingSafetyV2 vs Baseline: 82 - 105 - 109  [0.461] 296
Started game 309 of 10000 (KingSafetyV2 vs Baseline)
Finished game 298 (Baseline vs KingSafetyV2): 0-1 {Black mates}
Score of KingSafetyV2 vs Baseline: 83 - 105 - 109  [0.463] 297
Started game 310 of 10000 (Baseline vs KingSafetyV2)
Finished game 299 (KingSafetyV2 vs Baseline): 0-1 {Black wins by adjudication}
Score of KingSafetyV2 vs Baseline: 83 - 106 - 109  [0.461] 298
Started game 311 of 10000 (KingSafetyV2 vs Baseline)
Finished game 301 (KingSafetyV2 vs Baseline): 1-0 {White wins by adjudication}
Score of KingSafetyV2 vs Baseline: 84 - 106 - 109  [0.463] 299
Started game 312 of 10000 (Baseline vs KingSafetyV2)
Finished game 297 (KingSafetyV2 vs Baseline): 1-0 {White wins by adjudication}
Score of KingSafetyV2 vs Baseline: 85 - 106 - 109  [0.465] 300
Started game 313 of 10000 (KingSafetyV2 vs Baseline)
Finished game 303 (KingSafetyV2 vs Baseline): 0-1 {Black wins by adjudication}
Score of KingSafetyV2 vs Baseline: 85 - 107 - 109  [0.463] 301
Started game 314 of 10000 (Baseline vs KingSafetyV2)
Finished game 302 (Baseline vs KingSafetyV2): 1-0 {White wins by adjudication}
Score of KingSafetyV2 vs Baseline: 85 - 108 - 109  [0.462] 302
Started game 315 of 10000 (KingSafetyV2 vs Baseline)
Finished game 305 (KingSafetyV2 vs Baseline): 1-0 {White wins by adjudication}
Score of KingSafetyV2 vs Baseline: 86 - 108 - 109  [0.464] 303
Started game 316 of 10000 (Baseline vs KingSafetyV2)
Finished game 300 (Baseline vs KingSafetyV2): 1-0 {White wins by adjudication}
Score of KingSafetyV2 vs Baseline: 86 - 109 - 109  [0.462] 304
Started game 317 of 10000 (KingSafetyV2 vs Baseline)
Finished game 306 (Baseline vs KingSafetyV2): 0-1 {Black wins by adjudication}
Score of KingSafetyV2 vs Baseline: 87 - 109 - 109  [0.464] 305
Started game 318 of 10000 (Baseline vs KingSafetyV2)
Finished game 304 (Baseline vs KingSafetyV2): 0-1 {Black wins by adjudication}
Score of KingSafetyV2 vs Baseline: 88 - 109 - 109  [0.466] 306
Started game 319 of 10000 (KingSafetyV2 vs Baseline)
Finished game 307 (KingSafetyV2 vs Baseline): 0-1 {Black wins by adjudication}
Score of KingSafetyV2 vs Baseline: 88 - 110 - 109  [0.464] 307
Started game 320 of 10000 (Baseline vs KingSafetyV2)
Finished game 309 (KingSafetyV2 vs Baseline): 1-0 {White wins by adjudication}
Score of KingSafetyV2 vs Baseline: 89 - 110 - 109  [0.466] 308
Started game 321 of 10000 (KingSafetyV2 vs Baseline)
Finished game 308 (Baseline vs KingSafetyV2): 0-1 {Black wins by adjudication}
Score of KingSafetyV2 vs Baseline: 90 - 110 - 109  [0.468] 309
Started game 322 of 10000 (Baseline vs KingSafetyV2)
Finished game 312 (Baseline vs KingSafetyV2): 1-0 {White wins by adjudication}
Score of KingSafetyV2 vs Baseline: 90 - 111 - 109  [0.466] 310
Started game 323 of 10000 (KingSafetyV2 vs Baseline)
Finished game 311 (KingSafetyV2 vs Baseline): 1/2-1/2 {Draw by adjudication}
Score of KingSafetyV2 vs Baseline: 90 - 111 - 110  [0.466] 311
Started game 324 of 10000 (Baseline vs KingSafetyV2)
Finished game 313 (KingSafetyV2 vs Baseline): 1-0 {White wins by adjudication}
Score of KingSafetyV2 vs Baseline: 91 - 111 - 110  [0.468] 312
Started game 325 of 10000 (KingSafetyV2 vs Baseline)
Finished game 315 (KingSafetyV2 vs Baseline): 1-0 {White wins by adjudication}
Score of KingSafetyV2 vs Baseline: 92 - 111 - 110  [0.470] 313
Started game 326 of 10000 (Baseline vs KingSafetyV2)
Finished game 317 (KingSafetyV2 vs Baseline): 1-0 {White wins by adjudication}
Score of KingSafetyV2 vs Baseline: 93 - 111 - 110  [0.471] 314
Started game 327 of 10000 (KingSafetyV2 vs Baseline)
Finished game 310 (Baseline vs KingSafetyV2): 0-1 {Black wins by adjudication}
Score of KingSafetyV2 vs Baseline: 94 - 111 - 110  [0.473] 315
Started game 328 of 10000 (Baseline vs KingSafetyV2)
Finished game 316 (Baseline vs KingSafetyV2): 1-0 {White wins by adjudication}
Score of KingSafetyV2 vs Baseline: 94 - 112 - 110  [0.472] 316
Started game 329 of 10000 (KingSafetyV2 vs Baseline)
Finished game 314 (Baseline vs KingSafetyV2): 1-0 {White wins by adjudication}
Score of KingSafetyV2 vs Baseline: 94 - 113 - 110  [0.470] 317
Started game 330 of 10000 (Baseline vs KingSafetyV2)
Finished game 318 (Baseline vs KingSafetyV2): 1/2-1/2 {Draw by adjudication}
Score of KingSafetyV2 vs Baseline: 94 - 113 - 111  [0.470] 318
Started game 331 of 10000 (KingSafetyV2 vs Baseline)
Finished game 319 (KingSafetyV2 vs Baseline): 0-1 {Black wins by adjudication}
Score of KingSafetyV2 vs Baseline: 94 - 114 - 111  [0.469] 319
Started game 332 of 10000 (Baseline vs KingSafetyV2)
Finished game 320 (Baseline vs KingSafetyV2): 1-0 {White wins by adjudication}
Score of KingSafetyV2 vs Baseline: 94 - 115 - 111  [0.467] 320
Started game 333 of 10000 (KingSafetyV2 vs Baseline)
Finished game 322 (Baseline vs KingSafetyV2): 0-1 {Black wins by adjudication}
Score of KingSafetyV2 vs Baseline: 95 - 115 - 111  [0.469] 321
Started game 334 of 10000 (Baseline vs KingSafetyV2)
Finished game 321 (KingSafetyV2 vs Baseline): 1/2-1/2 {Draw by 3-fold repetition}
Score of KingSafetyV2 vs Baseline: 95 - 115 - 112  [0.469] 322
Started game 335 of 10000 (KingSafetyV2 vs Baseline)
Finished game 323 (KingSafetyV2 vs Baseline): 0-1 {Black wins by adjudication}
Score of KingSafetyV2 vs Baseline: 95 - 116 - 112  [0.467] 323
Started game 336 of 10000 (Baseline vs KingSafetyV2)
Finished game 325 (KingSafetyV2 vs Baseline): 1-0 {White wins by adjudication}
Score of KingSafetyV2 vs Baseline: 96 - 116 - 112  [0.469] 324
Started game 337 of 10000 (KingSafetyV2 vs Baseline)
Finished game 326 (Baseline vs KingSafetyV2): 1-0 {White wins by adjudication}
Score of KingSafetyV2 vs Baseline: 96 - 117 - 112  [0.468] 325
Started game 338 of 10000 (Baseline vs KingSafetyV2)
Finished game 330 (Baseline vs KingSafetyV2): 0-1 {Black wins by adjudication}
Score of KingSafetyV2 vs Baseline: 97 - 117 - 112  [0.469] 326
Started game 339 of 10000 (KingSafetyV2 vs Baseline)
Finished game 331 (KingSafetyV2 vs Baseline): 1/2-1/2 {Draw by insufficient mating material}
Score of KingSafetyV2 vs Baseline: 97 - 117 - 113  [0.469] 327
Started game 340 of 10000 (Baseline vs KingSafetyV2)
Finished game 324 (Baseline vs KingSafetyV2): 1/2-1/2 {Draw by fifty moves rule}
Score of KingSafetyV2 vs Baseline: 97 - 117 - 114  [0.470] 328
Started game 341 of 10000 (KingSafetyV2 vs Baseline)
Finished game 327 (KingSafetyV2 vs Baseline): 1/2-1/2 {Draw by adjudication}
Score of KingSafetyV2 vs Baseline: 97 - 117 - 115  [0.470] 329
Started game 342 of 10000 (Baseline vs KingSafetyV2)
Finished game 329 (KingSafetyV2 vs Baseline): 1/2-1/2 {Draw by adjudication}
Score of KingSafetyV2 vs Baseline: 97 - 117 - 116  [0.470] 330
Started game 343 of 10000 (KingSafetyV2 vs Baseline)
Finished game 334 (Baseline vs KingSafetyV2): 0-1 {Black wins by adjudication}
Score of KingSafetyV2 vs Baseline: 98 - 117 - 116  [0.471] 331
Started game 344 of 10000 (Baseline vs KingSafetyV2)
Finished game 333 (KingSafetyV2 vs Baseline): 1/2-1/2 {Draw by insufficient mating material}
Score of KingSafetyV2 vs Baseline: 98 - 117 - 117  [0.471] 332
Started game 345 of 10000 (KingSafetyV2 vs Baseline)
Finished game 328 (Baseline vs KingSafetyV2): 1/2-1/2 {Draw by 3-fold repetition}
Score of KingSafetyV2 vs Baseline: 98 - 117 - 118  [0.471] 333
Started game 346 of 10000 (Baseline vs KingSafetyV2)
Finished game 332 (Baseline vs KingSafetyV2): 1/2-1/2 {Draw by insufficient mating material}
Score of KingSafetyV2 vs Baseline: 98 - 117 - 119  [0.472] 334
Started game 347 of 10000 (KingSafetyV2 vs Baseline)
Finished game 338 (Baseline vs KingSafetyV2): 1-0 {White wins by adjudication}
Score of KingSafetyV2 vs Baseline: 98 - 118 - 119  [0.470] 335
Started game 348 of 10000 (Baseline vs KingSafetyV2)
Finished game 336 (Baseline vs KingSafetyV2): 0-1 {Black wins by adjudication}
Score of KingSafetyV2 vs Baseline: 99 - 118 - 119  [0.472] 336
Started game 349 of 10000 (KingSafetyV2 vs Baseline)
Finished game 337 (KingSafetyV2 vs Baseline): 1-0 {White wins by adjudication}
Score of KingSafetyV2 vs Baseline: 100 - 118 - 119  [0.473] 337
Started game 350 of 10000 (Baseline vs KingSafetyV2)
Finished game 343 (KingSafetyV2 vs Baseline): 1-0 {White wins by adjudication}
Score of KingSafetyV2 vs Baseline: 101 - 118 - 119  [0.475] 338
Started game 351 of 10000 (KingSafetyV2 vs Baseline)
Finished game 340 (Baseline vs KingSafetyV2): 0-1 {Black wins by adjudication}
Score of KingSafetyV2 vs Baseline: 102 - 118 - 119  [0.476] 339
Started game 352 of 10000 (Baseline vs KingSafetyV2)
Finished game 342 (Baseline vs KingSafetyV2): 1-0 {White wins by adjudication}
Score of KingSafetyV2 vs Baseline: 102 - 119 - 119  [0.475] 340
Started game 353 of 10000 (KingSafetyV2 vs Baseline)
Finished game 341 (KingSafetyV2 vs Baseline): 1-0 {White wins by adjudication}
Score of KingSafetyV2 vs Baseline: 103 - 119 - 119  [0.477] 341
Started game 354 of 10000 (Baseline vs KingSafetyV2)
Finished game 335 (KingSafetyV2 vs Baseline): 1/2-1/2 {Draw by insufficient mating material}
Score of KingSafetyV2 vs Baseline: 103 - 119 - 120  [0.477] 342
Started game 355 of 10000 (KingSafetyV2 vs Baseline)
Finished game 345 (KingSafetyV2 vs Baseline): 0-1 {Black wins by adjudication}
Score of KingSafetyV2 vs Baseline: 103 - 120 - 120  [0.475] 343
Started game 356 of 10000 (Baseline vs KingSafetyV2)
Finished game 344 (Baseline vs KingSafetyV2): 1-0 {White wins by adjudication}
Score of KingSafetyV2 vs Baseline: 103 - 121 - 120  [0.474] 344
Started game 357 of 10000 (KingSafetyV2 vs Baseline)
Finished game 346 (Baseline vs KingSafetyV2): 0-1 {Black wins by adjudication}
Score of KingSafetyV2 vs Baseline: 104 - 121 - 120  [0.475] 345
Started game 358 of 10000 (Baseline vs KingSafetyV2)
Finished game 339 (KingSafetyV2 vs Baseline): 1/2-1/2 {Draw by fifty moves rule}
Score of KingSafetyV2 vs Baseline: 104 - 121 - 121  [0.475] 346
Started game 359 of 10000 (KingSafetyV2 vs Baseline)
Finished game 349 (KingSafetyV2 vs Baseline): 0-1 {Black wins by adjudication}
Score of KingSafetyV2 vs Baseline: 104 - 122 - 121  [0.474] 347
Started game 360 of 10000 (Baseline vs KingSafetyV2)
Finished game 352 (Baseline vs KingSafetyV2): 1-0 {White wins by adjudication}
Score of KingSafetyV2 vs Baseline: 104 - 123 - 121  [0.473] 348
Started game 361 of 10000 (KingSafetyV2 vs Baseline)
Finished game 348 (Baseline vs KingSafetyV2): 1/2-1/2 {Draw by adjudication}
Score of KingSafetyV2 vs Baseline: 104 - 123 - 122  [0.473] 349
Started game 362 of 10000 (Baseline vs KingSafetyV2)
Finished game 347 (KingSafetyV2 vs Baseline): 1/2-1/2 {Draw by insufficient mating material}
Score of KingSafetyV2 vs Baseline: 104 - 123 - 123  [0.473] 350
Started game 363 of 10000 (KingSafetyV2 vs Baseline)
Finished game 358 (Baseline vs KingSafetyV2): 1/2-1/2 {Draw by 3-fold repetition}
Score of KingSafetyV2 vs Baseline: 104 - 123 - 124  [0.473] 351
Started game 364 of 10000 (Baseline vs KingSafetyV2)
Finished game 353 (KingSafetyV2 vs Baseline): 1-0 {White mates}
Score of KingSafetyV2 vs Baseline: 105 - 123 - 124  [0.474] 352
Started game 365 of 10000 (KingSafetyV2 vs Baseline)
Finished game 351 (KingSafetyV2 vs Baseline): 1/2-1/2 {Draw by insufficient mating material}
Score of KingSafetyV2 vs Baseline: 105 - 123 - 125  [0.475] 353
Started game 366 of 10000 (Baseline vs KingSafetyV2)
Finished game 355 (KingSafetyV2 vs Baseline): 1/2-1/2 {Draw by 3-fold repetition}
Score of KingSafetyV2 vs Baseline: 105 - 123 - 126  [0.475] 354
Started game 367 of 10000 (KingSafetyV2 vs Baseline)
Finished game 350 (Baseline vs KingSafetyV2): 0-1 {Black wins by adjudication}
Score of KingSafetyV2 vs Baseline: 106 - 123 - 126  [0.476] 355
Started game 368 of 10000 (Baseline vs KingSafetyV2)
Finished game 356 (Baseline vs KingSafetyV2): 1-0 {White wins by adjudication}
Score of KingSafetyV2 vs Baseline: 106 - 124 - 126  [0.475] 356
Started game 369 of 10000 (KingSafetyV2 vs Baseline)
Finished game 357 (KingSafetyV2 vs Baseline): 0-1 {Black wins by adjudication}
Score of KingSafetyV2 vs Baseline: 106 - 125 - 126  [0.473] 357
Started game 370 of 10000 (Baseline vs KingSafetyV2)
Finished game 360 (Baseline vs KingSafetyV2): 0-1 {Black wins by adjudication}
Score of KingSafetyV2 vs Baseline: 107 - 125 - 126  [0.475] 358
Started game 371 of 10000 (KingSafetyV2 vs Baseline)
Finished game 359 (KingSafetyV2 vs Baseline): 1/2-1/2 {Draw by 3-fold repetition}
Score of KingSafetyV2 vs Baseline: 107 - 125 - 127  [0.475] 359
Started game 372 of 10000 (Baseline vs KingSafetyV2)
Finished game 369 (KingSafetyV2 vs Baseline): 1/2-1/2 {Draw by 3-fold repetition}
Score of KingSafetyV2 vs Baseline: 107 - 125 - 128  [0.475] 360
Started game 373 of 10000 (KingSafetyV2 vs Baseline)
Finished game 354 (Baseline vs KingSafetyV2): 1/2-1/2 {Draw by fifty moves rule}
Score of KingSafetyV2 vs Baseline: 107 - 125 - 129  [0.475] 361
Started game 374 of 10000 (Baseline vs KingSafetyV2)
Finished game 362 (Baseline vs KingSafetyV2): 1-0 {White wins by adjudication}
Score of KingSafetyV2 vs Baseline: 107 - 126 - 129  [0.474] 362
Started game 375 of 10000 (KingSafetyV2 vs Baseline)
Finished game 365 (KingSafetyV2 vs Baseline): 0-1 {Black wins by adjudication}
Score of KingSafetyV2 vs Baseline: 107 - 127 - 129  [0.472] 363
Started game 376 of 10000 (Baseline vs KingSafetyV2)
Finished game 363 (KingSafetyV2 vs Baseline): 1/2-1/2 {Draw by fifty moves rule}
Score of KingSafetyV2 vs Baseline: 107 - 127 - 130  [0.473] 364
Started game 377 of 10000 (KingSafetyV2 vs Baseline)
Finished game 366 (Baseline vs KingSafetyV2): 0-1 {Black wins by adjudication}
Score of KingSafetyV2 vs Baseline: 108 - 127 - 130  [0.474] 365
Started game 378 of 10000 (Baseline vs KingSafetyV2)
Finished game 364 (Baseline vs KingSafetyV2): 0-1 {Black wins by adjudication}
Score of KingSafetyV2 vs Baseline: 109 - 127 - 130  [0.475] 366
Started game 379 of 10000 (KingSafetyV2 vs Baseline)
Finished game 361 (KingSafetyV2 vs Baseline): 1-0 {White wins by adjudication}
Score of KingSafetyV2 vs Baseline: 110 - 127 - 130  [0.477] 367
Started game 380 of 10000 (Baseline vs KingSafetyV2)
Finished game 370 (Baseline vs KingSafetyV2): 1-0 {White wins by adjudication}
Score of KingSafetyV2 vs Baseline: 110 - 128 - 130  [0.476] 368
Started game 381 of 10000 (KingSafetyV2 vs Baseline)
Finished game 371 (KingSafetyV2 vs Baseline): 1/2-1/2 {Draw by 3-fold repetition}
Score of KingSafetyV2 vs Baseline: 110 - 128 - 131  [0.476] 369
Started game 382 of 10000 (Baseline vs KingSafetyV2)
Finished game 367 (KingSafetyV2 vs Baseline): 1-0 {White wins by adjudication}
Score of KingSafetyV2 vs Baseline: 111 - 128 - 131  [0.477] 370
Started game 383 of 10000 (KingSafetyV2 vs Baseline)
Finished game 375 (KingSafetyV2 vs Baseline): 1-0 {White wins by adjudication}
Score of KingSafetyV2 vs Baseline: 112 - 128 - 131  [0.478] 371
Started game 384 of 10000 (Baseline vs KingSafetyV2)
Finished game 373 (KingSafetyV2 vs Baseline): 0-1 {Black wins by adjudication}
Score of KingSafetyV2 vs Baseline: 112 - 129 - 131  [0.477] 372
Started game 385 of 10000 (KingSafetyV2 vs Baseline)
Finished game 372 (Baseline vs KingSafetyV2): 1-0 {White wins by adjudication}
Score of KingSafetyV2 vs Baseline: 112 - 130 - 131  [0.476] 373
Started game 386 of 10000 (Baseline vs KingSafetyV2)
Finished game 374 (Baseline vs KingSafetyV2): 1/2-1/2 {Draw by insufficient mating material}
Score of KingSafetyV2 vs Baseline: 112 - 130 - 132  [0.476] 374
Started game 387 of 10000 (KingSafetyV2 vs Baseline)
Finished game 368 (Baseline vs KingSafetyV2): 1/2-1/2 {Draw by fifty moves rule}
Score of KingSafetyV2 vs Baseline: 112 - 130 - 133  [0.476] 375
Started game 388 of 10000 (Baseline vs KingSafetyV2)
Finished game 376 (Baseline vs KingSafetyV2): 1-0 {White wins by adjudication}
Score of KingSafetyV2 vs Baseline: 112 - 131 - 133  [0.475] 376
Started game 389 of 10000 (KingSafetyV2 vs Baseline)
Finished game 379 (KingSafetyV2 vs Baseline): 1/2-1/2 {Draw by 3-fold repetition}
Score of KingSafetyV2 vs Baseline: 112 - 131 - 134  [0.475] 377
Started game 390 of 10000 (Baseline vs KingSafetyV2)
Finished game 378 (Baseline vs KingSafetyV2): 1/2-1/2 {Draw by insufficient mating material}
Score of KingSafetyV2 vs Baseline: 112 - 131 - 135  [0.475] 378
Started game 391 of 10000 (KingSafetyV2 vs Baseline)
Finished game 377 (KingSafetyV2 vs Baseline): 1-0 {White wins by adjudication}
Score of KingSafetyV2 vs Baseline: 113 - 131 - 135  [0.476] 379
Started game 392 of 10000 (Baseline vs KingSafetyV2)
Finished game 380 (Baseline vs KingSafetyV2): 1/2-1/2 {Draw by insufficient mating material}
Score of KingSafetyV2 vs Baseline: 113 - 131 - 136  [0.476] 380
Started game 393 of 10000 (KingSafetyV2 vs Baseline)
Finished game 383 (KingSafetyV2 vs Baseline): 0-1 {Black wins by adjudication}
Score of KingSafetyV2 vs Baseline: 113 - 132 - 136  [0.475] 381
Started game 394 of 10000 (Baseline vs KingSafetyV2)
Finished game 384 (Baseline vs KingSafetyV2): 1/2-1/2 {Draw by 3-fold repetition}
Score of KingSafetyV2 vs Baseline: 113 - 132 - 137  [0.475] 382
Started game 395 of 10000 (KingSafetyV2 vs Baseline)
Finished game 381 (KingSafetyV2 vs Baseline): 1/2-1/2 {Draw by insufficient mating material}
Score of KingSafetyV2 vs Baseline: 113 - 132 - 138  [0.475] 383
Started game 396 of 10000 (Baseline vs KingSafetyV2)
Finished game 382 (Baseline vs KingSafetyV2): 1/2-1/2 {Draw by adjudication}
Score of KingSafetyV2 vs Baseline: 113 - 132 - 139  [0.475] 384
Started game 397 of 10000 (KingSafetyV2 vs Baseline)
Finished game 387 (KingSafetyV2 vs Baseline): 1/2-1/2 {Draw by 3-fold repetition}
Score of KingSafetyV2 vs Baseline: 113 - 132 - 140  [0.475] 385
Started game 398 of 10000 (Baseline vs KingSafetyV2)
Finished game 388 (Baseline vs KingSafetyV2): 1-0 {White wins by adjudication}
Score of KingSafetyV2 vs Baseline: 113 - 133 - 140  [0.474] 386
Started game 399 of 10000 (KingSafetyV2 vs Baseline)
Finished game 386 (Baseline vs KingSafetyV2): 0-1 {Black wins by adjudication}
Score of KingSafetyV2 vs Baseline: 114 - 133 - 140  [0.475] 387
Started game 400 of 10000 (Baseline vs KingSafetyV2)
Finished game 385 (KingSafetyV2 vs Baseline): 1-0 {White wins by adjudication}
Score of KingSafetyV2 vs Baseline: 115 - 133 - 140  [0.477] 388
Started game 401 of 10000 (KingSafetyV2 vs Baseline)
Finished game 389 (KingSafetyV2 vs Baseline): 1/2-1/2 {Draw by insufficient mating material}
Score of KingSafetyV2 vs Baseline: 115 - 133 - 141  [0.477] 389
Started game 402 of 10000 (Baseline vs KingSafetyV2)
Finished game 394 (Baseline vs KingSafetyV2): 1-0 {White wins by adjudication}
Score of KingSafetyV2 vs Baseline: 115 - 134 - 141  [0.476] 390
Started game 403 of 10000 (KingSafetyV2 vs Baseline)
Finished game 391 (KingSafetyV2 vs Baseline): 1/2-1/2 {Draw by adjudication}
Score of KingSafetyV2 vs Baseline: 115 - 134 - 142  [0.476] 391
Started game 404 of 10000 (Baseline vs KingSafetyV2)
Finished game 392 (Baseline vs KingSafetyV2): 1-0 {White wins by adjudication}
Score of KingSafetyV2 vs Baseline: 115 - 135 - 142  [0.474] 392
Started game 405 of 10000 (KingSafetyV2 vs Baseline)
Finished game 393 (KingSafetyV2 vs Baseline): 1-0 {White wins by adjudication}
Score of KingSafetyV2 vs Baseline: 116 - 135 - 142  [0.476] 393
Started game 406 of 10000 (Baseline vs KingSafetyV2)
Finished game 390 (Baseline vs KingSafetyV2): 1-0 {White wins by adjudication}
Score of KingSafetyV2 vs Baseline: 116 - 136 - 142  [0.475] 394
Started game 407 of 10000 (KingSafetyV2 vs Baseline)
Finished game 398 (Baseline vs KingSafetyV2): 0-1 {Black wins by adjudication}
Score of KingSafetyV2 vs Baseline: 117 - 136 - 142  [0.476] 395
Started game 408 of 10000 (Baseline vs KingSafetyV2)
Finished game 395 (KingSafetyV2 vs Baseline): 1/2-1/2 {Draw by insufficient mating material}
Score of KingSafetyV2 vs Baseline: 117 - 136 - 143  [0.476] 396
Started game 409 of 10000 (KingSafetyV2 vs Baseline)
Finished game 397 (KingSafetyV2 vs Baseline): 0-1 {Black wins by adjudication}
Score of KingSafetyV2 vs Baseline: 117 - 137 - 143  [0.475] 397
Started game 410 of 10000 (Baseline vs KingSafetyV2)
Finished game 400 (Baseline vs KingSafetyV2): 1-0 {White wins by adjudication}
Score of KingSafetyV2 vs Baseline: 117 - 138 - 143  [0.474] 398
Started game 411 of 10000 (KingSafetyV2 vs Baseline)
Finished game 396 (Baseline vs KingSafetyV2): 0-1 {Black wins by adjudication}
Score of KingSafetyV2 vs Baseline: 118 - 138 - 143  [0.475] 399
Started game 412 of 10000 (Baseline vs KingSafetyV2)
Finished game 399 (KingSafetyV2 vs Baseline): 1-0 {White wins by adjudication}
Score of KingSafetyV2 vs Baseline: 119 - 138 - 143  [0.476] 400
Started game 413 of 10000 (KingSafetyV2 vs Baseline)
Finished game 401 (KingSafetyV2 vs Baseline): 0-1 {Black wins by adjudication}
Score of KingSafetyV2 vs Baseline: 119 - 139 - 143  [0.475] 401
Started game 414 of 10000 (Baseline vs KingSafetyV2)
Finished game 402 (Baseline vs KingSafetyV2): 0-1 {Black wins by adjudication}
Score of KingSafetyV2 vs Baseline: 120 - 139 - 143  [0.476] 402
Started game 415 of 10000 (KingSafetyV2 vs Baseline)
Finished game 403 (KingSafetyV2 vs Baseline): 0-1 {Black wins by adjudication}
Score of KingSafetyV2 vs Baseline: 120 - 140 - 143  [0.475] 403
Started game 416 of 10000 (Baseline vs KingSafetyV2)
Finished game 407 (KingSafetyV2 vs Baseline): 1-0 {White wins by adjudication}
Score of KingSafetyV2 vs Baseline: 121 - 140 - 143  [0.476] 404
Started game 417 of 10000 (KingSafetyV2 vs Baseline)
Finished game 404 (Baseline vs KingSafetyV2): 0-1 {Black wins by adjudication}
Score of KingSafetyV2 vs Baseline: 122 - 140 - 143  [0.478] 405
Started game 418 of 10000 (Baseline vs KingSafetyV2)
Finished game 410 (Baseline vs KingSafetyV2): 0-1 {Black wins by adjudication}
Score of KingSafetyV2 vs Baseline: 123 - 140 - 143  [0.479] 406
Started game 419 of 10000 (KingSafetyV2 vs Baseline)
Finished game 411 (KingSafetyV2 vs Baseline): 1/2-1/2 {Draw by 3-fold repetition}
Score of KingSafetyV2 vs Baseline: 123 - 140 - 144  [0.479] 407
Started game 420 of 10000 (Baseline vs KingSafetyV2)
Finished game 405 (KingSafetyV2 vs Baseline): 1-0 {White wins by adjudication}
Score of KingSafetyV2 vs Baseline: 124 - 140 - 144  [0.480] 408
Started game 421 of 10000 (KingSafetyV2 vs Baseline)
Finished game 406 (Baseline vs KingSafetyV2): 1-0 {White wins by adjudication}
Score of KingSafetyV2 vs Baseline: 124 - 141 - 144  [0.479] 409
Started game 422 of 10000 (Baseline vs KingSafetyV2)
Finished game 409 (KingSafetyV2 vs Baseline): 0-1 {Black wins by adjudication}
Score of KingSafetyV2 vs Baseline: 124 - 142 - 144  [0.478] 410
Started game 423 of 10000 (KingSafetyV2 vs Baseline)
Finished game 408 (Baseline vs KingSafetyV2): 1-0 {White wins by adjudication}
Score of KingSafetyV2 vs Baseline: 124 - 143 - 144  [0.477] 411
Started game 424 of 10000 (Baseline vs KingSafetyV2)
Finished game 412 (Baseline vs KingSafetyV2): 1-0 {White wins by adjudication}
Score of KingSafetyV2 vs Baseline: 124 - 144 - 144  [0.476] 412
Started game 425 of 10000 (KingSafetyV2 vs Baseline)
Finished game 415 (KingSafetyV2 vs Baseline): 0-1 {Black wins by adjudication}
Score of KingSafetyV2 vs Baseline: 124 - 145 - 144  [0.475] 413
Started game 426 of 10000 (Baseline vs KingSafetyV2)
Finished game 414 (Baseline vs KingSafetyV2): 0-1 {Black wins by adjudication}
Score of KingSafetyV2 vs Baseline: 125 - 145 - 144  [0.476] 414
Started game 427 of 10000 (KingSafetyV2 vs Baseline)
Finished game 419 (KingSafetyV2 vs Baseline): 1/2-1/2 {Draw by adjudication}
Score of KingSafetyV2 vs Baseline: 125 - 145 - 145  [0.476] 415
Started game 428 of 10000 (Baseline vs KingSafetyV2)
Finished game 413 (KingSafetyV2 vs Baseline): 1/2-1/2 {Draw by insufficient mating material}
Score of KingSafetyV2 vs Baseline: 125 - 145 - 146  [0.476] 416
Started game 429 of 10000 (KingSafetyV2 vs Baseline)
Finished game 418 (Baseline vs KingSafetyV2): 0-1 {Black wins by adjudication}
Score of KingSafetyV2 vs Baseline: 126 - 145 - 146  [0.477] 417
Started game 430 of 10000 (Baseline vs KingSafetyV2)
Finished game 416 (Baseline vs KingSafetyV2): 1-0 {White wins by adjudication}
Score of KingSafetyV2 vs Baseline: 126 - 146 - 146  [0.476] 418
Started game 431 of 10000 (KingSafetyV2 vs Baseline)
Finished game 420 (Baseline vs KingSafetyV2): 1-0 {White wins by adjudication}
Score of KingSafetyV2 vs Baseline: 126 - 147 - 146  [0.475] 419
Started game 432 of 10000 (Baseline vs KingSafetyV2)
Finished game 422 (Baseline vs KingSafetyV2): 0-1 {Black wins by adjudication}
Score of KingSafetyV2 vs Baseline: 127 - 147 - 146  [0.476] 420
Started game 433 of 10000 (KingSafetyV2 vs Baseline)
Finished game 417 (KingSafetyV2 vs Baseline): 1/2-1/2 {Draw by adjudication}
Score of KingSafetyV2 vs Baseline: 127 - 147 - 147  [0.476] 421
Started game 434 of 10000 (Baseline vs KingSafetyV2)
Finished game 421 (KingSafetyV2 vs Baseline): 1/2-1/2 {Draw by 3-fold repetition}
Score of KingSafetyV2 vs Baseline: 127 - 147 - 148  [0.476] 422
Started game 435 of 10000 (KingSafetyV2 vs Baseline)
Finished game 423 (KingSafetyV2 vs Baseline): 1/2-1/2 {Draw by insufficient mating material}
Score of KingSafetyV2 vs Baseline: 127 - 147 - 149  [0.476] 423
Started game 436 of 10000 (Baseline vs KingSafetyV2)
Finished game 425 (KingSafetyV2 vs Baseline): 0-1 {Black wins by adjudication}
Score of KingSafetyV2 vs Baseline: 127 - 148 - 149  [0.475] 424
Started game 437 of 10000 (KingSafetyV2 vs Baseline)
Finished game 424 (Baseline vs KingSafetyV2): 0-1 {Black wins by adjudication}
Score of KingSafetyV2 vs Baseline: 128 - 148 - 149  [0.476] 425
Started game 438 of 10000 (Baseline vs KingSafetyV2)
Finished game 432 (Baseline vs KingSafetyV2): 1/2-1/2 {Draw by 3-fold repetition}
Score of KingSafetyV2 vs Baseline: 128 - 148 - 150  [0.477] 426
Started game 439 of 10000 (KingSafetyV2 vs Baseline)
Finished game 430 (Baseline vs KingSafetyV2): 0-1 {Black wins by adjudication}
Score of KingSafetyV2 vs Baseline: 129 - 148 - 150  [0.478] 427
Started game 440 of 10000 (Baseline vs KingSafetyV2)
Finished game 426 (Baseline vs KingSafetyV2): 0-1 {Black wins by adjudication}
Score of KingSafetyV2 vs Baseline: 130 - 148 - 150  [0.479] 428
Started game 441 of 10000 (KingSafetyV2 vs Baseline)
Finished game 428 (Baseline vs KingSafetyV2): 1-0 {White wins by adjudication}
Score of KingSafetyV2 vs Baseline: 130 - 149 - 150  [0.478] 429
Started game 442 of 10000 (Baseline vs KingSafetyV2)
Finished game 429 (KingSafetyV2 vs Baseline): 1-0 {White wins by adjudication}
Score of KingSafetyV2 vs Baseline: 131 - 149 - 150  [0.479] 430
Started game 443 of 10000 (KingSafetyV2 vs Baseline)
Finished game 427 (KingSafetyV2 vs Baseline): 0-1 {Black wins by adjudication}
Score of KingSafetyV2 vs Baseline: 131 - 150 - 150  [0.478] 431
Started game 444 of 10000 (Baseline vs KingSafetyV2)
Finished game 435 (KingSafetyV2 vs Baseline): 0-1 {Black wins by adjudication}
Score of KingSafetyV2 vs Baseline: 131 - 151 - 150  [0.477] 432
Started game 445 of 10000 (KingSafetyV2 vs Baseline)
Finished game 433 (KingSafetyV2 vs Baseline): 0-1 {Black wins by adjudication}
Score of KingSafetyV2 vs Baseline: 131 - 152 - 150  [0.476] 433
Started game 446 of 10000 (Baseline vs KingSafetyV2)
Finished game 431 (KingSafetyV2 vs Baseline): 0-1 {Black mates}
Score of KingSafetyV2 vs Baseline: 131 - 153 - 150  [0.475] 434
Started game 447 of 10000 (KingSafetyV2 vs Baseline)
Finished game 438 (Baseline vs KingSafetyV2): 1/2-1/2 {Draw by 3-fold repetition}
Score of KingSafetyV2 vs Baseline: 131 - 153 - 151  [0.475] 435
Started game 448 of 10000 (Baseline vs KingSafetyV2)
Finished game 434 (Baseline vs KingSafetyV2): 1/2-1/2 {Draw by adjudication}
Score of KingSafetyV2 vs Baseline: 131 - 153 - 152  [0.475] 436
Started game 449 of 10000 (KingSafetyV2 vs Baseline)
Finished game 436 (Baseline vs KingSafetyV2): 0-1 {Black wins by adjudication}
Score of KingSafetyV2 vs Baseline: 132 - 153 - 152  [0.476] 437
Started game 450 of 10000 (Baseline vs KingSafetyV2)
Finished game 437 (KingSafetyV2 vs Baseline): 1-0 {White wins by adjudication}
Score of KingSafetyV2 vs Baseline: 133 - 153 - 152  [0.477] 438
Started game 451 of 10000 (KingSafetyV2 vs Baseline)
Finished game 443 (KingSafetyV2 vs Baseline): 1/2-1/2 {Draw by 3-fold repetition}
Score of KingSafetyV2 vs Baseline: 133 - 153 - 153  [0.477] 439
Started game 452 of 10000 (Baseline vs KingSafetyV2)
Finished game 440 (Baseline vs KingSafetyV2): 1/2-1/2 {Draw by 3-fold repetition}
Score of KingSafetyV2 vs Baseline: 133 - 153 - 154  [0.477] 440
Started game 453 of 10000 (KingSafetyV2 vs Baseline)
Finished game 441 (KingSafetyV2 vs Baseline): 1/2-1/2 {Draw by 3-fold repetition}
Score of KingSafetyV2 vs Baseline: 133 - 153 - 155  [0.477] 441
Started game 454 of 10000 (Baseline vs KingSafetyV2)
Finished game 444 (Baseline vs KingSafetyV2): 1/2-1/2 {Draw by 3-fold repetition}
Score of KingSafetyV2 vs Baseline: 133 - 153 - 156  [0.477] 442
Started game 455 of 10000 (KingSafetyV2 vs Baseline)
Finished game 439 (KingSafetyV2 vs Baseline): 1-0 {White wins by adjudication}
Score of KingSafetyV2 vs Baseline: 134 - 153 - 156  [0.479] 443
Started game 456 of 10000 (Baseline vs KingSafetyV2)
Finished game 442 (Baseline vs KingSafetyV2): 1/2-1/2 {Draw by 3-fold repetition}
Score of KingSafetyV2 vs Baseline: 134 - 153 - 157  [0.479] 444
Started game 457 of 10000 (KingSafetyV2 vs Baseline)
Finished game 446 (Baseline vs KingSafetyV2): 1-0 {White wins by adjudication}
Score of KingSafetyV2 vs Baseline: 134 - 154 - 157  [0.478] 445
Started game 458 of 10000 (Baseline vs KingSafetyV2)
Finished game 447 (KingSafetyV2 vs Baseline): 0-1 {Black wins by adjudication}
Score of KingSafetyV2 vs Baseline: 134 - 155 - 157  [0.476] 446
Started game 459 of 10000 (KingSafetyV2 vs Baseline)
Finished game 450 (Baseline vs KingSafetyV2): 1/2-1/2 {Draw by adjudication}
Score of KingSafetyV2 vs Baseline: 134 - 155 - 158  [0.477] 447
Started game 460 of 10000 (Baseline vs KingSafetyV2)
Finished game 451 (KingSafetyV2 vs Baseline): 1-0 {White wins by adjudication}
Score of KingSafetyV2 vs Baseline: 135 - 155 - 158  [0.478] 448
Started game 461 of 10000 (KingSafetyV2 vs Baseline)
Finished game 448 (Baseline vs KingSafetyV2): 0-1 {Black wins by adjudication}
Score of KingSafetyV2 vs Baseline: 136 - 155 - 158  [0.479] 449
Started game 462 of 10000 (Baseline vs KingSafetyV2)
Finished game 449 (KingSafetyV2 vs Baseline): 0-1 {Black wins by adjudication}
Score of KingSafetyV2 vs Baseline: 136 - 156 - 158  [0.478] 450
Started game 463 of 10000 (KingSafetyV2 vs Baseline)
Finished game 452 (Baseline vs KingSafetyV2): 1-0 {White wins by adjudication}
Score of KingSafetyV2 vs Baseline: 136 - 157 - 158  [0.477] 451
Started game 464 of 10000 (Baseline vs KingSafetyV2)
Finished game 454 (Baseline vs KingSafetyV2): 1-0 {White wins by adjudication}
Score of KingSafetyV2 vs Baseline: 136 - 158 - 158  [0.476] 452
Started game 465 of 10000 (KingSafetyV2 vs Baseline)
Finished game 445 (KingSafetyV2 vs Baseline): 1/2-1/2 {Draw by fifty moves rule}
Score of KingSafetyV2 vs Baseline: 136 - 158 - 159  [0.476] 453
Started game 466 of 10000 (Baseline vs KingSafetyV2)
Finished game 455 (KingSafetyV2 vs Baseline): 1-0 {White wins by adjudication}
Score of KingSafetyV2 vs Baseline: 137 - 158 - 159  [0.477] 454
Started game 467 of 10000 (KingSafetyV2 vs Baseline)
Finished game 457 (KingSafetyV2 vs Baseline): 0-1 {Black wins by adjudication}
Score of KingSafetyV2 vs Baseline: 137 - 159 - 159  [0.476] 455
Started game 468 of 10000 (Baseline vs KingSafetyV2)
Finished game 456 (Baseline vs KingSafetyV2): 1-0 {White wins by adjudication}
Score of KingSafetyV2 vs Baseline: 137 - 160 - 159  [0.475] 456
Started game 469 of 10000 (KingSafetyV2 vs Baseline)
Finished game 460 (Baseline vs KingSafetyV2): 1-0 {White wins by adjudication}
Score of KingSafetyV2 vs Baseline: 137 - 161 - 159  [0.474] 457
Started game 470 of 10000 (Baseline vs KingSafetyV2)
Finished game 458 (Baseline vs KingSafetyV2): 1-0 {White wins by adjudication}
Score of KingSafetyV2 vs Baseline: 137 - 162 - 159  [0.473] 458
Started game 471 of 10000 (KingSafetyV2 vs Baseline)
Finished game 459 (KingSafetyV2 vs Baseline): 1-0 {White wins by adjudication}
Score of KingSafetyV2 vs Baseline: 138 - 162 - 159  [0.474] 459
Started game 472 of 10000 (Baseline vs KingSafetyV2)
Finished game 453 (KingSafetyV2 vs Baseline): 0-1 {Black wins by adjudication}
Score of KingSafetyV2 vs Baseline: 138 - 163 - 159  [0.473] 460
Started game 473 of 10000 (KingSafetyV2 vs Baseline)
Finished game 466 (Baseline vs KingSafetyV2): 0-1 {Black wins by adjudication}
Score of KingSafetyV2 vs Baseline: 139 - 163 - 159  [0.474] 461
Started game 474 of 10000 (Baseline vs KingSafetyV2)
Finished game 462 (Baseline vs KingSafetyV2): 1/2-1/2 {Draw by insufficient mating material}
Score of KingSafetyV2 vs Baseline: 139 - 163 - 160  [0.474] 462
Started game 475 of 10000 (KingSafetyV2 vs Baseline)
Finished game 465 (KingSafetyV2 vs Baseline): 1/2-1/2 {Draw by stalemate}
Score of KingSafetyV2 vs Baseline: 139 - 163 - 161  [0.474] 463
Started game 476 of 10000 (Baseline vs KingSafetyV2)
Finished game 463 (KingSafetyV2 vs Baseline): 1/2-1/2 {Draw by 3-fold repetition}
Score of KingSafetyV2 vs Baseline: 139 - 163 - 162  [0.474] 464
Started game 477 of 10000 (KingSafetyV2 vs Baseline)
Finished game 468 (Baseline vs KingSafetyV2): 1-0 {White wins by adjudication}
Score of KingSafetyV2 vs Baseline: 139 - 164 - 162  [0.473] 465
Started game 478 of 10000 (Baseline vs KingSafetyV2)
Finished game 469 (KingSafetyV2 vs Baseline): 1/2-1/2 {Draw by 3-fold repetition}
Score of KingSafetyV2 vs Baseline: 139 - 164 - 163  [0.473] 466
Started game 479 of 10000 (KingSafetyV2 vs Baseline)
Finished game 464 (Baseline vs KingSafetyV2): 0-1 {Black wins by adjudication}
Score of KingSafetyV2 vs Baseline: 140 - 164 - 163  [0.474] 467
Started game 480 of 10000 (Baseline vs KingSafetyV2)
Finished game 461 (KingSafetyV2 vs Baseline): 0-1 {Black wins by adjudication}
Score of KingSafetyV2 vs Baseline: 140 - 165 - 163  [0.473] 468
Started game 481 of 10000 (KingSafetyV2 vs Baseline)
Finished game 470 (Baseline vs KingSafetyV2): 0-1 {Black wins by adjudication}
Score of KingSafetyV2 vs Baseline: 141 - 165 - 163  [0.474] 469
Started game 482 of 10000 (Baseline vs KingSafetyV2)
Finished game 472 (Baseline vs KingSafetyV2): 1-0 {White wins by adjudication}
Score of KingSafetyV2 vs Baseline: 141 - 166 - 163  [0.473] 470
Started game 483 of 10000 (KingSafetyV2 vs Baseline)
Finished game 467 (KingSafetyV2 vs Baseline): 1/2-1/2 {Draw by insufficient mating material}
Score of KingSafetyV2 vs Baseline: 141 - 166 - 164  [0.473] 471
Started game 484 of 10000 (Baseline vs KingSafetyV2)
Finished game 471 (KingSafetyV2 vs Baseline): 1/2-1/2 {Draw by 3-fold repetition}
Score of KingSafetyV2 vs Baseline: 141 - 166 - 165  [0.474] 472
Started game 485 of 10000 (KingSafetyV2 vs Baseline)
Finished game 477 (KingSafetyV2 vs Baseline): 0-1 {Black wins by adjudication}
Score of KingSafetyV2 vs Baseline: 141 - 167 - 165  [0.473] 473
Started game 486 of 10000 (Baseline vs KingSafetyV2)
Finished game 474 (Baseline vs KingSafetyV2): 1-0 {White wins by adjudication}
Score of KingSafetyV2 vs Baseline: 141 - 168 - 165  [0.472] 474
Started game 487 of 10000 (KingSafetyV2 vs Baseline)
Finished game 480 (Baseline vs KingSafetyV2): 1-0 {White wins by adjudication}
Score of KingSafetyV2 vs Baseline: 141 - 169 - 165  [0.471] 475
Started game 488 of 10000 (Baseline vs KingSafetyV2)
Finished game 479 (KingSafetyV2 vs Baseline): 1-0 {White wins by adjudication}
Score of KingSafetyV2 vs Baseline: 142 - 169 - 165  [0.472] 476
Started game 489 of 10000 (KingSafetyV2 vs Baseline)
Finished game 473 (KingSafetyV2 vs Baseline): 0-1 {Black wins by adjudication}
Score of KingSafetyV2 vs Baseline: 142 - 170 - 165  [0.471] 477
Started game 490 of 10000 (Baseline vs KingSafetyV2)
Finished game 476 (Baseline vs KingSafetyV2): 0-1 {Black wins by adjudication}
Score of KingSafetyV2 vs Baseline: 143 - 170 - 165  [0.472] 478
Started game 491 of 10000 (KingSafetyV2 vs Baseline)
Finished game 481 (KingSafetyV2 vs Baseline): 0-1 {Black wins by adjudication}
Score of KingSafetyV2 vs Baseline: 143 - 171 - 165  [0.471] 479
Started game 492 of 10000 (Baseline vs KingSafetyV2)
Finished game 478 (Baseline vs KingSafetyV2): 1-0 {White wins by adjudication}
Score of KingSafetyV2 vs Baseline: 143 - 172 - 165  [0.470] 480
Started game 493 of 10000 (KingSafetyV2 vs Baseline)
Finished game 475 (KingSafetyV2 vs Baseline): 1/2-1/2 {Draw by fifty moves rule}
Score of KingSafetyV2 vs Baseline: 143 - 172 - 166  [0.470] 481
Started game 494 of 10000 (Baseline vs KingSafetyV2)
Finished game 483 (KingSafetyV2 vs Baseline): 1-0 {White wins by adjudication}
Score of KingSafetyV2 vs Baseline: 144 - 172 - 166  [0.471] 482
Started game 495 of 10000 (KingSafetyV2 vs Baseline)
Finished game 482 (Baseline vs KingSafetyV2): 0-1 {Black wins by adjudication}
Score of KingSafetyV2 vs Baseline: 145 - 172 - 166  [0.472] 483
Started game 496 of 10000 (Baseline vs KingSafetyV2)
Finished game 484 (Baseline vs KingSafetyV2): 1-0 {White wins by adjudication}
Score of KingSafetyV2 vs Baseline: 145 - 173 - 166  [0.471] 484
Started game 497 of 10000 (KingSafetyV2 vs Baseline)
Finished game 487 (KingSafetyV2 vs Baseline): 0-1 {Black wins by adjudication}
Score of KingSafetyV2 vs Baseline: 145 - 174 - 166  [0.470] 485
Started game 498 of 10000 (Baseline vs KingSafetyV2)
Finished game 488 (Baseline vs KingSafetyV2): 0-1 {Black wins by adjudication}
Score of KingSafetyV2 vs Baseline: 146 - 174 - 166  [0.471] 486
Started game 499 of 10000 (KingSafetyV2 vs Baseline)
Finished game 486 (Baseline vs KingSafetyV2): 1/2-1/2 {Draw by adjudication}
Score of KingSafetyV2 vs Baseline: 146 - 174 - 167  [0.471] 487
Started game 500 of 10000 (Baseline vs KingSafetyV2)
Finished game 492 (Baseline vs KingSafetyV2): 1/2-1/2 {Draw by 3-fold repetition}
Score of KingSafetyV2 vs Baseline: 146 - 174 - 168  [0.471] 488
Started game 501 of 10000 (KingSafetyV2 vs Baseline)
Finished game 491 (KingSafetyV2 vs Baseline): 0-1 {Black wins by adjudication}
Score of KingSafetyV2 vs Baseline: 146 - 175 - 168  [0.470] 489
Started game 502 of 10000 (Baseline vs KingSafetyV2)
Finished game 485 (KingSafetyV2 vs Baseline): 0-1 {Black wins by adjudication}
Score of KingSafetyV2 vs Baseline: 146 - 176 - 168  [0.469] 490
Started game 503 of 10000 (KingSafetyV2 vs Baseline)
Finished game 489 (KingSafetyV2 vs Baseline): 1-0 {White wins by adjudication}
Score of KingSafetyV2 vs Baseline: 147 - 176 - 168  [0.470] 491
Started game 504 of 10000 (Baseline vs KingSafetyV2)
Finished game 494 (Baseline vs KingSafetyV2): 1/2-1/2 {Draw by adjudication}
Score of KingSafetyV2 vs Baseline: 147 - 176 - 169  [0.471] 492
Started game 505 of 10000 (KingSafetyV2 vs Baseline)
Finished game 496 (Baseline vs KingSafetyV2): 0-1 {Black wins by adjudication}
Score of KingSafetyV2 vs Baseline: 148 - 176 - 169  [0.472] 493
Started game 506 of 10000 (Baseline vs KingSafetyV2)
Finished game 497 (KingSafetyV2 vs Baseline): 1/2-1/2 {Draw by adjudication}
Score of KingSafetyV2 vs Baseline: 148 - 176 - 170  [0.472] 494
Started game 507 of 10000 (KingSafetyV2 vs Baseline)
Finished game 498 (Baseline vs KingSafetyV2): 1/2-1/2 {Draw by 3-fold repetition}
Score of KingSafetyV2 vs Baseline: 148 - 176 - 171  [0.472] 495
Started game 508 of 10000 (Baseline vs KingSafetyV2)
Finished game 499 (KingSafetyV2 vs Baseline): 1-0 {White wins by adjudication}
Score of KingSafetyV2 vs Baseline: 149 - 176 - 171  [0.473] 496
Started game 509 of 10000 (KingSafetyV2 vs Baseline)
Finished game 490 (Baseline vs KingSafetyV2): 1/2-1/2 {Draw by insufficient mating material}
Score of KingSafetyV2 vs Baseline: 149 - 176 - 172  [0.473] 497
Started game 510 of 10000 (Baseline vs KingSafetyV2)
Finished game 500 (Baseline vs KingSafetyV2): 1/2-1/2 {Draw by 3-fold repetition}
Score of KingSafetyV2 vs Baseline: 149 - 176 - 173  [0.473] 498
Started game 511 of 10000 (KingSafetyV2 vs Baseline)
Finished game 495 (KingSafetyV2 vs Baseline): 1-0 {White mates}
Score of KingSafetyV2 vs Baseline: 150 - 176 - 173  [0.474] 499
Started game 512 of 10000 (Baseline vs KingSafetyV2)
Finished game 493 (KingSafetyV2 vs Baseline): 1/2-1/2 {Draw by fifty moves rule}
Score of KingSafetyV2 vs Baseline: 150 - 176 - 174  [0.474] 500
Started game 513 of 10000 (KingSafetyV2 vs Baseline)
Finished game 504 (Baseline vs KingSafetyV2): 1-0 {White wins by adjudication}
Score of KingSafetyV2 vs Baseline: 150 - 177 - 174  [0.473] 501
Started game 514 of 10000 (Baseline vs KingSafetyV2)
Finished game 501 (KingSafetyV2 vs Baseline): 1-0 {White wins by adjudication}
Score of KingSafetyV2 vs Baseline: 151 - 177 - 174  [0.474] 502
Started game 515 of 10000 (KingSafetyV2 vs Baseline)
Finished game 502 (Baseline vs KingSafetyV2): 0-1 {Black wins by adjudication}
Score of KingSafetyV2 vs Baseline: 152 - 177 - 174  [0.475] 503
Started game 516 of 10000 (Baseline vs KingSafetyV2)
Finished game 505 (KingSafetyV2 vs Baseline): 1-0 {White wins by adjudication}
Score of KingSafetyV2 vs Baseline: 153 - 177 - 174  [0.476] 504
Started game 517 of 10000 (KingSafetyV2 vs Baseline)
Finished game 503 (KingSafetyV2 vs Baseline): 1/2-1/2 {Draw by insufficient mating material}
Score of KingSafetyV2 vs Baseline: 153 - 177 - 175  [0.476] 505
Started game 518 of 10000 (Baseline vs KingSafetyV2)
Finished game 506 (Baseline vs KingSafetyV2): 0-1 {Black wins by adjudication}
Score of KingSafetyV2 vs Baseline: 154 - 177 - 175  [0.477] 506
Started game 519 of 10000 (KingSafetyV2 vs Baseline)
Finished game 512 (Baseline vs KingSafetyV2): 1/2-1/2 {Draw by 3-fold repetition}
Score of KingSafetyV2 vs Baseline: 154 - 177 - 176  [0.477] 507
Started game 520 of 10000 (Baseline vs KingSafetyV2)
Finished game 507 (KingSafetyV2 vs Baseline): 0-1 {Black wins by adjudication}
Score of KingSafetyV2 vs Baseline: 154 - 178 - 176  [0.476] 508
Started game 521 of 10000 (KingSafetyV2 vs Baseline)
Finished game 511 (KingSafetyV2 vs Baseline): 0-1 {Black wins by adjudication}
Score of KingSafetyV2 vs Baseline: 154 - 179 - 176  [0.475] 509
Started game 522 of 10000 (Baseline vs KingSafetyV2)
Finished game 508 (Baseline vs KingSafetyV2): 1-0 {White wins by adjudication}
Score of KingSafetyV2 vs Baseline: 154 - 180 - 176  [0.475] 510
Started game 523 of 10000 (KingSafetyV2 vs Baseline)
Finished game 509 (KingSafetyV2 vs Baseline): 1-0 {White wins by adjudication}
Score of KingSafetyV2 vs Baseline: 155 - 180 - 176  [0.476] 511
Started game 524 of 10000 (Baseline vs KingSafetyV2)
Finished game 510 (Baseline vs KingSafetyV2): 1/2-1/2 {Draw by insufficient mating material}
Score of KingSafetyV2 vs Baseline: 155 - 180 - 177  [0.476] 512
Started game 525 of 10000 (KingSafetyV2 vs Baseline)
Finished game 513 (KingSafetyV2 vs Baseline): 0-1 {Black wins by adjudication}
Score of KingSafetyV2 vs Baseline: 155 - 181 - 177  [0.475] 513
Started game 526 of 10000 (Baseline vs KingSafetyV2)
Finished game 516 (Baseline vs KingSafetyV2): 1-0 {White wins by adjudication}
Score of KingSafetyV2 vs Baseline: 155 - 182 - 177  [0.474] 514
Started game 527 of 10000 (KingSafetyV2 vs Baseline)
Finished game 518 (Baseline vs KingSafetyV2): 1/2-1/2 {Draw by 3-fold repetition}
Score of KingSafetyV2 vs Baseline: 155 - 182 - 178  [0.474] 515
Started game 528 of 10000 (Baseline vs KingSafetyV2)
Finished game 514 (Baseline vs KingSafetyV2): 1-0 {White wins by adjudication}
Score of KingSafetyV2 vs Baseline: 155 - 183 - 178  [0.473] 516
Started game 529 of 10000 (KingSafetyV2 vs Baseline)
Finished game 517 (KingSafetyV2 vs Baseline): 0-1 {Black wins by adjudication}
Score of KingSafetyV2 vs Baseline: 155 - 184 - 178  [0.472] 517
Started game 530 of 10000 (Baseline vs KingSafetyV2)
Finished game 515 (KingSafetyV2 vs Baseline): 1/2-1/2 {Draw by adjudication}
Score of KingSafetyV2 vs Baseline: 155 - 184 - 179  [0.472] 518
Started game 531 of 10000 (KingSafetyV2 vs Baseline)
Finished game 521 (KingSafetyV2 vs Baseline): 0-1 {Black wins by adjudication}
Score of KingSafetyV2 vs Baseline: 155 - 185 - 179  [0.471] 519
Started game 532 of 10000 (Baseline vs KingSafetyV2)
Finished game 522 (Baseline vs KingSafetyV2): 1-0 {White wins by adjudication}
Score of KingSafetyV2 vs Baseline: 155 - 186 - 179  [0.470] 520
Started game 533 of 10000 (KingSafetyV2 vs Baseline)
Finished game 526 (Baseline vs KingSafetyV2): 1-0 {White wins by adjudication}
Score of KingSafetyV2 vs Baseline: 155 - 187 - 179  [0.469] 521
Started game 534 of 10000 (Baseline vs KingSafetyV2)
Finished game 523 (KingSafetyV2 vs Baseline): 1/2-1/2 {Draw by 3-fold repetition}
Score of KingSafetyV2 vs Baseline: 155 - 187 - 180  [0.469] 522
Started game 535 of 10000 (KingSafetyV2 vs Baseline)
Finished game 525 (KingSafetyV2 vs Baseline): 1-0 {White wins by adjudication}
Score of KingSafetyV2 vs Baseline: 156 - 187 - 180  [0.470] 523
Started game 536 of 10000 (Baseline vs KingSafetyV2)
Finished game 527 (KingSafetyV2 vs Baseline): 0-1 {Black wins by adjudication}
Score of KingSafetyV2 vs Baseline: 156 - 188 - 180  [0.469] 524
Started game 537 of 10000 (KingSafetyV2 vs Baseline)
Finished game 528 (Baseline vs KingSafetyV2): 0-1 {Black wins by adjudication}
Score of KingSafetyV2 vs Baseline: 157 - 188 - 180  [0.470] 525
Started game 538 of 10000 (Baseline vs KingSafetyV2)
Finished game 524 (Baseline vs KingSafetyV2): 1-0 {White wins by adjudication}
Score of KingSafetyV2 vs Baseline: 157 - 189 - 180  [0.470] 526
Started game 539 of 10000 (KingSafetyV2 vs Baseline)
Finished game 529 (KingSafetyV2 vs Baseline): 1-0 {White wins by adjudication}
Score of KingSafetyV2 vs Baseline: 158 - 189 - 180  [0.471] 527
Started game 540 of 10000 (Baseline vs KingSafetyV2)
Finished game 520 (Baseline vs KingSafetyV2): 1/2-1/2 {Draw by adjudication}
Score of KingSafetyV2 vs Baseline: 158 - 189 - 181  [0.471] 528
Started game 541 of 10000 (KingSafetyV2 vs Baseline)
Finished game 519 (KingSafetyV2 vs Baseline): 1-0 {White wins by adjudication}
Score of KingSafetyV2 vs Baseline: 159 - 189 - 181  [0.472] 529
Started game 542 of 10000 (Baseline vs KingSafetyV2)
Finished game 530 (Baseline vs KingSafetyV2): 1-0 {White wins by adjudication}
Score of KingSafetyV2 vs Baseline: 159 - 190 - 181  [0.471] 530
Started game 543 of 10000 (KingSafetyV2 vs Baseline)
Finished game 532 (Baseline vs KingSafetyV2): 0-1 {Black wins by adjudication}
Score of KingSafetyV2 vs Baseline: 160 - 190 - 181  [0.472] 531
Started game 544 of 10000 (Baseline vs KingSafetyV2)
Finished game 537 (KingSafetyV2 vs Baseline): 1-0 {White mates}
Score of KingSafetyV2 vs Baseline: 161 - 190 - 181  [0.473] 532
Started game 545 of 10000 (KingSafetyV2 vs Baseline)
Finished game 531 (KingSafetyV2 vs Baseline): 1-0 {White wins by adjudication}
Score of KingSafetyV2 vs Baseline: 162 - 190 - 181  [0.474] 533
Started game 546 of 10000 (Baseline vs KingSafetyV2)
Finished game 536 (Baseline vs KingSafetyV2): 1/2-1/2 {Draw by adjudication}
Score of KingSafetyV2 vs Baseline: 162 - 190 - 182  [0.474] 534
Started game 547 of 10000 (KingSafetyV2 vs Baseline)
Finished game 533 (KingSafetyV2 vs Baseline): 0-1 {Black wins by adjudication}
Score of KingSafetyV2 vs Baseline: 162 - 191 - 182  [0.473] 535
Started game 548 of 10000 (Baseline vs KingSafetyV2)
Finished game 538 (Baseline vs KingSafetyV2): 1-0 {White wins by adjudication}
Score of KingSafetyV2 vs Baseline: 162 - 192 - 182  [0.472] 536
Started game 549 of 10000 (KingSafetyV2 vs Baseline)
Finished game 534 (Baseline vs KingSafetyV2): 1-0 {White wins by adjudication}
Score of KingSafetyV2 vs Baseline: 162 - 193 - 182  [0.471] 537
Started game 550 of 10000 (Baseline vs KingSafetyV2)
Finished game 535 (KingSafetyV2 vs Baseline): 1-0 {White wins by adjudication}
Score of KingSafetyV2 vs Baseline: 163 - 193 - 182  [0.472] 538
Started game 551 of 10000 (KingSafetyV2 vs Baseline)
Finished game 541 (KingSafetyV2 vs Baseline): 1-0 {White wins by adjudication}
Score of KingSafetyV2 vs Baseline: 164 - 193 - 182  [0.473] 539
Started game 552 of 10000 (Baseline vs KingSafetyV2)
Finished game 540 (Baseline vs KingSafetyV2): 0-1 {Black wins by adjudication}
Score of KingSafetyV2 vs Baseline: 165 - 193 - 182  [0.474] 540
Started game 553 of 10000 (KingSafetyV2 vs Baseline)
Finished game 542 (Baseline vs KingSafetyV2): 1-0 {White wins by adjudication}
Score of KingSafetyV2 vs Baseline: 165 - 194 - 182  [0.473] 541
Started game 554 of 10000 (Baseline vs KingSafetyV2)
Finished game 546 (Baseline vs KingSafetyV2): 1-0 {White wins by adjudication}
Score of KingSafetyV2 vs Baseline: 165 - 195 - 182  [0.472] 542
Started game 555 of 10000 (KingSafetyV2 vs Baseline)
Finished game 543 (KingSafetyV2 vs Baseline): 1-0 {White wins by adjudication}
Score of KingSafetyV2 vs Baseline: 166 - 195 - 182  [0.473] 543
Started game 556 of 10000 (Baseline vs KingSafetyV2)
Finished game 547 (KingSafetyV2 vs Baseline): 1-0 {White wins by adjudication}
Score of KingSafetyV2 vs Baseline: 167 - 195 - 182  [0.474] 544
Started game 557 of 10000 (KingSafetyV2 vs Baseline)
Finished game 539 (KingSafetyV2 vs Baseline): 1-0 {White wins by adjudication}
Score of KingSafetyV2 vs Baseline: 168 - 195 - 182  [0.475] 545
Started game 558 of 10000 (Baseline vs KingSafetyV2)
Finished game 544 (Baseline vs KingSafetyV2): 1-0 {White mates}
Score of KingSafetyV2 vs Baseline: 168 - 196 - 182  [0.474] 546
Started game 559 of 10000 (KingSafetyV2 vs Baseline)
Finished game 552 (Baseline vs KingSafetyV2): 1-0 {White wins by adjudication}
Score of KingSafetyV2 vs Baseline: 168 - 197 - 182  [0.473] 547
Started game 560 of 10000 (Baseline vs KingSafetyV2)
Finished game 549 (KingSafetyV2 vs Baseline): 1-0 {White wins by adjudication}
Score of KingSafetyV2 vs Baseline: 169 - 197 - 182  [0.474] 548
Started game 561 of 10000 (KingSafetyV2 vs Baseline)
Finished game 554 (Baseline vs KingSafetyV2): 1-0 {White wins by adjudication}
Score of KingSafetyV2 vs Baseline: 169 - 198 - 182  [0.474] 549
Started game 562 of 10000 (Baseline vs KingSafetyV2)
Finished game 548 (Baseline vs KingSafetyV2): 1/2-1/2 {Draw by insufficient mating material}
Score of KingSafetyV2 vs Baseline: 169 - 198 - 183  [0.474] 550
Started game 563 of 10000 (KingSafetyV2 vs Baseline)
Finished game 553 (KingSafetyV2 vs Baseline): 0-1 {Black wins by adjudication}
Score of KingSafetyV2 vs Baseline: 169 - 199 - 183  [0.473] 551
Started game 564 of 10000 (Baseline vs KingSafetyV2)
Finished game 545 (KingSafetyV2 vs Baseline): 1/2-1/2 {Draw by fifty moves rule}
Score of KingSafetyV2 vs Baseline: 169 - 199 - 184  [0.473] 552
Started game 565 of 10000 (KingSafetyV2 vs Baseline)
Finished game 550 (Baseline vs KingSafetyV2): 1/2-1/2 {Draw by adjudication}
Score of KingSafetyV2 vs Baseline: 169 - 199 - 185  [0.473] 553
Started game 566 of 10000 (Baseline vs KingSafetyV2)
Finished game 559 (KingSafetyV2 vs Baseline): 1-0 {White wins by adjudication}
Score of KingSafetyV2 vs Baseline: 170 - 199 - 185  [0.474] 554
Started game 567 of 10000 (KingSafetyV2 vs Baseline)
Finished game 555 (KingSafetyV2 vs Baseline): 1-0 {White wins by adjudication}
Score of KingSafetyV2 vs Baseline: 171 - 199 - 185  [0.475] 555
Started game 568 of 10000 (Baseline vs KingSafetyV2)
Finished game 556 (Baseline vs KingSafetyV2): 1-0 {White wins by adjudication}
Score of KingSafetyV2 vs Baseline: 171 - 200 - 185  [0.474] 556
Started game 569 of 10000 (KingSafetyV2 vs Baseline)
Finished game 551 (KingSafetyV2 vs Baseline): 1/2-1/2 {Draw by insufficient mating material}
Score of KingSafetyV2 vs Baseline: 171 - 200 - 186  [0.474] 557
Started game 570 of 10000 (Baseline vs KingSafetyV2)
Finished game 563 (KingSafetyV2 vs Baseline): 1/2-1/2 {Draw by 3-fold repetition}
Score of KingSafetyV2 vs Baseline: 171 - 200 - 187  [0.474] 558
Started game 571 of 10000 (KingSafetyV2 vs Baseline)
Finished game 560 (Baseline vs KingSafetyV2): 0-1 {Black wins by adjudication}
Score of KingSafetyV2 vs Baseline: 172 - 200 - 187  [0.475] 559
Started game 572 of 10000 (Baseline vs KingSafetyV2)
Finished game 558 (Baseline vs KingSafetyV2): 1-0 {White wins by adjudication}
Score of KingSafetyV2 vs Baseline: 172 - 201 - 187  [0.474] 560
Started game 573 of 10000 (KingSafetyV2 vs Baseline)
Finished game 567 (KingSafetyV2 vs Baseline): 1-0 {White wins by adjudication}
Score of KingSafetyV2 vs Baseline: 173 - 201 - 187  [0.475] 561
Started game 574 of 10000 (Baseline vs KingSafetyV2)
Finished game 561 (KingSafetyV2 vs Baseline): 1/2-1/2 {Draw by insufficient mating material}
Score of KingSafetyV2 vs Baseline: 173 - 201 - 188  [0.475] 562
Started game 575 of 10000 (KingSafetyV2 vs Baseline)
Finished game 557 (KingSafetyV2 vs Baseline): 0-1 {Black wins by adjudication}
Score of KingSafetyV2 vs Baseline: 173 - 202 - 188  [0.474] 563
Started game 576 of 10000 (Baseline vs KingSafetyV2)
Finished game 564 (Baseline vs KingSafetyV2): 0-1 {Black wins by adjudication}
Score of KingSafetyV2 vs Baseline: 174 - 202 - 188  [0.475] 564
Started game 577 of 10000 (KingSafetyV2 vs Baseline)
Finished game 566 (Baseline vs KingSafetyV2): 1-0 {White wins by adjudication}
Score of KingSafetyV2 vs Baseline: 174 - 203 - 188  [0.474] 565
Started game 578 of 10000 (Baseline vs KingSafetyV2)
Finished game 565 (KingSafetyV2 vs Baseline): 0-1 {Black wins by adjudication}
Score of KingSafetyV2 vs Baseline: 174 - 204 - 188  [0.473] 566
Started game 579 of 10000 (KingSafetyV2 vs Baseline)
Finished game 562 (Baseline vs KingSafetyV2): 0-1 {Black wins by adjudication}
Score of KingSafetyV2 vs Baseline: 175 - 204 - 188  [0.474] 567
Started game 580 of 10000 (Baseline vs KingSafetyV2)
Finished game 568 (Baseline vs KingSafetyV2): 0-1 {Black wins by adjudication}
Score of KingSafetyV2 vs Baseline: 176 - 204 - 188  [0.475] 568
Started game 581 of 10000 (KingSafetyV2 vs Baseline)
Finished game 572 (Baseline vs KingSafetyV2): 1-0 {White wins by adjudication}
Score of KingSafetyV2 vs Baseline: 176 - 205 - 188  [0.475] 569
Started game 582 of 10000 (Baseline vs KingSafetyV2)
Finished game 570 (Baseline vs KingSafetyV2): 1-0 {White wins by adjudication}
Score of KingSafetyV2 vs Baseline: 176 - 206 - 188  [0.474] 570
Started game 583 of 10000 (KingSafetyV2 vs Baseline)
Finished game 571 (KingSafetyV2 vs Baseline): 0-1 {Black wins by adjudication}
Score of KingSafetyV2 vs Baseline: 176 - 207 - 188  [0.473] 571
Started game 584 of 10000 (Baseline vs KingSafetyV2)
Finished game 569 (KingSafetyV2 vs Baseline): 0-1 {Black wins by adjudication}
Score of KingSafetyV2 vs Baseline: 176 - 208 - 188  [0.472] 572
Started game 585 of 10000 (KingSafetyV2 vs Baseline)
Finished game 576 (Baseline vs KingSafetyV2): 1-0 {White wins by adjudication}
Score of KingSafetyV2 vs Baseline: 176 - 209 - 188  [0.471] 573
Started game 586 of 10000 (Baseline vs KingSafetyV2)
Finished game 573 (KingSafetyV2 vs Baseline): 1-0 {White wins by adjudication}
Score of KingSafetyV2 vs Baseline: 177 - 209 - 188  [0.472] 574
Started game 587 of 10000 (KingSafetyV2 vs Baseline)
Finished game 579 (KingSafetyV2 vs Baseline): 1/2-1/2 {Draw by 3-fold repetition}
Score of KingSafetyV2 vs Baseline: 177 - 209 - 189  [0.472] 575
Started game 588 of 10000 (Baseline vs KingSafetyV2)
Finished game 575 (KingSafetyV2 vs Baseline): 1/2-1/2 {Draw by insufficient mating material}
Score of KingSafetyV2 vs Baseline: 177 - 209 - 190  [0.472] 576
Started game 589 of 10000 (KingSafetyV2 vs Baseline)
Finished game 574 (Baseline vs KingSafetyV2): 1-0 {White wins by adjudication}
Score of KingSafetyV2 vs Baseline: 177 - 210 - 190  [0.471] 577
Started game 590 of 10000 (Baseline vs KingSafetyV2)
Finished game 578 (Baseline vs KingSafetyV2): 1-0 {White wins by adjudication}
Score of KingSafetyV2 vs Baseline: 177 - 211 - 190  [0.471] 578
Finished game 580 (Baseline vs KingSafetyV2): 0-1 {Black wins by adjudication}
Score of KingSafetyV2 vs Baseline: 178 - 211 - 190  [0.472] 579
Started game 592 of 10000 (Baseline vs KingSafetyV2)
Started game 591 of 10000 (KingSafetyV2 vs Baseline)
Finished game 582 (Baseline vs KingSafetyV2): 1-0 {White wins by adjudication}
Score of KingSafetyV2 vs Baseline: 178 - 212 - 190  [0.471] 580
Started game 593 of 10000 (KingSafetyV2 vs Baseline)
Finished game 581 (KingSafetyV2 vs Baseline): 1-0 {White wins by adjudication}
Score of KingSafetyV2 vs Baseline: 179 - 212 - 190  [0.472] 581
Started game 594 of 10000 (Baseline vs KingSafetyV2)
Finished game 577 (KingSafetyV2 vs Baseline): 1-0 {White wins by adjudication}
Score of KingSafetyV2 vs Baseline: 180 - 212 - 190  [0.473] 582
Started game 595 of 10000 (KingSafetyV2 vs Baseline)
Finished game 583 (KingSafetyV2 vs Baseline): 1/2-1/2 {Draw by 3-fold repetition}
Score of KingSafetyV2 vs Baseline: 180 - 212 - 191  [0.473] 583
Started game 596 of 10000 (Baseline vs KingSafetyV2)
Finished game 584 (Baseline vs KingSafetyV2): 1/2-1/2 {Draw by fifty moves rule}
Score of KingSafetyV2 vs Baseline: 180 - 212 - 192  [0.473] 584
Started game 597 of 10000 (KingSafetyV2 vs Baseline)
Finished game 586 (Baseline vs KingSafetyV2): 1/2-1/2 {Draw by 3-fold repetition}
Score of KingSafetyV2 vs Baseline: 180 - 212 - 193  [0.473] 585
Started game 598 of 10000 (Baseline vs KingSafetyV2)
Finished game 585 (KingSafetyV2 vs Baseline): 1/2-1/2 {Draw by insufficient mating material}
Score of KingSafetyV2 vs Baseline: 180 - 212 - 194  [0.473] 586
Started game 599 of 10000 (KingSafetyV2 vs Baseline)
Finished game 592 (Baseline vs KingSafetyV2): 1-0 {White wins by adjudication}
Score of KingSafetyV2 vs Baseline: 180 - 213 - 194  [0.472] 587
Started game 600 of 10000 (Baseline vs KingSafetyV2)
Finished game 587 (KingSafetyV2 vs Baseline): 1-0 {White wins by adjudication}
Score of KingSafetyV2 vs Baseline: 181 - 213 - 194  [0.473] 588
Started game 601 of 10000 (KingSafetyV2 vs Baseline)
Finished game 590 (Baseline vs KingSafetyV2): 1-0 {White wins by adjudication}
Score of KingSafetyV2 vs Baseline: 181 - 214 - 194  [0.472] 589
Started game 602 of 10000 (Baseline vs KingSafetyV2)
Finished game 595 (KingSafetyV2 vs Baseline): 0-1 {Black wins by adjudication}
Score of KingSafetyV2 vs Baseline: 181 - 215 - 194  [0.471] 590
Started game 603 of 10000 (KingSafetyV2 vs Baseline)
Finished game 588 (Baseline vs KingSafetyV2): 1-0 {White wins by adjudication}
Score of KingSafetyV2 vs Baseline: 181 - 216 - 194  [0.470] 591
Started game 604 of 10000 (Baseline vs KingSafetyV2)
Finished game 596 (Baseline vs KingSafetyV2): 1/2-1/2 {Draw by 3-fold repetition}
Score of KingSafetyV2 vs Baseline: 181 - 216 - 195  [0.470] 592
Started game 605 of 10000 (KingSafetyV2 vs Baseline)
Finished game 589 (KingSafetyV2 vs Baseline): 0-1 {Black wins by adjudication}
Score of KingSafetyV2 vs Baseline: 181 - 217 - 195  [0.470] 593
Started game 606 of 10000 (Baseline vs KingSafetyV2)
Finished game 591 (KingSafetyV2 vs Baseline): 1-0 {White wins by adjudication}
Score of KingSafetyV2 vs Baseline: 182 - 217 - 195  [0.471] 594
Started game 607 of 10000 (KingSafetyV2 vs Baseline)
Finished game 593 (KingSafetyV2 vs Baseline): 1-0 {White wins by adjudication}
Score of KingSafetyV2 vs Baseline: 183 - 217 - 195  [0.471] 595
Started game 608 of 10000 (Baseline vs KingSafetyV2)
Finished game 594 (Baseline vs KingSafetyV2): 1-0 {White wins by adjudication}
Score of KingSafetyV2 vs Baseline: 183 - 218 - 195  [0.471] 596
Started game 609 of 10000 (KingSafetyV2 vs Baseline)
Finished game 597 (KingSafetyV2 vs Baseline): 1-0 {White wins by adjudication}
Score of KingSafetyV2 vs Baseline: 184 - 218 - 195  [0.472] 597
Started game 610 of 10000 (Baseline vs KingSafetyV2)
Finished game 600 (Baseline vs KingSafetyV2): 1-0 {White wins by adjudication}
Score of KingSafetyV2 vs Baseline: 184 - 219 - 195  [0.471] 598
Started game 611 of 10000 (KingSafetyV2 vs Baseline)
Finished game 601 (KingSafetyV2 vs Baseline): 0-1 {Black wins by adjudication}
Score of KingSafetyV2 vs Baseline: 184 - 220 - 195  [0.470] 599
Started game 612 of 10000 (Baseline vs KingSafetyV2)
Finished game 599 (KingSafetyV2 vs Baseline): 1/2-1/2 {Draw by adjudication}
Score of KingSafetyV2 vs Baseline: 184 - 220 - 196  [0.470] 600
Started game 613 of 10000 (KingSafetyV2 vs Baseline)
Finished game 602 (Baseline vs KingSafetyV2): 0-1 {Black wins by adjudication}
Score of KingSafetyV2 vs Baseline: 185 - 220 - 196  [0.471] 601
Started game 614 of 10000 (Baseline vs KingSafetyV2)
Finished game 604 (Baseline vs KingSafetyV2): 1-0 {White wins by adjudication}
Score of KingSafetyV2 vs Baseline: 185 - 221 - 196  [0.470] 602
Started game 615 of 10000 (KingSafetyV2 vs Baseline)
Finished game 603 (KingSafetyV2 vs Baseline): 1-0 {White wins by adjudication}
Score of KingSafetyV2 vs Baseline: 186 - 221 - 196  [0.471] 603
Started game 616 of 10000 (Baseline vs KingSafetyV2)
Finished game 605 (KingSafetyV2 vs Baseline): 1-0 {White wins by adjudication}
Score of KingSafetyV2 vs Baseline: 187 - 221 - 196  [0.472] 604
Started game 617 of 10000 (KingSafetyV2 vs Baseline)
Finished game 607 (KingSafetyV2 vs Baseline): 1-0 {White wins by adjudication}
Score of KingSafetyV2 vs Baseline: 188 - 221 - 196  [0.473] 605
Started game 618 of 10000 (Baseline vs KingSafetyV2)
Finished game 606 (Baseline vs KingSafetyV2): 1-0 {White wins by adjudication}
Score of KingSafetyV2 vs Baseline: 188 - 222 - 196  [0.472] 606
Started game 619 of 10000 (KingSafetyV2 vs Baseline)
Finished game 598 (Baseline vs KingSafetyV2): 1/2-1/2 {Draw by fifty moves rule}
Score of KingSafetyV2 vs Baseline: 188 - 222 - 197  [0.472] 607
Started game 620 of 10000 (Baseline vs KingSafetyV2)
Finished game 608 (Baseline vs KingSafetyV2): 1-0 {White wins by adjudication}
Score of KingSafetyV2 vs Baseline: 188 - 223 - 197  [0.471] 608
Started game 621 of 10000 (KingSafetyV2 vs Baseline)
Finished game 609 (KingSafetyV2 vs Baseline): 1/2-1/2 {Draw by adjudication}
Score of KingSafetyV2 vs Baseline: 188 - 223 - 198  [0.471] 609
Started game 622 of 10000 (Baseline vs KingSafetyV2)
Finished game 610 (Baseline vs KingSafetyV2): 1/2-1/2 {Draw by 3-fold repetition}
Score of KingSafetyV2 vs Baseline: 188 - 223 - 199  [0.471] 610
Started game 623 of 10000 (KingSafetyV2 vs Baseline)
Finished game 612 (Baseline vs KingSafetyV2): 1-0 {White wins by adjudication}
Score of KingSafetyV2 vs Baseline: 188 - 224 - 199  [0.471] 611
Started game 624 of 10000 (Baseline vs KingSafetyV2)
Finished game 611 (KingSafetyV2 vs Baseline): 0-1 {Black wins by adjudication}
Score of KingSafetyV2 vs Baseline: 188 - 225 - 199  [0.470] 612
Started game 625 of 10000 (KingSafetyV2 vs Baseline)
Finished game 614 (Baseline vs KingSafetyV2): 1/2-1/2 {Draw by adjudication}
Score of KingSafetyV2 vs Baseline: 188 - 225 - 200  [0.470] 613
Started game 626 of 10000 (Baseline vs KingSafetyV2)
Finished game 616 (Baseline vs KingSafetyV2): 1-0 {White wins by adjudication}
Score of KingSafetyV2 vs Baseline: 188 - 226 - 200  [0.469] 614
Started game 627 of 10000 (KingSafetyV2 vs Baseline)
Finished game 617 (KingSafetyV2 vs Baseline): 1/2-1/2 {Draw by 3-fold repetition}
Score of KingSafetyV2 vs Baseline: 188 - 226 - 201  [0.469] 615
Started game 628 of 10000 (Baseline vs KingSafetyV2)
Finished game 619 (KingSafetyV2 vs Baseline): 1/2-1/2 {Draw by 3-fold repetition}
Score of KingSafetyV2 vs Baseline: 188 - 226 - 202  [0.469] 616
Started game 629 of 10000 (KingSafetyV2 vs Baseline)
Finished game 613 (KingSafetyV2 vs Baseline): 1/2-1/2 {Draw by fifty moves rule}
Score of KingSafetyV2 vs Baseline: 188 - 226 - 203  [0.469] 617
Started game 630 of 10000 (Baseline vs KingSafetyV2)
Finished game 615 (KingSafetyV2 vs Baseline): 1/2-1/2 {Draw by insufficient mating material}
Score of KingSafetyV2 vs Baseline: 188 - 226 - 204  [0.469] 618
Started game 631 of 10000 (KingSafetyV2 vs Baseline)
Finished game 620 (Baseline vs KingSafetyV2): 1/2-1/2 {Draw by 3-fold repetition}
Score of KingSafetyV2 vs Baseline: 188 - 226 - 205  [0.469] 619
Started game 632 of 10000 (Baseline vs KingSafetyV2)
Finished game 622 (Baseline vs KingSafetyV2): 1-0 {White wins by adjudication}
Score of KingSafetyV2 vs Baseline: 188 - 227 - 205  [0.469] 620
Started game 633 of 10000 (KingSafetyV2 vs Baseline)
Finished game 621 (KingSafetyV2 vs Baseline): 1-0 {White wins by adjudication}
Score of KingSafetyV2 vs Baseline: 189 - 227 - 205  [0.469] 621
Started game 634 of 10000 (Baseline vs KingSafetyV2)
Finished game 623 (KingSafetyV2 vs Baseline): 1/2-1/2 {Draw by 3-fold repetition}
Score of KingSafetyV2 vs Baseline: 189 - 227 - 206  [0.469] 622
Started game 635 of 10000 (KingSafetyV2 vs Baseline)
Finished game 624 (Baseline vs KingSafetyV2): 0-1 {Black wins by adjudication}
Score of KingSafetyV2 vs Baseline: 190 - 227 - 206  [0.470] 623
Started game 636 of 10000 (Baseline vs KingSafetyV2)
Finished game 629 (KingSafetyV2 vs Baseline): 1-0 {White wins by adjudication}
Score of KingSafetyV2 vs Baseline: 191 - 227 - 206  [0.471] 624
Started game 637 of 10000 (KingSafetyV2 vs Baseline)
Finished game 618 (Baseline vs KingSafetyV2): 1/2-1/2 {Draw by insufficient mating material}
Score of KingSafetyV2 vs Baseline: 191 - 227 - 207  [0.471] 625
Started game 638 of 10000 (Baseline vs KingSafetyV2)
Finished game 630 (Baseline vs KingSafetyV2): 1-0 {White wins by adjudication}
Score of KingSafetyV2 vs Baseline: 191 - 228 - 207  [0.470] 626
Started game 639 of 10000 (KingSafetyV2 vs Baseline)
Finished game 626 (Baseline vs KingSafetyV2): 0-1 {Black wins by adjudication}
Score of KingSafetyV2 vs Baseline: 192 - 228 - 207  [0.471] 627
Started game 640 of 10000 (Baseline vs KingSafetyV2)
Finished game 625 (KingSafetyV2 vs Baseline): 0-1 {Black wins by adjudication}
Score of KingSafetyV2 vs Baseline: 192 - 229 - 207  [0.471] 628
Started game 641 of 10000 (KingSafetyV2 vs Baseline)
Finished game 628 (Baseline vs KingSafetyV2): 1-0 {White wins by adjudication}
Score of KingSafetyV2 vs Baseline: 192 - 230 - 207  [0.470] 629
Started game 642 of 10000 (Baseline vs KingSafetyV2)
Finished game 631 (KingSafetyV2 vs Baseline): 1/2-1/2 {Draw by insufficient mating material}
Score of KingSafetyV2 vs Baseline: 192 - 230 - 208  [0.470] 630
Started game 643 of 10000 (KingSafetyV2 vs Baseline)
Finished game 627 (KingSafetyV2 vs Baseline): 1-0 {White wins by adjudication}
Score of KingSafetyV2 vs Baseline: 193 - 230 - 208  [0.471] 631
Started game 644 of 10000 (Baseline vs KingSafetyV2)
Finished game 634 (Baseline vs KingSafetyV2): 1-0 {White wins by adjudication}
Score of KingSafetyV2 vs Baseline: 193 - 231 - 208  [0.470] 632
Started game 645 of 10000 (KingSafetyV2 vs Baseline)
Finished game 637 (KingSafetyV2 vs Baseline): 1-0 {White wins by adjudication}
Score of KingSafetyV2 vs Baseline: 194 - 231 - 208  [0.471] 633
Started game 646 of 10000 (Baseline vs KingSafetyV2)
Finished game 632 (Baseline vs KingSafetyV2): 0-1 {Black wins by adjudication}
Score of KingSafetyV2 vs Baseline: 195 - 231 - 208  [0.472] 634
Started game 647 of 10000 (KingSafetyV2 vs Baseline)
Finished game 633 (KingSafetyV2 vs Baseline): 1/2-1/2 {Draw by insufficient mating material}
Score of KingSafetyV2 vs Baseline: 195 - 231 - 209  [0.472] 635
Started game 648 of 10000 (Baseline vs KingSafetyV2)
Finished game 636 (Baseline vs KingSafetyV2): 0-1 {Black wins by adjudication}
Score of KingSafetyV2 vs Baseline: 196 - 231 - 209  [0.472] 636
Started game 649 of 10000 (KingSafetyV2 vs Baseline)
Finished game 638 (Baseline vs KingSafetyV2): 1/2-1/2 {Draw by 3-fold repetition}
Score of KingSafetyV2 vs Baseline: 196 - 231 - 210  [0.473] 637
Started game 650 of 10000 (Baseline vs KingSafetyV2)
Finished game 641 (KingSafetyV2 vs Baseline): 1-0 {White wins by adjudication}
Score of KingSafetyV2 vs Baseline: 197 - 231 - 210  [0.473] 638
Started game 651 of 10000 (KingSafetyV2 vs Baseline)
Finished game 639 (KingSafetyV2 vs Baseline): 0-1 {Black wins by adjudication}
Score of KingSafetyV2 vs Baseline: 197 - 232 - 210  [0.473] 639
Started game 652 of 10000 (Baseline vs KingSafetyV2)
Finished game 640 (Baseline vs KingSafetyV2): 0-1 {Black wins by adjudication}
Score of KingSafetyV2 vs Baseline: 198 - 232 - 210  [0.473] 640
Started game 653 of 10000 (KingSafetyV2 vs Baseline)
Finished game 646 (Baseline vs KingSafetyV2): 1/2-1/2 {Draw by 3-fold repetition}
Score of KingSafetyV2 vs Baseline: 198 - 232 - 211  [0.473] 641
Started game 654 of 10000 (Baseline vs KingSafetyV2)
Finished game 645 (KingSafetyV2 vs Baseline): 1-0 {White wins by adjudication}
Score of KingSafetyV2 vs Baseline: 199 - 232 - 211  [0.474] 642
Started game 655 of 10000 (KingSafetyV2 vs Baseline)
Finished game 642 (Baseline vs KingSafetyV2): 1-0 {White wins by adjudication}
Score of KingSafetyV2 vs Baseline: 199 - 233 - 211  [0.474] 643
Started game 656 of 10000 (Baseline vs KingSafetyV2)
Finished game 643 (KingSafetyV2 vs Baseline): 1/2-1/2 {Draw by insufficient mating material}
Score of KingSafetyV2 vs Baseline: 199 - 233 - 212  [0.474] 644
Started game 657 of 10000 (KingSafetyV2 vs Baseline)
Finished game 648 (Baseline vs KingSafetyV2): 1-0 {White wins by adjudication}
Score of KingSafetyV2 vs Baseline: 199 - 234 - 212  [0.473] 645
Started game 658 of 10000 (Baseline vs KingSafetyV2)
Finished game 649 (KingSafetyV2 vs Baseline): 1-0 {White wins by adjudication}
Score of KingSafetyV2 vs Baseline: 200 - 234 - 212  [0.474] 646
Started game 659 of 10000 (KingSafetyV2 vs Baseline)
Finished game 635 (KingSafetyV2 vs Baseline): 1/2-1/2 {Draw by insufficient mating material}
Score of KingSafetyV2 vs Baseline: 200 - 234 - 213  [0.474] 647
Started game 660 of 10000 (Baseline vs KingSafetyV2)
Finished game 650 (Baseline vs KingSafetyV2): 1-0 {White wins by adjudication}
Score of KingSafetyV2 vs Baseline: 200 - 235 - 213  [0.473] 648
Started game 661 of 10000 (KingSafetyV2 vs Baseline)
Finished game 655 (KingSafetyV2 vs Baseline): 1-0 {White wins by adjudication}
Score of KingSafetyV2 vs Baseline: 201 - 235 - 213  [0.474] 649
Started game 662 of 10000 (Baseline vs KingSafetyV2)
Finished game 653 (KingSafetyV2 vs Baseline): 1/2-1/2 {Draw by stalemate}
Score of KingSafetyV2 vs Baseline: 201 - 235 - 214  [0.474] 650
Started game 663 of 10000 (KingSafetyV2 vs Baseline)
Finished game 651 (KingSafetyV2 vs Baseline): 1/2-1/2 {Draw by 3-fold repetition}
Score of KingSafetyV2 vs Baseline: 201 - 235 - 215  [0.474] 651
Started game 664 of 10000 (Baseline vs KingSafetyV2)
Finished game 654 (Baseline vs KingSafetyV2): 1/2-1/2 {Draw by adjudication}
Score of KingSafetyV2 vs Baseline: 201 - 235 - 216  [0.474] 652
Started game 665 of 10000 (KingSafetyV2 vs Baseline)
Finished game 652 (Baseline vs KingSafetyV2): 1/2-1/2 {Draw by insufficient mating material}
Score of KingSafetyV2 vs Baseline: 201 - 235 - 217  [0.474] 653
Started game 666 of 10000 (Baseline vs KingSafetyV2)
Finished game 658 (Baseline vs KingSafetyV2): 1/2-1/2 {Draw by insufficient mating material}
Score of KingSafetyV2 vs Baseline: 201 - 235 - 218  [0.474] 654
Started game 667 of 10000 (KingSafetyV2 vs Baseline)
Finished game 647 (KingSafetyV2 vs Baseline): 1/2-1/2 {Draw by fifty moves rule}
Score of KingSafetyV2 vs Baseline: 201 - 235 - 219  [0.474] 655
Started game 668 of 10000 (Baseline vs KingSafetyV2)
Finished game 644 (Baseline vs KingSafetyV2): 1/2-1/2 {Draw by insufficient mating material}
Score of KingSafetyV2 vs Baseline: 201 - 235 - 220  [0.474] 656
Started game 669 of 10000 (KingSafetyV2 vs Baseline)
Finished game 656 (Baseline vs KingSafetyV2): 1/2-1/2 {Draw by adjudication}
Score of KingSafetyV2 vs Baseline: 201 - 235 - 221  [0.474] 657
Started game 670 of 10000 (Baseline vs KingSafetyV2)
Finished game 660 (Baseline vs KingSafetyV2): 1-0 {White wins by adjudication}
Score of KingSafetyV2 vs Baseline: 201 - 236 - 221  [0.473] 658
Started game 671 of 10000 (KingSafetyV2 vs Baseline)
Finished game 661 (KingSafetyV2 vs Baseline): 1-0 {White wins by adjudication}
Score of KingSafetyV2 vs Baseline: 202 - 236 - 221  [0.474] 659
Started game 672 of 10000 (Baseline vs KingSafetyV2)
Finished game 666 (Baseline vs KingSafetyV2): 1-0 {White wins by adjudication}
Score of KingSafetyV2 vs Baseline: 202 - 237 - 221  [0.473] 660
Started game 673 of 10000 (KingSafetyV2 vs Baseline)
Finished game 663 (KingSafetyV2 vs Baseline): 1-0 {White wins by adjudication}
Score of KingSafetyV2 vs Baseline: 203 - 237 - 221  [0.474] 661
Started game 674 of 10000 (Baseline vs KingSafetyV2)
Finished game 664 (Baseline vs KingSafetyV2): 1/2-1/2 {Draw by 3-fold repetition}
Score of KingSafetyV2 vs Baseline: 203 - 237 - 222  [0.474] 662
Started game 675 of 10000 (KingSafetyV2 vs Baseline)
Finished game 657 (KingSafetyV2 vs Baseline): 1/2-1/2 {Draw by fifty moves rule}
Score of KingSafetyV2 vs Baseline: 203 - 237 - 223  [0.474] 663
Started game 676 of 10000 (Baseline vs KingSafetyV2)
Finished game 665 (KingSafetyV2 vs Baseline): 1-0 {White wins by adjudication}
Score of KingSafetyV2 vs Baseline: 204 - 237 - 223  [0.475] 664
Started game 677 of 10000 (KingSafetyV2 vs Baseline)
Finished game 662 (Baseline vs KingSafetyV2): 1/2-1/2 {Draw by adjudication}
Score of KingSafetyV2 vs Baseline: 204 - 237 - 224  [0.475] 665
Started game 678 of 10000 (Baseline vs KingSafetyV2)
Finished game 659 (KingSafetyV2 vs Baseline): 0-1 {Black wins by adjudication}
Score of KingSafetyV2 vs Baseline: 204 - 238 - 224  [0.474] 666
Started game 679 of 10000 (KingSafetyV2 vs Baseline)
Finished game 667 (KingSafetyV2 vs Baseline): 0-1 {Black wins by adjudication}
Score of KingSafetyV2 vs Baseline: 204 - 239 - 224  [0.474] 667
Started game 680 of 10000 (Baseline vs KingSafetyV2)
Finished game 668 (Baseline vs KingSafetyV2): 1/2-1/2 {Draw by adjudication}
Score of KingSafetyV2 vs Baseline: 204 - 239 - 225  [0.474] 668
Started game 681 of 10000 (KingSafetyV2 vs Baseline)
Finished game 673 (KingSafetyV2 vs Baseline): 1-0 {White wins by adjudication}
Score of KingSafetyV2 vs Baseline: 205 - 239 - 225  [0.475] 669
Started game 682 of 10000 (Baseline vs KingSafetyV2)
Finished game 669 (KingSafetyV2 vs Baseline): 1/2-1/2 {Draw by 3-fold repetition}
Score of KingSafetyV2 vs Baseline: 205 - 239 - 226  [0.475] 670
Started game 683 of 10000 (KingSafetyV2 vs Baseline)
Finished game 678 (Baseline vs KingSafetyV2): 1/2-1/2 {Draw by 3-fold repetition}
Score of KingSafetyV2 vs Baseline: 205 - 239 - 227  [0.475] 671
Started game 684 of 10000 (Baseline vs KingSafetyV2)
Finished game 672 (Baseline vs KingSafetyV2): 1-0 {White wins by adjudication}
Score of KingSafetyV2 vs Baseline: 205 - 240 - 227  [0.474] 672
Started game 685 of 10000 (KingSafetyV2 vs Baseline)
Finished game 676 (Baseline vs KingSafetyV2): 0-1 {Black wins by adjudication}
Score of KingSafetyV2 vs Baseline: 206 - 240 - 227  [0.475] 673
Started game 686 of 10000 (Baseline vs KingSafetyV2)
Finished game 674 (Baseline vs KingSafetyV2): 1-0 {White wins by adjudication}
Score of KingSafetyV2 vs Baseline: 206 - 241 - 227  [0.474] 674
Started game 687 of 10000 (KingSafetyV2 vs Baseline)
Finished game 671 (KingSafetyV2 vs Baseline): 1/2-1/2 {Draw by insufficient mating material}
Score of KingSafetyV2 vs Baseline: 206 - 241 - 228  [0.474] 675
Started game 688 of 10000 (Baseline vs KingSafetyV2)
Finished game 670 (Baseline vs KingSafetyV2): 1/2-1/2 {Draw by fifty moves rule}
Score of KingSafetyV2 vs Baseline: 206 - 241 - 229  [0.474] 676
Started game 689 of 10000 (KingSafetyV2 vs Baseline)
Finished game 679 (KingSafetyV2 vs Baseline): 1-0 {White wins by adjudication}
Score of KingSafetyV2 vs Baseline: 207 - 241 - 229  [0.475] 677
Started game 690 of 10000 (Baseline vs KingSafetyV2)
Finished game 675 (KingSafetyV2 vs Baseline): 0-1 {Black wins by adjudication}
Score of KingSafetyV2 vs Baseline: 207 - 242 - 229  [0.474] 678
Started game 691 of 10000 (KingSafetyV2 vs Baseline)
Finished game 680 (Baseline vs KingSafetyV2): 1/2-1/2 {Draw by insufficient mating material}
Score of KingSafetyV2 vs Baseline: 207 - 242 - 230  [0.474] 679
Started game 692 of 10000 (Baseline vs KingSafetyV2)
Finished game 677 (KingSafetyV2 vs Baseline): 1-0 {White wins by adjudication}
Score of KingSafetyV2 vs Baseline: 208 - 242 - 230  [0.475] 680
Started game 693 of 10000 (KingSafetyV2 vs Baseline)
Finished game 684 (Baseline vs KingSafetyV2): 0-1 {Black wins by adjudication}
Score of KingSafetyV2 vs Baseline: 209 - 242 - 230  [0.476] 681
Started game 694 of 10000 (Baseline vs KingSafetyV2)
Finished game 681 (KingSafetyV2 vs Baseline): 1-0 {White wins by adjudication}
Score of KingSafetyV2 vs Baseline: 210 - 242 - 230  [0.477] 682
Started game 695 of 10000 (KingSafetyV2 vs Baseline)
Finished game 693 (KingSafetyV2 vs Baseline): 1/2-1/2 {Draw by 3-fold repetition}
Score of KingSafetyV2 vs Baseline: 210 - 242 - 231  [0.477] 683
Started game 696 of 10000 (Baseline vs KingSafetyV2)
Finished game 682 (Baseline vs KingSafetyV2): 1-0 {White wins by adjudication}
Score of KingSafetyV2 vs Baseline: 210 - 243 - 231  [0.476] 684
Started game 697 of 10000 (KingSafetyV2 vs Baseline)
Finished game 685 (KingSafetyV2 vs Baseline): 0-1 {Black wins by adjudication}
Score of KingSafetyV2 vs Baseline: 210 - 244 - 231  [0.475] 685
Started game 698 of 10000 (Baseline vs KingSafetyV2)
Finished game 688 (Baseline vs KingSafetyV2): 1-0 {White wins by adjudication}
Score of KingSafetyV2 vs Baseline: 210 - 245 - 231  [0.474] 686
Started game 699 of 10000 (KingSafetyV2 vs Baseline)
Finished game 683 (KingSafetyV2 vs Baseline): 1/2-1/2 {Draw by adjudication}
Score of KingSafetyV2 vs Baseline: 210 - 245 - 232  [0.475] 687
Started game 700 of 10000 (Baseline vs KingSafetyV2)
Finished game 686 (Baseline vs KingSafetyV2): 0-1 {Black wins by adjudication}
Score of KingSafetyV2 vs Baseline: 211 - 245 - 232  [0.475] 688
Started game 701 of 10000 (KingSafetyV2 vs Baseline)
Finished game 692 (Baseline vs KingSafetyV2): 1/2-1/2 {Draw by 3-fold repetition}
Score of KingSafetyV2 vs Baseline: 211 - 245 - 233  [0.475] 689
Started game 702 of 10000 (Baseline vs KingSafetyV2)
Finished game 691 (KingSafetyV2 vs Baseline): 0-1 {Black wins by adjudication}
Score of KingSafetyV2 vs Baseline: 211 - 246 - 233  [0.475] 690
Started game 703 of 10000 (KingSafetyV2 vs Baseline)
Finished game 687 (KingSafetyV2 vs Baseline): 0-1 {Black wins by adjudication}
Score of KingSafetyV2 vs Baseline: 211 - 247 - 233  [0.474] 691
Started game 704 of 10000 (Baseline vs KingSafetyV2)
Finished game 689 (KingSafetyV2 vs Baseline): 1-0 {White wins by adjudication}
Score of KingSafetyV2 vs Baseline: 212 - 247 - 233  [0.475] 692
Started game 705 of 10000 (KingSafetyV2 vs Baseline)
Finished game 690 (Baseline vs KingSafetyV2): 0-1 {Black wins by adjudication}
Score of KingSafetyV2 vs Baseline: 213 - 247 - 233  [0.475] 693
Started game 706 of 10000 (Baseline vs KingSafetyV2)
Finished game 695 (KingSafetyV2 vs Baseline): 1/2-1/2 {Draw by adjudication}
Score of KingSafetyV2 vs Baseline: 213 - 247 - 234  [0.476] 694
Started game 707 of 10000 (KingSafetyV2 vs Baseline)
Finished game 698 (Baseline vs KingSafetyV2): 0-1 {Black wins by adjudication}
Score of KingSafetyV2 vs Baseline: 214 - 247 - 234  [0.476] 695
Started game 708 of 10000 (Baseline vs KingSafetyV2)
Finished game 696 (Baseline vs KingSafetyV2): 0-1 {Black wins by adjudication}
Score of KingSafetyV2 vs Baseline: 215 - 247 - 234  [0.477] 696
Started game 709 of 10000 (KingSafetyV2 vs Baseline)
Finished game 703 (KingSafetyV2 vs Baseline): 1/2-1/2 {Draw by 3-fold repetition}
Score of KingSafetyV2 vs Baseline: 215 - 247 - 235  [0.477] 697
Started game 710 of 10000 (Baseline vs KingSafetyV2)
Finished game 699 (KingSafetyV2 vs Baseline): 0-1 {Black wins by adjudication}
Score of KingSafetyV2 vs Baseline: 215 - 248 - 235  [0.476] 698
Started game 711 of 10000 (KingSafetyV2 vs Baseline)
Finished game 701 (KingSafetyV2 vs Baseline): 1/2-1/2 {Draw by 3-fold repetition}
Score of KingSafetyV2 vs Baseline: 215 - 248 - 236  [0.476] 699
Started game 712 of 10000 (Baseline vs KingSafetyV2)
Finished game 694 (Baseline vs KingSafetyV2): 1-0 {White wins by adjudication}
Score of KingSafetyV2 vs Baseline: 215 - 249 - 236  [0.476] 700
Started game 713 of 10000 (KingSafetyV2 vs Baseline)
Finished game 702 (Baseline vs KingSafetyV2): 1-0 {White wins by adjudication}
Score of KingSafetyV2 vs Baseline: 215 - 250 - 236  [0.475] 701
Started game 714 of 10000 (Baseline vs KingSafetyV2)
Finished game 700 (Baseline vs KingSafetyV2): 1/2-1/2 {Draw by insufficient mating material}
Score of KingSafetyV2 vs Baseline: 215 - 250 - 237  [0.475] 702
Started game 715 of 10000 (KingSafetyV2 vs Baseline)
Finished game 697 (KingSafetyV2 vs Baseline): 1/2-1/2 {Draw by insufficient mating material}
Score of KingSafetyV2 vs Baseline: 215 - 250 - 238  [0.475] 703
Started game 716 of 10000 (Baseline vs KingSafetyV2)
Finished game 704 (Baseline vs KingSafetyV2): 1-0 {White wins by adjudication}
Score of KingSafetyV2 vs Baseline: 215 - 251 - 238  [0.474] 704
Started game 717 of 10000 (KingSafetyV2 vs Baseline)
Finished game 705 (KingSafetyV2 vs Baseline): 1-0 {White wins by adjudication}
Score of KingSafetyV2 vs Baseline: 216 - 251 - 238  [0.475] 705
Started game 718 of 10000 (Baseline vs KingSafetyV2)
Finished game 707 (KingSafetyV2 vs Baseline): 1/2-1/2 {Draw by 3-fold repetition}
Score of KingSafetyV2 vs Baseline: 216 - 251 - 239  [0.475] 706
Started game 719 of 10000 (KingSafetyV2 vs Baseline)
Finished game 711 (KingSafetyV2 vs Baseline): 1-0 {White wins by adjudication}
Score of KingSafetyV2 vs Baseline: 217 - 251 - 239  [0.476] 707
Started game 720 of 10000 (Baseline vs KingSafetyV2)
Finished game 709 (KingSafetyV2 vs Baseline): 0-1 {Black wins by adjudication}
Score of KingSafetyV2 vs Baseline: 217 - 252 - 239  [0.475] 708
Started game 721 of 10000 (KingSafetyV2 vs Baseline)
Finished game 714 (Baseline vs KingSafetyV2): 0-1 {Black mates}
Score of KingSafetyV2 vs Baseline: 218 - 252 - 239  [0.476] 709
Started game 722 of 10000 (Baseline vs KingSafetyV2)
Finished game 712 (Baseline vs KingSafetyV2): 1-0 {White wins by adjudication}
Score of KingSafetyV2 vs Baseline: 218 - 253 - 239  [0.475] 710
Started game 723 of 10000 (KingSafetyV2 vs Baseline)
Finished game 708 (Baseline vs KingSafetyV2): 1-0 {White wins by adjudication}
Score of KingSafetyV2 vs Baseline: 218 - 254 - 239  [0.475] 711
Started game 724 of 10000 (Baseline vs KingSafetyV2)
Finished game 713 (KingSafetyV2 vs Baseline): 0-1 {Black wins by adjudication}
Score of KingSafetyV2 vs Baseline: 218 - 255 - 239  [0.474] 712
Started game 725 of 10000 (KingSafetyV2 vs Baseline)
Finished game 717 (KingSafetyV2 vs Baseline): 1/2-1/2 {Draw by 3-fold repetition}
Score of KingSafetyV2 vs Baseline: 218 - 255 - 240  [0.474] 713
Started game 726 of 10000 (Baseline vs KingSafetyV2)
Finished game 706 (Baseline vs KingSafetyV2): 1/2-1/2 {Draw by fifty moves rule}
Score of KingSafetyV2 vs Baseline: 218 - 255 - 241  [0.474] 714
Started game 727 of 10000 (KingSafetyV2 vs Baseline)
Finished game 716 (Baseline vs KingSafetyV2): 0-1 {Black wins by adjudication}
Score of KingSafetyV2 vs Baseline: 219 - 255 - 241  [0.475] 715
Started game 728 of 10000 (Baseline vs KingSafetyV2)
Finished game 715 (KingSafetyV2 vs Baseline): 0-1 {Black wins by adjudication}
Score of KingSafetyV2 vs Baseline: 219 - 256 - 241  [0.474] 716
Started game 729 of 10000 (KingSafetyV2 vs Baseline)
Finished game 718 (Baseline vs KingSafetyV2): 1/2-1/2 {Draw by 3-fold repetition}
Score of KingSafetyV2 vs Baseline: 219 - 256 - 242  [0.474] 717
Started game 730 of 10000 (Baseline vs KingSafetyV2)
Finished game 710 (Baseline vs KingSafetyV2): 1-0 {White mates}
Score of KingSafetyV2 vs Baseline: 219 - 257 - 242  [0.474] 718
Started game 731 of 10000 (KingSafetyV2 vs Baseline)
Finished game 721 (KingSafetyV2 vs Baseline): 1/2-1/2 {Draw by 3-fold repetition}
Score of KingSafetyV2 vs Baseline: 219 - 257 - 243  [0.474] 719
Started game 732 of 10000 (Baseline vs KingSafetyV2)
Finished game 729 (KingSafetyV2 vs Baseline): 0-1 {Black wins by adjudication}
Score of KingSafetyV2 vs Baseline: 219 - 258 - 243  [0.473] 720
Started game 733 of 10000 (KingSafetyV2 vs Baseline)
Finished game 722 (Baseline vs KingSafetyV2): 0-1 {Black wins by adjudication}
Score of KingSafetyV2 vs Baseline: 220 - 258 - 243  [0.474] 721
Started game 734 of 10000 (Baseline vs KingSafetyV2)
Finished game 719 (KingSafetyV2 vs Baseline): 1/2-1/2 {Draw by adjudication}
Score of KingSafetyV2 vs Baseline: 220 - 258 - 244  [0.474] 722
Started game 735 of 10000 (KingSafetyV2 vs Baseline)
Finished game 728 (Baseline vs KingSafetyV2): 1/2-1/2 {Draw by 3-fold repetition}
Score of KingSafetyV2 vs Baseline: 220 - 258 - 245  [0.474] 723
Started game 736 of 10000 (Baseline vs KingSafetyV2)
Finished game 730 (Baseline vs KingSafetyV2): 0-1 {Black wins by adjudication}
Score of KingSafetyV2 vs Baseline: 221 - 258 - 245  [0.474] 724
Started game 737 of 10000 (KingSafetyV2 vs Baseline)
Finished game 726 (Baseline vs KingSafetyV2): 1-0 {White wins by adjudication}
Score of KingSafetyV2 vs Baseline: 221 - 259 - 245  [0.474] 725
Started game 738 of 10000 (Baseline vs KingSafetyV2)
Finished game 723 (KingSafetyV2 vs Baseline): 1/2-1/2 {Draw by insufficient mating material}
Score of KingSafetyV2 vs Baseline: 221 - 259 - 246  [0.474] 726
Started game 739 of 10000 (KingSafetyV2 vs Baseline)
Finished game 724 (Baseline vs KingSafetyV2): 1-0 {White wins by adjudication}
Score of KingSafetyV2 vs Baseline: 221 - 260 - 246  [0.473] 727
Started game 740 of 10000 (Baseline vs KingSafetyV2)
Finished game 725 (KingSafetyV2 vs Baseline): 0-1 {Black wins by adjudication}
Score of KingSafetyV2 vs Baseline: 221 - 261 - 246  [0.473] 728
Started game 741 of 10000 (KingSafetyV2 vs Baseline)
Finished game 720 (Baseline vs KingSafetyV2): 1/2-1/2 {Draw by fifty moves rule}
Score of KingSafetyV2 vs Baseline: 221 - 261 - 247  [0.473] 729
Started game 742 of 10000 (Baseline vs KingSafetyV2)
Finished game 731 (KingSafetyV2 vs Baseline): 0-1 {Black wins by adjudication}
Score of KingSafetyV2 vs Baseline: 221 - 262 - 247  [0.472] 730
Started game 743 of 10000 (KingSafetyV2 vs Baseline)
Finished game 727 (KingSafetyV2 vs Baseline): 0-1 {Black mates}
Score of KingSafetyV2 vs Baseline: 221 - 263 - 247  [0.471] 731
Started game 744 of 10000 (Baseline vs KingSafetyV2)
Finished game 732 (Baseline vs KingSafetyV2): 1-0 {White wins by adjudication}
Score of KingSafetyV2 vs Baseline: 221 - 264 - 247  [0.471] 732
Started game 745 of 10000 (KingSafetyV2 vs Baseline)
Finished game 733 (KingSafetyV2 vs Baseline): 1/2-1/2 {Draw by adjudication}
Score of KingSafetyV2 vs Baseline: 221 - 264 - 248  [0.471] 733
Started game 746 of 10000 (Baseline vs KingSafetyV2)
Finished game 740 (Baseline vs KingSafetyV2): 0-1 {Black wins by adjudication}
Score of KingSafetyV2 vs Baseline: 222 - 264 - 248  [0.471] 734
Started game 747 of 10000 (KingSafetyV2 vs Baseline)
Finished game 738 (Baseline vs KingSafetyV2): 0-1 {Black wins by adjudication}
Score of KingSafetyV2 vs Baseline: 223 - 264 - 248  [0.472] 735
Started game 748 of 10000 (Baseline vs KingSafetyV2)
Finished game 734 (Baseline vs KingSafetyV2): 1-0 {White wins by adjudication}
Score of KingSafetyV2 vs Baseline: 223 - 265 - 248  [0.471] 736
Started game 749 of 10000 (KingSafetyV2 vs Baseline)
Finished game 736 (Baseline vs KingSafetyV2): 0-1 {Black wins by adjudication}
Score of KingSafetyV2 vs Baseline: 224 - 265 - 248  [0.472] 737
Started game 750 of 10000 (Baseline vs KingSafetyV2)
Finished game 737 (KingSafetyV2 vs Baseline): 1-0 {White wins by adjudication}
Score of KingSafetyV2 vs Baseline: 225 - 265 - 248  [0.473] 738
Started game 751 of 10000 (KingSafetyV2 vs Baseline)
Finished game 741 (KingSafetyV2 vs Baseline): 0-1 {Black wins by adjudication}
Score of KingSafetyV2 vs Baseline: 225 - 266 - 248  [0.472] 739
Started game 752 of 10000 (Baseline vs KingSafetyV2)
Finished game 743 (KingSafetyV2 vs Baseline): 1-0 {White wins by adjudication}
Score of KingSafetyV2 vs Baseline: 226 - 266 - 248  [0.473] 740
Started game 753 of 10000 (KingSafetyV2 vs Baseline)
Finished game 742 (Baseline vs KingSafetyV2): 1-0 {White wins by adjudication}
Score of KingSafetyV2 vs Baseline: 226 - 267 - 248  [0.472] 741
Started game 754 of 10000 (Baseline vs KingSafetyV2)
Finished game 745 (KingSafetyV2 vs Baseline): 1/2-1/2 {Draw by adjudication}
Score of KingSafetyV2 vs Baseline: 226 - 267 - 249  [0.472] 742
Started game 755 of 10000 (KingSafetyV2 vs Baseline)
Finished game 744 (Baseline vs KingSafetyV2): 1/2-1/2 {Draw by insufficient mating material}
Score of KingSafetyV2 vs Baseline: 226 - 267 - 250  [0.472] 743
Started game 756 of 10000 (Baseline vs KingSafetyV2)
Finished game 735 (KingSafetyV2 vs Baseline): 1/2-1/2 {Draw by adjudication}
Score of KingSafetyV2 vs Baseline: 226 - 267 - 251  [0.472] 744
Started game 757 of 10000 (KingSafetyV2 vs Baseline)
Finished game 746 (Baseline vs KingSafetyV2): 0-1 {Black wins by adjudication}
Score of KingSafetyV2 vs Baseline: 227 - 267 - 251  [0.473] 745
Started game 758 of 10000 (Baseline vs KingSafetyV2)
Finished game 747 (KingSafetyV2 vs Baseline): 1/2-1/2 {Draw by adjudication}
Score of KingSafetyV2 vs Baseline: 227 - 267 - 252  [0.473] 746
Started game 759 of 10000 (KingSafetyV2 vs Baseline)
Finished game 750 (Baseline vs KingSafetyV2): 0-1 {Black wins by adjudication}
Score of KingSafetyV2 vs Baseline: 228 - 267 - 252  [0.474] 747
Started game 760 of 10000 (Baseline vs KingSafetyV2)
Finished game 752 (Baseline vs KingSafetyV2): 1/2-1/2 {Draw by 3-fold repetition}
Score of KingSafetyV2 vs Baseline: 228 - 267 - 253  [0.474] 748
Started game 761 of 10000 (KingSafetyV2 vs Baseline)
Finished game 749 (KingSafetyV2 vs Baseline): 1/2-1/2 {Draw by insufficient mating material}
Score of KingSafetyV2 vs Baseline: 228 - 267 - 254  [0.474] 749
Started game 762 of 10000 (Baseline vs KingSafetyV2)
Finished game 751 (KingSafetyV2 vs Baseline): 0-1 {Black wins by adjudication}
Score of KingSafetyV2 vs Baseline: 228 - 268 - 254  [0.473] 750
Started game 763 of 10000 (KingSafetyV2 vs Baseline)
Finished game 748 (Baseline vs KingSafetyV2): 0-1 {Black wins by adjudication}
Score of KingSafetyV2 vs Baseline: 229 - 268 - 254  [0.474] 751
Started game 764 of 10000 (Baseline vs KingSafetyV2)
Finished game 739 (KingSafetyV2 vs Baseline): 1/2-1/2 {Draw by fifty moves rule}
Score of KingSafetyV2 vs Baseline: 229 - 268 - 255  [0.474] 752
Started game 765 of 10000 (KingSafetyV2 vs Baseline)
Finished game 755 (KingSafetyV2 vs Baseline): 1/2-1/2 {Draw by 3-fold repetition}
Score of KingSafetyV2 vs Baseline: 229 - 268 - 256  [0.474] 753
Started game 766 of 10000 (Baseline vs KingSafetyV2)
Finished game 753 (KingSafetyV2 vs Baseline): 1/2-1/2 {Draw by adjudication}
Score of KingSafetyV2 vs Baseline: 229 - 268 - 257  [0.474] 754
Started game 767 of 10000 (KingSafetyV2 vs Baseline)
Finished game 754 (Baseline vs KingSafetyV2): 1-0 {White wins by adjudication}
Score of KingSafetyV2 vs Baseline: 229 - 269 - 257  [0.474] 755
Started game 768 of 10000 (Baseline vs KingSafetyV2)
Finished game 757 (KingSafetyV2 vs Baseline): 0-1 {Black wins by adjudication}
Score of KingSafetyV2 vs Baseline: 229 - 270 - 257  [0.473] 756
Started game 769 of 10000 (KingSafetyV2 vs Baseline)
Finished game 758 (Baseline vs KingSafetyV2): 1/2-1/2 {Draw by 3-fold repetition}
Score of KingSafetyV2 vs Baseline: 229 - 270 - 258  [0.473] 757
Started game 770 of 10000 (Baseline vs KingSafetyV2)
Finished game 759 (KingSafetyV2 vs Baseline): 1/2-1/2 {Draw by insufficient mating material}
Score of KingSafetyV2 vs Baseline: 229 - 270 - 259  [0.473] 758
Started game 771 of 10000 (KingSafetyV2 vs Baseline)
Finished game 756 (Baseline vs KingSafetyV2): 0-1 {Black wins by adjudication}
Score of KingSafetyV2 vs Baseline: 230 - 270 - 259  [0.474] 759
Started game 772 of 10000 (Baseline vs KingSafetyV2)
Finished game 760 (Baseline vs KingSafetyV2): 1/2-1/2 {Draw by insufficient mating material}
Score of KingSafetyV2 vs Baseline: 230 - 270 - 260  [0.474] 760
Started game 773 of 10000 (KingSafetyV2 vs Baseline)
Finished game 763 (KingSafetyV2 vs Baseline): 1-0 {White wins by adjudication}
Score of KingSafetyV2 vs Baseline: 231 - 270 - 260  [0.474] 761
Started game 774 of 10000 (Baseline vs KingSafetyV2)
Finished game 764 (Baseline vs KingSafetyV2): 1-0 {White wins by adjudication}
Score of KingSafetyV2 vs Baseline: 231 - 271 - 260  [0.474] 762
Started game 775 of 10000 (KingSafetyV2 vs Baseline)
Finished game 765 (KingSafetyV2 vs Baseline): 0-1 {Black wins by adjudication}
Score of KingSafetyV2 vs Baseline: 231 - 272 - 260  [0.473] 763
Started game 776 of 10000 (Baseline vs KingSafetyV2)
Finished game 766 (Baseline vs KingSafetyV2): 0-1 {Black wins by adjudication}
Score of KingSafetyV2 vs Baseline: 232 - 272 - 260  [0.474] 764
Started game 777 of 10000 (KingSafetyV2 vs Baseline)
Finished game 774 (Baseline vs KingSafetyV2): 1/2-1/2 {Draw by 3-fold repetition}
Score of KingSafetyV2 vs Baseline: 232 - 272 - 261  [0.474] 765
Started game 778 of 10000 (Baseline vs KingSafetyV2)
Finished game 762 (Baseline vs KingSafetyV2): 1/2-1/2 {Draw by 3-fold repetition}
Score of KingSafetyV2 vs Baseline: 232 - 272 - 262  [0.474] 766
Started game 779 of 10000 (KingSafetyV2 vs Baseline)
Finished game 768 (Baseline vs KingSafetyV2): 1/2-1/2 {Draw by adjudication}
Score of KingSafetyV2 vs Baseline: 232 - 272 - 263  [0.474] 767
Started game 780 of 10000 (Baseline vs KingSafetyV2)
Finished game 761 (KingSafetyV2 vs Baseline): 0-1 {Black wins by adjudication}
Score of KingSafetyV2 vs Baseline: 232 - 273 - 263  [0.473] 768
Started game 781 of 10000 (KingSafetyV2 vs Baseline)
Finished game 772 (Baseline vs KingSafetyV2): 1-0 {White wins by adjudication}
Score of KingSafetyV2 vs Baseline: 232 - 274 - 263  [0.473] 769
Started game 782 of 10000 (Baseline vs KingSafetyV2)
Finished game 769 (KingSafetyV2 vs Baseline): 1-0 {White wins by adjudication}
Score of KingSafetyV2 vs Baseline: 233 - 274 - 263  [0.473] 770
Started game 783 of 10000 (KingSafetyV2 vs Baseline)
Finished game 773 (KingSafetyV2 vs Baseline): 0-1 {Black wins by adjudication}
Score of KingSafetyV2 vs Baseline: 233 - 275 - 263  [0.473] 771
Started game 784 of 10000 (Baseline vs KingSafetyV2)
Finished game 771 (KingSafetyV2 vs Baseline): 0-1 {Black wins by adjudication}
Score of KingSafetyV2 vs Baseline: 233 - 276 - 263  [0.472] 772
Started game 785 of 10000 (KingSafetyV2 vs Baseline)
Finished game 770 (Baseline vs KingSafetyV2): 1/2-1/2 {Draw by adjudication}
Score of KingSafetyV2 vs Baseline: 233 - 276 - 264  [0.472] 773
Started game 786 of 10000 (Baseline vs KingSafetyV2)
Finished game 767 (KingSafetyV2 vs Baseline): 0-1 {Black wins by adjudication}
Score of KingSafetyV2 vs Baseline: 233 - 277 - 264  [0.472] 774
Started game 787 of 10000 (KingSafetyV2 vs Baseline)
Finished game 777 (KingSafetyV2 vs Baseline): 1/2-1/2 {Draw by adjudication}
Score of KingSafetyV2 vs Baseline: 233 - 277 - 265  [0.472] 775
Started game 788 of 10000 (Baseline vs KingSafetyV2)
Finished game 780 (Baseline vs KingSafetyV2): 1/2-1/2 {Draw by 3-fold repetition}
Score of KingSafetyV2 vs Baseline: 233 - 277 - 266  [0.472] 776
Started game 789 of 10000 (KingSafetyV2 vs Baseline)
Finished game 778 (Baseline vs KingSafetyV2): 0-1 {Black wins by adjudication}
Score of KingSafetyV2 vs Baseline: 234 - 277 - 266  [0.472] 777
Started game 790 of 10000 (Baseline vs KingSafetyV2)
Finished game 775 (KingSafetyV2 vs Baseline): 1/2-1/2 {Draw by fifty moves rule}
Score of KingSafetyV2 vs Baseline: 234 - 277 - 267  [0.472] 778
Started game 791 of 10000 (KingSafetyV2 vs Baseline)
Finished game 786 (Baseline vs KingSafetyV2): 1/2-1/2 {Draw by 3-fold repetition}
Score of KingSafetyV2 vs Baseline: 234 - 277 - 268  [0.472] 779
Started game 792 of 10000 (Baseline vs KingSafetyV2)
Finished game 779 (KingSafetyV2 vs Baseline): 0-1 {Black wins by adjudication}
Score of KingSafetyV2 vs Baseline: 234 - 278 - 268  [0.472] 780
Started game 793 of 10000 (KingSafetyV2 vs Baseline)
Finished game 785 (KingSafetyV2 vs Baseline): 1/2-1/2 {Draw by 3-fold repetition}
Score of KingSafetyV2 vs Baseline: 234 - 278 - 269  [0.472] 781
Started game 794 of 10000 (Baseline vs KingSafetyV2)
Finished game 776 (Baseline vs KingSafetyV2): 1-0 {White mates}
Score of KingSafetyV2 vs Baseline: 234 - 279 - 269  [0.471] 782
Started game 795 of 10000 (KingSafetyV2 vs Baseline)
Finished game 783 (KingSafetyV2 vs Baseline): 1/2-1/2 {Draw by adjudication}
Score of KingSafetyV2 vs Baseline: 234 - 279 - 270  [0.471] 783
Started game 796 of 10000 (Baseline vs KingSafetyV2)
Finished game 787 (KingSafetyV2 vs Baseline): 1/2-1/2 {Draw by 3-fold repetition}
Score of KingSafetyV2 vs Baseline: 234 - 279 - 271  [0.471] 784
Started game 797 of 10000 (KingSafetyV2 vs Baseline)
Finished game 781 (KingSafetyV2 vs Baseline): 1-0 {White wins by adjudication}
Score of KingSafetyV2 vs Baseline: 235 - 279 - 271  [0.472] 785
Started game 798 of 10000 (Baseline vs KingSafetyV2)
Finished game 782 (Baseline vs KingSafetyV2): 1/2-1/2 {Draw by fifty moves rule}
Score of KingSafetyV2 vs Baseline: 235 - 279 - 272  [0.472] 786
Started game 799 of 10000 (KingSafetyV2 vs Baseline)
Finished game 790 (Baseline vs KingSafetyV2): 0-1 {Black wins by adjudication}
Score of KingSafetyV2 vs Baseline: 236 - 279 - 272  [0.473] 787
Started game 800 of 10000 (Baseline vs KingSafetyV2)
Finished game 784 (Baseline vs KingSafetyV2): 1/2-1/2 {Draw by adjudication}
Score of KingSafetyV2 vs Baseline: 236 - 279 - 273  [0.473] 788
Started game 801 of 10000 (KingSafetyV2 vs Baseline)
Finished game 788 (Baseline vs KingSafetyV2): 1-0 {White wins by adjudication}
Score of KingSafetyV2 vs Baseline: 236 - 280 - 273  [0.472] 789
Started game 802 of 10000 (Baseline vs KingSafetyV2)
Finished game 789 (KingSafetyV2 vs Baseline): 1/2-1/2 {Draw by adjudication}
Score of KingSafetyV2 vs Baseline: 236 - 280 - 274  [0.472] 790
Started game 803 of 10000 (KingSafetyV2 vs Baseline)
Finished game 792 (Baseline vs KingSafetyV2): 1/2-1/2 {Draw by 3-fold repetition}
Score of KingSafetyV2 vs Baseline: 236 - 280 - 275  [0.472] 791
Started game 804 of 10000 (Baseline vs KingSafetyV2)
Finished game 791 (KingSafetyV2 vs Baseline): 1-0 {White wins by adjudication}
Score of KingSafetyV2 vs Baseline: 237 - 280 - 275  [0.473] 792
Started game 805 of 10000 (KingSafetyV2 vs Baseline)
Finished game 798 (Baseline vs KingSafetyV2): 1/2-1/2 {Draw by insufficient mating material}
Score of KingSafetyV2 vs Baseline: 237 - 280 - 276  [0.473] 793
Started game 806 of 10000 (Baseline vs KingSafetyV2)
Finished game 796 (Baseline vs KingSafetyV2): 1-0 {White wins by adjudication}
Score of KingSafetyV2 vs Baseline: 237 - 281 - 276  [0.472] 794
Started game 807 of 10000 (KingSafetyV2 vs Baseline)
Finished game 793 (KingSafetyV2 vs Baseline): 1-0 {White mates}
Score of KingSafetyV2 vs Baseline: 238 - 281 - 276  [0.473] 795
Started game 808 of 10000 (Baseline vs KingSafetyV2)
Finished game 795 (KingSafetyV2 vs Baseline): 0-1 {Black wins by adjudication}
Score of KingSafetyV2 vs Baseline: 238 - 282 - 276  [0.472] 796
Started game 809 of 10000 (KingSafetyV2 vs Baseline)
Finished game 801 (KingSafetyV2 vs Baseline): 1/2-1/2 {Draw by 3-fold repetition}
Score of KingSafetyV2 vs Baseline: 238 - 282 - 277  [0.472] 797
Started game 810 of 10000 (Baseline vs KingSafetyV2)
Finished game 797 (KingSafetyV2 vs Baseline): 1/2-1/2 {Draw by insufficient mating material}
Score of KingSafetyV2 vs Baseline: 238 - 282 - 278  [0.472] 798
Started game 811 of 10000 (KingSafetyV2 vs Baseline)
Finished game 799 (KingSafetyV2 vs Baseline): 0-1 {Black wins by adjudication}
Score of KingSafetyV2 vs Baseline: 238 - 283 - 278  [0.472] 799
Started game 812 of 10000 (Baseline vs KingSafetyV2)
Finished game 794 (Baseline vs KingSafetyV2): 1/2-1/2 {Draw by fifty moves rule}
Score of KingSafetyV2 vs Baseline: 238 - 283 - 279  [0.472] 800
Started game 813 of 10000 (KingSafetyV2 vs Baseline)
Finished game 802 (Baseline vs KingSafetyV2): 1/2-1/2 {Draw by 3-fold repetition}
Score of KingSafetyV2 vs Baseline: 238 - 283 - 280  [0.472] 801
Started game 814 of 10000 (Baseline vs KingSafetyV2)
Finished game 800 (Baseline vs KingSafetyV2): 1/2-1/2 {Draw by adjudication}
Score of KingSafetyV2 vs Baseline: 238 - 283 - 281  [0.472] 802
Started game 815 of 10000 (KingSafetyV2 vs Baseline)
Finished game 806 (Baseline vs KingSafetyV2): 0-1 {Black wins by adjudication}
Score of KingSafetyV2 vs Baseline: 239 - 283 - 281  [0.473] 803
Started game 816 of 10000 (Baseline vs KingSafetyV2)
Finished game 804 (Baseline vs KingSafetyV2): 1/2-1/2 {Draw by insufficient mating material}
Score of KingSafetyV2 vs Baseline: 239 - 283 - 282  [0.473] 804
Started game 817 of 10000 (KingSafetyV2 vs Baseline)
Finished game 817 (KingSafetyV2 vs Baseline): 0-1 {Black mates}
Score of KingSafetyV2 vs Baseline: 239 - 284 - 282  [0.472] 805
Started game 818 of 10000 (Baseline vs KingSafetyV2)
Finished game 818 (Baseline vs KingSafetyV2): 0-1 {Black mates}
Score of KingSafetyV2 vs Baseline: 240 - 284 - 282  [0.473] 806
Started game 819 of 10000 (KingSafetyV2 vs Baseline)
Finished game 808 (Baseline vs KingSafetyV2): 0-1 {Black wins by adjudication}
Score of KingSafetyV2 vs Baseline: 241 - 284 - 282  [0.473] 807
Started game 820 of 10000 (Baseline vs KingSafetyV2)
Finished game 805 (KingSafetyV2 vs Baseline): 1/2-1/2 {Draw by 3-fold repetition}
Score of KingSafetyV2 vs Baseline: 241 - 284 - 283  [0.473] 808
Started game 821 of 10000 (KingSafetyV2 vs Baseline)
Finished game 809 (KingSafetyV2 vs Baseline): 1/2-1/2 {Draw by stalemate}
Score of KingSafetyV2 vs Baseline: 241 - 284 - 284  [0.473] 809
Started game 822 of 10000 (Baseline vs KingSafetyV2)
Finished game 812 (Baseline vs KingSafetyV2): 1-0 {White wins by adjudication}
Score of KingSafetyV2 vs Baseline: 241 - 285 - 284  [0.473] 810
Started game 823 of 10000 (KingSafetyV2 vs Baseline)
Finished game 810 (Baseline vs KingSafetyV2): 0-1 {Black wins by adjudication}
Score of KingSafetyV2 vs Baseline: 242 - 285 - 284  [0.473] 811
Started game 824 of 10000 (Baseline vs KingSafetyV2)
Finished game 811 (KingSafetyV2 vs Baseline): 1-0 {White wins by adjudication}
Score of KingSafetyV2 vs Baseline: 243 - 285 - 284  [0.474] 812
Started game 825 of 10000 (KingSafetyV2 vs Baseline)
Finished game 814 (Baseline vs KingSafetyV2): 1/2-1/2 {Draw by 3-fold repetition}
Score of KingSafetyV2 vs Baseline: 243 - 285 - 285  [0.474] 813
Started game 826 of 10000 (Baseline vs KingSafetyV2)
Finished game 815 (KingSafetyV2 vs Baseline): 0-1 {Black wins by adjudication}
Score of KingSafetyV2 vs Baseline: 243 - 286 - 285  [0.474] 814
Started game 827 of 10000 (KingSafetyV2 vs Baseline)
Finished game 803 (KingSafetyV2 vs Baseline): 1/2-1/2 {Draw by fifty moves rule}
Score of KingSafetyV2 vs Baseline: 243 - 286 - 286  [0.474] 815
Started game 828 of 10000 (Baseline vs KingSafetyV2)
Finished game 816 (Baseline vs KingSafetyV2): 1/2-1/2 {Draw by 3-fold repetition}
Score of KingSafetyV2 vs Baseline: 243 - 286 - 287  [0.474] 816
Started game 829 of 10000 (KingSafetyV2 vs Baseline)
Finished game 813 (KingSafetyV2 vs Baseline): 1-0 {White wins by adjudication}
Score of KingSafetyV2 vs Baseline: 244 - 286 - 287  [0.474] 817
Started game 830 of 10000 (Baseline vs KingSafetyV2)
Finished game 807 (KingSafetyV2 vs Baseline): 1/2-1/2 {Draw by fifty moves rule}
Score of KingSafetyV2 vs Baseline: 244 - 286 - 288  [0.474] 818
Started game 831 of 10000 (KingSafetyV2 vs Baseline)
Finished game 824 (Baseline vs KingSafetyV2): 1/2-1/2 {Draw by 3-fold repetition}
Score of KingSafetyV2 vs Baseline: 244 - 286 - 289  [0.474] 819
Started game 832 of 10000 (Baseline vs KingSafetyV2)
Finished game 820 (Baseline vs KingSafetyV2): 1-0 {White wins by adjudication}
Score of KingSafetyV2 vs Baseline: 244 - 287 - 289  [0.474] 820
Started game 833 of 10000 (KingSafetyV2 vs Baseline)
Finished game 819 (KingSafetyV2 vs Baseline): 0-1 {Black wins by adjudication}
Score of KingSafetyV2 vs Baseline: 244 - 288 - 289  [0.473] 821
Started game 834 of 10000 (Baseline vs KingSafetyV2)
Finished game 822 (Baseline vs KingSafetyV2): 0-1 {Black wins by adjudication}
Score of KingSafetyV2 vs Baseline: 245 - 288 - 289  [0.474] 822
Started game 835 of 10000 (KingSafetyV2 vs Baseline)
Finished game 821 (KingSafetyV2 vs Baseline): 0-1 {Black wins by adjudication}
Score of KingSafetyV2 vs Baseline: 245 - 289 - 289  [0.473] 823
Started game 836 of 10000 (Baseline vs KingSafetyV2)
Finished game 823 (KingSafetyV2 vs Baseline): 1/2-1/2 {Draw by 3-fold repetition}
Score of KingSafetyV2 vs Baseline: 245 - 289 - 290  [0.473] 824
Started game 837 of 10000 (KingSafetyV2 vs Baseline)
Finished game 828 (Baseline vs KingSafetyV2): 1-0 {White wins by adjudication}
Score of KingSafetyV2 vs Baseline: 245 - 290 - 290  [0.473] 825
Started game 838 of 10000 (Baseline vs KingSafetyV2)
Finished game 826 (Baseline vs KingSafetyV2): 1-0 {White wins by adjudication}
Score of KingSafetyV2 vs Baseline: 245 - 291 - 290  [0.472] 826
Started game 839 of 10000 (KingSafetyV2 vs Baseline)
Finished game 825 (KingSafetyV2 vs Baseline): 0-1 {Black wins by adjudication}
Score of KingSafetyV2 vs Baseline: 245 - 292 - 290  [0.472] 827
Started game 840 of 10000 (Baseline vs KingSafetyV2)
Finished game 827 (KingSafetyV2 vs Baseline): 0-1 {Black wins by adjudication}
Score of KingSafetyV2 vs Baseline: 245 - 293 - 290  [0.471] 828
Started game 841 of 10000 (KingSafetyV2 vs Baseline)
Finished game 829 (KingSafetyV2 vs Baseline): 1-0 {White wins by adjudication}
Score of KingSafetyV2 vs Baseline: 246 - 293 - 290  [0.472] 829
Started game 842 of 10000 (Baseline vs KingSafetyV2)
Finished game 830 (Baseline vs KingSafetyV2): 0-1 {Black wins by adjudication}
Score of KingSafetyV2 vs Baseline: 247 - 293 - 290  [0.472] 830
Started game 843 of 10000 (KingSafetyV2 vs Baseline)
Finished game 832 (Baseline vs KingSafetyV2): 0-1 {Black wins by adjudication}
Score of KingSafetyV2 vs Baseline: 248 - 293 - 290  [0.473] 831
Started game 844 of 10000 (Baseline vs KingSafetyV2)
Finished game 831 (KingSafetyV2 vs Baseline): 0-1 {Black wins by adjudication}
Score of KingSafetyV2 vs Baseline: 248 - 294 - 290  [0.472] 832
Started game 845 of 10000 (KingSafetyV2 vs Baseline)
Finished game 833 (KingSafetyV2 vs Baseline): 1-0 {White wins by adjudication}
Score of KingSafetyV2 vs Baseline: 249 - 294 - 290  [0.473] 833
Started game 846 of 10000 (Baseline vs KingSafetyV2)
Finished game 836 (Baseline vs KingSafetyV2): 1/2-1/2 {Draw by 3-fold repetition}
Score of KingSafetyV2 vs Baseline: 249 - 294 - 291  [0.473] 834
Started game 847 of 10000 (KingSafetyV2 vs Baseline)
Finished game 834 (Baseline vs KingSafetyV2): 1-0 {White wins by adjudication}
Score of KingSafetyV2 vs Baseline: 249 - 295 - 291  [0.472] 835
Started game 848 of 10000 (Baseline vs KingSafetyV2)
Finished game 835 (KingSafetyV2 vs Baseline): 1-0 {White wins by adjudication}
Score of KingSafetyV2 vs Baseline: 250 - 295 - 291  [0.473] 836
Started game 849 of 10000 (KingSafetyV2 vs Baseline)
Finished game 842 (Baseline vs KingSafetyV2): 0-1 {Black wins by adjudication}
Score of KingSafetyV2 vs Baseline: 251 - 295 - 291  [0.474] 837
Started game 850 of 10000 (Baseline vs KingSafetyV2)
Finished game 841 (KingSafetyV2 vs Baseline): 0-1 {Black wins by adjudication}
Score of KingSafetyV2 vs Baseline: 251 - 296 - 291  [0.473] 838
Started game 851 of 10000 (KingSafetyV2 vs Baseline)
Finished game 838 (Baseline vs KingSafetyV2): 0-1 {Black wins by adjudication}
Score of KingSafetyV2 vs Baseline: 252 - 296 - 291  [0.474] 839
Started game 852 of 10000 (Baseline vs KingSafetyV2)
Finished game 843 (KingSafetyV2 vs Baseline): 1/2-1/2 {Draw by adjudication}
Score of KingSafetyV2 vs Baseline: 252 - 296 - 292  [0.474] 840
Started game 853 of 10000 (KingSafetyV2 vs Baseline)
Finished game 837 (KingSafetyV2 vs Baseline): 1-0 {White wins by adjudication}
Score of KingSafetyV2 vs Baseline: 253 - 296 - 292  [0.474] 841
Started game 854 of 10000 (Baseline vs KingSafetyV2)
Finished game 847 (KingSafetyV2 vs Baseline): 1-0 {White wins by adjudication}
Score of KingSafetyV2 vs Baseline: 254 - 296 - 292  [0.475] 842
Started game 855 of 10000 (KingSafetyV2 vs Baseline)
Finished game 846 (Baseline vs KingSafetyV2): 1/2-1/2 {Draw by 3-fold repetition}
Score of KingSafetyV2 vs Baseline: 254 - 296 - 293  [0.475] 843
Finished game 849 (KingSafetyV2 vs Baseline): 1-0 {White wins by adjudication}
Score of KingSafetyV2 vs Baseline: 255 - 296 - 293  [0.476] 844
Started game 856 of 10000 (Baseline vs KingSafetyV2)
Started game 857 of 10000 (KingSafetyV2 vs Baseline)
Finished game 848 (Baseline vs KingSafetyV2): 1/2-1/2 {Draw by 3-fold repetition}
Score of KingSafetyV2 vs Baseline: 255 - 296 - 294  [0.476] 845
Started game 858 of 10000 (Baseline vs KingSafetyV2)
Finished game 840 (Baseline vs KingSafetyV2): 1/2-1/2 {Draw by fifty moves rule}
Score of KingSafetyV2 vs Baseline: 255 - 296 - 295  [0.476] 846
Started game 859 of 10000 (KingSafetyV2 vs Baseline)
Finished game 844 (Baseline vs KingSafetyV2): 1/2-1/2 {Draw by insufficient mating material}
Score of KingSafetyV2 vs Baseline: 255 - 296 - 296  [0.476] 847
Started game 860 of 10000 (Baseline vs KingSafetyV2)
Finished game 845 (KingSafetyV2 vs Baseline): 0-1 {Black wins by adjudication}
Score of KingSafetyV2 vs Baseline: 255 - 297 - 296  [0.475] 848
Started game 861 of 10000 (KingSafetyV2 vs Baseline)
Finished game 851 (KingSafetyV2 vs Baseline): 1-0 {White wins by adjudication}
Score of KingSafetyV2 vs Baseline: 256 - 297 - 296  [0.476] 849
Started game 862 of 10000 (Baseline vs KingSafetyV2)
Finished game 850 (Baseline vs KingSafetyV2): 1-0 {White wins by adjudication}
Score of KingSafetyV2 vs Baseline: 256 - 298 - 296  [0.475] 850
Started game 863 of 10000 (KingSafetyV2 vs Baseline)
Finished game 839 (KingSafetyV2 vs Baseline): 0-1 {Black wins by adjudication}
Score of KingSafetyV2 vs Baseline: 256 - 299 - 296  [0.475] 851
Started game 864 of 10000 (Baseline vs KingSafetyV2)
Finished game 852 (Baseline vs KingSafetyV2): 0-1 {Black wins by adjudication}
Score of KingSafetyV2 vs Baseline: 257 - 299 - 296  [0.475] 852
Started game 865 of 10000 (KingSafetyV2 vs Baseline)
Finished game 854 (Baseline vs KingSafetyV2): 0-1 {Black wins by adjudication}
Score of KingSafetyV2 vs Baseline: 258 - 299 - 296  [0.476] 853
Started game 866 of 10000 (Baseline vs KingSafetyV2)
Finished game 856 (Baseline vs KingSafetyV2): 0-1 {Black wins by adjudication}
Score of KingSafetyV2 vs Baseline: 259 - 299 - 296  [0.477] 854
Started game 867 of 10000 (KingSafetyV2 vs Baseline)
Finished game 857 (KingSafetyV2 vs Baseline): 1-0 {White wins by adjudication}
Score of KingSafetyV2 vs Baseline: 260 - 299 - 296  [0.477] 855
Started game 868 of 10000 (Baseline vs KingSafetyV2)
Finished game 864 (Baseline vs KingSafetyV2): 1/2-1/2 {Draw by 3-fold repetition}
Score of KingSafetyV2 vs Baseline: 260 - 299 - 297  [0.477] 856
Started game 869 of 10000 (KingSafetyV2 vs Baseline)
Finished game 859 (KingSafetyV2 vs Baseline): 0-1 {Black wins by adjudication}
Score of KingSafetyV2 vs Baseline: 260 - 300 - 297  [0.477] 857
Started game 870 of 10000 (Baseline vs KingSafetyV2)
Finished game 853 (KingSafetyV2 vs Baseline): 0-1 {Black wins by adjudication}
Score of KingSafetyV2 vs Baseline: 260 - 301 - 297  [0.476] 858
Started game 871 of 10000 (KingSafetyV2 vs Baseline)
Finished game 858 (Baseline vs KingSafetyV2): 1-0 {White mates}
Score of KingSafetyV2 vs Baseline: 260 - 302 - 297  [0.476] 859
Started game 872 of 10000 (Baseline vs KingSafetyV2)
Finished game 863 (KingSafetyV2 vs Baseline): 0-1 {Black wins by adjudication}
Score of KingSafetyV2 vs Baseline: 260 - 303 - 297  [0.475] 860
Started game 873 of 10000 (KingSafetyV2 vs Baseline)
Finished game 855 (KingSafetyV2 vs Baseline): 1/2-1/2 {Draw by 3-fold repetition}
Score of KingSafetyV2 vs Baseline: 260 - 303 - 298  [0.475] 861
Started game 874 of 10000 (Baseline vs KingSafetyV2)
Finished game 861 (KingSafetyV2 vs Baseline): 0-1 {Black wins by adjudication}
Score of KingSafetyV2 vs Baseline: 260 - 304 - 298  [0.474] 862
Started game 875 of 10000 (KingSafetyV2 vs Baseline)
Finished game 862 (Baseline vs KingSafetyV2): 0-1 {Black wins by adjudication}
Score of KingSafetyV2 vs Baseline: 261 - 304 - 298  [0.475] 863
Started game 876 of 10000 (Baseline vs KingSafetyV2)
Finished game 868 (Baseline vs KingSafetyV2): 1/2-1/2 {Draw by 3-fold repetition}
Score of KingSafetyV2 vs Baseline: 261 - 304 - 299  [0.475] 864
Started game 877 of 10000 (KingSafetyV2 vs Baseline)
Finished game 867 (KingSafetyV2 vs Baseline): 0-1 {Black wins by adjudication}
Score of KingSafetyV2 vs Baseline: 261 - 305 - 299  [0.475] 865
Started game 878 of 10000 (Baseline vs KingSafetyV2)
Finished game 860 (Baseline vs KingSafetyV2): 1/2-1/2 {Draw by fifty moves rule}
Score of KingSafetyV2 vs Baseline: 261 - 305 - 300  [0.475] 866
Started game 879 of 10000 (KingSafetyV2 vs Baseline)
Finished game 865 (KingSafetyV2 vs Baseline): 1/2-1/2 {Draw by insufficient mating material}
Score of KingSafetyV2 vs Baseline: 261 - 305 - 301  [0.475] 867
Started game 880 of 10000 (Baseline vs KingSafetyV2)
Finished game 866 (Baseline vs KingSafetyV2): 0-1 {Black wins by adjudication}
Score of KingSafetyV2 vs Baseline: 262 - 305 - 301  [0.475] 868
Started game 881 of 10000 (KingSafetyV2 vs Baseline)
Finished game 871 (KingSafetyV2 vs Baseline): 0-1 {Black wins by adjudication}
Score of KingSafetyV2 vs Baseline: 262 - 306 - 301  [0.475] 869
Started game 882 of 10000 (Baseline vs KingSafetyV2)
Finished game 872 (Baseline vs KingSafetyV2): 1/2-1/2 {Draw by 3-fold repetition}
Score of KingSafetyV2 vs Baseline: 262 - 306 - 302  [0.475] 870
Started game 883 of 10000 (KingSafetyV2 vs Baseline)
Finished game 873 (KingSafetyV2 vs Baseline): 1-0 {White wins by adjudication}
Score of KingSafetyV2 vs Baseline: 263 - 306 - 302  [0.475] 871
Started game 884 of 10000 (Baseline vs KingSafetyV2)
Finished game 874 (Baseline vs KingSafetyV2): 1/2-1/2 {Draw by 3-fold repetition}
Score of KingSafetyV2 vs Baseline: 263 - 306 - 303  [0.475] 872
Started game 885 of 10000 (KingSafetyV2 vs Baseline)
Finished game 869 (KingSafetyV2 vs Baseline): 1/2-1/2 {Draw by 3-fold repetition}
Score of KingSafetyV2 vs Baseline: 263 - 306 - 304  [0.475] 873
Started game 886 of 10000 (Baseline vs KingSafetyV2)
Finished game 875 (KingSafetyV2 vs Baseline): 1-0 {White wins by adjudication}
Score of KingSafetyV2 vs Baseline: 264 - 306 - 304  [0.476] 874
Started game 887 of 10000 (KingSafetyV2 vs Baseline)
Finished game 876 (Baseline vs KingSafetyV2): 1-0 {White wins by adjudication}
Score of KingSafetyV2 vs Baseline: 264 - 307 - 304  [0.475] 875
Started game 888 of 10000 (Baseline vs KingSafetyV2)
Finished game 870 (Baseline vs KingSafetyV2): 1/2-1/2 {Draw by fifty moves rule}
Score of KingSafetyV2 vs Baseline: 264 - 307 - 305  [0.475] 876
Started game 889 of 10000 (KingSafetyV2 vs Baseline)
Finished game 877 (KingSafetyV2 vs Baseline): 0-1 {Black wins by adjudication}
Score of KingSafetyV2 vs Baseline: 264 - 308 - 305  [0.475] 877
Started game 890 of 10000 (Baseline vs KingSafetyV2)
Finished game 883 (KingSafetyV2 vs Baseline): 1-0 {White wins by adjudication}
Score of KingSafetyV2 vs Baseline: 265 - 308 - 305  [0.476] 878
Started game 891 of 10000 (KingSafetyV2 vs Baseline)
Finished game 884 (Baseline vs KingSafetyV2): 1-0 {White wins by adjudication}
Score of KingSafetyV2 vs Baseline: 265 - 309 - 305  [0.475] 879
Started game 892 of 10000 (Baseline vs KingSafetyV2)
Finished game 879 (KingSafetyV2 vs Baseline): 0-1 {Black wins by adjudication}
Score of KingSafetyV2 vs Baseline: 265 - 310 - 305  [0.474] 880
Started game 893 of 10000 (KingSafetyV2 vs Baseline)
Finished game 878 (Baseline vs KingSafetyV2): 0-1 {Black wins by adjudication}
Score of KingSafetyV2 vs Baseline: 266 - 310 - 305  [0.475] 881
Started game 894 of 10000 (Baseline vs KingSafetyV2)
Finished game 888 (Baseline vs KingSafetyV2): 1-0 {White wins by adjudication}
Score of KingSafetyV2 vs Baseline: 266 - 311 - 305  [0.474] 882
Started game 895 of 10000 (KingSafetyV2 vs Baseline)
Finished game 882 (Baseline vs KingSafetyV2): 1-0 {White wins by adjudication}
Score of KingSafetyV2 vs Baseline: 266 - 312 - 305  [0.474] 883
Started game 896 of 10000 (Baseline vs KingSafetyV2)
Finished game 880 (Baseline vs KingSafetyV2): 1-0 {White mates}
Score of KingSafetyV2 vs Baseline: 266 - 313 - 305  [0.473] 884
Started game 897 of 10000 (KingSafetyV2 vs Baseline)
Finished game 881 (KingSafetyV2 vs Baseline): 1-0 {White wins by adjudication}
Score of KingSafetyV2 vs Baseline: 267 - 313 - 305  [0.474] 885
Started game 898 of 10000 (Baseline vs KingSafetyV2)
Finished game 886 (Baseline vs KingSafetyV2): 1-0 {White wins by adjudication}
Score of KingSafetyV2 vs Baseline: 267 - 314 - 305  [0.473] 886
Started game 899 of 10000 (KingSafetyV2 vs Baseline)
Finished game 887 (KingSafetyV2 vs Baseline): 0-1 {Black wins by adjudication}
Score of KingSafetyV2 vs Baseline: 267 - 315 - 305  [0.473] 887
Started game 900 of 10000 (Baseline vs KingSafetyV2)
Finished game 885 (KingSafetyV2 vs Baseline): 1/2-1/2 {Draw by 3-fold repetition}
Score of KingSafetyV2 vs Baseline: 267 - 315 - 306  [0.473] 888
Started game 901 of 10000 (KingSafetyV2 vs Baseline)
Finished game 890 (Baseline vs KingSafetyV2): 1-0 {White wins by adjudication}
Score of KingSafetyV2 vs Baseline: 267 - 316 - 306  [0.472] 889
Started game 902 of 10000 (Baseline vs KingSafetyV2)
Finished game 891 (KingSafetyV2 vs Baseline): 1-0 {White wins by adjudication}
Score of KingSafetyV2 vs Baseline: 268 - 316 - 306  [0.473] 890
Started game 903 of 10000 (KingSafetyV2 vs Baseline)
Finished game 889 (KingSafetyV2 vs Baseline): 1/2-1/2 {Draw by 3-fold repetition}
Score of KingSafetyV2 vs Baseline: 268 - 316 - 307  [0.473] 891
Started game 904 of 10000 (Baseline vs KingSafetyV2)
Finished game 893 (KingSafetyV2 vs Baseline): 1-0 {White wins by adjudication}
Score of KingSafetyV2 vs Baseline: 269 - 316 - 307  [0.474] 892
Started game 905 of 10000 (KingSafetyV2 vs Baseline)
Finished game 899 (KingSafetyV2 vs Baseline): 1/2-1/2 {Draw by 3-fold repetition}
Score of KingSafetyV2 vs Baseline: 269 - 316 - 308  [0.474] 893
Started game 906 of 10000 (Baseline vs KingSafetyV2)
Finished game 897 (KingSafetyV2 vs Baseline): 0-1 {Black wins by adjudication}
Score of KingSafetyV2 vs Baseline: 269 - 317 - 308  [0.473] 894
Started game 907 of 10000 (KingSafetyV2 vs Baseline)
Finished game 894 (Baseline vs KingSafetyV2): 1-0 {White wins by adjudication}
Score of KingSafetyV2 vs Baseline: 269 - 318 - 308  [0.473] 895
Started game 908 of 10000 (Baseline vs KingSafetyV2)
Finished game 892 (Baseline vs KingSafetyV2): 1-0 {White wins by adjudication}
Score of KingSafetyV2 vs Baseline: 269 - 319 - 308  [0.472] 896
Started game 909 of 10000 (KingSafetyV2 vs Baseline)
Finished game 895 (KingSafetyV2 vs Baseline): 1/2-1/2 {Draw by insufficient mating material}
Score of KingSafetyV2 vs Baseline: 269 - 319 - 309  [0.472] 897
Started game 910 of 10000 (Baseline vs KingSafetyV2)
Finished game 896 (Baseline vs KingSafetyV2): 1/2-1/2 {Draw by insufficient mating material}
Score of KingSafetyV2 vs Baseline: 269 - 319 - 310  [0.472] 898
Started game 911 of 10000 (KingSafetyV2 vs Baseline)
Finished game 898 (Baseline vs KingSafetyV2): 0-1 {Black wins by adjudication}
Score of KingSafetyV2 vs Baseline: 270 - 319 - 310  [0.473] 899
Started game 912 of 10000 (Baseline vs KingSafetyV2)
Finished game 901 (KingSafetyV2 vs Baseline): 0-1 {Black wins by adjudication}
Score of KingSafetyV2 vs Baseline: 270 - 320 - 310  [0.472] 900
Started game 913 of 10000 (KingSafetyV2 vs Baseline)
Finished game 905 (KingSafetyV2 vs Baseline): 1/2-1/2 {Draw by 3-fold repetition}
Score of KingSafetyV2 vs Baseline: 270 - 320 - 311  [0.472] 901
Started game 914 of 10000 (Baseline vs KingSafetyV2)
Finished game 900 (Baseline vs KingSafetyV2): 1-0 {White wins by adjudication}
Score of KingSafetyV2 vs Baseline: 270 - 321 - 311  [0.472] 902
Started game 915 of 10000 (KingSafetyV2 vs Baseline)
Finished game 903 (KingSafetyV2 vs Baseline): 1-0 {White wins by adjudication}
Score of KingSafetyV2 vs Baseline: 271 - 321 - 311  [0.472] 903
Started game 916 of 10000 (Baseline vs KingSafetyV2)
Finished game 902 (Baseline vs KingSafetyV2): 1/2-1/2 {Draw by 3-fold repetition}
Score of KingSafetyV2 vs Baseline: 271 - 321 - 312  [0.472] 904
Started game 917 of 10000 (KingSafetyV2 vs Baseline)
Finished game 906 (Baseline vs KingSafetyV2): 1-0 {White wins by adjudication}
Score of KingSafetyV2 vs Baseline: 271 - 322 - 312  [0.472] 905
Started game 918 of 10000 (Baseline vs KingSafetyV2)
Finished game 912 (Baseline vs KingSafetyV2): 1/2-1/2 {Draw by 3-fold repetition}
Score of KingSafetyV2 vs Baseline: 271 - 322 - 313  [0.472] 906
Started game 919 of 10000 (KingSafetyV2 vs Baseline)
Finished game 910 (Baseline vs KingSafetyV2): 1-0 {White wins by adjudication}
Score of KingSafetyV2 vs Baseline: 271 - 323 - 313  [0.471] 907
Started game 920 of 10000 (Baseline vs KingSafetyV2)
Finished game 911 (KingSafetyV2 vs Baseline): 1/2-1/2 {Draw by adjudication}
Score of KingSafetyV2 vs Baseline: 271 - 323 - 314  [0.471] 908
Started game 921 of 10000 (KingSafetyV2 vs Baseline)
Finished game 908 (Baseline vs KingSafetyV2): 1/2-1/2 {Draw by insufficient mating material}
Score of KingSafetyV2 vs Baseline: 271 - 323 - 315  [0.471] 909
Started game 922 of 10000 (Baseline vs KingSafetyV2)
Finished game 909 (KingSafetyV2 vs Baseline): 1-0 {White wins by adjudication}
Score of KingSafetyV2 vs Baseline: 272 - 323 - 315  [0.472] 910
Started game 923 of 10000 (KingSafetyV2 vs Baseline)
Finished game 913 (KingSafetyV2 vs Baseline): 0-1 {Black wins by adjudication}
Score of KingSafetyV2 vs Baseline: 272 - 324 - 315  [0.471] 911
Started game 924 of 10000 (Baseline vs KingSafetyV2)
Finished game 907 (KingSafetyV2 vs Baseline): 0-1 {Black wins by adjudication}
Score of KingSafetyV2 vs Baseline: 272 - 325 - 315  [0.471] 912
Started game 925 of 10000 (KingSafetyV2 vs Baseline)
Finished game 915 (KingSafetyV2 vs Baseline): 1-0 {White wins by adjudication}
Score of KingSafetyV2 vs Baseline: 273 - 325 - 315  [0.472] 913
Started game 926 of 10000 (Baseline vs KingSafetyV2)
Finished game 904 (Baseline vs KingSafetyV2): 1/2-1/2 {Draw by fifty moves rule}
Score of KingSafetyV2 vs Baseline: 273 - 325 - 316  [0.472] 914
Started game 927 of 10000 (KingSafetyV2 vs Baseline)
Finished game 917 (KingSafetyV2 vs Baseline): 0-1 {Black wins by adjudication}
Score of KingSafetyV2 vs Baseline: 273 - 326 - 316  [0.471] 915
Started game 928 of 10000 (Baseline vs KingSafetyV2)
Finished game 919 (KingSafetyV2 vs Baseline): 1-0 {White wins by adjudication}
Score of KingSafetyV2 vs Baseline: 274 - 326 - 316  [0.472] 916
Started game 929 of 10000 (KingSafetyV2 vs Baseline)
Finished game 916 (Baseline vs KingSafetyV2): 1-0 {White wins by adjudication}
Score of KingSafetyV2 vs Baseline: 274 - 327 - 316  [0.471] 917
Started game 930 of 10000 (Baseline vs KingSafetyV2)
Finished game 925 (KingSafetyV2 vs Baseline): 0-1 {Black wins by adjudication}
Score of KingSafetyV2 vs Baseline: 274 - 328 - 316  [0.471] 918
Started game 931 of 10000 (KingSafetyV2 vs Baseline)
Finished game 923 (KingSafetyV2 vs Baseline): 1/2-1/2 {Draw by insufficient mating material}
Score of KingSafetyV2 vs Baseline: 274 - 328 - 317  [0.471] 919
Started game 932 of 10000 (Baseline vs KingSafetyV2)
Finished game 921 (KingSafetyV2 vs Baseline): 1/2-1/2 {Draw by adjudication}
Score of KingSafetyV2 vs Baseline: 274 - 328 - 318  [0.471] 920
Started game 933 of 10000 (KingSafetyV2 vs Baseline)
Finished game 922 (Baseline vs KingSafetyV2): 1/2-1/2 {Draw by adjudication}
Score of KingSafetyV2 vs Baseline: 274 - 328 - 319  [0.471] 921
Started game 934 of 10000 (Baseline vs KingSafetyV2)
Finished game 914 (Baseline vs KingSafetyV2): 1/2-1/2 {Draw by fifty moves rule}
Score of KingSafetyV2 vs Baseline: 274 - 328 - 320  [0.471] 922
Started game 935 of 10000 (KingSafetyV2 vs Baseline)
Finished game 918 (Baseline vs KingSafetyV2): 1/2-1/2 {Draw by insufficient mating material}
Score of KingSafetyV2 vs Baseline: 274 - 328 - 321  [0.471] 923
Started game 936 of 10000 (Baseline vs KingSafetyV2)
Finished game 924 (Baseline vs KingSafetyV2): 1-0 {White wins by adjudication}
Score of KingSafetyV2 vs Baseline: 274 - 329 - 321  [0.470] 924
Started game 937 of 10000 (KingSafetyV2 vs Baseline)
Finished game 920 (Baseline vs KingSafetyV2): 1-0 {White wins by adjudication}
Score of KingSafetyV2 vs Baseline: 274 - 330 - 321  [0.470] 925
Started game 938 of 10000 (Baseline vs KingSafetyV2)
Finished game 931 (KingSafetyV2 vs Baseline): 1-0 {White wins by adjudication}
Score of KingSafetyV2 vs Baseline: 275 - 330 - 321  [0.470] 926
Started game 939 of 10000 (KingSafetyV2 vs Baseline)
Finished game 926 (Baseline vs KingSafetyV2): 0-1 {Black wins by adjudication}
Score of KingSafetyV2 vs Baseline: 276 - 330 - 321  [0.471] 927
Started game 940 of 10000 (Baseline vs KingSafetyV2)
Finished game 927 (KingSafetyV2 vs Baseline): 0-1 {Black wins by adjudication}
Score of KingSafetyV2 vs Baseline: 276 - 331 - 321  [0.470] 928
Started game 941 of 10000 (KingSafetyV2 vs Baseline)
Finished game 929 (KingSafetyV2 vs Baseline): 1-0 {White wins by adjudication}
Score of KingSafetyV2 vs Baseline: 277 - 331 - 321  [0.471] 929
Started game 942 of 10000 (Baseline vs KingSafetyV2)
Finished game 938 (Baseline vs KingSafetyV2): 1-0 {White wins by adjudication}
Score of KingSafetyV2 vs Baseline: 277 - 332 - 321  [0.470] 930
Finished game 930 (Baseline vs KingSafetyV2): 1-0 {White wins by adjudication}
Score of KingSafetyV2 vs Baseline: 277 - 333 - 321  [0.470] 931
Started game 943 of 10000 (KingSafetyV2 vs Baseline)
Started game 944 of 10000 (Baseline vs KingSafetyV2)
Finished game 933 (KingSafetyV2 vs Baseline): 0-1 {Black wins by adjudication}
Score of KingSafetyV2 vs Baseline: 277 - 334 - 321  [0.469] 932
Started game 945 of 10000 (KingSafetyV2 vs Baseline)
Finished game 928 (Baseline vs KingSafetyV2): 1/2-1/2 {Draw by 3-fold repetition}
Score of KingSafetyV2 vs Baseline: 277 - 334 - 322  [0.469] 933
Started game 946 of 10000 (Baseline vs KingSafetyV2)
Finished game 932 (Baseline vs KingSafetyV2): 1-0 {White wins by adjudication}
Score of KingSafetyV2 vs Baseline: 277 - 335 - 322  [0.469] 934
Started game 947 of 10000 (KingSafetyV2 vs Baseline)
Finished game 936 (Baseline vs KingSafetyV2): 1/2-1/2 {Draw by 3-fold repetition}
Score of KingSafetyV2 vs Baseline: 277 - 335 - 323  [0.469] 935
Started game 948 of 10000 (Baseline vs KingSafetyV2)
Finished game 934 (Baseline vs KingSafetyV2): 1/2-1/2 {Draw by 3-fold repetition}
Score of KingSafetyV2 vs Baseline: 277 - 335 - 324  [0.469] 936
Started game 949 of 10000 (KingSafetyV2 vs Baseline)
Finished game 935 (KingSafetyV2 vs Baseline): 1/2-1/2 {Draw by adjudication}
Score of KingSafetyV2 vs Baseline: 277 - 335 - 325  [0.469] 937
Started game 950 of 10000 (Baseline vs KingSafetyV2)
Finished game 937 (KingSafetyV2 vs Baseline): 1-0 {White wins by adjudication}
Score of KingSafetyV2 vs Baseline: 278 - 335 - 325  [0.470] 938
Started game 951 of 10000 (KingSafetyV2 vs Baseline)
Finished game 939 (KingSafetyV2 vs Baseline): 1/2-1/2 {Draw by adjudication}
Score of KingSafetyV2 vs Baseline: 278 - 335 - 326  [0.470] 939
Started game 952 of 10000 (Baseline vs KingSafetyV2)
Finished game 941 (KingSafetyV2 vs Baseline): 0-1 {Black wins by adjudication}
Score of KingSafetyV2 vs Baseline: 278 - 336 - 326  [0.469] 940
Started game 953 of 10000 (KingSafetyV2 vs Baseline)
Finished game 940 (Baseline vs KingSafetyV2): 1-0 {White wins by adjudication}
Score of KingSafetyV2 vs Baseline: 278 - 337 - 326  [0.469] 941
Started game 954 of 10000 (Baseline vs KingSafetyV2)
Finished game 943 (KingSafetyV2 vs Baseline): 1/2-1/2 {Draw by insufficient mating material}
Score of KingSafetyV2 vs Baseline: 278 - 337 - 327  [0.469] 942
Started game 955 of 10000 (KingSafetyV2 vs Baseline)
Finished game 948 (Baseline vs KingSafetyV2): 0-1 {Black wins by adjudication}
Score of KingSafetyV2 vs Baseline: 279 - 337 - 327  [0.469] 943
Started game 956 of 10000 (Baseline vs KingSafetyV2)
Finished game 949 (KingSafetyV2 vs Baseline): 1/2-1/2 {Draw by 3-fold repetition}
Score of KingSafetyV2 vs Baseline: 279 - 337 - 328  [0.469] 944
Started game 957 of 10000 (KingSafetyV2 vs Baseline)
Finished game 946 (Baseline vs KingSafetyV2): 1-0 {White wins by adjudication}
Score of KingSafetyV2 vs Baseline: 279 - 338 - 328  [0.469] 945
Started game 958 of 10000 (Baseline vs KingSafetyV2)
Finished game 942 (Baseline vs KingSafetyV2): 0-1 {Black wins by adjudication}
Score of KingSafetyV2 vs Baseline: 280 - 338 - 328  [0.469] 946
Started game 959 of 10000 (KingSafetyV2 vs Baseline)
Finished game 953 (KingSafetyV2 vs Baseline): 1/2-1/2 {Draw by 3-fold repetition}
Score of KingSafetyV2 vs Baseline: 280 - 338 - 329  [0.469] 947
Started game 960 of 10000 (Baseline vs KingSafetyV2)
Finished game 944 (Baseline vs KingSafetyV2): 0-1 {Black wins by adjudication}
Score of KingSafetyV2 vs Baseline: 281 - 338 - 329  [0.470] 948
Started game 961 of 10000 (KingSafetyV2 vs Baseline)
Finished game 945 (KingSafetyV2 vs Baseline): 1-0 {White wins by adjudication}
Score of KingSafetyV2 vs Baseline: 282 - 338 - 329  [0.470] 949
Started game 962 of 10000 (Baseline vs KingSafetyV2)
Finished game 950 (Baseline vs KingSafetyV2): 1-0 {White wins by adjudication}
Score of KingSafetyV2 vs Baseline: 282 - 339 - 329  [0.470] 950
Started game 963 of 10000 (KingSafetyV2 vs Baseline)
Finished game 947 (KingSafetyV2 vs Baseline): 1-0 {White mates}
Score of KingSafetyV2 vs Baseline: 283 - 339 - 329  [0.471] 951
Started game 964 of 10000 (Baseline vs KingSafetyV2)
Finished game 954 (Baseline vs KingSafetyV2): 1-0 {White wins by adjudication}
Score of KingSafetyV2 vs Baseline: 283 - 340 - 329  [0.470] 952
Started game 965 of 10000 (KingSafetyV2 vs Baseline)
Finished game 956 (Baseline vs KingSafetyV2): 1/2-1/2 {Draw by 3-fold repetition}
Score of KingSafetyV2 vs Baseline: 283 - 340 - 330  [0.470] 953
Started game 966 of 10000 (Baseline vs KingSafetyV2)
Finished game 960 (Baseline vs KingSafetyV2): 1/2-1/2 {Draw by 3-fold repetition}
Score of KingSafetyV2 vs Baseline: 283 - 340 - 331  [0.470] 954
Started game 967 of 10000 (KingSafetyV2 vs Baseline)
Finished game 959 (KingSafetyV2 vs Baseline): 1/2-1/2 {Draw by 3-fold repetition}
Score of KingSafetyV2 vs Baseline: 283 - 340 - 332  [0.470] 955
Started game 968 of 10000 (Baseline vs KingSafetyV2)
Finished game 957 (KingSafetyV2 vs Baseline): 1-0 {White wins by adjudication}
Score of KingSafetyV2 vs Baseline: 284 - 340 - 332  [0.471] 956
Started game 969 of 10000 (KingSafetyV2 vs Baseline)
Finished game 958 (Baseline vs KingSafetyV2): 0-1 {Black wins by adjudication}
Score of KingSafetyV2 vs Baseline: 285 - 340 - 332  [0.471] 957
Started game 970 of 10000 (Baseline vs KingSafetyV2)
Finished game 952 (Baseline vs KingSafetyV2): 1-0 {White wins by adjudication}
Score of KingSafetyV2 vs Baseline: 285 - 341 - 332  [0.471] 958
Started game 971 of 10000 (KingSafetyV2 vs Baseline)
Finished game 961 (KingSafetyV2 vs Baseline): 1/2-1/2 {Draw by insufficient mating material}
Score of KingSafetyV2 vs Baseline: 285 - 341 - 333  [0.471] 959
Started game 972 of 10000 (Baseline vs KingSafetyV2)
Finished game 951 (KingSafetyV2 vs Baseline): 1/2-1/2 {Draw by insufficient mating material}
Score of KingSafetyV2 vs Baseline: 285 - 341 - 334  [0.471] 960
Finished game 962 (Baseline vs KingSafetyV2): 1/2-1/2 {Draw by 3-fold repetition}
Score of KingSafetyV2 vs Baseline: 285 - 341 - 335  [0.471] 961
Started game 973 of 10000 (KingSafetyV2 vs Baseline)
Started game 974 of 10000 (Baseline vs KingSafetyV2)
Finished game 963 (KingSafetyV2 vs Baseline): 0-1 {Black wins by adjudication}
Score of KingSafetyV2 vs Baseline: 285 - 342 - 335  [0.470] 962
Started game 975 of 10000 (KingSafetyV2 vs Baseline)
Finished game 967 (KingSafetyV2 vs Baseline): 0-1 {Black wins by adjudication}
Score of KingSafetyV2 vs Baseline: 285 - 343 - 335  [0.470] 963
Started game 976 of 10000 (Baseline vs KingSafetyV2)
Finished game 955 (KingSafetyV2 vs Baseline): 0-1 {Black wins by adjudication}
Score of KingSafetyV2 vs Baseline: 285 - 344 - 335  [0.469] 964
Started game 977 of 10000 (KingSafetyV2 vs Baseline)
Finished game 965 (KingSafetyV2 vs Baseline): 1-0 {White wins by adjudication}
Score of KingSafetyV2 vs Baseline: 286 - 344 - 335  [0.470] 965
Started game 978 of 10000 (Baseline vs KingSafetyV2)
Finished game 964 (Baseline vs KingSafetyV2): 1/2-1/2 {Draw by adjudication}
Score of KingSafetyV2 vs Baseline: 286 - 344 - 336  [0.470] 966
Started game 979 of 10000 (KingSafetyV2 vs Baseline)
Finished game 970 (Baseline vs KingSafetyV2): 1/2-1/2 {Draw by 3-fold repetition}
Score of KingSafetyV2 vs Baseline: 286 - 344 - 337  [0.470] 967
Started game 980 of 10000 (Baseline vs KingSafetyV2)
Finished game 966 (Baseline vs KingSafetyV2): 1-0 {White wins by adjudication}
Score of KingSafetyV2 vs Baseline: 286 - 345 - 337  [0.470] 968
Started game 981 of 10000 (KingSafetyV2 vs Baseline)
Finished game 968 (Baseline vs KingSafetyV2): 1-0 {White wins by adjudication}
Score of KingSafetyV2 vs Baseline: 286 - 346 - 337  [0.469] 969
Started game 982 of 10000 (Baseline vs KingSafetyV2)
Finished game 969 (KingSafetyV2 vs Baseline): 0-1 {Black wins by adjudication}
Score of KingSafetyV2 vs Baseline: 286 - 347 - 337  [0.469] 970
Started game 983 of 10000 (KingSafetyV2 vs Baseline)
Finished game 972 (Baseline vs KingSafetyV2): 1-0 {White wins by adjudication}
Score of KingSafetyV2 vs Baseline: 286 - 348 - 337  [0.468] 971
Started game 984 of 10000 (Baseline vs KingSafetyV2)
Finished game 974 (Baseline vs KingSafetyV2): 1-0 {White wins by adjudication}
Score of KingSafetyV2 vs Baseline: 286 - 349 - 337  [0.468] 972
Started game 985 of 10000 (KingSafetyV2 vs Baseline)
Finished game 971 (KingSafetyV2 vs Baseline): 1/2-1/2 {Draw by adjudication}
Score of KingSafetyV2 vs Baseline: 286 - 349 - 338  [0.468] 973
Started game 986 of 10000 (Baseline vs KingSafetyV2)
Finished game 976 (Baseline vs KingSafetyV2): 1-0 {White wins by adjudication}
Score of KingSafetyV2 vs Baseline: 286 - 350 - 338  [0.467] 974
Started game 987 of 10000 (KingSafetyV2 vs Baseline)
Finished game 977 (KingSafetyV2 vs Baseline): 1/2-1/2 {Draw by 3-fold repetition}
Score of KingSafetyV2 vs Baseline: 286 - 350 - 339  [0.467] 975
Started game 988 of 10000 (Baseline vs KingSafetyV2)
Finished game 979 (KingSafetyV2 vs Baseline): 1-0 {White wins by adjudication}
Score of KingSafetyV2 vs Baseline: 287 - 350 - 339  [0.468] 976
Started game 989 of 10000 (KingSafetyV2 vs Baseline)
Finished game 973 (KingSafetyV2 vs Baseline): 1/2-1/2 {Draw by adjudication}
Score of KingSafetyV2 vs Baseline: 287 - 350 - 340  [0.468] 977
Started game 990 of 10000 (Baseline vs KingSafetyV2)
Finished game 981 (KingSafetyV2 vs Baseline): 1/2-1/2 {Draw by 3-fold repetition}
Score of KingSafetyV2 vs Baseline: 287 - 350 - 341  [0.468] 978
Started game 991 of 10000 (KingSafetyV2 vs Baseline)
Finished game 978 (Baseline vs KingSafetyV2): 1/2-1/2 {Draw by insufficient mating material}
Score of KingSafetyV2 vs Baseline: 287 - 350 - 342  [0.468] 979
Started game 992 of 10000 (Baseline vs KingSafetyV2)
Finished game 980 (Baseline vs KingSafetyV2): 1-0 {White wins by adjudication}
Score of KingSafetyV2 vs Baseline: 287 - 351 - 342  [0.467] 980
Started game 993 of 10000 (KingSafetyV2 vs Baseline)
Finished game 975 (KingSafetyV2 vs Baseline): 1/2-1/2 {Draw by adjudication}
Score of KingSafetyV2 vs Baseline: 287 - 351 - 343  [0.467] 981
Started game 994 of 10000 (Baseline vs KingSafetyV2)
Finished game 987 (KingSafetyV2 vs Baseline): 0-1 {Black wins by adjudication}
Score of KingSafetyV2 vs Baseline: 287 - 352 - 343  [0.467] 982
Started game 995 of 10000 (KingSafetyV2 vs Baseline)
Finished game 983 (KingSafetyV2 vs Baseline): 1-0 {White wins by adjudication}
Score of KingSafetyV2 vs Baseline: 288 - 352 - 343  [0.467] 983
Started game 996 of 10000 (Baseline vs KingSafetyV2)
Finished game 989 (KingSafetyV2 vs Baseline): 1-0 {White wins by adjudication}
Score of KingSafetyV2 vs Baseline: 289 - 352 - 343  [0.468] 984
Started game 997 of 10000 (KingSafetyV2 vs Baseline)
Finished game 984 (Baseline vs KingSafetyV2): 1-0 {White wins by adjudication}
Score of KingSafetyV2 vs Baseline: 289 - 353 - 343  [0.468] 985
Started game 998 of 10000 (Baseline vs KingSafetyV2)
Finished game 982 (Baseline vs KingSafetyV2): 1-0 {White wins by adjudication}
Score of KingSafetyV2 vs Baseline: 289 - 354 - 343  [0.467] 986
Started game 999 of 10000 (KingSafetyV2 vs Baseline)
Finished game 986 (Baseline vs KingSafetyV2): 1-0 {White wins by adjudication}
Score of KingSafetyV2 vs Baseline: 289 - 355 - 343  [0.467] 987
Started game 1000 of 10000 (Baseline vs KingSafetyV2)
Finished game 990 (Baseline vs KingSafetyV2): 1-0 {White wins by adjudication}
Score of KingSafetyV2 vs Baseline: 289 - 356 - 343  [0.466] 988
Started game 1001 of 10000 (KingSafetyV2 vs Baseline)
Finished game 985 (KingSafetyV2 vs Baseline): 1-0 {White wins by adjudication}
Score of KingSafetyV2 vs Baseline: 290 - 356 - 343  [0.467] 989
Started game 1002 of 10000 (Baseline vs KingSafetyV2)
Finished game 992 (Baseline vs KingSafetyV2): 1/2-1/2 {Draw by 3-fold repetition}
Score of KingSafetyV2 vs Baseline: 290 - 356 - 344  [0.467] 990
Started game 1003 of 10000 (KingSafetyV2 vs Baseline)
Finished game 991 (KingSafetyV2 vs Baseline): 0-1 {Black wins by adjudication}
Score of KingSafetyV2 vs Baseline: 290 - 357 - 344  [0.466] 991
Started game 1004 of 10000 (Baseline vs KingSafetyV2)
Finished game 993 (KingSafetyV2 vs Baseline): 1/2-1/2 {Draw by 3-fold repetition}
Score of KingSafetyV2 vs Baseline: 290 - 357 - 345  [0.466] 992
Started game 1005 of 10000 (KingSafetyV2 vs Baseline)
Finished game 988 (Baseline vs KingSafetyV2): 1/2-1/2 {Draw by adjudication}
Score of KingSafetyV2 vs Baseline: 290 - 357 - 346  [0.466] 993
Started game 1006 of 10000 (Baseline vs KingSafetyV2)
Finished game 994 (Baseline vs KingSafetyV2): 1-0 {White wins by adjudication}
Score of KingSafetyV2 vs Baseline: 290 - 358 - 346  [0.466] 994
Started game 1007 of 10000 (KingSafetyV2 vs Baseline)
Finished game 995 (KingSafetyV2 vs Baseline): 1-0 {White wins by adjudication}
Score of KingSafetyV2 vs Baseline: 291 - 358 - 346  [0.466] 995
Started game 1008 of 10000 (Baseline vs KingSafetyV2)
Finished game 998 (Baseline vs KingSafetyV2): 1-0 {White wins by adjudication}
Score of KingSafetyV2 vs Baseline: 291 - 359 - 346  [0.466] 996
Started game 1009 of 10000 (KingSafetyV2 vs Baseline)
Finished game 996 (Baseline vs KingSafetyV2): 1-0 {White wins by adjudication}
Score of KingSafetyV2 vs Baseline: 291 - 360 - 346  [0.465] 997
Started game 1010 of 10000 (Baseline vs KingSafetyV2)
Finished game 999 (KingSafetyV2 vs Baseline): 1-0 {White wins by adjudication}
Score of KingSafetyV2 vs Baseline: 292 - 360 - 346  [0.466] 998
Started game 1011 of 10000 (KingSafetyV2 vs Baseline)
Finished game 1000 (Baseline vs KingSafetyV2): 1-0 {White wins by adjudication}
Score of KingSafetyV2 vs Baseline: 292 - 361 - 346  [0.465] 999
Started game 1012 of 10000 (Baseline vs KingSafetyV2)
Finished game 997 (KingSafetyV2 vs Baseline): 1/2-1/2 {Draw by insufficient mating material}
Score of KingSafetyV2 vs Baseline: 292 - 361 - 347  [0.466] 1000
Started game 1013 of 10000 (KingSafetyV2 vs Baseline)
Finished game 1001 (KingSafetyV2 vs Baseline): 1-0 {White wins by adjudication}
Score of KingSafetyV2 vs Baseline: 293 - 361 - 347  [0.466] 1001
Started game 1014 of 10000 (Baseline vs KingSafetyV2)
Finished game 1005 (KingSafetyV2 vs Baseline): 0-1 {Black wins by adjudication}
Score of KingSafetyV2 vs Baseline: 293 - 362 - 347  [0.466] 1002
Started game 1015 of 10000 (KingSafetyV2 vs Baseline)
Finished game 1003 (KingSafetyV2 vs Baseline): 0-1 {Black wins by adjudication}
Score of KingSafetyV2 vs Baseline: 293 - 363 - 347  [0.465] 1003
Started game 1016 of 10000 (Baseline vs KingSafetyV2)
Finished game 1006 (Baseline vs KingSafetyV2): 1-0 {White wins by adjudication}
Score of KingSafetyV2 vs Baseline: 293 - 364 - 347  [0.465] 1004
Started game 1017 of 10000 (KingSafetyV2 vs Baseline)
Finished game 1004 (Baseline vs KingSafetyV2): 1-0 {White wins by adjudication}
Score of KingSafetyV2 vs Baseline: 293 - 365 - 347  [0.464] 1005
Started game 1018 of 10000 (Baseline vs KingSafetyV2)
Finished game 1002 (Baseline vs KingSafetyV2): 1-0 {White wins by adjudication}
Score of KingSafetyV2 vs Baseline: 293 - 366 - 347  [0.464] 1006
Started game 1019 of 10000 (KingSafetyV2 vs Baseline)
Finished game 1009 (KingSafetyV2 vs Baseline): 1-0 {White wins by adjudication}
Score of KingSafetyV2 vs Baseline: 294 - 366 - 347  [0.464] 1007
Started game 1020 of 10000 (Baseline vs KingSafetyV2)
Finished game 1008 (Baseline vs KingSafetyV2): 1-0 {White wins by adjudication}
Score of KingSafetyV2 vs Baseline: 294 - 367 - 347  [0.464] 1008
Started game 1021 of 10000 (KingSafetyV2 vs Baseline)
Finished game 1010 (Baseline vs KingSafetyV2): 1-0 {White wins by adjudication}
Score of KingSafetyV2 vs Baseline: 294 - 368 - 347  [0.463] 1009
Started game 1022 of 10000 (Baseline vs KingSafetyV2)
Finished game 1012 (Baseline vs KingSafetyV2): 1/2-1/2 {Draw by 3-fold repetition}
Score of KingSafetyV2 vs Baseline: 294 - 368 - 348  [0.463] 1010
Started game 1023 of 10000 (KingSafetyV2 vs Baseline)
Finished game 1007 (KingSafetyV2 vs Baseline): 1-0 {White wins by adjudication}
Score of KingSafetyV2 vs Baseline: 295 - 368 - 348  [0.464] 1011
Started game 1024 of 10000 (Baseline vs KingSafetyV2)
Finished game 1011 (KingSafetyV2 vs Baseline): 1-0 {White wins by adjudication}
Score of KingSafetyV2 vs Baseline: 296 - 368 - 348  [0.464] 1012
Started game 1025 of 10000 (KingSafetyV2 vs Baseline)
Finished game 1013 (KingSafetyV2 vs Baseline): 0-1 {Black wins by adjudication}
Score of KingSafetyV2 vs Baseline: 296 - 369 - 348  [0.464] 1013
Started game 1026 of 10000 (Baseline vs KingSafetyV2)
Finished game 1024 (Baseline vs KingSafetyV2): 1/2-1/2 {Draw by 3-fold repetition}
Score of KingSafetyV2 vs Baseline: 296 - 369 - 349  [0.464] 1014
Started game 1027 of 10000 (KingSafetyV2 vs Baseline)
Finished game 1016 (Baseline vs KingSafetyV2): 1-0 {White wins by adjudication}
Score of KingSafetyV2 vs Baseline: 296 - 370 - 349  [0.464] 1015
Started game 1028 of 10000 (Baseline vs KingSafetyV2)
Finished game 1014 (Baseline vs KingSafetyV2): 0-1 {Black wins by adjudication}
Score of KingSafetyV2 vs Baseline: 297 - 370 - 349  [0.464] 1016
Started game 1029 of 10000 (KingSafetyV2 vs Baseline)
Finished game 1015 (KingSafetyV2 vs Baseline): 1-0 {White wins by adjudication}
Score of KingSafetyV2 vs Baseline: 298 - 370 - 349  [0.465] 1017
Started game 1030 of 10000 (Baseline vs KingSafetyV2)
Finished game 1018 (Baseline vs KingSafetyV2): 0-1 {Black wins by adjudication}
Score of KingSafetyV2 vs Baseline: 299 - 370 - 349  [0.465] 1018
Started game 1031 of 10000 (KingSafetyV2 vs Baseline)
Finished game 1019 (KingSafetyV2 vs Baseline): 1-0 {White wins by adjudication}
Score of KingSafetyV2 vs Baseline: 300 - 370 - 349  [0.466] 1019
Started game 1032 of 10000 (Baseline vs KingSafetyV2)
Finished game 1020 (Baseline vs KingSafetyV2): 1-0 {White wins by adjudication}
Score of KingSafetyV2 vs Baseline: 300 - 371 - 349  [0.465] 1020
Started game 1033 of 10000 (KingSafetyV2 vs Baseline)
Finished game 1017 (KingSafetyV2 vs Baseline): 1/2-1/2 {Draw by insufficient mating material}
Score of KingSafetyV2 vs Baseline: 300 - 371 - 350  [0.465] 1021
Started game 1034 of 10000 (Baseline vs KingSafetyV2)
Finished game 1021 (KingSafetyV2 vs Baseline): 0-1 {Black wins by adjudication}
Score of KingSafetyV2 vs Baseline: 300 - 372 - 350  [0.465] 1022
Started game 1035 of 10000 (KingSafetyV2 vs Baseline)
Finished game 1022 (Baseline vs KingSafetyV2): 1-0 {White wins by adjudication}
Score of KingSafetyV2 vs Baseline: 300 - 373 - 350  [0.464] 1023
Started game 1036 of 10000 (Baseline vs KingSafetyV2)
Finished game 1034 (Baseline vs KingSafetyV2): 1-0 {White wins by adjudication}
Score of KingSafetyV2 vs Baseline: 300 - 374 - 350  [0.464] 1024
Started game 1037 of 10000 (KingSafetyV2 vs Baseline)
Finished game 1033 (KingSafetyV2 vs Baseline): 1-0 {White wins by adjudication}
Score of KingSafetyV2 vs Baseline: 301 - 374 - 350  [0.464] 1025
Started game 1038 of 10000 (Baseline vs KingSafetyV2)
Finished game 1026 (Baseline vs KingSafetyV2): 1/2-1/2 {Draw by 3-fold repetition}
Score of KingSafetyV2 vs Baseline: 301 - 374 - 351  [0.464] 1026
Started game 1039 of 10000 (KingSafetyV2 vs Baseline)
Finished game 1023 (KingSafetyV2 vs Baseline): 1/2-1/2 {Draw by 3-fold repetition}
Score of KingSafetyV2 vs Baseline: 301 - 374 - 352  [0.464] 1027
Started game 1040 of 10000 (Baseline vs KingSafetyV2)
Finished game 1027 (KingSafetyV2 vs Baseline): 1-0 {White wins by adjudication}
Score of KingSafetyV2 vs Baseline: 302 - 374 - 352  [0.465] 1028
Started game 1041 of 10000 (KingSafetyV2 vs Baseline)
Finished game 1025 (KingSafetyV2 vs Baseline): 0-1 {Black wins by adjudication}
Score of KingSafetyV2 vs Baseline: 302 - 375 - 352  [0.465] 1029
Started game 1042 of 10000 (Baseline vs KingSafetyV2)
Finished game 1029 (KingSafetyV2 vs Baseline): 0-1 {Black wins by adjudication}
Score of KingSafetyV2 vs Baseline: 302 - 376 - 352  [0.464] 1030
Started game 1043 of 10000 (KingSafetyV2 vs Baseline)
Finished game 1028 (Baseline vs KingSafetyV2): 1-0 {White wins by adjudication}
Score of KingSafetyV2 vs Baseline: 302 - 377 - 352  [0.464] 1031
Started game 1044 of 10000 (Baseline vs KingSafetyV2)
Finished game 1031 (KingSafetyV2 vs Baseline): 1/2-1/2 {Draw by adjudication}
Score of KingSafetyV2 vs Baseline: 302 - 377 - 353  [0.464] 1032
Started game 1045 of 10000 (KingSafetyV2 vs Baseline)
Finished game 1044 (Baseline vs KingSafetyV2): 1/2-1/2 {Draw by 3-fold repetition}
Score of KingSafetyV2 vs Baseline: 302 - 377 - 354  [0.464] 1033
Started game 1046 of 10000 (Baseline vs KingSafetyV2)
Finished game 1030 (Baseline vs KingSafetyV2): 1/2-1/2 {Draw by 3-fold repetition}
Score of KingSafetyV2 vs Baseline: 302 - 377 - 355  [0.464] 1034
Started game 1047 of 10000 (KingSafetyV2 vs Baseline)
Finished game 1035 (KingSafetyV2 vs Baseline): 0-1 {Black wins by adjudication}
Score of KingSafetyV2 vs Baseline: 302 - 378 - 355  [0.463] 1035
Started game 1048 of 10000 (Baseline vs KingSafetyV2)
Finished game 1037 (KingSafetyV2 vs Baseline): 0-1 {Black wins by adjudication}
Score of KingSafetyV2 vs Baseline: 302 - 379 - 355  [0.463] 1036
Started game 1049 of 10000 (KingSafetyV2 vs Baseline)
Finished game 1040 (Baseline vs KingSafetyV2): 0-1 {Black wins by adjudication}
Score of KingSafetyV2 vs Baseline: 303 - 379 - 355  [0.463] 1037
Started game 1050 of 10000 (Baseline vs KingSafetyV2)
Finished game 1041 (KingSafetyV2 vs Baseline): 1-0 {White wins by adjudication}
Score of KingSafetyV2 vs Baseline: 304 - 379 - 355  [0.464] 1038
Started game 1051 of 10000 (KingSafetyV2 vs Baseline)
Finished game 1032 (Baseline vs KingSafetyV2): 1/2-1/2 {Draw by 3-fold repetition}
Score of KingSafetyV2 vs Baseline: 304 - 379 - 356  [0.464] 1039
Started game 1052 of 10000 (Baseline vs KingSafetyV2)
Finished game 1042 (Baseline vs KingSafetyV2): 0-1 {Black wins by adjudication}
Score of KingSafetyV2 vs Baseline: 305 - 379 - 356  [0.464] 1040
Started game 1053 of 10000 (KingSafetyV2 vs Baseline)
Finished game 1039 (KingSafetyV2 vs Baseline): 1/2-1/2 {Draw by insufficient mating material}
Score of KingSafetyV2 vs Baseline: 305 - 379 - 357  [0.464] 1041
Started game 1054 of 10000 (Baseline vs KingSafetyV2)
Finished game 1036 (Baseline vs KingSafetyV2): 1/2-1/2 {Draw by adjudication}
Score of KingSafetyV2 vs Baseline: 305 - 379 - 358  [0.464] 1042
Started game 1055 of 10000 (KingSafetyV2 vs Baseline)
Finished game 1045 (KingSafetyV2 vs Baseline): 1-0 {White wins by adjudication}
Score of KingSafetyV2 vs Baseline: 306 - 379 - 358  [0.465] 1043
Started game 1056 of 10000 (Baseline vs KingSafetyV2)
Finished game 1038 (Baseline vs KingSafetyV2): 1/2-1/2 {Draw by insufficient mating material}
Score of KingSafetyV2 vs Baseline: 306 - 379 - 359  [0.465] 1044
Started game 1057 of 10000 (KingSafetyV2 vs Baseline)
Finished game 1046 (Baseline vs KingSafetyV2): 1/2-1/2 {Draw by 3-fold repetition}
Score of KingSafetyV2 vs Baseline: 306 - 379 - 360  [0.465] 1045
Started game 1058 of 10000 (Baseline vs KingSafetyV2)
Finished game 1043 (KingSafetyV2 vs Baseline): 0-1 {Black wins by adjudication}
Score of KingSafetyV2 vs Baseline: 306 - 380 - 360  [0.465] 1046
Started game 1059 of 10000 (KingSafetyV2 vs Baseline)
Finished game 1048 (Baseline vs KingSafetyV2): 1/2-1/2 {Draw by 3-fold repetition}
Score of KingSafetyV2 vs Baseline: 306 - 380 - 361  [0.465] 1047
Started game 1060 of 10000 (Baseline vs KingSafetyV2)
Finished game 1047 (KingSafetyV2 vs Baseline): 0-1 {Black wins by adjudication}
Score of KingSafetyV2 vs Baseline: 306 - 381 - 361  [0.464] 1048
Started game 1061 of 10000 (KingSafetyV2 vs Baseline)
Finished game 1049 (KingSafetyV2 vs Baseline): 0-1 {Black wins by adjudication}
Score of KingSafetyV2 vs Baseline: 306 - 382 - 361  [0.464] 1049
Started game 1062 of 10000 (Baseline vs KingSafetyV2)
Finished game 1056 (Baseline vs KingSafetyV2): 1/2-1/2 {Draw by 3-fold repetition}
Score of KingSafetyV2 vs Baseline: 306 - 382 - 362  [0.464] 1050
Started game 1063 of 10000 (KingSafetyV2 vs Baseline)
Finished game 1050 (Baseline vs KingSafetyV2): 1-0 {White wins by adjudication}
Score of KingSafetyV2 vs Baseline: 306 - 383 - 362  [0.463] 1051
Started game 1064 of 10000 (Baseline vs KingSafetyV2)
Finished game 1051 (KingSafetyV2 vs Baseline): 0-1 {Black wins by adjudication}
Score of KingSafetyV2 vs Baseline: 306 - 384 - 362  [0.463] 1052
Started game 1065 of 10000 (KingSafetyV2 vs Baseline)
Finished game 1053 (KingSafetyV2 vs Baseline): 0-1 {Black wins by adjudication}
Score of KingSafetyV2 vs Baseline: 306 - 385 - 362  [0.462] 1053
Started game 1066 of 10000 (Baseline vs KingSafetyV2)
Finished game 1052 (Baseline vs KingSafetyV2): 0-1 {Black wins by adjudication}
Score of KingSafetyV2 vs Baseline: 307 - 385 - 362  [0.463] 1054
Started game 1067 of 10000 (KingSafetyV2 vs Baseline)
Finished game 1055 (KingSafetyV2 vs Baseline): 1/2-1/2 {Draw by adjudication}
Score of KingSafetyV2 vs Baseline: 307 - 385 - 363  [0.463] 1055
Started game 1068 of 10000 (Baseline vs KingSafetyV2)
Finished game 1057 (KingSafetyV2 vs Baseline): 1/2-1/2 {Draw by 3-fold repetition}
Score of KingSafetyV2 vs Baseline: 307 - 385 - 364  [0.463] 1056
Started game 1069 of 10000 (KingSafetyV2 vs Baseline)
Finished game 1059 (KingSafetyV2 vs Baseline): 1-0 {White wins by adjudication}
Score of KingSafetyV2 vs Baseline: 308 - 385 - 364  [0.464] 1057
Started game 1070 of 10000 (Baseline vs KingSafetyV2)
Finished game 1058 (Baseline vs KingSafetyV2): 0-1 {Black wins by adjudication}
Score of KingSafetyV2 vs Baseline: 309 - 385 - 364  [0.464] 1058
Started game 1071 of 10000 (KingSafetyV2 vs Baseline)
Finished game 1062 (Baseline vs KingSafetyV2): 1-0 {White wins by adjudication}
Score of KingSafetyV2 vs Baseline: 309 - 386 - 364  [0.464] 1059
Started game 1072 of 10000 (Baseline vs KingSafetyV2)
Finished game 1061 (KingSafetyV2 vs Baseline): 1/2-1/2 {Draw by 3-fold repetition}
Score of KingSafetyV2 vs Baseline: 309 - 386 - 365  [0.464] 1060
Started game 1073 of 10000 (KingSafetyV2 vs Baseline)
Finished game 1067 (KingSafetyV2 vs Baseline): 1/2-1/2 {Draw by adjudication}
Score of KingSafetyV2 vs Baseline: 309 - 386 - 366  [0.464] 1061
Started game 1074 of 10000 (Baseline vs KingSafetyV2)
Finished game 1054 (Baseline vs KingSafetyV2): 1/2-1/2 {Draw by adjudication}
Score of KingSafetyV2 vs Baseline: 309 - 386 - 367  [0.464] 1062
Started game 1075 of 10000 (KingSafetyV2 vs Baseline)
Finished game 1060 (Baseline vs KingSafetyV2): 1/2-1/2 {Draw by fifty moves rule}
Score of KingSafetyV2 vs Baseline: 309 - 386 - 368  [0.464] 1063
Started game 1076 of 10000 (Baseline vs KingSafetyV2)
Finished game 1068 (Baseline vs KingSafetyV2): 1/2-1/2 {Draw by 3-fold repetition}
Score of KingSafetyV2 vs Baseline: 309 - 386 - 369  [0.464] 1064
Started game 1077 of 10000 (KingSafetyV2 vs Baseline)
Finished game 1063 (KingSafetyV2 vs Baseline): 1/2-1/2 {Draw by insufficient mating material}
Score of KingSafetyV2 vs Baseline: 309 - 386 - 370  [0.464] 1065
Started game 1078 of 10000 (Baseline vs KingSafetyV2)
Finished game 1070 (Baseline vs KingSafetyV2): 0-1 {Black wins by adjudication}
Score of KingSafetyV2 vs Baseline: 310 - 386 - 370  [0.464] 1066
Started game 1079 of 10000 (KingSafetyV2 vs Baseline)
Finished game 1066 (Baseline vs KingSafetyV2): 1/2-1/2 {Draw by 3-fold repetition}
Score of KingSafetyV2 vs Baseline: 310 - 386 - 371  [0.464] 1067
Started game 1080 of 10000 (Baseline vs KingSafetyV2)
Finished game 1065 (KingSafetyV2 vs Baseline): 0-1 {Black wins by adjudication}
Score of KingSafetyV2 vs Baseline: 310 - 387 - 371  [0.464] 1068
Started game 1081 of 10000 (KingSafetyV2 vs Baseline)
Finished game 1064 (Baseline vs KingSafetyV2): 1/2-1/2 {Draw by 3-fold repetition}
Score of KingSafetyV2 vs Baseline: 310 - 387 - 372  [0.464] 1069
Started game 1082 of 10000 (Baseline vs KingSafetyV2)
Finished game 1072 (Baseline vs KingSafetyV2): 1/2-1/2 {Draw by adjudication}
Score of KingSafetyV2 vs Baseline: 310 - 387 - 373  [0.464] 1070
Started game 1083 of 10000 (KingSafetyV2 vs Baseline)
Finished game 1073 (KingSafetyV2 vs Baseline): 0-1 {Black wins by adjudication}
Score of KingSafetyV2 vs Baseline: 310 - 388 - 373  [0.464] 1071
Started game 1084 of 10000 (Baseline vs KingSafetyV2)
Finished game 1069 (KingSafetyV2 vs Baseline): 1/2-1/2 {Draw by fifty moves rule}
Score of KingSafetyV2 vs Baseline: 310 - 388 - 374  [0.464] 1072
Started game 1085 of 10000 (KingSafetyV2 vs Baseline)
Finished game 1077 (KingSafetyV2 vs Baseline): 0-1 {Black wins by adjudication}
Score of KingSafetyV2 vs Baseline: 310 - 389 - 374  [0.463] 1073
Started game 1086 of 10000 (Baseline vs KingSafetyV2)
Finished game 1071 (KingSafetyV2 vs Baseline): 1/2-1/2 {Draw by fifty moves rule}
Score of KingSafetyV2 vs Baseline: 310 - 389 - 375  [0.463] 1074
Started game 1087 of 10000 (KingSafetyV2 vs Baseline)
Finished game 1075 (KingSafetyV2 vs Baseline): 0-1 {Black wins by adjudication}
Score of KingSafetyV2 vs Baseline: 310 - 390 - 375  [0.463] 1075
Started game 1088 of 10000 (Baseline vs KingSafetyV2)
Finished game 1074 (Baseline vs KingSafetyV2): 1-0 {White wins by adjudication}
Score of KingSafetyV2 vs Baseline: 310 - 391 - 375  [0.462] 1076
Started game 1089 of 10000 (KingSafetyV2 vs Baseline)
Finished game 1078 (Baseline vs KingSafetyV2): 1/2-1/2 {Draw by 3-fold repetition}
Score of KingSafetyV2 vs Baseline: 310 - 391 - 376  [0.462] 1077
Started game 1090 of 10000 (Baseline vs KingSafetyV2)
Finished game 1079 (KingSafetyV2 vs Baseline): 0-1 {Black wins by adjudication}
Score of KingSafetyV2 vs Baseline: 310 - 392 - 376  [0.462] 1078
Started game 1091 of 10000 (KingSafetyV2 vs Baseline)
Finished game 1080 (Baseline vs KingSafetyV2): 1-0 {White wins by adjudication}
Score of KingSafetyV2 vs Baseline: 310 - 393 - 376  [0.462] 1079
Started game 1092 of 10000 (Baseline vs KingSafetyV2)
Finished game 1076 (Baseline vs KingSafetyV2): 1/2-1/2 {Draw by fifty moves rule}
Score of KingSafetyV2 vs Baseline: 310 - 393 - 377  [0.462] 1080
Started game 1093 of 10000 (KingSafetyV2 vs Baseline)
Finished game 1082 (Baseline vs KingSafetyV2): 0-1 {Black wins by adjudication}
Score of KingSafetyV2 vs Baseline: 311 - 393 - 377  [0.462] 1081
Started game 1094 of 10000 (Baseline vs KingSafetyV2)
Finished game 1081 (KingSafetyV2 vs Baseline): 1/2-1/2 {Draw by adjudication}
Score of KingSafetyV2 vs Baseline: 311 - 393 - 378  [0.462] 1082
Started game 1095 of 10000 (KingSafetyV2 vs Baseline)
Finished game 1086 (Baseline vs KingSafetyV2): 0-1 {Black wins by adjudication}
Score of KingSafetyV2 vs Baseline: 312 - 393 - 378  [0.463] 1083
Started game 1096 of 10000 (Baseline vs KingSafetyV2)
Finished game 1087 (KingSafetyV2 vs Baseline): 1-0 {White wins by adjudication}
Score of KingSafetyV2 vs Baseline: 313 - 393 - 378  [0.463] 1084
Started game 1097 of 10000 (KingSafetyV2 vs Baseline)
Finished game 1083 (KingSafetyV2 vs Baseline): 0-1 {Black wins by adjudication}
Score of KingSafetyV2 vs Baseline: 313 - 394 - 378  [0.463] 1085
Started game 1098 of 10000 (Baseline vs KingSafetyV2)
Finished game 1085 (KingSafetyV2 vs Baseline): 0-1 {Black wins by adjudication}
Score of KingSafetyV2 vs Baseline: 313 - 395 - 378  [0.462] 1086
Started game 1099 of 10000 (KingSafetyV2 vs Baseline)
Finished game 1084 (Baseline vs KingSafetyV2): 1/2-1/2 {Draw by fifty moves rule}
Score of KingSafetyV2 vs Baseline: 313 - 395 - 379  [0.462] 1087
Started game 1100 of 10000 (Baseline vs KingSafetyV2)
Finished game 1088 (Baseline vs KingSafetyV2): 1-0 {White wins by adjudication}
Score of KingSafetyV2 vs Baseline: 313 - 396 - 379  [0.462] 1088
Started game 1101 of 10000 (KingSafetyV2 vs Baseline)
Finished game 1089 (KingSafetyV2 vs Baseline): 1/2-1/2 {Draw by adjudication}
Score of KingSafetyV2 vs Baseline: 313 - 396 - 380  [0.462] 1089
Started game 1102 of 10000 (Baseline vs KingSafetyV2)
Finished game 1092 (Baseline vs KingSafetyV2): 1-0 {White wins by adjudication}
Score of KingSafetyV2 vs Baseline: 313 - 397 - 380  [0.461] 1090
Started game 1103 of 10000 (KingSafetyV2 vs Baseline)
Finished game 1090 (Baseline vs KingSafetyV2): 1-0 {White wins by adjudication}
Score of KingSafetyV2 vs Baseline: 313 - 398 - 380  [0.461] 1091
Started game 1104 of 10000 (Baseline vs KingSafetyV2)
Finished game 1093 (KingSafetyV2 vs Baseline): 0-1 {Black wins by adjudication}
Score of KingSafetyV2 vs Baseline: 313 - 399 - 380  [0.461] 1092
Started game 1105 of 10000 (KingSafetyV2 vs Baseline)
Finished game 1095 (KingSafetyV2 vs Baseline): 1/2-1/2 {Draw by insufficient mating material}
Score of KingSafetyV2 vs Baseline: 313 - 399 - 381  [0.461] 1093
Started game 1106 of 10000 (Baseline vs KingSafetyV2)
Finished game 1097 (KingSafetyV2 vs Baseline): 1-0 {White wins by adjudication}
Score of KingSafetyV2 vs Baseline: 314 - 399 - 381  [0.461] 1094
Started game 1107 of 10000 (KingSafetyV2 vs Baseline)
Finished game 1098 (Baseline vs KingSafetyV2): 0-1 {Black wins by adjudication}
Score of KingSafetyV2 vs Baseline: 315 - 399 - 381  [0.462] 1095
Started game 1108 of 10000 (Baseline vs KingSafetyV2)
Finished game 1104 (Baseline vs KingSafetyV2): 1-0 {White wins by adjudication}
Score of KingSafetyV2 vs Baseline: 315 - 400 - 381  [0.461] 1096
Started game 1109 of 10000 (KingSafetyV2 vs Baseline)
Finished game 1096 (Baseline vs KingSafetyV2): 1-0 {White wins by adjudication}
Score of KingSafetyV2 vs Baseline: 315 - 401 - 381  [0.461] 1097
Started game 1110 of 10000 (Baseline vs KingSafetyV2)
Finished game 1099 (KingSafetyV2 vs Baseline): 0-1 {Black wins by adjudication}
Score of KingSafetyV2 vs Baseline: 315 - 402 - 381  [0.460] 1098
Started game 1111 of 10000 (KingSafetyV2 vs Baseline)
Finished game 1091 (KingSafetyV2 vs Baseline): 1/2-1/2 {Draw by fifty moves rule}
Score of KingSafetyV2 vs Baseline: 315 - 402 - 382  [0.460] 1099
Started game 1112 of 10000 (Baseline vs KingSafetyV2)
Finished game 1100 (Baseline vs KingSafetyV2): 1/2-1/2 {Draw by adjudication}
Score of KingSafetyV2 vs Baseline: 315 - 402 - 383  [0.460] 1100
Started game 1113 of 10000 (KingSafetyV2 vs Baseline)
Finished game 1103 (KingSafetyV2 vs Baseline): 1/2-1/2 {Draw by insufficient mating material}
Score of KingSafetyV2 vs Baseline: 315 - 402 - 384  [0.460] 1101
Started game 1114 of 10000 (Baseline vs KingSafetyV2)
Finished game 1105 (KingSafetyV2 vs Baseline): 1-0 {White wins by adjudication}
Score of KingSafetyV2 vs Baseline: 316 - 402 - 384  [0.461] 1102
Started game 1115 of 10000 (KingSafetyV2 vs Baseline)
Finished game 1108 (Baseline vs KingSafetyV2): 1-0 {White wins by adjudication}
Score of KingSafetyV2 vs Baseline: 316 - 403 - 384  [0.461] 1103
Started game 1116 of 10000 (Baseline vs KingSafetyV2)
Finished game 1109 (KingSafetyV2 vs Baseline): 0-1 {Black wins by adjudication}
Score of KingSafetyV2 vs Baseline: 316 - 404 - 384  [0.460] 1104
Started game 1117 of 10000 (KingSafetyV2 vs Baseline)
Finished game 1110 (Baseline vs KingSafetyV2): 0-1 {Black wins by adjudication}
Score of KingSafetyV2 vs Baseline: 317 - 404 - 384  [0.461] 1105
Started game 1118 of 10000 (Baseline vs KingSafetyV2)
Finished game 1102 (Baseline vs KingSafetyV2): 0-1 {Black wins by adjudication}
Score of KingSafetyV2 vs Baseline: 318 - 404 - 384  [0.461] 1106
Started game 1119 of 10000 (KingSafetyV2 vs Baseline)
Finished game 1111 (KingSafetyV2 vs Baseline): 1/2-1/2 {Draw by adjudication}
Score of KingSafetyV2 vs Baseline: 318 - 404 - 385  [0.461] 1107
Started game 1120 of 10000 (Baseline vs KingSafetyV2)
Finished game 1094 (Baseline vs KingSafetyV2): 1/2-1/2 {Draw by fifty moves rule}
Score of KingSafetyV2 vs Baseline: 318 - 404 - 386  [0.461] 1108
Started game 1121 of 10000 (KingSafetyV2 vs Baseline)
Finished game 1107 (KingSafetyV2 vs Baseline): 0-1 {Black wins by adjudication}
Score of KingSafetyV2 vs Baseline: 318 - 405 - 386  [0.461] 1109
Started game 1122 of 10000 (Baseline vs KingSafetyV2)
Finished game 1101 (KingSafetyV2 vs Baseline): 1-0 {White wins by adjudication}
Score of KingSafetyV2 vs Baseline: 319 - 405 - 386  [0.461] 1110
Started game 1123 of 10000 (KingSafetyV2 vs Baseline)
Finished game 1106 (Baseline vs KingSafetyV2): 1/2-1/2 {Draw by fifty moves rule}
Score of KingSafetyV2 vs Baseline: 319 - 405 - 387  [0.461] 1111
Started game 1124 of 10000 (Baseline vs KingSafetyV2)
Finished game 1114 (Baseline vs KingSafetyV2): 0-1 {Black wins by adjudication}
Score of KingSafetyV2 vs Baseline: 320 - 405 - 387  [0.462] 1112
Started game 1125 of 10000 (KingSafetyV2 vs Baseline)
Finished game 1112 (Baseline vs KingSafetyV2): 1-0 {White wins by adjudication}
Score of KingSafetyV2 vs Baseline: 320 - 406 - 387  [0.461] 1113
Started game 1126 of 10000 (Baseline vs KingSafetyV2)
Finished game 1115 (KingSafetyV2 vs Baseline): 1-0 {White wins by adjudication}
Score of KingSafetyV2 vs Baseline: 321 - 406 - 387  [0.462] 1114
Started game 1127 of 10000 (KingSafetyV2 vs Baseline)
Finished game 1113 (KingSafetyV2 vs Baseline): 1-0 {White wins by adjudication}
Score of KingSafetyV2 vs Baseline: 322 - 406 - 387  [0.462] 1115
Started game 1128 of 10000 (Baseline vs KingSafetyV2)
Finished game 1118 (Baseline vs KingSafetyV2): 0-1 {Black wins by adjudication}
Score of KingSafetyV2 vs Baseline: 323 - 406 - 387  [0.463] 1116
Started game 1129 of 10000 (KingSafetyV2 vs Baseline)
Finished game 1123 (KingSafetyV2 vs Baseline): 0-1 {Black wins by adjudication}
Score of KingSafetyV2 vs Baseline: 323 - 407 - 387  [0.462] 1117
Started game 1130 of 10000 (Baseline vs KingSafetyV2)
Finished game 1116 (Baseline vs KingSafetyV2): 1/2-1/2 {Draw by insufficient mating material}
Score of KingSafetyV2 vs Baseline: 323 - 407 - 388  [0.462] 1118
Started game 1131 of 10000 (KingSafetyV2 vs Baseline)
Finished game 1119 (KingSafetyV2 vs Baseline): 1-0 {White wins by adjudication}
Score of KingSafetyV2 vs Baseline: 324 - 407 - 388  [0.463] 1119
Started game 1132 of 10000 (Baseline vs KingSafetyV2)
Finished game 1124 (Baseline vs KingSafetyV2): 0-1 {Black wins by adjudication}
Score of KingSafetyV2 vs Baseline: 325 - 407 - 388  [0.463] 1120
Started game 1133 of 10000 (KingSafetyV2 vs Baseline)
Finished game 1117 (KingSafetyV2 vs Baseline): 0-1 {Black wins by adjudication}
Score of KingSafetyV2 vs Baseline: 325 - 408 - 388  [0.463] 1121
Started game 1134 of 10000 (Baseline vs KingSafetyV2)
Finished game 1120 (Baseline vs KingSafetyV2): 1-0 {White wins by adjudication}
Score of KingSafetyV2 vs Baseline: 325 - 409 - 388  [0.463] 1122
Started game 1135 of 10000 (KingSafetyV2 vs Baseline)
Finished game 1121 (KingSafetyV2 vs Baseline): 1/2-1/2 {Draw by insufficient mating material}
Score of KingSafetyV2 vs Baseline: 325 - 409 - 389  [0.463] 1123
Started game 1136 of 10000 (Baseline vs KingSafetyV2)
Finished game 1126 (Baseline vs KingSafetyV2): 1-0 {White wins by adjudication}
Score of KingSafetyV2 vs Baseline: 325 - 410 - 389  [0.462] 1124
Started game 1137 of 10000 (KingSafetyV2 vs Baseline)
Finished game 1128 (Baseline vs KingSafetyV2): 1/2-1/2 {Draw by 3-fold repetition}
Score of KingSafetyV2 vs Baseline: 325 - 410 - 390  [0.462] 1125
Started game 1138 of 10000 (Baseline vs KingSafetyV2)
Finished game 1125 (KingSafetyV2 vs Baseline): 1-0 {White wins by adjudication}
Score of KingSafetyV2 vs Baseline: 326 - 410 - 390  [0.463] 1126
Started game 1139 of 10000 (KingSafetyV2 vs Baseline)
Finished game 1122 (Baseline vs KingSafetyV2): 1/2-1/2 {Draw by insufficient mating material}
Score of KingSafetyV2 vs Baseline: 326 - 410 - 391  [0.463] 1127
Started game 1140 of 10000 (Baseline vs KingSafetyV2)
Finished game 1133 (KingSafetyV2 vs Baseline): 1/2-1/2 {Draw by adjudication}
Score of KingSafetyV2 vs Baseline: 326 - 410 - 392  [0.463] 1128
Started game 1141 of 10000 (KingSafetyV2 vs Baseline)
Finished game 1130 (Baseline vs KingSafetyV2): 0-1 {Black wins by adjudication}
Score of KingSafetyV2 vs Baseline: 327 - 410 - 392  [0.463] 1129
Started game 1142 of 10000 (Baseline vs KingSafetyV2)
Finished game 1129 (KingSafetyV2 vs Baseline): 1/2-1/2 {Draw by adjudication}
Score of KingSafetyV2 vs Baseline: 327 - 410 - 393  [0.463] 1130
Started game 1143 of 10000 (KingSafetyV2 vs Baseline)
Finished game 1136 (Baseline vs KingSafetyV2): 1/2-1/2 {Draw by adjudication}
Score of KingSafetyV2 vs Baseline: 327 - 410 - 394  [0.463] 1131
Started game 1144 of 10000 (Baseline vs KingSafetyV2)
Finished game 1131 (KingSafetyV2 vs Baseline): 1/2-1/2 {Draw by insufficient mating material}
Score of KingSafetyV2 vs Baseline: 327 - 410 - 395  [0.463] 1132
Started game 1145 of 10000 (KingSafetyV2 vs Baseline)
Finished game 1135 (KingSafetyV2 vs Baseline): 1-0 {White wins by adjudication}
Score of KingSafetyV2 vs Baseline: 328 - 410 - 395  [0.464] 1133
Started game 1146 of 10000 (Baseline vs KingSafetyV2)
Finished game 1127 (KingSafetyV2 vs Baseline): 1/2-1/2 {Draw by fifty moves rule}
Score of KingSafetyV2 vs Baseline: 328 - 410 - 396  [0.464] 1134
Started game 1147 of 10000 (KingSafetyV2 vs Baseline)
Finished game 1134 (Baseline vs KingSafetyV2): 0-1 {Black wins by adjudication}
Score of KingSafetyV2 vs Baseline: 329 - 410 - 396  [0.464] 1135
Started game 1148 of 10000 (Baseline vs KingSafetyV2)
Finished game 1132 (Baseline vs KingSafetyV2): 1/2-1/2 {Draw by 3-fold repetition}
Score of KingSafetyV2 vs Baseline: 329 - 410 - 397  [0.464] 1136
Started game 1149 of 10000 (KingSafetyV2 vs Baseline)
Finished game 1139 (KingSafetyV2 vs Baseline): 1-0 {White wins by adjudication}
Score of KingSafetyV2 vs Baseline: 330 - 410 - 397  [0.465] 1137
Started game 1150 of 10000 (Baseline vs KingSafetyV2)
Finished game 1141 (KingSafetyV2 vs Baseline): 1-0 {White wins by adjudication}
Score of KingSafetyV2 vs Baseline: 331 - 410 - 397  [0.465] 1138
Started game 1151 of 10000 (KingSafetyV2 vs Baseline)
Finished game 1137 (KingSafetyV2 vs Baseline): 1-0 {White wins by adjudication}
Score of KingSafetyV2 vs Baseline: 332 - 410 - 397  [0.466] 1139
Started game 1152 of 10000 (Baseline vs KingSafetyV2)
Finished game 1140 (Baseline vs KingSafetyV2): 1-0 {White wins by adjudication}
Score of KingSafetyV2 vs Baseline: 332 - 411 - 397  [0.465] 1140
Started game 1153 of 10000 (KingSafetyV2 vs Baseline)
Finished game 1138 (Baseline vs KingSafetyV2): 1-0 {White wins by adjudication}
Score of KingSafetyV2 vs Baseline: 332 - 412 - 397  [0.465] 1141
Started game 1154 of 10000 (Baseline vs KingSafetyV2)
Finished game 1144 (Baseline vs KingSafetyV2): 0-1 {Black wins by adjudication}
Score of KingSafetyV2 vs Baseline: 333 - 412 - 397  [0.465] 1142
Started game 1155 of 10000 (KingSafetyV2 vs Baseline)
Finished game 1142 (Baseline vs KingSafetyV2): 1-0 {White wins by adjudication}
Score of KingSafetyV2 vs Baseline: 333 - 413 - 397  [0.465] 1143
Started game 1156 of 10000 (Baseline vs KingSafetyV2)
Finished game 1148 (Baseline vs KingSafetyV2): 0-1 {Black wins by adjudication}
Score of KingSafetyV2 vs Baseline: 334 - 413 - 397  [0.465] 1144
Started game 1157 of 10000 (KingSafetyV2 vs Baseline)
Finished game 1146 (Baseline vs KingSafetyV2): 1-0 {White wins by adjudication}
Score of KingSafetyV2 vs Baseline: 334 - 414 - 397  [0.465] 1145
Started game 1158 of 10000 (Baseline vs KingSafetyV2)
Finished game 1147 (KingSafetyV2 vs Baseline): 1-0 {White wins by adjudication}
Score of KingSafetyV2 vs Baseline: 335 - 414 - 397  [0.466] 1146
Started game 1159 of 10000 (KingSafetyV2 vs Baseline)
Finished game 1143 (KingSafetyV2 vs Baseline): 1-0 {White wins by adjudication}
Score of KingSafetyV2 vs Baseline: 336 - 414 - 397  [0.466] 1147
Started game 1160 of 10000 (Baseline vs KingSafetyV2)
Finished game 1145 (KingSafetyV2 vs Baseline): 1/2-1/2 {Draw by fifty moves rule}
Score of KingSafetyV2 vs Baseline: 336 - 414 - 398  [0.466] 1148
Started game 1161 of 10000 (KingSafetyV2 vs Baseline)
Finished game 1149 (KingSafetyV2 vs Baseline): 1-0 {White wins by adjudication}
Score of KingSafetyV2 vs Baseline: 337 - 414 - 398  [0.466] 1149
Started game 1162 of 10000 (Baseline vs KingSafetyV2)
Finished game 1154 (Baseline vs KingSafetyV2): 1-0 {White wins by adjudication}
Score of KingSafetyV2 vs Baseline: 337 - 415 - 398  [0.466] 1150
Started game 1163 of 10000 (KingSafetyV2 vs Baseline)
Finished game 1152 (Baseline vs KingSafetyV2): 1/2-1/2 {Draw by adjudication}
Score of KingSafetyV2 vs Baseline: 337 - 415 - 399  [0.466] 1151
Started game 1164 of 10000 (Baseline vs KingSafetyV2)
Finished game 1151 (KingSafetyV2 vs Baseline): 1/2-1/2 {Draw by insufficient mating material}
Score of KingSafetyV2 vs Baseline: 337 - 415 - 400  [0.466] 1152
Started game 1165 of 10000 (KingSafetyV2 vs Baseline)
Finished game 1150 (Baseline vs KingSafetyV2): 0-1 {Black wins by adjudication}
Score of KingSafetyV2 vs Baseline: 338 - 415 - 400  [0.467] 1153
Started game 1166 of 10000 (Baseline vs KingSafetyV2)
Finished game 1153 (KingSafetyV2 vs Baseline): 0-1 {Black wins by adjudication}
Score of KingSafetyV2 vs Baseline: 338 - 416 - 400  [0.466] 1154
Started game 1167 of 10000 (KingSafetyV2 vs Baseline)
Finished game 1157 (KingSafetyV2 vs Baseline): 1-0 {White wins by adjudication}
Score of KingSafetyV2 vs Baseline: 339 - 416 - 400  [0.467] 1155
Started game 1168 of 10000 (Baseline vs KingSafetyV2)
Finished game 1155 (KingSafetyV2 vs Baseline): 0-1 {Black wins by adjudication}
Score of KingSafetyV2 vs Baseline: 339 - 417 - 400  [0.466] 1156
Started game 1169 of 10000 (KingSafetyV2 vs Baseline)
Finished game 1156 (Baseline vs KingSafetyV2): 1/2-1/2 {Draw by 3-fold repetition}
Score of KingSafetyV2 vs Baseline: 339 - 417 - 401  [0.466] 1157
Started game 1170 of 10000 (Baseline vs KingSafetyV2)
Finished game 1160 (Baseline vs KingSafetyV2): 1-0 {White wins by adjudication}
Score of KingSafetyV2 vs Baseline: 339 - 418 - 401  [0.466] 1158
Started game 1171 of 10000 (KingSafetyV2 vs Baseline)
Finished game 1158 (Baseline vs KingSafetyV2): 0-1 {Black mates}
Score of KingSafetyV2 vs Baseline: 340 - 418 - 401  [0.466] 1159
Started game 1172 of 10000 (Baseline vs KingSafetyV2)
Finished game 1166 (Baseline vs KingSafetyV2): 1/2-1/2 {Draw by insufficient mating material}
Score of KingSafetyV2 vs Baseline: 340 - 418 - 402  [0.466] 1160
Started game 1173 of 10000 (KingSafetyV2 vs Baseline)
Finished game 1164 (Baseline vs KingSafetyV2): 1-0 {White wins by adjudication}
Score of KingSafetyV2 vs Baseline: 340 - 419 - 402  [0.466] 1161
Started game 1174 of 10000 (Baseline vs KingSafetyV2)
Finished game 1161 (KingSafetyV2 vs Baseline): 1-0 {White wins by adjudication}
Score of KingSafetyV2 vs Baseline: 341 - 419 - 402  [0.466] 1162
Started game 1175 of 10000 (KingSafetyV2 vs Baseline)
Finished game 1165 (KingSafetyV2 vs Baseline): 1-0 {White wins by adjudication}
Score of KingSafetyV2 vs Baseline: 342 - 419 - 402  [0.467] 1163
Started game 1176 of 10000 (Baseline vs KingSafetyV2)
Finished game 1162 (Baseline vs KingSafetyV2): 0-1 {Black wins by adjudication}
Score of KingSafetyV2 vs Baseline: 343 - 419 - 402  [0.467] 1164
Started game 1177 of 10000 (KingSafetyV2 vs Baseline)
Finished game 1168 (Baseline vs KingSafetyV2): 0-1 {Black wins by adjudication}
Score of KingSafetyV2 vs Baseline: 344 - 419 - 402  [0.468] 1165
Started game 1178 of 10000 (Baseline vs KingSafetyV2)
Finished game 1167 (KingSafetyV2 vs Baseline): 1/2-1/2 {Draw by 3-fold repetition}
Score of KingSafetyV2 vs Baseline: 344 - 419 - 403  [0.468] 1166
Started game 1179 of 10000 (KingSafetyV2 vs Baseline)
Finished game 1159 (KingSafetyV2 vs Baseline): 1/2-1/2 {Draw by fifty moves rule}
Score of KingSafetyV2 vs Baseline: 344 - 419 - 404  [0.468] 1167
Started game 1180 of 10000 (Baseline vs KingSafetyV2)
Finished game 1169 (KingSafetyV2 vs Baseline): 0-1 {Black wins by adjudication}
Score of KingSafetyV2 vs Baseline: 344 - 420 - 404  [0.467] 1168
Started game 1181 of 10000 (KingSafetyV2 vs Baseline)
Finished game 1170 (Baseline vs KingSafetyV2): 1-0 {White wins by adjudication}
Score of KingSafetyV2 vs Baseline: 344 - 421 - 404  [0.467] 1169
Started game 1182 of 10000 (Baseline vs KingSafetyV2)
Finished game 1172 (Baseline vs KingSafetyV2): 1-0 {White wins by adjudication}
Score of KingSafetyV2 vs Baseline: 344 - 422 - 404  [0.467] 1170
Started game 1183 of 10000 (KingSafetyV2 vs Baseline)
Finished game 1171 (KingSafetyV2 vs Baseline): 1/2-1/2 {Draw by 3-fold repetition}
Score of KingSafetyV2 vs Baseline: 344 - 422 - 405  [0.467] 1171
Started game 1184 of 10000 (Baseline vs KingSafetyV2)
Finished game 1163 (KingSafetyV2 vs Baseline): 1/2-1/2 {Draw by insufficient mating material}
Score of KingSafetyV2 vs Baseline: 344 - 422 - 406  [0.467] 1172
Started game 1185 of 10000 (KingSafetyV2 vs Baseline)
Finished game 1173 (KingSafetyV2 vs Baseline): 0-1 {Black wins by adjudication}
Score of KingSafetyV2 vs Baseline: 344 - 423 - 406  [0.466] 1173
Started game 1186 of 10000 (Baseline vs KingSafetyV2)
Finished game 1178 (Baseline vs KingSafetyV2): 1-0 {White wins by adjudication}
Score of KingSafetyV2 vs Baseline: 344 - 424 - 406  [0.466] 1174
Started game 1187 of 10000 (KingSafetyV2 vs Baseline)
Finished game 1175 (KingSafetyV2 vs Baseline): 1/2-1/2 {Draw by 3-fold repetition}
Score of KingSafetyV2 vs Baseline: 344 - 424 - 407  [0.466] 1175
Started game 1188 of 10000 (Baseline vs KingSafetyV2)
Finished game 1180 (Baseline vs KingSafetyV2): 1/2-1/2 {Draw by insufficient mating material}
Score of KingSafetyV2 vs Baseline: 344 - 424 - 408  [0.466] 1176
Started game 1189 of 10000 (KingSafetyV2 vs Baseline)
Finished game 1181 (KingSafetyV2 vs Baseline): 0-1 {Black wins by adjudication}
Score of KingSafetyV2 vs Baseline: 344 - 425 - 408  [0.466] 1177
Started game 1190 of 10000 (Baseline vs KingSafetyV2)
Finished game 1177 (KingSafetyV2 vs Baseline): 1/2-1/2 {Draw by insufficient mating material}
Score of KingSafetyV2 vs Baseline: 344 - 425 - 409  [0.466] 1178
Started game 1191 of 10000 (KingSafetyV2 vs Baseline)
Finished game 1176 (Baseline vs KingSafetyV2): 1/2-1/2 {Draw by 3-fold repetition}
Score of KingSafetyV2 vs Baseline: 344 - 425 - 410  [0.466] 1179
Started game 1192 of 10000 (Baseline vs KingSafetyV2)
Finished game 1179 (KingSafetyV2 vs Baseline): 1-0 {White wins by adjudication}
Score of KingSafetyV2 vs Baseline: 345 - 425 - 410  [0.466] 1180
Started game 1193 of 10000 (KingSafetyV2 vs Baseline)
Finished game 1183 (KingSafetyV2 vs Baseline): 0-1 {Black wins by adjudication}
Score of KingSafetyV2 vs Baseline: 345 - 426 - 410  [0.466] 1181
Started game 1194 of 10000 (Baseline vs KingSafetyV2)
Finished game 1182 (Baseline vs KingSafetyV2): 1/2-1/2 {Draw by adjudication}
Score of KingSafetyV2 vs Baseline: 345 - 426 - 411  [0.466] 1182
Started game 1195 of 10000 (KingSafetyV2 vs Baseline)
Finished game 1174 (Baseline vs KingSafetyV2): 1/2-1/2 {Draw by insufficient mating material}
Score of KingSafetyV2 vs Baseline: 345 - 426 - 412  [0.466] 1183
Started game 1196 of 10000 (Baseline vs KingSafetyV2)
Finished game 1185 (KingSafetyV2 vs Baseline): 1/2-1/2 {Draw by 3-fold repetition}
Score of KingSafetyV2 vs Baseline: 345 - 426 - 413  [0.466] 1184
Started game 1197 of 10000 (KingSafetyV2 vs Baseline)
Finished game 1184 (Baseline vs KingSafetyV2): 1-0 {White wins by adjudication}
Score of KingSafetyV2 vs Baseline: 345 - 427 - 413  [0.465] 1185
Started game 1198 of 10000 (Baseline vs KingSafetyV2)
Finished game 1187 (KingSafetyV2 vs Baseline): 1/2-1/2 {Draw by 3-fold repetition}
Score of KingSafetyV2 vs Baseline: 345 - 427 - 414  [0.465] 1186
Started game 1199 of 10000 (KingSafetyV2 vs Baseline)
Finished game 1188 (Baseline vs KingSafetyV2): 1-0 {White wins by adjudication}
Score of KingSafetyV2 vs Baseline: 345 - 428 - 414  [0.465] 1187
Started game 1200 of 10000 (Baseline vs KingSafetyV2)
Finished game 1195 (KingSafetyV2 vs Baseline): 0-1 {Black wins by adjudication}
Score of KingSafetyV2 vs Baseline: 345 - 429 - 414  [0.465] 1188
Started game 1201 of 10000 (KingSafetyV2 vs Baseline)
Finished game 1189 (KingSafetyV2 vs Baseline): 1-0 {White wins by adjudication}
Score of KingSafetyV2 vs Baseline: 346 - 429 - 414  [0.465] 1189
Started game 1202 of 10000 (Baseline vs KingSafetyV2)
Finished game 1196 (Baseline vs KingSafetyV2): 0-1 {Black wins by adjudication}
Score of KingSafetyV2 vs Baseline: 347 - 429 - 414  [0.466] 1190
Started game 1203 of 10000 (KingSafetyV2 vs Baseline)
Finished game 1186 (Baseline vs KingSafetyV2): 1-0 {White wins by adjudication}
Score of KingSafetyV2 vs Baseline: 347 - 430 - 414  [0.465] 1191
Started game 1204 of 10000 (Baseline vs KingSafetyV2)
Finished game 1191 (KingSafetyV2 vs Baseline): 1-0 {White wins by adjudication}
Score of KingSafetyV2 vs Baseline: 348 - 430 - 414  [0.466] 1192
Started game 1205 of 10000 (KingSafetyV2 vs Baseline)
Finished game 1193 (KingSafetyV2 vs Baseline): 0-1 {Black wins by adjudication}
Score of KingSafetyV2 vs Baseline: 348 - 431 - 414  [0.465] 1193
Started game 1206 of 10000 (Baseline vs KingSafetyV2)
Finished game 1190 (Baseline vs KingSafetyV2): 1-0 {White wins by adjudication}
Score of KingSafetyV2 vs Baseline: 348 - 432 - 414  [0.465] 1194
Started game 1207 of 10000 (KingSafetyV2 vs Baseline)
Finished game 1192 (Baseline vs KingSafetyV2): 1/2-1/2 {Draw by 3-fold repetition}
Score of KingSafetyV2 vs Baseline: 348 - 432 - 415  [0.465] 1195
Started game 1208 of 10000 (Baseline vs KingSafetyV2)
Finished game 1194 (Baseline vs KingSafetyV2): 1/2-1/2 {Draw by insufficient mating material}
Score of KingSafetyV2 vs Baseline: 348 - 432 - 416  [0.465] 1196
Started game 1209 of 10000 (KingSafetyV2 vs Baseline)
Finished game 1200 (Baseline vs KingSafetyV2): 0-1 {Black wins by adjudication}
Score of KingSafetyV2 vs Baseline: 349 - 432 - 416  [0.465] 1197
Started game 1210 of 10000 (Baseline vs KingSafetyV2)
Finished game 1198 (Baseline vs KingSafetyV2): 1-0 {White wins by adjudication}
Score of KingSafetyV2 vs Baseline: 349 - 433 - 416  [0.465] 1198
Started game 1211 of 10000 (KingSafetyV2 vs Baseline)
Finished game 1197 (KingSafetyV2 vs Baseline): 1/2-1/2 {Draw by 3-fold repetition}
Score of KingSafetyV2 vs Baseline: 349 - 433 - 417  [0.465] 1199
Started game 1212 of 10000 (Baseline vs KingSafetyV2)
Finished game 1205 (KingSafetyV2 vs Baseline): 1-0 {White wins by adjudication}
Score of KingSafetyV2 vs Baseline: 350 - 433 - 417  [0.465] 1200
Started game 1213 of 10000 (KingSafetyV2 vs Baseline)
Finished game 1204 (Baseline vs KingSafetyV2): 1-0 {White wins by adjudication}
Score of KingSafetyV2 vs Baseline: 350 - 434 - 417  [0.465] 1201
Started game 1214 of 10000 (Baseline vs KingSafetyV2)
Finished game 1203 (KingSafetyV2 vs Baseline): 1-0 {White wins by adjudication}
Score of KingSafetyV2 vs Baseline: 351 - 434 - 417  [0.465] 1202
Started game 1215 of 10000 (KingSafetyV2 vs Baseline)
Finished game 1206 (Baseline vs KingSafetyV2): 1-0 {White wins by adjudication}
Score of KingSafetyV2 vs Baseline: 351 - 435 - 417  [0.465] 1203
Started game 1216 of 10000 (Baseline vs KingSafetyV2)
Finished game 1207 (KingSafetyV2 vs Baseline): 1-0 {White wins by adjudication}
Score of KingSafetyV2 vs Baseline: 352 - 435 - 417  [0.466] 1204
Started game 1217 of 10000 (KingSafetyV2 vs Baseline)
Finished game 1199 (KingSafetyV2 vs Baseline): 1/2-1/2 {Draw by fifty moves rule}
Score of KingSafetyV2 vs Baseline: 352 - 435 - 418  [0.466] 1205
Started game 1218 of 10000 (Baseline vs KingSafetyV2)
Finished game 1211 (KingSafetyV2 vs Baseline): 1-0 {White wins by adjudication}
Score of KingSafetyV2 vs Baseline: 353 - 435 - 418  [0.466] 1206
Started game 1219 of 10000 (KingSafetyV2 vs Baseline)
Finished game 1208 (Baseline vs KingSafetyV2): 0-1 {Black wins by adjudication}
Score of KingSafetyV2 vs Baseline: 354 - 435 - 418  [0.466] 1207
Started game 1220 of 10000 (Baseline vs KingSafetyV2)
Finished game 1209 (KingSafetyV2 vs Baseline): 0-1 {Black wins by adjudication}
Score of KingSafetyV2 vs Baseline: 354 - 436 - 418  [0.466] 1208
Started game 1221 of 10000 (KingSafetyV2 vs Baseline)
Finished game 1201 (KingSafetyV2 vs Baseline): 1/2-1/2 {Draw by fifty moves rule}
Score of KingSafetyV2 vs Baseline: 354 - 436 - 419  [0.466] 1209
Started game 1222 of 10000 (Baseline vs KingSafetyV2)
Finished game 1212 (Baseline vs KingSafetyV2): 1-0 {White wins by adjudication}
Score of KingSafetyV2 vs Baseline: 354 - 437 - 419  [0.466] 1210
Started game 1223 of 10000 (KingSafetyV2 vs Baseline)
Finished game 1210 (Baseline vs KingSafetyV2): 0-1 {Black wins by adjudication}
Score of KingSafetyV2 vs Baseline: 355 - 437 - 419  [0.466] 1211
Started game 1224 of 10000 (Baseline vs KingSafetyV2)
Finished game 1202 (Baseline vs KingSafetyV2): 1/2-1/2 {Draw by insufficient mating material}
Score of KingSafetyV2 vs Baseline: 355 - 437 - 420  [0.466] 1212
Started game 1225 of 10000 (KingSafetyV2 vs Baseline)
Finished game 1214 (Baseline vs KingSafetyV2): 1/2-1/2 {Draw by 3-fold repetition}
Score of KingSafetyV2 vs Baseline: 355 - 437 - 421  [0.466] 1213
Started game 1226 of 10000 (Baseline vs KingSafetyV2)
Finished game 1220 (Baseline vs KingSafetyV2): 1/2-1/2 {Draw by 3-fold repetition}
Score of KingSafetyV2 vs Baseline: 355 - 437 - 422  [0.466] 1214
Started game 1227 of 10000 (KingSafetyV2 vs Baseline)
Finished game 1216 (Baseline vs KingSafetyV2): 1-0 {White wins by adjudication}
Score of KingSafetyV2 vs Baseline: 355 - 438 - 422  [0.466] 1215
Started game 1228 of 10000 (Baseline vs KingSafetyV2)
Finished game 1217 (KingSafetyV2 vs Baseline): 0-1 {Black wins by adjudication}
Score of KingSafetyV2 vs Baseline: 355 - 439 - 422  [0.465] 1216
Started game 1229 of 10000 (KingSafetyV2 vs Baseline)
Finished game 1215 (KingSafetyV2 vs Baseline): 1/2-1/2 {Draw by fifty moves rule}
Score of KingSafetyV2 vs Baseline: 355 - 439 - 423  [0.465] 1217
Started game 1230 of 10000 (Baseline vs KingSafetyV2)
Finished game 1221 (KingSafetyV2 vs Baseline): 1/2-1/2 {Draw by adjudication}
Score of KingSafetyV2 vs Baseline: 355 - 439 - 424  [0.466] 1218
Started game 1231 of 10000 (KingSafetyV2 vs Baseline)
Finished game 1213 (KingSafetyV2 vs Baseline): 0-1 {Black wins by adjudication}
Score of KingSafetyV2 vs Baseline: 355 - 440 - 424  [0.465] 1219
Started game 1232 of 10000 (Baseline vs KingSafetyV2)
Finished game 1222 (Baseline vs KingSafetyV2): 1/2-1/2 {Draw by 3-fold repetition}
Score of KingSafetyV2 vs Baseline: 355 - 440 - 425  [0.465] 1220
Started game 1233 of 10000 (KingSafetyV2 vs Baseline)
Finished game 1218 (Baseline vs KingSafetyV2): 0-1 {Black wins by adjudication}
Score of KingSafetyV2 vs Baseline: 356 - 440 - 425  [0.466] 1221
Started game 1234 of 10000 (Baseline vs KingSafetyV2)
Finished game 1224 (Baseline vs KingSafetyV2): 0-1 {Black wins by adjudication}
Score of KingSafetyV2 vs Baseline: 357 - 440 - 425  [0.466] 1222
Started game 1235 of 10000 (KingSafetyV2 vs Baseline)
Finished game 1226 (Baseline vs KingSafetyV2): 1-0 {White wins by adjudication}
Score of KingSafetyV2 vs Baseline: 357 - 441 - 425  [0.466] 1223
Started game 1236 of 10000 (Baseline vs KingSafetyV2)
Finished game 1223 (KingSafetyV2 vs Baseline): 0-1 {Black wins by adjudication}
Score of KingSafetyV2 vs Baseline: 357 - 442 - 425  [0.465] 1224
Started game 1237 of 10000 (KingSafetyV2 vs Baseline)
Finished game 1227 (KingSafetyV2 vs Baseline): 0-1 {Black wins by adjudication}
Score of KingSafetyV2 vs Baseline: 357 - 443 - 425  [0.465] 1225
Started game 1238 of 10000 (Baseline vs KingSafetyV2)
Finished game 1219 (KingSafetyV2 vs Baseline): 1/2-1/2 {Draw by fifty moves rule}
Score of KingSafetyV2 vs Baseline: 357 - 443 - 426  [0.465] 1226
Started game 1239 of 10000 (KingSafetyV2 vs Baseline)
Finished game 1228 (Baseline vs KingSafetyV2): 0-1 {Black mates}
Score of KingSafetyV2 vs Baseline: 358 - 443 - 426  [0.465] 1227
Started game 1240 of 10000 (Baseline vs KingSafetyV2)
Finished game 1229 (KingSafetyV2 vs Baseline): 0-1 {Black wins by adjudication}
Score of KingSafetyV2 vs Baseline: 358 - 444 - 426  [0.465] 1228
Started game 1241 of 10000 (KingSafetyV2 vs Baseline)
Finished game 1225 (KingSafetyV2 vs Baseline): 1/2-1/2 {Draw by fifty moves rule}
Score of KingSafetyV2 vs Baseline: 358 - 444 - 427  [0.465] 1229
Started game 1242 of 10000 (Baseline vs KingSafetyV2)
Finished game 1232 (Baseline vs KingSafetyV2): 1/2-1/2 {Draw by 3-fold repetition}
Score of KingSafetyV2 vs Baseline: 358 - 444 - 428  [0.465] 1230
Started game 1243 of 10000 (KingSafetyV2 vs Baseline)
Finished game 1230 (Baseline vs KingSafetyV2): 0-1 {Black wins by adjudication}
Score of KingSafetyV2 vs Baseline: 359 - 444 - 428  [0.465] 1231
Started game 1244 of 10000 (Baseline vs KingSafetyV2)
Finished game 1235 (KingSafetyV2 vs Baseline): 1/2-1/2 {Draw by 3-fold repetition}
Score of KingSafetyV2 vs Baseline: 359 - 444 - 429  [0.466] 1232
Started game 1245 of 10000 (KingSafetyV2 vs Baseline)
Finished game 1236 (Baseline vs KingSafetyV2): 0-1 {Black wins by adjudication}
Score of KingSafetyV2 vs Baseline: 360 - 444 - 429  [0.466] 1233
Started game 1246 of 10000 (Baseline vs KingSafetyV2)
Finished game 1234 (Baseline vs KingSafetyV2): 1-0 {White wins by adjudication}
Score of KingSafetyV2 vs Baseline: 360 - 445 - 429  [0.466] 1234
Started game 1247 of 10000 (KingSafetyV2 vs Baseline)
Finished game 1231 (KingSafetyV2 vs Baseline): 1/2-1/2 {Draw by insufficient mating material}
Score of KingSafetyV2 vs Baseline: 360 - 445 - 430  [0.466] 1235
Started game 1248 of 10000 (Baseline vs KingSafetyV2)
Finished game 1233 (KingSafetyV2 vs Baseline): 0-1 {Black wins by adjudication}
Score of KingSafetyV2 vs Baseline: 360 - 446 - 430  [0.465] 1236
Started game 1249 of 10000 (KingSafetyV2 vs Baseline)
Finished game 1238 (Baseline vs KingSafetyV2): 0-1 {Black wins by adjudication}
Score of KingSafetyV2 vs Baseline: 361 - 446 - 430  [0.466] 1237
Started game 1250 of 10000 (Baseline vs KingSafetyV2)
Finished game 1239 (KingSafetyV2 vs Baseline): 0-1 {Black wins by adjudication}
Score of KingSafetyV2 vs Baseline: 361 - 447 - 430  [0.465] 1238
Started game 1251 of 10000 (KingSafetyV2 vs Baseline)
Finished game 1242 (Baseline vs KingSafetyV2): 1/2-1/2 {Draw by 3-fold repetition}
Score of KingSafetyV2 vs Baseline: 361 - 447 - 431  [0.465] 1239
Started game 1252 of 10000 (Baseline vs KingSafetyV2)
Finished game 1241 (KingSafetyV2 vs Baseline): 0-1 {Black wins by adjudication}
Score of KingSafetyV2 vs Baseline: 361 - 448 - 431  [0.465] 1240
Started game 1253 of 10000 (KingSafetyV2 vs Baseline)
Finished game 1243 (KingSafetyV2 vs Baseline): 1/2-1/2 {Draw by adjudication}
Score of KingSafetyV2 vs Baseline: 361 - 448 - 432  [0.465] 1241
Started game 1254 of 10000 (Baseline vs KingSafetyV2)
Finished game 1244 (Baseline vs KingSafetyV2): 1-0 {White wins by adjudication}
Score of KingSafetyV2 vs Baseline: 361 - 449 - 432  [0.465] 1242
Started game 1255 of 10000 (KingSafetyV2 vs Baseline)
Finished game 1245 (KingSafetyV2 vs Baseline): 0-1 {Black wins by adjudication}
Score of KingSafetyV2 vs Baseline: 361 - 450 - 432  [0.464] 1243
Started game 1256 of 10000 (Baseline vs KingSafetyV2)
Finished game 1240 (Baseline vs KingSafetyV2): 1-0 {White wins by adjudication}
Score of KingSafetyV2 vs Baseline: 361 - 451 - 432  [0.464] 1244
Started game 1257 of 10000 (KingSafetyV2 vs Baseline)
Finished game 1237 (KingSafetyV2 vs Baseline): 1/2-1/2 {Draw by fifty moves rule}
Score of KingSafetyV2 vs Baseline: 361 - 451 - 433  [0.464] 1245
Started game 1258 of 10000 (Baseline vs KingSafetyV2)
Finished game 1248 (Baseline vs KingSafetyV2): 1-0 {White wins by adjudication}
Score of KingSafetyV2 vs Baseline: 361 - 452 - 433  [0.463] 1246
Started game 1259 of 10000 (KingSafetyV2 vs Baseline)
Finished game 1246 (Baseline vs KingSafetyV2): 1/2-1/2 {Draw by insufficient mating material}
Score of KingSafetyV2 vs Baseline: 361 - 452 - 434  [0.464] 1247
Started game 1260 of 10000 (Baseline vs KingSafetyV2)
Finished game 1250 (Baseline vs KingSafetyV2): 0-1 {Black wins by adjudication}
Score of KingSafetyV2 vs Baseline: 362 - 452 - 434  [0.464] 1248
Started game 1261 of 10000 (KingSafetyV2 vs Baseline)
Finished game 1247 (KingSafetyV2 vs Baseline): 1-0 {White wins by adjudication}
Score of KingSafetyV2 vs Baseline: 363 - 452 - 434  [0.464] 1249
Started game 1262 of 10000 (Baseline vs KingSafetyV2)
Finished game 1251 (KingSafetyV2 vs Baseline): 1-0 {White wins by adjudication}
Score of KingSafetyV2 vs Baseline: 364 - 452 - 434  [0.465] 1250
Started game 1263 of 10000 (KingSafetyV2 vs Baseline)
Finished game 1254 (Baseline vs KingSafetyV2): 1/2-1/2 {Draw by 3-fold repetition}
Score of KingSafetyV2 vs Baseline: 364 - 452 - 435  [0.465] 1251
Started game 1264 of 10000 (Baseline vs KingSafetyV2)
Finished game 1253 (KingSafetyV2 vs Baseline): 1-0 {White wins by adjudication}
Score of KingSafetyV2 vs Baseline: 365 - 452 - 435  [0.465] 1252
Started game 1265 of 10000 (KingSafetyV2 vs Baseline)
Finished game 1249 (KingSafetyV2 vs Baseline): 0-1 {Black wins by adjudication}
Score of KingSafetyV2 vs Baseline: 365 - 453 - 435  [0.465] 1253
Started game 1266 of 10000 (Baseline vs KingSafetyV2)
Finished game 1252 (Baseline vs KingSafetyV2): 1/2-1/2 {Draw by insufficient mating material}
Score of KingSafetyV2 vs Baseline: 365 - 453 - 436  [0.465] 1254
Started game 1267 of 10000 (KingSafetyV2 vs Baseline)
Finished game 1259 (KingSafetyV2 vs Baseline): 0-1 {Black wins by adjudication}
Score of KingSafetyV2 vs Baseline: 365 - 454 - 436  [0.465] 1255
Started game 1268 of 10000 (Baseline vs KingSafetyV2)
Finished game 1255 (KingSafetyV2 vs Baseline): 1/2-1/2 {Draw by insufficient mating material}
Score of KingSafetyV2 vs Baseline: 365 - 454 - 437  [0.465] 1256
Started game 1269 of 10000 (KingSafetyV2 vs Baseline)
Finished game 1256 (Baseline vs KingSafetyV2): 0-1 {Black wins by adjudication}
Score of KingSafetyV2 vs Baseline: 366 - 454 - 437  [0.465] 1257
Started game 1270 of 10000 (Baseline vs KingSafetyV2)
Finished game 1260 (Baseline vs KingSafetyV2): 0-1 {Black wins by adjudication}
Score of KingSafetyV2 vs Baseline: 367 - 454 - 437  [0.465] 1258
Started game 1271 of 10000 (KingSafetyV2 vs Baseline)
Finished game 1258 (Baseline vs KingSafetyV2): 1-0 {White wins by adjudication}
Score of KingSafetyV2 vs Baseline: 367 - 455 - 437  [0.465] 1259
Started game 1272 of 10000 (Baseline vs KingSafetyV2)
Finished game 1257 (KingSafetyV2 vs Baseline): 0-1 {Black wins by adjudication}
Score of KingSafetyV2 vs Baseline: 367 - 456 - 437  [0.465] 1260
Started game 1273 of 10000 (KingSafetyV2 vs Baseline)
Finished game 1261 (KingSafetyV2 vs Baseline): 0-1 {Black wins by adjudication}
Score of KingSafetyV2 vs Baseline: 367 - 457 - 437  [0.464] 1261
Started game 1274 of 10000 (Baseline vs KingSafetyV2)
Finished game 1264 (Baseline vs KingSafetyV2): 1/2-1/2 {Draw by 3-fold repetition}
Score of KingSafetyV2 vs Baseline: 367 - 457 - 438  [0.464] 1262
Started game 1275 of 10000 (KingSafetyV2 vs Baseline)
Finished game 1266 (Baseline vs KingSafetyV2): 1-0 {White wins by adjudication}
Score of KingSafetyV2 vs Baseline: 367 - 458 - 438  [0.464] 1263
Started game 1276 of 10000 (Baseline vs KingSafetyV2)
Finished game 1263 (KingSafetyV2 vs Baseline): 0-1 {Black wins by adjudication}
Score of KingSafetyV2 vs Baseline: 367 - 459 - 438  [0.464] 1264
Started game 1277 of 10000 (KingSafetyV2 vs Baseline)
Finished game 1267 (KingSafetyV2 vs Baseline): 1/2-1/2 {Draw by adjudication}
Score of KingSafetyV2 vs Baseline: 367 - 459 - 439  [0.464] 1265
Started game 1278 of 10000 (Baseline vs KingSafetyV2)
Finished game 1262 (Baseline vs KingSafetyV2): 1-0 {White wins by adjudication}
Score of KingSafetyV2 vs Baseline: 367 - 460 - 439  [0.463] 1266
Started game 1279 of 10000 (KingSafetyV2 vs Baseline)
Finished game 1265 (KingSafetyV2 vs Baseline): 1/2-1/2 {Draw by insufficient mating material}
Score of KingSafetyV2 vs Baseline: 367 - 460 - 440  [0.463] 1267
Started game 1280 of 10000 (Baseline vs KingSafetyV2)
Finished game 1269 (KingSafetyV2 vs Baseline): 1-0 {White wins by adjudication}
Score of KingSafetyV2 vs Baseline: 368 - 460 - 440  [0.464] 1268
Started game 1281 of 10000 (KingSafetyV2 vs Baseline)
Finished game 1270 (Baseline vs KingSafetyV2): 1/2-1/2 {Draw by adjudication}
Score of KingSafetyV2 vs Baseline: 368 - 460 - 441  [0.464] 1269
Started game 1282 of 10000 (Baseline vs KingSafetyV2)
Finished game 1272 (Baseline vs KingSafetyV2): 1/2-1/2 {Draw by adjudication}
Score of KingSafetyV2 vs Baseline: 368 - 460 - 442  [0.464] 1270
Started game 1283 of 10000 (KingSafetyV2 vs Baseline)
Finished game 1268 (Baseline vs KingSafetyV2): 1/2-1/2 {Draw by adjudication}
Score of KingSafetyV2 vs Baseline: 368 - 460 - 443  [0.464] 1271
Started game 1284 of 10000 (Baseline vs KingSafetyV2)
Finished game 1273 (KingSafetyV2 vs Baseline): 1-0 {White wins by adjudication}
Score of KingSafetyV2 vs Baseline: 369 - 460 - 443  [0.464] 1272
Started game 1285 of 10000 (KingSafetyV2 vs Baseline)
Finished game 1279 (KingSafetyV2 vs Baseline): 1/2-1/2 {Draw by 3-fold repetition}
Score of KingSafetyV2 vs Baseline: 369 - 460 - 444  [0.464] 1273
Started game 1286 of 10000 (Baseline vs KingSafetyV2)
Finished game 1271 (KingSafetyV2 vs Baseline): 1-0 {White wins by adjudication}
Score of KingSafetyV2 vs Baseline: 370 - 460 - 444  [0.465] 1274
Started game 1287 of 10000 (KingSafetyV2 vs Baseline)
Finished game 1275 (KingSafetyV2 vs Baseline): 1-0 {White mates}
Score of KingSafetyV2 vs Baseline: 371 - 460 - 444  [0.465] 1275
Started game 1288 of 10000 (Baseline vs KingSafetyV2)
Finished game 1274 (Baseline vs KingSafetyV2): 1-0 {White mates}
Score of KingSafetyV2 vs Baseline: 371 - 461 - 444  [0.465] 1276
Started game 1289 of 10000 (KingSafetyV2 vs Baseline)
Finished game 1278 (Baseline vs KingSafetyV2): 1-0 {White wins by adjudication}
Score of KingSafetyV2 vs Baseline: 371 - 462 - 444  [0.464] 1277
Started game 1290 of 10000 (Baseline vs KingSafetyV2)
Finished game 1281 (KingSafetyV2 vs Baseline): 0-1 {Black wins by adjudication}
Score of KingSafetyV2 vs Baseline: 371 - 463 - 444  [0.464] 1278
Started game 1291 of 10000 (KingSafetyV2 vs Baseline)
Finished game 1282 (Baseline vs KingSafetyV2): 0-1 {Black wins by adjudication}
Score of KingSafetyV2 vs Baseline: 372 - 463 - 444  [0.464] 1279
Started game 1292 of 10000 (Baseline vs KingSafetyV2)
Finished game 1285 (KingSafetyV2 vs Baseline): 0-1 {Black wins by adjudication}
Score of KingSafetyV2 vs Baseline: 372 - 464 - 444  [0.464] 1280
Started game 1293 of 10000 (KingSafetyV2 vs Baseline)
Finished game 1277 (KingSafetyV2 vs Baseline): 1/2-1/2 {Draw by adjudication}
Score of KingSafetyV2 vs Baseline: 372 - 464 - 445  [0.464] 1281
Started game 1294 of 10000 (Baseline vs KingSafetyV2)
Finished game 1286 (Baseline vs KingSafetyV2): 1/2-1/2 {Draw by 3-fold repetition}
Score of KingSafetyV2 vs Baseline: 372 - 464 - 446  [0.464] 1282
Started game 1295 of 10000 (KingSafetyV2 vs Baseline)
Finished game 1280 (Baseline vs KingSafetyV2): 1-0 {White wins by adjudication}
Score of KingSafetyV2 vs Baseline: 372 - 465 - 446  [0.464] 1283
Started game 1296 of 10000 (Baseline vs KingSafetyV2)
Finished game 1287 (KingSafetyV2 vs Baseline): 1/2-1/2 {Draw by 3-fold repetition}
Score of KingSafetyV2 vs Baseline: 372 - 465 - 447  [0.464] 1284
Started game 1297 of 10000 (KingSafetyV2 vs Baseline)
Finished game 1276 (Baseline vs KingSafetyV2): 1-0 {White wins by adjudication}
Score of KingSafetyV2 vs Baseline: 372 - 466 - 447  [0.463] 1285
Started game 1298 of 10000 (Baseline vs KingSafetyV2)
Finished game 1283 (KingSafetyV2 vs Baseline): 1/2-1/2 {Draw by insufficient mating material}
Score of KingSafetyV2 vs Baseline: 372 - 466 - 448  [0.463] 1286
Started game 1299 of 10000 (KingSafetyV2 vs Baseline)
Finished game 1288 (Baseline vs KingSafetyV2): 1-0 {White wins by adjudication}
Score of KingSafetyV2 vs Baseline: 372 - 467 - 448  [0.463] 1287
Started game 1300 of 10000 (Baseline vs KingSafetyV2)
Finished game 1290 (Baseline vs KingSafetyV2): 1-0 {White wins by adjudication}
Score of KingSafetyV2 vs Baseline: 372 - 468 - 448  [0.463] 1288
Started game 1301 of 10000 (KingSafetyV2 vs Baseline)
Finished game 1291 (KingSafetyV2 vs Baseline): 1/2-1/2 {Draw by insufficient mating material}
Score of KingSafetyV2 vs Baseline: 372 - 468 - 449  [0.463] 1289
Started game 1302 of 10000 (Baseline vs KingSafetyV2)
Finished game 1296 (Baseline vs KingSafetyV2): 1-0 {White wins by adjudication}
Score of KingSafetyV2 vs Baseline: 372 - 469 - 449  [0.462] 1290
Started game 1303 of 10000 (KingSafetyV2 vs Baseline)
Finished game 1298 (Baseline vs KingSafetyV2): 1/2-1/2 {Draw by 3-fold repetition}
Score of KingSafetyV2 vs Baseline: 372 - 469 - 450  [0.462] 1291
Started game 1304 of 10000 (Baseline vs KingSafetyV2)
Finished game 1293 (KingSafetyV2 vs Baseline): 1-0 {White wins by adjudication}
Score of KingSafetyV2 vs Baseline: 373 - 469 - 450  [0.463] 1292
Started game 1305 of 10000 (KingSafetyV2 vs Baseline)
Finished game 1289 (KingSafetyV2 vs Baseline): 1/2-1/2 {Draw by insufficient mating material}
Score of KingSafetyV2 vs Baseline: 373 - 469 - 451  [0.463] 1293
Started game 1306 of 10000 (Baseline vs KingSafetyV2)
Finished game 1294 (Baseline vs KingSafetyV2): 1-0 {White wins by adjudication}
Score of KingSafetyV2 vs Baseline: 373 - 470 - 451  [0.463] 1294
Started game 1307 of 10000 (KingSafetyV2 vs Baseline)
Finished game 1295 (KingSafetyV2 vs Baseline): 0-1 {Black wins by adjudication}
Score of KingSafetyV2 vs Baseline: 373 - 471 - 451  [0.462] 1295
Started game 1308 of 10000 (Baseline vs KingSafetyV2)
Finished game 1301 (KingSafetyV2 vs Baseline): 1/2-1/2 {Draw by 3-fold repetition}
Score of KingSafetyV2 vs Baseline: 373 - 471 - 452  [0.462] 1296
Started game 1309 of 10000 (KingSafetyV2 vs Baseline)
Finished game 1297 (KingSafetyV2 vs Baseline): 0-1 {Black wins by adjudication}
Score of KingSafetyV2 vs Baseline: 373 - 472 - 452  [0.462] 1297
Started game 1310 of 10000 (Baseline vs KingSafetyV2)
Finished game 1284 (Baseline vs KingSafetyV2): 1/2-1/2 {Draw by insufficient mating material}
Score of KingSafetyV2 vs Baseline: 373 - 472 - 453  [0.462] 1298
Started game 1311 of 10000 (KingSafetyV2 vs Baseline)
Finished game 1299 (KingSafetyV2 vs Baseline): 0-1 {Black wins by adjudication}
Score of KingSafetyV2 vs Baseline: 373 - 473 - 453  [0.462] 1299
Started game 1312 of 10000 (Baseline vs KingSafetyV2)
Finished game 1292 (Baseline vs KingSafetyV2): 1/2-1/2 {Draw by 3-fold repetition}
Score of KingSafetyV2 vs Baseline: 373 - 473 - 454  [0.462] 1300
Started game 1313 of 10000 (KingSafetyV2 vs Baseline)
Finished game 1302 (Baseline vs KingSafetyV2): 1/2-1/2 {Draw by 3-fold repetition}
Score of KingSafetyV2 vs Baseline: 373 - 473 - 455  [0.462] 1301
Started game 1314 of 10000 (Baseline vs KingSafetyV2)
Finished game 1300 (Baseline vs KingSafetyV2): 1/2-1/2 {Draw by 3-fold repetition}
Score of KingSafetyV2 vs Baseline: 373 - 473 - 456  [0.462] 1302
Started game 1315 of 10000 (KingSafetyV2 vs Baseline)
Finished game 1304 (Baseline vs KingSafetyV2): 1/2-1/2 {Draw by 3-fold repetition}
Score of KingSafetyV2 vs Baseline: 373 - 473 - 457  [0.462] 1303
Started game 1316 of 10000 (Baseline vs KingSafetyV2)
Finished game 1313 (KingSafetyV2 vs Baseline): 1/2-1/2 {Draw by 3-fold repetition}
Score of KingSafetyV2 vs Baseline: 373 - 473 - 458  [0.462] 1304
Started game 1317 of 10000 (KingSafetyV2 vs Baseline)
Finished game 1303 (KingSafetyV2 vs Baseline): 0-1 {Black wins by adjudication}
Score of KingSafetyV2 vs Baseline: 373 - 474 - 458  [0.461] 1305
Started game 1318 of 10000 (Baseline vs KingSafetyV2)
Finished game 1307 (KingSafetyV2 vs Baseline): 1-0 {White wins by adjudication}
Score of KingSafetyV2 vs Baseline: 374 - 474 - 458  [0.462] 1306
Started game 1319 of 10000 (KingSafetyV2 vs Baseline)
Finished game 1308 (Baseline vs KingSafetyV2): 1-0 {White wins by adjudication}
Score of KingSafetyV2 vs Baseline: 374 - 475 - 458  [0.461] 1307
Started game 1320 of 10000 (Baseline vs KingSafetyV2)
Finished game 1306 (Baseline vs KingSafetyV2): 1-0 {White wins by adjudication}
Score of KingSafetyV2 vs Baseline: 374 - 476 - 458  [0.461] 1308
Started game 1321 of 10000 (KingSafetyV2 vs Baseline)
Finished game 1305 (KingSafetyV2 vs Baseline): 0-1 {Black wins by adjudication}
Score of KingSafetyV2 vs Baseline: 374 - 477 - 458  [0.461] 1309
Started game 1322 of 10000 (Baseline vs KingSafetyV2)
Finished game 1310 (Baseline vs KingSafetyV2): 0-1 {Black wins by adjudication}
Score of KingSafetyV2 vs Baseline: 375 - 477 - 458  [0.461] 1310
Started game 1323 of 10000 (KingSafetyV2 vs Baseline)
Finished game 1309 (KingSafetyV2 vs Baseline): 0-1 {Black wins by adjudication}
Score of KingSafetyV2 vs Baseline: 375 - 478 - 458  [0.461] 1311
Started game 1324 of 10000 (Baseline vs KingSafetyV2)
Finished game 1312 (Baseline vs KingSafetyV2): 1/2-1/2 {Draw by insufficient mating material}
Score of KingSafetyV2 vs Baseline: 375 - 478 - 459  [0.461] 1312
Started game 1325 of 10000 (KingSafetyV2 vs Baseline)
Finished game 1314 (Baseline vs KingSafetyV2): 1-0 {White wins by adjudication}
Score of KingSafetyV2 vs Baseline: 375 - 479 - 459  [0.460] 1313
Started game 1326 of 10000 (Baseline vs KingSafetyV2)
Finished game 1315 (KingSafetyV2 vs Baseline): 1/2-1/2 {Draw by 3-fold repetition}
Score of KingSafetyV2 vs Baseline: 375 - 479 - 460  [0.460] 1314
Started game 1327 of 10000 (KingSafetyV2 vs Baseline)
Finished game 1316 (Baseline vs KingSafetyV2): 0-1 {Black wins by adjudication}
Score of KingSafetyV2 vs Baseline: 376 - 479 - 460  [0.461] 1315
Started game 1328 of 10000 (Baseline vs KingSafetyV2)
Finished game 1311 (KingSafetyV2 vs Baseline): 1/2-1/2 {Draw by adjudication}
Score of KingSafetyV2 vs Baseline: 376 - 479 - 461  [0.461] 1316
Started game 1329 of 10000 (KingSafetyV2 vs Baseline)
Finished game 1317 (KingSafetyV2 vs Baseline): 1-0 {White wins by adjudication}
Score of KingSafetyV2 vs Baseline: 377 - 479 - 461  [0.461] 1317
Started game 1330 of 10000 (Baseline vs KingSafetyV2)
Finished game 1320 (Baseline vs KingSafetyV2): 0-1 {Black wins by adjudication}
Score of KingSafetyV2 vs Baseline: 378 - 479 - 461  [0.462] 1318
Started game 1331 of 10000 (KingSafetyV2 vs Baseline)
Finished game 1318 (Baseline vs KingSafetyV2): 0-1 {Black mates}
Score of KingSafetyV2 vs Baseline: 379 - 479 - 461  [0.462] 1319
Started game 1332 of 10000 (Baseline vs KingSafetyV2)
Finished game 1319 (KingSafetyV2 vs Baseline): 0-1 {Black wins by adjudication}
Score of KingSafetyV2 vs Baseline: 379 - 480 - 461  [0.462] 1320
Started game 1333 of 10000 (KingSafetyV2 vs Baseline)
Finished game 1321 (KingSafetyV2 vs Baseline): 1-0 {White wins by adjudication}
Score of KingSafetyV2 vs Baseline: 380 - 480 - 461  [0.462] 1321
Started game 1334 of 10000 (Baseline vs KingSafetyV2)
Finished game 1323 (KingSafetyV2 vs Baseline): 1/2-1/2 {Draw by 3-fold repetition}
Score of KingSafetyV2 vs Baseline: 380 - 480 - 462  [0.462] 1322
Started game 1335 of 10000 (KingSafetyV2 vs Baseline)
Finished game 1324 (Baseline vs KingSafetyV2): 0-1 {Black wins by adjudication}
Score of KingSafetyV2 vs Baseline: 381 - 480 - 462  [0.463] 1323
Started game 1336 of 10000 (Baseline vs KingSafetyV2)
Finished game 1322 (Baseline vs KingSafetyV2): 1/2-1/2 {Draw by 3-fold repetition}
Score of KingSafetyV2 vs Baseline: 381 - 480 - 463  [0.463] 1324
Started game 1337 of 10000 (KingSafetyV2 vs Baseline)
Finished game 1325 (KingSafetyV2 vs Baseline): 0-1 {Black wins by adjudication}
Score of KingSafetyV2 vs Baseline: 381 - 481 - 463  [0.462] 1325
Started game 1338 of 10000 (Baseline vs KingSafetyV2)
Finished game 1326 (Baseline vs KingSafetyV2): 1-0 {White wins by adjudication}
Score of KingSafetyV2 vs Baseline: 381 - 482 - 463  [0.462] 1326
Started game 1339 of 10000 (KingSafetyV2 vs Baseline)
Finished game 1332 (Baseline vs KingSafetyV2): 0-1 {Black wins by adjudication}
Score of KingSafetyV2 vs Baseline: 382 - 482 - 463  [0.462] 1327
Started game 1340 of 10000 (Baseline vs KingSafetyV2)
Finished game 1327 (KingSafetyV2 vs Baseline): 0-1 {Black wins by adjudication}
Score of KingSafetyV2 vs Baseline: 382 - 483 - 463  [0.462] 1328
Started game 1341 of 10000 (KingSafetyV2 vs Baseline)
Finished game 1331 (KingSafetyV2 vs Baseline): 0-1 {Black wins by adjudication}
Score of KingSafetyV2 vs Baseline: 382 - 484 - 463  [0.462] 1329
Started game 1342 of 10000 (Baseline vs KingSafetyV2)
Finished game 1329 (KingSafetyV2 vs Baseline): 1/2-1/2 {Draw by 3-fold repetition}
Score of KingSafetyV2 vs Baseline: 382 - 484 - 464  [0.462] 1330
Started game 1343 of 10000 (KingSafetyV2 vs Baseline)
Finished game 1334 (Baseline vs KingSafetyV2): 1/2-1/2 {Draw by 3-fold repetition}
Score of KingSafetyV2 vs Baseline: 382 - 484 - 465  [0.462] 1331
Started game 1344 of 10000 (Baseline vs KingSafetyV2)
Finished game 1333 (KingSafetyV2 vs Baseline): 1-0 {White wins by adjudication}
Score of KingSafetyV2 vs Baseline: 383 - 484 - 465  [0.462] 1332
Started game 1345 of 10000 (KingSafetyV2 vs Baseline)
Finished game 1328 (Baseline vs KingSafetyV2): 1/2-1/2 {Draw by fifty moves rule}
Score of KingSafetyV2 vs Baseline: 383 - 484 - 466  [0.462] 1333
Started game 1346 of 10000 (Baseline vs KingSafetyV2)
Finished game 1335 (KingSafetyV2 vs Baseline): 1/2-1/2 {Draw by adjudication}
Score of KingSafetyV2 vs Baseline: 383 - 484 - 467  [0.462] 1334
Started game 1347 of 10000 (KingSafetyV2 vs Baseline)
Finished game 1336 (Baseline vs KingSafetyV2): 0-1 {Black wins by adjudication}
Score of KingSafetyV2 vs Baseline: 384 - 484 - 467  [0.463] 1335
Started game 1348 of 10000 (Baseline vs KingSafetyV2)
Finished game 1330 (Baseline vs KingSafetyV2): 1/2-1/2 {Draw by adjudication}
Score of KingSafetyV2 vs Baseline: 384 - 484 - 468  [0.463] 1336
Started game 1349 of 10000 (KingSafetyV2 vs Baseline)
Finished game 1337 (KingSafetyV2 vs Baseline): 1-0 {White wins by adjudication}
Score of KingSafetyV2 vs Baseline: 385 - 484 - 468  [0.463] 1337
Started game 1350 of 10000 (Baseline vs KingSafetyV2)
Finished game 1339 (KingSafetyV2 vs Baseline): 0-1 {Black wins by adjudication}
Score of KingSafetyV2 vs Baseline: 385 - 485 - 468  [0.463] 1338
Started game 1351 of 10000 (KingSafetyV2 vs Baseline)
Finished game 1341 (KingSafetyV2 vs Baseline): 1-0 {White wins by adjudication}
Score of KingSafetyV2 vs Baseline: 386 - 485 - 468  [0.463] 1339
Started game 1352 of 10000 (Baseline vs KingSafetyV2)
Finished game 1338 (Baseline vs KingSafetyV2): 0-1 {Black wins by adjudication}
Score of KingSafetyV2 vs Baseline: 387 - 485 - 468  [0.463] 1340
Started game 1353 of 10000 (KingSafetyV2 vs Baseline)
Finished game 1344 (Baseline vs KingSafetyV2): 1-0 {White wins by adjudication}
Score of KingSafetyV2 vs Baseline: 387 - 486 - 468  [0.463] 1341
Started game 1354 of 10000 (Baseline vs KingSafetyV2)
Finished game 1340 (Baseline vs KingSafetyV2): 0-1 {Black wins by adjudication}
Score of KingSafetyV2 vs Baseline: 388 - 486 - 468  [0.463] 1342
Started game 1355 of 10000 (KingSafetyV2 vs Baseline)
Finished game 1343 (KingSafetyV2 vs Baseline): 1/2-1/2 {Draw by 3-fold repetition}
Score of KingSafetyV2 vs Baseline: 388 - 486 - 469  [0.464] 1343
Started game 1356 of 10000 (Baseline vs KingSafetyV2)
Finished game 1345 (KingSafetyV2 vs Baseline): 1/2-1/2 {Draw by adjudication}
Score of KingSafetyV2 vs Baseline: 388 - 486 - 470  [0.464] 1344
Started game 1357 of 10000 (KingSafetyV2 vs Baseline)
Finished game 1342 (Baseline vs KingSafetyV2): 1-0 {White wins by adjudication}
Score of KingSafetyV2 vs Baseline: 388 - 487 - 470  [0.463] 1345
Started game 1358 of 10000 (Baseline vs KingSafetyV2)
Finished game 1346 (Baseline vs KingSafetyV2): 1-0 {White wins by adjudication}
Score of KingSafetyV2 vs Baseline: 388 - 488 - 470  [0.463] 1346
Started game 1359 of 10000 (KingSafetyV2 vs Baseline)
Finished game 1351 (KingSafetyV2 vs Baseline): 1/2-1/2 {Draw by 3-fold repetition}
Score of KingSafetyV2 vs Baseline: 388 - 488 - 471  [0.463] 1347
Started game 1360 of 10000 (Baseline vs KingSafetyV2)
Finished game 1348 (Baseline vs KingSafetyV2): 0-1 {Black wins by adjudication}
Score of KingSafetyV2 vs Baseline: 389 - 488 - 471  [0.463] 1348
Started game 1361 of 10000 (KingSafetyV2 vs Baseline)
Finished game 1349 (KingSafetyV2 vs Baseline): 1/2-1/2 {Draw by 3-fold repetition}
Score of KingSafetyV2 vs Baseline: 389 - 488 - 472  [0.463] 1349
Started game 1362 of 10000 (Baseline vs KingSafetyV2)
Finished game 1347 (KingSafetyV2 vs Baseline): 0-1 {Black wins by adjudication}
Score of KingSafetyV2 vs Baseline: 389 - 489 - 472  [0.463] 1350
Started game 1363 of 10000 (KingSafetyV2 vs Baseline)
Finished game 1354 (Baseline vs KingSafetyV2): 1-0 {White wins by adjudication}
Score of KingSafetyV2 vs Baseline: 389 - 490 - 472  [0.463] 1351
Started game 1364 of 10000 (Baseline vs KingSafetyV2)
Finished game 1353 (KingSafetyV2 vs Baseline): 1-0 {White wins by adjudication}
Score of KingSafetyV2 vs Baseline: 390 - 490 - 472  [0.463] 1352
Started game 1365 of 10000 (KingSafetyV2 vs Baseline)
Finished game 1350 (Baseline vs KingSafetyV2): 1-0 {White wins by adjudication}
Score of KingSafetyV2 vs Baseline: 390 - 491 - 472  [0.463] 1353
Started game 1366 of 10000 (Baseline vs KingSafetyV2)
Finished game 1355 (KingSafetyV2 vs Baseline): 1-0 {White wins by adjudication}
Score of KingSafetyV2 vs Baseline: 391 - 491 - 472  [0.463] 1354
Started game 1367 of 10000 (KingSafetyV2 vs Baseline)
Finished game 1357 (KingSafetyV2 vs Baseline): 1/2-1/2 {Draw by 3-fold repetition}
Score of KingSafetyV2 vs Baseline: 391 - 491 - 473  [0.463] 1355
Started game 1368 of 10000 (Baseline vs KingSafetyV2)
Finished game 1360 (Baseline vs KingSafetyV2): 1-0 {White wins by adjudication}
Score of KingSafetyV2 vs Baseline: 391 - 492 - 473  [0.463] 1356
Started game 1369 of 10000 (KingSafetyV2 vs Baseline)
Finished game 1356 (Baseline vs KingSafetyV2): 1-0 {White wins by adjudication}
Score of KingSafetyV2 vs Baseline: 391 - 493 - 473  [0.462] 1357
Started game 1370 of 10000 (Baseline vs KingSafetyV2)
Finished game 1359 (KingSafetyV2 vs Baseline): 0-1 {Black wins by adjudication}
Score of KingSafetyV2 vs Baseline: 391 - 494 - 473  [0.462] 1358
Started game 1371 of 10000 (KingSafetyV2 vs Baseline)
Finished game 1364 (Baseline vs KingSafetyV2): 1/2-1/2 {Draw by 3-fold repetition}
Score of KingSafetyV2 vs Baseline: 391 - 494 - 474  [0.462] 1359
Started game 1372 of 10000 (Baseline vs KingSafetyV2)
Finished game 1362 (Baseline vs KingSafetyV2): 1-0 {White wins by adjudication}
Score of KingSafetyV2 vs Baseline: 391 - 495 - 474  [0.462] 1360
Started game 1373 of 10000 (KingSafetyV2 vs Baseline)
Finished game 1352 (Baseline vs KingSafetyV2): 1-0 {White wins by adjudication}
Score of KingSafetyV2 vs Baseline: 391 - 496 - 474  [0.461] 1361
Started game 1374 of 10000 (Baseline vs KingSafetyV2)
Finished game 1361 (KingSafetyV2 vs Baseline): 1-0 {White wins by adjudication}
Score of KingSafetyV2 vs Baseline: 392 - 496 - 474  [0.462] 1362
Started game 1375 of 10000 (KingSafetyV2 vs Baseline)
Finished game 1363 (KingSafetyV2 vs Baseline): 1/2-1/2 {Draw by 3-fold repetition}
Score of KingSafetyV2 vs Baseline: 392 - 496 - 475  [0.462] 1363
Started game 1376 of 10000 (Baseline vs KingSafetyV2)
Finished game 1365 (KingSafetyV2 vs Baseline): 0-1 {Black wins by adjudication}
Score of KingSafetyV2 vs Baseline: 392 - 497 - 475  [0.462] 1364
Started game 1377 of 10000 (KingSafetyV2 vs Baseline)
Finished game 1366 (Baseline vs KingSafetyV2): 0-1 {Black wins by adjudication}
Score of KingSafetyV2 vs Baseline: 393 - 497 - 475  [0.462] 1365
Started game 1378 of 10000 (Baseline vs KingSafetyV2)
Finished game 1358 (Baseline vs KingSafetyV2): 1-0 {White wins by adjudication}
Score of KingSafetyV2 vs Baseline: 393 - 498 - 475  [0.462] 1366
Started game 1379 of 10000 (KingSafetyV2 vs Baseline)
Finished game 1372 (Baseline vs KingSafetyV2): 1/2-1/2 {Draw by 3-fold repetition}
Score of KingSafetyV2 vs Baseline: 393 - 498 - 476  [0.462] 1367
Started game 1380 of 10000 (Baseline vs KingSafetyV2)
Finished game 1367 (KingSafetyV2 vs Baseline): 0-1 {Black wins by adjudication}
Score of KingSafetyV2 vs Baseline: 393 - 499 - 476  [0.461] 1368
Started game 1381 of 10000 (KingSafetyV2 vs Baseline)
Finished game 1369 (KingSafetyV2 vs Baseline): 0-1 {Black wins by adjudication}
Score of KingSafetyV2 vs Baseline: 393 - 500 - 476  [0.461] 1369
Started game 1382 of 10000 (Baseline vs KingSafetyV2)
Finished game 1371 (KingSafetyV2 vs Baseline): 0-1 {Black wins by adjudication}
Score of KingSafetyV2 vs Baseline: 393 - 501 - 476  [0.461] 1370
Started game 1383 of 10000 (KingSafetyV2 vs Baseline)
Finished game 1375 (KingSafetyV2 vs Baseline): 1-0 {White wins by adjudication}
Score of KingSafetyV2 vs Baseline: 394 - 501 - 476  [0.461] 1371
Started game 1384 of 10000 (Baseline vs KingSafetyV2)
Finished game 1368 (Baseline vs KingSafetyV2): 1/2-1/2 {Draw by insufficient mating material}
Score of KingSafetyV2 vs Baseline: 394 - 501 - 477  [0.461] 1372
Started game 1385 of 10000 (KingSafetyV2 vs Baseline)
Finished game 1373 (KingSafetyV2 vs Baseline): 1/2-1/2 {Draw by 3-fold repetition}
Score of KingSafetyV2 vs Baseline: 394 - 501 - 478  [0.461] 1373
Started game 1386 of 10000 (Baseline vs KingSafetyV2)
Finished game 1377 (KingSafetyV2 vs Baseline): 1-0 {White wins by adjudication}
Score of KingSafetyV2 vs Baseline: 395 - 501 - 478  [0.461] 1374
Started game 1387 of 10000 (KingSafetyV2 vs Baseline)
Finished game 1376 (Baseline vs KingSafetyV2): 1-0 {White wins by adjudication}
Score of KingSafetyV2 vs Baseline: 395 - 502 - 478  [0.461] 1375
Started game 1388 of 10000 (Baseline vs KingSafetyV2)
Finished game 1374 (Baseline vs KingSafetyV2): 1-0 {White wins by adjudication}
Score of KingSafetyV2 vs Baseline: 395 - 503 - 478  [0.461] 1376
Started game 1389 of 10000 (KingSafetyV2 vs Baseline)
Finished game 1370 (Baseline vs KingSafetyV2): 0-1 {Black wins by adjudication}
Score of KingSafetyV2 vs Baseline: 396 - 503 - 478  [0.461] 1377
Started game 1390 of 10000 (Baseline vs KingSafetyV2)
Finished game 1379 (KingSafetyV2 vs Baseline): 1/2-1/2 {Draw by 3-fold repetition}
Score of KingSafetyV2 vs Baseline: 396 - 503 - 479  [0.461] 1378
Started game 1391 of 10000 (KingSafetyV2 vs Baseline)
Finished game 1378 (Baseline vs KingSafetyV2): 0-1 {Black wins by adjudication}
Score of KingSafetyV2 vs Baseline: 397 - 503 - 479  [0.462] 1379
Started game 1392 of 10000 (Baseline vs KingSafetyV2)
Finished game 1382 (Baseline vs KingSafetyV2): 0-1 {Black wins by adjudication}
Score of KingSafetyV2 vs Baseline: 398 - 503 - 479  [0.462] 1380
Started game 1393 of 10000 (KingSafetyV2 vs Baseline)
Finished game 1383 (KingSafetyV2 vs Baseline): 0-1 {Black wins by adjudication}
Score of KingSafetyV2 vs Baseline: 398 - 504 - 479  [0.462] 1381
Started game 1394 of 10000 (Baseline vs KingSafetyV2)
Finished game 1381 (KingSafetyV2 vs Baseline): 1-0 {White wins by adjudication}
Score of KingSafetyV2 vs Baseline: 399 - 504 - 479  [0.462] 1382
Started game 1395 of 10000 (KingSafetyV2 vs Baseline)
Finished game 1384 (Baseline vs KingSafetyV2): 1/2-1/2 {Draw by insufficient mating material}
Score of KingSafetyV2 vs Baseline: 399 - 504 - 480  [0.462] 1383
Started game 1396 of 10000 (Baseline vs KingSafetyV2)
Finished game 1388 (Baseline vs KingSafetyV2): 1-0 {White mates}
Score of KingSafetyV2 vs Baseline: 399 - 505 - 480  [0.462] 1384
Started game 1397 of 10000 (KingSafetyV2 vs Baseline)
Finished game 1387 (KingSafetyV2 vs Baseline): 1/2-1/2 {Draw by adjudication}
Score of KingSafetyV2 vs Baseline: 399 - 505 - 481  [0.462] 1385
Started game 1398 of 10000 (Baseline vs KingSafetyV2)
Finished game 1380 (Baseline vs KingSafetyV2): 1-0 {White wins by adjudication}
Score of KingSafetyV2 vs Baseline: 399 - 506 - 481  [0.461] 1386
Started game 1399 of 10000 (KingSafetyV2 vs Baseline)
Finished game 1389 (KingSafetyV2 vs Baseline): 1-0 {White wins by adjudication}
Score of KingSafetyV2 vs Baseline: 400 - 506 - 481  [0.462] 1387
Started game 1400 of 10000 (Baseline vs KingSafetyV2)
Finished game 1385 (KingSafetyV2 vs Baseline): 1/2-1/2 {Draw by insufficient mating material}
Score of KingSafetyV2 vs Baseline: 400 - 506 - 482  [0.462] 1388
Started game 1401 of 10000 (KingSafetyV2 vs Baseline)
Finished game 1390 (Baseline vs KingSafetyV2): 1-0 {White wins by adjudication}
Score of KingSafetyV2 vs Baseline: 400 - 507 - 482  [0.461] 1389
Started game 1402 of 10000 (Baseline vs KingSafetyV2)
Finished game 1392 (Baseline vs KingSafetyV2): 0-1 {Black wins by adjudication}
Score of KingSafetyV2 vs Baseline: 401 - 507 - 482  [0.462] 1390
Started game 1403 of 10000 (KingSafetyV2 vs Baseline)
Finished game 1391 (KingSafetyV2 vs Baseline): 1-0 {White wins by adjudication}
Score of KingSafetyV2 vs Baseline: 402 - 507 - 482  [0.462] 1391
Started game 1404 of 10000 (Baseline vs KingSafetyV2)
Finished game 1397 (KingSafetyV2 vs Baseline): 1-0 {White mates}
Score of KingSafetyV2 vs Baseline: 403 - 507 - 482  [0.463] 1392
Started game 1405 of 10000 (KingSafetyV2 vs Baseline)
Finished game 1386 (Baseline vs KingSafetyV2): 1/2-1/2 {Draw by insufficient mating material}
Score of KingSafetyV2 vs Baseline: 403 - 507 - 483  [0.463] 1393
Started game 1406 of 10000 (Baseline vs KingSafetyV2)
Finished game 1395 (KingSafetyV2 vs Baseline): 1-0 {White wins by adjudication}
Score of KingSafetyV2 vs Baseline: 404 - 507 - 483  [0.463] 1394
Started game 1407 of 10000 (KingSafetyV2 vs Baseline)
Finished game 1393 (KingSafetyV2 vs Baseline): 1/2-1/2 {Draw by 3-fold repetition}
Score of KingSafetyV2 vs Baseline: 404 - 507 - 484  [0.463] 1395
Started game 1408 of 10000 (Baseline vs KingSafetyV2)
Finished game 1400 (Baseline vs KingSafetyV2): 0-1 {Black wins by adjudication}
Score of KingSafetyV2 vs Baseline: 405 - 507 - 484  [0.463] 1396
Started game 1409 of 10000 (KingSafetyV2 vs Baseline)
Finished game 1404 (Baseline vs KingSafetyV2): 1-0 {White wins by adjudication}
Score of KingSafetyV2 vs Baseline: 405 - 508 - 484  [0.463] 1397
Started game 1410 of 10000 (Baseline vs KingSafetyV2)
Finished game 1394 (Baseline vs KingSafetyV2): 1-0 {White wins by adjudication}
Score of KingSafetyV2 vs Baseline: 405 - 509 - 484  [0.463] 1398
Started game 1411 of 10000 (KingSafetyV2 vs Baseline)
Finished game 1396 (Baseline vs KingSafetyV2): 1-0 {White wins by adjudication}
Score of KingSafetyV2 vs Baseline: 405 - 510 - 484  [0.462] 1399
Started game 1412 of 10000 (Baseline vs KingSafetyV2)
Finished game 1401 (KingSafetyV2 vs Baseline): 0-1 {Black wins by adjudication}
Score of KingSafetyV2 vs Baseline: 405 - 511 - 484  [0.462] 1400
Started game 1413 of 10000 (KingSafetyV2 vs Baseline)
Finished game 1403 (KingSafetyV2 vs Baseline): 1-0 {White wins by adjudication}
Score of KingSafetyV2 vs Baseline: 406 - 511 - 484  [0.463] 1401
Started game 1414 of 10000 (Baseline vs KingSafetyV2)
Finished game 1402 (Baseline vs KingSafetyV2): 1-0 {White wins by adjudication}
Score of KingSafetyV2 vs Baseline: 406 - 512 - 484  [0.462] 1402
Started game 1415 of 10000 (KingSafetyV2 vs Baseline)
Finished game 1399 (KingSafetyV2 vs Baseline): 0-1 {Black wins by adjudication}
Score of KingSafetyV2 vs Baseline: 406 - 513 - 484  [0.462] 1403
Started game 1416 of 10000 (Baseline vs KingSafetyV2)
Finished game 1406 (Baseline vs KingSafetyV2): 1-0 {White wins by adjudication}
Score of KingSafetyV2 vs Baseline: 406 - 514 - 484  [0.462] 1404
Started game 1417 of 10000 (KingSafetyV2 vs Baseline)
Finished game 1405 (KingSafetyV2 vs Baseline): 0-1 {Black wins by adjudication}
Score of KingSafetyV2 vs Baseline: 406 - 515 - 484  [0.461] 1405
Started game 1418 of 10000 (Baseline vs KingSafetyV2)
Finished game 1398 (Baseline vs KingSafetyV2): 1/2-1/2 {Draw by insufficient mating material}
Score of KingSafetyV2 vs Baseline: 406 - 515 - 485  [0.461] 1406
Started game 1419 of 10000 (KingSafetyV2 vs Baseline)
Finished game 1407 (KingSafetyV2 vs Baseline): 1-0 {White wins by adjudication}
Score of KingSafetyV2 vs Baseline: 407 - 515 - 485  [0.462] 1407
Started game 1420 of 10000 (Baseline vs KingSafetyV2)
Finished game 1408 (Baseline vs KingSafetyV2): 1-0 {White wins by adjudication}
Score of KingSafetyV2 vs Baseline: 407 - 516 - 485  [0.461] 1408
Started game 1421 of 10000 (KingSafetyV2 vs Baseline)
Finished game 1410 (Baseline vs KingSafetyV2): 1/2-1/2 {Draw by insufficient mating material}
Score of KingSafetyV2 vs Baseline: 407 - 516 - 486  [0.461] 1409
Started game 1422 of 10000 (Baseline vs KingSafetyV2)
Finished game 1416 (Baseline vs KingSafetyV2): 1/2-1/2 {Draw by insufficient mating material}
Score of KingSafetyV2 vs Baseline: 407 - 516 - 487  [0.461] 1410
Started game 1423 of 10000 (KingSafetyV2 vs Baseline)
Finished game 1411 (KingSafetyV2 vs Baseline): 1/2-1/2 {Draw by insufficient mating material}
Score of KingSafetyV2 vs Baseline: 407 - 516 - 488  [0.461] 1411
Started game 1424 of 10000 (Baseline vs KingSafetyV2)
Finished game 1413 (KingSafetyV2 vs Baseline): 1-0 {White wins by adjudication}
Score of KingSafetyV2 vs Baseline: 408 - 516 - 488  [0.462] 1412
Started game 1425 of 10000 (KingSafetyV2 vs Baseline)
Finished game 1412 (Baseline vs KingSafetyV2): 1-0 {White wins by adjudication}
Score of KingSafetyV2 vs Baseline: 408 - 517 - 488  [0.461] 1413
Started game 1426 of 10000 (Baseline vs KingSafetyV2)
Finished game 1414 (Baseline vs KingSafetyV2): 1-0 {White wins by adjudication}
Score of KingSafetyV2 vs Baseline: 408 - 518 - 488  [0.461] 1414
Started game 1427 of 10000 (KingSafetyV2 vs Baseline)
Finished game 1415 (KingSafetyV2 vs Baseline): 1-0 {White wins by adjudication}
Score of KingSafetyV2 vs Baseline: 409 - 518 - 488  [0.461] 1415
Started game 1428 of 10000 (Baseline vs KingSafetyV2)
Finished game 1409 (KingSafetyV2 vs Baseline): 1-0 {White mates}
Score of KingSafetyV2 vs Baseline: 410 - 518 - 488  [0.462] 1416
Started game 1429 of 10000 (KingSafetyV2 vs Baseline)
Finished game 1417 (KingSafetyV2 vs Baseline): 1-0 {White wins by adjudication}
Score of KingSafetyV2 vs Baseline: 411 - 518 - 488  [0.462] 1417
Started game 1430 of 10000 (Baseline vs KingSafetyV2)
Finished game 1420 (Baseline vs KingSafetyV2): 1/2-1/2 {Draw by adjudication}
Score of KingSafetyV2 vs Baseline: 411 - 518 - 489  [0.462] 1418
Started game 1431 of 10000 (KingSafetyV2 vs Baseline)
Finished game 1418 (Baseline vs KingSafetyV2): 0-1 {Black wins by adjudication}
Score of KingSafetyV2 vs Baseline: 412 - 518 - 489  [0.463] 1419
Started game 1432 of 10000 (Baseline vs KingSafetyV2)
Finished game 1419 (KingSafetyV2 vs Baseline): 0-1 {Black wins by adjudication}
Score of KingSafetyV2 vs Baseline: 412 - 519 - 489  [0.462] 1420
Started game 1433 of 10000 (KingSafetyV2 vs Baseline)
Finished game 1422 (Baseline vs KingSafetyV2): 0-1 {Black wins by adjudication}
Score of KingSafetyV2 vs Baseline: 413 - 519 - 489  [0.463] 1421
Started game 1434 of 10000 (Baseline vs KingSafetyV2)
Finished game 1421 (KingSafetyV2 vs Baseline): 1-0 {White wins by adjudication}
Score of KingSafetyV2 vs Baseline: 414 - 519 - 489  [0.463] 1422
Started game 1435 of 10000 (KingSafetyV2 vs Baseline)
Finished game 1423 (KingSafetyV2 vs Baseline): 0-1 {Black wins by adjudication}
Score of KingSafetyV2 vs Baseline: 414 - 520 - 489  [0.463] 1423
Started game 1436 of 10000 (Baseline vs KingSafetyV2)
Finished game 1424 (Baseline vs KingSafetyV2): 0-1 {Black wins by adjudication}
Score of KingSafetyV2 vs Baseline: 415 - 520 - 489  [0.463] 1424
Started game 1437 of 10000 (KingSafetyV2 vs Baseline)
Finished game 1426 (Baseline vs KingSafetyV2): 1/2-1/2 {Draw by 3-fold repetition}
Score of KingSafetyV2 vs Baseline: 415 - 520 - 490  [0.463] 1425
Started game 1438 of 10000 (Baseline vs KingSafetyV2)
Finished game 1428 (Baseline vs KingSafetyV2): 0-1 {Black wins by adjudication}
Score of KingSafetyV2 vs Baseline: 416 - 520 - 490  [0.464] 1426
Started game 1439 of 10000 (KingSafetyV2 vs Baseline)
Finished game 1425 (KingSafetyV2 vs Baseline): 1/2-1/2 {Draw by insufficient mating material}
Score of KingSafetyV2 vs Baseline: 416 - 520 - 491  [0.464] 1427
Started game 1440 of 10000 (Baseline vs KingSafetyV2)
Finished game 1427 (KingSafetyV2 vs Baseline): 0-1 {Black wins by adjudication}
Score of KingSafetyV2 vs Baseline: 416 - 521 - 491  [0.463] 1428
Started game 1441 of 10000 (KingSafetyV2 vs Baseline)
Finished game 1437 (KingSafetyV2 vs Baseline): 1/2-1/2 {Draw by 3-fold repetition}
Score of KingSafetyV2 vs Baseline: 416 - 521 - 492  [0.463] 1429
Started game 1442 of 10000 (Baseline vs KingSafetyV2)
Finished game 1431 (KingSafetyV2 vs Baseline): 1/2-1/2 {Draw by 3-fold repetition}
Score of KingSafetyV2 vs Baseline: 416 - 521 - 493  [0.463] 1430
Started game 1443 of 10000 (KingSafetyV2 vs Baseline)
Finished game 1438 (Baseline vs KingSafetyV2): 1/2-1/2 {Draw by 3-fold repetition}
Score of KingSafetyV2 vs Baseline: 416 - 521 - 494  [0.463] 1431
Started game 1444 of 10000 (Baseline vs KingSafetyV2)
Finished game 1430 (Baseline vs KingSafetyV2): 1/2-1/2 {Draw by 3-fold repetition}
Score of KingSafetyV2 vs Baseline: 416 - 521 - 495  [0.463] 1432
Started game 1445 of 10000 (KingSafetyV2 vs Baseline)
Finished game 1434 (Baseline vs KingSafetyV2): 1-0 {White wins by adjudication}
Score of KingSafetyV2 vs Baseline: 416 - 522 - 495  [0.463] 1433
Started game 1446 of 10000 (Baseline vs KingSafetyV2)
Finished game 1433 (KingSafetyV2 vs Baseline): 1-0 {White wins by adjudication}
Score of KingSafetyV2 vs Baseline: 417 - 522 - 495  [0.463] 1434
Started game 1447 of 10000 (KingSafetyV2 vs Baseline)
Finished game 1429 (KingSafetyV2 vs Baseline): 0-1 {Black wins by adjudication}
Score of KingSafetyV2 vs Baseline: 417 - 523 - 495  [0.463] 1435
Started game 1448 of 10000 (Baseline vs KingSafetyV2)
Finished game 1435 (KingSafetyV2 vs Baseline): 0-1 {Black wins by adjudication}
Score of KingSafetyV2 vs Baseline: 417 - 524 - 495  [0.463] 1436
Started game 1449 of 10000 (KingSafetyV2 vs Baseline)
Finished game 1436 (Baseline vs KingSafetyV2): 1-0 {White wins by adjudication}
Score of KingSafetyV2 vs Baseline: 417 - 525 - 495  [0.462] 1437
Started game 1450 of 10000 (Baseline vs KingSafetyV2)
Finished game 1432 (Baseline vs KingSafetyV2): 1/2-1/2 {Draw by insufficient mating material}
Score of KingSafetyV2 vs Baseline: 417 - 525 - 496  [0.462] 1438
Started game 1451 of 10000 (KingSafetyV2 vs Baseline)
Finished game 1440 (Baseline vs KingSafetyV2): 1/2-1/2 {Draw by 3-fold repetition}
Score of KingSafetyV2 vs Baseline: 417 - 525 - 497  [0.462] 1439
Started game 1452 of 10000 (Baseline vs KingSafetyV2)
Finished game 1450 (Baseline vs KingSafetyV2): 1/2-1/2 {Draw by 3-fold repetition}
Score of KingSafetyV2 vs Baseline: 417 - 525 - 498  [0.463] 1440
Started game 1453 of 10000 (KingSafetyV2 vs Baseline)
Finished game 1442 (Baseline vs KingSafetyV2): 1/2-1/2 {Draw by adjudication}
Score of KingSafetyV2 vs Baseline: 417 - 525 - 499  [0.463] 1441
Started game 1454 of 10000 (Baseline vs KingSafetyV2)
Finished game 1441 (KingSafetyV2 vs Baseline): 1/2-1/2 {Draw by 3-fold repetition}
Score of KingSafetyV2 vs Baseline: 417 - 525 - 500  [0.463] 1442
Started game 1455 of 10000 (KingSafetyV2 vs Baseline)
Finished game 1443 (KingSafetyV2 vs Baseline): 1/2-1/2 {Draw by 3-fold repetition}
Score of KingSafetyV2 vs Baseline: 417 - 525 - 501  [0.463] 1443
Started game 1456 of 10000 (Baseline vs KingSafetyV2)
Finished game 1446 (Baseline vs KingSafetyV2): 1-0 {White wins by adjudication}
Score of KingSafetyV2 vs Baseline: 417 - 526 - 501  [0.462] 1444
Started game 1457 of 10000 (KingSafetyV2 vs Baseline)
Finished game 1439 (KingSafetyV2 vs Baseline): 1/2-1/2 {Draw by adjudication}
Score of KingSafetyV2 vs Baseline: 417 - 526 - 502  [0.462] 1445
Started game 1458 of 10000 (Baseline vs KingSafetyV2)
Finished game 1444 (Baseline vs KingSafetyV2): 0-1 {Black wins by adjudication}
Score of KingSafetyV2 vs Baseline: 418 - 526 - 502  [0.463] 1446
Started game 1459 of 10000 (KingSafetyV2 vs Baseline)
Finished game 1449 (KingSafetyV2 vs Baseline): 1-0 {White wins by adjudication}
Score of KingSafetyV2 vs Baseline: 419 - 526 - 502  [0.463] 1447
Started game 1460 of 10000 (Baseline vs KingSafetyV2)
Finished game 1447 (KingSafetyV2 vs Baseline): 1-0 {White wins by adjudication}
Score of KingSafetyV2 vs Baseline: 420 - 526 - 502  [0.463] 1448
Started game 1461 of 10000 (KingSafetyV2 vs Baseline)
Finished game 1445 (KingSafetyV2 vs Baseline): 0-1 {Black wins by adjudication}
Score of KingSafetyV2 vs Baseline: 420 - 527 - 502  [0.463] 1449
Started game 1462 of 10000 (Baseline vs KingSafetyV2)
Finished game 1451 (KingSafetyV2 vs Baseline): 1-0 {White wins by adjudication}
Score of KingSafetyV2 vs Baseline: 421 - 527 - 502  [0.463] 1450
Started game 1463 of 10000 (KingSafetyV2 vs Baseline)
Finished game 1452 (Baseline vs KingSafetyV2): 1-0 {White wins by adjudication}
Score of KingSafetyV2 vs Baseline: 421 - 528 - 502  [0.463] 1451
Started game 1464 of 10000 (Baseline vs KingSafetyV2)
Finished game 1454 (Baseline vs KingSafetyV2): 1-0 {White wins by adjudication}
Score of KingSafetyV2 vs Baseline: 421 - 529 - 502  [0.463] 1452
Started game 1465 of 10000 (KingSafetyV2 vs Baseline)
Finished game 1453 (KingSafetyV2 vs Baseline): 0-1 {Black wins by adjudication}
Score of KingSafetyV2 vs Baseline: 421 - 530 - 502  [0.462] 1453
Started game 1466 of 10000 (Baseline vs KingSafetyV2)
Finished game 1455 (KingSafetyV2 vs Baseline): 1-0 {White wins by adjudication}
Score of KingSafetyV2 vs Baseline: 422 - 530 - 502  [0.463] 1454
Started game 1467 of 10000 (KingSafetyV2 vs Baseline)
Finished game 1457 (KingSafetyV2 vs Baseline): 0-1 {Black wins by adjudication}
Score of KingSafetyV2 vs Baseline: 422 - 531 - 502  [0.463] 1455
Started game 1468 of 10000 (Baseline vs KingSafetyV2)
Finished game 1456 (Baseline vs KingSafetyV2): 1-0 {White wins by adjudication}
Score of KingSafetyV2 vs Baseline: 422 - 532 - 502  [0.462] 1456
Started game 1469 of 10000 (KingSafetyV2 vs Baseline)
Finished game 1448 (Baseline vs KingSafetyV2): 1/2-1/2 {Draw by fifty moves rule}
Score of KingSafetyV2 vs Baseline: 422 - 532 - 503  [0.462] 1457
Started game 1470 of 10000 (Baseline vs KingSafetyV2)
Finished game 1460 (Baseline vs KingSafetyV2): 1-0 {White wins by adjudication}
Score of KingSafetyV2 vs Baseline: 422 - 533 - 503  [0.462] 1458
Started game 1471 of 10000 (KingSafetyV2 vs Baseline)
Finished game 1461 (KingSafetyV2 vs Baseline): 1-0 {White wins by adjudication}
Score of KingSafetyV2 vs Baseline: 423 - 533 - 503  [0.462] 1459
Started game 1472 of 10000 (Baseline vs KingSafetyV2)
Finished game 1462 (Baseline vs KingSafetyV2): 0-1 {Black wins by adjudication}
Score of KingSafetyV2 vs Baseline: 424 - 533 - 503  [0.463] 1460
Started game 1473 of 10000 (KingSafetyV2 vs Baseline)
Finished game 1463 (KingSafetyV2 vs Baseline): 0-1 {Black wins by adjudication}
Score of KingSafetyV2 vs Baseline: 424 - 534 - 503  [0.462] 1461
Started game 1474 of 10000 (Baseline vs KingSafetyV2)
Finished game 1459 (KingSafetyV2 vs Baseline): 0-1 {Black wins by adjudication}
Score of KingSafetyV2 vs Baseline: 424 - 535 - 503  [0.462] 1462
Started game 1475 of 10000 (KingSafetyV2 vs Baseline)
Finished game 1467 (KingSafetyV2 vs Baseline): 1/2-1/2 {Draw by 3-fold repetition}
Score of KingSafetyV2 vs Baseline: 424 - 535 - 504  [0.462] 1463
Started game 1476 of 10000 (Baseline vs KingSafetyV2)
Finished game 1464 (Baseline vs KingSafetyV2): 0-1 {Black wins by adjudication}
Score of KingSafetyV2 vs Baseline: 425 - 535 - 504  [0.462] 1464
Started game 1477 of 10000 (KingSafetyV2 vs Baseline)
Finished game 1466 (Baseline vs KingSafetyV2): 1-0 {White wins by adjudication}
Score of KingSafetyV2 vs Baseline: 425 - 536 - 504  [0.462] 1465
Started game 1478 of 10000 (Baseline vs KingSafetyV2)
Finished game 1458 (Baseline vs KingSafetyV2): 1/2-1/2 {Draw by 3-fold repetition}
Score of KingSafetyV2 vs Baseline: 425 - 536 - 505  [0.462] 1466
Started game 1479 of 10000 (KingSafetyV2 vs Baseline)
Finished game 1469 (KingSafetyV2 vs Baseline): 1/2-1/2 {Draw by adjudication}
Score of KingSafetyV2 vs Baseline: 425 - 536 - 506  [0.462] 1467
Started game 1480 of 10000 (Baseline vs KingSafetyV2)
Finished game 1468 (Baseline vs KingSafetyV2): 1-0 {White wins by adjudication}
Score of KingSafetyV2 vs Baseline: 425 - 537 - 506  [0.462] 1468
Started game 1481 of 10000 (KingSafetyV2 vs Baseline)
Finished game 1472 (Baseline vs KingSafetyV2): 1/2-1/2 {Draw by 3-fold repetition}
Score of KingSafetyV2 vs Baseline: 425 - 537 - 507  [0.462] 1469
Started game 1482 of 10000 (Baseline vs KingSafetyV2)
Finished game 1465 (KingSafetyV2 vs Baseline): 1/2-1/2 {Draw by adjudication}
Score of KingSafetyV2 vs Baseline: 425 - 537 - 508  [0.462] 1470
Started game 1483 of 10000 (KingSafetyV2 vs Baseline)
Finished game 1470 (Baseline vs KingSafetyV2): 1/2-1/2 {Draw by adjudication}
Score of KingSafetyV2 vs Baseline: 425 - 537 - 509  [0.462] 1471
Started game 1484 of 10000 (Baseline vs KingSafetyV2)
Finished game 1477 (KingSafetyV2 vs Baseline): 1/2-1/2 {Draw by 3-fold repetition}
Score of KingSafetyV2 vs Baseline: 425 - 537 - 510  [0.462] 1472
Started game 1485 of 10000 (KingSafetyV2 vs Baseline)
Finished game 1473 (KingSafetyV2 vs Baseline): 0-1 {Black wins by adjudication}
Score of KingSafetyV2 vs Baseline: 425 - 538 - 510  [0.462] 1473
Started game 1486 of 10000 (Baseline vs KingSafetyV2)
Finished game 1471 (KingSafetyV2 vs Baseline): 1/2-1/2 {Draw by insufficient mating material}
Score of KingSafetyV2 vs Baseline: 425 - 538 - 511  [0.462] 1474
Started game 1487 of 10000 (KingSafetyV2 vs Baseline)
Finished game 1476 (Baseline vs KingSafetyV2): 0-1 {Black wins by adjudication}
Score of KingSafetyV2 vs Baseline: 426 - 538 - 511  [0.462] 1475
Started game 1488 of 10000 (Baseline vs KingSafetyV2)
Finished game 1479 (KingSafetyV2 vs Baseline): 1-0 {White wins by adjudication}
Score of KingSafetyV2 vs Baseline: 427 - 538 - 511  [0.462] 1476
Started game 1489 of 10000 (KingSafetyV2 vs Baseline)
Finished game 1480 (Baseline vs KingSafetyV2): 1-0 {White wins by adjudication}
Score of KingSafetyV2 vs Baseline: 427 - 539 - 511  [0.462] 1477
Started game 1490 of 10000 (Baseline vs KingSafetyV2)
Finished game 1474 (Baseline vs KingSafetyV2): 0-1 {Black wins by adjudication}
Score of KingSafetyV2 vs Baseline: 428 - 539 - 511  [0.462] 1478
Started game 1491 of 10000 (KingSafetyV2 vs Baseline)
Finished game 1478 (Baseline vs KingSafetyV2): 1-0 {White wins by adjudication}
Score of KingSafetyV2 vs Baseline: 428 - 540 - 511  [0.462] 1479
Started game 1492 of 10000 (Baseline vs KingSafetyV2)
Finished game 1475 (KingSafetyV2 vs Baseline): 0-1 {Black wins by adjudication}
Score of KingSafetyV2 vs Baseline: 428 - 541 - 511  [0.462] 1480
Started game 1493 of 10000 (KingSafetyV2 vs Baseline)
Finished game 1484 (Baseline vs KingSafetyV2): 0-1 {Black mates}
Score of KingSafetyV2 vs Baseline: 429 - 541 - 511  [0.462] 1481
Started game 1494 of 10000 (Baseline vs KingSafetyV2)
Finished game 1489 (KingSafetyV2 vs Baseline): 1/2-1/2 {Draw by 3-fold repetition}
Score of KingSafetyV2 vs Baseline: 429 - 541 - 512  [0.462] 1482
Started game 1495 of 10000 (KingSafetyV2 vs Baseline)
Finished game 1485 (KingSafetyV2 vs Baseline): 1-0 {White wins by adjudication}
Score of KingSafetyV2 vs Baseline: 430 - 541 - 512  [0.463] 1483
Started game 1496 of 10000 (Baseline vs KingSafetyV2)
Finished game 1482 (Baseline vs KingSafetyV2): 0-1 {Black wins by adjudication}
Score of KingSafetyV2 vs Baseline: 431 - 541 - 512  [0.463] 1484
Started game 1497 of 10000 (KingSafetyV2 vs Baseline)
Finished game 1488 (Baseline vs KingSafetyV2): 0-1 {Black wins by adjudication}
Score of KingSafetyV2 vs Baseline: 432 - 541 - 512  [0.463] 1485
Started game 1498 of 10000 (Baseline vs KingSafetyV2)
Finished game 1483 (KingSafetyV2 vs Baseline): 0-1 {Black wins by adjudication}
Score of KingSafetyV2 vs Baseline: 432 - 542 - 512  [0.463] 1486
Started game 1499 of 10000 (KingSafetyV2 vs Baseline)
Finished game 1481 (KingSafetyV2 vs Baseline): 1-0 {White wins by adjudication}
Score of KingSafetyV2 vs Baseline: 433 - 542 - 512  [0.463] 1487
Started game 1500 of 10000 (Baseline vs KingSafetyV2)
Finished game 1491 (KingSafetyV2 vs Baseline): 0-1 {Black wins by adjudication}
Score of KingSafetyV2 vs Baseline: 433 - 543 - 512  [0.463] 1488
Started game 1501 of 10000 (KingSafetyV2 vs Baseline)
Finished game 1493 (KingSafetyV2 vs Baseline): 0-1 {Black wins by adjudication}
Score of KingSafetyV2 vs Baseline: 433 - 544 - 512  [0.463] 1489
Started game 1502 of 10000 (Baseline vs KingSafetyV2)
Finished game 1490 (Baseline vs KingSafetyV2): 0-1 {Black wins by adjudication}
Score of KingSafetyV2 vs Baseline: 434 - 544 - 512  [0.463] 1490
Started game 1503 of 10000 (KingSafetyV2 vs Baseline)
Finished game 1486 (Baseline vs KingSafetyV2): 1-0 {White wins by adjudication}
Score of KingSafetyV2 vs Baseline: 434 - 545 - 512  [0.463] 1491
Started game 1504 of 10000 (Baseline vs KingSafetyV2)
Finished game 1494 (Baseline vs KingSafetyV2): 0-1 {Black wins by adjudication}
Score of KingSafetyV2 vs Baseline: 435 - 545 - 512  [0.463] 1492
Started game 1505 of 10000 (KingSafetyV2 vs Baseline)
Finished game 1487 (KingSafetyV2 vs Baseline): 0-1 {Black wins by adjudication}
Score of KingSafetyV2 vs Baseline: 435 - 546 - 512  [0.463] 1493
Started game 1506 of 10000 (Baseline vs KingSafetyV2)
Finished game 1492 (Baseline vs KingSafetyV2): 0-1 {Black wins by adjudication}
Score of KingSafetyV2 vs Baseline: 436 - 546 - 512  [0.463] 1494
Started game 1507 of 10000 (KingSafetyV2 vs Baseline)
Finished game 1498 (Baseline vs KingSafetyV2): 0-1 {Black wins by adjudication}
Score of KingSafetyV2 vs Baseline: 437 - 546 - 512  [0.464] 1495
Started game 1508 of 10000 (Baseline vs KingSafetyV2)
Finished game 1495 (KingSafetyV2 vs Baseline): 0-1 {Black wins by adjudication}
Score of KingSafetyV2 vs Baseline: 437 - 547 - 512  [0.463] 1496
Started game 1509 of 10000 (KingSafetyV2 vs Baseline)
Finished game 1499 (KingSafetyV2 vs Baseline): 1-0 {White wins by adjudication}
Score of KingSafetyV2 vs Baseline: 438 - 547 - 512  [0.464] 1497
Started game 1510 of 10000 (Baseline vs KingSafetyV2)
Finished game 1496 (Baseline vs KingSafetyV2): 1/2-1/2 {Draw by adjudication}
Score of KingSafetyV2 vs Baseline: 438 - 547 - 513  [0.464] 1498
Started game 1511 of 10000 (KingSafetyV2 vs Baseline)
Finished game 1497 (KingSafetyV2 vs Baseline): 1-0 {White wins by adjudication}
Score of KingSafetyV2 vs Baseline: 439 - 547 - 513  [0.464] 1499
Started game 1512 of 10000 (Baseline vs KingSafetyV2)
Finished game 1500 (Baseline vs KingSafetyV2): 1-0 {White wins by adjudication}
Score of KingSafetyV2 vs Baseline: 439 - 548 - 513  [0.464] 1500
Started game 1513 of 10000 (KingSafetyV2 vs Baseline)
Finished game 1501 (KingSafetyV2 vs Baseline): 1-0 {White wins by adjudication}
Score of KingSafetyV2 vs Baseline: 440 - 548 - 513  [0.464] 1501
Started game 1514 of 10000 (Baseline vs KingSafetyV2)
Finished game 1502 (Baseline vs KingSafetyV2): 0-1 {Black wins by adjudication}
Score of KingSafetyV2 vs Baseline: 441 - 548 - 513  [0.464] 1502
Started game 1515 of 10000 (KingSafetyV2 vs Baseline)
Finished game 1505 (KingSafetyV2 vs Baseline): 1/2-1/2 {Draw by 3-fold repetition}
Score of KingSafetyV2 vs Baseline: 441 - 548 - 514  [0.464] 1503
Started game 1516 of 10000 (Baseline vs KingSafetyV2)
Finished game 1504 (Baseline vs KingSafetyV2): 1-0 {White wins by adjudication}
Score of KingSafetyV2 vs Baseline: 441 - 549 - 514  [0.464] 1504
Started game 1517 of 10000 (KingSafetyV2 vs Baseline)
Finished game 1510 (Baseline vs KingSafetyV2): 1/2-1/2 {Draw by 3-fold repetition}
Score of KingSafetyV2 vs Baseline: 441 - 549 - 515  [0.464] 1505
Started game 1518 of 10000 (Baseline vs KingSafetyV2)
Finished game 1509 (KingSafetyV2 vs Baseline): 1-0 {White wins by adjudication}
Score of KingSafetyV2 vs Baseline: 442 - 549 - 515  [0.464] 1506
Started game 1519 of 10000 (KingSafetyV2 vs Baseline)
Finished game 1506 (Baseline vs KingSafetyV2): 1/2-1/2 {Draw by adjudication}
Score of KingSafetyV2 vs Baseline: 442 - 549 - 516  [0.464] 1507
Started game 1520 of 10000 (Baseline vs KingSafetyV2)
Finished game 1503 (KingSafetyV2 vs Baseline): 0-1 {Black wins by adjudication}
Score of KingSafetyV2 vs Baseline: 442 - 550 - 516  [0.464] 1508
Started game 1521 of 10000 (KingSafetyV2 vs Baseline)
Finished game 1507 (KingSafetyV2 vs Baseline): 1/2-1/2 {Draw by insufficient mating material}
Score of KingSafetyV2 vs Baseline: 442 - 550 - 517  [0.464] 1509
Started game 1522 of 10000 (Baseline vs KingSafetyV2)
Finished game 1508 (Baseline vs KingSafetyV2): 1/2-1/2 {Draw by adjudication}
Score of KingSafetyV2 vs Baseline: 442 - 550 - 518  [0.464] 1510
Started game 1523 of 10000 (KingSafetyV2 vs Baseline)
Finished game 1513 (KingSafetyV2 vs Baseline): 1-0 {White wins by adjudication}
Score of KingSafetyV2 vs Baseline: 443 - 550 - 518  [0.465] 1511
Started game 1524 of 10000 (Baseline vs KingSafetyV2)
Finished game 1517 (KingSafetyV2 vs Baseline): 0-1 {Black wins by adjudication}
Score of KingSafetyV2 vs Baseline: 443 - 551 - 518  [0.464] 1512
Started game 1525 of 10000 (KingSafetyV2 vs Baseline)
Finished game 1515 (KingSafetyV2 vs Baseline): 1-0 {White wins by adjudication}
Score of KingSafetyV2 vs Baseline: 444 - 551 - 518  [0.465] 1513
Started game 1526 of 10000 (Baseline vs KingSafetyV2)
Finished game 1516 (Baseline vs KingSafetyV2): 1/2-1/2 {Draw by adjudication}
Score of KingSafetyV2 vs Baseline: 444 - 551 - 519  [0.465] 1514
Started game 1527 of 10000 (KingSafetyV2 vs Baseline)
Finished game 1511 (KingSafetyV2 vs Baseline): 1/2-1/2 {Draw by insufficient mating material}
Score of KingSafetyV2 vs Baseline: 444 - 551 - 520  [0.465] 1515
Started game 1528 of 10000 (Baseline vs KingSafetyV2)
Finished game 1519 (KingSafetyV2 vs Baseline): 1-0 {White wins by adjudication}
Score of KingSafetyV2 vs Baseline: 445 - 551 - 520  [0.465] 1516
Started game 1529 of 10000 (KingSafetyV2 vs Baseline)
Finished game 1514 (Baseline vs KingSafetyV2): 1/2-1/2 {Draw by insufficient mating material}
Score of KingSafetyV2 vs Baseline: 445 - 551 - 521  [0.465] 1517
Started game 1530 of 10000 (Baseline vs KingSafetyV2)
Finished game 1520 (Baseline vs KingSafetyV2): 1-0 {White wins by adjudication}
Score of KingSafetyV2 vs Baseline: 445 - 552 - 521  [0.465] 1518
Started game 1531 of 10000 (KingSafetyV2 vs Baseline)
Finished game 1512 (Baseline vs KingSafetyV2): 1/2-1/2 {Draw by insufficient mating material}
Score of KingSafetyV2 vs Baseline: 445 - 552 - 522  [0.465] 1519
Started game 1532 of 10000 (Baseline vs KingSafetyV2)
Finished game 1518 (Baseline vs KingSafetyV2): 1/2-1/2 {Draw by fifty moves rule}
Score of KingSafetyV2 vs Baseline: 445 - 552 - 523  [0.465] 1520
Started game 1533 of 10000 (KingSafetyV2 vs Baseline)
Finished game 1522 (Baseline vs KingSafetyV2): 0-1 {Black wins by adjudication}
Score of KingSafetyV2 vs Baseline: 446 - 552 - 523  [0.465] 1521
Started game 1534 of 10000 (Baseline vs KingSafetyV2)
Finished game 1523 (KingSafetyV2 vs Baseline): 1/2-1/2 {Draw by 3-fold repetition}
Score of KingSafetyV2 vs Baseline: 446 - 552 - 524  [0.465] 1522
Started game 1535 of 10000 (KingSafetyV2 vs Baseline)
Finished game 1525 (KingSafetyV2 vs Baseline): 1-0 {White wins by adjudication}
Score of KingSafetyV2 vs Baseline: 447 - 552 - 524  [0.466] 1523
Started game 1536 of 10000 (Baseline vs KingSafetyV2)
Finished game 1524 (Baseline vs KingSafetyV2): 1/2-1/2 {Draw by insufficient mating material}
Score of KingSafetyV2 vs Baseline: 447 - 552 - 525  [0.466] 1524
Started game 1537 of 10000 (KingSafetyV2 vs Baseline)
Finished game 1521 (KingSafetyV2 vs Baseline): 0-1 {Black wins by adjudication}
Score of KingSafetyV2 vs Baseline: 447 - 553 - 525  [0.465] 1525
Started game 1538 of 10000 (Baseline vs KingSafetyV2)
Finished game 1529 (KingSafetyV2 vs Baseline): 0-1 {Black wins by adjudication}
Score of KingSafetyV2 vs Baseline: 447 - 554 - 525  [0.465] 1526
Started game 1539 of 10000 (KingSafetyV2 vs Baseline)
Finished game 1528 (Baseline vs KingSafetyV2): 1/2-1/2 {Draw by adjudication}
Score of KingSafetyV2 vs Baseline: 447 - 554 - 526  [0.465] 1527
Started game 1540 of 10000 (Baseline vs KingSafetyV2)
Finished game 1526 (Baseline vs KingSafetyV2): 1/2-1/2 {Draw by insufficient mating material}
Score of KingSafetyV2 vs Baseline: 447 - 554 - 527  [0.465] 1528
Started game 1541 of 10000 (KingSafetyV2 vs Baseline)
Finished game 1527 (KingSafetyV2 vs Baseline): 1/2-1/2 {Draw by adjudication}
Score of KingSafetyV2 vs Baseline: 447 - 554 - 528  [0.465] 1529
Started game 1542 of 10000 (Baseline vs KingSafetyV2)
Finished game 1530 (Baseline vs KingSafetyV2): 0-1 {Black wins by adjudication}
Score of KingSafetyV2 vs Baseline: 448 - 554 - 528  [0.465] 1530
Started game 1543 of 10000 (KingSafetyV2 vs Baseline)
Finished game 1531 (KingSafetyV2 vs Baseline): 1-0 {White wins by adjudication}
Score of KingSafetyV2 vs Baseline: 449 - 554 - 528  [0.466] 1531
Started game 1544 of 10000 (Baseline vs KingSafetyV2)
Finished game 1533 (KingSafetyV2 vs Baseline): 1/2-1/2 {Draw by adjudication}
Score of KingSafetyV2 vs Baseline: 449 - 554 - 529  [0.466] 1532
Started game 1545 of 10000 (KingSafetyV2 vs Baseline)
Finished game 1532 (Baseline vs KingSafetyV2): 1/2-1/2 {Draw by insufficient mating material}
Score of KingSafetyV2 vs Baseline: 449 - 554 - 530  [0.466] 1533
Started game 1546 of 10000 (Baseline vs KingSafetyV2)
Finished game 1536 (Baseline vs KingSafetyV2): 0-1 {Black wins by adjudication}
Score of KingSafetyV2 vs Baseline: 450 - 554 - 530  [0.466] 1534
Started game 1547 of 10000 (KingSafetyV2 vs Baseline)
Finished game 1537 (KingSafetyV2 vs Baseline): 1/2-1/2 {Draw by 3-fold repetition}
Score of KingSafetyV2 vs Baseline: 450 - 554 - 531  [0.466] 1535
Started game 1548 of 10000 (Baseline vs KingSafetyV2)
Finished game 1542 (Baseline vs KingSafetyV2): 0-1 {Black wins by adjudication}
Score of KingSafetyV2 vs Baseline: 451 - 554 - 531  [0.466] 1536
Started game 1549 of 10000 (KingSafetyV2 vs Baseline)
Finished game 1534 (Baseline vs KingSafetyV2): 1-0 {White wins by adjudication}
Score of KingSafetyV2 vs Baseline: 451 - 555 - 531  [0.466] 1537
Started game 1550 of 10000 (Baseline vs KingSafetyV2)
Finished game 1535 (KingSafetyV2 vs Baseline): 0-1 {Black wins by adjudication}
Score of KingSafetyV2 vs Baseline: 451 - 556 - 531  [0.466] 1538
Started game 1551 of 10000 (KingSafetyV2 vs Baseline)
Finished game 1538 (Baseline vs KingSafetyV2): 1/2-1/2 {Draw by insufficient mating material}
Score of KingSafetyV2 vs Baseline: 451 - 556 - 532  [0.466] 1539
Started game 1552 of 10000 (Baseline vs KingSafetyV2)
Finished game 1541 (KingSafetyV2 vs Baseline): 1/2-1/2 {Draw by adjudication}
Score of KingSafetyV2 vs Baseline: 451 - 556 - 533  [0.466] 1540
Started game 1553 of 10000 (KingSafetyV2 vs Baseline)
Finished game 1543 (KingSafetyV2 vs Baseline): 0-1 {Black wins by adjudication}
Score of KingSafetyV2 vs Baseline: 451 - 557 - 533  [0.466] 1541
Started game 1554 of 10000 (Baseline vs KingSafetyV2)
Finished game 1540 (Baseline vs KingSafetyV2): 0-1 {Black wins by adjudication}
Score of KingSafetyV2 vs Baseline: 452 - 557 - 533  [0.466] 1542
Started game 1555 of 10000 (KingSafetyV2 vs Baseline)
Finished game 1544 (Baseline vs KingSafetyV2): 1/2-1/2 {Draw by adjudication}
Score of KingSafetyV2 vs Baseline: 452 - 557 - 534  [0.466] 1543
Started game 1556 of 10000 (Baseline vs KingSafetyV2)
Finished game 1539 (KingSafetyV2 vs Baseline): 1-0 {White mates}
Score of KingSafetyV2 vs Baseline: 453 - 557 - 534  [0.466] 1544
Started game 1557 of 10000 (KingSafetyV2 vs Baseline)
Finished game 1545 (KingSafetyV2 vs Baseline): 0-1 {Black wins by adjudication}
Score of KingSafetyV2 vs Baseline: 453 - 558 - 534  [0.466] 1545
Started game 1558 of 10000 (Baseline vs KingSafetyV2)
Finished game 1547 (KingSafetyV2 vs Baseline): 0-1 {Black wins by adjudication}
Score of KingSafetyV2 vs Baseline: 453 - 559 - 534  [0.466] 1546
Started game 1559 of 10000 (KingSafetyV2 vs Baseline)
Finished game 1546 (Baseline vs KingSafetyV2): 0-1 {Black wins by adjudication}
Score of KingSafetyV2 vs Baseline: 454 - 559 - 534  [0.466] 1547
Started game 1560 of 10000 (Baseline vs KingSafetyV2)
Finished game 1549 (KingSafetyV2 vs Baseline): 0-1 {Black wins by adjudication}
Score of KingSafetyV2 vs Baseline: 454 - 560 - 534  [0.466] 1548
Started game 1561 of 10000 (KingSafetyV2 vs Baseline)
Finished game 1555 (KingSafetyV2 vs Baseline): 1/2-1/2 {Draw by 3-fold repetition}
Score of KingSafetyV2 vs Baseline: 454 - 560 - 535  [0.466] 1549
Started game 1562 of 10000 (Baseline vs KingSafetyV2)
Finished game 1548 (Baseline vs KingSafetyV2): 1-0 {White wins by adjudication}
Score of KingSafetyV2 vs Baseline: 454 - 561 - 535  [0.465] 1550
Started game 1563 of 10000 (KingSafetyV2 vs Baseline)
Finished game 1550 (Baseline vs KingSafetyV2): 1/2-1/2 {Draw by insufficient mating material}
Score of KingSafetyV2 vs Baseline: 454 - 561 - 536  [0.466] 1551
Started game 1564 of 10000 (Baseline vs KingSafetyV2)
Finished game 1553 (KingSafetyV2 vs Baseline): 1/2-1/2 {Draw by insufficient mating material}
Score of KingSafetyV2 vs Baseline: 454 - 561 - 537  [0.466] 1552
Started game 1565 of 10000 (KingSafetyV2 vs Baseline)
Finished game 1554 (Baseline vs KingSafetyV2): 1/2-1/2 {Draw by 3-fold repetition}
Score of KingSafetyV2 vs Baseline: 454 - 561 - 538  [0.466] 1553
Started game 1566 of 10000 (Baseline vs KingSafetyV2)
Finished game 1552 (Baseline vs KingSafetyV2): 1-0 {White wins by adjudication}
Score of KingSafetyV2 vs Baseline: 454 - 562 - 538  [0.465] 1554
Started game 1567 of 10000 (KingSafetyV2 vs Baseline)
Finished game 1551 (KingSafetyV2 vs Baseline): 1/2-1/2 {Draw by fifty moves rule}
Score of KingSafetyV2 vs Baseline: 454 - 562 - 539  [0.465] 1555
Started game 1568 of 10000 (Baseline vs KingSafetyV2)
Finished game 1558 (Baseline vs KingSafetyV2): 1/2-1/2 {Draw by 3-fold repetition}
Score of KingSafetyV2 vs Baseline: 454 - 562 - 540  [0.465] 1556
Started game 1569 of 10000 (KingSafetyV2 vs Baseline)
Finished game 1556 (Baseline vs KingSafetyV2): 1-0 {White wins by adjudication}
Score of KingSafetyV2 vs Baseline: 454 - 563 - 540  [0.465] 1557
Started game 1570 of 10000 (Baseline vs KingSafetyV2)
Finished game 1562 (Baseline vs KingSafetyV2): 0-1 {Black wins by adjudication}
Score of KingSafetyV2 vs Baseline: 455 - 563 - 540  [0.465] 1558
Started game 1571 of 10000 (KingSafetyV2 vs Baseline)
Finished game 1557 (KingSafetyV2 vs Baseline): 1/2-1/2 {Draw by 3-fold repetition}
Score of KingSafetyV2 vs Baseline: 455 - 563 - 541  [0.465] 1559
Started game 1572 of 10000 (Baseline vs KingSafetyV2)
Finished game 1561 (KingSafetyV2 vs Baseline): 1-0 {White wins by adjudication}
Score of KingSafetyV2 vs Baseline: 456 - 563 - 541  [0.466] 1560
Started game 1573 of 10000 (KingSafetyV2 vs Baseline)
Finished game 1568 (Baseline vs KingSafetyV2): 1-0 {White wins by adjudication}
Score of KingSafetyV2 vs Baseline: 456 - 564 - 541  [0.465] 1561
Started game 1574 of 10000 (Baseline vs KingSafetyV2)
Finished game 1560 (Baseline vs KingSafetyV2): 1/2-1/2 {Draw by insufficient mating material}
Score of KingSafetyV2 vs Baseline: 456 - 564 - 542  [0.465] 1562
Started game 1575 of 10000 (KingSafetyV2 vs Baseline)
Finished game 1567 (KingSafetyV2 vs Baseline): 1-0 {White wins by adjudication}
Score of KingSafetyV2 vs Baseline: 457 - 564 - 542  [0.466] 1563
Started game 1576 of 10000 (Baseline vs KingSafetyV2)
Finished game 1559 (KingSafetyV2 vs Baseline): 0-1 {Black wins by adjudication}
Score of KingSafetyV2 vs Baseline: 457 - 565 - 542  [0.465] 1564
Started game 1577 of 10000 (KingSafetyV2 vs Baseline)
Finished game 1563 (KingSafetyV2 vs Baseline): 1/2-1/2 {Draw by 3-fold repetition}
Score of KingSafetyV2 vs Baseline: 457 - 565 - 543  [0.465] 1565
Started game 1578 of 10000 (Baseline vs KingSafetyV2)
Finished game 1570 (Baseline vs KingSafetyV2): 1/2-1/2 {Draw by 3-fold repetition}
Score of KingSafetyV2 vs Baseline: 457 - 565 - 544  [0.466] 1566
Started game 1579 of 10000 (KingSafetyV2 vs Baseline)
Finished game 1566 (Baseline vs KingSafetyV2): 1-0 {White wins by adjudication}
Score of KingSafetyV2 vs Baseline: 457 - 566 - 544  [0.465] 1567
Started game 1580 of 10000 (Baseline vs KingSafetyV2)
Finished game 1569 (KingSafetyV2 vs Baseline): 1/2-1/2 {Draw by 3-fold repetition}
Score of KingSafetyV2 vs Baseline: 457 - 566 - 545  [0.465] 1568
Started game 1581 of 10000 (KingSafetyV2 vs Baseline)
Finished game 1565 (KingSafetyV2 vs Baseline): 0-1 {Black wins by adjudication}
Score of KingSafetyV2 vs Baseline: 457 - 567 - 545  [0.465] 1569
Started game 1582 of 10000 (Baseline vs KingSafetyV2)
Finished game 1564 (Baseline vs KingSafetyV2): 1/2-1/2 {Draw by fifty moves rule}
Score of KingSafetyV2 vs Baseline: 457 - 567 - 546  [0.465] 1570
Started game 1583 of 10000 (KingSafetyV2 vs Baseline)
Finished game 1574 (Baseline vs KingSafetyV2): 1/2-1/2 {Draw by 3-fold repetition}
Score of KingSafetyV2 vs Baseline: 457 - 567 - 547  [0.465] 1571
Started game 1584 of 10000 (Baseline vs KingSafetyV2)
Finished game 1573 (KingSafetyV2 vs Baseline): 0-1 {Black wins by adjudication}
Score of KingSafetyV2 vs Baseline: 457 - 568 - 547  [0.465] 1572
Started game 1585 of 10000 (KingSafetyV2 vs Baseline)
Finished game 1571 (KingSafetyV2 vs Baseline): 1-0 {White wins by adjudication}
Score of KingSafetyV2 vs Baseline: 458 - 568 - 547  [0.465] 1573
Started game 1586 of 10000 (Baseline vs KingSafetyV2)
Finished game 1577 (KingSafetyV2 vs Baseline): 1-0 {White wins by adjudication}
Score of KingSafetyV2 vs Baseline: 459 - 568 - 547  [0.465] 1574
Started game 1587 of 10000 (KingSafetyV2 vs Baseline)
Finished game 1576 (Baseline vs KingSafetyV2): 1-0 {White wins by adjudication}
Score of KingSafetyV2 vs Baseline: 459 - 569 - 547  [0.465] 1575
Started game 1588 of 10000 (Baseline vs KingSafetyV2)
Finished game 1572 (Baseline vs KingSafetyV2): 0-1 {Black wins by adjudication}
Score of KingSafetyV2 vs Baseline: 460 - 569 - 547  [0.465] 1576
Started game 1589 of 10000 (KingSafetyV2 vs Baseline)
Finished game 1575 (KingSafetyV2 vs Baseline): 1/2-1/2 {Draw by adjudication}
Score of KingSafetyV2 vs Baseline: 460 - 569 - 548  [0.465] 1577
Started game 1590 of 10000 (Baseline vs KingSafetyV2)
Finished game 1578 (Baseline vs KingSafetyV2): 1-0 {White wins by adjudication}
Score of KingSafetyV2 vs Baseline: 460 - 570 - 548  [0.465] 1578
Started game 1591 of 10000 (KingSafetyV2 vs Baseline)
Finished game 1579 (KingSafetyV2 vs Baseline): 0-1 {Black wins by adjudication}
Score of KingSafetyV2 vs Baseline: 460 - 571 - 548  [0.465] 1579
Started game 1592 of 10000 (Baseline vs KingSafetyV2)
Finished game 1580 (Baseline vs KingSafetyV2): 0-1 {Black wins by adjudication}
Score of KingSafetyV2 vs Baseline: 461 - 571 - 548  [0.465] 1580
Started game 1593 of 10000 (KingSafetyV2 vs Baseline)
Finished game 1581 (KingSafetyV2 vs Baseline): 1-0 {White wins by adjudication}
Score of KingSafetyV2 vs Baseline: 462 - 571 - 548  [0.466] 1581
Started game 1594 of 10000 (Baseline vs KingSafetyV2)
Finished game 1589 (KingSafetyV2 vs Baseline): 0-1 {Black wins by adjudication}
Score of KingSafetyV2 vs Baseline: 462 - 572 - 548  [0.465] 1582
Started game 1595 of 10000 (KingSafetyV2 vs Baseline)
Finished game 1592 (Baseline vs KingSafetyV2): 1-0 {White wins by adjudication}
Score of KingSafetyV2 vs Baseline: 462 - 573 - 548  [0.465] 1583
Started game 1596 of 10000 (Baseline vs KingSafetyV2)
Finished game 1583 (KingSafetyV2 vs Baseline): 1/2-1/2 {Draw by 3-fold repetition}
Score of KingSafetyV2 vs Baseline: 462 - 573 - 549  [0.465] 1584
Started game 1597 of 10000 (KingSafetyV2 vs Baseline)
Finished game 1591 (KingSafetyV2 vs Baseline): 1-0 {White wins by adjudication}
Score of KingSafetyV2 vs Baseline: 463 - 573 - 549  [0.465] 1585
Started game 1598 of 10000 (Baseline vs KingSafetyV2)
Finished game 1588 (Baseline vs KingSafetyV2): 0-1 {Black wins by adjudication}
Score of KingSafetyV2 vs Baseline: 464 - 573 - 549  [0.466] 1586
Started game 1599 of 10000 (KingSafetyV2 vs Baseline)
Finished game 1585 (KingSafetyV2 vs Baseline): 1-0 {White mates}
Score of KingSafetyV2 vs Baseline: 465 - 573 - 549  [0.466] 1587
Started game 1600 of 10000 (Baseline vs KingSafetyV2)
Finished game 1587 (KingSafetyV2 vs Baseline): 1/2-1/2 {Draw by 3-fold repetition}
Score of KingSafetyV2 vs Baseline: 465 - 573 - 550  [0.466] 1588
Started game 1601 of 10000 (KingSafetyV2 vs Baseline)
Finished game 1582 (Baseline vs KingSafetyV2): 1-0 {White wins by adjudication}
Score of KingSafetyV2 vs Baseline: 465 - 574 - 550  [0.466] 1589
Started game 1602 of 10000 (Baseline vs KingSafetyV2)
Finished game 1586 (Baseline vs KingSafetyV2): 1-0 {White wins by adjudication}
Score of KingSafetyV2 vs Baseline: 465 - 575 - 550  [0.465] 1590
Started game 1603 of 10000 (KingSafetyV2 vs Baseline)
Finished game 1594 (Baseline vs KingSafetyV2): 1/2-1/2 {Draw by adjudication}
Score of KingSafetyV2 vs Baseline: 465 - 575 - 551  [0.465] 1591
Started game 1604 of 10000 (Baseline vs KingSafetyV2)
Finished game 1593 (KingSafetyV2 vs Baseline): 1/2-1/2 {Draw by adjudication}
Score of KingSafetyV2 vs Baseline: 465 - 575 - 552  [0.465] 1592
Started game 1605 of 10000 (KingSafetyV2 vs Baseline)
Finished game 1584 (Baseline vs KingSafetyV2): 1-0 {White wins by adjudication}
Score of KingSafetyV2 vs Baseline: 465 - 576 - 552  [0.465] 1593
Started game 1606 of 10000 (Baseline vs KingSafetyV2)
Finished game 1590 (Baseline vs KingSafetyV2): 1/2-1/2 {Draw by 3-fold repetition}
Score of KingSafetyV2 vs Baseline: 465 - 576 - 553  [0.465] 1594
Started game 1607 of 10000 (KingSafetyV2 vs Baseline)
Finished game 1598 (Baseline vs KingSafetyV2): 1/2-1/2 {Draw by 3-fold repetition}
Score of KingSafetyV2 vs Baseline: 465 - 576 - 554  [0.465] 1595
Started game 1608 of 10000 (Baseline vs KingSafetyV2)
Finished game 1600 (Baseline vs KingSafetyV2): 1-0 {White wins by adjudication}
Score of KingSafetyV2 vs Baseline: 465 - 577 - 554  [0.465] 1596
Started game 1609 of 10000 (KingSafetyV2 vs Baseline)
Finished game 1604 (Baseline vs KingSafetyV2): 1-0 {White mates}
Score of KingSafetyV2 vs Baseline: 465 - 578 - 554  [0.465] 1597
Started game 1610 of 10000 (Baseline vs KingSafetyV2)
Finished game 1597 (KingSafetyV2 vs Baseline): 0-1 {Black wins by adjudication}
Score of KingSafetyV2 vs Baseline: 465 - 579 - 554  [0.464] 1598
Started game 1611 of 10000 (KingSafetyV2 vs Baseline)
Finished game 1595 (KingSafetyV2 vs Baseline): 1/2-1/2 {Draw by insufficient mating material}
Score of KingSafetyV2 vs Baseline: 465 - 579 - 555  [0.464] 1599
Started game 1612 of 10000 (Baseline vs KingSafetyV2)
Finished game 1603 (KingSafetyV2 vs Baseline): 1-0 {White wins by adjudication}
Score of KingSafetyV2 vs Baseline: 466 - 579 - 555  [0.465] 1600
Started game 1613 of 10000 (KingSafetyV2 vs Baseline)
Finished game 1602 (Baseline vs KingSafetyV2): 0-1 {Black wins by adjudication}
Score of KingSafetyV2 vs Baseline: 467 - 579 - 555  [0.465] 1601
Started game 1614 of 10000 (Baseline vs KingSafetyV2)
Finished game 1601 (KingSafetyV2 vs Baseline): 0-1 {Black wins by adjudication}
Score of KingSafetyV2 vs Baseline: 467 - 580 - 555  [0.465] 1602
Started game 1615 of 10000 (KingSafetyV2 vs Baseline)
Finished game 1596 (Baseline vs KingSafetyV2): 1/2-1/2 {Draw by 3-fold repetition}
Score of KingSafetyV2 vs Baseline: 467 - 580 - 556  [0.465] 1603
Started game 1616 of 10000 (Baseline vs KingSafetyV2)
Finished game 1606 (Baseline vs KingSafetyV2): 1-0 {White wins by adjudication}
Score of KingSafetyV2 vs Baseline: 467 - 581 - 556  [0.464] 1604
Started game 1617 of 10000 (KingSafetyV2 vs Baseline)
Finished game 1607 (KingSafetyV2 vs Baseline): 1-0 {White wins by adjudication}
Score of KingSafetyV2 vs Baseline: 468 - 581 - 556  [0.465] 1605
Started game 1618 of 10000 (Baseline vs KingSafetyV2)
Finished game 1599 (KingSafetyV2 vs Baseline): 1/2-1/2 {Draw by fifty moves rule}
Score of KingSafetyV2 vs Baseline: 468 - 581 - 557  [0.465] 1606
Started game 1619 of 10000 (KingSafetyV2 vs Baseline)
Finished game 1608 (Baseline vs KingSafetyV2): 0-1 {Black wins by adjudication}
Score of KingSafetyV2 vs Baseline: 469 - 581 - 557  [0.465] 1607
Started game 1620 of 10000 (Baseline vs KingSafetyV2)
Finished game 1605 (KingSafetyV2 vs Baseline): 1/2-1/2 {Draw by 3-fold repetition}
Score of KingSafetyV2 vs Baseline: 469 - 581 - 558  [0.465] 1608
Started game 1621 of 10000 (KingSafetyV2 vs Baseline)
Finished game 1610 (Baseline vs KingSafetyV2): 1/2-1/2 {Draw by insufficient mating material}
Score of KingSafetyV2 vs Baseline: 469 - 581 - 559  [0.465] 1609
Started game 1622 of 10000 (Baseline vs KingSafetyV2)
Finished game 1613 (KingSafetyV2 vs Baseline): 1/2-1/2 {Draw by 3-fold repetition}
Score of KingSafetyV2 vs Baseline: 469 - 581 - 560  [0.465] 1610
Started game 1623 of 10000 (KingSafetyV2 vs Baseline)
Finished game 1609 (KingSafetyV2 vs Baseline): 1/2-1/2 {Draw by 3-fold repetition}
Score of KingSafetyV2 vs Baseline: 469 - 581 - 561  [0.465] 1611
Started game 1624 of 10000 (Baseline vs KingSafetyV2)
Finished game 1615 (KingSafetyV2 vs Baseline): 1/2-1/2 {Draw by 3-fold repetition}
Score of KingSafetyV2 vs Baseline: 469 - 581 - 562  [0.465] 1612
Started game 1625 of 10000 (KingSafetyV2 vs Baseline)
Finished game 1612 (Baseline vs KingSafetyV2): 1/2-1/2 {Draw by adjudication}
Score of KingSafetyV2 vs Baseline: 469 - 581 - 563  [0.465] 1613
Started game 1626 of 10000 (Baseline vs KingSafetyV2)
Finished game 1616 (Baseline vs KingSafetyV2): 1/2-1/2 {Draw by adjudication}
Score of KingSafetyV2 vs Baseline: 469 - 581 - 564  [0.465] 1614
Started game 1627 of 10000 (KingSafetyV2 vs Baseline)
Finished game 1617 (KingSafetyV2 vs Baseline): 1-0 {White wins by adjudication}
Score of KingSafetyV2 vs Baseline: 470 - 581 - 564  [0.466] 1615
Started game 1628 of 10000 (Baseline vs KingSafetyV2)
Finished game 1611 (KingSafetyV2 vs Baseline): 1/2-1/2 {Draw by adjudication}
Score of KingSafetyV2 vs Baseline: 470 - 581 - 565  [0.466] 1616
Started game 1629 of 10000 (KingSafetyV2 vs Baseline)
Finished game 1618 (Baseline vs KingSafetyV2): 1/2-1/2 {Draw by 3-fold repetition}
Score of KingSafetyV2 vs Baseline: 470 - 581 - 566  [0.466] 1617
Started game 1630 of 10000 (Baseline vs KingSafetyV2)
Finished game 1619 (KingSafetyV2 vs Baseline): 1/2-1/2 {Draw by fifty moves rule}
Score of KingSafetyV2 vs Baseline: 470 - 581 - 567  [0.466] 1618
Started game 1631 of 10000 (KingSafetyV2 vs Baseline)
Finished game 1621 (KingSafetyV2 vs Baseline): 1-0 {White wins by adjudication}
Score of KingSafetyV2 vs Baseline: 471 - 581 - 567  [0.466] 1619
Started game 1632 of 10000 (Baseline vs KingSafetyV2)
Finished game 1623 (KingSafetyV2 vs Baseline): 1/2-1/2 {Draw by 3-fold repetition}
Score of KingSafetyV2 vs Baseline: 471 - 581 - 568  [0.466] 1620
Started game 1633 of 10000 (KingSafetyV2 vs Baseline)
Finished game 1614 (Baseline vs KingSafetyV2): 1/2-1/2 {Draw by fifty moves rule}
Score of KingSafetyV2 vs Baseline: 471 - 581 - 569  [0.466] 1621
Started game 1634 of 10000 (Baseline vs KingSafetyV2)
Finished game 1624 (Baseline vs KingSafetyV2): 1-0 {White wins by adjudication}
Score of KingSafetyV2 vs Baseline: 471 - 582 - 569  [0.466] 1622
Started game 1635 of 10000 (KingSafetyV2 vs Baseline)
Finished game 1622 (Baseline vs KingSafetyV2): 1/2-1/2 {Draw by adjudication}
Score of KingSafetyV2 vs Baseline: 471 - 582 - 570  [0.466] 1623
Started game 1636 of 10000 (Baseline vs KingSafetyV2)
Finished game 1620 (Baseline vs KingSafetyV2): 0-1 {Black wins by adjudication}
Score of KingSafetyV2 vs Baseline: 472 - 582 - 570  [0.466] 1624
Started game 1637 of 10000 (KingSafetyV2 vs Baseline)
Finished game 1626 (Baseline vs KingSafetyV2): 1-0 {White wins by adjudication}
Score of KingSafetyV2 vs Baseline: 472 - 583 - 570  [0.466] 1625
Started game 1638 of 10000 (Baseline vs KingSafetyV2)
Finished game 1628 (Baseline vs KingSafetyV2): 1-0 {White wins by adjudication}
Score of KingSafetyV2 vs Baseline: 472 - 584 - 570  [0.466] 1626
Started game 1639 of 10000 (KingSafetyV2 vs Baseline)
Finished game 1629 (KingSafetyV2 vs Baseline): 1-0 {White wins by adjudication}
Score of KingSafetyV2 vs Baseline: 473 - 584 - 570  [0.466] 1627
Started game 1640 of 10000 (Baseline vs KingSafetyV2)
Finished game 1627 (KingSafetyV2 vs Baseline): 1/2-1/2 {Draw by insufficient mating material}
Score of KingSafetyV2 vs Baseline: 473 - 584 - 571  [0.466] 1628
Started game 1641 of 10000 (KingSafetyV2 vs Baseline)
Finished game 1630 (Baseline vs KingSafetyV2): 0-1 {Black wins by adjudication}
Score of KingSafetyV2 vs Baseline: 474 - 584 - 571  [0.466] 1629
Started game 1642 of 10000 (Baseline vs KingSafetyV2)
Finished game 1632 (Baseline vs KingSafetyV2): 1-0 {White wins by adjudication}
Score of KingSafetyV2 vs Baseline: 474 - 585 - 571  [0.466] 1630
Started game 1643 of 10000 (KingSafetyV2 vs Baseline)
Finished game 1625 (KingSafetyV2 vs Baseline): 1/2-1/2 {Draw by fifty moves rule}
Score of KingSafetyV2 vs Baseline: 474 - 585 - 572  [0.466] 1631
Started game 1644 of 10000 (Baseline vs KingSafetyV2)
Finished game 1634 (Baseline vs KingSafetyV2): 1-0 {White wins by adjudication}
Score of KingSafetyV2 vs Baseline: 474 - 586 - 572  [0.466] 1632
Started game 1645 of 10000 (KingSafetyV2 vs Baseline)
Finished game 1638 (Baseline vs KingSafetyV2): 1-0 {White wins by adjudication}
Score of KingSafetyV2 vs Baseline: 474 - 587 - 572  [0.465] 1633
Started game 1646 of 10000 (Baseline vs KingSafetyV2)
Finished game 1631 (KingSafetyV2 vs Baseline): 1/2-1/2 {Draw by insufficient mating material}
Score of KingSafetyV2 vs Baseline: 474 - 587 - 573  [0.465] 1634
Started game 1647 of 10000 (KingSafetyV2 vs Baseline)
Finished game 1637 (KingSafetyV2 vs Baseline): 1/2-1/2 {Draw by 3-fold repetition}
Score of KingSafetyV2 vs Baseline: 474 - 587 - 574  [0.465] 1635
Started game 1648 of 10000 (Baseline vs KingSafetyV2)
Finished game 1635 (KingSafetyV2 vs Baseline): 0-1 {Black wins by adjudication}
Score of KingSafetyV2 vs Baseline: 474 - 588 - 574  [0.465] 1636
Started game 1649 of 10000 (KingSafetyV2 vs Baseline)
Finished game 1633 (KingSafetyV2 vs Baseline): 1/2-1/2 {Draw by 3-fold repetition}
Score of KingSafetyV2 vs Baseline: 474 - 588 - 575  [0.465] 1637
Started game 1650 of 10000 (Baseline vs KingSafetyV2)
Finished game 1639 (KingSafetyV2 vs Baseline): 1/2-1/2 {Draw by insufficient mating material}
Score of KingSafetyV2 vs Baseline: 474 - 588 - 576  [0.465] 1638
Started game 1651 of 10000 (KingSafetyV2 vs Baseline)
Finished game 1642 (Baseline vs KingSafetyV2): 1-0 {White wins by adjudication}
Score of KingSafetyV2 vs Baseline: 474 - 589 - 576  [0.465] 1639
Started game 1652 of 10000 (Baseline vs KingSafetyV2)
Finished game 1641 (KingSafetyV2 vs Baseline): 1-0 {White wins by adjudication}
Score of KingSafetyV2 vs Baseline: 475 - 589 - 576  [0.465] 1640
Started game 1653 of 10000 (KingSafetyV2 vs Baseline)
Finished game 1644 (Baseline vs KingSafetyV2): 1/2-1/2 {Draw by 3-fold repetition}
Score of KingSafetyV2 vs Baseline: 475 - 589 - 577  [0.465] 1641
Started game 1654 of 10000 (Baseline vs KingSafetyV2)
Finished game 1643 (KingSafetyV2 vs Baseline): 1-0 {White wins by adjudication}
Score of KingSafetyV2 vs Baseline: 476 - 589 - 577  [0.466] 1642
Started game 1655 of 10000 (KingSafetyV2 vs Baseline)
Finished game 1636 (Baseline vs KingSafetyV2): 1/2-1/2 {Draw by fifty moves rule}
Score of KingSafetyV2 vs Baseline: 476 - 589 - 578  [0.466] 1643
Started game 1656 of 10000 (Baseline vs KingSafetyV2)
Finished game 1640 (Baseline vs KingSafetyV2): 1-0 {White wins by adjudication}
Score of KingSafetyV2 vs Baseline: 476 - 590 - 578  [0.465] 1644
Started game 1657 of 10000 (KingSafetyV2 vs Baseline)
Finished game 1645 (KingSafetyV2 vs Baseline): 0-1 {Black wins by adjudication}
Score of KingSafetyV2 vs Baseline: 476 - 591 - 578  [0.465] 1645
Started game 1658 of 10000 (Baseline vs KingSafetyV2)
Finished game 1647 (KingSafetyV2 vs Baseline): 1-0 {White wins by adjudication}
Score of KingSafetyV2 vs Baseline: 477 - 591 - 578  [0.465] 1646
Started game 1659 of 10000 (KingSafetyV2 vs Baseline)
Finished game 1648 (Baseline vs KingSafetyV2): 1-0 {White wins by adjudication}
Score of KingSafetyV2 vs Baseline: 477 - 592 - 578  [0.465] 1647
Started game 1660 of 10000 (Baseline vs KingSafetyV2)
Finished game 1646 (Baseline vs KingSafetyV2): 0-1 {Black wins by adjudication}
Score of KingSafetyV2 vs Baseline: 478 - 592 - 578  [0.465] 1648
Started game 1661 of 10000 (KingSafetyV2 vs Baseline)
Finished game 1650 (Baseline vs KingSafetyV2): 1-0 {White wins by adjudication}
Score of KingSafetyV2 vs Baseline: 478 - 593 - 578  [0.465] 1649
Started game 1662 of 10000 (Baseline vs KingSafetyV2)
Finished game 1649 (KingSafetyV2 vs Baseline): 1/2-1/2 {Draw by adjudication}
Score of KingSafetyV2 vs Baseline: 478 - 593 - 579  [0.465] 1650
Started game 1663 of 10000 (KingSafetyV2 vs Baseline)
Finished game 1653 (KingSafetyV2 vs Baseline): 0-1 {Black wins by adjudication}
Score of KingSafetyV2 vs Baseline: 478 - 594 - 579  [0.465] 1651
Started game 1664 of 10000 (Baseline vs KingSafetyV2)
Finished game 1652 (Baseline vs KingSafetyV2): 1-0 {White wins by adjudication}
Score of KingSafetyV2 vs Baseline: 478 - 595 - 579  [0.465] 1652
Started game 1665 of 10000 (KingSafetyV2 vs Baseline)
Finished game 1651 (KingSafetyV2 vs Baseline): 1/2-1/2 {Draw by adjudication}
Score of KingSafetyV2 vs Baseline: 478 - 595 - 580  [0.465] 1653
Started game 1666 of 10000 (Baseline vs KingSafetyV2)
Finished game 1654 (Baseline vs KingSafetyV2): 1/2-1/2 {Draw by 3-fold repetition}
Score of KingSafetyV2 vs Baseline: 478 - 595 - 581  [0.465] 1654
Started game 1667 of 10000 (KingSafetyV2 vs Baseline)
Finished game 1658 (Baseline vs KingSafetyV2): 1-0 {White wins by adjudication}
Score of KingSafetyV2 vs Baseline: 478 - 596 - 581  [0.464] 1655
Started game 1668 of 10000 (Baseline vs KingSafetyV2)
Finished game 1660 (Baseline vs KingSafetyV2): 1-0 {White wins by adjudication}
Score of KingSafetyV2 vs Baseline: 478 - 597 - 581  [0.464] 1656
Started game 1669 of 10000 (KingSafetyV2 vs Baseline)
Finished game 1657 (KingSafetyV2 vs Baseline): 0-1 {Black wins by adjudication}
Score of KingSafetyV2 vs Baseline: 478 - 598 - 581  [0.464] 1657
Started game 1670 of 10000 (Baseline vs KingSafetyV2)
Finished game 1655 (KingSafetyV2 vs Baseline): 1-0 {White wins by adjudication}
Score of KingSafetyV2 vs Baseline: 479 - 598 - 581  [0.464] 1658
Started game 1671 of 10000 (KingSafetyV2 vs Baseline)
Finished game 1656 (Baseline vs KingSafetyV2): 1/2-1/2 {Draw by 3-fold repetition}
Score of KingSafetyV2 vs Baseline: 479 - 598 - 582  [0.464] 1659
Started game 1672 of 10000 (Baseline vs KingSafetyV2)
Finished game 1663 (KingSafetyV2 vs Baseline): 0-1 {Black wins by adjudication}
Score of KingSafetyV2 vs Baseline: 479 - 599 - 582  [0.464] 1660
Started game 1673 of 10000 (KingSafetyV2 vs Baseline)
Finished game 1659 (KingSafetyV2 vs Baseline): 1-0 {White wins by adjudication}
Score of KingSafetyV2 vs Baseline: 480 - 599 - 582  [0.464] 1661
Started game 1674 of 10000 (Baseline vs KingSafetyV2)
Finished game 1662 (Baseline vs KingSafetyV2): 1/2-1/2 {Draw by 3-fold repetition}
Score of KingSafetyV2 vs Baseline: 480 - 599 - 583  [0.464] 1662
Started game 1675 of 10000 (KingSafetyV2 vs Baseline)
Finished game 1661 (KingSafetyV2 vs Baseline): 0-1 {Black wins by adjudication}
Score of KingSafetyV2 vs Baseline: 480 - 600 - 583  [0.464] 1663
Started game 1676 of 10000 (Baseline vs KingSafetyV2)
Finished game 1666 (Baseline vs KingSafetyV2): 1-0 {White wins by adjudication}
Score of KingSafetyV2 vs Baseline: 480 - 601 - 583  [0.464] 1664
Finished game 1670 (Baseline vs KingSafetyV2): * {No result}
Score of KingSafetyV2 vs Baseline: 480 - 601 - 583  [0.464] 1664
Finished game 1669 (KingSafetyV2 vs Baseline): * {No result}
Score of KingSafetyV2 vs Baseline: 480 - 601 - 583  [0.464] 1664
Finished game 1676 (Baseline vs KingSafetyV2): * {No result}
Score of KingSafetyV2 vs Baseline: 480 - 601 - 583  [0.464] 1664
Finished game 1667 (KingSafetyV2 vs Baseline): * {No result}
Score of KingSafetyV2 vs Baseline: 480 - 601 - 583  [0.464] 1664
Finished game 1675 (KingSafetyV2 vs Baseline): * {No result}
Score of KingSafetyV2 vs Baseline: 480 - 601 - 583  [0.464] 1664
Finished game 1673 (KingSafetyV2 vs Baseline): * {No result}
Score of KingSafetyV2 vs Baseline: 480 - 601 - 583  [0.464] 1664
Finished game 1665 (KingSafetyV2 vs Baseline): * {No result}
Score of KingSafetyV2 vs Baseline: 480 - 601 - 583  [0.464] 1664
Finished game 1664 (Baseline vs KingSafetyV2): * {No result}
Score of KingSafetyV2 vs Baseline: 480 - 601 - 583  [0.464] 1664
Finished game 1668 (Baseline vs KingSafetyV2): * {No result}
Score of KingSafetyV2 vs Baseline: 480 - 601 - 583  [0.464] 1664
Finished game 1672 (Baseline vs KingSafetyV2): * {No result}
Score of KingSafetyV2 vs Baseline: 480 - 601 - 583  [0.464] 1664
Finished game 1674 (Baseline vs KingSafetyV2): * {No result}
Score of KingSafetyV2 vs Baseline: 480 - 601 - 583  [0.464] 1664
Finished game 1671 (KingSafetyV2 vs Baseline): * {No result}
Score of KingSafetyV2 vs Baseline: 480 - 601 - 583  [0.464] 1664
...      KingSafetyV2 playing White: 266 - 268 - 298  [0.499] 832
...      KingSafetyV2 playing Black: 214 - 333 - 285  [0.428] 832
...      White vs Black: 599 - 482 - 583  [0.535] 1664
Elo difference: -25.3 +/- 13.5, LOS: 0.0 %, DrawRatio: 35.0 %
SPRT: llr -2.96 (-100.4%), lbound -2.94, ubound 2.94 - H0 was accepted

Player: KingSafetyV2
   "Draw by 3-fold repetition": 256
   "Draw by adjudication": 117
   "Draw by fifty moves rule": 73
   "Draw by insufficient mating material": 133
   "Draw by stalemate": 4
   "Loss: Black mates": 5
   "Loss: Black wins by adjudication": 263
   "Loss: White mates": 11
   "Loss: White wins by adjudication": 322
   "No result": 12
   "Win: Black mates": 8
   "Win: Black wins by adjudication": 206
   "Win: White mates": 14
   "Win: White wins by adjudication": 252
Player: Baseline
   "Draw by 3-fold repetition": 256
   "Draw by adjudication": 117
   "Draw by fifty moves rule": 73
   "Draw by insufficient mating material": 133
   "Draw by stalemate": 4
   "Loss: Black mates": 8
   "Loss: Black wins by adjudication": 206
   "Loss: White mates": 14
   "Loss: White wins by adjudication": 252
   "No result": 12
   "Win: Black mates": 5
   "Win: Black wins by adjudication": 263
   "Win: White mates": 11
   "Win: White wins by adjudication": 322
Finished match
