Indexing opening suite...
Started game 3 of 10000 (Tier2Combined vs Baseline)
Started game 5 of 10000 (Tier2Combined vs Baseline)
Started game 9 of 10000 (Tier2Combined vs Baseline)
Started game 11 of 10000 (Tier2Combined vs Baseline)
Started game 2 of 10000 (Baseline vs Tier2Combined)
Started game 4 of 10000 (Baseline vs Tier2Combined)
Started game 6 of 10000 (Baseline vs Tier2Combined)
Started game 1 of 10000 (Tier2Combined vs Baseline)
Started game 13 of 10000 (Tier2Combined vs Baseline)
Started game 12 of 10000 (Baseline vs Tier2Combined)
Started game 7 of 10000 (Tier2Combined vs Baseline)
Started game 8 of 10000 (Baseline vs Tier2Combined)
Started game 10 of 10000 (Baseline vs Tier2Combined)
Finished game 2 (Baseline vs Tier2Combined): 1-0 {White wins by adjudication}
Score of Tier2Combined vs Baseline: 0 - 1 - 0  [0.000] 1
Started game 14 of 10000 (Baseline vs Tier2Combined)
Finished game 9 (Tier2Combined vs Baseline): 1/2-1/2 {Draw by 3-fold repetition}
Score of Tier2Combined vs Baseline: 0 - 1 - 1  [0.250] 2
Started game 15 of 10000 (Tier2Combined vs Baseline)
Finished game 12 (Baseline vs Tier2Combined): 0-1 {Black mates}
Score of Tier2Combined vs Baseline: 1 - 1 - 1  [0.500] 3
Started game 16 of 10000 (Baseline vs Tier2Combined)
Finished game 6 (Baseline vs Tier2Combined): 1-0 {White wins by adjudication}
Score of Tier2Combined vs Baseline: 1 - 2 - 1  [0.375] 4
Started game 17 of 10000 (Tier2Combined vs Baseline)
Finished game 10 (Baseline vs Tier2Combined): 1-0 {White wins by adjudication}
Score of Tier2Combined vs Baseline: 1 - 3 - 1  [0.300] 5
Started game 18 of 10000 (Baseline vs Tier2Combined)
Finished game 3 (Tier2Combined vs Baseline): 0-1 {Black wins by adjudication}
Score of Tier2Combined vs Baseline: 1 - 4 - 1  [0.250] 6
Started game 19 of 10000 (Tier2Combined vs Baseline)
Finished game 1 (Tier2Combined vs Baseline): 1-0 {White wins by adjudication}
Score of Tier2Combined vs Baseline: 2 - 4 - 1  [0.357] 7
Started game 20 of 10000 (Baseline vs Tier2Combined)
Finished game 8 (Baseline vs Tier2Combined): 1-0 {White wins by adjudication}
Score of Tier2Combined vs Baseline: 2 - 5 - 1  [0.313] 8
Started game 21 of 10000 (Tier2Combined vs Baseline)
Finished game 11 (Tier2Combined vs Baseline): 1-0 {White wins by adjudication}
Score of Tier2Combined vs Baseline: 3 - 5 - 1  [0.389] 9
Started game 22 of 10000 (Baseline vs Tier2Combined)
Finished game 20 (Baseline vs Tier2Combined): 1-0 {White wins by adjudication}
Score of Tier2Combined vs Baseline: 3 - 6 - 1  [0.350] 10
Started game 23 of 10000 (Tier2Combined vs Baseline)
Finished game 19 (Tier2Combined vs Baseline): 1-0 {White wins by adjudication}
Score of Tier2Combined vs Baseline: 4 - 6 - 1  [0.409] 11
Started game 24 of 10000 (Baseline vs Tier2Combined)
Finished game 13 (Tier2Combined vs Baseline): 1-0 {White wins by adjudication}
Score of Tier2Combined vs Baseline: 5 - 6 - 1  [0.458] 12
Started game 25 of 10000 (Tier2Combined vs Baseline)
Finished game 5 (Tier2Combined vs Baseline): 1/2-1/2 {Draw by insufficient mating material}
Score of Tier2Combined vs Baseline: 5 - 6 - 2  [0.462] 13
Started game 26 of 10000 (Baseline vs Tier2Combined)
Finished game 7 (Tier2Combined vs Baseline): 1/2-1/2 {Draw by adjudication}
Score of Tier2Combined vs Baseline: 5 - 6 - 3  [0.464] 14
Started game 27 of 10000 (Tier2Combined vs Baseline)
Finished game 4 (Baseline vs Tier2Combined): 0-1 {Black wins by adjudication}
Score of Tier2Combined vs Baseline: 6 - 6 - 3  [0.500] 15
Started game 28 of 10000 (Baseline vs Tier2Combined)
Finished game 15 (Tier2Combined vs Baseline): 1-0 {White wins by adjudication}
Score of Tier2Combined vs Baseline: 7 - 6 - 3  [0.531] 16
Started game 29 of 10000 (Tier2Combined vs Baseline)
Finished game 16 (Baseline vs Tier2Combined): 0-1 {Black wins by adjudication}
Score of Tier2Combined vs Baseline: 8 - 6 - 3  [0.559] 17
Started game 30 of 10000 (Baseline vs Tier2Combined)
Finished game 17 (Tier2Combined vs Baseline): 1/2-1/2 {Draw by insufficient mating material}
Score of Tier2Combined vs Baseline: 8 - 6 - 4  [0.556] 18
Started game 31 of 10000 (Tier2Combined vs Baseline)
Finished game 21 (Tier2Combined vs Baseline): 0-1 {Black wins by adjudication}
Score of Tier2Combined vs Baseline: 8 - 7 - 4  [0.526] 19
Started game 32 of 10000 (Baseline vs Tier2Combined)
Finished game 22 (Baseline vs Tier2Combined): 1/2-1/2 {Draw by insufficient mating material}
Score of Tier2Combined vs Baseline: 8 - 7 - 5  [0.525] 20
Started game 33 of 10000 (Tier2Combined vs Baseline)
Finished game 24 (Baseline vs Tier2Combined): 1-0 {White mates}
Score of Tier2Combined vs Baseline: 8 - 8 - 5  [0.500] 21
Started game 34 of 10000 (Baseline vs Tier2Combined)
Finished game 28 (Baseline vs Tier2Combined): 1-0 {White wins by adjudication}
Score of Tier2Combined vs Baseline: 8 - 9 - 5  [0.477] 22
Started game 35 of 10000 (Tier2Combined vs Baseline)
Finished game 26 (Baseline vs Tier2Combined): 1-0 {White wins by adjudication}
Score of Tier2Combined vs Baseline: 8 - 10 - 5  [0.457] 23
Started game 36 of 10000 (Baseline vs Tier2Combined)
Finished game 27 (Tier2Combined vs Baseline): 1-0 {White wins by adjudication}
Score of Tier2Combined vs Baseline: 9 - 10 - 5  [0.479] 24
Started game 37 of 10000 (Tier2Combined vs Baseline)
Finished game 14 (Baseline vs Tier2Combined): 1-0 {White wins by adjudication}
Score of Tier2Combined vs Baseline: 9 - 11 - 5  [0.460] 25
Started game 38 of 10000 (Baseline vs Tier2Combined)
Finished game 18 (Baseline vs Tier2Combined): 0-1 {Black wins by adjudication}
Score of Tier2Combined vs Baseline: 10 - 11 - 5  [0.481] 26
Started game 39 of 10000 (Tier2Combined vs Baseline)
Finished game 25 (Tier2Combined vs Baseline): 0-1 {Black wins by adjudication}
Score of Tier2Combined vs Baseline: 10 - 12 - 5  [0.463] 27
Started game 40 of 10000 (Baseline vs Tier2Combined)
Finished game 23 (Tier2Combined vs Baseline): 1/2-1/2 {Draw by adjudication}
Score of Tier2Combined vs Baseline: 10 - 12 - 6  [0.464] 28
Started game 41 of 10000 (Tier2Combined vs Baseline)
Finished game 29 (Tier2Combined vs Baseline): 1-0 {White wins by adjudication}
Score of Tier2Combined vs Baseline: 11 - 12 - 6  [0.483] 29
Started game 42 of 10000 (Baseline vs Tier2Combined)
Finished game 31 (Tier2Combined vs Baseline): 0-1 {Black wins by adjudication}
Score of Tier2Combined vs Baseline: 11 - 13 - 6  [0.467] 30
Started game 43 of 10000 (Tier2Combined vs Baseline)
Finished game 30 (Baseline vs Tier2Combined): 0-1 {Black wins by adjudication}
Score of Tier2Combined vs Baseline: 12 - 13 - 6  [0.484] 31
Started game 44 of 10000 (Baseline vs Tier2Combined)
Finished game 33 (Tier2Combined vs Baseline): 1-0 {White wins by adjudication}
Score of Tier2Combined vs Baseline: 13 - 13 - 6  [0.500] 32
Started game 45 of 10000 (Tier2Combined vs Baseline)
Finished game 34 (Baseline vs Tier2Combined): 1-0 {White wins by adjudication}
Score of Tier2Combined vs Baseline: 13 - 14 - 6  [0.485] 33
Started game 46 of 10000 (Baseline vs Tier2Combined)
Finished game 35 (Tier2Combined vs Baseline): 1/2-1/2 {Draw by 3-fold repetition}
Score of Tier2Combined vs Baseline: 13 - 14 - 7  [0.485] 34
Started game 47 of 10000 (Tier2Combined vs Baseline)
Finished game 32 (Baseline vs Tier2Combined): 0-1 {Black wins by adjudication}
Score of Tier2Combined vs Baseline: 14 - 14 - 7  [0.500] 35
Started game 48 of 10000 (Baseline vs Tier2Combined)
Finished game 38 (Baseline vs Tier2Combined): 1-0 {White wins by adjudication}
Score of Tier2Combined vs Baseline: 14 - 15 - 7  [0.486] 36
Started game 49 of 10000 (Tier2Combined vs Baseline)
Finished game 40 (Baseline vs Tier2Combined): 1-0 {White wins by adjudication}
Score of Tier2Combined vs Baseline: 14 - 16 - 7  [0.473] 37
Started game 50 of 10000 (Baseline vs Tier2Combined)
Finished game 37 (Tier2Combined vs Baseline): 1-0 {White wins by adjudication}
Score of Tier2Combined vs Baseline: 15 - 16 - 7  [0.487] 38
Started game 51 of 10000 (Tier2Combined vs Baseline)
Finished game 39 (Tier2Combined vs Baseline): 1/2-1/2 {Draw by insufficient mating material}
Score of Tier2Combined vs Baseline: 15 - 16 - 8  [0.487] 39
Started game 52 of 10000 (Baseline vs Tier2Combined)
Finished game 43 (Tier2Combined vs Baseline): 1-0 {White wins by adjudication}
Score of Tier2Combined vs Baseline: 16 - 16 - 8  [0.500] 40
Started game 53 of 10000 (Tier2Combined vs Baseline)
Finished game 49 (Tier2Combined vs Baseline): 1-0 {White wins by adjudication}
Score of Tier2Combined vs Baseline: 17 - 16 - 8  [0.512] 41
Started game 54 of 10000 (Baseline vs Tier2Combined)
Finished game 36 (Baseline vs Tier2Combined): 1/2-1/2 {Draw by fifty moves rule}
Score of Tier2Combined vs Baseline: 17 - 16 - 9  [0.512] 42
Started game 55 of 10000 (Tier2Combined vs Baseline)
Finished game 44 (Baseline vs Tier2Combined): 1-0 {White wins by adjudication}
Score of Tier2Combined vs Baseline: 17 - 17 - 9  [0.500] 43
Started game 56 of 10000 (Baseline vs Tier2Combined)
Finished game 41 (Tier2Combined vs Baseline): 1/2-1/2 {Draw by insufficient mating material}
Score of Tier2Combined vs Baseline: 17 - 17 - 10  [0.500] 44
Started game 57 of 10000 (Tier2Combined vs Baseline)
Finished game 42 (Baseline vs Tier2Combined): 0-1 {Black wins by adjudication}
Score of Tier2Combined vs Baseline: 18 - 17 - 10  [0.511] 45
Started game 58 of 10000 (Baseline vs Tier2Combined)
Finished game 46 (Baseline vs Tier2Combined): 1/2-1/2 {Draw by 3-fold repetition}
Score of Tier2Combined vs Baseline: 18 - 17 - 11  [0.511] 46
Started game 59 of 10000 (Tier2Combined vs Baseline)
Finished game 47 (Tier2Combined vs Baseline): 0-1 {Black wins by adjudication}
Score of Tier2Combined vs Baseline: 18 - 18 - 11  [0.500] 47
Started game 60 of 10000 (Baseline vs Tier2Combined)
Finished game 50 (Baseline vs Tier2Combined): 1-0 {White wins by adjudication}
Score of Tier2Combined vs Baseline: 18 - 19 - 11  [0.490] 48
Started game 61 of 10000 (Tier2Combined vs Baseline)
Finished game 45 (Tier2Combined vs Baseline): 1-0 {White wins by adjudication}
Score of Tier2Combined vs Baseline: 19 - 19 - 11  [0.500] 49
Started game 62 of 10000 (Baseline vs Tier2Combined)
Finished game 48 (Baseline vs Tier2Combined): 1-0 {White wins by adjudication}
Score of Tier2Combined vs Baseline: 19 - 20 - 11  [0.490] 50
Started game 63 of 10000 (Tier2Combined vs Baseline)
Finished game 51 (Tier2Combined vs Baseline): 1-0 {White wins by adjudication}
Score of Tier2Combined vs Baseline: 20 - 20 - 11  [0.500] 51
Started game 64 of 10000 (Baseline vs Tier2Combined)
Finished game 52 (Baseline vs Tier2Combined): 0-1 {Black wins by adjudication}
Score of Tier2Combined vs Baseline: 21 - 20 - 11  [0.510] 52
Started game 65 of 10000 (Tier2Combined vs Baseline)
Finished game 54 (Baseline vs Tier2Combined): 0-1 {Black wins by adjudication}
Score of Tier2Combined vs Baseline: 22 - 20 - 11  [0.519] 53
Started game 66 of 10000 (Baseline vs Tier2Combined)
Finished game 53 (Tier2Combined vs Baseline): 0-1 {Black wins by adjudication}
Score of Tier2Combined vs Baseline: 22 - 21 - 11  [0.509] 54
Started game 67 of 10000 (Tier2Combined vs Baseline)
Finished game 58 (Baseline vs Tier2Combined): 0-1 {Black wins by adjudication}
Score of Tier2Combined vs Baseline: 23 - 21 - 11  [0.518] 55
Started game 68 of 10000 (Baseline vs Tier2Combined)
Finished game 55 (Tier2Combined vs Baseline): 1/2-1/2 {Draw by insufficient mating material}
Score of Tier2Combined vs Baseline: 23 - 21 - 12  [0.518] 56
Started game 69 of 10000 (Tier2Combined vs Baseline)
Finished game 56 (Baseline vs Tier2Combined): 0-1 {Black wins by adjudication}
Score of Tier2Combined vs Baseline: 24 - 21 - 12  [0.526] 57
Started game 70 of 10000 (Baseline vs Tier2Combined)
Finished game 59 (Tier2Combined vs Baseline): 1/2-1/2 {Draw by insufficient mating material}
Score of Tier2Combined vs Baseline: 24 - 21 - 13  [0.526] 58
Started game 71 of 10000 (Tier2Combined vs Baseline)
Finished game 63 (Tier2Combined vs Baseline): 1/2-1/2 {Draw by 3-fold repetition}
Score of Tier2Combined vs Baseline: 24 - 21 - 14  [0.525] 59
Started game 72 of 10000 (Baseline vs Tier2Combined)
Finished game 61 (Tier2Combined vs Baseline): 0-1 {Black wins by adjudication}
Score of Tier2Combined vs Baseline: 24 - 22 - 14  [0.517] 60
Started game 73 of 10000 (Tier2Combined vs Baseline)
Finished game 60 (Baseline vs Tier2Combined): 1-0 {White wins by adjudication}
Score of Tier2Combined vs Baseline: 24 - 23 - 14  [0.508] 61
Started game 74 of 10000 (Baseline vs Tier2Combined)
Finished game 62 (Baseline vs Tier2Combined): 0-1 {Black wins by adjudication}
Score of Tier2Combined vs Baseline: 25 - 23 - 14  [0.516] 62
Started game 75 of 10000 (Tier2Combined vs Baseline)
Finished game 57 (Tier2Combined vs Baseline): 1/2-1/2 {Draw by fifty moves rule}
Score of Tier2Combined vs Baseline: 25 - 23 - 15  [0.516] 63
Started game 76 of 10000 (Baseline vs Tier2Combined)
Finished game 65 (Tier2Combined vs Baseline): 1-0 {White wins by adjudication}
Score of Tier2Combined vs Baseline: 26 - 23 - 15  [0.523] 64
Started game 77 of 10000 (Tier2Combined vs Baseline)
Finished game 64 (Baseline vs Tier2Combined): 1-0 {White wins by adjudication}
Score of Tier2Combined vs Baseline: 26 - 24 - 15  [0.515] 65
Started game 78 of 10000 (Baseline vs Tier2Combined)
Finished game 68 (Baseline vs Tier2Combined): 1-0 {White wins by adjudication}
Score of Tier2Combined vs Baseline: 26 - 25 - 15  [0.508] 66
Started game 79 of 10000 (Tier2Combined vs Baseline)
Finished game 70 (Baseline vs Tier2Combined): 0-1 {Black wins by adjudication}
Score of Tier2Combined vs Baseline: 27 - 25 - 15  [0.515] 67
Started game 80 of 10000 (Baseline vs Tier2Combined)
Finished game 66 (Baseline vs Tier2Combined): 1-0 {White wins by adjudication}
Score of Tier2Combined vs Baseline: 27 - 26 - 15  [0.507] 68
Started game 81 of 10000 (Tier2Combined vs Baseline)
Finished game 71 (Tier2Combined vs Baseline): 0-1 {Black wins by adjudication}
Score of Tier2Combined vs Baseline: 27 - 27 - 15  [0.500] 69
Started game 82 of 10000 (Baseline vs Tier2Combined)
Finished game 75 (Tier2Combined vs Baseline): 0-1 {Black wins by adjudication}
Score of Tier2Combined vs Baseline: 27 - 28 - 15  [0.493] 70
Started game 83 of 10000 (Tier2Combined vs Baseline)
Finished game 67 (Tier2Combined vs Baseline): 1/2-1/2 {Draw by adjudication}
Score of Tier2Combined vs Baseline: 27 - 28 - 16  [0.493] 71
Started game 84 of 10000 (Baseline vs Tier2Combined)
Finished game 73 (Tier2Combined vs Baseline): 1-0 {White wins by adjudication}
Score of Tier2Combined vs Baseline: 28 - 28 - 16  [0.500] 72
Started game 85 of 10000 (Tier2Combined vs Baseline)
Finished game 74 (Baseline vs Tier2Combined): 0-1 {Black wins by adjudication}
Score of Tier2Combined vs Baseline: 29 - 28 - 16  [0.507] 73
Started game 86 of 10000 (Baseline vs Tier2Combined)
Finished game 72 (Baseline vs Tier2Combined): 1/2-1/2 {Draw by adjudication}
Score of Tier2Combined vs Baseline: 29 - 28 - 17  [0.507] 74
Started game 87 of 10000 (Tier2Combined vs Baseline)
Finished game 77 (Tier2Combined vs Baseline): 0-1 {Black wins by adjudication}
Score of Tier2Combined vs Baseline: 29 - 29 - 17  [0.500] 75
Started game 88 of 10000 (Baseline vs Tier2Combined)
Finished game 78 (Baseline vs Tier2Combined): 1-0 {White wins by adjudication}
Score of Tier2Combined vs Baseline: 29 - 30 - 17  [0.493] 76
Started game 89 of 10000 (Tier2Combined vs Baseline)
Finished game 69 (Tier2Combined vs Baseline): 1/2-1/2 {Draw by fifty moves rule}
Score of Tier2Combined vs Baseline: 29 - 30 - 18  [0.494] 77
Started game 90 of 10000 (Baseline vs Tier2Combined)
Finished game 80 (Baseline vs Tier2Combined): 1-0 {White wins by adjudication}
Score of Tier2Combined vs Baseline: 29 - 31 - 18  [0.487] 78
Started game 91 of 10000 (Tier2Combined vs Baseline)
Finished game 81 (Tier2Combined vs Baseline): 1-0 {White wins by adjudication}
Score of Tier2Combined vs Baseline: 30 - 31 - 18  [0.494] 79
Started game 92 of 10000 (Baseline vs Tier2Combined)
Finished game 76 (Baseline vs Tier2Combined): 1-0 {White wins by adjudication}
Score of Tier2Combined vs Baseline: 30 - 32 - 18  [0.487] 80
Started game 93 of 10000 (Tier2Combined vs Baseline)
Finished game 82 (Baseline vs Tier2Combined): 0-1 {Black wins by adjudication}
Score of Tier2Combined vs Baseline: 31 - 32 - 18  [0.494] 81
Started game 94 of 10000 (Baseline vs Tier2Combined)
Finished game 79 (Tier2Combined vs Baseline): 0-1 {Black wins by adjudication}
Score of Tier2Combined vs Baseline: 31 - 33 - 18  [0.488] 82
Started game 95 of 10000 (Tier2Combined vs Baseline)
Finished game 85 (Tier2Combined vs Baseline): 1/2-1/2 {Draw by 3-fold repetition}
Score of Tier2Combined vs Baseline: 31 - 33 - 19  [0.488] 83
Started game 96 of 10000 (Baseline vs Tier2Combined)
Finished game 84 (Baseline vs Tier2Combined): 1-0 {White wins by adjudication}
Score of Tier2Combined vs Baseline: 31 - 34 - 19  [0.482] 84
Started game 97 of 10000 (Tier2Combined vs Baseline)
Finished game 83 (Tier2Combined vs Baseline): 1/2-1/2 {Draw by insufficient mating material}
Score of Tier2Combined vs Baseline: 31 - 34 - 20  [0.482] 85
Started game 98 of 10000 (Baseline vs Tier2Combined)
Finished game 91 (Tier2Combined vs Baseline): 1/2-1/2 {Draw by 3-fold repetition}
Score of Tier2Combined vs Baseline: 31 - 34 - 21  [0.483] 86
Started game 99 of 10000 (Tier2Combined vs Baseline)
Finished game 86 (Baseline vs Tier2Combined): 1-0 {White wins by adjudication}
Score of Tier2Combined vs Baseline: 31 - 35 - 21  [0.477] 87
Started game 100 of 10000 (Baseline vs Tier2Combined)
Finished game 89 (Tier2Combined vs Baseline): 1-0 {White wins by adjudication}
Score of Tier2Combined vs Baseline: 32 - 35 - 21  [0.483] 88
Started game 101 of 10000 (Tier2Combined vs Baseline)
Finished game 88 (Baseline vs Tier2Combined): 0-1 {Black wins by adjudication}
Score of Tier2Combined vs Baseline: 33 - 35 - 21  [0.489] 89
Started game 102 of 10000 (Baseline vs Tier2Combined)
Finished game 90 (Baseline vs Tier2Combined): 1-0 {White wins by adjudication}
Score of Tier2Combined vs Baseline: 33 - 36 - 21  [0.483] 90
Started game 103 of 10000 (Tier2Combined vs Baseline)
Finished game 94 (Baseline vs Tier2Combined): 1/2-1/2 {Draw by 3-fold repetition}
Score of Tier2Combined vs Baseline: 33 - 36 - 22  [0.484] 91
Started game 104 of 10000 (Baseline vs Tier2Combined)
Finished game 92 (Baseline vs Tier2Combined): 0-1 {Black wins by adjudication}
Score of Tier2Combined vs Baseline: 34 - 36 - 22  [0.489] 92
Started game 105 of 10000 (Tier2Combined vs Baseline)
Finished game 93 (Tier2Combined vs Baseline): 1-0 {White wins by adjudication}
Score of Tier2Combined vs Baseline: 35 - 36 - 22  [0.495] 93
Started game 106 of 10000 (Baseline vs Tier2Combined)
Finished game 98 (Baseline vs Tier2Combined): 0-1 {Black wins by adjudication}
Score of Tier2Combined vs Baseline: 36 - 36 - 22  [0.500] 94
Started game 107 of 10000 (Tier2Combined vs Baseline)
Finished game 97 (Tier2Combined vs Baseline): 1-0 {White wins by adjudication}
Score of Tier2Combined vs Baseline: 37 - 36 - 22  [0.505] 95
Started game 108 of 10000 (Baseline vs Tier2Combined)
Finished game 87 (Tier2Combined vs Baseline): 1/2-1/2 {Draw by insufficient mating material}
Score of Tier2Combined vs Baseline: 37 - 36 - 23  [0.505] 96
Started game 109 of 10000 (Tier2Combined vs Baseline)
Finished game 96 (Baseline vs Tier2Combined): 1/2-1/2 {Draw by stalemate}
Score of Tier2Combined vs Baseline: 37 - 36 - 24  [0.505] 97
Started game 110 of 10000 (Baseline vs Tier2Combined)
Finished game 95 (Tier2Combined vs Baseline): 0-1 {Black wins by adjudication}
Score of Tier2Combined vs Baseline: 37 - 37 - 24  [0.500] 98
Started game 111 of 10000 (Tier2Combined vs Baseline)
Finished game 99 (Tier2Combined vs Baseline): 1-0 {White wins by adjudication}
Score of Tier2Combined vs Baseline: 38 - 37 - 24  [0.505] 99
Started game 112 of 10000 (Baseline vs Tier2Combined)
Finished game 100 (Baseline vs Tier2Combined): 0-1 {Black wins by adjudication}
Score of Tier2Combined vs Baseline: 39 - 37 - 24  [0.510] 100
Started game 113 of 10000 (Tier2Combined vs Baseline)
Finished game 102 (Baseline vs Tier2Combined): 1-0 {White wins by adjudication}
Score of Tier2Combined vs Baseline: 39 - 38 - 24  [0.505] 101
Started game 114 of 10000 (Baseline vs Tier2Combined)
Finished game 101 (Tier2Combined vs Baseline): 0-1 {Black wins by adjudication}
Score of Tier2Combined vs Baseline: 39 - 39 - 24  [0.500] 102
Started game 115 of 10000 (Tier2Combined vs Baseline)
Finished game 104 (Baseline vs Tier2Combined): 1/2-1/2 {Draw by 3-fold repetition}
Score of Tier2Combined vs Baseline: 39 - 39 - 25  [0.500] 103
Started game 116 of 10000 (Baseline vs Tier2Combined)
Finished game 103 (Tier2Combined vs Baseline): 1-0 {White wins by adjudication}
Score of Tier2Combined vs Baseline: 40 - 39 - 25  [0.505] 104
Started game 117 of 10000 (Tier2Combined vs Baseline)
Finished game 106 (Baseline vs Tier2Combined): 1-0 {White wins by adjudication}
Score of Tier2Combined vs Baseline: 40 - 40 - 25  [0.500] 105
Started game 118 of 10000 (Baseline vs Tier2Combined)
Finished game 107 (Tier2Combined vs Baseline): 1/2-1/2 {Draw by 3-fold repetition}
Score of Tier2Combined vs Baseline: 40 - 40 - 26  [0.500] 106
Started game 119 of 10000 (Tier2Combined vs Baseline)
Finished game 109 (Tier2Combined vs Baseline): 0-1 {Black wins by adjudication}
Score of Tier2Combined vs Baseline: 40 - 41 - 26  [0.495] 107
Started game 120 of 10000 (Baseline vs Tier2Combined)
Finished game 111 (Tier2Combined vs Baseline): 1/2-1/2 {Draw by 3-fold repetition}
Score of Tier2Combined vs Baseline: 40 - 41 - 27  [0.495] 108
Started game 121 of 10000 (Tier2Combined vs Baseline)
Finished game 108 (Baseline vs Tier2Combined): 1/2-1/2 {Draw by insufficient mating material}
Score of Tier2Combined vs Baseline: 40 - 41 - 28  [0.495] 109
Started game 122 of 10000 (Baseline vs Tier2Combined)
Finished game 110 (Baseline vs Tier2Combined): 1-0 {White wins by adjudication}
Score of Tier2Combined vs Baseline: 40 - 42 - 28  [0.491] 110
Started game 123 of 10000 (Tier2Combined vs Baseline)
Finished game 113 (Tier2Combined vs Baseline): 0-1 {Black wins by adjudication}
Score of Tier2Combined vs Baseline: 40 - 43 - 28  [0.486] 111
Started game 124 of 10000 (Baseline vs Tier2Combined)
Finished game 116 (Baseline vs Tier2Combined): 1/2-1/2 {Draw by 3-fold repetition}
Score of Tier2Combined vs Baseline: 40 - 43 - 29  [0.487] 112
Started game 125 of 10000 (Tier2Combined vs Baseline)
Finished game 112 (Baseline vs Tier2Combined): 1/2-1/2 {Draw by adjudication}
Score of Tier2Combined vs Baseline: 40 - 43 - 30  [0.487] 113
Started game 126 of 10000 (Baseline vs Tier2Combined)
Finished game 105 (Tier2Combined vs Baseline): 1-0 {White wins by adjudication}
Score of Tier2Combined vs Baseline: 41 - 43 - 30  [0.491] 114
Started game 127 of 10000 (Tier2Combined vs Baseline)
Finished game 115 (Tier2Combined vs Baseline): 0-1 {Black wins by adjudication}
Score of Tier2Combined vs Baseline: 41 - 44 - 30  [0.487] 115
Started game 128 of 10000 (Baseline vs Tier2Combined)
Finished game 117 (Tier2Combined vs Baseline): 1-0 {White wins by adjudication}
Score of Tier2Combined vs Baseline: 42 - 44 - 30  [0.491] 116
Started game 129 of 10000 (Tier2Combined vs Baseline)
Finished game 126 (Baseline vs Tier2Combined): 1-0 {White wins by adjudication}
Score of Tier2Combined vs Baseline: 42 - 45 - 30  [0.487] 117
Started game 130 of 10000 (Baseline vs Tier2Combined)
Finished game 119 (Tier2Combined vs Baseline): 1-0 {White wins by adjudication}
Score of Tier2Combined vs Baseline: 43 - 45 - 30  [0.492] 118
Started game 131 of 10000 (Tier2Combined vs Baseline)
Finished game 125 (Tier2Combined vs Baseline): 1-0 {White wins by adjudication}
Score of Tier2Combined vs Baseline: 44 - 45 - 30  [0.496] 119
Started game 132 of 10000 (Baseline vs Tier2Combined)
Finished game 118 (Baseline vs Tier2Combined): 0-1 {Black wins by adjudication}
Score of Tier2Combined vs Baseline: 45 - 45 - 30  [0.500] 120
Started game 133 of 10000 (Tier2Combined vs Baseline)
Finished game 114 (Baseline vs Tier2Combined): 1/2-1/2 {Draw by insufficient mating material}
Score of Tier2Combined vs Baseline: 45 - 45 - 31  [0.500] 121
Started game 134 of 10000 (Baseline vs Tier2Combined)
Finished game 122 (Baseline vs Tier2Combined): 0-1 {Black wins by adjudication}
Score of Tier2Combined vs Baseline: 46 - 45 - 31  [0.504] 122
Started game 135 of 10000 (Tier2Combined vs Baseline)
Finished game 121 (Tier2Combined vs Baseline): 1/2-1/2 {Draw by adjudication}
Score of Tier2Combined vs Baseline: 46 - 45 - 32  [0.504] 123
Started game 136 of 10000 (Baseline vs Tier2Combined)
Finished game 123 (Tier2Combined vs Baseline): 1-0 {White wins by adjudication}
Score of Tier2Combined vs Baseline: 47 - 45 - 32  [0.508] 124
Started game 137 of 10000 (Tier2Combined vs Baseline)
Finished game 124 (Baseline vs Tier2Combined): 1-0 {White wins by adjudication}
Score of Tier2Combined vs Baseline: 47 - 46 - 32  [0.504] 125
Started game 138 of 10000 (Baseline vs Tier2Combined)
Finished game 127 (Tier2Combined vs Baseline): 1/2-1/2 {Draw by 3-fold repetition}
Score of Tier2Combined vs Baseline: 47 - 46 - 33  [0.504] 126
Started game 139 of 10000 (Tier2Combined vs Baseline)
Finished game 128 (Baseline vs Tier2Combined): 1-0 {White wins by adjudication}
Score of Tier2Combined vs Baseline: 47 - 47 - 33  [0.500] 127
Started game 140 of 10000 (Baseline vs Tier2Combined)
Finished game 129 (Tier2Combined vs Baseline): 0-1 {Black wins by adjudication}
Score of Tier2Combined vs Baseline: 47 - 48 - 33  [0.496] 128
Started game 141 of 10000 (Tier2Combined vs Baseline)
Finished game 120 (Baseline vs Tier2Combined): 0-1 {Black wins by adjudication}
Score of Tier2Combined vs Baseline: 48 - 48 - 33  [0.500] 129
Started game 142 of 10000 (Baseline vs Tier2Combined)
Finished game 134 (Baseline vs Tier2Combined): 1-0 {White wins by adjudication}
Score of Tier2Combined vs Baseline: 48 - 49 - 33  [0.496] 130
Started game 143 of 10000 (Tier2Combined vs Baseline)
Finished game 131 (Tier2Combined vs Baseline): 1/2-1/2 {Draw by insufficient mating material}
Score of Tier2Combined vs Baseline: 48 - 49 - 34  [0.496] 131
Started game 144 of 10000 (Baseline vs Tier2Combined)
Finished game 130 (Baseline vs Tier2Combined): 1-0 {White wins by adjudication}
Score of Tier2Combined vs Baseline: 48 - 50 - 34  [0.492] 132
Started game 145 of 10000 (Tier2Combined vs Baseline)
Finished game 132 (Baseline vs Tier2Combined): 0-1 {Black wins by adjudication}
Score of Tier2Combined vs Baseline: 49 - 50 - 34  [0.496] 133
Started game 146 of 10000 (Baseline vs Tier2Combined)
Finished game 136 (Baseline vs Tier2Combined): 1-0 {White wins by adjudication}
Score of Tier2Combined vs Baseline: 49 - 51 - 34  [0.493] 134
Started game 147 of 10000 (Tier2Combined vs Baseline)
Finished game 139 (Tier2Combined vs Baseline): 1/2-1/2 {Draw by insufficient mating material}
Score of Tier2Combined vs Baseline: 49 - 51 - 35  [0.493] 135
Started game 148 of 10000 (Baseline vs Tier2Combined)
Finished game 138 (Baseline vs Tier2Combined): 0-1 {Black wins by adjudication}
Score of Tier2Combined vs Baseline: 50 - 51 - 35  [0.496] 136
Started game 149 of 10000 (Tier2Combined vs Baseline)
Finished game 133 (Tier2Combined vs Baseline): 1-0 {White wins by adjudication}
Score of Tier2Combined vs Baseline: 51 - 51 - 35  [0.500] 137
Started game 150 of 10000 (Baseline vs Tier2Combined)
Finished game 137 (Tier2Combined vs Baseline): 1-0 {White wins by adjudication}
Score of Tier2Combined vs Baseline: 52 - 51 - 35  [0.504] 138
Started game 151 of 10000 (Tier2Combined vs Baseline)
Finished game 142 (Baseline vs Tier2Combined): 1-0 {White wins by adjudication}
Score of Tier2Combined vs Baseline: 52 - 52 - 35  [0.500] 139
Started game 152 of 10000 (Baseline vs Tier2Combined)
Finished game 135 (Tier2Combined vs Baseline): 1-0 {White mates}
Score of Tier2Combined vs Baseline: 53 - 52 - 35  [0.504] 140
Started game 153 of 10000 (Tier2Combined vs Baseline)
Finished game 141 (Tier2Combined vs Baseline): 1-0 {White wins by adjudication}
Score of Tier2Combined vs Baseline: 54 - 52 - 35  [0.507] 141
Started game 154 of 10000 (Baseline vs Tier2Combined)
Finished game 147 (Tier2Combined vs Baseline): 0-1 {Black wins by adjudication}
Score of Tier2Combined vs Baseline: 54 - 53 - 35  [0.504] 142
Started game 155 of 10000 (Tier2Combined vs Baseline)
Finished game 143 (Tier2Combined vs Baseline): 0-1 {Black wins by adjudication}
Score of Tier2Combined vs Baseline: 54 - 54 - 35  [0.500] 143
Started game 156 of 10000 (Baseline vs Tier2Combined)
Finished game 144 (Baseline vs Tier2Combined): 0-1 {Black wins by adjudication}
Score of Tier2Combined vs Baseline: 55 - 54 - 35  [0.503] 144
Started game 157 of 10000 (Tier2Combined vs Baseline)
Finished game 145 (Tier2Combined vs Baseline): 0-1 {Black wins by adjudication}
Score of Tier2Combined vs Baseline: 55 - 55 - 35  [0.500] 145
Started game 158 of 10000 (Baseline vs Tier2Combined)
Finished game 149 (Tier2Combined vs Baseline): 1-0 {White wins by adjudication}
Score of Tier2Combined vs Baseline: 56 - 55 - 35  [0.503] 146
Started game 159 of 10000 (Tier2Combined vs Baseline)
Finished game 150 (Baseline vs Tier2Combined): 1/2-1/2 {Draw by 3-fold repetition}
Score of Tier2Combined vs Baseline: 56 - 55 - 36  [0.503] 147
Started game 160 of 10000 (Baseline vs Tier2Combined)
Finished game 152 (Baseline vs Tier2Combined): 1-0 {White wins by adjudication}
Score of Tier2Combined vs Baseline: 56 - 56 - 36  [0.500] 148
Started game 161 of 10000 (Tier2Combined vs Baseline)
Finished game 148 (Baseline vs Tier2Combined): 1/2-1/2 {Draw by 3-fold repetition}
Score of Tier2Combined vs Baseline: 56 - 56 - 37  [0.500] 149
Started game 162 of 10000 (Baseline vs Tier2Combined)
Finished game 140 (Baseline vs Tier2Combined): 1-0 {White wins by adjudication}
Score of Tier2Combined vs Baseline: 56 - 57 - 37  [0.497] 150
Started game 163 of 10000 (Tier2Combined vs Baseline)
Finished game 151 (Tier2Combined vs Baseline): 1-0 {White wins by adjudication}
Score of Tier2Combined vs Baseline: 57 - 57 - 37  [0.500] 151
Started game 164 of 10000 (Baseline vs Tier2Combined)
Finished game 153 (Tier2Combined vs Baseline): 1/2-1/2 {Draw by 3-fold repetition}
Score of Tier2Combined vs Baseline: 57 - 57 - 38  [0.500] 152
Started game 165 of 10000 (Tier2Combined vs Baseline)
Finished game 154 (Baseline vs Tier2Combined): 1-0 {White wins by adjudication}
Score of Tier2Combined vs Baseline: 57 - 58 - 38  [0.497] 153
Started game 166 of 10000 (Baseline vs Tier2Combined)
Finished game 155 (Tier2Combined vs Baseline): 1-0 {White wins by adjudication}
Score of Tier2Combined vs Baseline: 58 - 58 - 38  [0.500] 154
Started game 167 of 10000 (Tier2Combined vs Baseline)
Finished game 156 (Baseline vs Tier2Combined): 1-0 {White wins by adjudication}
Score of Tier2Combined vs Baseline: 58 - 59 - 38  [0.497] 155
Started game 168 of 10000 (Baseline vs Tier2Combined)
Finished game 157 (Tier2Combined vs Baseline): 1-0 {White wins by adjudication}
Score of Tier2Combined vs Baseline: 59 - 59 - 38  [0.500] 156
Started game 169 of 10000 (Tier2Combined vs Baseline)
Finished game 159 (Tier2Combined vs Baseline): 0-1 {Black wins by adjudication}
Score of Tier2Combined vs Baseline: 59 - 60 - 38  [0.497] 157
Started game 170 of 10000 (Baseline vs Tier2Combined)
Finished game 161 (Tier2Combined vs Baseline): 1-0 {White wins by adjudication}
Score of Tier2Combined vs Baseline: 60 - 60 - 38  [0.500] 158
Started game 171 of 10000 (Tier2Combined vs Baseline)
Finished game 160 (Baseline vs Tier2Combined): 0-1 {Black wins by adjudication}
Score of Tier2Combined vs Baseline: 61 - 60 - 38  [0.503] 159
Started game 172 of 10000 (Baseline vs Tier2Combined)
Finished game 162 (Baseline vs Tier2Combined): 0-1 {Black wins by adjudication}
Score of Tier2Combined vs Baseline: 62 - 60 - 38  [0.506] 160
Started game 173 of 10000 (Tier2Combined vs Baseline)
Finished game 146 (Baseline vs Tier2Combined): 1/2-1/2 {Draw by fifty moves rule}
Score of Tier2Combined vs Baseline: 62 - 60 - 39  [0.506] 161
Started game 174 of 10000 (Baseline vs Tier2Combined)
Finished game 166 (Baseline vs Tier2Combined): 1/2-1/2 {Draw by 3-fold repetition}
Score of Tier2Combined vs Baseline: 62 - 60 - 40  [0.506] 162
Started game 175 of 10000 (Tier2Combined vs Baseline)
Finished game 158 (Baseline vs Tier2Combined): 1-0 {White mates}
Score of Tier2Combined vs Baseline: 62 - 61 - 40  [0.503] 163
Started game 176 of 10000 (Baseline vs Tier2Combined)
Finished game 163 (Tier2Combined vs Baseline): 1-0 {White wins by adjudication}
Score of Tier2Combined vs Baseline: 63 - 61 - 40  [0.506] 164
Started game 177 of 10000 (Tier2Combined vs Baseline)
Finished game 164 (Baseline vs Tier2Combined): 0-1 {Black wins by adjudication}
Score of Tier2Combined vs Baseline: 64 - 61 - 40  [0.509] 165
Started game 178 of 10000 (Baseline vs Tier2Combined)
Finished game 165 (Tier2Combined vs Baseline): 1-0 {White wins by adjudication}
Score of Tier2Combined vs Baseline: 65 - 61 - 40  [0.512] 166
Started game 179 of 10000 (Tier2Combined vs Baseline)
Finished game 167 (Tier2Combined vs Baseline): 1-0 {White wins by adjudication}
Score of Tier2Combined vs Baseline: 66 - 61 - 40  [0.515] 167
Started game 180 of 10000 (Baseline vs Tier2Combined)
Finished game 169 (Tier2Combined vs Baseline): 0-1 {Black mates}
Score of Tier2Combined vs Baseline: 66 - 62 - 40  [0.512] 168
Started game 181 of 10000 (Tier2Combined vs Baseline)
Finished game 174 (Baseline vs Tier2Combined): 1/2-1/2 {Draw by 3-fold repetition}
Score of Tier2Combined vs Baseline: 66 - 62 - 41  [0.512] 169
Started game 182 of 10000 (Baseline vs Tier2Combined)
Finished game 171 (Tier2Combined vs Baseline): 1-0 {White wins by adjudication}
Score of Tier2Combined vs Baseline: 67 - 62 - 41  [0.515] 170
Started game 183 of 10000 (Tier2Combined vs Baseline)
Finished game 170 (Baseline vs Tier2Combined): 0-1 {Black wins by adjudication}
Score of Tier2Combined vs Baseline: 68 - 62 - 41  [0.518] 171
Started game 184 of 10000 (Baseline vs Tier2Combined)
Finished game 172 (Baseline vs Tier2Combined): 1-0 {White wins by adjudication}
Score of Tier2Combined vs Baseline: 68 - 63 - 41  [0.515] 172
Started game 185 of 10000 (Tier2Combined vs Baseline)
Finished game 168 (Baseline vs Tier2Combined): 1-0 {White wins by adjudication}
Score of Tier2Combined vs Baseline: 68 - 64 - 41  [0.512] 173
Started game 186 of 10000 (Baseline vs Tier2Combined)
Finished game 173 (Tier2Combined vs Baseline): 1-0 {White wins by adjudication}
Score of Tier2Combined vs Baseline: 69 - 64 - 41  [0.514] 174
Started game 187 of 10000 (Tier2Combined vs Baseline)
Finished game 176 (Baseline vs Tier2Combined): 0-1 {Black wins by adjudication}
Score of Tier2Combined vs Baseline: 70 - 64 - 41  [0.517] 175
Started game 188 of 10000 (Baseline vs Tier2Combined)
Finished game 177 (Tier2Combined vs Baseline): 1-0 {White wins by adjudication}
Score of Tier2Combined vs Baseline: 71 - 64 - 41  [0.520] 176
Started game 189 of 10000 (Tier2Combined vs Baseline)
Finished game 178 (Baseline vs Tier2Combined): 1/2-1/2 {Draw by insufficient mating material}
Score of Tier2Combined vs Baseline: 71 - 64 - 42  [0.520] 177
Started game 190 of 10000 (Baseline vs Tier2Combined)
Finished game 175 (Tier2Combined vs Baseline): 0-1 {Black wins by adjudication}
Score of Tier2Combined vs Baseline: 71 - 65 - 42  [0.517] 178
Started game 191 of 10000 (Tier2Combined vs Baseline)
Finished game 191 (Tier2Combined vs Baseline): 1-0 {White mates}
Score of Tier2Combined vs Baseline: 72 - 65 - 42  [0.520] 179
Started game 192 of 10000 (Baseline vs Tier2Combined)
Finished game 192 (Baseline vs Tier2Combined): 1-0 {White mates}
Score of Tier2Combined vs Baseline: 72 - 66 - 42  [0.517] 180
Started game 193 of 10000 (Tier2Combined vs Baseline)
Finished game 179 (Tier2Combined vs Baseline): 1-0 {White mates}
Score of Tier2Combined vs Baseline: 73 - 66 - 42  [0.519] 181
Started game 194 of 10000 (Baseline vs Tier2Combined)
Finished game 180 (Baseline vs Tier2Combined): 1/2-1/2 {Draw by insufficient mating material}
Score of Tier2Combined vs Baseline: 73 - 66 - 43  [0.519] 182
Started game 195 of 10000 (Tier2Combined vs Baseline)
Finished game 186 (Baseline vs Tier2Combined): 0-1 {Black wins by adjudication}
Score of Tier2Combined vs Baseline: 74 - 66 - 43  [0.522] 183
Started game 196 of 10000 (Baseline vs Tier2Combined)
Finished game 181 (Tier2Combined vs Baseline): 1/2-1/2 {Draw by adjudication}
Score of Tier2Combined vs Baseline: 74 - 66 - 44  [0.522] 184
Started game 197 of 10000 (Tier2Combined vs Baseline)
Finished game 187 (Tier2Combined vs Baseline): 1-0 {White wins by adjudication}
Score of Tier2Combined vs Baseline: 75 - 66 - 44  [0.524] 185
Started game 198 of 10000 (Baseline vs Tier2Combined)
Finished game 185 (Tier2Combined vs Baseline): 1-0 {White wins by adjudication}
Score of Tier2Combined vs Baseline: 76 - 66 - 44  [0.527] 186
Started game 199 of 10000 (Tier2Combined vs Baseline)
Finished game 183 (Tier2Combined vs Baseline): 1/2-1/2 {Draw by 3-fold repetition}
Score of Tier2Combined vs Baseline: 76 - 66 - 45  [0.527] 187
Started game 200 of 10000 (Baseline vs Tier2Combined)
Finished game 188 (Baseline vs Tier2Combined): 1/2-1/2 {Draw by insufficient mating material}
Score of Tier2Combined vs Baseline: 76 - 66 - 46  [0.527] 188
Started game 201 of 10000 (Tier2Combined vs Baseline)
Finished game 182 (Baseline vs Tier2Combined): 1/2-1/2 {Draw by fifty moves rule}
Score of Tier2Combined vs Baseline: 76 - 66 - 47  [0.526] 189
Started game 202 of 10000 (Baseline vs Tier2Combined)
Finished game 184 (Baseline vs Tier2Combined): 1/2-1/2 {Draw by fifty moves rule}
Score of Tier2Combined vs Baseline: 76 - 66 - 48  [0.526] 190
Started game 203 of 10000 (Tier2Combined vs Baseline)
Finished game 194 (Baseline vs Tier2Combined): 1-0 {White wins by adjudication}
Score of Tier2Combined vs Baseline: 76 - 67 - 48  [0.524] 191
Started game 204 of 10000 (Baseline vs Tier2Combined)
Finished game 189 (Tier2Combined vs Baseline): 1-0 {White wins by adjudication}
Score of Tier2Combined vs Baseline: 77 - 67 - 48  [0.526] 192
Started game 205 of 10000 (Tier2Combined vs Baseline)
Finished game 193 (Tier2Combined vs Baseline): 1/2-1/2 {Draw by 3-fold repetition}
Score of Tier2Combined vs Baseline: 77 - 67 - 49  [0.526] 193
Started game 206 of 10000 (Baseline vs Tier2Combined)
Finished game 190 (Baseline vs Tier2Combined): 0-1 {Black wins by adjudication}
Score of Tier2Combined vs Baseline: 78 - 67 - 49  [0.528] 194
Started game 207 of 10000 (Tier2Combined vs Baseline)
Finished game 196 (Baseline vs Tier2Combined): 0-1 {Black wins by adjudication}
Score of Tier2Combined vs Baseline: 79 - 67 - 49  [0.531] 195
Started game 208 of 10000 (Baseline vs Tier2Combined)
Finished game 198 (Baseline vs Tier2Combined): 0-1 {Black wins by adjudication}
Score of Tier2Combined vs Baseline: 80 - 67 - 49  [0.533] 196
Started game 209 of 10000 (Tier2Combined vs Baseline)
Finished game 195 (Tier2Combined vs Baseline): 1-0 {White wins by adjudication}
Score of Tier2Combined vs Baseline: 81 - 67 - 49  [0.536] 197
Started game 210 of 10000 (Baseline vs Tier2Combined)
Finished game 197 (Tier2Combined vs Baseline): 0-1 {Black wins by adjudication}
Score of Tier2Combined vs Baseline: 81 - 68 - 49  [0.533] 198
Started game 211 of 10000 (Tier2Combined vs Baseline)
Finished game 206 (Baseline vs Tier2Combined): 1/2-1/2 {Draw by 3-fold repetition}
Score of Tier2Combined vs Baseline: 81 - 68 - 50  [0.533] 199
Started game 212 of 10000 (Baseline vs Tier2Combined)
Finished game 199 (Tier2Combined vs Baseline): 0-1 {Black wins by adjudication}
Score of Tier2Combined vs Baseline: 81 - 69 - 50  [0.530] 200
Started game 213 of 10000 (Tier2Combined vs Baseline)
Finished game 201 (Tier2Combined vs Baseline): 0-1 {Black wins by adjudication}
Score of Tier2Combined vs Baseline: 81 - 70 - 50  [0.527] 201
Started game 214 of 10000 (Baseline vs Tier2Combined)
Finished game 200 (Baseline vs Tier2Combined): 1-0 {White wins by adjudication}
Score of Tier2Combined vs Baseline: 81 - 71 - 50  [0.525] 202
Started game 215 of 10000 (Tier2Combined vs Baseline)
Finished game 204 (Baseline vs Tier2Combined): 0-1 {Black wins by adjudication}
Score of Tier2Combined vs Baseline: 82 - 71 - 50  [0.527] 203
Started game 216 of 10000 (Baseline vs Tier2Combined)
Finished game 205 (Tier2Combined vs Baseline): 1/2-1/2 {Draw by insufficient mating material}
Score of Tier2Combined vs Baseline: 82 - 71 - 51  [0.527] 204
Started game 217 of 10000 (Tier2Combined vs Baseline)
Finished game 209 (Tier2Combined vs Baseline): 0-1 {Black wins by adjudication}
Score of Tier2Combined vs Baseline: 82 - 72 - 51  [0.524] 205
Started game 218 of 10000 (Baseline vs Tier2Combined)
Finished game 210 (Baseline vs Tier2Combined): 1-0 {White wins by adjudication}
Score of Tier2Combined vs Baseline: 82 - 73 - 51  [0.522] 206
Started game 219 of 10000 (Tier2Combined vs Baseline)
Finished game 202 (Baseline vs Tier2Combined): 1-0 {White wins by adjudication}
Score of Tier2Combined vs Baseline: 82 - 74 - 51  [0.519] 207
Started game 220 of 10000 (Baseline vs Tier2Combined)
Finished game 211 (Tier2Combined vs Baseline): 1-0 {White wins by adjudication}
Score of Tier2Combined vs Baseline: 83 - 74 - 51  [0.522] 208
Started game 221 of 10000 (Tier2Combined vs Baseline)
Finished game 212 (Baseline vs Tier2Combined): 0-1 {Black wins by adjudication}
Score of Tier2Combined vs Baseline: 84 - 74 - 51  [0.524] 209
Started game 222 of 10000 (Baseline vs Tier2Combined)
Finished game 214 (Baseline vs Tier2Combined): 1-0 {White wins by adjudication}
Score of Tier2Combined vs Baseline: 84 - 75 - 51  [0.521] 210
Started game 223 of 10000 (Tier2Combined vs Baseline)
Finished game 213 (Tier2Combined vs Baseline): 0-1 {Black wins by adjudication}
Score of Tier2Combined vs Baseline: 84 - 76 - 51  [0.519] 211
Started game 224 of 10000 (Baseline vs Tier2Combined)
Finished game 216 (Baseline vs Tier2Combined): 1/2-1/2 {Draw by 3-fold repetition}
Score of Tier2Combined vs Baseline: 84 - 76 - 52  [0.519] 212
Started game 225 of 10000 (Tier2Combined vs Baseline)
Finished game 207 (Tier2Combined vs Baseline): 1/2-1/2 {Draw by insufficient mating material}
Score of Tier2Combined vs Baseline: 84 - 76 - 53  [0.519] 213
Started game 226 of 10000 (Baseline vs Tier2Combined)
Finished game 215 (Tier2Combined vs Baseline): 1-0 {White wins by adjudication}
Score of Tier2Combined vs Baseline: 85 - 76 - 53  [0.521] 214
Started game 227 of 10000 (Tier2Combined vs Baseline)
Finished game 203 (Tier2Combined vs Baseline): 0-1 {Black wins by adjudication}
Score of Tier2Combined vs Baseline: 85 - 77 - 53  [0.519] 215
Started game 228 of 10000 (Baseline vs Tier2Combined)
Finished game 208 (Baseline vs Tier2Combined): 1/2-1/2 {Draw by fifty moves rule}
Score of Tier2Combined vs Baseline: 85 - 77 - 54  [0.519] 216
Started game 229 of 10000 (Tier2Combined vs Baseline)
Finished game 218 (Baseline vs Tier2Combined): 1/2-1/2 {Draw by 3-fold repetition}
Score of Tier2Combined vs Baseline: 85 - 77 - 55  [0.518] 217
Started game 230 of 10000 (Baseline vs Tier2Combined)
Finished game 219 (Tier2Combined vs Baseline): 1-0 {White wins by adjudication}
Score of Tier2Combined vs Baseline: 86 - 77 - 55  [0.521] 218
Started game 231 of 10000 (Tier2Combined vs Baseline)
Finished game 217 (Tier2Combined vs Baseline): 0-1 {Black wins by adjudication}
Score of Tier2Combined vs Baseline: 86 - 78 - 55  [0.518] 219
Started game 232 of 10000 (Baseline vs Tier2Combined)
Finished game 220 (Baseline vs Tier2Combined): 0-1 {Black wins by adjudication}
Score of Tier2Combined vs Baseline: 87 - 78 - 55  [0.520] 220
Started game 233 of 10000 (Tier2Combined vs Baseline)
Finished game 222 (Baseline vs Tier2Combined): 1-0 {White wins by adjudication}
Score of Tier2Combined vs Baseline: 87 - 79 - 55  [0.518] 221
Started game 234 of 10000 (Baseline vs Tier2Combined)
Finished game 221 (Tier2Combined vs Baseline): 1-0 {White wins by adjudication}
Score of Tier2Combined vs Baseline: 88 - 79 - 55  [0.520] 222
Started game 235 of 10000 (Tier2Combined vs Baseline)
Finished game 225 (Tier2Combined vs Baseline): 0-1 {Black wins by adjudication}
Score of Tier2Combined vs Baseline: 88 - 80 - 55  [0.518] 223
Started game 236 of 10000 (Baseline vs Tier2Combined)
Finished game 227 (Tier2Combined vs Baseline): 1-0 {White wins by adjudication}
Score of Tier2Combined vs Baseline: 89 - 80 - 55  [0.520] 224
Started game 237 of 10000 (Tier2Combined vs Baseline)
Finished game 223 (Tier2Combined vs Baseline): 1/2-1/2 {Draw by insufficient mating material}
Score of Tier2Combined vs Baseline: 89 - 80 - 56  [0.520] 225
Started game 238 of 10000 (Baseline vs Tier2Combined)
Finished game 228 (Baseline vs Tier2Combined): 1-0 {White wins by adjudication}
Score of Tier2Combined vs Baseline: 89 - 81 - 56  [0.518] 226
Started game 239 of 10000 (Tier2Combined vs Baseline)
Finished game 224 (Baseline vs Tier2Combined): 1-0 {White wins by adjudication}
Score of Tier2Combined vs Baseline: 89 - 82 - 56  [0.515] 227
Started game 240 of 10000 (Baseline vs Tier2Combined)
Finished game 229 (Tier2Combined vs Baseline): 1-0 {White wins by adjudication}
Score of Tier2Combined vs Baseline: 90 - 82 - 56  [0.518] 228
Started game 241 of 10000 (Tier2Combined vs Baseline)
Finished game 226 (Baseline vs Tier2Combined): 1/2-1/2 {Draw by insufficient mating material}
Score of Tier2Combined vs Baseline: 90 - 82 - 57  [0.517] 229
Started game 242 of 10000 (Baseline vs Tier2Combined)
Finished game 230 (Baseline vs Tier2Combined): 0-1 {Black wins by adjudication}
Score of Tier2Combined vs Baseline: 91 - 82 - 57  [0.520] 230
Started game 243 of 10000 (Tier2Combined vs Baseline)
Finished game 232 (Baseline vs Tier2Combined): 0-1 {Black wins by adjudication}
Score of Tier2Combined vs Baseline: 92 - 82 - 57  [0.522] 231
Started game 244 of 10000 (Baseline vs Tier2Combined)
Finished game 231 (Tier2Combined vs Baseline): 1/2-1/2 {Draw by insufficient mating material}
Score of Tier2Combined vs Baseline: 92 - 82 - 58  [0.522] 232
Started game 245 of 10000 (Tier2Combined vs Baseline)
Finished game 234 (Baseline vs Tier2Combined): 1-0 {White wins by adjudication}
Score of Tier2Combined vs Baseline: 92 - 83 - 58  [0.519] 233
Started game 246 of 10000 (Baseline vs Tier2Combined)
Finished game 233 (Tier2Combined vs Baseline): 1-0 {White wins by adjudication}
Score of Tier2Combined vs Baseline: 93 - 83 - 58  [0.521] 234
Started game 247 of 10000 (Tier2Combined vs Baseline)
Finished game 236 (Baseline vs Tier2Combined): 1-0 {White wins by adjudication}
Score of Tier2Combined vs Baseline: 93 - 84 - 58  [0.519] 235
Started game 248 of 10000 (Baseline vs Tier2Combined)
Finished game 240 (Baseline vs Tier2Combined): 1-0 {White wins by adjudication}
Score of Tier2Combined vs Baseline: 93 - 85 - 58  [0.517] 236
Started game 249 of 10000 (Tier2Combined vs Baseline)
Finished game 238 (Baseline vs Tier2Combined): 0-1 {Black wins by adjudication}
Score of Tier2Combined vs Baseline: 94 - 85 - 58  [0.519] 237
Started game 250 of 10000 (Baseline vs Tier2Combined)
Finished game 239 (Tier2Combined vs Baseline): 0-1 {Black wins by adjudication}
Score of Tier2Combined vs Baseline: 94 - 86 - 58  [0.517] 238
Started game 251 of 10000 (Tier2Combined vs Baseline)
Finished game 237 (Tier2Combined vs Baseline): 0-1 {Black wins by adjudication}
Score of Tier2Combined vs Baseline: 94 - 87 - 58  [0.515] 239
Started game 252 of 10000 (Baseline vs Tier2Combined)
Finished game 241 (Tier2Combined vs Baseline): 0-1 {Black wins by adjudication}
Score of Tier2Combined vs Baseline: 94 - 88 - 58  [0.512] 240
Started game 253 of 10000 (Tier2Combined vs Baseline)
Finished game 247 (Tier2Combined vs Baseline): 1/2-1/2 {Draw by 3-fold repetition}
Score of Tier2Combined vs Baseline: 94 - 88 - 59  [0.512] 241
Started game 254 of 10000 (Baseline vs Tier2Combined)
Finished game 244 (Baseline vs Tier2Combined): 1-0 {White wins by adjudication}
Score of Tier2Combined vs Baseline: 94 - 89 - 59  [0.510] 242
Started game 255 of 10000 (Tier2Combined vs Baseline)
Finished game 235 (Tier2Combined vs Baseline): 1-0 {White wins by adjudication}
Score of Tier2Combined vs Baseline: 95 - 89 - 59  [0.512] 243
Started game 256 of 10000 (Baseline vs Tier2Combined)
Finished game 242 (Baseline vs Tier2Combined): 0-1 {Black wins by adjudication}
Score of Tier2Combined vs Baseline: 96 - 89 - 59  [0.514] 244
Started game 257 of 10000 (Tier2Combined vs Baseline)
Finished game 243 (Tier2Combined vs Baseline): 0-1 {Black wins by adjudication}
Score of Tier2Combined vs Baseline: 96 - 90 - 59  [0.512] 245
Started game 258 of 10000 (Baseline vs Tier2Combined)
Finished game 248 (Baseline vs Tier2Combined): 1-0 {White wins by adjudication}
Score of Tier2Combined vs Baseline: 96 - 91 - 59  [0.510] 246
Started game 259 of 10000 (Tier2Combined vs Baseline)
Finished game 245 (Tier2Combined vs Baseline): 0-1 {Black wins by adjudication}
Score of Tier2Combined vs Baseline: 96 - 92 - 59  [0.508] 247
Started game 260 of 10000 (Baseline vs Tier2Combined)
Finished game 253 (Tier2Combined vs Baseline): 1/2-1/2 {Draw by 3-fold repetition}
Score of Tier2Combined vs Baseline: 96 - 92 - 60  [0.508] 248
Started game 261 of 10000 (Tier2Combined vs Baseline)
Finished game 252 (Baseline vs Tier2Combined): 1-0 {White wins by adjudication}
Score of Tier2Combined vs Baseline: 96 - 93 - 60  [0.506] 249
Started game 262 of 10000 (Baseline vs Tier2Combined)
Finished game 246 (Baseline vs Tier2Combined): 1/2-1/2 {Draw by stalemate}
Score of Tier2Combined vs Baseline: 96 - 93 - 61  [0.506] 250
Started game 263 of 10000 (Tier2Combined vs Baseline)
Finished game 250 (Baseline vs Tier2Combined): 0-1 {Black wins by adjudication}
Score of Tier2Combined vs Baseline: 97 - 93 - 61  [0.508] 251
Started game 264 of 10000 (Baseline vs Tier2Combined)
Finished game 249 (Tier2Combined vs Baseline): 0-1 {Black wins by adjudication}
Score of Tier2Combined vs Baseline: 97 - 94 - 61  [0.506] 252
Started game 265 of 10000 (Tier2Combined vs Baseline)
Finished game 251 (Tier2Combined vs Baseline): 1-0 {White wins by adjudication}
Score of Tier2Combined vs Baseline: 98 - 94 - 61  [0.508] 253
Started game 266 of 10000 (Baseline vs Tier2Combined)
Finished game 256 (Baseline vs Tier2Combined): 1-0 {White wins by adjudication}
Score of Tier2Combined vs Baseline: 98 - 95 - 61  [0.506] 254
Started game 267 of 10000 (Tier2Combined vs Baseline)
Finished game 255 (Tier2Combined vs Baseline): 0-1 {Black wins by adjudication}
Score of Tier2Combined vs Baseline: 98 - 96 - 61  [0.504] 255
Started game 268 of 10000 (Baseline vs Tier2Combined)
Finished game 258 (Baseline vs Tier2Combined): 0-1 {Black wins by adjudication}
Score of Tier2Combined vs Baseline: 99 - 96 - 61  [0.506] 256
Started game 269 of 10000 (Tier2Combined vs Baseline)
Finished game 259 (Tier2Combined vs Baseline): 1-0 {White wins by adjudication}
Score of Tier2Combined vs Baseline: 100 - 96 - 61  [0.508] 257
Started game 270 of 10000 (Baseline vs Tier2Combined)
Finished game 254 (Baseline vs Tier2Combined): 0-1 {Black wins by adjudication}
Score of Tier2Combined vs Baseline: 101 - 96 - 61  [0.510] 258
Started game 271 of 10000 (Tier2Combined vs Baseline)
Finished game 260 (Baseline vs Tier2Combined): 0-1 {Black wins by adjudication}
Score of Tier2Combined vs Baseline: 102 - 96 - 61  [0.512] 259
Started game 272 of 10000 (Baseline vs Tier2Combined)
Finished game 257 (Tier2Combined vs Baseline): 1/2-1/2 {Draw by adjudication}
Score of Tier2Combined vs Baseline: 102 - 96 - 62  [0.512] 260
Started game 273 of 10000 (Tier2Combined vs Baseline)
Finished game 262 (Baseline vs Tier2Combined): 1-0 {White wins by adjudication}
Score of Tier2Combined vs Baseline: 102 - 97 - 62  [0.510] 261
Started game 274 of 10000 (Baseline vs Tier2Combined)
Finished game 261 (Tier2Combined vs Baseline): 1/2-1/2 {Draw by adjudication}
Score of Tier2Combined vs Baseline: 102 - 97 - 63  [0.510] 262
Started game 275 of 10000 (Tier2Combined vs Baseline)
Finished game 266 (Baseline vs Tier2Combined): 1-0 {White wins by adjudication}
Score of Tier2Combined vs Baseline: 102 - 98 - 63  [0.508] 263
Started game 276 of 10000 (Baseline vs Tier2Combined)
Finished game 264 (Baseline vs Tier2Combined): 1-0 {White wins by adjudication}
Score of Tier2Combined vs Baseline: 102 - 99 - 63  [0.506] 264
Started game 277 of 10000 (Tier2Combined vs Baseline)
Finished game 263 (Tier2Combined vs Baseline): 1/2-1/2 {Draw by insufficient mating material}
Score of Tier2Combined vs Baseline: 102 - 99 - 64  [0.506] 265
Started game 278 of 10000 (Baseline vs Tier2Combined)
Finished game 267 (Tier2Combined vs Baseline): 1-0 {White wins by adjudication}
Score of Tier2Combined vs Baseline: 103 - 99 - 64  [0.508] 266
Started game 279 of 10000 (Tier2Combined vs Baseline)
Finished game 269 (Tier2Combined vs Baseline): 1/2-1/2 {Draw by 3-fold repetition}
Score of Tier2Combined vs Baseline: 103 - 99 - 65  [0.507] 267
Started game 280 of 10000 (Baseline vs Tier2Combined)
Finished game 274 (Baseline vs Tier2Combined): 1/2-1/2 {Draw by 3-fold repetition}
Score of Tier2Combined vs Baseline: 103 - 99 - 66  [0.507] 268
Started game 281 of 10000 (Tier2Combined vs Baseline)
Finished game 265 (Tier2Combined vs Baseline): 1/2-1/2 {Draw by insufficient mating material}
Score of Tier2Combined vs Baseline: 103 - 99 - 67  [0.507] 269
Started game 282 of 10000 (Baseline vs Tier2Combined)
Finished game 268 (Baseline vs Tier2Combined): 0-1 {Black wins by adjudication}
Score of Tier2Combined vs Baseline: 104 - 99 - 67  [0.509] 270
Started game 283 of 10000 (Tier2Combined vs Baseline)
Finished game 270 (Baseline vs Tier2Combined): 1-0 {White wins by adjudication}
Score of Tier2Combined vs Baseline: 104 - 100 - 67  [0.507] 271
Started game 284 of 10000 (Baseline vs Tier2Combined)
Finished game 273 (Tier2Combined vs Baseline): 1/2-1/2 {Draw by 3-fold repetition}
Score of Tier2Combined vs Baseline: 104 - 100 - 68  [0.507] 272
Started game 285 of 10000 (Tier2Combined vs Baseline)
Finished game 271 (Tier2Combined vs Baseline): 1/2-1/2 {Draw by insufficient mating material}
Score of Tier2Combined vs Baseline: 104 - 100 - 69  [0.507] 273
Started game 286 of 10000 (Baseline vs Tier2Combined)
Finished game 272 (Baseline vs Tier2Combined): 0-1 {Black wins by adjudication}
Score of Tier2Combined vs Baseline: 105 - 100 - 69  [0.509] 274
Started game 287 of 10000 (Tier2Combined vs Baseline)
Finished game 277 (Tier2Combined vs Baseline): 1-0 {White wins by adjudication}
Score of Tier2Combined vs Baseline: 106 - 100 - 69  [0.511] 275
Started game 288 of 10000 (Baseline vs Tier2Combined)
Finished game 276 (Baseline vs Tier2Combined): 0-1 {Black wins by adjudication}
Score of Tier2Combined vs Baseline: 107 - 100 - 69  [0.513] 276
Started game 289 of 10000 (Tier2Combined vs Baseline)
Finished game 275 (Tier2Combined vs Baseline): 1-0 {White wins by adjudication}
Score of Tier2Combined vs Baseline: 108 - 100 - 69  [0.514] 277
Started game 290 of 10000 (Baseline vs Tier2Combined)
Finished game 279 (Tier2Combined vs Baseline): 1/2-1/2 {Draw by insufficient mating material}
Score of Tier2Combined vs Baseline: 108 - 100 - 70  [0.514] 278
Started game 291 of 10000 (Tier2Combined vs Baseline)
Finished game 278 (Baseline vs Tier2Combined): 1-0 {White wins by adjudication}
Score of Tier2Combined vs Baseline: 108 - 101 - 70  [0.513] 279
Started game 292 of 10000 (Baseline vs Tier2Combined)
Finished game 289 (Tier2Combined vs Baseline): 1-0 {White wins by adjudication}
Score of Tier2Combined vs Baseline: 109 - 101 - 70  [0.514] 280
Started game 293 of 10000 (Tier2Combined vs Baseline)
Finished game 281 (Tier2Combined vs Baseline): 1-0 {White wins by adjudication}
Score of Tier2Combined vs Baseline: 110 - 101 - 70  [0.516] 281
Started game 294 of 10000 (Baseline vs Tier2Combined)
Finished game 280 (Baseline vs Tier2Combined): 1-0 {White mates}
Score of Tier2Combined vs Baseline: 110 - 102 - 70  [0.514] 282
Started game 295 of 10000 (Tier2Combined vs Baseline)
Finished game 283 (Tier2Combined vs Baseline): 0-1 {Black wins by adjudication}
Score of Tier2Combined vs Baseline: 110 - 103 - 70  [0.512] 283
Started game 296 of 10000 (Baseline vs Tier2Combined)
Finished game 284 (Baseline vs Tier2Combined): 0-1 {Black wins by adjudication}
Score of Tier2Combined vs Baseline: 111 - 103 - 70  [0.514] 284
Started game 297 of 10000 (Tier2Combined vs Baseline)
Finished game 282 (Baseline vs Tier2Combined): 1-0 {White wins by adjudication}
Score of Tier2Combined vs Baseline: 111 - 104 - 70  [0.512] 285
Started game 298 of 10000 (Baseline vs Tier2Combined)
Finished game 285 (Tier2Combined vs Baseline): 0-1 {Black wins by adjudication}
Score of Tier2Combined vs Baseline: 111 - 105 - 70  [0.510] 286
Started game 299 of 10000 (Tier2Combined vs Baseline)
Finished game 288 (Baseline vs Tier2Combined): 0-1 {Black wins by adjudication}
Score of Tier2Combined vs Baseline: 112 - 105 - 70  [0.512] 287
Started game 300 of 10000 (Baseline vs Tier2Combined)
Finished game 292 (Baseline vs Tier2Combined): 1/2-1/2 {Draw by 3-fold repetition}
Score of Tier2Combined vs Baseline: 112 - 105 - 71  [0.512] 288
Started game 301 of 10000 (Tier2Combined vs Baseline)
Finished game 291 (Tier2Combined vs Baseline): 1-0 {White wins by adjudication}
Score of Tier2Combined vs Baseline: 113 - 105 - 71  [0.514] 289
Started game 302 of 10000 (Baseline vs Tier2Combined)
Finished game 293 (Tier2Combined vs Baseline): 1-0 {White wins by adjudication}
Score of Tier2Combined vs Baseline: 114 - 105 - 71  [0.516] 290
Started game 303 of 10000 (Tier2Combined vs Baseline)
Finished game 287 (Tier2Combined vs Baseline): 1/2-1/2 {Draw by stalemate}
Score of Tier2Combined vs Baseline: 114 - 105 - 72  [0.515] 291
Started game 304 of 10000 (Baseline vs Tier2Combined)
Finished game 286 (Baseline vs Tier2Combined): 0-1 {Black wins by adjudication}
Score of Tier2Combined vs Baseline: 115 - 105 - 72  [0.517] 292
Started game 305 of 10000 (Tier2Combined vs Baseline)
Finished game 290 (Baseline vs Tier2Combined): 1-0 {White wins by adjudication}
Score of Tier2Combined vs Baseline: 115 - 106 - 72  [0.515] 293
Started game 306 of 10000 (Baseline vs Tier2Combined)
Finished game 295 (Tier2Combined vs Baseline): 0-1 {Black wins by adjudication}
Score of Tier2Combined vs Baseline: 115 - 107 - 72  [0.514] 294
Started game 307 of 10000 (Tier2Combined vs Baseline)
Finished game 294 (Baseline vs Tier2Combined): 1-0 {White wins by adjudication}
Score of Tier2Combined vs Baseline: 115 - 108 - 72  [0.512] 295
Started game 308 of 10000 (Baseline vs Tier2Combined)
Finished game 298 (Baseline vs Tier2Combined): 1-0 {White wins by adjudication}
Score of Tier2Combined vs Baseline: 115 - 109 - 72  [0.510] 296
Started game 309 of 10000 (Tier2Combined vs Baseline)
Finished game 299 (Tier2Combined vs Baseline): 1-0 {White wins by adjudication}
Score of Tier2Combined vs Baseline: 116 - 109 - 72  [0.512] 297
Started game 310 of 10000 (Baseline vs Tier2Combined)
Finished game 308 (Baseline vs Tier2Combined): 1/2-1/2 {Draw by 3-fold repetition}
Score of Tier2Combined vs Baseline: 116 - 109 - 73  [0.512] 298
Started game 311 of 10000 (Tier2Combined vs Baseline)
Finished game 297 (Tier2Combined vs Baseline): 1/2-1/2 {Draw by insufficient mating material}
Score of Tier2Combined vs Baseline: 116 - 109 - 74  [0.512] 299
Started game 312 of 10000 (Baseline vs Tier2Combined)
Finished game 301 (Tier2Combined vs Baseline): 1-0 {White wins by adjudication}
Score of Tier2Combined vs Baseline: 117 - 109 - 74  [0.513] 300
Started game 313 of 10000 (Tier2Combined vs Baseline)
Finished game 296 (Baseline vs Tier2Combined): 1/2-1/2 {Draw by fifty moves rule}
Score of Tier2Combined vs Baseline: 117 - 109 - 75  [0.513] 301
Started game 314 of 10000 (Baseline vs Tier2Combined)
Finished game 302 (Baseline vs Tier2Combined): 1-0 {White wins by adjudication}
Score of Tier2Combined vs Baseline: 117 - 110 - 75  [0.512] 302
Started game 315 of 10000 (Tier2Combined vs Baseline)
Finished game 306 (Baseline vs Tier2Combined): 0-1 {Black wins by adjudication}
Score of Tier2Combined vs Baseline: 118 - 110 - 75  [0.513] 303
Started game 316 of 10000 (Baseline vs Tier2Combined)
Finished game 303 (Tier2Combined vs Baseline): 1/2-1/2 {Draw by insufficient mating material}
Score of Tier2Combined vs Baseline: 118 - 110 - 76  [0.513] 304
Started game 317 of 10000 (Tier2Combined vs Baseline)
Finished game 309 (Tier2Combined vs Baseline): 1/2-1/2 {Draw by 3-fold repetition}
Score of Tier2Combined vs Baseline: 118 - 110 - 77  [0.513] 305
Started game 318 of 10000 (Baseline vs Tier2Combined)
Finished game 310 (Baseline vs Tier2Combined): 1/2-1/2 {Draw by 3-fold repetition}
Score of Tier2Combined vs Baseline: 118 - 110 - 78  [0.513] 306
Started game 319 of 10000 (Tier2Combined vs Baseline)
Finished game 300 (Baseline vs Tier2Combined): 1/2-1/2 {Draw by fifty moves rule}
Score of Tier2Combined vs Baseline: 118 - 110 - 79  [0.513] 307
Started game 320 of 10000 (Baseline vs Tier2Combined)
Finished game 307 (Tier2Combined vs Baseline): 1-0 {White mates}
Score of Tier2Combined vs Baseline: 119 - 110 - 79  [0.515] 308
Started game 321 of 10000 (Tier2Combined vs Baseline)
Finished game 311 (Tier2Combined vs Baseline): 1-0 {White wins by adjudication}
Score of Tier2Combined vs Baseline: 120 - 110 - 79  [0.516] 309
Started game 322 of 10000 (Baseline vs Tier2Combined)
Finished game 312 (Baseline vs Tier2Combined): 1/2-1/2 {Draw by insufficient mating material}
Score of Tier2Combined vs Baseline: 120 - 110 - 80  [0.516] 310
Started game 323 of 10000 (Tier2Combined vs Baseline)
Finished game 305 (Tier2Combined vs Baseline): 1/2-1/2 {Draw by insufficient mating material}
Score of Tier2Combined vs Baseline: 120 - 110 - 81  [0.516] 311
Started game 324 of 10000 (Baseline vs Tier2Combined)
Finished game 315 (Tier2Combined vs Baseline): 1-0 {White wins by adjudication}
Score of Tier2Combined vs Baseline: 121 - 110 - 81  [0.518] 312
Started game 325 of 10000 (Tier2Combined vs Baseline)
Finished game 304 (Baseline vs Tier2Combined): 0-1 {Black mates}
Score of Tier2Combined vs Baseline: 122 - 110 - 81  [0.519] 313
Started game 326 of 10000 (Baseline vs Tier2Combined)
Finished game 313 (Tier2Combined vs Baseline): 1/2-1/2 {Draw by fifty moves rule}
Score of Tier2Combined vs Baseline: 122 - 110 - 82  [0.519] 314
Started game 327 of 10000 (Tier2Combined vs Baseline)
Finished game 317 (Tier2Combined vs Baseline): 0-1 {Black wins by adjudication}
Score of Tier2Combined vs Baseline: 122 - 111 - 82  [0.517] 315
Started game 328 of 10000 (Baseline vs Tier2Combined)
Finished game 314 (Baseline vs Tier2Combined): 0-1 {Black wins by adjudication}
Score of Tier2Combined vs Baseline: 123 - 111 - 82  [0.519] 316
Started game 329 of 10000 (Tier2Combined vs Baseline)
Finished game 316 (Baseline vs Tier2Combined): 0-1 {Black wins by adjudication}
Score of Tier2Combined vs Baseline: 124 - 111 - 82  [0.521] 317
Started game 330 of 10000 (Baseline vs Tier2Combined)
Finished game 318 (Baseline vs Tier2Combined): 1-0 {White wins by adjudication}
Score of Tier2Combined vs Baseline: 124 - 112 - 82  [0.519] 318
Started game 331 of 10000 (Tier2Combined vs Baseline)
Finished game 321 (Tier2Combined vs Baseline): 1-0 {White wins by adjudication}
Score of Tier2Combined vs Baseline: 125 - 112 - 82  [0.520] 319
Started game 332 of 10000 (Baseline vs Tier2Combined)
Finished game 319 (Tier2Combined vs Baseline): 1-0 {White wins by adjudication}
Score of Tier2Combined vs Baseline: 126 - 112 - 82  [0.522] 320
Started game 333 of 10000 (Tier2Combined vs Baseline)
Finished game 322 (Baseline vs Tier2Combined): 0-1 {Black wins by adjudication}
Score of Tier2Combined vs Baseline: 127 - 112 - 82  [0.523] 321
Started game 334 of 10000 (Baseline vs Tier2Combined)
Finished game 320 (Baseline vs Tier2Combined): 1/2-1/2 {Draw by adjudication}
Score of Tier2Combined vs Baseline: 127 - 112 - 83  [0.523] 322
Started game 335 of 10000 (Tier2Combined vs Baseline)
Finished game 325 (Tier2Combined vs Baseline): 1/2-1/2 {Draw by insufficient mating material}
Score of Tier2Combined vs Baseline: 127 - 112 - 84  [0.523] 323
Started game 336 of 10000 (Baseline vs Tier2Combined)
Finished game 323 (Tier2Combined vs Baseline): 0-1 {Black wins by adjudication}
Score of Tier2Combined vs Baseline: 127 - 113 - 84  [0.522] 324
Started game 337 of 10000 (Tier2Combined vs Baseline)
Finished game 324 (Baseline vs Tier2Combined): 0-1 {Black wins by adjudication}
Score of Tier2Combined vs Baseline: 128 - 113 - 84  [0.523] 325
Started game 338 of 10000 (Baseline vs Tier2Combined)
Finished game 326 (Baseline vs Tier2Combined): 0-1 {Black wins by adjudication}
Score of Tier2Combined vs Baseline: 129 - 113 - 84  [0.525] 326
Started game 339 of 10000 (Tier2Combined vs Baseline)
Finished game 329 (Tier2Combined vs Baseline): 0-1 {Black wins by adjudication}
Score of Tier2Combined vs Baseline: 129 - 114 - 84  [0.523] 327
Started game 340 of 10000 (Baseline vs Tier2Combined)
Finished game 330 (Baseline vs Tier2Combined): 0-1 {Black wins by adjudication}
Score of Tier2Combined vs Baseline: 130 - 114 - 84  [0.524] 328
Started game 341 of 10000 (Tier2Combined vs Baseline)
Finished game 327 (Tier2Combined vs Baseline): 0-1 {Black wins by adjudication}
Score of Tier2Combined vs Baseline: 130 - 115 - 84  [0.523] 329
Started game 342 of 10000 (Baseline vs Tier2Combined)
Finished game 332 (Baseline vs Tier2Combined): 1-0 {White wins by adjudication}
Score of Tier2Combined vs Baseline: 130 - 116 - 84  [0.521] 330
Started game 343 of 10000 (Tier2Combined vs Baseline)
Finished game 331 (Tier2Combined vs Baseline): 1-0 {White wins by adjudication}
Score of Tier2Combined vs Baseline: 131 - 116 - 84  [0.523] 331
Started game 344 of 10000 (Baseline vs Tier2Combined)
Finished game 334 (Baseline vs Tier2Combined): 1-0 {White wins by adjudication}
Score of Tier2Combined vs Baseline: 131 - 117 - 84  [0.521] 332
Started game 345 of 10000 (Tier2Combined vs Baseline)
Finished game 328 (Baseline vs Tier2Combined): 1-0 {White mates}
Score of Tier2Combined vs Baseline: 131 - 118 - 84  [0.520] 333
Started game 346 of 10000 (Baseline vs Tier2Combined)
Finished game 333 (Tier2Combined vs Baseline): 1/2-1/2 {Draw by fifty moves rule}
Score of Tier2Combined vs Baseline: 131 - 118 - 85  [0.519] 334
Started game 347 of 10000 (Tier2Combined vs Baseline)
Finished game 335 (Tier2Combined vs Baseline): 1-0 {White wins by adjudication}
Score of Tier2Combined vs Baseline: 132 - 118 - 85  [0.521] 335
Started game 348 of 10000 (Baseline vs Tier2Combined)
Finished game 338 (Baseline vs Tier2Combined): 1-0 {White wins by adjudication}
Score of Tier2Combined vs Baseline: 132 - 119 - 85  [0.519] 336
Started game 349 of 10000 (Tier2Combined vs Baseline)
Finished game 336 (Baseline vs Tier2Combined): 1-0 {White mates}
Score of Tier2Combined vs Baseline: 132 - 120 - 85  [0.518] 337
Started game 350 of 10000 (Baseline vs Tier2Combined)
Finished game 339 (Tier2Combined vs Baseline): 1/2-1/2 {Draw by adjudication}
Score of Tier2Combined vs Baseline: 132 - 120 - 86  [0.518] 338
Started game 351 of 10000 (Tier2Combined vs Baseline)
Finished game 337 (Tier2Combined vs Baseline): 1-0 {White wins by adjudication}
Score of Tier2Combined vs Baseline: 133 - 120 - 86  [0.519] 339
Started game 352 of 10000 (Baseline vs Tier2Combined)
Finished game 340 (Baseline vs Tier2Combined): 1/2-1/2 {Draw by adjudication}
Score of Tier2Combined vs Baseline: 133 - 120 - 87  [0.519] 340
Started game 353 of 10000 (Tier2Combined vs Baseline)
Finished game 341 (Tier2Combined vs Baseline): 1/2-1/2 {Draw by stalemate}
Score of Tier2Combined vs Baseline: 133 - 120 - 88  [0.519] 341
Started game 354 of 10000 (Baseline vs Tier2Combined)
Finished game 343 (Tier2Combined vs Baseline): 1-0 {White wins by adjudication}
Score of Tier2Combined vs Baseline: 134 - 120 - 88  [0.520] 342
Started game 355 of 10000 (Tier2Combined vs Baseline)
Finished game 344 (Baseline vs Tier2Combined): 1/2-1/2 {Draw by 3-fold repetition}
Score of Tier2Combined vs Baseline: 134 - 120 - 89  [0.520] 343
Started game 356 of 10000 (Baseline vs Tier2Combined)
Finished game 342 (Baseline vs Tier2Combined): 0-1 {Black wins by adjudication}
Score of Tier2Combined vs Baseline: 135 - 120 - 89  [0.522] 344
Started game 357 of 10000 (Tier2Combined vs Baseline)
Finished game 345 (Tier2Combined vs Baseline): 0-1 {Black wins by adjudication}
Score of Tier2Combined vs Baseline: 135 - 121 - 89  [0.520] 345
Started game 358 of 10000 (Baseline vs Tier2Combined)
Finished game 347 (Tier2Combined vs Baseline): 1-0 {White wins by adjudication}
Score of Tier2Combined vs Baseline: 136 - 121 - 89  [0.522] 346
Started game 359 of 10000 (Tier2Combined vs Baseline)
Finished game 346 (Baseline vs Tier2Combined): 1/2-1/2 {Draw by 3-fold repetition}
Score of Tier2Combined vs Baseline: 136 - 121 - 90  [0.522] 347
Started game 360 of 10000 (Baseline vs Tier2Combined)
Finished game 351 (Tier2Combined vs Baseline): 1-0 {White wins by adjudication}
Score of Tier2Combined vs Baseline: 137 - 121 - 90  [0.523] 348
Started game 361 of 10000 (Tier2Combined vs Baseline)
Finished game 349 (Tier2Combined vs Baseline): 1-0 {White wins by adjudication}
Score of Tier2Combined vs Baseline: 138 - 121 - 90  [0.524] 349
Started game 362 of 10000 (Baseline vs Tier2Combined)
Finished game 353 (Tier2Combined vs Baseline): 1/2-1/2 {Draw by 3-fold repetition}
Score of Tier2Combined vs Baseline: 138 - 121 - 91  [0.524] 350
Started game 363 of 10000 (Tier2Combined vs Baseline)
Finished game 350 (Baseline vs Tier2Combined): 1/2-1/2 {Draw by adjudication}
Score of Tier2Combined vs Baseline: 138 - 121 - 92  [0.524] 351
Started game 364 of 10000 (Baseline vs Tier2Combined)
Finished game 348 (Baseline vs Tier2Combined): 1-0 {White wins by adjudication}
Score of Tier2Combined vs Baseline: 138 - 122 - 92  [0.523] 352
Started game 365 of 10000 (Tier2Combined vs Baseline)
Finished game 352 (Baseline vs Tier2Combined): 1-0 {White wins by adjudication}
Score of Tier2Combined vs Baseline: 138 - 123 - 92  [0.521] 353
Started game 366 of 10000 (Baseline vs Tier2Combined)
Finished game 354 (Baseline vs Tier2Combined): 0-1 {Black wins by adjudication}
Score of Tier2Combined vs Baseline: 139 - 123 - 92  [0.523] 354
Started game 367 of 10000 (Tier2Combined vs Baseline)
Finished game 363 (Tier2Combined vs Baseline): 1/2-1/2 {Draw by 3-fold repetition}
Score of Tier2Combined vs Baseline: 139 - 123 - 93  [0.523] 355
Started game 368 of 10000 (Baseline vs Tier2Combined)
Finished game 357 (Tier2Combined vs Baseline): 1-0 {White wins by adjudication}
Score of Tier2Combined vs Baseline: 140 - 123 - 93  [0.524] 356
Started game 369 of 10000 (Tier2Combined vs Baseline)
Finished game 355 (Tier2Combined vs Baseline): 0-1 {Black wins by adjudication}
Score of Tier2Combined vs Baseline: 140 - 124 - 93  [0.522] 357
Started game 370 of 10000 (Baseline vs Tier2Combined)
Finished game 356 (Baseline vs Tier2Combined): 1/2-1/2 {Draw by insufficient mating material}
Score of Tier2Combined vs Baseline: 140 - 124 - 94  [0.522] 358
Started game 371 of 10000 (Tier2Combined vs Baseline)
Finished game 360 (Baseline vs Tier2Combined): 0-1 {Black wins by adjudication}
Score of Tier2Combined vs Baseline: 141 - 124 - 94  [0.524] 359
Started game 372 of 10000 (Baseline vs Tier2Combined)
Finished game 361 (Tier2Combined vs Baseline): 0-1 {Black wins by adjudication}
Score of Tier2Combined vs Baseline: 141 - 125 - 94  [0.522] 360
Started game 373 of 10000 (Tier2Combined vs Baseline)
Finished game 359 (Tier2Combined vs Baseline): 0-1 {Black wins by adjudication}
Score of Tier2Combined vs Baseline: 141 - 126 - 94  [0.521] 361
Started game 374 of 10000 (Baseline vs Tier2Combined)
Finished game 362 (Baseline vs Tier2Combined): 1/2-1/2 {Draw by 3-fold repetition}
Score of Tier2Combined vs Baseline: 141 - 126 - 95  [0.521] 362
Started game 375 of 10000 (Tier2Combined vs Baseline)
Finished game 358 (Baseline vs Tier2Combined): 0-1 {Black mates}
Score of Tier2Combined vs Baseline: 142 - 126 - 95  [0.522] 363
Started game 376 of 10000 (Baseline vs Tier2Combined)
Finished game 364 (Baseline vs Tier2Combined): 1/2-1/2 {Draw by 3-fold repetition}
Score of Tier2Combined vs Baseline: 142 - 126 - 96  [0.522] 364
Started game 377 of 10000 (Tier2Combined vs Baseline)
Finished game 369 (Tier2Combined vs Baseline): 0-1 {Black wins by adjudication}
Score of Tier2Combined vs Baseline: 142 - 127 - 96  [0.521] 365
Started game 378 of 10000 (Baseline vs Tier2Combined)
Finished game 366 (Baseline vs Tier2Combined): 1/2-1/2 {Draw by 3-fold repetition}
Score of Tier2Combined vs Baseline: 142 - 127 - 97  [0.520] 366
Started game 379 of 10000 (Tier2Combined vs Baseline)
Finished game 365 (Tier2Combined vs Baseline): 1-0 {White mates}
Score of Tier2Combined vs Baseline: 143 - 127 - 97  [0.522] 367
Started game 380 of 10000 (Baseline vs Tier2Combined)
Finished game 368 (Baseline vs Tier2Combined): 0-1 {Black wins by adjudication}
Score of Tier2Combined vs Baseline: 144 - 127 - 97  [0.523] 368
Started game 381 of 10000 (Tier2Combined vs Baseline)
Finished game 372 (Baseline vs Tier2Combined): 1-0 {White wins by adjudication}
Score of Tier2Combined vs Baseline: 144 - 128 - 97  [0.522] 369
Started game 382 of 10000 (Baseline vs Tier2Combined)
Finished game 377 (Tier2Combined vs Baseline): 1/2-1/2 {Draw by 3-fold repetition}
Score of Tier2Combined vs Baseline: 144 - 128 - 98  [0.522] 370
Started game 383 of 10000 (Tier2Combined vs Baseline)
Finished game 371 (Tier2Combined vs Baseline): 0-1 {Black mates}
Score of Tier2Combined vs Baseline: 144 - 129 - 98  [0.520] 371
Started game 384 of 10000 (Baseline vs Tier2Combined)
Finished game 367 (Tier2Combined vs Baseline): 1-0 {White wins by adjudication}
Score of Tier2Combined vs Baseline: 145 - 129 - 98  [0.522] 372
Started game 385 of 10000 (Tier2Combined vs Baseline)
Finished game 373 (Tier2Combined vs Baseline): 0-1 {Black wins by adjudication}
Score of Tier2Combined vs Baseline: 145 - 130 - 98  [0.520] 373
Started game 386 of 10000 (Baseline vs Tier2Combined)
Finished game 376 (Baseline vs Tier2Combined): 0-1 {Black wins by adjudication}
Score of Tier2Combined vs Baseline: 146 - 130 - 98  [0.521] 374
Started game 387 of 10000 (Tier2Combined vs Baseline)
Finished game 374 (Baseline vs Tier2Combined): 0-1 {Black wins by adjudication}
Score of Tier2Combined vs Baseline: 147 - 130 - 98  [0.523] 375
Started game 388 of 10000 (Baseline vs Tier2Combined)
Finished game 370 (Baseline vs Tier2Combined): 1/2-1/2 {Draw by fifty moves rule}
Score of Tier2Combined vs Baseline: 147 - 130 - 99  [0.523] 376
Started game 389 of 10000 (Tier2Combined vs Baseline)
Finished game 379 (Tier2Combined vs Baseline): 1-0 {White wins by adjudication}
Score of Tier2Combined vs Baseline: 148 - 130 - 99  [0.524] 377
Started game 390 of 10000 (Baseline vs Tier2Combined)
Finished game 378 (Baseline vs Tier2Combined): 0-1 {Black wins by adjudication}
Score of Tier2Combined vs Baseline: 149 - 130 - 99  [0.525] 378
Started game 391 of 10000 (Tier2Combined vs Baseline)
Finished game 380 (Baseline vs Tier2Combined): 1-0 {White wins by adjudication}
Score of Tier2Combined vs Baseline: 149 - 131 - 99  [0.524] 379
Started game 392 of 10000 (Baseline vs Tier2Combined)
Finished game 375 (Tier2Combined vs Baseline): 1/2-1/2 {Draw by fifty moves rule}
Score of Tier2Combined vs Baseline: 149 - 131 - 100  [0.524] 380
Started game 393 of 10000 (Tier2Combined vs Baseline)
Finished game 381 (Tier2Combined vs Baseline): 1-0 {White wins by adjudication}
Score of Tier2Combined vs Baseline: 150 - 131 - 100  [0.525] 381
Started game 394 of 10000 (Baseline vs Tier2Combined)
Finished game 382 (Baseline vs Tier2Combined): 1-0 {White wins by adjudication}
Score of Tier2Combined vs Baseline: 150 - 132 - 100  [0.524] 382
Started game 395 of 10000 (Tier2Combined vs Baseline)
Finished game 383 (Tier2Combined vs Baseline): 1-0 {White wins by adjudication}
Score of Tier2Combined vs Baseline: 151 - 132 - 100  [0.525] 383
Started game 396 of 10000 (Baseline vs Tier2Combined)
Finished game 384 (Baseline vs Tier2Combined): 1-0 {White wins by adjudication}
Score of Tier2Combined vs Baseline: 151 - 133 - 100  [0.523] 384
Started game 397 of 10000 (Tier2Combined vs Baseline)
Finished game 385 (Tier2Combined vs Baseline): 0-1 {Black wins by adjudication}
Score of Tier2Combined vs Baseline: 151 - 134 - 100  [0.522] 385
Started game 398 of 10000 (Baseline vs Tier2Combined)
Finished game 386 (Baseline vs Tier2Combined): 0-1 {Black wins by adjudication}
Score of Tier2Combined vs Baseline: 152 - 134 - 100  [0.523] 386
Started game 399 of 10000 (Tier2Combined vs Baseline)
Finished game 388 (Baseline vs Tier2Combined): 1-0 {White wins by adjudication}
Score of Tier2Combined vs Baseline: 152 - 135 - 100  [0.522] 387
Started game 400 of 10000 (Baseline vs Tier2Combined)
Finished game 387 (Tier2Combined vs Baseline): 1-0 {White wins by adjudication}
Score of Tier2Combined vs Baseline: 153 - 135 - 100  [0.523] 388
Started game 401 of 10000 (Tier2Combined vs Baseline)
Finished game 395 (Tier2Combined vs Baseline): 1/2-1/2 {Draw by 3-fold repetition}
Score of Tier2Combined vs Baseline: 153 - 135 - 101  [0.523] 389
Started game 402 of 10000 (Baseline vs Tier2Combined)
Finished game 393 (Tier2Combined vs Baseline): 1-0 {White wins by adjudication}
Score of Tier2Combined vs Baseline: 154 - 135 - 101  [0.524] 390
Started game 403 of 10000 (Tier2Combined vs Baseline)
Finished game 403 (Tier2Combined vs Baseline): 0-1 {Black mates}
Score of Tier2Combined vs Baseline: 154 - 136 - 101  [0.523] 391
Started game 404 of 10000 (Baseline vs Tier2Combined)
Finished game 392 (Baseline vs Tier2Combined): 0-1 {Black wins by adjudication}
Score of Tier2Combined vs Baseline: 155 - 136 - 101  [0.524] 392
Started game 405 of 10000 (Tier2Combined vs Baseline)
Finished game 404 (Baseline vs Tier2Combined): 0-1 {Black mates}
Score of Tier2Combined vs Baseline: 156 - 136 - 101  [0.525] 393
Started game 406 of 10000 (Baseline vs Tier2Combined)
Finished game 390 (Baseline vs Tier2Combined): 1-0 {White mates}
Score of Tier2Combined vs Baseline: 156 - 137 - 101  [0.524] 394
Started game 407 of 10000 (Tier2Combined vs Baseline)
Finished game 394 (Baseline vs Tier2Combined): 1-0 {White wins by adjudication}
Score of Tier2Combined vs Baseline: 156 - 138 - 101  [0.523] 395
Started game 408 of 10000 (Baseline vs Tier2Combined)
Finished game 391 (Tier2Combined vs Baseline): 1/2-1/2 {Draw by adjudication}
Score of Tier2Combined vs Baseline: 156 - 138 - 102  [0.523] 396
Started game 409 of 10000 (Tier2Combined vs Baseline)
Finished game 397 (Tier2Combined vs Baseline): 0-1 {Black wins by adjudication}
Score of Tier2Combined vs Baseline: 156 - 139 - 102  [0.521] 397
Started game 410 of 10000 (Baseline vs Tier2Combined)
Finished game 389 (Tier2Combined vs Baseline): 0-1 {Black wins by adjudication}
Score of Tier2Combined vs Baseline: 156 - 140 - 102  [0.520] 398
Started game 411 of 10000 (Tier2Combined vs Baseline)
Finished game 396 (Baseline vs Tier2Combined): 1/2-1/2 {Draw by adjudication}
Score of Tier2Combined vs Baseline: 156 - 140 - 103  [0.520] 399
Started game 412 of 10000 (Baseline vs Tier2Combined)
Finished game 398 (Baseline vs Tier2Combined): 1-0 {White wins by adjudication}
Score of Tier2Combined vs Baseline: 156 - 141 - 103  [0.519] 400
Started game 413 of 10000 (Tier2Combined vs Baseline)
Finished game 400 (Baseline vs Tier2Combined): 1-0 {White wins by adjudication}
Score of Tier2Combined vs Baseline: 156 - 142 - 103  [0.517] 401
Started game 414 of 10000 (Baseline vs Tier2Combined)
Finished game 401 (Tier2Combined vs Baseline): 1-0 {White wins by adjudication}
Score of Tier2Combined vs Baseline: 157 - 142 - 103  [0.519] 402
Started game 415 of 10000 (Tier2Combined vs Baseline)
Finished game 407 (Tier2Combined vs Baseline): 1-0 {White wins by adjudication}
Score of Tier2Combined vs Baseline: 158 - 142 - 103  [0.520] 403
Started game 416 of 10000 (Baseline vs Tier2Combined)
Finished game 405 (Tier2Combined vs Baseline): 1-0 {White wins by adjudication}
Score of Tier2Combined vs Baseline: 159 - 142 - 103  [0.521] 404
Started game 417 of 10000 (Tier2Combined vs Baseline)
Finished game 409 (Tier2Combined vs Baseline): 1-0 {White wins by adjudication}
Score of Tier2Combined vs Baseline: 160 - 142 - 103  [0.522] 405
Started game 418 of 10000 (Baseline vs Tier2Combined)
Finished game 411 (Tier2Combined vs Baseline): 1-0 {White wins by adjudication}
Score of Tier2Combined vs Baseline: 161 - 142 - 103  [0.523] 406
Started game 419 of 10000 (Tier2Combined vs Baseline)
Finished game 402 (Baseline vs Tier2Combined): 1-0 {White wins by adjudication}
Score of Tier2Combined vs Baseline: 161 - 143 - 103  [0.522] 407
Started game 420 of 10000 (Baseline vs Tier2Combined)
Finished game 406 (Baseline vs Tier2Combined): 1-0 {White wins by adjudication}
Score of Tier2Combined vs Baseline: 161 - 144 - 103  [0.521] 408
Started game 421 of 10000 (Tier2Combined vs Baseline)
Finished game 408 (Baseline vs Tier2Combined): 1-0 {White wins by adjudication}
Score of Tier2Combined vs Baseline: 161 - 145 - 103  [0.520] 409
Started game 422 of 10000 (Baseline vs Tier2Combined)
Finished game 399 (Tier2Combined vs Baseline): 1/2-1/2 {Draw by fifty moves rule}
Score of Tier2Combined vs Baseline: 161 - 145 - 104  [0.520] 410
Started game 423 of 10000 (Tier2Combined vs Baseline)
Finished game 410 (Baseline vs Tier2Combined): 1-0 {White wins by adjudication}
Score of Tier2Combined vs Baseline: 161 - 146 - 104  [0.518] 411
Started game 424 of 10000 (Baseline vs Tier2Combined)
Finished game 412 (Baseline vs Tier2Combined): 1/2-1/2 {Draw by 3-fold repetition}
Score of Tier2Combined vs Baseline: 161 - 146 - 105  [0.518] 412
Started game 425 of 10000 (Tier2Combined vs Baseline)
Finished game 413 (Tier2Combined vs Baseline): 1-0 {White wins by adjudication}
Score of Tier2Combined vs Baseline: 162 - 146 - 105  [0.519] 413
Started game 426 of 10000 (Baseline vs Tier2Combined)
Finished game 415 (Tier2Combined vs Baseline): 1-0 {White wins by adjudication}
Score of Tier2Combined vs Baseline: 163 - 146 - 105  [0.521] 414
Started game 427 of 10000 (Tier2Combined vs Baseline)
Finished game 414 (Baseline vs Tier2Combined): 1/2-1/2 {Draw by 3-fold repetition}
Score of Tier2Combined vs Baseline: 163 - 146 - 106  [0.520] 415
Started game 428 of 10000 (Baseline vs Tier2Combined)
Finished game 419 (Tier2Combined vs Baseline): 1-0 {White wins by adjudication}
Score of Tier2Combined vs Baseline: 164 - 146 - 106  [0.522] 416
Started game 429 of 10000 (Tier2Combined vs Baseline)
Finished game 416 (Baseline vs Tier2Combined): 0-1 {Black mates}
Score of Tier2Combined vs Baseline: 165 - 146 - 106  [0.523] 417
Started game 430 of 10000 (Baseline vs Tier2Combined)
Finished game 420 (Baseline vs Tier2Combined): 1-0 {White wins by adjudication}
Score of Tier2Combined vs Baseline: 165 - 147 - 106  [0.522] 418
Started game 431 of 10000 (Tier2Combined vs Baseline)
Finished game 430 (Baseline vs Tier2Combined): 1-0 {White wins by adjudication}
Score of Tier2Combined vs Baseline: 165 - 148 - 106  [0.520] 419
Started game 432 of 10000 (Baseline vs Tier2Combined)
Finished game 417 (Tier2Combined vs Baseline): 1-0 {White wins by adjudication}
Score of Tier2Combined vs Baseline: 166 - 148 - 106  [0.521] 420
Started game 433 of 10000 (Tier2Combined vs Baseline)
Finished game 418 (Baseline vs Tier2Combined): 1-0 {White wins by adjudication}
Score of Tier2Combined vs Baseline: 166 - 149 - 106  [0.520] 421
Started game 434 of 10000 (Baseline vs Tier2Combined)
Finished game 423 (Tier2Combined vs Baseline): 1/2-1/2 {Draw by 3-fold repetition}
Score of Tier2Combined vs Baseline: 166 - 149 - 107  [0.520] 422
Started game 435 of 10000 (Tier2Combined vs Baseline)
Finished game 426 (Baseline vs Tier2Combined): 1-0 {White wins by adjudication}
Score of Tier2Combined vs Baseline: 166 - 150 - 107  [0.519] 423
Started game 436 of 10000 (Baseline vs Tier2Combined)
Finished game 424 (Baseline vs Tier2Combined): 0-1 {Black wins by adjudication}
Score of Tier2Combined vs Baseline: 167 - 150 - 107  [0.520] 424
Started game 437 of 10000 (Tier2Combined vs Baseline)
Finished game 421 (Tier2Combined vs Baseline): 1/2-1/2 {Draw by insufficient mating material}
Score of Tier2Combined vs Baseline: 167 - 150 - 108  [0.520] 425
Started game 438 of 10000 (Baseline vs Tier2Combined)
Finished game 425 (Tier2Combined vs Baseline): 1/2-1/2 {Draw by adjudication}
Score of Tier2Combined vs Baseline: 167 - 150 - 109  [0.520] 426
Started game 439 of 10000 (Tier2Combined vs Baseline)
Finished game 429 (Tier2Combined vs Baseline): 1-0 {White wins by adjudication}
Score of Tier2Combined vs Baseline: 168 - 150 - 109  [0.521] 427
Started game 440 of 10000 (Baseline vs Tier2Combined)
Finished game 422 (Baseline vs Tier2Combined): 1-0 {White wins by adjudication}
Score of Tier2Combined vs Baseline: 168 - 151 - 109  [0.520] 428
Started game 441 of 10000 (Tier2Combined vs Baseline)
Finished game 427 (Tier2Combined vs Baseline): 1/2-1/2 {Draw by insufficient mating material}
Score of Tier2Combined vs Baseline: 168 - 151 - 110  [0.520] 429
Started game 442 of 10000 (Baseline vs Tier2Combined)
Finished game 432 (Baseline vs Tier2Combined): 0-1 {Black wins by adjudication}
Score of Tier2Combined vs Baseline: 169 - 151 - 110  [0.521] 430
Started game 443 of 10000 (Tier2Combined vs Baseline)
Finished game 435 (Tier2Combined vs Baseline): 1-0 {White wins by adjudication}
Score of Tier2Combined vs Baseline: 170 - 151 - 110  [0.522] 431
Started game 444 of 10000 (Baseline vs Tier2Combined)
Finished game 436 (Baseline vs Tier2Combined): 1/2-1/2 {Draw by 3-fold repetition}
Score of Tier2Combined vs Baseline: 170 - 151 - 111  [0.522] 432
Started game 445 of 10000 (Tier2Combined vs Baseline)
Finished game 428 (Baseline vs Tier2Combined): 1-0 {White wins by adjudication}
Score of Tier2Combined vs Baseline: 170 - 152 - 111  [0.521] 433
Started game 446 of 10000 (Baseline vs Tier2Combined)
Finished game 431 (Tier2Combined vs Baseline): 1-0 {White wins by adjudication}
Score of Tier2Combined vs Baseline: 171 - 152 - 111  [0.522] 434
Started game 447 of 10000 (Tier2Combined vs Baseline)
Finished game 433 (Tier2Combined vs Baseline): 1/2-1/2 {Draw by 3-fold repetition}
Score of Tier2Combined vs Baseline: 171 - 152 - 112  [0.522] 435
Started game 448 of 10000 (Baseline vs Tier2Combined)
Finished game 439 (Tier2Combined vs Baseline): 0-1 {Black wins by adjudication}
Score of Tier2Combined vs Baseline: 171 - 153 - 112  [0.521] 436
Started game 449 of 10000 (Tier2Combined vs Baseline)
Finished game 438 (Baseline vs Tier2Combined): 1-0 {White wins by adjudication}
Score of Tier2Combined vs Baseline: 171 - 154 - 112  [0.519] 437
Started game 450 of 10000 (Baseline vs Tier2Combined)
Finished game 442 (Baseline vs Tier2Combined): 1-0 {White wins by adjudication}
Score of Tier2Combined vs Baseline: 171 - 155 - 112  [0.518] 438
Started game 451 of 10000 (Tier2Combined vs Baseline)
Finished game 440 (Baseline vs Tier2Combined): 1-0 {White wins by adjudication}
Score of Tier2Combined vs Baseline: 171 - 156 - 112  [0.517] 439
Started game 452 of 10000 (Baseline vs Tier2Combined)
Finished game 441 (Tier2Combined vs Baseline): 1-0 {White wins by adjudication}
Score of Tier2Combined vs Baseline: 172 - 156 - 112  [0.518] 440
Started game 453 of 10000 (Tier2Combined vs Baseline)
Finished game 437 (Tier2Combined vs Baseline): 1/2-1/2 {Draw by insufficient mating material}
Score of Tier2Combined vs Baseline: 172 - 156 - 113  [0.518] 441
Started game 454 of 10000 (Baseline vs Tier2Combined)
Finished game 434 (Baseline vs Tier2Combined): 1/2-1/2 {Draw by fifty moves rule}
Score of Tier2Combined vs Baseline: 172 - 156 - 114  [0.518] 442
Started game 455 of 10000 (Tier2Combined vs Baseline)
Finished game 444 (Baseline vs Tier2Combined): 1-0 {White wins by adjudication}
Score of Tier2Combined vs Baseline: 172 - 157 - 114  [0.517] 443
Started game 456 of 10000 (Baseline vs Tier2Combined)
Finished game 445 (Tier2Combined vs Baseline): 0-1 {Black wins by adjudication}
Score of Tier2Combined vs Baseline: 172 - 158 - 114  [0.516] 444
Started game 457 of 10000 (Tier2Combined vs Baseline)
Finished game 443 (Tier2Combined vs Baseline): 0-1 {Black wins by adjudication}
Score of Tier2Combined vs Baseline: 172 - 159 - 114  [0.515] 445
Started game 458 of 10000 (Baseline vs Tier2Combined)
Finished game 447 (Tier2Combined vs Baseline): 1/2-1/2 {Draw by 3-fold repetition}
Score of Tier2Combined vs Baseline: 172 - 159 - 115  [0.515] 446
Started game 459 of 10000 (Tier2Combined vs Baseline)
Finished game 451 (Tier2Combined vs Baseline): 1/2-1/2 {Draw by 3-fold repetition}
Score of Tier2Combined vs Baseline: 172 - 159 - 116  [0.515] 447
Started game 460 of 10000 (Baseline vs Tier2Combined)
Finished game 450 (Baseline vs Tier2Combined): 1-0 {White wins by adjudication}
Score of Tier2Combined vs Baseline: 172 - 160 - 116  [0.513] 448
Started game 461 of 10000 (Tier2Combined vs Baseline)
Finished game 452 (Baseline vs Tier2Combined): 1-0 {White wins by adjudication}
Score of Tier2Combined vs Baseline: 172 - 161 - 116  [0.512] 449
Started game 462 of 10000 (Baseline vs Tier2Combined)
Finished game 448 (Baseline vs Tier2Combined): 1-0 {White wins by adjudication}
Score of Tier2Combined vs Baseline: 172 - 162 - 116  [0.511] 450
Started game 463 of 10000 (Tier2Combined vs Baseline)
Finished game 453 (Tier2Combined vs Baseline): 1-0 {White wins by adjudication}
Score of Tier2Combined vs Baseline: 173 - 162 - 116  [0.512] 451
Started game 464 of 10000 (Baseline vs Tier2Combined)
Finished game 446 (Baseline vs Tier2Combined): 1/2-1/2 {Draw by adjudication}
Score of Tier2Combined vs Baseline: 173 - 162 - 117  [0.512] 452
Started game 465 of 10000 (Tier2Combined vs Baseline)
Finished game 449 (Tier2Combined vs Baseline): 0-1 {Black wins by adjudication}
Score of Tier2Combined vs Baseline: 173 - 163 - 117  [0.511] 453
Started game 466 of 10000 (Baseline vs Tier2Combined)
Finished game 455 (Tier2Combined vs Baseline): 1/2-1/2 {Draw by 3-fold repetition}
Score of Tier2Combined vs Baseline: 173 - 163 - 118  [0.511] 454
Started game 467 of 10000 (Tier2Combined vs Baseline)
Finished game 459 (Tier2Combined vs Baseline): 0-1 {Black wins by adjudication}
Score of Tier2Combined vs Baseline: 173 - 164 - 118  [0.510] 455
Started game 468 of 10000 (Baseline vs Tier2Combined)
Finished game 454 (Baseline vs Tier2Combined): 1/2-1/2 {Draw by 3-fold repetition}
Score of Tier2Combined vs Baseline: 173 - 164 - 119  [0.510] 456
Started game 469 of 10000 (Tier2Combined vs Baseline)
Finished game 457 (Tier2Combined vs Baseline): 1-0 {White wins by adjudication}
Score of Tier2Combined vs Baseline: 174 - 164 - 119  [0.511] 457
Started game 470 of 10000 (Baseline vs Tier2Combined)
Finished game 460 (Baseline vs Tier2Combined): 0-1 {Black wins by adjudication}
Score of Tier2Combined vs Baseline: 175 - 164 - 119  [0.512] 458
Started game 471 of 10000 (Tier2Combined vs Baseline)
Finished game 458 (Baseline vs Tier2Combined): 1/2-1/2 {Draw by insufficient mating material}
Score of Tier2Combined vs Baseline: 175 - 164 - 120  [0.512] 459
Started game 472 of 10000 (Baseline vs Tier2Combined)
Finished game 456 (Baseline vs Tier2Combined): 1/2-1/2 {Draw by fifty moves rule}
Score of Tier2Combined vs Baseline: 175 - 164 - 121  [0.512] 460
Started game 473 of 10000 (Tier2Combined vs Baseline)
Finished game 461 (Tier2Combined vs Baseline): 1-0 {White wins by adjudication}
Score of Tier2Combined vs Baseline: 176 - 164 - 121  [0.513] 461
Started game 474 of 10000 (Baseline vs Tier2Combined)
Finished game 466 (Baseline vs Tier2Combined): 0-1 {Black wins by adjudication}
Score of Tier2Combined vs Baseline: 177 - 164 - 121  [0.514] 462
Started game 475 of 10000 (Tier2Combined vs Baseline)
Finished game 465 (Tier2Combined vs Baseline): 0-1 {Black wins by adjudication}
Score of Tier2Combined vs Baseline: 177 - 165 - 121  [0.513] 463
Started game 476 of 10000 (Baseline vs Tier2Combined)
Finished game 467 (Tier2Combined vs Baseline): 1-0 {White wins by adjudication}
Score of Tier2Combined vs Baseline: 178 - 165 - 121  [0.514] 464
Started game 477 of 10000 (Tier2Combined vs Baseline)
Finished game 462 (Baseline vs Tier2Combined): 1-0 {White wins by adjudication}
Score of Tier2Combined vs Baseline: 178 - 166 - 121  [0.513] 465
Started game 478 of 10000 (Baseline vs Tier2Combined)
Finished game 464 (Baseline vs Tier2Combined): 1-0 {White wins by adjudication}
Score of Tier2Combined vs Baseline: 178 - 167 - 121  [0.512] 466
Started game 479 of 10000 (Tier2Combined vs Baseline)
Finished game 463 (Tier2Combined vs Baseline): 1/2-1/2 {Draw by fifty moves rule}
Score of Tier2Combined vs Baseline: 178 - 167 - 122  [0.512] 467
Started game 480 of 10000 (Baseline vs Tier2Combined)
Finished game 470 (Baseline vs Tier2Combined): 1-0 {White wins by adjudication}
Score of Tier2Combined vs Baseline: 178 - 168 - 122  [0.511] 468
Started game 481 of 10000 (Tier2Combined vs Baseline)
Finished game 474 (Baseline vs Tier2Combined): 0-1 {Black wins by adjudication}
Score of Tier2Combined vs Baseline: 179 - 168 - 122  [0.512] 469
Started game 482 of 10000 (Baseline vs Tier2Combined)
Finished game 469 (Tier2Combined vs Baseline): 1/2-1/2 {Draw by 3-fold repetition}
Score of Tier2Combined vs Baseline: 179 - 168 - 123  [0.512] 470
Started game 483 of 10000 (Tier2Combined vs Baseline)
Finished game 468 (Baseline vs Tier2Combined): 1/2-1/2 {Draw by 3-fold repetition}
Score of Tier2Combined vs Baseline: 179 - 168 - 124  [0.512] 471
Started game 484 of 10000 (Baseline vs Tier2Combined)
Finished game 473 (Tier2Combined vs Baseline): 1/2-1/2 {Draw by 3-fold repetition}
Score of Tier2Combined vs Baseline: 179 - 168 - 125  [0.512] 472
Started game 485 of 10000 (Tier2Combined vs Baseline)
Finished game 475 (Tier2Combined vs Baseline): 1-0 {White wins by adjudication}
Score of Tier2Combined vs Baseline: 180 - 168 - 125  [0.513] 473
Started game 486 of 10000 (Baseline vs Tier2Combined)
Finished game 476 (Baseline vs Tier2Combined): 0-1 {Black wins by adjudication}
Score of Tier2Combined vs Baseline: 181 - 168 - 125  [0.514] 474
Started game 487 of 10000 (Tier2Combined vs Baseline)
Finished game 472 (Baseline vs Tier2Combined): 0-1 {Black wins by adjudication}
Score of Tier2Combined vs Baseline: 182 - 168 - 125  [0.515] 475
Started game 488 of 10000 (Baseline vs Tier2Combined)
Finished game 471 (Tier2Combined vs Baseline): 0-1 {Black wins by adjudication}
Score of Tier2Combined vs Baseline: 182 - 169 - 125  [0.514] 476
Started game 489 of 10000 (Tier2Combined vs Baseline)
Finished game 478 (Baseline vs Tier2Combined): 1/2-1/2 {Draw by 3-fold repetition}
Score of Tier2Combined vs Baseline: 182 - 169 - 126  [0.514] 477
Started game 490 of 10000 (Baseline vs Tier2Combined)
Finished game 477 (Tier2Combined vs Baseline): 0-1 {Black wins by adjudication}
Score of Tier2Combined vs Baseline: 182 - 170 - 126  [0.513] 478
Started game 491 of 10000 (Tier2Combined vs Baseline)
Finished game 479 (Tier2Combined vs Baseline): 1-0 {White wins by adjudication}
Score of Tier2Combined vs Baseline: 183 - 170 - 126  [0.514] 479
Started game 492 of 10000 (Baseline vs Tier2Combined)
Finished game 483 (Tier2Combined vs Baseline): 1/2-1/2 {Draw by 3-fold repetition}
Score of Tier2Combined vs Baseline: 183 - 170 - 127  [0.514] 480
Started game 493 of 10000 (Tier2Combined vs Baseline)
Finished game 486 (Baseline vs Tier2Combined): 1/2-1/2 {Draw by 3-fold repetition}
Score of Tier2Combined vs Baseline: 183 - 170 - 128  [0.514] 481
Started game 494 of 10000 (Baseline vs Tier2Combined)
Finished game 484 (Baseline vs Tier2Combined): 0-1 {Black wins by adjudication}
Score of Tier2Combined vs Baseline: 184 - 170 - 128  [0.515] 482
Started game 495 of 10000 (Tier2Combined vs Baseline)
Finished game 481 (Tier2Combined vs Baseline): 1/2-1/2 {Draw by insufficient mating material}
Score of Tier2Combined vs Baseline: 184 - 170 - 129  [0.514] 483
Started game 496 of 10000 (Baseline vs Tier2Combined)
Finished game 489 (Tier2Combined vs Baseline): 1-0 {White wins by adjudication}
Score of Tier2Combined vs Baseline: 185 - 170 - 129  [0.515] 484
Started game 497 of 10000 (Tier2Combined vs Baseline)
Finished game 485 (Tier2Combined vs Baseline): 1-0 {White wins by adjudication}
Score of Tier2Combined vs Baseline: 186 - 170 - 129  [0.516] 485
Started game 498 of 10000 (Baseline vs Tier2Combined)
Finished game 488 (Baseline vs Tier2Combined): 0-1 {Black wins by adjudication}
Score of Tier2Combined vs Baseline: 187 - 170 - 129  [0.517] 486
Started game 499 of 10000 (Tier2Combined vs Baseline)
Finished game 482 (Baseline vs Tier2Combined): 1/2-1/2 {Draw by fifty moves rule}
Score of Tier2Combined vs Baseline: 187 - 170 - 130  [0.517] 487
Started game 500 of 10000 (Baseline vs Tier2Combined)
Finished game 480 (Baseline vs Tier2Combined): 1/2-1/2 {Draw by insufficient mating material}
Score of Tier2Combined vs Baseline: 187 - 170 - 131  [0.517] 488
Started game 501 of 10000 (Tier2Combined vs Baseline)
Finished game 491 (Tier2Combined vs Baseline): 1/2-1/2 {Draw by adjudication}
Score of Tier2Combined vs Baseline: 187 - 170 - 132  [0.517] 489
Started game 502 of 10000 (Baseline vs Tier2Combined)
Finished game 492 (Baseline vs Tier2Combined): 1-0 {White wins by adjudication}
Score of Tier2Combined vs Baseline: 187 - 171 - 132  [0.516] 490
Started game 503 of 10000 (Tier2Combined vs Baseline)
Finished game 493 (Tier2Combined vs Baseline): 0-1 {Black wins by adjudication}
Score of Tier2Combined vs Baseline: 187 - 172 - 132  [0.515] 491
Started game 504 of 10000 (Baseline vs Tier2Combined)
Finished game 490 (Baseline vs Tier2Combined): 1-0 {White wins by adjudication}
Score of Tier2Combined vs Baseline: 187 - 173 - 132  [0.514] 492
Started game 505 of 10000 (Tier2Combined vs Baseline)
Finished game 495 (Tier2Combined vs Baseline): 1-0 {White wins by adjudication}
Score of Tier2Combined vs Baseline: 188 - 173 - 132  [0.515] 493
Started game 506 of 10000 (Baseline vs Tier2Combined)
Finished game 494 (Baseline vs Tier2Combined): 1/2-1/2 {Draw by 3-fold repetition}
Score of Tier2Combined vs Baseline: 188 - 173 - 133  [0.515] 494
Started game 507 of 10000 (Tier2Combined vs Baseline)
Finished game 487 (Tier2Combined vs Baseline): 1/2-1/2 {Draw by adjudication}
Score of Tier2Combined vs Baseline: 188 - 173 - 134  [0.515] 495
Started game 508 of 10000 (Baseline vs Tier2Combined)
Finished game 502 (Baseline vs Tier2Combined): 1/2-1/2 {Draw by 3-fold repetition}
Score of Tier2Combined vs Baseline: 188 - 173 - 135  [0.515] 496
Started game 509 of 10000 (Tier2Combined vs Baseline)
Finished game 497 (Tier2Combined vs Baseline): 1-0 {White wins by adjudication}
Score of Tier2Combined vs Baseline: 189 - 173 - 135  [0.516] 497
Started game 510 of 10000 (Baseline vs Tier2Combined)
Finished game 496 (Baseline vs Tier2Combined): 1/2-1/2 {Draw by fifty moves rule}
Score of Tier2Combined vs Baseline: 189 - 173 - 136  [0.516] 498
Started game 511 of 10000 (Tier2Combined vs Baseline)
Finished game 504 (Baseline vs Tier2Combined): 1-0 {White wins by adjudication}
Score of Tier2Combined vs Baseline: 189 - 174 - 136  [0.515] 499
Started game 512 of 10000 (Baseline vs Tier2Combined)
Finished game 499 (Tier2Combined vs Baseline): 1/2-1/2 {Draw by adjudication}
Score of Tier2Combined vs Baseline: 189 - 174 - 137  [0.515] 500
Started game 513 of 10000 (Tier2Combined vs Baseline)
Finished game 500 (Baseline vs Tier2Combined): 0-1 {Black wins by adjudication}
Score of Tier2Combined vs Baseline: 190 - 174 - 137  [0.516] 501
Started game 514 of 10000 (Baseline vs Tier2Combined)
Finished game 498 (Baseline vs Tier2Combined): 1/2-1/2 {Draw by adjudication}
Score of Tier2Combined vs Baseline: 190 - 174 - 138  [0.516] 502
Started game 515 of 10000 (Tier2Combined vs Baseline)
Finished game 501 (Tier2Combined vs Baseline): 0-1 {Black wins by adjudication}
Score of Tier2Combined vs Baseline: 190 - 175 - 138  [0.515] 503
Started game 516 of 10000 (Baseline vs Tier2Combined)
Finished game 505 (Tier2Combined vs Baseline): 1/2-1/2 {Draw by insufficient mating material}
Score of Tier2Combined vs Baseline: 190 - 175 - 139  [0.515] 504
Started game 517 of 10000 (Tier2Combined vs Baseline)
Finished game 506 (Baseline vs Tier2Combined): 1/2-1/2 {Draw by 3-fold repetition}
Score of Tier2Combined vs Baseline: 190 - 175 - 140  [0.515] 505
Started game 518 of 10000 (Baseline vs Tier2Combined)
Finished game 503 (Tier2Combined vs Baseline): 1/2-1/2 {Draw by fifty moves rule}
Score of Tier2Combined vs Baseline: 190 - 175 - 141  [0.515] 506
Started game 519 of 10000 (Tier2Combined vs Baseline)
Finished game 508 (Baseline vs Tier2Combined): 1-0 {White wins by adjudication}
Score of Tier2Combined vs Baseline: 190 - 176 - 141  [0.514] 507
Started game 520 of 10000 (Baseline vs Tier2Combined)
Finished game 509 (Tier2Combined vs Baseline): 1-0 {White wins by adjudication}
Score of Tier2Combined vs Baseline: 191 - 176 - 141  [0.515] 508
Started game 521 of 10000 (Tier2Combined vs Baseline)
Finished game 510 (Baseline vs Tier2Combined): 1-0 {White wins by adjudication}
Score of Tier2Combined vs Baseline: 191 - 177 - 141  [0.514] 509
Started game 522 of 10000 (Baseline vs Tier2Combined)
Finished game 511 (Tier2Combined vs Baseline): 0-1 {Black wins by adjudication}
Score of Tier2Combined vs Baseline: 191 - 178 - 141  [0.513] 510
Started game 523 of 10000 (Tier2Combined vs Baseline)
Finished game 514 (Baseline vs Tier2Combined): 0-1 {Black wins by adjudication}
Score of Tier2Combined vs Baseline: 192 - 178 - 141  [0.514] 511
Started game 524 of 10000 (Baseline vs Tier2Combined)
Finished game 512 (Baseline vs Tier2Combined): 0-1 {Black wins by adjudication}
Score of Tier2Combined vs Baseline: 193 - 178 - 141  [0.515] 512
Started game 525 of 10000 (Tier2Combined vs Baseline)
Finished game 513 (Tier2Combined vs Baseline): 1-0 {White wins by adjudication}
Score of Tier2Combined vs Baseline: 194 - 178 - 141  [0.516] 513
Started game 526 of 10000 (Baseline vs Tier2Combined)
Finished game 507 (Tier2Combined vs Baseline): 0-1 {Black wins by adjudication}
Score of Tier2Combined vs Baseline: 194 - 179 - 141  [0.515] 514
Started game 527 of 10000 (Tier2Combined vs Baseline)
Finished game 516 (Baseline vs Tier2Combined): 0-1 {Black wins by adjudication}
Score of Tier2Combined vs Baseline: 195 - 179 - 141  [0.516] 515
Started game 528 of 10000 (Baseline vs Tier2Combined)
Finished game 515 (Tier2Combined vs Baseline): 1/2-1/2 {Draw by insufficient mating material}
Score of Tier2Combined vs Baseline: 195 - 179 - 142  [0.516] 516
Started game 529 of 10000 (Tier2Combined vs Baseline)
Finished game 519 (Tier2Combined vs Baseline): 0-1 {Black wins by adjudication}
Score of Tier2Combined vs Baseline: 195 - 180 - 142  [0.515] 517
Started game 530 of 10000 (Baseline vs Tier2Combined)
Finished game 520 (Baseline vs Tier2Combined): 1-0 {White wins by adjudication}
Score of Tier2Combined vs Baseline: 195 - 181 - 142  [0.514] 518
Started game 531 of 10000 (Tier2Combined vs Baseline)
Finished game 517 (Tier2Combined vs Baseline): 1-0 {White wins by adjudication}
Score of Tier2Combined vs Baseline: 196 - 181 - 142  [0.514] 519
Started game 532 of 10000 (Baseline vs Tier2Combined)
Finished game 518 (Baseline vs Tier2Combined): 0-1 {Black wins by adjudication}
Score of Tier2Combined vs Baseline: 197 - 181 - 142  [0.515] 520
Started game 533 of 10000 (Tier2Combined vs Baseline)
Finished game 521 (Tier2Combined vs Baseline): 1-0 {White wins by adjudication}
Score of Tier2Combined vs Baseline: 198 - 181 - 142  [0.516] 521
Started game 534 of 10000 (Baseline vs Tier2Combined)
Finished game 524 (Baseline vs Tier2Combined): 1-0 {White wins by adjudication}
Score of Tier2Combined vs Baseline: 198 - 182 - 142  [0.515] 522
Started game 535 of 10000 (Tier2Combined vs Baseline)
Finished game 526 (Baseline vs Tier2Combined): 0-1 {Black wins by adjudication}
Score of Tier2Combined vs Baseline: 199 - 182 - 142  [0.516] 523
Started game 536 of 10000 (Baseline vs Tier2Combined)
Finished game 527 (Tier2Combined vs Baseline): 1-0 {White wins by adjudication}
Score of Tier2Combined vs Baseline: 200 - 182 - 142  [0.517] 524
Started game 537 of 10000 (Tier2Combined vs Baseline)
Finished game 522 (Baseline vs Tier2Combined): 1/2-1/2 {Draw by insufficient mating material}
Score of Tier2Combined vs Baseline: 200 - 182 - 143  [0.517] 525
Started game 538 of 10000 (Baseline vs Tier2Combined)
Finished game 528 (Baseline vs Tier2Combined): 0-1 {Black wins by adjudication}
Score of Tier2Combined vs Baseline: 201 - 182 - 143  [0.518] 526
Started game 539 of 10000 (Tier2Combined vs Baseline)
Finished game 532 (Baseline vs Tier2Combined): 1/2-1/2 {Draw by 3-fold repetition}
Score of Tier2Combined vs Baseline: 201 - 182 - 144  [0.518] 527
Started game 540 of 10000 (Baseline vs Tier2Combined)
Finished game 523 (Tier2Combined vs Baseline): 1-0 {White wins by adjudication}
Score of Tier2Combined vs Baseline: 202 - 182 - 144  [0.519] 528
Started game 541 of 10000 (Tier2Combined vs Baseline)
Finished game 529 (Tier2Combined vs Baseline): 1-0 {White wins by adjudication}
Score of Tier2Combined vs Baseline: 203 - 182 - 144  [0.520] 529
Started game 542 of 10000 (Baseline vs Tier2Combined)
Finished game 530 (Baseline vs Tier2Combined): 0-1 {Black wins by adjudication}
Score of Tier2Combined vs Baseline: 204 - 182 - 144  [0.521] 530
Started game 543 of 10000 (Tier2Combined vs Baseline)
Finished game 539 (Tier2Combined vs Baseline): 1/2-1/2 {Draw by 3-fold repetition}
Score of Tier2Combined vs Baseline: 204 - 182 - 145  [0.521] 531
Started game 544 of 10000 (Baseline vs Tier2Combined)
Finished game 525 (Tier2Combined vs Baseline): 1/2-1/2 {Draw by fifty moves rule}
Score of Tier2Combined vs Baseline: 204 - 182 - 146  [0.521] 532
Started game 545 of 10000 (Tier2Combined vs Baseline)
Finished game 536 (Baseline vs Tier2Combined): 1-0 {White wins by adjudication}
Score of Tier2Combined vs Baseline: 204 - 183 - 146  [0.520] 533
Started game 546 of 10000 (Baseline vs Tier2Combined)
Finished game 535 (Tier2Combined vs Baseline): 1-0 {White wins by adjudication}
Score of Tier2Combined vs Baseline: 205 - 183 - 146  [0.521] 534
Started game 547 of 10000 (Tier2Combined vs Baseline)
Finished game 531 (Tier2Combined vs Baseline): 1/2-1/2 {Draw by fifty moves rule}
Score of Tier2Combined vs Baseline: 205 - 183 - 147  [0.521] 535
Started game 548 of 10000 (Baseline vs Tier2Combined)
Finished game 540 (Baseline vs Tier2Combined): 0-1 {Black wins by adjudication}
Score of Tier2Combined vs Baseline: 206 - 183 - 147  [0.521] 536
Started game 549 of 10000 (Tier2Combined vs Baseline)
Finished game 542 (Baseline vs Tier2Combined): 1-0 {White wins by adjudication}
Score of Tier2Combined vs Baseline: 206 - 184 - 147  [0.520] 537
Started game 550 of 10000 (Baseline vs Tier2Combined)
Finished game 538 (Baseline vs Tier2Combined): 1-0 {White wins by adjudication}
Score of Tier2Combined vs Baseline: 206 - 185 - 147  [0.520] 538
Started game 551 of 10000 (Tier2Combined vs Baseline)
Finished game 537 (Tier2Combined vs Baseline): 1/2-1/2 {Draw by 3-fold repetition}
Score of Tier2Combined vs Baseline: 206 - 185 - 148  [0.519] 539
Started game 552 of 10000 (Baseline vs Tier2Combined)
Finished game 534 (Baseline vs Tier2Combined): 1/2-1/2 {Draw by adjudication}
Score of Tier2Combined vs Baseline: 206 - 185 - 149  [0.519] 540
Started game 553 of 10000 (Tier2Combined vs Baseline)
Finished game 533 (Tier2Combined vs Baseline): 1-0 {White wins by adjudication}
Score of Tier2Combined vs Baseline: 207 - 185 - 149  [0.520] 541
Started game 554 of 10000 (Baseline vs Tier2Combined)
Finished game 541 (Tier2Combined vs Baseline): 1-0 {White wins by adjudication}
Score of Tier2Combined vs Baseline: 208 - 185 - 149  [0.521] 542
Started game 555 of 10000 (Tier2Combined vs Baseline)
Finished game 544 (Baseline vs Tier2Combined): 1/2-1/2 {Draw by 3-fold repetition}
Score of Tier2Combined vs Baseline: 208 - 185 - 150  [0.521] 543
Started game 556 of 10000 (Baseline vs Tier2Combined)
Finished game 543 (Tier2Combined vs Baseline): 1/2-1/2 {Draw by insufficient mating material}
Score of Tier2Combined vs Baseline: 208 - 185 - 151  [0.521] 544
Started game 557 of 10000 (Tier2Combined vs Baseline)
Finished game 550 (Baseline vs Tier2Combined): 0-1 {Black wins by adjudication}
Score of Tier2Combined vs Baseline: 209 - 185 - 151  [0.522] 545
Started game 558 of 10000 (Baseline vs Tier2Combined)
Finished game 548 (Baseline vs Tier2Combined): 0-1 {Black wins by adjudication}
Score of Tier2Combined vs Baseline: 210 - 185 - 151  [0.523] 546
Started game 559 of 10000 (Tier2Combined vs Baseline)
Finished game 546 (Baseline vs Tier2Combined): 0-1 {Black wins by adjudication}
Score of Tier2Combined vs Baseline: 211 - 185 - 151  [0.524] 547
Started game 560 of 10000 (Baseline vs Tier2Combined)
Finished game 549 (Tier2Combined vs Baseline): 1/2-1/2 {Draw by 3-fold repetition}
Score of Tier2Combined vs Baseline: 211 - 185 - 152  [0.524] 548
Started game 561 of 10000 (Tier2Combined vs Baseline)
Finished game 547 (Tier2Combined vs Baseline): 1-0 {White wins by adjudication}
Score of Tier2Combined vs Baseline: 212 - 185 - 152  [0.525] 549
Started game 562 of 10000 (Baseline vs Tier2Combined)
Finished game 551 (Tier2Combined vs Baseline): 1-0 {White wins by adjudication}
Score of Tier2Combined vs Baseline: 213 - 185 - 152  [0.525] 550
Started game 563 of 10000 (Tier2Combined vs Baseline)
Finished game 552 (Baseline vs Tier2Combined): 1-0 {White wins by adjudication}
Score of Tier2Combined vs Baseline: 213 - 186 - 152  [0.525] 551
Started game 564 of 10000 (Baseline vs Tier2Combined)
Finished game 545 (Tier2Combined vs Baseline): 1/2-1/2 {Draw by adjudication}
Score of Tier2Combined vs Baseline: 213 - 186 - 153  [0.524] 552
Started game 565 of 10000 (Tier2Combined vs Baseline)
Finished game 553 (Tier2Combined vs Baseline): 0-1 {Black wins by adjudication}
Score of Tier2Combined vs Baseline: 213 - 187 - 153  [0.524] 553
Started game 566 of 10000 (Baseline vs Tier2Combined)
Finished game 554 (Baseline vs Tier2Combined): 1-0 {White wins by adjudication}
Score of Tier2Combined vs Baseline: 213 - 188 - 153  [0.523] 554
Started game 567 of 10000 (Tier2Combined vs Baseline)
Finished game 555 (Tier2Combined vs Baseline): 0-1 {Black wins by adjudication}
Score of Tier2Combined vs Baseline: 213 - 189 - 153  [0.522] 555
Started game 568 of 10000 (Baseline vs Tier2Combined)
Finished game 557 (Tier2Combined vs Baseline): 0-1 {Black wins by adjudication}
Score of Tier2Combined vs Baseline: 213 - 190 - 153  [0.521] 556
Started game 569 of 10000 (Tier2Combined vs Baseline)
Finished game 559 (Tier2Combined vs Baseline): 0-1 {Black wins by adjudication}
Score of Tier2Combined vs Baseline: 213 - 191 - 153  [0.520] 557
Started game 570 of 10000 (Baseline vs Tier2Combined)
Finished game 556 (Baseline vs Tier2Combined): 1-0 {White wins by adjudication}
Score of Tier2Combined vs Baseline: 213 - 192 - 153  [0.519] 558
Started game 571 of 10000 (Tier2Combined vs Baseline)
Finished game 565 (Tier2Combined vs Baseline): 1-0 {White wins by adjudication}
Score of Tier2Combined vs Baseline: 214 - 192 - 153  [0.520] 559
Started game 572 of 10000 (Baseline vs Tier2Combined)
Finished game 560 (Baseline vs Tier2Combined): 1-0 {White wins by adjudication}
Score of Tier2Combined vs Baseline: 214 - 193 - 153  [0.519] 560
Started game 573 of 10000 (Tier2Combined vs Baseline)
Finished game 564 (Baseline vs Tier2Combined): 1-0 {White wins by adjudication}
Score of Tier2Combined vs Baseline: 214 - 194 - 153  [0.518] 561
Started game 574 of 10000 (Baseline vs Tier2Combined)
Finished game 558 (Baseline vs Tier2Combined): 0-1 {Black wins by adjudication}
Score of Tier2Combined vs Baseline: 215 - 194 - 153  [0.519] 562
Started game 575 of 10000 (Tier2Combined vs Baseline)
Finished game 566 (Baseline vs Tier2Combined): 0-1 {Black wins by adjudication}
Score of Tier2Combined vs Baseline: 216 - 194 - 153  [0.520] 563
Started game 576 of 10000 (Baseline vs Tier2Combined)
Finished game 563 (Tier2Combined vs Baseline): 1-0 {White wins by adjudication}
Score of Tier2Combined vs Baseline: 217 - 194 - 153  [0.520] 564
Started game 577 of 10000 (Tier2Combined vs Baseline)
Finished game 567 (Tier2Combined vs Baseline): 0-1 {Black wins by adjudication}
Score of Tier2Combined vs Baseline: 217 - 195 - 153  [0.519] 565
Started game 578 of 10000 (Baseline vs Tier2Combined)
Finished game 562 (Baseline vs Tier2Combined): 0-1 {Black wins by adjudication}
Score of Tier2Combined vs Baseline: 218 - 195 - 153  [0.520] 566
Started game 579 of 10000 (Tier2Combined vs Baseline)
Finished game 561 (Tier2Combined vs Baseline): 1/2-1/2 {Draw by insufficient mating material}
Score of Tier2Combined vs Baseline: 218 - 195 - 154  [0.520] 567
Started game 580 of 10000 (Baseline vs Tier2Combined)
Finished game 570 (Baseline vs Tier2Combined): 0-1 {Black wins by adjudication}
Score of Tier2Combined vs Baseline: 219 - 195 - 154  [0.521] 568
Started game 581 of 10000 (Tier2Combined vs Baseline)
Finished game 571 (Tier2Combined vs Baseline): 1-0 {White wins by adjudication}
Score of Tier2Combined vs Baseline: 220 - 195 - 154  [0.522] 569
Started game 582 of 10000 (Baseline vs Tier2Combined)
Finished game 568 (Baseline vs Tier2Combined): 1-0 {White mates}
Score of Tier2Combined vs Baseline: 220 - 196 - 154  [0.521] 570
Started game 583 of 10000 (Tier2Combined vs Baseline)
Finished game 572 (Baseline vs Tier2Combined): 1/2-1/2 {Draw by 3-fold repetition}
Score of Tier2Combined vs Baseline: 220 - 196 - 155  [0.521] 571
Started game 584 of 10000 (Baseline vs Tier2Combined)
Finished game 573 (Tier2Combined vs Baseline): 0-1 {Black wins by adjudication}
Score of Tier2Combined vs Baseline: 220 - 197 - 155  [0.520] 572
Started game 585 of 10000 (Tier2Combined vs Baseline)
Finished game 578 (Baseline vs Tier2Combined): 1-0 {White wins by adjudication}
Score of Tier2Combined vs Baseline: 220 - 198 - 155  [0.519] 573
Started game 586 of 10000 (Baseline vs Tier2Combined)
Finished game 574 (Baseline vs Tier2Combined): 0-1 {Black wins by adjudication}
Score of Tier2Combined vs Baseline: 221 - 198 - 155  [0.520] 574
Started game 587 of 10000 (Tier2Combined vs Baseline)
Finished game 576 (Baseline vs Tier2Combined): 0-1 {Black wins by adjudication}
Score of Tier2Combined vs Baseline: 222 - 198 - 155  [0.521] 575
Started game 588 of 10000 (Baseline vs Tier2Combined)
Finished game 569 (Tier2Combined vs Baseline): 0-1 {Black mates}
Score of Tier2Combined vs Baseline: 222 - 199 - 155  [0.520] 576
Started game 589 of 10000 (Tier2Combined vs Baseline)
Finished game 579 (Tier2Combined vs Baseline): 1-0 {White wins by adjudication}
Score of Tier2Combined vs Baseline: 223 - 199 - 155  [0.521] 577
Started game 590 of 10000 (Baseline vs Tier2Combined)
Finished game 580 (Baseline vs Tier2Combined): 1/2-1/2 {Draw by 3-fold repetition}
Score of Tier2Combined vs Baseline: 223 - 199 - 156  [0.521] 578
Started game 591 of 10000 (Tier2Combined vs Baseline)
Finished game 577 (Tier2Combined vs Baseline): 1-0 {White wins by adjudication}
Score of Tier2Combined vs Baseline: 224 - 199 - 156  [0.522] 579
Started game 592 of 10000 (Baseline vs Tier2Combined)
Finished game 581 (Tier2Combined vs Baseline): 0-1 {Black wins by adjudication}
Score of Tier2Combined vs Baseline: 224 - 200 - 156  [0.521] 580
Started game 593 of 10000 (Tier2Combined vs Baseline)
Finished game 575 (Tier2Combined vs Baseline): 0-1 {Black wins by adjudication}
Score of Tier2Combined vs Baseline: 224 - 201 - 156  [0.520] 581
Started game 594 of 10000 (Baseline vs Tier2Combined)
Finished game 586 (Baseline vs Tier2Combined): 1-0 {White wins by adjudication}
Score of Tier2Combined vs Baseline: 224 - 202 - 156  [0.519] 582
Started game 595 of 10000 (Tier2Combined vs Baseline)
Finished game 582 (Baseline vs Tier2Combined): 0-1 {Black wins by adjudication}
Score of Tier2Combined vs Baseline: 225 - 202 - 156  [0.520] 583
Started game 596 of 10000 (Baseline vs Tier2Combined)
Finished game 585 (Tier2Combined vs Baseline): 1-0 {White wins by adjudication}
Score of Tier2Combined vs Baseline: 226 - 202 - 156  [0.521] 584
Started game 597 of 10000 (Tier2Combined vs Baseline)
Finished game 588 (Baseline vs Tier2Combined): 1/2-1/2 {Draw by adjudication}
Score of Tier2Combined vs Baseline: 226 - 202 - 157  [0.521] 585
Started game 598 of 10000 (Baseline vs Tier2Combined)
Finished game 587 (Tier2Combined vs Baseline): 1-0 {White wins by adjudication}
Score of Tier2Combined vs Baseline: 227 - 202 - 157  [0.521] 586
Started game 599 of 10000 (Tier2Combined vs Baseline)
Finished game 583 (Tier2Combined vs Baseline): 1-0 {White mates}
Score of Tier2Combined vs Baseline: 228 - 202 - 157  [0.522] 587
Started game 600 of 10000 (Baseline vs Tier2Combined)
Finished game 590 (Baseline vs Tier2Combined): 1-0 {White wins by adjudication}
Score of Tier2Combined vs Baseline: 228 - 203 - 157  [0.521] 588
Started game 601 of 10000 (Tier2Combined vs Baseline)
Finished game 589 (Tier2Combined vs Baseline): 0-1 {Black wins by adjudication}
Score of Tier2Combined vs Baseline: 228 - 204 - 157  [0.520] 589
Started game 602 of 10000 (Baseline vs Tier2Combined)
Finished game 584 (Baseline vs Tier2Combined): 0-1 {Black wins by adjudication}
Score of Tier2Combined vs Baseline: 229 - 204 - 157  [0.521] 590
Started game 603 of 10000 (Tier2Combined vs Baseline)
Finished game 591 (Tier2Combined vs Baseline): 1/2-1/2 {Draw by insufficient mating material}
Score of Tier2Combined vs Baseline: 229 - 204 - 158  [0.521] 591
Started game 604 of 10000 (Baseline vs Tier2Combined)
Finished game 592 (Baseline vs Tier2Combined): 0-1 {Black wins by adjudication}
Score of Tier2Combined vs Baseline: 230 - 204 - 158  [0.522] 592
Started game 605 of 10000 (Tier2Combined vs Baseline)
Finished game 594 (Baseline vs Tier2Combined): 1/2-1/2 {Draw by 3-fold repetition}
Score of Tier2Combined vs Baseline: 230 - 204 - 159  [0.522] 593
Started game 606 of 10000 (Baseline vs Tier2Combined)
Finished game 599 (Tier2Combined vs Baseline): 0-1 {Black wins by adjudication}
Score of Tier2Combined vs Baseline: 230 - 205 - 159  [0.521] 594
Started game 607 of 10000 (Tier2Combined vs Baseline)
Finished game 593 (Tier2Combined vs Baseline): 1-0 {White mates}
Score of Tier2Combined vs Baseline: 231 - 205 - 159  [0.522] 595
Started game 608 of 10000 (Baseline vs Tier2Combined)
Finished game 595 (Tier2Combined vs Baseline): 1/2-1/2 {Draw by insufficient mating material}
Score of Tier2Combined vs Baseline: 231 - 205 - 160  [0.522] 596
Started game 609 of 10000 (Tier2Combined vs Baseline)
Finished game 596 (Baseline vs Tier2Combined): 1-0 {White wins by adjudication}
Score of Tier2Combined vs Baseline: 231 - 206 - 160  [0.521] 597
Started game 610 of 10000 (Baseline vs Tier2Combined)
Finished game 598 (Baseline vs Tier2Combined): 0-1 {Black wins by adjudication}
Score of Tier2Combined vs Baseline: 232 - 206 - 160  [0.522] 598
Started game 611 of 10000 (Tier2Combined vs Baseline)
Finished game 597 (Tier2Combined vs Baseline): 1-0 {White wins by adjudication}
Score of Tier2Combined vs Baseline: 233 - 206 - 160  [0.523] 599
Started game 612 of 10000 (Baseline vs Tier2Combined)
Finished game 600 (Baseline vs Tier2Combined): 0-1 {Black wins by adjudication}
Score of Tier2Combined vs Baseline: 234 - 206 - 160  [0.523] 600
Started game 613 of 10000 (Tier2Combined vs Baseline)
Finished game 602 (Baseline vs Tier2Combined): 1/2-1/2 {Draw by adjudication}
Score of Tier2Combined vs Baseline: 234 - 206 - 161  [0.523] 601
Started game 614 of 10000 (Baseline vs Tier2Combined)
Finished game 601 (Tier2Combined vs Baseline): 1-0 {White wins by adjudication}
Score of Tier2Combined vs Baseline: 235 - 206 - 161  [0.524] 602
Started game 615 of 10000 (Tier2Combined vs Baseline)
Finished game 605 (Tier2Combined vs Baseline): 1-0 {White wins by adjudication}
Score of Tier2Combined vs Baseline: 236 - 206 - 161  [0.525] 603
Started game 616 of 10000 (Baseline vs Tier2Combined)
Finished game 606 (Baseline vs Tier2Combined): 1/2-1/2 {Draw by 3-fold repetition}
Score of Tier2Combined vs Baseline: 236 - 206 - 162  [0.525] 604
Started game 617 of 10000 (Tier2Combined vs Baseline)
Finished game 604 (Baseline vs Tier2Combined): 0-1 {Black wins by adjudication}
Score of Tier2Combined vs Baseline: 237 - 206 - 162  [0.526] 605
Started game 618 of 10000 (Baseline vs Tier2Combined)
Finished game 608 (Baseline vs Tier2Combined): 0-1 {Black wins by adjudication}
Score of Tier2Combined vs Baseline: 238 - 206 - 162  [0.526] 606
Started game 619 of 10000 (Tier2Combined vs Baseline)
Finished game 603 (Tier2Combined vs Baseline): 1/2-1/2 {Draw by insufficient mating material}
Score of Tier2Combined vs Baseline: 238 - 206 - 163  [0.526] 607
Started game 620 of 10000 (Baseline vs Tier2Combined)
Finished game 610 (Baseline vs Tier2Combined): 1-0 {White wins by adjudication}
Score of Tier2Combined vs Baseline: 238 - 207 - 163  [0.525] 608
Started game 621 of 10000 (Tier2Combined vs Baseline)
Finished game 611 (Tier2Combined vs Baseline): 1-0 {White wins by adjudication}
Score of Tier2Combined vs Baseline: 239 - 207 - 163  [0.526] 609
Started game 622 of 10000 (Baseline vs Tier2Combined)
Finished game 607 (Tier2Combined vs Baseline): 0-1 {Black wins by adjudication}
Score of Tier2Combined vs Baseline: 239 - 208 - 163  [0.525] 610
Started game 623 of 10000 (Tier2Combined vs Baseline)
Finished game 612 (Baseline vs Tier2Combined): 1/2-1/2 {Draw by insufficient mating material}
Score of Tier2Combined vs Baseline: 239 - 208 - 164  [0.525] 611
Started game 624 of 10000 (Baseline vs Tier2Combined)
Finished game 614 (Baseline vs Tier2Combined): 0-1 {Black wins by adjudication}
Score of Tier2Combined vs Baseline: 240 - 208 - 164  [0.526] 612
Started game 625 of 10000 (Tier2Combined vs Baseline)
Finished game 613 (Tier2Combined vs Baseline): 1-0 {White wins by adjudication}
Score of Tier2Combined vs Baseline: 241 - 208 - 164  [0.527] 613
Started game 626 of 10000 (Baseline vs Tier2Combined)
Finished game 609 (Tier2Combined vs Baseline): 1-0 {White wins by adjudication}
Score of Tier2Combined vs Baseline: 242 - 208 - 164  [0.528] 614
Started game 627 of 10000 (Tier2Combined vs Baseline)
Finished game 616 (Baseline vs Tier2Combined): 0-1 {Black wins by adjudication}
Score of Tier2Combined vs Baseline: 243 - 208 - 164  [0.528] 615
Started game 628 of 10000 (Baseline vs Tier2Combined)
Finished game 615 (Tier2Combined vs Baseline): 0-1 {Black wins by adjudication}
Score of Tier2Combined vs Baseline: 243 - 209 - 164  [0.528] 616
Started game 629 of 10000 (Tier2Combined vs Baseline)
Finished game 617 (Tier2Combined vs Baseline): 1/2-1/2 {Draw by 3-fold repetition}
Score of Tier2Combined vs Baseline: 243 - 209 - 165  [0.528] 617
Started game 630 of 10000 (Baseline vs Tier2Combined)
Finished game 618 (Baseline vs Tier2Combined): 1-0 {White wins by adjudication}
Score of Tier2Combined vs Baseline: 243 - 210 - 165  [0.527] 618
Started game 631 of 10000 (Tier2Combined vs Baseline)
Finished game 622 (Baseline vs Tier2Combined): 1/2-1/2 {Draw by 3-fold repetition}
Score of Tier2Combined vs Baseline: 243 - 210 - 166  [0.527] 619
Started game 632 of 10000 (Baseline vs Tier2Combined)
Finished game 620 (Baseline vs Tier2Combined): 1-0 {White wins by adjudication}
Score of Tier2Combined vs Baseline: 243 - 211 - 166  [0.526] 620
Started game 633 of 10000 (Tier2Combined vs Baseline)
Finished game 623 (Tier2Combined vs Baseline): 1-0 {White wins by adjudication}
Score of Tier2Combined vs Baseline: 244 - 211 - 166  [0.527] 621
Started game 634 of 10000 (Baseline vs Tier2Combined)
Finished game 621 (Tier2Combined vs Baseline): 1-0 {White wins by adjudication}
Score of Tier2Combined vs Baseline: 245 - 211 - 166  [0.527] 622
Started game 635 of 10000 (Tier2Combined vs Baseline)
Finished game 625 (Tier2Combined vs Baseline): 0-1 {Black wins by adjudication}
Score of Tier2Combined vs Baseline: 245 - 212 - 166  [0.526] 623
Started game 636 of 10000 (Baseline vs Tier2Combined)
Finished game 619 (Tier2Combined vs Baseline): 1/2-1/2 {Draw by 3-fold repetition}
Score of Tier2Combined vs Baseline: 245 - 212 - 167  [0.526] 624
Started game 637 of 10000 (Tier2Combined vs Baseline)
Finished game 624 (Baseline vs Tier2Combined): 1-0 {White wins by adjudication}
Score of Tier2Combined vs Baseline: 245 - 213 - 167  [0.526] 625
Started game 638 of 10000 (Baseline vs Tier2Combined)
Finished game 635 (Tier2Combined vs Baseline): 1/2-1/2 {Draw by 3-fold repetition}
Score of Tier2Combined vs Baseline: 245 - 213 - 168  [0.526] 626
Started game 639 of 10000 (Tier2Combined vs Baseline)
Finished game 628 (Baseline vs Tier2Combined): 0-1 {Black wins by adjudication}
Score of Tier2Combined vs Baseline: 246 - 213 - 168  [0.526] 627
Started game 640 of 10000 (Baseline vs Tier2Combined)
Finished game 627 (Tier2Combined vs Baseline): 0-1 {Black wins by adjudication}
Score of Tier2Combined vs Baseline: 246 - 214 - 168  [0.525] 628
Started game 641 of 10000 (Tier2Combined vs Baseline)
Finished game 630 (Baseline vs Tier2Combined): 1/2-1/2 {Draw by adjudication}
Score of Tier2Combined vs Baseline: 246 - 214 - 169  [0.525] 629
Started game 642 of 10000 (Baseline vs Tier2Combined)
Finished game 631 (Tier2Combined vs Baseline): 1-0 {White wins by adjudication}
Score of Tier2Combined vs Baseline: 247 - 214 - 169  [0.526] 630
Started game 643 of 10000 (Tier2Combined vs Baseline)
Finished game 629 (Tier2Combined vs Baseline): 0-1 {Black wins by adjudication}
Score of Tier2Combined vs Baseline: 247 - 215 - 169  [0.525] 631
Started game 644 of 10000 (Baseline vs Tier2Combined)
Finished game 626 (Baseline vs Tier2Combined): 1/2-1/2 {Draw by fifty moves rule}
Score of Tier2Combined vs Baseline: 247 - 215 - 170  [0.525] 632
Started game 645 of 10000 (Tier2Combined vs Baseline)
Finished game 633 (Tier2Combined vs Baseline): 0-1 {Black wins by adjudication}
Score of Tier2Combined vs Baseline: 247 - 216 - 170  [0.524] 633
Started game 646 of 10000 (Baseline vs Tier2Combined)
Finished game 634 (Baseline vs Tier2Combined): 0-1 {Black wins by adjudication}
Score of Tier2Combined vs Baseline: 248 - 216 - 170  [0.525] 634
Started game 647 of 10000 (Tier2Combined vs Baseline)
Finished game 632 (Baseline vs Tier2Combined): 0-1 {Black wins by adjudication}
Score of Tier2Combined vs Baseline: 249 - 216 - 170  [0.526] 635
Started game 648 of 10000 (Baseline vs Tier2Combined)
Finished game 636 (Baseline vs Tier2Combined): 1-0 {White wins by adjudication}
Score of Tier2Combined vs Baseline: 249 - 217 - 170  [0.525] 636
Started game 649 of 10000 (Tier2Combined vs Baseline)
Finished game 637 (Tier2Combined vs Baseline): 1-0 {White wins by adjudication}
Score of Tier2Combined vs Baseline: 250 - 217 - 170  [0.526] 637
Started game 650 of 10000 (Baseline vs Tier2Combined)
Finished game 644 (Baseline vs Tier2Combined): 1-0 {White wins by adjudication}
Score of Tier2Combined vs Baseline: 250 - 218 - 170  [0.525] 638
Finished game 639 (Tier2Combined vs Baseline): 1-0 {White wins by adjudication}
Score of Tier2Combined vs Baseline: 251 - 218 - 170  [0.526] 639
Started game 651 of 10000 (Tier2Combined vs Baseline)
Started game 652 of 10000 (Baseline vs Tier2Combined)
Finished game 642 (Baseline vs Tier2Combined): 0-1 {Black wins by adjudication}
Score of Tier2Combined vs Baseline: 252 - 218 - 170  [0.527] 640
Started game 653 of 10000 (Tier2Combined vs Baseline)
Finished game 640 (Baseline vs Tier2Combined): 1-0 {White wins by adjudication}
Score of Tier2Combined vs Baseline: 252 - 219 - 170  [0.526] 641
Started game 654 of 10000 (Baseline vs Tier2Combined)
Finished game 643 (Tier2Combined vs Baseline): 0-1 {Black wins by adjudication}
Score of Tier2Combined vs Baseline: 252 - 220 - 170  [0.525] 642
Started game 655 of 10000 (Tier2Combined vs Baseline)
Finished game 641 (Tier2Combined vs Baseline): 0-1 {Black wins by adjudication}
Score of Tier2Combined vs Baseline: 252 - 221 - 170  [0.524] 643
Started game 656 of 10000 (Baseline vs Tier2Combined)
Finished game 645 (Tier2Combined vs Baseline): 1-0 {White wins by adjudication}
Score of Tier2Combined vs Baseline: 253 - 221 - 170  [0.525] 644
Started game 657 of 10000 (Tier2Combined vs Baseline)
Finished game 647 (Tier2Combined vs Baseline): 1-0 {White wins by adjudication}
Score of Tier2Combined vs Baseline: 254 - 221 - 170  [0.526] 645
Started game 658 of 10000 (Baseline vs Tier2Combined)
Finished game 646 (Baseline vs Tier2Combined): 0-1 {Black wins by adjudication}
Score of Tier2Combined vs Baseline: 255 - 221 - 170  [0.526] 646
Started game 659 of 10000 (Tier2Combined vs Baseline)
Finished game 638 (Baseline vs Tier2Combined): 1/2-1/2 {Draw by fifty moves rule}
Score of Tier2Combined vs Baseline: 255 - 221 - 171  [0.526] 647
Started game 660 of 10000 (Baseline vs Tier2Combined)
Finished game 649 (Tier2Combined vs Baseline): 0-1 {Black wins by adjudication}
Score of Tier2Combined vs Baseline: 255 - 222 - 171  [0.525] 648
Started game 661 of 10000 (Tier2Combined vs Baseline)
Finished game 648 (Baseline vs Tier2Combined): 1-0 {White wins by adjudication}
Score of Tier2Combined vs Baseline: 255 - 223 - 171  [0.525] 649
Started game 662 of 10000 (Baseline vs Tier2Combined)
Finished game 654 (Baseline vs Tier2Combined): 1/2-1/2 {Draw by 3-fold repetition}
Score of Tier2Combined vs Baseline: 255 - 223 - 172  [0.525] 650
Started game 663 of 10000 (Tier2Combined vs Baseline)
Finished game 653 (Tier2Combined vs Baseline): 0-1 {Black wins by adjudication}
Score of Tier2Combined vs Baseline: 255 - 224 - 172  [0.524] 651
Started game 664 of 10000 (Baseline vs Tier2Combined)
Finished game 651 (Tier2Combined vs Baseline): 1-0 {White wins by adjudication}
Score of Tier2Combined vs Baseline: 256 - 224 - 172  [0.525] 652
Started game 665 of 10000 (Tier2Combined vs Baseline)
Finished game 657 (Tier2Combined vs Baseline): 1-0 {White wins by adjudication}
Score of Tier2Combined vs Baseline: 257 - 224 - 172  [0.525] 653
Started game 666 of 10000 (Baseline vs Tier2Combined)
Finished game 652 (Baseline vs Tier2Combined): 1/2-1/2 {Draw by 3-fold repetition}
Score of Tier2Combined vs Baseline: 257 - 224 - 173  [0.525] 654
Started game 667 of 10000 (Tier2Combined vs Baseline)
Finished game 655 (Tier2Combined vs Baseline): 0-1 {Black wins by adjudication}
Score of Tier2Combined vs Baseline: 257 - 225 - 173  [0.524] 655
Started game 668 of 10000 (Baseline vs Tier2Combined)
Finished game 658 (Baseline vs Tier2Combined): 1-0 {White wins by adjudication}
Score of Tier2Combined vs Baseline: 257 - 226 - 173  [0.524] 656
Started game 669 of 10000 (Tier2Combined vs Baseline)
Finished game 650 (Baseline vs Tier2Combined): 1-0 {White wins by adjudication}
Score of Tier2Combined vs Baseline: 257 - 227 - 173  [0.523] 657
Started game 670 of 10000 (Baseline vs Tier2Combined)
Finished game 659 (Tier2Combined vs Baseline): 1/2-1/2 {Draw by 3-fold repetition}
Score of Tier2Combined vs Baseline: 257 - 227 - 174  [0.523] 658
Started game 671 of 10000 (Tier2Combined vs Baseline)
Finished game 661 (Tier2Combined vs Baseline): 0-1 {Black wins by adjudication}
Score of Tier2Combined vs Baseline: 257 - 228 - 174  [0.522] 659
Started game 672 of 10000 (Baseline vs Tier2Combined)
Finished game 660 (Baseline vs Tier2Combined): 1-0 {White wins by adjudication}
Score of Tier2Combined vs Baseline: 257 - 229 - 174  [0.521] 660
Started game 673 of 10000 (Tier2Combined vs Baseline)
Finished game 656 (Baseline vs Tier2Combined): 0-1 {Black wins by adjudication}
Score of Tier2Combined vs Baseline: 258 - 229 - 174  [0.522] 661
Started game 674 of 10000 (Baseline vs Tier2Combined)
Finished game 663 (Tier2Combined vs Baseline): 1-0 {White wins by adjudication}
Score of Tier2Combined vs Baseline: 259 - 229 - 174  [0.523] 662
Started game 675 of 10000 (Tier2Combined vs Baseline)
Finished game 662 (Baseline vs Tier2Combined): 0-1 {Black wins by adjudication}
Score of Tier2Combined vs Baseline: 260 - 229 - 174  [0.523] 663
Started game 676 of 10000 (Baseline vs Tier2Combined)
Finished game 669 (Tier2Combined vs Baseline): 1/2-1/2 {Draw by 3-fold repetition}
Score of Tier2Combined vs Baseline: 260 - 229 - 175  [0.523] 664
Started game 677 of 10000 (Tier2Combined vs Baseline)
Finished game 667 (Tier2Combined vs Baseline): 0-1 {Black wins by adjudication}
Score of Tier2Combined vs Baseline: 260 - 230 - 175  [0.523] 665
Started game 678 of 10000 (Baseline vs Tier2Combined)
Finished game 665 (Tier2Combined vs Baseline): 1/2-1/2 {Draw by stalemate}
Score of Tier2Combined vs Baseline: 260 - 230 - 176  [0.523] 666
Started game 679 of 10000 (Tier2Combined vs Baseline)
Finished game 668 (Baseline vs Tier2Combined): 1-0 {White wins by adjudication}
Score of Tier2Combined vs Baseline: 260 - 231 - 176  [0.522] 667
Started game 680 of 10000 (Baseline vs Tier2Combined)
Finished game 664 (Baseline vs Tier2Combined): 0-1 {Black wins by adjudication}
Score of Tier2Combined vs Baseline: 261 - 231 - 176  [0.522] 668
Started game 681 of 10000 (Tier2Combined vs Baseline)
Finished game 671 (Tier2Combined vs Baseline): 1-0 {White wins by adjudication}
Score of Tier2Combined vs Baseline: 262 - 231 - 176  [0.523] 669
Started game 682 of 10000 (Baseline vs Tier2Combined)
Finished game 675 (Tier2Combined vs Baseline): 1-0 {White wins by adjudication}
Score of Tier2Combined vs Baseline: 263 - 231 - 176  [0.524] 670
Started game 683 of 10000 (Tier2Combined vs Baseline)
Finished game 670 (Baseline vs Tier2Combined): 1-0 {White wins by adjudication}
Score of Tier2Combined vs Baseline: 263 - 232 - 176  [0.523] 671
Started game 684 of 10000 (Baseline vs Tier2Combined)
Finished game 673 (Tier2Combined vs Baseline): 1-0 {White wins by adjudication}
Score of Tier2Combined vs Baseline: 264 - 232 - 176  [0.524] 672
Started game 685 of 10000 (Tier2Combined vs Baseline)
Finished game 672 (Baseline vs Tier2Combined): 1-0 {White wins by adjudication}
Score of Tier2Combined vs Baseline: 264 - 233 - 176  [0.523] 673
Started game 686 of 10000 (Baseline vs Tier2Combined)
Finished game 666 (Baseline vs Tier2Combined): 1/2-1/2 {Draw by fifty moves rule}
Score of Tier2Combined vs Baseline: 264 - 233 - 177  [0.523] 674
Started game 687 of 10000 (Tier2Combined vs Baseline)
Finished game 674 (Baseline vs Tier2Combined): 0-1 {Black wins by adjudication}
Score of Tier2Combined vs Baseline: 265 - 233 - 177  [0.524] 675
Started game 688 of 10000 (Baseline vs Tier2Combined)
Finished game 676 (Baseline vs Tier2Combined): 1/2-1/2 {Draw by insufficient mating material}
Score of Tier2Combined vs Baseline: 265 - 233 - 178  [0.524] 676
Started game 689 of 10000 (Tier2Combined vs Baseline)
Finished game 678 (Baseline vs Tier2Combined): 1/2-1/2 {Draw by adjudication}
Score of Tier2Combined vs Baseline: 265 - 233 - 179  [0.524] 677
Started game 690 of 10000 (Baseline vs Tier2Combined)
Finished game 677 (Tier2Combined vs Baseline): 0-1 {Black wins by adjudication}
Score of Tier2Combined vs Baseline: 265 - 234 - 179  [0.523] 678
Started game 691 of 10000 (Tier2Combined vs Baseline)
Finished game 679 (Tier2Combined vs Baseline): 0-1 {Black wins by adjudication}
Score of Tier2Combined vs Baseline: 265 - 235 - 179  [0.522] 679
Started game 692 of 10000 (Baseline vs Tier2Combined)
Finished game 686 (Baseline vs Tier2Combined): 1-0 {White wins by adjudication}
Score of Tier2Combined vs Baseline: 265 - 236 - 179  [0.521] 680
Started game 693 of 10000 (Tier2Combined vs Baseline)
Finished game 684 (Baseline vs Tier2Combined): 1-0 {White wins by adjudication}
Score of Tier2Combined vs Baseline: 265 - 237 - 179  [0.521] 681
Started game 694 of 10000 (Baseline vs Tier2Combined)
Finished game 683 (Tier2Combined vs Baseline): 1/2-1/2 {Draw by adjudication}
Score of Tier2Combined vs Baseline: 265 - 237 - 180  [0.521] 682
Started game 695 of 10000 (Tier2Combined vs Baseline)
Finished game 685 (Tier2Combined vs Baseline): 1/2-1/2 {Draw by 3-fold repetition}
Score of Tier2Combined vs Baseline: 265 - 237 - 181  [0.520] 683
Started game 696 of 10000 (Baseline vs Tier2Combined)
Finished game 680 (Baseline vs Tier2Combined): 1-0 {White wins by adjudication}
Score of Tier2Combined vs Baseline: 265 - 238 - 181  [0.520] 684
Started game 697 of 10000 (Tier2Combined vs Baseline)
Finished game 687 (Tier2Combined vs Baseline): 0-1 {Black wins by adjudication}
Score of Tier2Combined vs Baseline: 265 - 239 - 181  [0.519] 685
Started game 698 of 10000 (Baseline vs Tier2Combined)
Finished game 681 (Tier2Combined vs Baseline): 1/2-1/2 {Draw by adjudication}
Score of Tier2Combined vs Baseline: 265 - 239 - 182  [0.519] 686
Started game 699 of 10000 (Tier2Combined vs Baseline)
Finished game 691 (Tier2Combined vs Baseline): 1-0 {White wins by adjudication}
Score of Tier2Combined vs Baseline: 266 - 239 - 182  [0.520] 687
Started game 700 of 10000 (Baseline vs Tier2Combined)
Finished game 682 (Baseline vs Tier2Combined): 1/2-1/2 {Draw by fifty moves rule}
Score of Tier2Combined vs Baseline: 266 - 239 - 183  [0.520] 688
Started game 701 of 10000 (Tier2Combined vs Baseline)
Finished game 689 (Tier2Combined vs Baseline): 1-0 {White wins by adjudication}
Score of Tier2Combined vs Baseline: 267 - 239 - 183  [0.520] 689
Started game 702 of 10000 (Baseline vs Tier2Combined)
Finished game 688 (Baseline vs Tier2Combined): 0-1 {Black mates}
Score of Tier2Combined vs Baseline: 268 - 239 - 183  [0.521] 690
Started game 703 of 10000 (Tier2Combined vs Baseline)
Finished game 692 (Baseline vs Tier2Combined): 1/2-1/2 {Draw by 3-fold repetition}
Score of Tier2Combined vs Baseline: 268 - 239 - 184  [0.521] 691
Started game 704 of 10000 (Baseline vs Tier2Combined)
Finished game 690 (Baseline vs Tier2Combined): 1-0 {White wins by adjudication}
Score of Tier2Combined vs Baseline: 268 - 240 - 184  [0.520] 692
Started game 705 of 10000 (Tier2Combined vs Baseline)
Finished game 695 (Tier2Combined vs Baseline): 0-1 {Black wins by adjudication}
Score of Tier2Combined vs Baseline: 268 - 241 - 184  [0.519] 693
Started game 706 of 10000 (Baseline vs Tier2Combined)
Finished game 699 (Tier2Combined vs Baseline): 1/2-1/2 {Draw by 3-fold repetition}
Score of Tier2Combined vs Baseline: 268 - 241 - 185  [0.519] 694
Started game 707 of 10000 (Tier2Combined vs Baseline)
Finished game 697 (Tier2Combined vs Baseline): 0-1 {Black wins by adjudication}
Score of Tier2Combined vs Baseline: 268 - 242 - 185  [0.519] 695
Started game 708 of 10000 (Baseline vs Tier2Combined)
Finished game 698 (Baseline vs Tier2Combined): 1-0 {White wins by adjudication}
Score of Tier2Combined vs Baseline: 268 - 243 - 185  [0.518] 696
Started game 709 of 10000 (Tier2Combined vs Baseline)
Finished game 694 (Baseline vs Tier2Combined): 0-1 {Black wins by adjudication}
Score of Tier2Combined vs Baseline: 269 - 243 - 185  [0.519] 697
Started game 710 of 10000 (Baseline vs Tier2Combined)
Finished game 701 (Tier2Combined vs Baseline): 1-0 {White wins by adjudication}
Score of Tier2Combined vs Baseline: 270 - 243 - 185  [0.519] 698
Started game 711 of 10000 (Tier2Combined vs Baseline)
Finished game 700 (Baseline vs Tier2Combined): 0-1 {Black wins by adjudication}
Score of Tier2Combined vs Baseline: 271 - 243 - 185  [0.520] 699
Started game 712 of 10000 (Baseline vs Tier2Combined)
Finished game 702 (Baseline vs Tier2Combined): 1-0 {White wins by adjudication}
Score of Tier2Combined vs Baseline: 271 - 244 - 185  [0.519] 700
Started game 713 of 10000 (Tier2Combined vs Baseline)
Finished game 693 (Tier2Combined vs Baseline): 1/2-1/2 {Draw by fifty moves rule}
Score of Tier2Combined vs Baseline: 271 - 244 - 186  [0.519] 701
Started game 714 of 10000 (Baseline vs Tier2Combined)
Finished game 704 (Baseline vs Tier2Combined): 1/2-1/2 {Draw by 3-fold repetition}
Score of Tier2Combined vs Baseline: 271 - 244 - 187  [0.519] 702
Started game 715 of 10000 (Tier2Combined vs Baseline)
Finished game 703 (Tier2Combined vs Baseline): 0-1 {Black wins by adjudication}
Score of Tier2Combined vs Baseline: 271 - 245 - 187  [0.518] 703
Started game 716 of 10000 (Baseline vs Tier2Combined)
Finished game 708 (Baseline vs Tier2Combined): 1/2-1/2 {Draw by 3-fold repetition}
Score of Tier2Combined vs Baseline: 271 - 245 - 188  [0.518] 704
Started game 717 of 10000 (Tier2Combined vs Baseline)
Finished game 696 (Baseline vs Tier2Combined): 1/2-1/2 {Draw by 3-fold repetition}
Score of Tier2Combined vs Baseline: 271 - 245 - 189  [0.518] 705
Started game 718 of 10000 (Baseline vs Tier2Combined)
Finished game 710 (Baseline vs Tier2Combined): 1-0 {White wins by adjudication}
Score of Tier2Combined vs Baseline: 271 - 246 - 189  [0.518] 706
Started game 719 of 10000 (Tier2Combined vs Baseline)
Finished game 706 (Baseline vs Tier2Combined): 1-0 {White wins by adjudication}
Score of Tier2Combined vs Baseline: 271 - 247 - 189  [0.517] 707
Started game 720 of 10000 (Baseline vs Tier2Combined)
Finished game 707 (Tier2Combined vs Baseline): 1-0 {White wins by adjudication}
Score of Tier2Combined vs Baseline: 272 - 247 - 189  [0.518] 708
Started game 721 of 10000 (Tier2Combined vs Baseline)
Finished game 709 (Tier2Combined vs Baseline): 1-0 {White wins by adjudication}
Score of Tier2Combined vs Baseline: 273 - 247 - 189  [0.518] 709
Started game 722 of 10000 (Baseline vs Tier2Combined)
Finished game 705 (Tier2Combined vs Baseline): 0-1 {Black wins by adjudication}
Score of Tier2Combined vs Baseline: 273 - 248 - 189  [0.518] 710
Started game 723 of 10000 (Tier2Combined vs Baseline)
Finished game 712 (Baseline vs Tier2Combined): 0-1 {Black wins by adjudication}
Score of Tier2Combined vs Baseline: 274 - 248 - 189  [0.518] 711
Started game 724 of 10000 (Baseline vs Tier2Combined)
Finished game 715 (Tier2Combined vs Baseline): 1-0 {White wins by adjudication}
Score of Tier2Combined vs Baseline: 275 - 248 - 189  [0.519] 712
Started game 725 of 10000 (Tier2Combined vs Baseline)
Finished game 714 (Baseline vs Tier2Combined): 0-1 {Black wins by adjudication}
Score of Tier2Combined vs Baseline: 276 - 248 - 189  [0.520] 713
Started game 726 of 10000 (Baseline vs Tier2Combined)
Finished game 716 (Baseline vs Tier2Combined): 1/2-1/2 {Draw by 3-fold repetition}
Score of Tier2Combined vs Baseline: 276 - 248 - 190  [0.520] 714
Started game 727 of 10000 (Tier2Combined vs Baseline)
Finished game 713 (Tier2Combined vs Baseline): 1-0 {White wins by adjudication}
Score of Tier2Combined vs Baseline: 277 - 248 - 190  [0.520] 715
Started game 728 of 10000 (Baseline vs Tier2Combined)
Finished game 718 (Baseline vs Tier2Combined): 0-1 {Black wins by adjudication}
Score of Tier2Combined vs Baseline: 278 - 248 - 190  [0.521] 716
Started game 729 of 10000 (Tier2Combined vs Baseline)
Finished game 717 (Tier2Combined vs Baseline): 1-0 {White wins by adjudication}
Score of Tier2Combined vs Baseline: 279 - 248 - 190  [0.522] 717
Started game 730 of 10000 (Baseline vs Tier2Combined)
Finished game 711 (Tier2Combined vs Baseline): 1/2-1/2 {Draw by adjudication}
Score of Tier2Combined vs Baseline: 279 - 248 - 191  [0.522] 718
Started game 731 of 10000 (Tier2Combined vs Baseline)
Finished game 722 (Baseline vs Tier2Combined): 1-0 {White wins by adjudication}
Score of Tier2Combined vs Baseline: 279 - 249 - 191  [0.521] 719
Started game 732 of 10000 (Baseline vs Tier2Combined)
Finished game 719 (Tier2Combined vs Baseline): 1-0 {White wins by adjudication}
Score of Tier2Combined vs Baseline: 280 - 249 - 191  [0.522] 720
Started game 733 of 10000 (Tier2Combined vs Baseline)
Finished game 721 (Tier2Combined vs Baseline): 1/2-1/2 {Draw by adjudication}
Score of Tier2Combined vs Baseline: 280 - 249 - 192  [0.521] 721
Started game 734 of 10000 (Baseline vs Tier2Combined)
Finished game 723 (Tier2Combined vs Baseline): 1-0 {White wins by adjudication}
Score of Tier2Combined vs Baseline: 281 - 249 - 192  [0.522] 722
Started game 735 of 10000 (Tier2Combined vs Baseline)
Finished game 720 (Baseline vs Tier2Combined): 1/2-1/2 {Draw by 3-fold repetition}
Score of Tier2Combined vs Baseline: 281 - 249 - 193  [0.522] 723
Started game 736 of 10000 (Baseline vs Tier2Combined)
Finished game 725 (Tier2Combined vs Baseline): 1/2-1/2 {Draw by 3-fold repetition}
Score of Tier2Combined vs Baseline: 281 - 249 - 194  [0.522] 724
Started game 737 of 10000 (Tier2Combined vs Baseline)
Finished game 724 (Baseline vs Tier2Combined): 0-1 {Black wins by adjudication}
Score of Tier2Combined vs Baseline: 282 - 249 - 194  [0.523] 725
Started game 738 of 10000 (Baseline vs Tier2Combined)
Finished game 727 (Tier2Combined vs Baseline): 1-0 {White wins by adjudication}
Score of Tier2Combined vs Baseline: 283 - 249 - 194  [0.523] 726
Started game 739 of 10000 (Tier2Combined vs Baseline)
Finished game 728 (Baseline vs Tier2Combined): 1-0 {White wins by adjudication}
Score of Tier2Combined vs Baseline: 283 - 250 - 194  [0.523] 727
Started game 740 of 10000 (Baseline vs Tier2Combined)
Finished game 731 (Tier2Combined vs Baseline): 0-1 {Black wins by adjudication}
Score of Tier2Combined vs Baseline: 283 - 251 - 194  [0.522] 728
Started game 741 of 10000 (Tier2Combined vs Baseline)
Finished game 726 (Baseline vs Tier2Combined): 1/2-1/2 {Draw by 3-fold repetition}
Score of Tier2Combined vs Baseline: 283 - 251 - 195  [0.522] 729
Started game 742 of 10000 (Baseline vs Tier2Combined)
Finished game 730 (Baseline vs Tier2Combined): 0-1 {Black wins by adjudication}
Score of Tier2Combined vs Baseline: 284 - 251 - 195  [0.523] 730
Started game 743 of 10000 (Tier2Combined vs Baseline)
Finished game 729 (Tier2Combined vs Baseline): 0-1 {Black wins by adjudication}
Score of Tier2Combined vs Baseline: 284 - 252 - 195  [0.522] 731
Started game 744 of 10000 (Baseline vs Tier2Combined)
Finished game 732 (Baseline vs Tier2Combined): 1/2-1/2 {Draw by 3-fold repetition}
Score of Tier2Combined vs Baseline: 284 - 252 - 196  [0.522] 732
Started game 745 of 10000 (Tier2Combined vs Baseline)
Finished game 733 (Tier2Combined vs Baseline): 1/2-1/2 {Draw by adjudication}
Score of Tier2Combined vs Baseline: 284 - 252 - 197  [0.522] 733
Started game 746 of 10000 (Baseline vs Tier2Combined)
Finished game 734 (Baseline vs Tier2Combined): 1-0 {White wins by adjudication}
Score of Tier2Combined vs Baseline: 284 - 253 - 197  [0.521] 734
Started game 747 of 10000 (Tier2Combined vs Baseline)
Finished game 735 (Tier2Combined vs Baseline): 1-0 {White wins by adjudication}
Score of Tier2Combined vs Baseline: 285 - 253 - 197  [0.522] 735
Started game 748 of 10000 (Baseline vs Tier2Combined)
Finished game 739 (Tier2Combined vs Baseline): 1-0 {White wins by adjudication}
Score of Tier2Combined vs Baseline: 286 - 253 - 197  [0.522] 736
Started game 749 of 10000 (Tier2Combined vs Baseline)
Finished game 736 (Baseline vs Tier2Combined): 0-1 {Black wins by adjudication}
Score of Tier2Combined vs Baseline: 287 - 253 - 197  [0.523] 737
Started game 750 of 10000 (Baseline vs Tier2Combined)
Finished game 737 (Tier2Combined vs Baseline): 1-0 {White wins by adjudication}
Score of Tier2Combined vs Baseline: 288 - 253 - 197  [0.524] 738
Started game 751 of 10000 (Tier2Combined vs Baseline)
Finished game 743 (Tier2Combined vs Baseline): 1/2-1/2 {Draw by 3-fold repetition}
Score of Tier2Combined vs Baseline: 288 - 253 - 198  [0.524] 739
Started game 752 of 10000 (Baseline vs Tier2Combined)
Finished game 740 (Baseline vs Tier2Combined): 0-1 {Black wins by adjudication}
Score of Tier2Combined vs Baseline: 289 - 253 - 198  [0.524] 740
Started game 753 of 10000 (Tier2Combined vs Baseline)
Finished game 744 (Baseline vs Tier2Combined): 1-0 {White wins by adjudication}
Score of Tier2Combined vs Baseline: 289 - 254 - 198  [0.524] 741
Started game 754 of 10000 (Baseline vs Tier2Combined)
Finished game 741 (Tier2Combined vs Baseline): 0-1 {Black wins by adjudication}
Score of Tier2Combined vs Baseline: 289 - 255 - 198  [0.523] 742
Started game 755 of 10000 (Tier2Combined vs Baseline)
Finished game 750 (Baseline vs Tier2Combined): 0-1 {Black wins by adjudication}
Score of Tier2Combined vs Baseline: 290 - 255 - 198  [0.524] 743
Started game 756 of 10000 (Baseline vs Tier2Combined)
Finished game 745 (Tier2Combined vs Baseline): 1/2-1/2 {Draw by insufficient mating material}
Score of Tier2Combined vs Baseline: 290 - 255 - 199  [0.524] 744
Started game 757 of 10000 (Tier2Combined vs Baseline)
Finished game 746 (Baseline vs Tier2Combined): 0-1 {Black wins by adjudication}
Score of Tier2Combined vs Baseline: 291 - 255 - 199  [0.524] 745
Started game 758 of 10000 (Baseline vs Tier2Combined)
Finished game 749 (Tier2Combined vs Baseline): 1-0 {White wins by adjudication}
Score of Tier2Combined vs Baseline: 292 - 255 - 199  [0.525] 746
Started game 759 of 10000 (Tier2Combined vs Baseline)
Finished game 751 (Tier2Combined vs Baseline): 1-0 {White wins by adjudication}
Score of Tier2Combined vs Baseline: 293 - 255 - 199  [0.525] 747
Started game 760 of 10000 (Baseline vs Tier2Combined)
Finished game 747 (Tier2Combined vs Baseline): 1-0 {White wins by adjudication}
Score of Tier2Combined vs Baseline: 294 - 255 - 199  [0.526] 748
Started game 761 of 10000 (Tier2Combined vs Baseline)
Finished game 742 (Baseline vs Tier2Combined): 0-1 {Black wins by adjudication}
Score of Tier2Combined vs Baseline: 295 - 255 - 199  [0.527] 749
Started game 762 of 10000 (Baseline vs Tier2Combined)
Finished game 752 (Baseline vs Tier2Combined): 1-0 {White wins by adjudication}
Score of Tier2Combined vs Baseline: 295 - 256 - 199  [0.526] 750
Started game 763 of 10000 (Tier2Combined vs Baseline)
Finished game 753 (Tier2Combined vs Baseline): 1-0 {White wins by adjudication}
Score of Tier2Combined vs Baseline: 296 - 256 - 199  [0.527] 751
Started game 764 of 10000 (Baseline vs Tier2Combined)
Finished game 738 (Baseline vs Tier2Combined): 1/2-1/2 {Draw by fifty moves rule}
Score of Tier2Combined vs Baseline: 296 - 256 - 200  [0.527] 752
Started game 765 of 10000 (Tier2Combined vs Baseline)
Finished game 748 (Baseline vs Tier2Combined): 1/2-1/2 {Draw by 3-fold repetition}
Score of Tier2Combined vs Baseline: 296 - 256 - 201  [0.527] 753
Started game 766 of 10000 (Baseline vs Tier2Combined)
Finished game 755 (Tier2Combined vs Baseline): 0-1 {Black wins by adjudication}
Score of Tier2Combined vs Baseline: 296 - 257 - 201  [0.526] 754
Started game 767 of 10000 (Tier2Combined vs Baseline)
Finished game 754 (Baseline vs Tier2Combined): 0-1 {Black wins by adjudication}
Score of Tier2Combined vs Baseline: 297 - 257 - 201  [0.526] 755
Started game 768 of 10000 (Baseline vs Tier2Combined)
Finished game 759 (Tier2Combined vs Baseline): 0-1 {Black wins by adjudication}
Score of Tier2Combined vs Baseline: 297 - 258 - 201  [0.526] 756
Started game 769 of 10000 (Tier2Combined vs Baseline)
Finished game 756 (Baseline vs Tier2Combined): 0-1 {Black wins by adjudication}
Score of Tier2Combined vs Baseline: 298 - 258 - 201  [0.526] 757
Started game 770 of 10000 (Baseline vs Tier2Combined)
Finished game 760 (Baseline vs Tier2Combined): 0-1 {Black wins by adjudication}
Score of Tier2Combined vs Baseline: 299 - 258 - 201  [0.527] 758
Started game 771 of 10000 (Tier2Combined vs Baseline)
Finished game 762 (Baseline vs Tier2Combined): 1-0 {White wins by adjudication}
Score of Tier2Combined vs Baseline: 299 - 259 - 201  [0.526] 759
Started game 772 of 10000 (Baseline vs Tier2Combined)
Finished game 761 (Tier2Combined vs Baseline): 0-1 {Black wins by adjudication}
Score of Tier2Combined vs Baseline: 299 - 260 - 201  [0.526] 760
Started game 773 of 10000 (Tier2Combined vs Baseline)
Finished game 757 (Tier2Combined vs Baseline): 0-1 {Black wins by adjudication}
Score of Tier2Combined vs Baseline: 299 - 261 - 201  [0.525] 761
Started game 774 of 10000 (Baseline vs Tier2Combined)
Finished game 763 (Tier2Combined vs Baseline): 1-0 {White wins by adjudication}
Score of Tier2Combined vs Baseline: 300 - 261 - 201  [0.526] 762
Started game 775 of 10000 (Tier2Combined vs Baseline)
Finished game 758 (Baseline vs Tier2Combined): 0-1 {Black wins by adjudication}
Score of Tier2Combined vs Baseline: 301 - 261 - 201  [0.526] 763
Started game 776 of 10000 (Baseline vs Tier2Combined)
Finished game 766 (Baseline vs Tier2Combined): 1-0 {White wins by adjudication}
Score of Tier2Combined vs Baseline: 301 - 262 - 201  [0.526] 764
Started game 777 of 10000 (Tier2Combined vs Baseline)
Finished game 764 (Baseline vs Tier2Combined): 1/2-1/2 {Draw by insufficient mating material}
Score of Tier2Combined vs Baseline: 301 - 262 - 202  [0.525] 765
Started game 778 of 10000 (Baseline vs Tier2Combined)
Finished game 769 (Tier2Combined vs Baseline): 0-1 {Black wins by adjudication}
Score of Tier2Combined vs Baseline: 301 - 263 - 202  [0.525] 766
Started game 779 of 10000 (Tier2Combined vs Baseline)
Finished game 765 (Tier2Combined vs Baseline): 0-1 {Black wins by adjudication}
Score of Tier2Combined vs Baseline: 301 - 264 - 202  [0.524] 767
Started game 780 of 10000 (Baseline vs Tier2Combined)
Finished game 770 (Baseline vs Tier2Combined): 1-0 {White wins by adjudication}
Score of Tier2Combined vs Baseline: 301 - 265 - 202  [0.523] 768
Started game 781 of 10000 (Tier2Combined vs Baseline)
Finished game 767 (Tier2Combined vs Baseline): 0-1 {Black wins by adjudication}
Score of Tier2Combined vs Baseline: 301 - 266 - 202  [0.523] 769
Started game 782 of 10000 (Baseline vs Tier2Combined)
Finished game 772 (Baseline vs Tier2Combined): 1-0 {White wins by adjudication}
Score of Tier2Combined vs Baseline: 301 - 267 - 202  [0.522] 770
Started game 783 of 10000 (Tier2Combined vs Baseline)
Finished game 773 (Tier2Combined vs Baseline): 0-1 {Black wins by adjudication}
Score of Tier2Combined vs Baseline: 301 - 268 - 202  [0.521] 771
Started game 784 of 10000 (Baseline vs Tier2Combined)
Finished game 774 (Baseline vs Tier2Combined): 1-0 {White wins by adjudication}
Score of Tier2Combined vs Baseline: 301 - 269 - 202  [0.521] 772
Started game 785 of 10000 (Tier2Combined vs Baseline)
Finished game 768 (Baseline vs Tier2Combined): 0-1 {Black wins by adjudication}
Score of Tier2Combined vs Baseline: 302 - 269 - 202  [0.521] 773
Started game 786 of 10000 (Baseline vs Tier2Combined)
Finished game 771 (Tier2Combined vs Baseline): 1-0 {White wins by adjudication}
Score of Tier2Combined vs Baseline: 303 - 269 - 202  [0.522] 774
Finished game 776 (Baseline vs Tier2Combined): 0-1 {Black wins by adjudication}
Score of Tier2Combined vs Baseline: 304 - 269 - 202  [0.523] 775
Started game 788 of 10000 (Baseline vs Tier2Combined)
Started game 787 of 10000 (Tier2Combined vs Baseline)
Finished game 775 (Tier2Combined vs Baseline): 1-0 {White wins by adjudication}
Score of Tier2Combined vs Baseline: 305 - 269 - 202  [0.523] 776
Started game 789 of 10000 (Tier2Combined vs Baseline)
Finished game 778 (Baseline vs Tier2Combined): 1-0 {White wins by adjudication}
Score of Tier2Combined vs Baseline: 305 - 270 - 202  [0.523] 777
Started game 790 of 10000 (Baseline vs Tier2Combined)
Finished game 780 (Baseline vs Tier2Combined): 1/2-1/2 {Draw by 3-fold repetition}
Score of Tier2Combined vs Baseline: 305 - 270 - 203  [0.522] 778
Started game 791 of 10000 (Tier2Combined vs Baseline)
Finished game 779 (Tier2Combined vs Baseline): 0-1 {Black wins by adjudication}
Score of Tier2Combined vs Baseline: 305 - 271 - 203  [0.522] 779
Started game 792 of 10000 (Baseline vs Tier2Combined)
Finished game 781 (Tier2Combined vs Baseline): 1-0 {White wins by adjudication}
Score of Tier2Combined vs Baseline: 306 - 271 - 203  [0.522] 780
Started game 793 of 10000 (Tier2Combined vs Baseline)
Finished game 777 (Tier2Combined vs Baseline): 1-0 {White mates}
Score of Tier2Combined vs Baseline: 307 - 271 - 203  [0.523] 781
Started game 794 of 10000 (Baseline vs Tier2Combined)
Finished game 783 (Tier2Combined vs Baseline): 1-0 {White wins by adjudication}
Score of Tier2Combined vs Baseline: 308 - 271 - 203  [0.524] 782
Started game 795 of 10000 (Tier2Combined vs Baseline)
Finished game 782 (Baseline vs Tier2Combined): 0-1 {Black wins by adjudication}
Score of Tier2Combined vs Baseline: 309 - 271 - 203  [0.524] 783
Started game 796 of 10000 (Baseline vs Tier2Combined)
Finished game 785 (Tier2Combined vs Baseline): 1/2-1/2 {Draw by insufficient mating material}
Score of Tier2Combined vs Baseline: 309 - 271 - 204  [0.524] 784
Started game 797 of 10000 (Tier2Combined vs Baseline)
Finished game 786 (Baseline vs Tier2Combined): 1/2-1/2 {Draw by adjudication}
Score of Tier2Combined vs Baseline: 309 - 271 - 205  [0.524] 785
Finished game 784 (Baseline vs Tier2Combined): 0-1 {Black wins by adjudication}
Score of Tier2Combined vs Baseline: 310 - 271 - 205  [0.525] 786
Started game 798 of 10000 (Baseline vs Tier2Combined)
Started game 799 of 10000 (Tier2Combined vs Baseline)
Finished game 793 (Tier2Combined vs Baseline): 1/2-1/2 {Draw by 3-fold repetition}
Score of Tier2Combined vs Baseline: 310 - 271 - 206  [0.525] 787
Started game 800 of 10000 (Baseline vs Tier2Combined)
Finished game 792 (Baseline vs Tier2Combined): 0-1 {Black wins by adjudication}
Score of Tier2Combined vs Baseline: 311 - 271 - 206  [0.525] 788
Started game 801 of 10000 (Tier2Combined vs Baseline)
Finished game 787 (Tier2Combined vs Baseline): 1/2-1/2 {Draw by fifty moves rule}
Score of Tier2Combined vs Baseline: 311 - 271 - 207  [0.525] 789
Started game 802 of 10000 (Baseline vs Tier2Combined)
Finished game 788 (Baseline vs Tier2Combined): 1-0 {White wins by adjudication}
Score of Tier2Combined vs Baseline: 311 - 272 - 207  [0.525] 790
Started game 803 of 10000 (Tier2Combined vs Baseline)
Finished game 799 (Tier2Combined vs Baseline): 0-1 {Black wins by adjudication}
Score of Tier2Combined vs Baseline: 311 - 273 - 207  [0.524] 791
Started game 804 of 10000 (Baseline vs Tier2Combined)
Finished game 789 (Tier2Combined vs Baseline): 1-0 {White wins by adjudication}
Score of Tier2Combined vs Baseline: 312 - 273 - 207  [0.525] 792
Started game 805 of 10000 (Tier2Combined vs Baseline)
Finished game 794 (Baseline vs Tier2Combined): 1-0 {White wins by adjudication}
Score of Tier2Combined vs Baseline: 312 - 274 - 207  [0.524] 793
Started game 806 of 10000 (Baseline vs Tier2Combined)
Finished game 791 (Tier2Combined vs Baseline): 1/2-1/2 {Draw by adjudication}
Score of Tier2Combined vs Baseline: 312 - 274 - 208  [0.524] 794
Started game 807 of 10000 (Tier2Combined vs Baseline)
Finished game 797 (Tier2Combined vs Baseline): 0-1 {Black wins by adjudication}
Score of Tier2Combined vs Baseline: 312 - 275 - 208  [0.523] 795
Started game 808 of 10000 (Baseline vs Tier2Combined)
Finished game 798 (Baseline vs Tier2Combined): 1-0 {White mates}
Score of Tier2Combined vs Baseline: 312 - 276 - 208  [0.523] 796
Started game 809 of 10000 (Tier2Combined vs Baseline)
Finished game 796 (Baseline vs Tier2Combined): 1-0 {White wins by adjudication}
Score of Tier2Combined vs Baseline: 312 - 277 - 208  [0.522] 797
Started game 810 of 10000 (Baseline vs Tier2Combined)
Finished game 795 (Tier2Combined vs Baseline): 1/2-1/2 {Draw by 3-fold repetition}
Score of Tier2Combined vs Baseline: 312 - 277 - 209  [0.522] 798
Started game 811 of 10000 (Tier2Combined vs Baseline)
Finished game 790 (Baseline vs Tier2Combined): 1/2-1/2 {Draw by fifty moves rule}
Score of Tier2Combined vs Baseline: 312 - 277 - 210  [0.522] 799
Started game 812 of 10000 (Baseline vs Tier2Combined)
Finished game 803 (Tier2Combined vs Baseline): 1-0 {White wins by adjudication}
Score of Tier2Combined vs Baseline: 313 - 277 - 210  [0.522] 800
Started game 813 of 10000 (Tier2Combined vs Baseline)
Finished game 800 (Baseline vs Tier2Combined): 0-1 {Black wins by adjudication}
Score of Tier2Combined vs Baseline: 314 - 277 - 210  [0.523] 801
Started game 814 of 10000 (Baseline vs Tier2Combined)
Finished game 804 (Baseline vs Tier2Combined): 1-0 {White wins by adjudication}
Score of Tier2Combined vs Baseline: 314 - 278 - 210  [0.522] 802
Started game 815 of 10000 (Tier2Combined vs Baseline)
Finished game 802 (Baseline vs Tier2Combined): 1/2-1/2 {Draw by 3-fold repetition}
Score of Tier2Combined vs Baseline: 314 - 278 - 211  [0.522] 803
Started game 816 of 10000 (Baseline vs Tier2Combined)
Finished game 801 (Tier2Combined vs Baseline): 1-0 {White wins by adjudication}
Score of Tier2Combined vs Baseline: 315 - 278 - 211  [0.523] 804
Started game 817 of 10000 (Tier2Combined vs Baseline)
Finished game 806 (Baseline vs Tier2Combined): 1-0 {White wins by adjudication}
Score of Tier2Combined vs Baseline: 315 - 279 - 211  [0.522] 805
Started game 818 of 10000 (Baseline vs Tier2Combined)
Finished game 807 (Tier2Combined vs Baseline): 0-1 {Black wins by adjudication}
Score of Tier2Combined vs Baseline: 315 - 280 - 211  [0.522] 806
Started game 819 of 10000 (Tier2Combined vs Baseline)
Finished game 805 (Tier2Combined vs Baseline): 0-1 {Black wins by adjudication}
Score of Tier2Combined vs Baseline: 315 - 281 - 211  [0.521] 807
Started game 820 of 10000 (Baseline vs Tier2Combined)
Finished game 809 (Tier2Combined vs Baseline): 1/2-1/2 {Draw by insufficient mating material}
Score of Tier2Combined vs Baseline: 315 - 281 - 212  [0.521] 808
Started game 821 of 10000 (Tier2Combined vs Baseline)
Finished game 812 (Baseline vs Tier2Combined): 0-1 {Black wins by adjudication}
Score of Tier2Combined vs Baseline: 316 - 281 - 212  [0.522] 809
Started game 822 of 10000 (Baseline vs Tier2Combined)
Finished game 810 (Baseline vs Tier2Combined): 0-1 {Black wins by adjudication}
Score of Tier2Combined vs Baseline: 317 - 281 - 212  [0.522] 810
Started game 823 of 10000 (Tier2Combined vs Baseline)
Finished game 808 (Baseline vs Tier2Combined): 1-0 {White wins by adjudication}
Score of Tier2Combined vs Baseline: 317 - 282 - 212  [0.522] 811
Started game 824 of 10000 (Baseline vs Tier2Combined)
Finished game 814 (Baseline vs Tier2Combined): 1-0 {White wins by adjudication}
Score of Tier2Combined vs Baseline: 317 - 283 - 212  [0.521] 812
Started game 825 of 10000 (Tier2Combined vs Baseline)
Finished game 818 (Baseline vs Tier2Combined): 1/2-1/2 {Draw by 3-fold repetition}
Score of Tier2Combined vs Baseline: 317 - 283 - 213  [0.521] 813
Started game 826 of 10000 (Baseline vs Tier2Combined)
Finished game 817 (Tier2Combined vs Baseline): 1/2-1/2 {Draw by 3-fold repetition}
Score of Tier2Combined vs Baseline: 317 - 283 - 214  [0.521] 814
Started game 827 of 10000 (Tier2Combined vs Baseline)
Finished game 811 (Tier2Combined vs Baseline): 0-1 {Black wins by adjudication}
Score of Tier2Combined vs Baseline: 317 - 284 - 214  [0.520] 815
Started game 828 of 10000 (Baseline vs Tier2Combined)
Finished game 820 (Baseline vs Tier2Combined): 1-0 {White wins by adjudication}
Score of Tier2Combined vs Baseline: 317 - 285 - 214  [0.520] 816
Started game 829 of 10000 (Tier2Combined vs Baseline)
Finished game 815 (Tier2Combined vs Baseline): 0-1 {Black wins by adjudication}
Score of Tier2Combined vs Baseline: 317 - 286 - 214  [0.519] 817
Started game 830 of 10000 (Baseline vs Tier2Combined)
Finished game 816 (Baseline vs Tier2Combined): 0-1 {Black wins by adjudication}
Score of Tier2Combined vs Baseline: 318 - 286 - 214  [0.520] 818
Started game 831 of 10000 (Tier2Combined vs Baseline)
Finished game 819 (Tier2Combined vs Baseline): 1-0 {White wins by adjudication}
Score of Tier2Combined vs Baseline: 319 - 286 - 214  [0.520] 819
Started game 832 of 10000 (Baseline vs Tier2Combined)
Finished game 813 (Tier2Combined vs Baseline): 1-0 {White wins by adjudication}
Score of Tier2Combined vs Baseline: 320 - 286 - 214  [0.521] 820
Started game 833 of 10000 (Tier2Combined vs Baseline)
Finished game 821 (Tier2Combined vs Baseline): 1/2-1/2 {Draw by 3-fold repetition}
Score of Tier2Combined vs Baseline: 320 - 286 - 215  [0.521] 821
Started game 834 of 10000 (Baseline vs Tier2Combined)
Finished game 824 (Baseline vs Tier2Combined): 1-0 {White wins by adjudication}
Score of Tier2Combined vs Baseline: 320 - 287 - 215  [0.520] 822
Started game 835 of 10000 (Tier2Combined vs Baseline)
Finished game 825 (Tier2Combined vs Baseline): 1-0 {White wins by adjudication}
Score of Tier2Combined vs Baseline: 321 - 287 - 215  [0.521] 823
Started game 836 of 10000 (Baseline vs Tier2Combined)
Finished game 829 (Tier2Combined vs Baseline): 1-0 {White wins by adjudication}
Score of Tier2Combined vs Baseline: 322 - 287 - 215  [0.521] 824
Started game 837 of 10000 (Tier2Combined vs Baseline)
Finished game 823 (Tier2Combined vs Baseline): 1-0 {White wins by adjudication}
Score of Tier2Combined vs Baseline: 323 - 287 - 215  [0.522] 825
Started game 838 of 10000 (Baseline vs Tier2Combined)
Finished game 828 (Baseline vs Tier2Combined): 0-1 {Black wins by adjudication}
Score of Tier2Combined vs Baseline: 324 - 287 - 215  [0.522] 826
Started game 839 of 10000 (Tier2Combined vs Baseline)
Finished game 827 (Tier2Combined vs Baseline): 1/2-1/2 {Draw by 3-fold repetition}
Score of Tier2Combined vs Baseline: 324 - 287 - 216  [0.522] 827
Started game 840 of 10000 (Baseline vs Tier2Combined)
Finished game 826 (Baseline vs Tier2Combined): 0-1 {Black wins by adjudication}
Score of Tier2Combined vs Baseline: 325 - 287 - 216  [0.523] 828
Started game 841 of 10000 (Tier2Combined vs Baseline)
Finished game 822 (Baseline vs Tier2Combined): 1/2-1/2 {Draw by fifty moves rule}
Score of Tier2Combined vs Baseline: 325 - 287 - 217  [0.523] 829
Started game 842 of 10000 (Baseline vs Tier2Combined)
Finished game 831 (Tier2Combined vs Baseline): 0-1 {Black wins by adjudication}
Score of Tier2Combined vs Baseline: 325 - 288 - 217  [0.522] 830
Started game 843 of 10000 (Tier2Combined vs Baseline)
Finished game 833 (Tier2Combined vs Baseline): 1-0 {White wins by adjudication}
Score of Tier2Combined vs Baseline: 326 - 288 - 217  [0.523] 831
Started game 844 of 10000 (Baseline vs Tier2Combined)
Finished game 830 (Baseline vs Tier2Combined): 1/2-1/2 {Draw by 3-fold repetition}
Score of Tier2Combined vs Baseline: 326 - 288 - 218  [0.523] 832
Started game 845 of 10000 (Tier2Combined vs Baseline)
Finished game 832 (Baseline vs Tier2Combined): 1-0 {White wins by adjudication}
Score of Tier2Combined vs Baseline: 326 - 289 - 218  [0.522] 833
Started game 846 of 10000 (Baseline vs Tier2Combined)
Finished game 838 (Baseline vs Tier2Combined): 1-0 {White wins by adjudication}
Score of Tier2Combined vs Baseline: 326 - 290 - 218  [0.522] 834
Started game 847 of 10000 (Tier2Combined vs Baseline)
Finished game 837 (Tier2Combined vs Baseline): 1-0 {White wins by adjudication}
Score of Tier2Combined vs Baseline: 327 - 290 - 218  [0.522] 835
Started game 848 of 10000 (Baseline vs Tier2Combined)
Finished game 835 (Tier2Combined vs Baseline): 0-1 {Black wins by adjudication}
Score of Tier2Combined vs Baseline: 327 - 291 - 218  [0.522] 836
Started game 849 of 10000 (Tier2Combined vs Baseline)
Finished game 834 (Baseline vs Tier2Combined): 1/2-1/2 {Draw by 3-fold repetition}
Score of Tier2Combined vs Baseline: 327 - 291 - 219  [0.522] 837
Started game 850 of 10000 (Baseline vs Tier2Combined)
Finished game 844 (Baseline vs Tier2Combined): 1/2-1/2 {Draw by 3-fold repetition}
Score of Tier2Combined vs Baseline: 327 - 291 - 220  [0.521] 838
Started game 851 of 10000 (Tier2Combined vs Baseline)
Finished game 846 (Baseline vs Tier2Combined): 1-0 {White wins by adjudication}
Score of Tier2Combined vs Baseline: 327 - 292 - 220  [0.521] 839
Started game 852 of 10000 (Baseline vs Tier2Combined)
Finished game 839 (Tier2Combined vs Baseline): 1-0 {White wins by adjudication}
Score of Tier2Combined vs Baseline: 328 - 292 - 220  [0.521] 840
Started game 853 of 10000 (Tier2Combined vs Baseline)
Finished game 836 (Baseline vs Tier2Combined): 1/2-1/2 {Draw by insufficient mating material}
Score of Tier2Combined vs Baseline: 328 - 292 - 221  [0.521] 841
Started game 854 of 10000 (Baseline vs Tier2Combined)
Finished game 845 (Tier2Combined vs Baseline): 1/2-1/2 {Draw by 3-fold repetition}
Score of Tier2Combined vs Baseline: 328 - 292 - 222  [0.521] 842
Started game 855 of 10000 (Tier2Combined vs Baseline)
Finished game 841 (Tier2Combined vs Baseline): 0-1 {Black wins by adjudication}
Score of Tier2Combined vs Baseline: 328 - 293 - 222  [0.521] 843
Started game 856 of 10000 (Baseline vs Tier2Combined)
Finished game 842 (Baseline vs Tier2Combined): 0-1 {Black wins by adjudication}
Score of Tier2Combined vs Baseline: 329 - 293 - 222  [0.521] 844
Started game 857 of 10000 (Tier2Combined vs Baseline)
Finished game 840 (Baseline vs Tier2Combined): 0-1 {Black wins by adjudication}
Score of Tier2Combined vs Baseline: 330 - 293 - 222  [0.522] 845
Started game 858 of 10000 (Baseline vs Tier2Combined)
Finished game 847 (Tier2Combined vs Baseline): 1/2-1/2 {Draw by insufficient mating material}
Score of Tier2Combined vs Baseline: 330 - 293 - 223  [0.522] 846
Started game 859 of 10000 (Tier2Combined vs Baseline)
Finished game 843 (Tier2Combined vs Baseline): 1/2-1/2 {Draw by insufficient mating material}
Score of Tier2Combined vs Baseline: 330 - 293 - 224  [0.522] 847
Started game 860 of 10000 (Baseline vs Tier2Combined)
Finished game 848 (Baseline vs Tier2Combined): 1/2-1/2 {Draw by insufficient mating material}
Score of Tier2Combined vs Baseline: 330 - 293 - 225  [0.522] 848
Started game 861 of 10000 (Tier2Combined vs Baseline)
Finished game 852 (Baseline vs Tier2Combined): 0-1 {Black wins by adjudication}
Score of Tier2Combined vs Baseline: 331 - 293 - 225  [0.522] 849
Started game 862 of 10000 (Baseline vs Tier2Combined)
Finished game 854 (Baseline vs Tier2Combined): 0-1 {Black wins by adjudication}
Score of Tier2Combined vs Baseline: 332 - 293 - 225  [0.523] 850
Started game 863 of 10000 (Tier2Combined vs Baseline)
Finished game 850 (Baseline vs Tier2Combined): 1-0 {White wins by adjudication}
Score of Tier2Combined vs Baseline: 332 - 294 - 225  [0.522] 851
Started game 864 of 10000 (Baseline vs Tier2Combined)
Finished game 851 (Tier2Combined vs Baseline): 1-0 {White wins by adjudication}
Score of Tier2Combined vs Baseline: 333 - 294 - 225  [0.523] 852
Started game 865 of 10000 (Tier2Combined vs Baseline)
Finished game 849 (Tier2Combined vs Baseline): 1/2-1/2 {Draw by 3-fold repetition}
Score of Tier2Combined vs Baseline: 333 - 294 - 226  [0.523] 853
Started game 866 of 10000 (Baseline vs Tier2Combined)
Finished game 855 (Tier2Combined vs Baseline): 0-1 {Black wins by adjudication}
Score of Tier2Combined vs Baseline: 333 - 295 - 226  [0.522] 854
Started game 867 of 10000 (Tier2Combined vs Baseline)
Finished game 853 (Tier2Combined vs Baseline): 0-1 {Black wins by adjudication}
Score of Tier2Combined vs Baseline: 333 - 296 - 226  [0.522] 855
Started game 868 of 10000 (Baseline vs Tier2Combined)
Finished game 860 (Baseline vs Tier2Combined): 1/2-1/2 {Draw by 3-fold repetition}
Score of Tier2Combined vs Baseline: 333 - 296 - 227  [0.522] 856
Started game 869 of 10000 (Tier2Combined vs Baseline)
Finished game 857 (Tier2Combined vs Baseline): 0-1 {Black wins by adjudication}
Score of Tier2Combined vs Baseline: 333 - 297 - 227  [0.521] 857
Started game 870 of 10000 (Baseline vs Tier2Combined)
Finished game 856 (Baseline vs Tier2Combined): 0-1 {Black wins by adjudication}
Score of Tier2Combined vs Baseline: 334 - 297 - 227  [0.522] 858
Started game 871 of 10000 (Tier2Combined vs Baseline)
Finished game 858 (Baseline vs Tier2Combined): 0-1 {Black wins by adjudication}
Score of Tier2Combined vs Baseline: 335 - 297 - 227  [0.522] 859
Started game 872 of 10000 (Baseline vs Tier2Combined)
Finished game 864 (Baseline vs Tier2Combined): 1-0 {White wins by adjudication}
Score of Tier2Combined vs Baseline: 335 - 298 - 227  [0.522] 860
Started game 873 of 10000 (Tier2Combined vs Baseline)
Finished game 867 (Tier2Combined vs Baseline): 1-0 {White wins by adjudication}
Score of Tier2Combined vs Baseline: 336 - 298 - 227  [0.522] 861
Started game 874 of 10000 (Baseline vs Tier2Combined)
Finished game 865 (Tier2Combined vs Baseline): 0-1 {Black wins by adjudication}
Score of Tier2Combined vs Baseline: 336 - 299 - 227  [0.521] 862
Started game 875 of 10000 (Tier2Combined vs Baseline)
Finished game 863 (Tier2Combined vs Baseline): 1-0 {White wins by adjudication}
Score of Tier2Combined vs Baseline: 337 - 299 - 227  [0.522] 863
Started game 876 of 10000 (Baseline vs Tier2Combined)
Finished game 861 (Tier2Combined vs Baseline): 1-0 {White wins by adjudication}
Score of Tier2Combined vs Baseline: 338 - 299 - 227  [0.523] 864
Started game 877 of 10000 (Tier2Combined vs Baseline)
Finished game 868 (Baseline vs Tier2Combined): 1-0 {White wins by adjudication}
Score of Tier2Combined vs Baseline: 338 - 300 - 227  [0.522] 865
Started game 878 of 10000 (Baseline vs Tier2Combined)
Finished game 859 (Tier2Combined vs Baseline): 1/2-1/2 {Draw by adjudication}
Score of Tier2Combined vs Baseline: 338 - 300 - 228  [0.522] 866
Started game 879 of 10000 (Tier2Combined vs Baseline)
Finished game 862 (Baseline vs Tier2Combined): 0-1 {Black wins by adjudication}
Score of Tier2Combined vs Baseline: 339 - 300 - 228  [0.522] 867
Started game 880 of 10000 (Baseline vs Tier2Combined)
Finished game 866 (Baseline vs Tier2Combined): 1/2-1/2 {Draw by adjudication}
Score of Tier2Combined vs Baseline: 339 - 300 - 229  [0.522] 868
Started game 881 of 10000 (Tier2Combined vs Baseline)
Finished game 869 (Tier2Combined vs Baseline): 1-0 {White wins by adjudication}
Score of Tier2Combined vs Baseline: 340 - 300 - 229  [0.523] 869
Started game 882 of 10000 (Baseline vs Tier2Combined)
Finished game 871 (Tier2Combined vs Baseline): 1-0 {White wins by adjudication}
Score of Tier2Combined vs Baseline: 341 - 300 - 229  [0.524] 870
Started game 883 of 10000 (Tier2Combined vs Baseline)
Finished game 872 (Baseline vs Tier2Combined): 1-0 {White wins by adjudication}
Score of Tier2Combined vs Baseline: 341 - 301 - 229  [0.523] 871
Started game 884 of 10000 (Baseline vs Tier2Combined)
Finished game 870 (Baseline vs Tier2Combined): 1-0 {White wins by adjudication}
Score of Tier2Combined vs Baseline: 341 - 302 - 229  [0.522] 872
Started game 885 of 10000 (Tier2Combined vs Baseline)
Finished game 873 (Tier2Combined vs Baseline): 0-1 {Black wins by adjudication}
Score of Tier2Combined vs Baseline: 341 - 303 - 229  [0.522] 873
Started game 886 of 10000 (Baseline vs Tier2Combined)
Finished game 875 (Tier2Combined vs Baseline): 1-0 {White wins by adjudication}
Score of Tier2Combined vs Baseline: 342 - 303 - 229  [0.522] 874
Started game 887 of 10000 (Tier2Combined vs Baseline)
Finished game 879 (Tier2Combined vs Baseline): 1-0 {White wins by adjudication}
Score of Tier2Combined vs Baseline: 343 - 303 - 229  [0.523] 875
Started game 888 of 10000 (Baseline vs Tier2Combined)
Finished game 876 (Baseline vs Tier2Combined): 0-1 {Black wins by adjudication}
Score of Tier2Combined vs Baseline: 344 - 303 - 229  [0.523] 876
Started game 889 of 10000 (Tier2Combined vs Baseline)
Finished game 877 (Tier2Combined vs Baseline): 1/2-1/2 {Draw by 3-fold repetition}
Score of Tier2Combined vs Baseline: 344 - 303 - 230  [0.523] 877
Started game 890 of 10000 (Baseline vs Tier2Combined)
Finished game 874 (Baseline vs Tier2Combined): 1-0 {White wins by adjudication}
Score of Tier2Combined vs Baseline: 344 - 304 - 230  [0.523] 878
Started game 891 of 10000 (Tier2Combined vs Baseline)
Finished game 883 (Tier2Combined vs Baseline): 1/2-1/2 {Draw by 3-fold repetition}
Score of Tier2Combined vs Baseline: 344 - 304 - 231  [0.523] 879
Started game 892 of 10000 (Baseline vs Tier2Combined)
Finished game 878 (Baseline vs Tier2Combined): 1-0 {White wins by adjudication}
Score of Tier2Combined vs Baseline: 344 - 305 - 231  [0.522] 880
Started game 893 of 10000 (Tier2Combined vs Baseline)
Finished game 881 (Tier2Combined vs Baseline): 1-0 {White wins by adjudication}
Score of Tier2Combined vs Baseline: 345 - 305 - 231  [0.523] 881
Started game 894 of 10000 (Baseline vs Tier2Combined)
Finished game 882 (Baseline vs Tier2Combined): 1-0 {White wins by adjudication}
Score of Tier2Combined vs Baseline: 345 - 306 - 231  [0.522] 882
Started game 895 of 10000 (Tier2Combined vs Baseline)
Finished game 884 (Baseline vs Tier2Combined): 1-0 {White wins by adjudication}
Score of Tier2Combined vs Baseline: 345 - 307 - 231  [0.522] 883
Started game 896 of 10000 (Baseline vs Tier2Combined)
Finished game 885 (Tier2Combined vs Baseline): 1/2-1/2 {Draw by insufficient mating material}
Score of Tier2Combined vs Baseline: 345 - 307 - 232  [0.521] 884
Started game 897 of 10000 (Tier2Combined vs Baseline)
Finished game 886 (Baseline vs Tier2Combined): 1/2-1/2 {Draw by 3-fold repetition}
Score of Tier2Combined vs Baseline: 345 - 307 - 233  [0.521] 885
Started game 898 of 10000 (Baseline vs Tier2Combined)
Finished game 891 (Tier2Combined vs Baseline): 0-1 {Black wins by adjudication}
Score of Tier2Combined vs Baseline: 345 - 308 - 233  [0.521] 886
Started game 899 of 10000 (Tier2Combined vs Baseline)
Finished game 880 (Baseline vs Tier2Combined): 0-1 {Black wins by adjudication}
Score of Tier2Combined vs Baseline: 346 - 308 - 233  [0.521] 887
Started game 900 of 10000 (Baseline vs Tier2Combined)
Finished game 887 (Tier2Combined vs Baseline): 1-0 {White wins by adjudication}
Score of Tier2Combined vs Baseline: 347 - 308 - 233  [0.522] 888
Started game 901 of 10000 (Tier2Combined vs Baseline)
Finished game 888 (Baseline vs Tier2Combined): 1/2-1/2 {Draw by insufficient mating material}
Score of Tier2Combined vs Baseline: 347 - 308 - 234  [0.522] 889
Started game 902 of 10000 (Baseline vs Tier2Combined)
Finished game 890 (Baseline vs Tier2Combined): 1-0 {White wins by adjudication}
Score of Tier2Combined vs Baseline: 347 - 309 - 234  [0.521] 890
Started game 903 of 10000 (Tier2Combined vs Baseline)
Finished game 893 (Tier2Combined vs Baseline): 1/2-1/2 {Draw by adjudication}
Score of Tier2Combined vs Baseline: 347 - 309 - 235  [0.521] 891
Started game 904 of 10000 (Baseline vs Tier2Combined)
Finished game 889 (Tier2Combined vs Baseline): 1/2-1/2 {Draw by insufficient mating material}
Score of Tier2Combined vs Baseline: 347 - 309 - 236  [0.521] 892
Started game 905 of 10000 (Tier2Combined vs Baseline)
Finished game 897 (Tier2Combined vs Baseline): 1/2-1/2 {Draw by 3-fold repetition}
Score of Tier2Combined vs Baseline: 347 - 309 - 237  [0.521] 893
Started game 906 of 10000 (Baseline vs Tier2Combined)
Finished game 896 (Baseline vs Tier2Combined): 0-1 {Black wins by adjudication}
Score of Tier2Combined vs Baseline: 348 - 309 - 237  [0.522] 894
Started game 907 of 10000 (Tier2Combined vs Baseline)
Finished game 894 (Baseline vs Tier2Combined): 1/2-1/2 {Draw by adjudication}
Score of Tier2Combined vs Baseline: 348 - 309 - 238  [0.522] 895
Started game 908 of 10000 (Baseline vs Tier2Combined)
Finished game 892 (Baseline vs Tier2Combined): 1/2-1/2 {Draw by fifty moves rule}
Score of Tier2Combined vs Baseline: 348 - 309 - 239  [0.522] 896
Started game 909 of 10000 (Tier2Combined vs Baseline)
Finished game 895 (Tier2Combined vs Baseline): 1-0 {White wins by adjudication}
Score of Tier2Combined vs Baseline: 349 - 309 - 239  [0.522] 897
Started game 910 of 10000 (Baseline vs Tier2Combined)
Finished game 899 (Tier2Combined vs Baseline): 1-0 {White wins by adjudication}
Score of Tier2Combined vs Baseline: 350 - 309 - 239  [0.523] 898
Started game 911 of 10000 (Tier2Combined vs Baseline)
Finished game 900 (Baseline vs Tier2Combined): 1/2-1/2 {Draw by insufficient mating material}
Score of Tier2Combined vs Baseline: 350 - 309 - 240  [0.523] 899
Started game 912 of 10000 (Baseline vs Tier2Combined)
Finished game 903 (Tier2Combined vs Baseline): 1/2-1/2 {Draw by insufficient mating material}
Score of Tier2Combined vs Baseline: 350 - 309 - 241  [0.523] 900
Started game 913 of 10000 (Tier2Combined vs Baseline)
Finished game 902 (Baseline vs Tier2Combined): 1/2-1/2 {Draw by insufficient mating material}
Score of Tier2Combined vs Baseline: 350 - 309 - 242  [0.523] 901
Started game 914 of 10000 (Baseline vs Tier2Combined)
Finished game 904 (Baseline vs Tier2Combined): 1/2-1/2 {Draw by 3-fold repetition}
Score of Tier2Combined vs Baseline: 350 - 309 - 243  [0.523] 902
Started game 915 of 10000 (Tier2Combined vs Baseline)
Finished game 906 (Baseline vs Tier2Combined): 1-0 {White wins by adjudication}
Score of Tier2Combined vs Baseline: 350 - 310 - 243  [0.522] 903
Started game 916 of 10000 (Baseline vs Tier2Combined)
Finished game 901 (Tier2Combined vs Baseline): 0-1 {Black wins by adjudication}
Score of Tier2Combined vs Baseline: 350 - 311 - 243  [0.522] 904
Started game 917 of 10000 (Tier2Combined vs Baseline)
Finished game 907 (Tier2Combined vs Baseline): 1/2-1/2 {Draw by 3-fold repetition}
Score of Tier2Combined vs Baseline: 350 - 311 - 244  [0.522] 905
Started game 918 of 10000 (Baseline vs Tier2Combined)
Finished game 905 (Tier2Combined vs Baseline): 1-0 {White wins by adjudication}
Score of Tier2Combined vs Baseline: 351 - 311 - 244  [0.522] 906
Started game 919 of 10000 (Tier2Combined vs Baseline)
Finished game 919 (Tier2Combined vs Baseline): 0-1 {Black wins by adjudication}
Score of Tier2Combined vs Baseline: 351 - 312 - 244  [0.521] 907
Started game 920 of 10000 (Baseline vs Tier2Combined)
Finished game 920 (Baseline vs Tier2Combined): 0-1 {Black wins by adjudication}
Score of Tier2Combined vs Baseline: 352 - 312 - 244  [0.522] 908
Started game 921 of 10000 (Tier2Combined vs Baseline)
Finished game 910 (Baseline vs Tier2Combined): 0-1 {Black wins by adjudication}
Score of Tier2Combined vs Baseline: 353 - 312 - 244  [0.523] 909
Started game 922 of 10000 (Baseline vs Tier2Combined)
Finished game 918 (Baseline vs Tier2Combined): 1/2-1/2 {Draw by 3-fold repetition}
Score of Tier2Combined vs Baseline: 353 - 312 - 245  [0.523] 910
Started game 923 of 10000 (Tier2Combined vs Baseline)
Finished game 912 (Baseline vs Tier2Combined): 1-0 {White wins by adjudication}
Score of Tier2Combined vs Baseline: 353 - 313 - 245  [0.522] 911
Started game 924 of 10000 (Baseline vs Tier2Combined)
Finished game 908 (Baseline vs Tier2Combined): 0-1 {Black wins by adjudication}
Score of Tier2Combined vs Baseline: 354 - 313 - 245  [0.522] 912
Started game 925 of 10000 (Tier2Combined vs Baseline)
Finished game 909 (Tier2Combined vs Baseline): 1/2-1/2 {Draw by 3-fold repetition}
Score of Tier2Combined vs Baseline: 354 - 313 - 246  [0.522] 913
Started game 926 of 10000 (Baseline vs Tier2Combined)
Finished game 898 (Baseline vs Tier2Combined): 0-1 {Black wins by adjudication}
Score of Tier2Combined vs Baseline: 355 - 313 - 246  [0.523] 914
Started game 927 of 10000 (Tier2Combined vs Baseline)
Finished game 913 (Tier2Combined vs Baseline): 1/2-1/2 {Draw by 3-fold repetition}
Score of Tier2Combined vs Baseline: 355 - 313 - 247  [0.523] 915
Started game 928 of 10000 (Baseline vs Tier2Combined)
Finished game 914 (Baseline vs Tier2Combined): 1-0 {White wins by adjudication}
Score of Tier2Combined vs Baseline: 355 - 314 - 247  [0.522] 916
Started game 929 of 10000 (Tier2Combined vs Baseline)
Finished game 917 (Tier2Combined vs Baseline): 0-1 {Black wins by adjudication}
Score of Tier2Combined vs Baseline: 355 - 315 - 247  [0.522] 917
Started game 930 of 10000 (Baseline vs Tier2Combined)
Finished game 916 (Baseline vs Tier2Combined): 1-0 {White wins by adjudication}
Score of Tier2Combined vs Baseline: 355 - 316 - 247  [0.521] 918
Started game 931 of 10000 (Tier2Combined vs Baseline)
Finished game 921 (Tier2Combined vs Baseline): 1-0 {White wins by adjudication}
Score of Tier2Combined vs Baseline: 356 - 316 - 247  [0.522] 919
Started game 932 of 10000 (Baseline vs Tier2Combined)
Finished game 911 (Tier2Combined vs Baseline): 0-1 {Black wins by adjudication}
Score of Tier2Combined vs Baseline: 356 - 317 - 247  [0.521] 920
Started game 933 of 10000 (Tier2Combined vs Baseline)
Finished game 926 (Baseline vs Tier2Combined): 0-1 {Black wins by adjudication}
Score of Tier2Combined vs Baseline: 357 - 317 - 247  [0.522] 921
Started game 934 of 10000 (Baseline vs Tier2Combined)
Finished game 925 (Tier2Combined vs Baseline): 1-0 {White wins by adjudication}
Score of Tier2Combined vs Baseline: 358 - 317 - 247  [0.522] 922
Started game 935 of 10000 (Tier2Combined vs Baseline)
Finished game 915 (Tier2Combined vs Baseline): 1-0 {White wins by adjudication}
Score of Tier2Combined vs Baseline: 359 - 317 - 247  [0.523] 923
Started game 936 of 10000 (Baseline vs Tier2Combined)
Finished game 922 (Baseline vs Tier2Combined): 1-0 {White wins by adjudication}
Score of Tier2Combined vs Baseline: 359 - 318 - 247  [0.522] 924
Started game 937 of 10000 (Tier2Combined vs Baseline)
Finished game 924 (Baseline vs Tier2Combined): 1/2-1/2 {Draw by 3-fold repetition}
Score of Tier2Combined vs Baseline: 359 - 318 - 248  [0.522] 925
Started game 938 of 10000 (Baseline vs Tier2Combined)
Finished game 923 (Tier2Combined vs Baseline): 1/2-1/2 {Draw by 3-fold repetition}
Score of Tier2Combined vs Baseline: 359 - 318 - 249  [0.522] 926
Started game 939 of 10000 (Tier2Combined vs Baseline)
Finished game 927 (Tier2Combined vs Baseline): 1-0 {White wins by adjudication}
Score of Tier2Combined vs Baseline: 360 - 318 - 249  [0.523] 927
Started game 940 of 10000 (Baseline vs Tier2Combined)
Finished game 928 (Baseline vs Tier2Combined): 0-1 {Black wins by adjudication}
Score of Tier2Combined vs Baseline: 361 - 318 - 249  [0.523] 928
Started game 941 of 10000 (Tier2Combined vs Baseline)
Finished game 932 (Baseline vs Tier2Combined): 1-0 {White wins by adjudication}
Score of Tier2Combined vs Baseline: 361 - 319 - 249  [0.523] 929
Started game 942 of 10000 (Baseline vs Tier2Combined)
Finished game 929 (Tier2Combined vs Baseline): 1-0 {White wins by adjudication}
Score of Tier2Combined vs Baseline: 362 - 319 - 249  [0.523] 930
Started game 943 of 10000 (Tier2Combined vs Baseline)
Finished game 930 (Baseline vs Tier2Combined): 1-0 {White wins by adjudication}
Score of Tier2Combined vs Baseline: 362 - 320 - 249  [0.523] 931
Started game 944 of 10000 (Baseline vs Tier2Combined)
Finished game 933 (Tier2Combined vs Baseline): 1/2-1/2 {Draw by 3-fold repetition}
Score of Tier2Combined vs Baseline: 362 - 320 - 250  [0.523] 932
Started game 945 of 10000 (Tier2Combined vs Baseline)
Finished game 936 (Baseline vs Tier2Combined): 1-0 {White wins by adjudication}
Score of Tier2Combined vs Baseline: 362 - 321 - 250  [0.522] 933
Started game 946 of 10000 (Baseline vs Tier2Combined)
Finished game 931 (Tier2Combined vs Baseline): 0-1 {Black wins by adjudication}
Score of Tier2Combined vs Baseline: 362 - 322 - 250  [0.521] 934
Started game 947 of 10000 (Tier2Combined vs Baseline)
Finished game 937 (Tier2Combined vs Baseline): 1/2-1/2 {Draw by adjudication}
Score of Tier2Combined vs Baseline: 362 - 322 - 251  [0.521] 935
Started game 948 of 10000 (Baseline vs Tier2Combined)
Finished game 934 (Baseline vs Tier2Combined): 0-1 {Black wins by adjudication}
Score of Tier2Combined vs Baseline: 363 - 322 - 251  [0.522] 936
Started game 949 of 10000 (Tier2Combined vs Baseline)
Finished game 935 (Tier2Combined vs Baseline): 1-0 {White wins by adjudication}
Score of Tier2Combined vs Baseline: 364 - 322 - 251  [0.522] 937
Started game 950 of 10000 (Baseline vs Tier2Combined)
Finished game 939 (Tier2Combined vs Baseline): 0-1 {Black wins by adjudication}
Score of Tier2Combined vs Baseline: 364 - 323 - 251  [0.522] 938
Started game 951 of 10000 (Tier2Combined vs Baseline)
Finished game 938 (Baseline vs Tier2Combined): 1/2-1/2 {Draw by 3-fold repetition}
Score of Tier2Combined vs Baseline: 364 - 323 - 252  [0.522] 939
Started game 952 of 10000 (Baseline vs Tier2Combined)
Finished game 941 (Tier2Combined vs Baseline): 1-0 {White wins by adjudication}
Score of Tier2Combined vs Baseline: 365 - 323 - 252  [0.522] 940
Started game 953 of 10000 (Tier2Combined vs Baseline)
Finished game 942 (Baseline vs Tier2Combined): 1/2-1/2 {Draw by insufficient mating material}
Score of Tier2Combined vs Baseline: 365 - 323 - 253  [0.522] 941
Started game 954 of 10000 (Baseline vs Tier2Combined)
Finished game 943 (Tier2Combined vs Baseline): 1-0 {White wins by adjudication}
Score of Tier2Combined vs Baseline: 366 - 323 - 253  [0.523] 942
Started game 955 of 10000 (Tier2Combined vs Baseline)
Finished game 947 (Tier2Combined vs Baseline): 1-0 {White wins by adjudication}
Score of Tier2Combined vs Baseline: 367 - 323 - 253  [0.523] 943
Started game 956 of 10000 (Baseline vs Tier2Combined)
Finished game 944 (Baseline vs Tier2Combined): 1/2-1/2 {Draw by 3-fold repetition}
Score of Tier2Combined vs Baseline: 367 - 323 - 254  [0.523] 944
Started game 957 of 10000 (Tier2Combined vs Baseline)
Finished game 940 (Baseline vs Tier2Combined): 1/2-1/2 {Draw by insufficient mating material}
Score of Tier2Combined vs Baseline: 367 - 323 - 255  [0.523] 945
Started game 958 of 10000 (Baseline vs Tier2Combined)
Finished game 945 (Tier2Combined vs Baseline): 1-0 {White wins by adjudication}
Score of Tier2Combined vs Baseline: 368 - 323 - 255  [0.524] 946
Started game 959 of 10000 (Tier2Combined vs Baseline)
Finished game 946 (Baseline vs Tier2Combined): 1-0 {White wins by adjudication}
Score of Tier2Combined vs Baseline: 368 - 324 - 255  [0.523] 947
Started game 960 of 10000 (Baseline vs Tier2Combined)
Finished game 950 (Baseline vs Tier2Combined): 1/2-1/2 {Draw by insufficient mating material}
Score of Tier2Combined vs Baseline: 368 - 324 - 256  [0.523] 948
Started game 961 of 10000 (Tier2Combined vs Baseline)
Finished game 948 (Baseline vs Tier2Combined): 1/2-1/2 {Draw by adjudication}
Score of Tier2Combined vs Baseline: 368 - 324 - 257  [0.523] 949
Started game 962 of 10000 (Baseline vs Tier2Combined)
Finished game 949 (Tier2Combined vs Baseline): 1/2-1/2 {Draw by adjudication}
Score of Tier2Combined vs Baseline: 368 - 324 - 258  [0.523] 950
Started game 963 of 10000 (Tier2Combined vs Baseline)
Finished game 956 (Baseline vs Tier2Combined): 1/2-1/2 {Draw by 3-fold repetition}
Score of Tier2Combined vs Baseline: 368 - 324 - 259  [0.523] 951
Started game 964 of 10000 (Baseline vs Tier2Combined)
Finished game 958 (Baseline vs Tier2Combined): 1/2-1/2 {Draw by 3-fold repetition}
Score of Tier2Combined vs Baseline: 368 - 324 - 260  [0.523] 952
Started game 965 of 10000 (Tier2Combined vs Baseline)
Finished game 953 (Tier2Combined vs Baseline): 1/2-1/2 {Draw by 3-fold repetition}
Score of Tier2Combined vs Baseline: 368 - 324 - 261  [0.523] 953
Started game 966 of 10000 (Baseline vs Tier2Combined)
Finished game 954 (Baseline vs Tier2Combined): 1-0 {White wins by adjudication}
Score of Tier2Combined vs Baseline: 368 - 325 - 261  [0.523] 954
Started game 967 of 10000 (Tier2Combined vs Baseline)
Finished game 955 (Tier2Combined vs Baseline): 1-0 {White wins by adjudication}
Score of Tier2Combined vs Baseline: 369 - 325 - 261  [0.523] 955
Started game 968 of 10000 (Baseline vs Tier2Combined)
Finished game 951 (Tier2Combined vs Baseline): 1/2-1/2 {Draw by fifty moves rule}
Score of Tier2Combined vs Baseline: 369 - 325 - 262  [0.523] 956
Started game 969 of 10000 (Tier2Combined vs Baseline)
Finished game 957 (Tier2Combined vs Baseline): 1-0 {White wins by adjudication}
Score of Tier2Combined vs Baseline: 370 - 325 - 262  [0.524] 957
Started game 970 of 10000 (Baseline vs Tier2Combined)
Finished game 952 (Baseline vs Tier2Combined): 1-0 {White wins by adjudication}
Score of Tier2Combined vs Baseline: 370 - 326 - 262  [0.523] 958
Started game 971 of 10000 (Tier2Combined vs Baseline)
Finished game 959 (Tier2Combined vs Baseline): 1-0 {White wins by adjudication}
Score of Tier2Combined vs Baseline: 371 - 326 - 262  [0.523] 959
Started game 972 of 10000 (Baseline vs Tier2Combined)
Finished game 961 (Tier2Combined vs Baseline): 1-0 {White wins by adjudication}
Score of Tier2Combined vs Baseline: 372 - 326 - 262  [0.524] 960
Started game 973 of 10000 (Tier2Combined vs Baseline)
Finished game 964 (Baseline vs Tier2Combined): 0-1 {Black wins by adjudication}
Score of Tier2Combined vs Baseline: 373 - 326 - 262  [0.524] 961
Started game 974 of 10000 (Baseline vs Tier2Combined)
Finished game 962 (Baseline vs Tier2Combined): 1/2-1/2 {Draw by adjudication}
Score of Tier2Combined vs Baseline: 373 - 326 - 263  [0.524] 962
Started game 975 of 10000 (Tier2Combined vs Baseline)
Finished game 968 (Baseline vs Tier2Combined): 1-0 {White wins by adjudication}
Score of Tier2Combined vs Baseline: 373 - 327 - 263  [0.524] 963
Started game 976 of 10000 (Baseline vs Tier2Combined)
Finished game 963 (Tier2Combined vs Baseline): 1/2-1/2 {Draw by adjudication}
Score of Tier2Combined vs Baseline: 373 - 327 - 264  [0.524] 964
Started game 977 of 10000 (Tier2Combined vs Baseline)
Finished game 965 (Tier2Combined vs Baseline): 1-0 {White wins by adjudication}
Score of Tier2Combined vs Baseline: 374 - 327 - 264  [0.524] 965
Started game 978 of 10000 (Baseline vs Tier2Combined)
Finished game 967 (Tier2Combined vs Baseline): 0-1 {Black wins by adjudication}
Score of Tier2Combined vs Baseline: 374 - 328 - 264  [0.524] 966
Started game 979 of 10000 (Tier2Combined vs Baseline)
Finished game 972 (Baseline vs Tier2Combined): 1/2-1/2 {Draw by 3-fold repetition}
Score of Tier2Combined vs Baseline: 374 - 328 - 265  [0.524] 967
Started game 980 of 10000 (Baseline vs Tier2Combined)
Finished game 970 (Baseline vs Tier2Combined): 1-0 {White wins by adjudication}
Score of Tier2Combined vs Baseline: 374 - 329 - 265  [0.523] 968
Started game 981 of 10000 (Tier2Combined vs Baseline)
Finished game 960 (Baseline vs Tier2Combined): 1/2-1/2 {Draw by adjudication}
Score of Tier2Combined vs Baseline: 374 - 329 - 266  [0.523] 969
Started game 982 of 10000 (Baseline vs Tier2Combined)
Finished game 966 (Baseline vs Tier2Combined): 1-0 {White wins by adjudication}
Score of Tier2Combined vs Baseline: 374 - 330 - 266  [0.523] 970
Started game 983 of 10000 (Tier2Combined vs Baseline)
Finished game 971 (Tier2Combined vs Baseline): 1/2-1/2 {Draw by adjudication}
Score of Tier2Combined vs Baseline: 374 - 330 - 267  [0.523] 971
Started game 984 of 10000 (Baseline vs Tier2Combined)
Finished game 973 (Tier2Combined vs Baseline): 1-0 {White wins by adjudication}
Score of Tier2Combined vs Baseline: 375 - 330 - 267  [0.523] 972
Started game 985 of 10000 (Tier2Combined vs Baseline)
Finished game 969 (Tier2Combined vs Baseline): 1-0 {White wins by adjudication}
Score of Tier2Combined vs Baseline: 376 - 330 - 267  [0.524] 973
Started game 986 of 10000 (Baseline vs Tier2Combined)
Finished game 976 (Baseline vs Tier2Combined): 1-0 {White wins by adjudication}
Score of Tier2Combined vs Baseline: 376 - 331 - 267  [0.523] 974
Started game 987 of 10000 (Tier2Combined vs Baseline)
Finished game 975 (Tier2Combined vs Baseline): 1/2-1/2 {Draw by 3-fold repetition}
Score of Tier2Combined vs Baseline: 376 - 331 - 268  [0.523] 975
Started game 988 of 10000 (Baseline vs Tier2Combined)
Finished game 974 (Baseline vs Tier2Combined): 0-1 {Black wins by adjudication}
Score of Tier2Combined vs Baseline: 377 - 331 - 268  [0.524] 976
Started game 989 of 10000 (Tier2Combined vs Baseline)
Finished game 977 (Tier2Combined vs Baseline): 0-1 {Black wins by adjudication}
Score of Tier2Combined vs Baseline: 377 - 332 - 268  [0.523] 977
Started game 990 of 10000 (Baseline vs Tier2Combined)
Finished game 980 (Baseline vs Tier2Combined): 0-1 {Black wins by adjudication}
Score of Tier2Combined vs Baseline: 378 - 332 - 268  [0.524] 978
Started game 991 of 10000 (Tier2Combined vs Baseline)
Finished game 981 (Tier2Combined vs Baseline): 1-0 {White wins by adjudication}
Score of Tier2Combined vs Baseline: 379 - 332 - 268  [0.524] 979
Started game 992 of 10000 (Baseline vs Tier2Combined)
Finished game 984 (Baseline vs Tier2Combined): 0-1 {Black wins by adjudication}
Score of Tier2Combined vs Baseline: 380 - 332 - 268  [0.524] 980
Started game 993 of 10000 (Tier2Combined vs Baseline)
Finished game 982 (Baseline vs Tier2Combined): 0-1 {Black wins by adjudication}
Score of Tier2Combined vs Baseline: 381 - 332 - 268  [0.525] 981
Started game 994 of 10000 (Baseline vs Tier2Combined)
Finished game 978 (Baseline vs Tier2Combined): 0-1 {Black wins by adjudication}
Score of Tier2Combined vs Baseline: 382 - 332 - 268  [0.525] 982
Started game 995 of 10000 (Tier2Combined vs Baseline)
Finished game 983 (Tier2Combined vs Baseline): 1-0 {White wins by adjudication}
Score of Tier2Combined vs Baseline: 383 - 332 - 268  [0.526] 983
Started game 996 of 10000 (Baseline vs Tier2Combined)
Finished game 986 (Baseline vs Tier2Combined): 0-1 {Black mates}
Score of Tier2Combined vs Baseline: 384 - 332 - 268  [0.526] 984
Started game 997 of 10000 (Tier2Combined vs Baseline)
Finished game 987 (Tier2Combined vs Baseline): 0-1 {Black wins by adjudication}
Score of Tier2Combined vs Baseline: 384 - 333 - 268  [0.526] 985
Started game 998 of 10000 (Baseline vs Tier2Combined)
Finished game 989 (Tier2Combined vs Baseline): 1-0 {White wins by adjudication}
Score of Tier2Combined vs Baseline: 385 - 333 - 268  [0.526] 986
Started game 999 of 10000 (Tier2Combined vs Baseline)
Finished game 979 (Tier2Combined vs Baseline): 1/2-1/2 {Draw by adjudication}
Score of Tier2Combined vs Baseline: 385 - 333 - 269  [0.526] 987
Started game 1000 of 10000 (Baseline vs Tier2Combined)
Finished game 985 (Tier2Combined vs Baseline): 1/2-1/2 {Draw by insufficient mating material}
Score of Tier2Combined vs Baseline: 385 - 333 - 270  [0.526] 988
Started game 1001 of 10000 (Tier2Combined vs Baseline)
Finished game 988 (Baseline vs Tier2Combined): 1/2-1/2 {Draw by 3-fold repetition}
Score of Tier2Combined vs Baseline: 385 - 333 - 271  [0.526] 989
Started game 1002 of 10000 (Baseline vs Tier2Combined)
Finished game 990 (Baseline vs Tier2Combined): 0-1 {Black mates}
Score of Tier2Combined vs Baseline: 386 - 333 - 271  [0.527] 990
Started game 1003 of 10000 (Tier2Combined vs Baseline)
Finished game 991 (Tier2Combined vs Baseline): 1/2-1/2 {Draw by 3-fold repetition}
Score of Tier2Combined vs Baseline: 386 - 333 - 272  [0.527] 991
Started game 1004 of 10000 (Baseline vs Tier2Combined)
Finished game 993 (Tier2Combined vs Baseline): 0-1 {Black wins by adjudication}
Score of Tier2Combined vs Baseline: 386 - 334 - 272  [0.526] 992
Started game 1005 of 10000 (Tier2Combined vs Baseline)
Finished game 997 (Tier2Combined vs Baseline): 1-0 {White wins by adjudication}
Score of Tier2Combined vs Baseline: 387 - 334 - 272  [0.527] 993
Started game 1006 of 10000 (Baseline vs Tier2Combined)
Finished game 992 (Baseline vs Tier2Combined): 1/2-1/2 {Draw by 3-fold repetition}
Score of Tier2Combined vs Baseline: 387 - 334 - 273  [0.527] 994
Started game 1007 of 10000 (Tier2Combined vs Baseline)
Finished game 994 (Baseline vs Tier2Combined): 1-0 {White wins by adjudication}
Score of Tier2Combined vs Baseline: 387 - 335 - 273  [0.526] 995
Started game 1008 of 10000 (Baseline vs Tier2Combined)
Finished game 995 (Tier2Combined vs Baseline): 1-0 {White wins by adjudication}
Score of Tier2Combined vs Baseline: 388 - 335 - 273  [0.527] 996
Started game 1009 of 10000 (Tier2Combined vs Baseline)
Finished game 1000 (Baseline vs Tier2Combined): 0-1 {Black wins by adjudication}
Score of Tier2Combined vs Baseline: 389 - 335 - 273  [0.527] 997
Started game 1010 of 10000 (Baseline vs Tier2Combined)
Finished game 1001 (Tier2Combined vs Baseline): 1/2-1/2 {Draw by 3-fold repetition}
Score of Tier2Combined vs Baseline: 389 - 335 - 274  [0.527] 998
Started game 1011 of 10000 (Tier2Combined vs Baseline)
Finished game 996 (Baseline vs Tier2Combined): 1-0 {White wins by adjudication}
Score of Tier2Combined vs Baseline: 389 - 336 - 274  [0.527] 999
Started game 1012 of 10000 (Baseline vs Tier2Combined)
Finished game 998 (Baseline vs Tier2Combined): 1-0 {White wins by adjudication}
Score of Tier2Combined vs Baseline: 389 - 337 - 274  [0.526] 1000
Started game 1013 of 10000 (Tier2Combined vs Baseline)
Finished game 1002 (Baseline vs Tier2Combined): 1-0 {White wins by adjudication}
Score of Tier2Combined vs Baseline: 389 - 338 - 274  [0.525] 1001
Started game 1014 of 10000 (Baseline vs Tier2Combined)
Finished game 1003 (Tier2Combined vs Baseline): 1-0 {White wins by adjudication}
Score of Tier2Combined vs Baseline: 390 - 338 - 274  [0.526] 1002
Started game 1015 of 10000 (Tier2Combined vs Baseline)
Finished game 1005 (Tier2Combined vs Baseline): 1-0 {White wins by adjudication}
Score of Tier2Combined vs Baseline: 391 - 338 - 274  [0.526] 1003
Started game 1016 of 10000 (Baseline vs Tier2Combined)
Finished game 999 (Tier2Combined vs Baseline): 1-0 {White wins by adjudication}
Score of Tier2Combined vs Baseline: 392 - 338 - 274  [0.527] 1004
Started game 1017 of 10000 (Tier2Combined vs Baseline)
Finished game 1004 (Baseline vs Tier2Combined): 1/2-1/2 {Draw by adjudication}
Score of Tier2Combined vs Baseline: 392 - 338 - 275  [0.527] 1005
Started game 1018 of 10000 (Baseline vs Tier2Combined)
Finished game 1009 (Tier2Combined vs Baseline): 1/2-1/2 {Draw by 3-fold repetition}
Score of Tier2Combined vs Baseline: 392 - 338 - 276  [0.527] 1006
Started game 1019 of 10000 (Tier2Combined vs Baseline)
Finished game 1006 (Baseline vs Tier2Combined): 1-0 {White wins by adjudication}
Score of Tier2Combined vs Baseline: 392 - 339 - 276  [0.526] 1007
Started game 1020 of 10000 (Baseline vs Tier2Combined)
Finished game 1008 (Baseline vs Tier2Combined): 1-0 {White wins by adjudication}
Score of Tier2Combined vs Baseline: 392 - 340 - 276  [0.526] 1008
Started game 1021 of 10000 (Tier2Combined vs Baseline)
Finished game 1007 (Tier2Combined vs Baseline): 1-0 {White wins by adjudication}
Score of Tier2Combined vs Baseline: 393 - 340 - 276  [0.526] 1009
Started game 1022 of 10000 (Baseline vs Tier2Combined)
Finished game 1010 (Baseline vs Tier2Combined): 0-1 {Black wins by adjudication}
Score of Tier2Combined vs Baseline: 394 - 340 - 276  [0.527] 1010
Started game 1023 of 10000 (Tier2Combined vs Baseline)
Finished game 1013 (Tier2Combined vs Baseline): 1/2-1/2 {Draw by 3-fold repetition}
Score of Tier2Combined vs Baseline: 394 - 340 - 277  [0.527] 1011
Started game 1024 of 10000 (Baseline vs Tier2Combined)
Finished game 1012 (Baseline vs Tier2Combined): 0-1 {Black wins by adjudication}
Score of Tier2Combined vs Baseline: 395 - 340 - 277  [0.527] 1012
Started game 1025 of 10000 (Tier2Combined vs Baseline)
Finished game 1016 (Baseline vs Tier2Combined): 1/2-1/2 {Draw by 3-fold repetition}
Score of Tier2Combined vs Baseline: 395 - 340 - 278  [0.527] 1013
Started game 1026 of 10000 (Baseline vs Tier2Combined)
Finished game 1017 (Tier2Combined vs Baseline): 1/2-1/2 {Draw by 3-fold repetition}
Score of Tier2Combined vs Baseline: 395 - 340 - 279  [0.527] 1014
Started game 1027 of 10000 (Tier2Combined vs Baseline)
Finished game 1015 (Tier2Combined vs Baseline): 0-1 {Black wins by adjudication}
Score of Tier2Combined vs Baseline: 395 - 341 - 279  [0.527] 1015
Started game 1028 of 10000 (Baseline vs Tier2Combined)
Finished game 1011 (Tier2Combined vs Baseline): 1/2-1/2 {Draw by adjudication}
Score of Tier2Combined vs Baseline: 395 - 341 - 280  [0.527] 1016
Started game 1029 of 10000 (Tier2Combined vs Baseline)
Finished game 1014 (Baseline vs Tier2Combined): 1/2-1/2 {Draw by 3-fold repetition}
Score of Tier2Combined vs Baseline: 395 - 341 - 281  [0.527] 1017
Started game 1030 of 10000 (Baseline vs Tier2Combined)
Finished game 1022 (Baseline vs Tier2Combined): 0-1 {Black wins by adjudication}
Score of Tier2Combined vs Baseline: 396 - 341 - 281  [0.527] 1018
Started game 1031 of 10000 (Tier2Combined vs Baseline)
Finished game 1018 (Baseline vs Tier2Combined): 1-0 {White wins by adjudication}
Score of Tier2Combined vs Baseline: 396 - 342 - 281  [0.526] 1019
Started game 1032 of 10000 (Baseline vs Tier2Combined)
Finished game 1024 (Baseline vs Tier2Combined): 0-1 {Black wins by adjudication}
Score of Tier2Combined vs Baseline: 397 - 342 - 281  [0.527] 1020
Started game 1033 of 10000 (Tier2Combined vs Baseline)
Finished game 1023 (Tier2Combined vs Baseline): 1-0 {White wins by adjudication}
Score of Tier2Combined vs Baseline: 398 - 342 - 281  [0.527] 1021
Started game 1034 of 10000 (Baseline vs Tier2Combined)
Finished game 1020 (Baseline vs Tier2Combined): 1-0 {White wins by adjudication}
Score of Tier2Combined vs Baseline: 398 - 343 - 281  [0.527] 1022
Started game 1035 of 10000 (Tier2Combined vs Baseline)
Finished game 1025 (Tier2Combined vs Baseline): 1-0 {White wins by adjudication}
Score of Tier2Combined vs Baseline: 399 - 343 - 281  [0.527] 1023
Started game 1036 of 10000 (Baseline vs Tier2Combined)
Finished game 1019 (Tier2Combined vs Baseline): 0-1 {Black wins by adjudication}
Score of Tier2Combined vs Baseline: 399 - 344 - 281  [0.527] 1024
Started game 1037 of 10000 (Tier2Combined vs Baseline)
Finished game 1021 (Tier2Combined vs Baseline): 1/2-1/2 {Draw by insufficient mating material}
Score of Tier2Combined vs Baseline: 399 - 344 - 282  [0.527] 1025
Started game 1038 of 10000 (Baseline vs Tier2Combined)
Finished game 1028 (Baseline vs Tier2Combined): 1-0 {White wins by adjudication}
Score of Tier2Combined vs Baseline: 399 - 345 - 282  [0.526] 1026
Started game 1039 of 10000 (Tier2Combined vs Baseline)
Finished game 1026 (Baseline vs Tier2Combined): 1/2-1/2 {Draw by adjudication}
Score of Tier2Combined vs Baseline: 399 - 345 - 283  [0.526] 1027
Started game 1040 of 10000 (Baseline vs Tier2Combined)
Finished game 1029 (Tier2Combined vs Baseline): 0-1 {Black mates}
Score of Tier2Combined vs Baseline: 399 - 346 - 283  [0.526] 1028
Started game 1041 of 10000 (Tier2Combined vs Baseline)
Finished game 1033 (Tier2Combined vs Baseline): 0-1 {Black wins by adjudication}
Score of Tier2Combined vs Baseline: 399 - 347 - 283  [0.525] 1029
Started game 1042 of 10000 (Baseline vs Tier2Combined)
Finished game 1027 (Tier2Combined vs Baseline): 1/2-1/2 {Draw by insufficient mating material}
Score of Tier2Combined vs Baseline: 399 - 347 - 284  [0.525] 1030
Started game 1043 of 10000 (Tier2Combined vs Baseline)
Finished game 1036 (Baseline vs Tier2Combined): 1/2-1/2 {Draw by 3-fold repetition}
Score of Tier2Combined vs Baseline: 399 - 347 - 285  [0.525] 1031
Started game 1044 of 10000 (Baseline vs Tier2Combined)
Finished game 1034 (Baseline vs Tier2Combined): 1/2-1/2 {Draw by 3-fold repetition}
Score of Tier2Combined vs Baseline: 399 - 347 - 286  [0.525] 1032
Started game 1045 of 10000 (Tier2Combined vs Baseline)
Finished game 1031 (Tier2Combined vs Baseline): 1-0 {White wins by adjudication}
Score of Tier2Combined vs Baseline: 400 - 347 - 286  [0.526] 1033
Started game 1046 of 10000 (Baseline vs Tier2Combined)
Finished game 1035 (Tier2Combined vs Baseline): 1-0 {White wins by adjudication}
Score of Tier2Combined vs Baseline: 401 - 347 - 286  [0.526] 1034
Started game 1047 of 10000 (Tier2Combined vs Baseline)
Finished game 1037 (Tier2Combined vs Baseline): 1/2-1/2 {Draw by 3-fold repetition}
Score of Tier2Combined vs Baseline: 401 - 347 - 287  [0.526] 1035
Started game 1048 of 10000 (Baseline vs Tier2Combined)
Finished game 1038 (Baseline vs Tier2Combined): 1-0 {White wins by adjudication}
Score of Tier2Combined vs Baseline: 401 - 348 - 287  [0.526] 1036
Started game 1049 of 10000 (Tier2Combined vs Baseline)
Finished game 1040 (Baseline vs Tier2Combined): 0-1 {Black mates}
Score of Tier2Combined vs Baseline: 402 - 348 - 287  [0.526] 1037
Started game 1050 of 10000 (Baseline vs Tier2Combined)
Finished game 1041 (Tier2Combined vs Baseline): 0-1 {Black wins by adjudication}
Score of Tier2Combined vs Baseline: 402 - 349 - 287  [0.526] 1038
Started game 1051 of 10000 (Tier2Combined vs Baseline)
Finished game 1039 (Tier2Combined vs Baseline): 1-0 {White wins by adjudication}
Score of Tier2Combined vs Baseline: 403 - 349 - 287  [0.526] 1039
Started game 1052 of 10000 (Baseline vs Tier2Combined)
Finished game 1030 (Baseline vs Tier2Combined): 0-1 {Black wins by adjudication}
Score of Tier2Combined vs Baseline: 404 - 349 - 287  [0.526] 1040
Started game 1053 of 10000 (Tier2Combined vs Baseline)
Finished game 1045 (Tier2Combined vs Baseline): 0-1 {Black wins by adjudication}
Score of Tier2Combined vs Baseline: 404 - 350 - 287  [0.526] 1041
Started game 1054 of 10000 (Baseline vs Tier2Combined)
Finished game 1042 (Baseline vs Tier2Combined): 1/2-1/2 {Draw by insufficient mating material}
Score of Tier2Combined vs Baseline: 404 - 350 - 288  [0.526] 1042
Started game 1055 of 10000 (Tier2Combined vs Baseline)
Finished game 1032 (Baseline vs Tier2Combined): 1/2-1/2 {Draw by fifty moves rule}
Score of Tier2Combined vs Baseline: 404 - 350 - 289  [0.526] 1043
Started game 1056 of 10000 (Baseline vs Tier2Combined)
Finished game 1043 (Tier2Combined vs Baseline): 1-0 {White wins by adjudication}
Score of Tier2Combined vs Baseline: 405 - 350 - 289  [0.526] 1044
Started game 1057 of 10000 (Tier2Combined vs Baseline)
Finished game 1044 (Baseline vs Tier2Combined): 1/2-1/2 {Draw by insufficient mating material}
Score of Tier2Combined vs Baseline: 405 - 350 - 290  [0.526] 1045
Started game 1058 of 10000 (Baseline vs Tier2Combined)
Finished game 1046 (Baseline vs Tier2Combined): 1-0 {White wins by adjudication}
Score of Tier2Combined vs Baseline: 405 - 351 - 290  [0.526] 1046
Started game 1059 of 10000 (Tier2Combined vs Baseline)
Finished game 1049 (Tier2Combined vs Baseline): 1-0 {White wins by adjudication}
Score of Tier2Combined vs Baseline: 406 - 351 - 290  [0.526] 1047
Started game 1060 of 10000 (Baseline vs Tier2Combined)
Finished game 1050 (Baseline vs Tier2Combined): 0-1 {Black wins by adjudication}
Score of Tier2Combined vs Baseline: 407 - 351 - 290  [0.527] 1048
Started game 1061 of 10000 (Tier2Combined vs Baseline)
Finished game 1047 (Tier2Combined vs Baseline): 1-0 {White mates}
Score of Tier2Combined vs Baseline: 408 - 351 - 290  [0.527] 1049
Started game 1062 of 10000 (Baseline vs Tier2Combined)
Finished game 1052 (Baseline vs Tier2Combined): 1-0 {White wins by adjudication}
Score of Tier2Combined vs Baseline: 408 - 352 - 290  [0.527] 1050
Started game 1063 of 10000 (Tier2Combined vs Baseline)
Finished game 1051 (Tier2Combined vs Baseline): 0-1 {Black wins by adjudication}
Score of Tier2Combined vs Baseline: 408 - 353 - 290  [0.526] 1051
Started game 1064 of 10000 (Baseline vs Tier2Combined)
Finished game 1048 (Baseline vs Tier2Combined): 1/2-1/2 {Draw by insufficient mating material}
Score of Tier2Combined vs Baseline: 408 - 353 - 291  [0.526] 1052
Started game 1065 of 10000 (Tier2Combined vs Baseline)
Finished game 1053 (Tier2Combined vs Baseline): 1-0 {White wins by adjudication}
Score of Tier2Combined vs Baseline: 409 - 353 - 291  [0.527] 1053
Started game 1066 of 10000 (Baseline vs Tier2Combined)
Finished game 1056 (Baseline vs Tier2Combined): 1-0 {White wins by adjudication}
Score of Tier2Combined vs Baseline: 409 - 354 - 291  [0.526] 1054
Started game 1067 of 10000 (Tier2Combined vs Baseline)
Finished game 1055 (Tier2Combined vs Baseline): 1/2-1/2 {Draw by stalemate}
Score of Tier2Combined vs Baseline: 409 - 354 - 292  [0.526] 1055
Started game 1068 of 10000 (Baseline vs Tier2Combined)
Finished game 1054 (Baseline vs Tier2Combined): 0-1 {Black wins by adjudication}
Score of Tier2Combined vs Baseline: 410 - 354 - 292  [0.527] 1056
Started game 1069 of 10000 (Tier2Combined vs Baseline)
Finished game 1057 (Tier2Combined vs Baseline): 0-1 {Black wins by adjudication}
Score of Tier2Combined vs Baseline: 410 - 355 - 292  [0.526] 1057
Started game 1070 of 10000 (Baseline vs Tier2Combined)
Finished game 1058 (Baseline vs Tier2Combined): 0-1 {Black wins by adjudication}
Score of Tier2Combined vs Baseline: 411 - 355 - 292  [0.526] 1058
Started game 1071 of 10000 (Tier2Combined vs Baseline)
Finished game 1063 (Tier2Combined vs Baseline): 0-1 {Black wins by adjudication}
Score of Tier2Combined vs Baseline: 411 - 356 - 292  [0.526] 1059
Started game 1072 of 10000 (Baseline vs Tier2Combined)
Finished game 1061 (Tier2Combined vs Baseline): 1-0 {White wins by adjudication}
Score of Tier2Combined vs Baseline: 412 - 356 - 292  [0.526] 1060
Started game 1073 of 10000 (Tier2Combined vs Baseline)
Finished game 1065 (Tier2Combined vs Baseline): 1-0 {White wins by adjudication}
Score of Tier2Combined vs Baseline: 413 - 356 - 292  [0.527] 1061
Started game 1074 of 10000 (Baseline vs Tier2Combined)
Finished game 1059 (Tier2Combined vs Baseline): 1-0 {White wins by adjudication}
Score of Tier2Combined vs Baseline: 414 - 356 - 292  [0.527] 1062
Started game 1075 of 10000 (Tier2Combined vs Baseline)
Finished game 1064 (Baseline vs Tier2Combined): 1/2-1/2 {Draw by insufficient mating material}
Score of Tier2Combined vs Baseline: 414 - 356 - 293  [0.527] 1063
Started game 1076 of 10000 (Baseline vs Tier2Combined)
Finished game 1066 (Baseline vs Tier2Combined): 1-0 {White wins by adjudication}
Score of Tier2Combined vs Baseline: 414 - 357 - 293  [0.527] 1064
Started game 1077 of 10000 (Tier2Combined vs Baseline)
Finished game 1060 (Baseline vs Tier2Combined): 1-0 {White wins by adjudication}
Score of Tier2Combined vs Baseline: 414 - 358 - 293  [0.526] 1065
Started game 1078 of 10000 (Baseline vs Tier2Combined)
Finished game 1062 (Baseline vs Tier2Combined): 1/2-1/2 {Draw by insufficient mating material}
Score of Tier2Combined vs Baseline: 414 - 358 - 294  [0.526] 1066
Started game 1079 of 10000 (Tier2Combined vs Baseline)
Finished game 1068 (Baseline vs Tier2Combined): 1-0 {White wins by adjudication}
Score of Tier2Combined vs Baseline: 414 - 359 - 294  [0.526] 1067
Started game 1080 of 10000 (Baseline vs Tier2Combined)
Finished game 1067 (Tier2Combined vs Baseline): 1-0 {White wins by adjudication}
Score of Tier2Combined vs Baseline: 415 - 359 - 294  [0.526] 1068
Started game 1081 of 10000 (Tier2Combined vs Baseline)
Finished game 1071 (Tier2Combined vs Baseline): 1-0 {White wins by adjudication}
Score of Tier2Combined vs Baseline: 416 - 359 - 294  [0.527] 1069
Started game 1082 of 10000 (Baseline vs Tier2Combined)
Finished game 1070 (Baseline vs Tier2Combined): 1/2-1/2 {Draw by 3-fold repetition}
Score of Tier2Combined vs Baseline: 416 - 359 - 295  [0.527] 1070
Started game 1083 of 10000 (Tier2Combined vs Baseline)
Finished game 1075 (Tier2Combined vs Baseline): 1-0 {White wins by adjudication}
Score of Tier2Combined vs Baseline: 417 - 359 - 295  [0.527] 1071
Started game 1084 of 10000 (Baseline vs Tier2Combined)
Finished game 1072 (Baseline vs Tier2Combined): 0-1 {Black wins by adjudication}
Score of Tier2Combined vs Baseline: 418 - 359 - 295  [0.528] 1072
Started game 1085 of 10000 (Tier2Combined vs Baseline)
Finished game 1073 (Tier2Combined vs Baseline): 1-0 {White wins by adjudication}
Score of Tier2Combined vs Baseline: 419 - 359 - 295  [0.528] 1073
Started game 1086 of 10000 (Baseline vs Tier2Combined)
Finished game 1080 (Baseline vs Tier2Combined): 1/2-1/2 {Draw by 3-fold repetition}
Score of Tier2Combined vs Baseline: 419 - 359 - 296  [0.528] 1074
Started game 1087 of 10000 (Tier2Combined vs Baseline)
Finished game 1076 (Baseline vs Tier2Combined): 1-0 {White wins by adjudication}
Score of Tier2Combined vs Baseline: 419 - 360 - 296  [0.527] 1075
Started game 1088 of 10000 (Baseline vs Tier2Combined)
Finished game 1074 (Baseline vs Tier2Combined): 0-1 {Black wins by adjudication}
Score of Tier2Combined vs Baseline: 420 - 360 - 296  [0.528] 1076
Started game 1089 of 10000 (Tier2Combined vs Baseline)
Finished game 1078 (Baseline vs Tier2Combined): 0-1 {Black wins by adjudication}
Score of Tier2Combined vs Baseline: 421 - 360 - 296  [0.528] 1077
Started game 1090 of 10000 (Baseline vs Tier2Combined)
Finished game 1079 (Tier2Combined vs Baseline): 0-1 {Black wins by adjudication}
Score of Tier2Combined vs Baseline: 421 - 361 - 296  [0.528] 1078
Started game 1091 of 10000 (Tier2Combined vs Baseline)
Finished game 1069 (Tier2Combined vs Baseline): 1-0 {White wins by adjudication}
Score of Tier2Combined vs Baseline: 422 - 361 - 296  [0.528] 1079
Started game 1092 of 10000 (Baseline vs Tier2Combined)
Finished game 1082 (Baseline vs Tier2Combined): 0-1 {Black wins by adjudication}
Score of Tier2Combined vs Baseline: 423 - 361 - 296  [0.529] 1080
Started game 1093 of 10000 (Tier2Combined vs Baseline)
Finished game 1084 (Baseline vs Tier2Combined): 0-1 {Black wins by adjudication}
Score of Tier2Combined vs Baseline: 424 - 361 - 296  [0.529] 1081
Started game 1094 of 10000 (Baseline vs Tier2Combined)
Finished game 1077 (Tier2Combined vs Baseline): 1/2-1/2 {Draw by insufficient mating material}
Score of Tier2Combined vs Baseline: 424 - 361 - 297  [0.529] 1082
Started game 1095 of 10000 (Tier2Combined vs Baseline)
Finished game 1088 (Baseline vs Tier2Combined): 0-1 {Black wins by adjudication}
Score of Tier2Combined vs Baseline: 425 - 361 - 297  [0.530] 1083
Started game 1096 of 10000 (Baseline vs Tier2Combined)
Finished game 1083 (Tier2Combined vs Baseline): 0-1 {Black wins by adjudication}
Score of Tier2Combined vs Baseline: 425 - 362 - 297  [0.529] 1084
Started game 1097 of 10000 (Tier2Combined vs Baseline)
Finished game 1085 (Tier2Combined vs Baseline): 1-0 {White wins by adjudication}
Score of Tier2Combined vs Baseline: 426 - 362 - 297  [0.529] 1085
Started game 1098 of 10000 (Baseline vs Tier2Combined)
Finished game 1081 (Tier2Combined vs Baseline): 1/2-1/2 {Draw by 3-fold repetition}
Score of Tier2Combined vs Baseline: 426 - 362 - 298  [0.529] 1086
Started game 1099 of 10000 (Tier2Combined vs Baseline)
Finished game 1090 (Baseline vs Tier2Combined): 0-1 {Black wins by adjudication}
Score of Tier2Combined vs Baseline: 427 - 362 - 298  [0.530] 1087
Started game 1100 of 10000 (Baseline vs Tier2Combined)
Finished game 1093 (Tier2Combined vs Baseline): 1-0 {White wins by adjudication}
Score of Tier2Combined vs Baseline: 428 - 362 - 298  [0.530] 1088
Started game 1101 of 10000 (Tier2Combined vs Baseline)
Finished game 1086 (Baseline vs Tier2Combined): 1/2-1/2 {Draw by fifty moves rule}
Score of Tier2Combined vs Baseline: 428 - 362 - 299  [0.530] 1089
Started game 1102 of 10000 (Baseline vs Tier2Combined)
Finished game 1089 (Tier2Combined vs Baseline): 1-0 {White wins by adjudication}
Score of Tier2Combined vs Baseline: 429 - 362 - 299  [0.531] 1090
Started game 1103 of 10000 (Tier2Combined vs Baseline)
Finished game 1094 (Baseline vs Tier2Combined): 1/2-1/2 {Draw by adjudication}
Score of Tier2Combined vs Baseline: 429 - 362 - 300  [0.531] 1091
Started game 1104 of 10000 (Baseline vs Tier2Combined)
Finished game 1087 (Tier2Combined vs Baseline): 1/2-1/2 {Draw by fifty moves rule}
Score of Tier2Combined vs Baseline: 429 - 362 - 301  [0.531] 1092
Started game 1105 of 10000 (Tier2Combined vs Baseline)
Finished game 1095 (Tier2Combined vs Baseline): 0-1 {Black wins by adjudication}
Score of Tier2Combined vs Baseline: 429 - 363 - 301  [0.530] 1093
Started game 1106 of 10000 (Baseline vs Tier2Combined)
Finished game 1092 (Baseline vs Tier2Combined): 0-1 {Black wins by adjudication}
Score of Tier2Combined vs Baseline: 430 - 363 - 301  [0.531] 1094
Started game 1107 of 10000 (Tier2Combined vs Baseline)
Finished game 1097 (Tier2Combined vs Baseline): 0-1 {Black wins by adjudication}
Score of Tier2Combined vs Baseline: 430 - 364 - 301  [0.530] 1095
Started game 1108 of 10000 (Baseline vs Tier2Combined)
Finished game 1096 (Baseline vs Tier2Combined): 0-1 {Black wins by adjudication}
Score of Tier2Combined vs Baseline: 431 - 364 - 301  [0.531] 1096
Started game 1109 of 10000 (Tier2Combined vs Baseline)
Finished game 1098 (Baseline vs Tier2Combined): 1/2-1/2 {Draw by insufficient mating material}
Score of Tier2Combined vs Baseline: 431 - 364 - 302  [0.531] 1097
Started game 1110 of 10000 (Baseline vs Tier2Combined)
Finished game 1099 (Tier2Combined vs Baseline): 1/2-1/2 {Draw by adjudication}
Score of Tier2Combined vs Baseline: 431 - 364 - 303  [0.531] 1098
Started game 1111 of 10000 (Tier2Combined vs Baseline)
Finished game 1091 (Tier2Combined vs Baseline): 1/2-1/2 {Draw by fifty moves rule}
Score of Tier2Combined vs Baseline: 431 - 364 - 304  [0.530] 1099
Started game 1112 of 10000 (Baseline vs Tier2Combined)
Finished game 1100 (Baseline vs Tier2Combined): 0-1 {Black wins by adjudication}
Score of Tier2Combined vs Baseline: 432 - 364 - 304  [0.531] 1100
Started game 1113 of 10000 (Tier2Combined vs Baseline)
Finished game 1101 (Tier2Combined vs Baseline): 1-0 {White wins by adjudication}
Score of Tier2Combined vs Baseline: 433 - 364 - 304  [0.531] 1101
Started game 1114 of 10000 (Baseline vs Tier2Combined)
Finished game 1102 (Baseline vs Tier2Combined): 0-1 {Black wins by adjudication}
Score of Tier2Combined vs Baseline: 434 - 364 - 304  [0.532] 1102
Started game 1115 of 10000 (Tier2Combined vs Baseline)
Finished game 1106 (Baseline vs Tier2Combined): 0-1 {Black wins by adjudication}
Score of Tier2Combined vs Baseline: 435 - 364 - 304  [0.532] 1103
Started game 1116 of 10000 (Baseline vs Tier2Combined)
Finished game 1103 (Tier2Combined vs Baseline): 0-1 {Black wins by adjudication}
Score of Tier2Combined vs Baseline: 435 - 365 - 304  [0.532] 1104
Started game 1117 of 10000 (Tier2Combined vs Baseline)
Finished game 1104 (Baseline vs Tier2Combined): 1-0 {White wins by adjudication}
Score of Tier2Combined vs Baseline: 435 - 366 - 304  [0.531] 1105
Started game 1118 of 10000 (Baseline vs Tier2Combined)
Finished game 1105 (Tier2Combined vs Baseline): 1/2-1/2 {Draw by 3-fold repetition}
Score of Tier2Combined vs Baseline: 435 - 366 - 305  [0.531] 1106
Started game 1119 of 10000 (Tier2Combined vs Baseline)
Finished game 1108 (Baseline vs Tier2Combined): 1-0 {White wins by adjudication}
Score of Tier2Combined vs Baseline: 435 - 367 - 305  [0.531] 1107
Started game 1120 of 10000 (Baseline vs Tier2Combined)
Finished game 1107 (Tier2Combined vs Baseline): 1-0 {White wins by adjudication}
Score of Tier2Combined vs Baseline: 436 - 367 - 305  [0.531] 1108
Started game 1121 of 10000 (Tier2Combined vs Baseline)
Finished game 1109 (Tier2Combined vs Baseline): 1/2-1/2 {Draw by insufficient mating material}
Score of Tier2Combined vs Baseline: 436 - 367 - 306  [0.531] 1109
Started game 1122 of 10000 (Baseline vs Tier2Combined)
Finished game 1112 (Baseline vs Tier2Combined): 0-1 {Black wins by adjudication}
Score of Tier2Combined vs Baseline: 437 - 367 - 306  [0.532] 1110
Started game 1123 of 10000 (Tier2Combined vs Baseline)
Finished game 1110 (Baseline vs Tier2Combined): 1/2-1/2 {Draw by fifty moves rule}
Score of Tier2Combined vs Baseline: 437 - 367 - 307  [0.532] 1111
Started game 1124 of 10000 (Baseline vs Tier2Combined)
Finished game 1114 (Baseline vs Tier2Combined): 1-0 {White mates}
Score of Tier2Combined vs Baseline: 437 - 368 - 307  [0.531] 1112
Started game 1125 of 10000 (Tier2Combined vs Baseline)
Finished game 1116 (Baseline vs Tier2Combined): 1/2-1/2 {Draw by 3-fold repetition}
Score of Tier2Combined vs Baseline: 437 - 368 - 308  [0.531] 1113
Started game 1126 of 10000 (Baseline vs Tier2Combined)
Finished game 1118 (Baseline vs Tier2Combined): 1-0 {White wins by adjudication}
Score of Tier2Combined vs Baseline: 437 - 369 - 308  [0.531] 1114
Started game 1127 of 10000 (Tier2Combined vs Baseline)
Finished game 1119 (Tier2Combined vs Baseline): 1-0 {White wins by adjudication}
Score of Tier2Combined vs Baseline: 438 - 369 - 308  [0.531] 1115
Started game 1128 of 10000 (Baseline vs Tier2Combined)
Finished game 1113 (Tier2Combined vs Baseline): 0-1 {Black mates}
Score of Tier2Combined vs Baseline: 438 - 370 - 308  [0.530] 1116
Started game 1129 of 10000 (Tier2Combined vs Baseline)
Finished game 1120 (Baseline vs Tier2Combined): 0-1 {Black wins by adjudication}
Score of Tier2Combined vs Baseline: 439 - 370 - 308  [0.531] 1117
Started game 1130 of 10000 (Baseline vs Tier2Combined)
Finished game 1115 (Tier2Combined vs Baseline): 0-1 {Black wins by adjudication}
Score of Tier2Combined vs Baseline: 439 - 371 - 308  [0.530] 1118
Started game 1131 of 10000 (Tier2Combined vs Baseline)
Finished game 1117 (Tier2Combined vs Baseline): 1-0 {White mates}
Score of Tier2Combined vs Baseline: 440 - 371 - 308  [0.531] 1119
Started game 1132 of 10000 (Baseline vs Tier2Combined)
Finished game 1111 (Tier2Combined vs Baseline): 1/2-1/2 {Draw by fifty moves rule}
Score of Tier2Combined vs Baseline: 440 - 371 - 309  [0.531] 1120
Started game 1133 of 10000 (Tier2Combined vs Baseline)
Finished game 1124 (Baseline vs Tier2Combined): 1-0 {White wins by adjudication}
Score of Tier2Combined vs Baseline: 440 - 372 - 309  [0.530] 1121
Started game 1134 of 10000 (Baseline vs Tier2Combined)
Finished game 1122 (Baseline vs Tier2Combined): 1-0 {White wins by adjudication}
Score of Tier2Combined vs Baseline: 440 - 373 - 309  [0.530] 1122
Started game 1135 of 10000 (Tier2Combined vs Baseline)
Finished game 1123 (Tier2Combined vs Baseline): 1-0 {White wins by adjudication}
Score of Tier2Combined vs Baseline: 441 - 373 - 309  [0.530] 1123
Started game 1136 of 10000 (Baseline vs Tier2Combined)
Finished game 1125 (Tier2Combined vs Baseline): 0-1 {Black wins by adjudication}
Score of Tier2Combined vs Baseline: 441 - 374 - 309  [0.530] 1124
Started game 1137 of 10000 (Tier2Combined vs Baseline)
Finished game 1128 (Baseline vs Tier2Combined): 1/2-1/2 {Draw by 3-fold repetition}
Score of Tier2Combined vs Baseline: 441 - 374 - 310  [0.530] 1125
Started game 1138 of 10000 (Baseline vs Tier2Combined)
Finished game 1130 (Baseline vs Tier2Combined): 0-1 {Black wins by adjudication}
Score of Tier2Combined vs Baseline: 442 - 374 - 310  [0.530] 1126
Started game 1139 of 10000 (Tier2Combined vs Baseline)
Finished game 1126 (Baseline vs Tier2Combined): 0-1 {Black wins by adjudication}
Score of Tier2Combined vs Baseline: 443 - 374 - 310  [0.531] 1127
Started game 1140 of 10000 (Baseline vs Tier2Combined)
Finished game 1131 (Tier2Combined vs Baseline): 1/2-1/2 {Draw by 3-fold repetition}
Score of Tier2Combined vs Baseline: 443 - 374 - 311  [0.531] 1128
Started game 1141 of 10000 (Tier2Combined vs Baseline)
Finished game 1133 (Tier2Combined vs Baseline): 1-0 {White wins by adjudication}
Score of Tier2Combined vs Baseline: 444 - 374 - 311  [0.531] 1129
Started game 1142 of 10000 (Baseline vs Tier2Combined)
Finished game 1129 (Tier2Combined vs Baseline): 1-0 {White wins by adjudication}
Score of Tier2Combined vs Baseline: 445 - 374 - 311  [0.531] 1130
Started game 1143 of 10000 (Tier2Combined vs Baseline)
Finished game 1127 (Tier2Combined vs Baseline): 1/2-1/2 {Draw by 3-fold repetition}
Score of Tier2Combined vs Baseline: 445 - 374 - 312  [0.531] 1131
Started game 1144 of 10000 (Baseline vs Tier2Combined)
Finished game 1132 (Baseline vs Tier2Combined): 0-1 {Black wins by adjudication}
Score of Tier2Combined vs Baseline: 446 - 374 - 312  [0.532] 1132
Started game 1145 of 10000 (Tier2Combined vs Baseline)
Finished game 1140 (Baseline vs Tier2Combined): 1/2-1/2 {Draw by 3-fold repetition}
Score of Tier2Combined vs Baseline: 446 - 374 - 313  [0.532] 1133
Started game 1146 of 10000 (Baseline vs Tier2Combined)
Finished game 1121 (Tier2Combined vs Baseline): 1/2-1/2 {Draw by fifty moves rule}
Score of Tier2Combined vs Baseline: 446 - 374 - 314  [0.532] 1134
Started game 1147 of 10000 (Tier2Combined vs Baseline)
Finished game 1137 (Tier2Combined vs Baseline): 0-1 {Black wins by adjudication}
Score of Tier2Combined vs Baseline: 446 - 375 - 314  [0.531] 1135
Started game 1148 of 10000 (Baseline vs Tier2Combined)
Finished game 1141 (Tier2Combined vs Baseline): 1-0 {White wins by adjudication}
Score of Tier2Combined vs Baseline: 447 - 375 - 314  [0.532] 1136
Started game 1149 of 10000 (Tier2Combined vs Baseline)
Finished game 1135 (Tier2Combined vs Baseline): 1/2-1/2 {Draw by adjudication}
Score of Tier2Combined vs Baseline: 447 - 375 - 315  [0.532] 1137
Started game 1150 of 10000 (Baseline vs Tier2Combined)
Finished game 1134 (Baseline vs Tier2Combined): 1-0 {White wins by adjudication}
Score of Tier2Combined vs Baseline: 447 - 376 - 315  [0.531] 1138
Started game 1151 of 10000 (Tier2Combined vs Baseline)
Finished game 1142 (Baseline vs Tier2Combined): 0-1 {Black wins by adjudication}
Score of Tier2Combined vs Baseline: 448 - 376 - 315  [0.532] 1139
Started game 1152 of 10000 (Baseline vs Tier2Combined)
Finished game 1139 (Tier2Combined vs Baseline): 1-0 {White wins by adjudication}
Score of Tier2Combined vs Baseline: 449 - 376 - 315  [0.532] 1140
Started game 1153 of 10000 (Tier2Combined vs Baseline)
Finished game 1138 (Baseline vs Tier2Combined): 1-0 {White wins by adjudication}
Score of Tier2Combined vs Baseline: 449 - 377 - 315  [0.532] 1141
Started game 1154 of 10000 (Baseline vs Tier2Combined)
Finished game 1136 (Baseline vs Tier2Combined): 1/2-1/2 {Draw by insufficient mating material}
Score of Tier2Combined vs Baseline: 449 - 377 - 316  [0.532] 1142
Started game 1155 of 10000 (Tier2Combined vs Baseline)
Finished game 1146 (Baseline vs Tier2Combined): 0-1 {Black wins by adjudication}
Score of Tier2Combined vs Baseline: 450 - 377 - 316  [0.532] 1143
Started game 1156 of 10000 (Baseline vs Tier2Combined)
Finished game 1143 (Tier2Combined vs Baseline): 0-1 {Black wins by adjudication}
Score of Tier2Combined vs Baseline: 450 - 378 - 316  [0.531] 1144
Started game 1157 of 10000 (Tier2Combined vs Baseline)
Finished game 1144 (Baseline vs Tier2Combined): 1/2-1/2 {Draw by stalemate}
Score of Tier2Combined vs Baseline: 450 - 378 - 317  [0.531] 1145
Started game 1158 of 10000 (Baseline vs Tier2Combined)
Finished game 1151 (Tier2Combined vs Baseline): 1/2-1/2 {Draw by adjudication}
Score of Tier2Combined vs Baseline: 450 - 378 - 318  [0.531] 1146
Started game 1159 of 10000 (Tier2Combined vs Baseline)
Finished game 1149 (Tier2Combined vs Baseline): 0-1 {Black wins by adjudication}
Score of Tier2Combined vs Baseline: 450 - 379 - 318  [0.531] 1147
Started game 1160 of 10000 (Baseline vs Tier2Combined)
Finished game 1145 (Tier2Combined vs Baseline): 1/2-1/2 {Draw by fifty moves rule}
Score of Tier2Combined vs Baseline: 450 - 379 - 319  [0.531] 1148
Started game 1161 of 10000 (Tier2Combined vs Baseline)
Finished game 1147 (Tier2Combined vs Baseline): 0-1 {Black wins by adjudication}
Score of Tier2Combined vs Baseline: 450 - 380 - 319  [0.530] 1149
Started game 1162 of 10000 (Baseline vs Tier2Combined)
Finished game 1150 (Baseline vs Tier2Combined): 0-1 {Black wins by adjudication}
Score of Tier2Combined vs Baseline: 451 - 380 - 319  [0.531] 1150
Started game 1163 of 10000 (Tier2Combined vs Baseline)
Finished game 1155 (Tier2Combined vs Baseline): 1-0 {White wins by adjudication}
Score of Tier2Combined vs Baseline: 452 - 380 - 319  [0.531] 1151
Started game 1164 of 10000 (Baseline vs Tier2Combined)
Finished game 1153 (Tier2Combined vs Baseline): 1-0 {White wins by adjudication}
Score of Tier2Combined vs Baseline: 453 - 380 - 319  [0.532] 1152
Started game 1165 of 10000 (Tier2Combined vs Baseline)
Finished game 1154 (Baseline vs Tier2Combined): 1-0 {White wins by adjudication}
Score of Tier2Combined vs Baseline: 453 - 381 - 319  [0.531] 1153
Started game 1166 of 10000 (Baseline vs Tier2Combined)
Finished game 1157 (Tier2Combined vs Baseline): 0-1 {Black wins by adjudication}
Score of Tier2Combined vs Baseline: 453 - 382 - 319  [0.531] 1154
Started game 1167 of 10000 (Tier2Combined vs Baseline)
Finished game 1160 (Baseline vs Tier2Combined): 1-0 {White wins by adjudication}
Score of Tier2Combined vs Baseline: 453 - 383 - 319  [0.530] 1155
Started game 1168 of 10000 (Baseline vs Tier2Combined)
Finished game 1148 (Baseline vs Tier2Combined): 1/2-1/2 {Draw by fifty moves rule}
Score of Tier2Combined vs Baseline: 453 - 383 - 320  [0.530] 1156
Started game 1169 of 10000 (Tier2Combined vs Baseline)
Finished game 1158 (Baseline vs Tier2Combined): 1-0 {White wins by adjudication}
Score of Tier2Combined vs Baseline: 453 - 384 - 320  [0.530] 1157
Started game 1170 of 10000 (Baseline vs Tier2Combined)
Finished game 1159 (Tier2Combined vs Baseline): 1-0 {White wins by adjudication}
Score of Tier2Combined vs Baseline: 454 - 384 - 320  [0.530] 1158
Started game 1171 of 10000 (Tier2Combined vs Baseline)
Finished game 1167 (Tier2Combined vs Baseline): 1/2-1/2 {Draw by 3-fold repetition}
Score of Tier2Combined vs Baseline: 454 - 384 - 321  [0.530] 1159
Started game 1172 of 10000 (Baseline vs Tier2Combined)
Finished game 1163 (Tier2Combined vs Baseline): 1/2-1/2 {Draw by 3-fold repetition}
Score of Tier2Combined vs Baseline: 454 - 384 - 322  [0.530] 1160
Started game 1173 of 10000 (Tier2Combined vs Baseline)
Finished game 1164 (Baseline vs Tier2Combined): 1/2-1/2 {Draw by 3-fold repetition}
Score of Tier2Combined vs Baseline: 454 - 384 - 323  [0.530] 1161
Started game 1174 of 10000 (Baseline vs Tier2Combined)
Finished game 1161 (Tier2Combined vs Baseline): 0-1 {Black wins by adjudication}
Score of Tier2Combined vs Baseline: 454 - 385 - 323  [0.530] 1162
Started game 1175 of 10000 (Tier2Combined vs Baseline)
Finished game 1162 (Baseline vs Tier2Combined): 1-0 {White wins by adjudication}
Score of Tier2Combined vs Baseline: 454 - 386 - 323  [0.529] 1163
Started game 1176 of 10000 (Baseline vs Tier2Combined)
Finished game 1152 (Baseline vs Tier2Combined): 0-1 {Black wins by adjudication}
Score of Tier2Combined vs Baseline: 455 - 386 - 323  [0.530] 1164
Started game 1177 of 10000 (Tier2Combined vs Baseline)
Finished game 1156 (Baseline vs Tier2Combined): 1/2-1/2 {Draw by insufficient mating material}
Score of Tier2Combined vs Baseline: 455 - 386 - 324  [0.530] 1165
Started game 1178 of 10000 (Baseline vs Tier2Combined)
Finished game 1165 (Tier2Combined vs Baseline): 1-0 {White wins by adjudication}
Score of Tier2Combined vs Baseline: 456 - 386 - 324  [0.530] 1166
Started game 1179 of 10000 (Tier2Combined vs Baseline)
Finished game 1166 (Baseline vs Tier2Combined): 0-1 {Black wins by adjudication}
Score of Tier2Combined vs Baseline: 457 - 386 - 324  [0.530] 1167
Started game 1180 of 10000 (Baseline vs Tier2Combined)
Finished game 1168 (Baseline vs Tier2Combined): 1-0 {White wins by adjudication}
Score of Tier2Combined vs Baseline: 457 - 387 - 324  [0.530] 1168
Started game 1181 of 10000 (Tier2Combined vs Baseline)
Finished game 1173 (Tier2Combined vs Baseline): 1/2-1/2 {Draw by 3-fold repetition}
Score of Tier2Combined vs Baseline: 457 - 387 - 325  [0.530] 1169
Started game 1182 of 10000 (Baseline vs Tier2Combined)
Finished game 1175 (Tier2Combined vs Baseline): 0-1 {Black wins by adjudication}
Score of Tier2Combined vs Baseline: 457 - 388 - 325  [0.529] 1170
Started game 1183 of 10000 (Tier2Combined vs Baseline)
Finished game 1170 (Baseline vs Tier2Combined): 0-1 {Black wins by adjudication}
Score of Tier2Combined vs Baseline: 458 - 388 - 325  [0.530] 1171
Started game 1184 of 10000 (Baseline vs Tier2Combined)
Finished game 1172 (Baseline vs Tier2Combined): 1/2-1/2 {Draw by 3-fold repetition}
Score of Tier2Combined vs Baseline: 458 - 388 - 326  [0.530] 1172
Started game 1185 of 10000 (Tier2Combined vs Baseline)
Finished game 1171 (Tier2Combined vs Baseline): 1/2-1/2 {Draw by 3-fold repetition}
Score of Tier2Combined vs Baseline: 458 - 388 - 327  [0.530] 1173
Started game 1186 of 10000 (Baseline vs Tier2Combined)
Finished game 1177 (Tier2Combined vs Baseline): 1-0 {White wins by adjudication}
Score of Tier2Combined vs Baseline: 459 - 388 - 327  [0.530] 1174
Started game 1187 of 10000 (Tier2Combined vs Baseline)
Finished game 1178 (Baseline vs Tier2Combined): 1-0 {White wins by adjudication}
Score of Tier2Combined vs Baseline: 459 - 389 - 327  [0.530] 1175
Started game 1188 of 10000 (Baseline vs Tier2Combined)
Finished game 1169 (Tier2Combined vs Baseline): 1/2-1/2 {Draw by insufficient mating material}
Score of Tier2Combined vs Baseline: 459 - 389 - 328  [0.530] 1176
Started game 1189 of 10000 (Tier2Combined vs Baseline)
Finished game 1176 (Baseline vs Tier2Combined): 1/2-1/2 {Draw by 3-fold repetition}
Score of Tier2Combined vs Baseline: 459 - 389 - 329  [0.530] 1177
Started game 1190 of 10000 (Baseline vs Tier2Combined)
Finished game 1174 (Baseline vs Tier2Combined): 1/2-1/2 {Draw by 3-fold repetition}
Score of Tier2Combined vs Baseline: 459 - 389 - 330  [0.530] 1178
Started game 1191 of 10000 (Tier2Combined vs Baseline)
Finished game 1180 (Baseline vs Tier2Combined): 1-0 {White wins by adjudication}
Score of Tier2Combined vs Baseline: 459 - 390 - 330  [0.529] 1179
Started game 1192 of 10000 (Baseline vs Tier2Combined)
Finished game 1182 (Baseline vs Tier2Combined): 1-0 {White wins by adjudication}
Score of Tier2Combined vs Baseline: 459 - 391 - 330  [0.529] 1180
Started game 1193 of 10000 (Tier2Combined vs Baseline)
Finished game 1179 (Tier2Combined vs Baseline): 1-0 {White wins by adjudication}
Score of Tier2Combined vs Baseline: 460 - 391 - 330  [0.529] 1181
Started game 1194 of 10000 (Baseline vs Tier2Combined)
Finished game 1181 (Tier2Combined vs Baseline): 1-0 {White wins by adjudication}
Score of Tier2Combined vs Baseline: 461 - 391 - 330  [0.530] 1182
Started game 1195 of 10000 (Tier2Combined vs Baseline)
Finished game 1184 (Baseline vs Tier2Combined): 0-1 {Black wins by adjudication}
Score of Tier2Combined vs Baseline: 462 - 391 - 330  [0.530] 1183
Started game 1196 of 10000 (Baseline vs Tier2Combined)
Finished game 1189 (Tier2Combined vs Baseline): 1-0 {White wins by adjudication}
Score of Tier2Combined vs Baseline: 463 - 391 - 330  [0.530] 1184
Started game 1197 of 10000 (Tier2Combined vs Baseline)
Finished game 1186 (Baseline vs Tier2Combined): 0-1 {Black wins by adjudication}
Score of Tier2Combined vs Baseline: 464 - 391 - 330  [0.531] 1185
Started game 1198 of 10000 (Baseline vs Tier2Combined)
Finished game 1190 (Baseline vs Tier2Combined): 1-0 {White wins by adjudication}
Score of Tier2Combined vs Baseline: 464 - 392 - 330  [0.530] 1186
Started game 1199 of 10000 (Tier2Combined vs Baseline)
Finished game 1183 (Tier2Combined vs Baseline): 1/2-1/2 {Draw by fifty moves rule}
Score of Tier2Combined vs Baseline: 464 - 392 - 331  [0.530] 1187
Started game 1200 of 10000 (Baseline vs Tier2Combined)
Finished game 1187 (Tier2Combined vs Baseline): 0-1 {Black wins by adjudication}
Score of Tier2Combined vs Baseline: 464 - 393 - 331  [0.530] 1188
Started game 1201 of 10000 (Tier2Combined vs Baseline)
Finished game 1188 (Baseline vs Tier2Combined): 1/2-1/2 {Draw by adjudication}
Score of Tier2Combined vs Baseline: 464 - 393 - 332  [0.530] 1189
Started game 1202 of 10000 (Baseline vs Tier2Combined)
Finished game 1195 (Tier2Combined vs Baseline): 1-0 {White wins by adjudication}
Score of Tier2Combined vs Baseline: 465 - 393 - 332  [0.530] 1190
Started game 1203 of 10000 (Tier2Combined vs Baseline)
Finished game 1191 (Tier2Combined vs Baseline): 1/2-1/2 {Draw by insufficient mating material}
Score of Tier2Combined vs Baseline: 465 - 393 - 333  [0.530] 1191
Started game 1204 of 10000 (Baseline vs Tier2Combined)
Finished game 1194 (Baseline vs Tier2Combined): 0-1 {Black wins by adjudication}
Score of Tier2Combined vs Baseline: 466 - 393 - 333  [0.531] 1192
Started game 1205 of 10000 (Tier2Combined vs Baseline)
Finished game 1192 (Baseline vs Tier2Combined): 0-1 {Black wins by adjudication}
Score of Tier2Combined vs Baseline: 467 - 393 - 333  [0.531] 1193
Started game 1206 of 10000 (Baseline vs Tier2Combined)
Finished game 1193 (Tier2Combined vs Baseline): 0-1 {Black wins by adjudication}
Score of Tier2Combined vs Baseline: 467 - 394 - 333  [0.531] 1194
Started game 1207 of 10000 (Tier2Combined vs Baseline)
Finished game 1185 (Tier2Combined vs Baseline): 1-0 {White wins by adjudication}
Score of Tier2Combined vs Baseline: 468 - 394 - 333  [0.531] 1195
Started game 1208 of 10000 (Baseline vs Tier2Combined)
Finished game 1198 (Baseline vs Tier2Combined): 1-0 {White wins by adjudication}
Score of Tier2Combined vs Baseline: 468 - 395 - 333  [0.531] 1196
Started game 1209 of 10000 (Tier2Combined vs Baseline)
Finished game 1196 (Baseline vs Tier2Combined): 1/2-1/2 {Draw by adjudication}
Score of Tier2Combined vs Baseline: 468 - 395 - 334  [0.530] 1197
Started game 1210 of 10000 (Baseline vs Tier2Combined)
Finished game 1197 (Tier2Combined vs Baseline): 1/2-1/2 {Draw by insufficient mating material}
Score of Tier2Combined vs Baseline: 468 - 395 - 335  [0.530] 1198
Started game 1211 of 10000 (Tier2Combined vs Baseline)
Finished game 1204 (Baseline vs Tier2Combined): 1-0 {White wins by adjudication}
Score of Tier2Combined vs Baseline: 468 - 396 - 335  [0.530] 1199
Started game 1212 of 10000 (Baseline vs Tier2Combined)
Finished game 1199 (Tier2Combined vs Baseline): 0-1 {Black wins by adjudication}
Score of Tier2Combined vs Baseline: 468 - 397 - 335  [0.530] 1200
Started game 1213 of 10000 (Tier2Combined vs Baseline)
Finished game 1205 (Tier2Combined vs Baseline): 1-0 {White wins by adjudication}
Score of Tier2Combined vs Baseline: 469 - 397 - 335  [0.530] 1201
Started game 1214 of 10000 (Baseline vs Tier2Combined)
Finished game 1202 (Baseline vs Tier2Combined): 1-0 {White wins by adjudication}
Score of Tier2Combined vs Baseline: 469 - 398 - 335  [0.530] 1202
Started game 1215 of 10000 (Tier2Combined vs Baseline)
Finished game 1201 (Tier2Combined vs Baseline): 1-0 {White wins by adjudication}
Score of Tier2Combined vs Baseline: 470 - 398 - 335  [0.530] 1203
Started game 1216 of 10000 (Baseline vs Tier2Combined)
Finished game 1208 (Baseline vs Tier2Combined): 0-1 {Black wins by adjudication}
Score of Tier2Combined vs Baseline: 471 - 398 - 335  [0.530] 1204
Started game 1217 of 10000 (Tier2Combined vs Baseline)
Finished game 1207 (Tier2Combined vs Baseline): 0-1 {Black wins by adjudication}
Score of Tier2Combined vs Baseline: 471 - 399 - 335  [0.530] 1205
Started game 1218 of 10000 (Baseline vs Tier2Combined)
Finished game 1200 (Baseline vs Tier2Combined): 1/2-1/2 {Draw by fifty moves rule}
Score of Tier2Combined vs Baseline: 471 - 399 - 336  [0.530] 1206
Started game 1219 of 10000 (Tier2Combined vs Baseline)
Finished game 1203 (Tier2Combined vs Baseline): 1/2-1/2 {Draw by adjudication}
Score of Tier2Combined vs Baseline: 471 - 399 - 337  [0.530] 1207
Started game 1220 of 10000 (Baseline vs Tier2Combined)
Finished game 1206 (Baseline vs Tier2Combined): 1-0 {White wins by adjudication}
Score of Tier2Combined vs Baseline: 471 - 400 - 337  [0.529] 1208
Started game 1221 of 10000 (Tier2Combined vs Baseline)
Finished game 1210 (Baseline vs Tier2Combined): 1-0 {White wins by adjudication}
Score of Tier2Combined vs Baseline: 471 - 401 - 337  [0.529] 1209
Started game 1222 of 10000 (Baseline vs Tier2Combined)
Finished game 1209 (Tier2Combined vs Baseline): 0-1 {Black wins by adjudication}
Score of Tier2Combined vs Baseline: 471 - 402 - 337  [0.529] 1210
Started game 1223 of 10000 (Tier2Combined vs Baseline)
Finished game 1216 (Baseline vs Tier2Combined): 1-0 {White wins by adjudication}
Score of Tier2Combined vs Baseline: 471 - 403 - 337  [0.528] 1211
Started game 1224 of 10000 (Baseline vs Tier2Combined)
Finished game 1212 (Baseline vs Tier2Combined): 0-1 {Black wins by adjudication}
Score of Tier2Combined vs Baseline: 472 - 403 - 337  [0.528] 1212
Started game 1225 of 10000 (Tier2Combined vs Baseline)
Finished game 1211 (Tier2Combined vs Baseline): 0-1 {Black wins by adjudication}
Score of Tier2Combined vs Baseline: 472 - 404 - 337  [0.528] 1213
Started game 1226 of 10000 (Baseline vs Tier2Combined)
Finished game 1213 (Tier2Combined vs Baseline): 0-1 {Black wins by adjudication}
Score of Tier2Combined vs Baseline: 472 - 405 - 337  [0.528] 1214
Started game 1227 of 10000 (Tier2Combined vs Baseline)
Finished game 1217 (Tier2Combined vs Baseline): 1-0 {White mates}
Score of Tier2Combined vs Baseline: 473 - 405 - 337  [0.528] 1215
Started game 1228 of 10000 (Baseline vs Tier2Combined)
Finished game 1214 (Baseline vs Tier2Combined): 1-0 {White wins by adjudication}
Score of Tier2Combined vs Baseline: 473 - 406 - 337  [0.528] 1216
Started game 1229 of 10000 (Tier2Combined vs Baseline)
Finished game 1223 (Tier2Combined vs Baseline): 1-0 {White wins by adjudication}
Score of Tier2Combined vs Baseline: 474 - 406 - 337  [0.528] 1217
Started game 1230 of 10000 (Baseline vs Tier2Combined)
Finished game 1215 (Tier2Combined vs Baseline): 1/2-1/2 {Draw by fifty moves rule}
Score of Tier2Combined vs Baseline: 474 - 406 - 338  [0.528] 1218
Started game 1231 of 10000 (Tier2Combined vs Baseline)
Finished game 1218 (Baseline vs Tier2Combined): 1/2-1/2 {Draw by 3-fold repetition}
Score of Tier2Combined vs Baseline: 474 - 406 - 339  [0.528] 1219
Started game 1232 of 10000 (Baseline vs Tier2Combined)
Finished game 1219 (Tier2Combined vs Baseline): 0-1 {Black wins by adjudication}
Score of Tier2Combined vs Baseline: 474 - 407 - 339  [0.527] 1220
Started game 1233 of 10000 (Tier2Combined vs Baseline)
Finished game 1221 (Tier2Combined vs Baseline): 0-1 {Black wins by adjudication}
Score of Tier2Combined vs Baseline: 474 - 408 - 339  [0.527] 1221
Started game 1234 of 10000 (Baseline vs Tier2Combined)
Finished game 1225 (Tier2Combined vs Baseline): 1-0 {White wins by adjudication}
Score of Tier2Combined vs Baseline: 475 - 408 - 339  [0.527] 1222
Started game 1235 of 10000 (Tier2Combined vs Baseline)
Finished game 1222 (Baseline vs Tier2Combined): 0-1 {Black wins by adjudication}
Score of Tier2Combined vs Baseline: 476 - 408 - 339  [0.528] 1223
Started game 1236 of 10000 (Baseline vs Tier2Combined)
Finished game 1220 (Baseline vs Tier2Combined): 1-0 {White mates}
Score of Tier2Combined vs Baseline: 476 - 409 - 339  [0.527] 1224
Started game 1237 of 10000 (Tier2Combined vs Baseline)
Finished game 1226 (Baseline vs Tier2Combined): 0-1 {Black wins by adjudication}
Score of Tier2Combined vs Baseline: 477 - 409 - 339  [0.528] 1225
Started game 1238 of 10000 (Baseline vs Tier2Combined)
Finished game 1227 (Tier2Combined vs Baseline): 1-0 {White wins by adjudication}
Score of Tier2Combined vs Baseline: 478 - 409 - 339  [0.528] 1226
Started game 1239 of 10000 (Tier2Combined vs Baseline)
Finished game 1224 (Baseline vs Tier2Combined): 0-1 {Black wins by adjudication}
Score of Tier2Combined vs Baseline: 479 - 409 - 339  [0.529] 1227
Started game 1240 of 10000 (Baseline vs Tier2Combined)
Finished game 1228 (Baseline vs Tier2Combined): 0-1 {Black wins by adjudication}
Score of Tier2Combined vs Baseline: 480 - 409 - 339  [0.529] 1228
Started game 1241 of 10000 (Tier2Combined vs Baseline)
Finished game 1230 (Baseline vs Tier2Combined): 0-1 {Black wins by adjudication}
Score of Tier2Combined vs Baseline: 481 - 409 - 339  [0.529] 1229
Started game 1242 of 10000 (Baseline vs Tier2Combined)
Finished game 1234 (Baseline vs Tier2Combined): 0-1 {Black wins by adjudication}
Score of Tier2Combined vs Baseline: 482 - 409 - 339  [0.530] 1230
Started game 1243 of 10000 (Tier2Combined vs Baseline)
Finished game 1231 (Tier2Combined vs Baseline): 0-1 {Black wins by adjudication}
Score of Tier2Combined vs Baseline: 482 - 410 - 339  [0.529] 1231
Started game 1244 of 10000 (Baseline vs Tier2Combined)
Finished game 1229 (Tier2Combined vs Baseline): 1/2-1/2 {Draw by fifty moves rule}
Score of Tier2Combined vs Baseline: 482 - 410 - 340  [0.529] 1232
Started game 1245 of 10000 (Tier2Combined vs Baseline)
Finished game 1233 (Tier2Combined vs Baseline): 1-0 {White wins by adjudication}
Score of Tier2Combined vs Baseline: 483 - 410 - 340  [0.530] 1233
Started game 1246 of 10000 (Baseline vs Tier2Combined)
Finished game 1235 (Tier2Combined vs Baseline): 1-0 {White wins by adjudication}
Score of Tier2Combined vs Baseline: 484 - 410 - 340  [0.530] 1234
Started game 1247 of 10000 (Tier2Combined vs Baseline)
Finished game 1237 (Tier2Combined vs Baseline): 1/2-1/2 {Draw by 3-fold repetition}
Score of Tier2Combined vs Baseline: 484 - 410 - 341  [0.530] 1235
Started game 1248 of 10000 (Baseline vs Tier2Combined)
Finished game 1241 (Tier2Combined vs Baseline): 1/2-1/2 {Draw by 3-fold repetition}
Score of Tier2Combined vs Baseline: 484 - 410 - 342  [0.530] 1236
Started game 1249 of 10000 (Tier2Combined vs Baseline)
Finished game 1236 (Baseline vs Tier2Combined): 1/2-1/2 {Draw by 3-fold repetition}
Score of Tier2Combined vs Baseline: 484 - 410 - 343  [0.530] 1237
Started game 1250 of 10000 (Baseline vs Tier2Combined)
Finished game 1232 (Baseline vs Tier2Combined): 0-1 {Black wins by adjudication}
Score of Tier2Combined vs Baseline: 485 - 410 - 343  [0.530] 1238
Started game 1251 of 10000 (Tier2Combined vs Baseline)
Finished game 1240 (Baseline vs Tier2Combined): 1/2-1/2 {Draw by 3-fold repetition}
Score of Tier2Combined vs Baseline: 485 - 410 - 344  [0.530] 1239
Started game 1252 of 10000 (Baseline vs Tier2Combined)
Finished game 1243 (Tier2Combined vs Baseline): 1-0 {White wins by adjudication}
Score of Tier2Combined vs Baseline: 486 - 410 - 344  [0.531] 1240
Started game 1253 of 10000 (Tier2Combined vs Baseline)
Finished game 1242 (Baseline vs Tier2Combined): 1-0 {White wins by adjudication}
Score of Tier2Combined vs Baseline: 486 - 411 - 344  [0.530] 1241
Started game 1254 of 10000 (Baseline vs Tier2Combined)
Finished game 1238 (Baseline vs Tier2Combined): 1/2-1/2 {Draw by stalemate}
Score of Tier2Combined vs Baseline: 486 - 411 - 345  [0.530] 1242
Started game 1255 of 10000 (Tier2Combined vs Baseline)
Finished game 1249 (Tier2Combined vs Baseline): 0-1 {Black wins by adjudication}
Score of Tier2Combined vs Baseline: 486 - 412 - 345  [0.530] 1243
Started game 1256 of 10000 (Baseline vs Tier2Combined)
Finished game 1245 (Tier2Combined vs Baseline): 1/2-1/2 {Draw by 3-fold repetition}
Score of Tier2Combined vs Baseline: 486 - 412 - 346  [0.530] 1244
Started game 1257 of 10000 (Tier2Combined vs Baseline)
Finished game 1246 (Baseline vs Tier2Combined): 1/2-1/2 {Draw by insufficient mating material}
Score of Tier2Combined vs Baseline: 486 - 412 - 347  [0.530] 1245
Started game 1258 of 10000 (Baseline vs Tier2Combined)
Finished game 1247 (Tier2Combined vs Baseline): 1-0 {White wins by adjudication}
Score of Tier2Combined vs Baseline: 487 - 412 - 347  [0.530] 1246
Started game 1259 of 10000 (Tier2Combined vs Baseline)
Finished game 1239 (Tier2Combined vs Baseline): 1/2-1/2 {Draw by fifty moves rule}
Score of Tier2Combined vs Baseline: 487 - 412 - 348  [0.530] 1247
Started game 1260 of 10000 (Baseline vs Tier2Combined)
Finished game 1253 (Tier2Combined vs Baseline): 1/2-1/2 {Draw by 3-fold repetition}
Score of Tier2Combined vs Baseline: 487 - 412 - 349  [0.530] 1248
Started game 1261 of 10000 (Tier2Combined vs Baseline)
Finished game 1248 (Baseline vs Tier2Combined): 0-1 {Black wins by adjudication}
Score of Tier2Combined vs Baseline: 488 - 412 - 349  [0.530] 1249
Started game 1262 of 10000 (Baseline vs Tier2Combined)
Finished game 1244 (Baseline vs Tier2Combined): 1/2-1/2 {Draw by insufficient mating material}
Score of Tier2Combined vs Baseline: 488 - 412 - 350  [0.530] 1250
Started game 1263 of 10000 (Tier2Combined vs Baseline)
Finished game 1252 (Baseline vs Tier2Combined): 1-0 {White wins by adjudication}
Score of Tier2Combined vs Baseline: 488 - 413 - 350  [0.530] 1251
Started game 1264 of 10000 (Baseline vs Tier2Combined)
Finished game 1251 (Tier2Combined vs Baseline): 1-0 {White wins by adjudication}
Score of Tier2Combined vs Baseline: 489 - 413 - 350  [0.530] 1252
Started game 1265 of 10000 (Tier2Combined vs Baseline)
Finished game 1256 (Baseline vs Tier2Combined): 0-1 {Black wins by adjudication}
Score of Tier2Combined vs Baseline: 490 - 413 - 350  [0.531] 1253
Started game 1266 of 10000 (Baseline vs Tier2Combined)
Finished game 1254 (Baseline vs Tier2Combined): 0-1 {Black wins by adjudication}
Score of Tier2Combined vs Baseline: 491 - 413 - 350  [0.531] 1254
Started game 1267 of 10000 (Tier2Combined vs Baseline)
Finished game 1255 (Tier2Combined vs Baseline): 0-1 {Black wins by adjudication}
Score of Tier2Combined vs Baseline: 491 - 414 - 350  [0.531] 1255
Started game 1268 of 10000 (Baseline vs Tier2Combined)
Finished game 1250 (Baseline vs Tier2Combined): 1/2-1/2 {Draw by fifty moves rule}
Score of Tier2Combined vs Baseline: 491 - 414 - 351  [0.531] 1256
Started game 1269 of 10000 (Tier2Combined vs Baseline)
Finished game 1257 (Tier2Combined vs Baseline): 1-0 {White wins by adjudication}
Score of Tier2Combined vs Baseline: 492 - 414 - 351  [0.531] 1257
Started game 1270 of 10000 (Baseline vs Tier2Combined)
Finished game 1259 (Tier2Combined vs Baseline): 1-0 {White wins by adjudication}
Score of Tier2Combined vs Baseline: 493 - 414 - 351  [0.531] 1258
Started game 1271 of 10000 (Tier2Combined vs Baseline)
Finished game 1260 (Baseline vs Tier2Combined): 1/2-1/2 {Draw by 3-fold repetition}
Score of Tier2Combined vs Baseline: 493 - 414 - 352  [0.531] 1259
Started game 1272 of 10000 (Baseline vs Tier2Combined)
Finished game 1261 (Tier2Combined vs Baseline): 1-0 {White wins by adjudication}
Score of Tier2Combined vs Baseline: 494 - 414 - 352  [0.532] 1260
Started game 1273 of 10000 (Tier2Combined vs Baseline)
Finished game 1264 (Baseline vs Tier2Combined): 0-1 {Black wins by adjudication}
Score of Tier2Combined vs Baseline: 495 - 414 - 352  [0.532] 1261
Started game 1274 of 10000 (Baseline vs Tier2Combined)
Finished game 1263 (Tier2Combined vs Baseline): 0-1 {Black wins by adjudication}
Score of Tier2Combined vs Baseline: 495 - 415 - 352  [0.532] 1262
Started game 1275 of 10000 (Tier2Combined vs Baseline)
Finished game 1258 (Baseline vs Tier2Combined): 0-1 {Black wins by adjudication}
Score of Tier2Combined vs Baseline: 496 - 415 - 352  [0.532] 1263
Started game 1276 of 10000 (Baseline vs Tier2Combined)
Finished game 1266 (Baseline vs Tier2Combined): 1/2-1/2 {Draw by insufficient mating material}
Score of Tier2Combined vs Baseline: 496 - 415 - 353  [0.532] 1264
Started game 1277 of 10000 (Tier2Combined vs Baseline)
Finished game 1265 (Tier2Combined vs Baseline): 1/2-1/2 {Draw by insufficient mating material}
Score of Tier2Combined vs Baseline: 496 - 415 - 354  [0.532] 1265
Started game 1278 of 10000 (Baseline vs Tier2Combined)
Finished game 1267 (Tier2Combined vs Baseline): 0-1 {Black wins by adjudication}
Score of Tier2Combined vs Baseline: 496 - 416 - 354  [0.532] 1266
Started game 1279 of 10000 (Tier2Combined vs Baseline)
Finished game 1268 (Baseline vs Tier2Combined): 1-0 {White wins by adjudication}
Score of Tier2Combined vs Baseline: 496 - 417 - 354  [0.531] 1267
Started game 1280 of 10000 (Baseline vs Tier2Combined)
Finished game 1270 (Baseline vs Tier2Combined): 1-0 {White wins by adjudication}
Score of Tier2Combined vs Baseline: 496 - 418 - 354  [0.531] 1268
Started game 1281 of 10000 (Tier2Combined vs Baseline)
Finished game 1271 (Tier2Combined vs Baseline): 1-0 {White wins by adjudication}
Score of Tier2Combined vs Baseline: 497 - 418 - 354  [0.531] 1269
Started game 1282 of 10000 (Baseline vs Tier2Combined)
Finished game 1277 (Tier2Combined vs Baseline): 0-1 {Black wins by adjudication}
Score of Tier2Combined vs Baseline: 497 - 419 - 354  [0.531] 1270
Started game 1283 of 10000 (Tier2Combined vs Baseline)
Finished game 1274 (Baseline vs Tier2Combined): 0-1 {Black wins by adjudication}
Score of Tier2Combined vs Baseline: 498 - 419 - 354  [0.531] 1271
Started game 1284 of 10000 (Baseline vs Tier2Combined)
Finished game 1273 (Tier2Combined vs Baseline): 1-0 {White wins by adjudication}
Score of Tier2Combined vs Baseline: 499 - 419 - 354  [0.531] 1272
Started game 1285 of 10000 (Tier2Combined vs Baseline)
Finished game 1269 (Tier2Combined vs Baseline): 1-0 {White wins by adjudication}
Score of Tier2Combined vs Baseline: 500 - 419 - 354  [0.532] 1273
Started game 1286 of 10000 (Baseline vs Tier2Combined)
Finished game 1262 (Baseline vs Tier2Combined): 1/2-1/2 {Draw by 3-fold repetition}
Score of Tier2Combined vs Baseline: 500 - 419 - 355  [0.532] 1274
Started game 1287 of 10000 (Tier2Combined vs Baseline)
Finished game 1280 (Baseline vs Tier2Combined): 1/2-1/2 {Draw by 3-fold repetition}
Score of Tier2Combined vs Baseline: 500 - 419 - 356  [0.532] 1275
Started game 1288 of 10000 (Baseline vs Tier2Combined)
Finished game 1272 (Baseline vs Tier2Combined): 1/2-1/2 {Draw by fifty moves rule}
Score of Tier2Combined vs Baseline: 500 - 419 - 357  [0.532] 1276
Started game 1289 of 10000 (Tier2Combined vs Baseline)
Finished game 1276 (Baseline vs Tier2Combined): 1-0 {White wins by adjudication}
Score of Tier2Combined vs Baseline: 500 - 420 - 357  [0.531] 1277
Started game 1290 of 10000 (Baseline vs Tier2Combined)
Finished game 1278 (Baseline vs Tier2Combined): 0-1 {Black wins by adjudication}
Score of Tier2Combined vs Baseline: 501 - 420 - 357  [0.532] 1278
Started game 1291 of 10000 (Tier2Combined vs Baseline)
Finished game 1281 (Tier2Combined vs Baseline): 1/2-1/2 {Draw by 3-fold repetition}
Score of Tier2Combined vs Baseline: 501 - 420 - 358  [0.532] 1279
Started game 1292 of 10000 (Baseline vs Tier2Combined)
Finished game 1275 (Tier2Combined vs Baseline): 1/2-1/2 {Draw by 3-fold repetition}
Score of Tier2Combined vs Baseline: 501 - 420 - 359  [0.532] 1280
Started game 1293 of 10000 (Tier2Combined vs Baseline)
Finished game 1279 (Tier2Combined vs Baseline): 1/2-1/2 {Draw by adjudication}
Score of Tier2Combined vs Baseline: 501 - 420 - 360  [0.532] 1281
Started game 1294 of 10000 (Baseline vs Tier2Combined)
Finished game 1284 (Baseline vs Tier2Combined): 0-1 {Black wins by adjudication}
Score of Tier2Combined vs Baseline: 502 - 420 - 360  [0.532] 1282
Started game 1295 of 10000 (Tier2Combined vs Baseline)
Finished game 1283 (Tier2Combined vs Baseline): 0-1 {Black mates}
Score of Tier2Combined vs Baseline: 502 - 421 - 360  [0.532] 1283
Started game 1296 of 10000 (Baseline vs Tier2Combined)
Finished game 1282 (Baseline vs Tier2Combined): 1/2-1/2 {Draw by 3-fold repetition}
Score of Tier2Combined vs Baseline: 502 - 421 - 361  [0.532] 1284
Started game 1297 of 10000 (Tier2Combined vs Baseline)
Finished game 1285 (Tier2Combined vs Baseline): 1-0 {White wins by adjudication}
Score of Tier2Combined vs Baseline: 503 - 421 - 361  [0.532] 1285
Started game 1298 of 10000 (Baseline vs Tier2Combined)
Finished game 1287 (Tier2Combined vs Baseline): 1-0 {White wins by adjudication}
Score of Tier2Combined vs Baseline: 504 - 421 - 361  [0.532] 1286
Started game 1299 of 10000 (Tier2Combined vs Baseline)
Finished game 1289 (Tier2Combined vs Baseline): 1/2-1/2 {Draw by insufficient mating material}
Score of Tier2Combined vs Baseline: 504 - 421 - 362  [0.532] 1287
Started game 1300 of 10000 (Baseline vs Tier2Combined)
Finished game 1286 (Baseline vs Tier2Combined): 1/2-1/2 {Draw by fifty moves rule}
Score of Tier2Combined vs Baseline: 504 - 421 - 363  [0.532] 1288
Started game 1301 of 10000 (Tier2Combined vs Baseline)
Finished game 1290 (Baseline vs Tier2Combined): 0-1 {Black wins by adjudication}
Score of Tier2Combined vs Baseline: 505 - 421 - 363  [0.533] 1289
Started game 1302 of 10000 (Baseline vs Tier2Combined)
Finished game 1293 (Tier2Combined vs Baseline): 1-0 {White wins by adjudication}
Score of Tier2Combined vs Baseline: 506 - 421 - 363  [0.533] 1290
Started game 1303 of 10000 (Tier2Combined vs Baseline)
Finished game 1291 (Tier2Combined vs Baseline): 0-1 {Black wins by adjudication}
Score of Tier2Combined vs Baseline: 506 - 422 - 363  [0.533] 1291
Started game 1304 of 10000 (Baseline vs Tier2Combined)
Finished game 1288 (Baseline vs Tier2Combined): 0-1 {Black mates}
Score of Tier2Combined vs Baseline: 507 - 422 - 363  [0.533] 1292
Started game 1305 of 10000 (Tier2Combined vs Baseline)
Finished game 1294 (Baseline vs Tier2Combined): 1-0 {White wins by adjudication}
Score of Tier2Combined vs Baseline: 507 - 423 - 363  [0.532] 1293
Started game 1306 of 10000 (Baseline vs Tier2Combined)
Finished game 1297 (Tier2Combined vs Baseline): 1-0 {White wins by adjudication}
Score of Tier2Combined vs Baseline: 508 - 423 - 363  [0.533] 1294
Started game 1307 of 10000 (Tier2Combined vs Baseline)
Finished game 1292 (Baseline vs Tier2Combined): 0-1 {Black wins by adjudication}
Score of Tier2Combined vs Baseline: 509 - 423 - 363  [0.533] 1295
Started game 1308 of 10000 (Baseline vs Tier2Combined)
Finished game 1295 (Tier2Combined vs Baseline): 0-1 {Black wins by adjudication}
Score of Tier2Combined vs Baseline: 509 - 424 - 363  [0.533] 1296
Started game 1309 of 10000 (Tier2Combined vs Baseline)
Finished game 1298 (Baseline vs Tier2Combined): 1-0 {White wins by adjudication}
Score of Tier2Combined vs Baseline: 509 - 425 - 363  [0.532] 1297
Started game 1310 of 10000 (Baseline vs Tier2Combined)
Finished game 1296 (Baseline vs Tier2Combined): 0-1 {Black wins by adjudication}
Score of Tier2Combined vs Baseline: 510 - 425 - 363  [0.533] 1298
Started game 1311 of 10000 (Tier2Combined vs Baseline)
Finished game 1299 (Tier2Combined vs Baseline): 1-0 {White wins by adjudication}
Score of Tier2Combined vs Baseline: 511 - 425 - 363  [0.533] 1299
Started game 1312 of 10000 (Baseline vs Tier2Combined)
Finished game 1303 (Tier2Combined vs Baseline): 0-1 {Black wins by adjudication}
Score of Tier2Combined vs Baseline: 511 - 426 - 363  [0.533] 1300
Started game 1313 of 10000 (Tier2Combined vs Baseline)
Finished game 1305 (Tier2Combined vs Baseline): 0-1 {Black wins by adjudication}
Score of Tier2Combined vs Baseline: 511 - 427 - 363  [0.532] 1301
Started game 1314 of 10000 (Baseline vs Tier2Combined)
Finished game 1304 (Baseline vs Tier2Combined): 1/2-1/2 {Draw by 3-fold repetition}
Score of Tier2Combined vs Baseline: 511 - 427 - 364  [0.532] 1302
Started game 1315 of 10000 (Tier2Combined vs Baseline)
Finished game 1302 (Baseline vs Tier2Combined): 0-1 {Black wins by adjudication}
Score of Tier2Combined vs Baseline: 512 - 427 - 364  [0.533] 1303
Started game 1316 of 10000 (Baseline vs Tier2Combined)
Finished game 1306 (Baseline vs Tier2Combined): 0-1 {Black wins by adjudication}
Score of Tier2Combined vs Baseline: 513 - 427 - 364  [0.533] 1304
Started game 1317 of 10000 (Tier2Combined vs Baseline)
Finished game 1307 (Tier2Combined vs Baseline): 1-0 {White wins by adjudication}
Score of Tier2Combined vs Baseline: 514 - 427 - 364  [0.533] 1305
Started game 1318 of 10000 (Baseline vs Tier2Combined)
Finished game 1301 (Tier2Combined vs Baseline): 1/2-1/2 {Draw by stalemate}
Score of Tier2Combined vs Baseline: 514 - 427 - 365  [0.533] 1306
Started game 1319 of 10000 (Tier2Combined vs Baseline)
Finished game 1300 (Baseline vs Tier2Combined): 0-1 {Black wins by adjudication}
Score of Tier2Combined vs Baseline: 515 - 427 - 365  [0.534] 1307
Started game 1320 of 10000 (Baseline vs Tier2Combined)
Finished game 1309 (Tier2Combined vs Baseline): 1-0 {White wins by adjudication}
Score of Tier2Combined vs Baseline: 516 - 427 - 365  [0.534] 1308
Started game 1321 of 10000 (Tier2Combined vs Baseline)
Finished game 1308 (Baseline vs Tier2Combined): 0-1 {Black wins by adjudication}
Score of Tier2Combined vs Baseline: 517 - 427 - 365  [0.534] 1309
Started game 1322 of 10000 (Baseline vs Tier2Combined)
Finished game 1310 (Baseline vs Tier2Combined): 1-0 {White wins by adjudication}
Score of Tier2Combined vs Baseline: 517 - 428 - 365  [0.534] 1310
Started game 1323 of 10000 (Tier2Combined vs Baseline)
Finished game 1311 (Tier2Combined vs Baseline): 1/2-1/2 {Draw by 3-fold repetition}
Score of Tier2Combined vs Baseline: 517 - 428 - 366  [0.534] 1311
Started game 1324 of 10000 (Baseline vs Tier2Combined)
Finished game 1315 (Tier2Combined vs Baseline): 1-0 {White mates}
Score of Tier2Combined vs Baseline: 518 - 428 - 366  [0.534] 1312
Started game 1325 of 10000 (Tier2Combined vs Baseline)
Finished game 1318 (Baseline vs Tier2Combined): 0-1 {Black wins by adjudication}
Score of Tier2Combined vs Baseline: 519 - 428 - 366  [0.535] 1313
Started game 1326 of 10000 (Baseline vs Tier2Combined)
Finished game 1317 (Tier2Combined vs Baseline): 1-0 {White wins by adjudication}
Score of Tier2Combined vs Baseline: 520 - 428 - 366  [0.535] 1314
Started game 1327 of 10000 (Tier2Combined vs Baseline)
Finished game 1312 (Baseline vs Tier2Combined): 1/2-1/2 {Draw by adjudication}
Score of Tier2Combined vs Baseline: 520 - 428 - 367  [0.535] 1315
Started game 1328 of 10000 (Baseline vs Tier2Combined)
Finished game 1320 (Baseline vs Tier2Combined): 1/2-1/2 {Draw by adjudication}
Score of Tier2Combined vs Baseline: 520 - 428 - 368  [0.535] 1316
Started game 1329 of 10000 (Tier2Combined vs Baseline)
Finished game 1321 (Tier2Combined vs Baseline): 1-0 {White wins by adjudication}
Score of Tier2Combined vs Baseline: 521 - 428 - 368  [0.535] 1317
Started game 1330 of 10000 (Baseline vs Tier2Combined)
Finished game 1313 (Tier2Combined vs Baseline): 0-1 {Black wins by adjudication}
Score of Tier2Combined vs Baseline: 521 - 429 - 368  [0.535] 1318
Started game 1331 of 10000 (Tier2Combined vs Baseline)
Finished game 1314 (Baseline vs Tier2Combined): 0-1 {Black wins by adjudication}
Score of Tier2Combined vs Baseline: 522 - 429 - 368  [0.535] 1319
Started game 1332 of 10000 (Baseline vs Tier2Combined)
Finished game 1316 (Baseline vs Tier2Combined): 1/2-1/2 {Draw by adjudication}
Score of Tier2Combined vs Baseline: 522 - 429 - 369  [0.535] 1320
Started game 1333 of 10000 (Tier2Combined vs Baseline)
Finished game 1319 (Tier2Combined vs Baseline): 1/2-1/2 {Draw by adjudication}
Score of Tier2Combined vs Baseline: 522 - 429 - 370  [0.535] 1321
Started game 1334 of 10000 (Baseline vs Tier2Combined)
Finished game 1324 (Baseline vs Tier2Combined): 1/2-1/2 {Draw by 3-fold repetition}
Score of Tier2Combined vs Baseline: 522 - 429 - 371  [0.535] 1322
Started game 1335 of 10000 (Tier2Combined vs Baseline)
Finished game 1325 (Tier2Combined vs Baseline): 1-0 {White wins by adjudication}
Score of Tier2Combined vs Baseline: 523 - 429 - 371  [0.536] 1323
Started game 1336 of 10000 (Baseline vs Tier2Combined)
Finished game 1322 (Baseline vs Tier2Combined): 1/2-1/2 {Draw by 3-fold repetition}
Score of Tier2Combined vs Baseline: 523 - 429 - 372  [0.535] 1324
Started game 1337 of 10000 (Tier2Combined vs Baseline)
Finished game 1323 (Tier2Combined vs Baseline): 0-1 {Black wins by adjudication}
Score of Tier2Combined vs Baseline: 523 - 430 - 372  [0.535] 1325
Started game 1338 of 10000 (Baseline vs Tier2Combined)
Finished game 1330 (Baseline vs Tier2Combined): 1/2-1/2 {Draw by 3-fold repetition}
Score of Tier2Combined vs Baseline: 523 - 430 - 373  [0.535] 1326
Started game 1339 of 10000 (Tier2Combined vs Baseline)
Finished game 1326 (Baseline vs Tier2Combined): 1-0 {White wins by adjudication}
Score of Tier2Combined vs Baseline: 523 - 431 - 373  [0.535] 1327
Started game 1340 of 10000 (Baseline vs Tier2Combined)
Finished game 1327 (Tier2Combined vs Baseline): 0-1 {Black wins by adjudication}
Score of Tier2Combined vs Baseline: 523 - 432 - 373  [0.534] 1328
Started game 1341 of 10000 (Tier2Combined vs Baseline)
Finished game 1329 (Tier2Combined vs Baseline): 0-1 {Black wins by adjudication}
Score of Tier2Combined vs Baseline: 523 - 433 - 373  [0.534] 1329
Started game 1342 of 10000 (Baseline vs Tier2Combined)
Finished game 1328 (Baseline vs Tier2Combined): 1-0 {White wins by adjudication}
Score of Tier2Combined vs Baseline: 523 - 434 - 373  [0.533] 1330
Started game 1343 of 10000 (Tier2Combined vs Baseline)
Finished game 1333 (Tier2Combined vs Baseline): 1-0 {White wins by adjudication}
Score of Tier2Combined vs Baseline: 524 - 434 - 373  [0.534] 1331
Started game 1344 of 10000 (Baseline vs Tier2Combined)
Finished game 1331 (Tier2Combined vs Baseline): 0-1 {Black wins by adjudication}
Score of Tier2Combined vs Baseline: 524 - 435 - 373  [0.533] 1332
Started game 1345 of 10000 (Tier2Combined vs Baseline)
Finished game 1335 (Tier2Combined vs Baseline): 1-0 {White wins by adjudication}
Score of Tier2Combined vs Baseline: 525 - 435 - 373  [0.534] 1333
Started game 1346 of 10000 (Baseline vs Tier2Combined)
Finished game 1332 (Baseline vs Tier2Combined): 1/2-1/2 {Draw by adjudication}
Score of Tier2Combined vs Baseline: 525 - 435 - 374  [0.534] 1334
Started game 1347 of 10000 (Tier2Combined vs Baseline)
Finished game 1337 (Tier2Combined vs Baseline): 1-0 {White wins by adjudication}
Score of Tier2Combined vs Baseline: 526 - 435 - 374  [0.534] 1335
Started game 1348 of 10000 (Baseline vs Tier2Combined)
Finished game 1338 (Baseline vs Tier2Combined): 0-1 {Black wins by adjudication}
Score of Tier2Combined vs Baseline: 527 - 435 - 374  [0.534] 1336
Started game 1349 of 10000 (Tier2Combined vs Baseline)
Finished game 1334 (Baseline vs Tier2Combined): 1/2-1/2 {Draw by insufficient mating material}
Score of Tier2Combined vs Baseline: 527 - 435 - 375  [0.534] 1337
Started game 1350 of 10000 (Baseline vs Tier2Combined)
Finished game 1342 (Baseline vs Tier2Combined): 0-1 {Black wins by adjudication}
Score of Tier2Combined vs Baseline: 528 - 435 - 375  [0.535] 1338
Started game 1351 of 10000 (Tier2Combined vs Baseline)
Finished game 1339 (Tier2Combined vs Baseline): 0-1 {Black wins by adjudication}
Score of Tier2Combined vs Baseline: 528 - 436 - 375  [0.534] 1339
Started game 1352 of 10000 (Baseline vs Tier2Combined)
Finished game 1343 (Tier2Combined vs Baseline): 0-1 {Black wins by adjudication}
Score of Tier2Combined vs Baseline: 528 - 437 - 375  [0.534] 1340
Started game 1353 of 10000 (Tier2Combined vs Baseline)
Finished game 1340 (Baseline vs Tier2Combined): 0-1 {Black wins by adjudication}
Score of Tier2Combined vs Baseline: 529 - 437 - 375  [0.534] 1341
Started game 1354 of 10000 (Baseline vs Tier2Combined)
Finished game 1341 (Tier2Combined vs Baseline): 1-0 {White wins by adjudication}
Score of Tier2Combined vs Baseline: 530 - 437 - 375  [0.535] 1342
Started game 1355 of 10000 (Tier2Combined vs Baseline)
Finished game 1345 (Tier2Combined vs Baseline): 1-0 {White wins by adjudication}
Score of Tier2Combined vs Baseline: 531 - 437 - 375  [0.535] 1343
Started game 1356 of 10000 (Baseline vs Tier2Combined)
Finished game 1346 (Baseline vs Tier2Combined): 0-1 {Black wins by adjudication}
Score of Tier2Combined vs Baseline: 532 - 437 - 375  [0.535] 1344
Started game 1357 of 10000 (Tier2Combined vs Baseline)
Finished game 1336 (Baseline vs Tier2Combined): 1/2-1/2 {Draw by fifty moves rule}
Score of Tier2Combined vs Baseline: 532 - 437 - 376  [0.535] 1345
Started game 1358 of 10000 (Baseline vs Tier2Combined)
Finished game 1344 (Baseline vs Tier2Combined): 1-0 {White wins by adjudication}
Score of Tier2Combined vs Baseline: 532 - 438 - 376  [0.535] 1346
Started game 1359 of 10000 (Tier2Combined vs Baseline)
Finished game 1347 (Tier2Combined vs Baseline): 1-0 {White wins by adjudication}
Score of Tier2Combined vs Baseline: 533 - 438 - 376  [0.535] 1347
Started game 1360 of 10000 (Baseline vs Tier2Combined)
Finished game 1351 (Tier2Combined vs Baseline): 1/2-1/2 {Draw by 3-fold repetition}
Score of Tier2Combined vs Baseline: 533 - 438 - 377  [0.535] 1348
Started game 1361 of 10000 (Tier2Combined vs Baseline)
Finished game 1349 (Tier2Combined vs Baseline): 1/2-1/2 {Draw by 3-fold repetition}
Score of Tier2Combined vs Baseline: 533 - 438 - 378  [0.535] 1349
Started game 1362 of 10000 (Baseline vs Tier2Combined)
Finished game 1348 (Baseline vs Tier2Combined): 1-0 {White wins by adjudication}
Score of Tier2Combined vs Baseline: 533 - 439 - 378  [0.535] 1350
Started game 1363 of 10000 (Tier2Combined vs Baseline)
Finished game 1354 (Baseline vs Tier2Combined): 1/2-1/2 {Draw by 3-fold repetition}
Score of Tier2Combined vs Baseline: 533 - 439 - 379  [0.535] 1351
Started game 1364 of 10000 (Baseline vs Tier2Combined)
Finished game 1355 (Tier2Combined vs Baseline): 0-1 {Black wins by adjudication}
Score of Tier2Combined vs Baseline: 533 - 440 - 379  [0.534] 1352
Started game 1365 of 10000 (Tier2Combined vs Baseline)
Finished game 1350 (Baseline vs Tier2Combined): 1/2-1/2 {Draw by insufficient mating material}
Score of Tier2Combined vs Baseline: 533 - 440 - 380  [0.534] 1353
Started game 1366 of 10000 (Baseline vs Tier2Combined)
Finished game 1352 (Baseline vs Tier2Combined): 1-0 {White wins by adjudication}
Score of Tier2Combined vs Baseline: 533 - 441 - 380  [0.534] 1354
Started game 1367 of 10000 (Tier2Combined vs Baseline)
Finished game 1359 (Tier2Combined vs Baseline): 0-1 {Black wins by adjudication}
Score of Tier2Combined vs Baseline: 533 - 442 - 380  [0.534] 1355
Started game 1368 of 10000 (Baseline vs Tier2Combined)
Finished game 1353 (Tier2Combined vs Baseline): 1/2-1/2 {Draw by insufficient mating material}
Score of Tier2Combined vs Baseline: 533 - 442 - 381  [0.534] 1356
Started game 1369 of 10000 (Tier2Combined vs Baseline)
Finished game 1357 (Tier2Combined vs Baseline): 1/2-1/2 {Draw by 3-fold repetition}
Score of Tier2Combined vs Baseline: 533 - 442 - 382  [0.534] 1357
Started game 1370 of 10000 (Baseline vs Tier2Combined)
Finished game 1358 (Baseline vs Tier2Combined): 1/2-1/2 {Draw by 3-fold repetition}
Score of Tier2Combined vs Baseline: 533 - 442 - 383  [0.534] 1358
Started game 1371 of 10000 (Tier2Combined vs Baseline)
Finished game 1362 (Baseline vs Tier2Combined): 1/2-1/2 {Draw by 3-fold repetition}
Score of Tier2Combined vs Baseline: 533 - 442 - 384  [0.533] 1359
Started game 1372 of 10000 (Baseline vs Tier2Combined)
Finished game 1363 (Tier2Combined vs Baseline): 1/2-1/2 {Draw by 3-fold repetition}
Score of Tier2Combined vs Baseline: 533 - 442 - 385  [0.533] 1360
Started game 1373 of 10000 (Tier2Combined vs Baseline)
Finished game 1356 (Baseline vs Tier2Combined): 1-0 {White wins by adjudication}
Score of Tier2Combined vs Baseline: 533 - 443 - 385  [0.533] 1361
Started game 1374 of 10000 (Baseline vs Tier2Combined)
Finished game 1361 (Tier2Combined vs Baseline): 1/2-1/2 {Draw by adjudication}
Score of Tier2Combined vs Baseline: 533 - 443 - 386  [0.533] 1362
Started game 1375 of 10000 (Tier2Combined vs Baseline)
Finished game 1360 (Baseline vs Tier2Combined): 0-1 {Black wins by adjudication}
Score of Tier2Combined vs Baseline: 534 - 443 - 386  [0.533] 1363
Started game 1376 of 10000 (Baseline vs Tier2Combined)
Finished game 1366 (Baseline vs Tier2Combined): 1/2-1/2 {Draw by 3-fold repetition}
Score of Tier2Combined vs Baseline: 534 - 443 - 387  [0.533] 1364
Started game 1377 of 10000 (Tier2Combined vs Baseline)
Finished game 1365 (Tier2Combined vs Baseline): 0-1 {Black wins by adjudication}
Score of Tier2Combined vs Baseline: 534 - 444 - 387  [0.533] 1365
Started game 1378 of 10000 (Baseline vs Tier2Combined)
Finished game 1367 (Tier2Combined vs Baseline): 1/2-1/2 {Draw by 3-fold repetition}
Score of Tier2Combined vs Baseline: 534 - 444 - 388  [0.533] 1366
Started game 1379 of 10000 (Tier2Combined vs Baseline)
Finished game 1372 (Baseline vs Tier2Combined): 0-1 {Black wins by adjudication}
Score of Tier2Combined vs Baseline: 535 - 444 - 388  [0.533] 1367
Started game 1380 of 10000 (Baseline vs Tier2Combined)
Finished game 1364 (Baseline vs Tier2Combined): 1/2-1/2 {Draw by adjudication}
Score of Tier2Combined vs Baseline: 535 - 444 - 389  [0.533] 1368
Started game 1381 of 10000 (Tier2Combined vs Baseline)
Finished game 1368 (Baseline vs Tier2Combined): 1-0 {White wins by adjudication}
Score of Tier2Combined vs Baseline: 535 - 445 - 389  [0.533] 1369
Started game 1382 of 10000 (Baseline vs Tier2Combined)
Finished game 1374 (Baseline vs Tier2Combined): 0-1 {Black wins by adjudication}
Score of Tier2Combined vs Baseline: 536 - 445 - 389  [0.533] 1370
Started game 1383 of 10000 (Tier2Combined vs Baseline)
Finished game 1373 (Tier2Combined vs Baseline): 1-0 {White wins by adjudication}
Score of Tier2Combined vs Baseline: 537 - 445 - 389  [0.534] 1371
Started game 1384 of 10000 (Baseline vs Tier2Combined)
Finished game 1371 (Tier2Combined vs Baseline): 1/2-1/2 {Draw by 3-fold repetition}
Score of Tier2Combined vs Baseline: 537 - 445 - 390  [0.534] 1372
Started game 1385 of 10000 (Tier2Combined vs Baseline)
Finished game 1378 (Baseline vs Tier2Combined): 0-1 {Black wins by adjudication}
Score of Tier2Combined vs Baseline: 538 - 445 - 390  [0.534] 1373
Started game 1386 of 10000 (Baseline vs Tier2Combined)
Finished game 1369 (Tier2Combined vs Baseline): 0-1 {Black wins by adjudication}
Score of Tier2Combined vs Baseline: 538 - 446 - 390  [0.533] 1374
Started game 1387 of 10000 (Tier2Combined vs Baseline)
Finished game 1376 (Baseline vs Tier2Combined): 0-1 {Black wins by adjudication}
Score of Tier2Combined vs Baseline: 539 - 446 - 390  [0.534] 1375
Started game 1388 of 10000 (Baseline vs Tier2Combined)
Finished game 1370 (Baseline vs Tier2Combined): 1-0 {White wins by adjudication}
Score of Tier2Combined vs Baseline: 539 - 447 - 390  [0.533] 1376
Started game 1389 of 10000 (Tier2Combined vs Baseline)
Finished game 1385 (Tier2Combined vs Baseline): 1-0 {White wins by adjudication}
Score of Tier2Combined vs Baseline: 540 - 447 - 390  [0.534] 1377
Started game 1390 of 10000 (Baseline vs Tier2Combined)
Finished game 1386 (Baseline vs Tier2Combined): 1-0 {White wins by adjudication}
Score of Tier2Combined vs Baseline: 540 - 448 - 390  [0.533] 1378
Started game 1391 of 10000 (Tier2Combined vs Baseline)
Finished game 1380 (Baseline vs Tier2Combined): 1/2-1/2 {Draw by 3-fold repetition}
Score of Tier2Combined vs Baseline: 540 - 448 - 391  [0.533] 1379
Started game 1392 of 10000 (Baseline vs Tier2Combined)
Finished game 1375 (Tier2Combined vs Baseline): 0-1 {Black wins by adjudication}
Score of Tier2Combined vs Baseline: 540 - 449 - 391  [0.533] 1380
Started game 1393 of 10000 (Tier2Combined vs Baseline)
Finished game 1377 (Tier2Combined vs Baseline): 1/2-1/2 {Draw by 3-fold repetition}
Score of Tier2Combined vs Baseline: 540 - 449 - 392  [0.533] 1381
Started game 1394 of 10000 (Baseline vs Tier2Combined)
Finished game 1379 (Tier2Combined vs Baseline): 0-1 {Black wins by adjudication}
Score of Tier2Combined vs Baseline: 540 - 450 - 392  [0.533] 1382
Started game 1395 of 10000 (Tier2Combined vs Baseline)
Finished game 1392 (Baseline vs Tier2Combined): 1-0 {White wins by adjudication}
Score of Tier2Combined vs Baseline: 540 - 451 - 392  [0.532] 1383
Started game 1396 of 10000 (Baseline vs Tier2Combined)
Finished game 1381 (Tier2Combined vs Baseline): 1-0 {White wins by adjudication}
Score of Tier2Combined vs Baseline: 541 - 451 - 392  [0.533] 1384
Started game 1397 of 10000 (Tier2Combined vs Baseline)
Finished game 1382 (Baseline vs Tier2Combined): 0-1 {Black wins by adjudication}
Score of Tier2Combined vs Baseline: 542 - 451 - 392  [0.533] 1385
Started game 1398 of 10000 (Baseline vs Tier2Combined)
Finished game 1383 (Tier2Combined vs Baseline): 0-1 {Black wins by adjudication}
Score of Tier2Combined vs Baseline: 542 - 452 - 392  [0.532] 1386
Started game 1399 of 10000 (Tier2Combined vs Baseline)
Finished game 1390 (Baseline vs Tier2Combined): 0-1 {Black wins by adjudication}
Score of Tier2Combined vs Baseline: 543 - 452 - 392  [0.533] 1387
Started game 1400 of 10000 (Baseline vs Tier2Combined)
Finished game 1393 (Tier2Combined vs Baseline): 1-0 {White wins by adjudication}
Score of Tier2Combined vs Baseline: 544 - 452 - 392  [0.533] 1388
Started game 1401 of 10000 (Tier2Combined vs Baseline)
Finished game 1384 (Baseline vs Tier2Combined): 1/2-1/2 {Draw by adjudication}
Score of Tier2Combined vs Baseline: 544 - 452 - 393  [0.533] 1389
Started game 1402 of 10000 (Baseline vs Tier2Combined)
Finished game 1387 (Tier2Combined vs Baseline): 1-0 {White wins by adjudication}
Score of Tier2Combined vs Baseline: 545 - 452 - 393  [0.533] 1390
Started game 1403 of 10000 (Tier2Combined vs Baseline)
Finished game 1391 (Tier2Combined vs Baseline): 1-0 {White wins by adjudication}
Score of Tier2Combined vs Baseline: 546 - 452 - 393  [0.534] 1391
Started game 1404 of 10000 (Baseline vs Tier2Combined)
Finished game 1388 (Baseline vs Tier2Combined): 0-1 {Black wins by adjudication}
Score of Tier2Combined vs Baseline: 547 - 452 - 393  [0.534] 1392
Started game 1405 of 10000 (Tier2Combined vs Baseline)
Finished game 1389 (Tier2Combined vs Baseline): 0-1 {Black wins by adjudication}
Score of Tier2Combined vs Baseline: 547 - 453 - 393  [0.534] 1393
Started game 1406 of 10000 (Baseline vs Tier2Combined)
Finished game 1395 (Tier2Combined vs Baseline): 1-0 {White wins by adjudication}
Score of Tier2Combined vs Baseline: 548 - 453 - 393  [0.534] 1394
Started game 1407 of 10000 (Tier2Combined vs Baseline)
Finished game 1396 (Baseline vs Tier2Combined): 1-0 {White wins by adjudication}
Score of Tier2Combined vs Baseline: 548 - 454 - 393  [0.534] 1395
Started game 1408 of 10000 (Baseline vs Tier2Combined)
Finished game 1397 (Tier2Combined vs Baseline): 1/2-1/2 {Draw by 3-fold repetition}
Score of Tier2Combined vs Baseline: 548 - 454 - 394  [0.534] 1396
Started game 1409 of 10000 (Tier2Combined vs Baseline)
Finished game 1394 (Baseline vs Tier2Combined): 0-1 {Black wins by adjudication}
Score of Tier2Combined vs Baseline: 549 - 454 - 394  [0.534] 1397
Started game 1410 of 10000 (Baseline vs Tier2Combined)
Finished game 1408 (Baseline vs Tier2Combined): 1/2-1/2 {Draw by 3-fold repetition}
Score of Tier2Combined vs Baseline: 549 - 454 - 395  [0.534] 1398
Started game 1411 of 10000 (Tier2Combined vs Baseline)
Finished game 1400 (Baseline vs Tier2Combined): 1-0 {White wins by adjudication}
Score of Tier2Combined vs Baseline: 549 - 455 - 395  [0.534] 1399
Started game 1412 of 10000 (Baseline vs Tier2Combined)
Finished game 1398 (Baseline vs Tier2Combined): 1-0 {White wins by adjudication}
Score of Tier2Combined vs Baseline: 549 - 456 - 395  [0.533] 1400
Started game 1413 of 10000 (Tier2Combined vs Baseline)
Finished game 1399 (Tier2Combined vs Baseline): 0-1 {Black wins by adjudication}
Score of Tier2Combined vs Baseline: 549 - 457 - 395  [0.533] 1401
Started game 1414 of 10000 (Baseline vs Tier2Combined)
Finished game 1402 (Baseline vs Tier2Combined): 0-1 {Black wins by adjudication}
Score of Tier2Combined vs Baseline: 550 - 457 - 395  [0.533] 1402
Started game 1415 of 10000 (Tier2Combined vs Baseline)
Finished game 1403 (Tier2Combined vs Baseline): 1-0 {White wins by adjudication}
Score of Tier2Combined vs Baseline: 551 - 457 - 395  [0.533] 1403
Started game 1416 of 10000 (Baseline vs Tier2Combined)
Finished game 1406 (Baseline vs Tier2Combined): 1-0 {White wins by adjudication}
Score of Tier2Combined vs Baseline: 551 - 458 - 395  [0.533] 1404
Started game 1417 of 10000 (Tier2Combined vs Baseline)
Finished game 1405 (Tier2Combined vs Baseline): 0-1 {Black wins by adjudication}
Score of Tier2Combined vs Baseline: 551 - 459 - 395  [0.533] 1405
Started game 1418 of 10000 (Baseline vs Tier2Combined)
Finished game 1407 (Tier2Combined vs Baseline): 1/2-1/2 {Draw by 3-fold repetition}
Score of Tier2Combined vs Baseline: 551 - 459 - 396  [0.533] 1406
Started game 1419 of 10000 (Tier2Combined vs Baseline)
Finished game 1404 (Baseline vs Tier2Combined): 0-1 {Black wins by adjudication}
Score of Tier2Combined vs Baseline: 552 - 459 - 396  [0.533] 1407
Started game 1420 of 10000 (Baseline vs Tier2Combined)
Finished game 1409 (Tier2Combined vs Baseline): 1/2-1/2 {Draw by adjudication}
Score of Tier2Combined vs Baseline: 552 - 459 - 397  [0.533] 1408
Started game 1421 of 10000 (Tier2Combined vs Baseline)
Finished game 1401 (Tier2Combined vs Baseline): 0-1 {Black wins by adjudication}
Score of Tier2Combined vs Baseline: 552 - 460 - 397  [0.533] 1409
Started game 1422 of 10000 (Baseline vs Tier2Combined)
Finished game 1411 (Tier2Combined vs Baseline): 1/2-1/2 {Draw by insufficient mating material}
Score of Tier2Combined vs Baseline: 552 - 460 - 398  [0.533] 1410
Started game 1423 of 10000 (Tier2Combined vs Baseline)
Finished game 1410 (Baseline vs Tier2Combined): 1-0 {White wins by adjudication}
Score of Tier2Combined vs Baseline: 552 - 461 - 398  [0.532] 1411
Started game 1424 of 10000 (Baseline vs Tier2Combined)
Finished game 1412 (Baseline vs Tier2Combined): 0-1 {Black wins by adjudication}
Score of Tier2Combined vs Baseline: 553 - 461 - 398  [0.533] 1412
Started game 1425 of 10000 (Tier2Combined vs Baseline)
Finished game 1413 (Tier2Combined vs Baseline): 0-1 {Black wins by adjudication}
Score of Tier2Combined vs Baseline: 553 - 462 - 398  [0.532] 1413
Started game 1426 of 10000 (Baseline vs Tier2Combined)
Finished game 1414 (Baseline vs Tier2Combined): 0-1 {Black wins by adjudication}
Score of Tier2Combined vs Baseline: 554 - 462 - 398  [0.533] 1414
Started game 1427 of 10000 (Tier2Combined vs Baseline)
Finished game 1415 (Tier2Combined vs Baseline): 1-0 {White wins by adjudication}
Score of Tier2Combined vs Baseline: 555 - 462 - 398  [0.533] 1415
Started game 1428 of 10000 (Baseline vs Tier2Combined)
Finished game 1416 (Baseline vs Tier2Combined): 0-1 {Black wins by adjudication}
Score of Tier2Combined vs Baseline: 556 - 462 - 398  [0.533] 1416
Started game 1429 of 10000 (Tier2Combined vs Baseline)
Finished game 1417 (Tier2Combined vs Baseline): 1/2-1/2 {Draw by adjudication}
Score of Tier2Combined vs Baseline: 556 - 462 - 399  [0.533] 1417
Started game 1430 of 10000 (Baseline vs Tier2Combined)
Finished game 1418 (Baseline vs Tier2Combined): 1/2-1/2 {Draw by 3-fold repetition}
Score of Tier2Combined vs Baseline: 556 - 462 - 400  [0.533] 1418
Started game 1431 of 10000 (Tier2Combined vs Baseline)
Finished game 1419 (Tier2Combined vs Baseline): 1-0 {White wins by adjudication}
Score of Tier2Combined vs Baseline: 557 - 462 - 400  [0.533] 1419
Started game 1432 of 10000 (Baseline vs Tier2Combined)
Finished game 1423 (Tier2Combined vs Baseline): 1-0 {White wins by adjudication}
Score of Tier2Combined vs Baseline: 558 - 462 - 400  [0.534] 1420
Started game 1433 of 10000 (Tier2Combined vs Baseline)
Finished game 1421 (Tier2Combined vs Baseline): 1-0 {White wins by adjudication}
Score of Tier2Combined vs Baseline: 559 - 462 - 400  [0.534] 1421
Started game 1434 of 10000 (Baseline vs Tier2Combined)
Finished game 1426 (Baseline vs Tier2Combined): 1-0 {White wins by adjudication}
Score of Tier2Combined vs Baseline: 559 - 463 - 400  [0.534] 1422
Started game 1435 of 10000 (Tier2Combined vs Baseline)
Finished game 1425 (Tier2Combined vs Baseline): 1-0 {White wins by adjudication}
Score of Tier2Combined vs Baseline: 560 - 463 - 400  [0.534] 1423
Started game 1436 of 10000 (Baseline vs Tier2Combined)
Finished game 1424 (Baseline vs Tier2Combined): 1/2-1/2 {Draw by insufficient mating material}
Score of Tier2Combined vs Baseline: 560 - 463 - 401  [0.534] 1424
Started game 1437 of 10000 (Tier2Combined vs Baseline)
Finished game 1422 (Baseline vs Tier2Combined): 1/2-1/2 {Draw by fifty moves rule}
Score of Tier2Combined vs Baseline: 560 - 463 - 402  [0.534] 1425
Started game 1438 of 10000 (Baseline vs Tier2Combined)
Finished game 1427 (Tier2Combined vs Baseline): 1-0 {White wins by adjudication}
Score of Tier2Combined vs Baseline: 561 - 463 - 402  [0.534] 1426
Started game 1439 of 10000 (Tier2Combined vs Baseline)
Finished game 1428 (Baseline vs Tier2Combined): 1-0 {White mates}
Score of Tier2Combined vs Baseline: 561 - 464 - 402  [0.534] 1427
Started game 1440 of 10000 (Baseline vs Tier2Combined)
Finished game 1431 (Tier2Combined vs Baseline): 1-0 {White wins by adjudication}
Score of Tier2Combined vs Baseline: 562 - 464 - 402  [0.534] 1428
Started game 1441 of 10000 (Tier2Combined vs Baseline)
Finished game 1420 (Baseline vs Tier2Combined): 1/2-1/2 {Draw by adjudication}
Score of Tier2Combined vs Baseline: 562 - 464 - 403  [0.534] 1429
Started game 1442 of 10000 (Baseline vs Tier2Combined)
Finished game 1429 (Tier2Combined vs Baseline): 1-0 {White wins by adjudication}
Score of Tier2Combined vs Baseline: 563 - 464 - 403  [0.535] 1430
Started game 1443 of 10000 (Tier2Combined vs Baseline)
Finished game 1432 (Baseline vs Tier2Combined): 1-0 {White wins by adjudication}
Score of Tier2Combined vs Baseline: 563 - 465 - 403  [0.534] 1431
Started game 1444 of 10000 (Baseline vs Tier2Combined)
Finished game 1430 (Baseline vs Tier2Combined): 0-1 {Black wins by adjudication}
Score of Tier2Combined vs Baseline: 564 - 465 - 403  [0.535] 1432
Started game 1445 of 10000 (Tier2Combined vs Baseline)
Finished game 1439 (Tier2Combined vs Baseline): 1/2-1/2 {Draw by 3-fold repetition}
Score of Tier2Combined vs Baseline: 564 - 465 - 404  [0.535] 1433
Started game 1446 of 10000 (Baseline vs Tier2Combined)
Finished game 1436 (Baseline vs Tier2Combined): 0-1 {Black wins by adjudication}
Score of Tier2Combined vs Baseline: 565 - 465 - 404  [0.535] 1434
Started game 1447 of 10000 (Tier2Combined vs Baseline)
Finished game 1433 (Tier2Combined vs Baseline): 0-1 {Black wins by adjudication}
Score of Tier2Combined vs Baseline: 565 - 466 - 404  [0.534] 1435
Started game 1448 of 10000 (Baseline vs Tier2Combined)
Finished game 1434 (Baseline vs Tier2Combined): 1-0 {White wins by adjudication}
Score of Tier2Combined vs Baseline: 565 - 467 - 404  [0.534] 1436
Started game 1449 of 10000 (Tier2Combined vs Baseline)
Finished game 1437 (Tier2Combined vs Baseline): 0-1 {Black wins by adjudication}
Score of Tier2Combined vs Baseline: 565 - 468 - 404  [0.534] 1437
Started game 1450 of 10000 (Baseline vs Tier2Combined)
Finished game 1435 (Tier2Combined vs Baseline): 0-1 {Black wins by adjudication}
Score of Tier2Combined vs Baseline: 565 - 469 - 404  [0.533] 1438
Started game 1451 of 10000 (Tier2Combined vs Baseline)
Finished game 1440 (Baseline vs Tier2Combined): 0-1 {Black wins by adjudication}
Score of Tier2Combined vs Baseline: 566 - 469 - 404  [0.534] 1439
Started game 1452 of 10000 (Baseline vs Tier2Combined)
Finished game 1443 (Tier2Combined vs Baseline): 1/2-1/2 {Draw by insufficient mating material}
Score of Tier2Combined vs Baseline: 566 - 469 - 405  [0.534] 1440
Started game 1453 of 10000 (Tier2Combined vs Baseline)
Finished game 1447 (Tier2Combined vs Baseline): 1-0 {White wins by adjudication}
Score of Tier2Combined vs Baseline: 567 - 469 - 405  [0.534] 1441
Started game 1454 of 10000 (Baseline vs Tier2Combined)
Finished game 1438 (Baseline vs Tier2Combined): 1/2-1/2 {Draw by fifty moves rule}
Score of Tier2Combined vs Baseline: 567 - 469 - 406  [0.534] 1442
Started game 1455 of 10000 (Tier2Combined vs Baseline)
Finished game 1445 (Tier2Combined vs Baseline): 0-1 {Black wins by adjudication}
Score of Tier2Combined vs Baseline: 567 - 470 - 406  [0.534] 1443
Started game 1456 of 10000 (Baseline vs Tier2Combined)
Finished game 1444 (Baseline vs Tier2Combined): 1-0 {White wins by adjudication}
Score of Tier2Combined vs Baseline: 567 - 471 - 406  [0.533] 1444
Started game 1457 of 10000 (Tier2Combined vs Baseline)
Finished game 1449 (Tier2Combined vs Baseline): 0-1 {Black wins by adjudication}
Score of Tier2Combined vs Baseline: 567 - 472 - 406  [0.533] 1445
Started game 1458 of 10000 (Baseline vs Tier2Combined)
Finished game 1442 (Baseline vs Tier2Combined): 1/2-1/2 {Draw by 3-fold repetition}
Score of Tier2Combined vs Baseline: 567 - 472 - 407  [0.533] 1446
Started game 1459 of 10000 (Tier2Combined vs Baseline)
Finished game 1451 (Tier2Combined vs Baseline): 0-1 {Black wins by adjudication}
Score of Tier2Combined vs Baseline: 567 - 473 - 407  [0.532] 1447
Started game 1460 of 10000 (Baseline vs Tier2Combined)
Finished game 1448 (Baseline vs Tier2Combined): 1-0 {White wins by adjudication}
Score of Tier2Combined vs Baseline: 567 - 474 - 407  [0.532] 1448
Started game 1461 of 10000 (Tier2Combined vs Baseline)
Finished game 1446 (Baseline vs Tier2Combined): 0-1 {Black wins by adjudication}
Score of Tier2Combined vs Baseline: 568 - 474 - 407  [0.532] 1449
Started game 1462 of 10000 (Baseline vs Tier2Combined)
Finished game 1441 (Tier2Combined vs Baseline): 1/2-1/2 {Draw by insufficient mating material}
Score of Tier2Combined vs Baseline: 568 - 474 - 408  [0.532] 1450
Started game 1463 of 10000 (Tier2Combined vs Baseline)
Finished game 1459 (Tier2Combined vs Baseline): 0-1 {Black wins by adjudication}
Score of Tier2Combined vs Baseline: 568 - 475 - 408  [0.532] 1451
Started game 1464 of 10000 (Baseline vs Tier2Combined)
Finished game 1452 (Baseline vs Tier2Combined): 1-0 {White wins by adjudication}
Score of Tier2Combined vs Baseline: 568 - 476 - 408  [0.532] 1452
Started game 1465 of 10000 (Tier2Combined vs Baseline)
Finished game 1453 (Tier2Combined vs Baseline): 1-0 {White wins by adjudication}
Score of Tier2Combined vs Baseline: 569 - 476 - 408  [0.532] 1453
Started game 1466 of 10000 (Baseline vs Tier2Combined)
Finished game 1460 (Baseline vs Tier2Combined): 0-1 {Black wins by adjudication}
Score of Tier2Combined vs Baseline: 570 - 476 - 408  [0.532] 1454
Started game 1467 of 10000 (Tier2Combined vs Baseline)
Finished game 1450 (Baseline vs Tier2Combined): 1/2-1/2 {Draw by adjudication}
Score of Tier2Combined vs Baseline: 570 - 476 - 409  [0.532] 1455
Started game 1468 of 10000 (Baseline vs Tier2Combined)
Finished game 1458 (Baseline vs Tier2Combined): 0-1 {Black wins by adjudication}
Score of Tier2Combined vs Baseline: 571 - 476 - 409  [0.533] 1456
Started game 1469 of 10000 (Tier2Combined vs Baseline)
Finished game 1457 (Tier2Combined vs Baseline): 1-0 {White wins by adjudication}
Score of Tier2Combined vs Baseline: 572 - 476 - 409  [0.533] 1457
Started game 1470 of 10000 (Baseline vs Tier2Combined)
Finished game 1454 (Baseline vs Tier2Combined): 1-0 {White mates}
Score of Tier2Combined vs Baseline: 572 - 477 - 409  [0.533] 1458
Started game 1471 of 10000 (Tier2Combined vs Baseline)
Finished game 1455 (Tier2Combined vs Baseline): 0-1 {Black wins by adjudication}
Score of Tier2Combined vs Baseline: 572 - 478 - 409  [0.532] 1459
Started game 1472 of 10000 (Baseline vs Tier2Combined)
Finished game 1456 (Baseline vs Tier2Combined): 0-1 {Black wins by adjudication}
Score of Tier2Combined vs Baseline: 573 - 478 - 409  [0.533] 1460
Started game 1473 of 10000 (Tier2Combined vs Baseline)
Finished game 1462 (Baseline vs Tier2Combined): 0-1 {Black wins by adjudication}
Score of Tier2Combined vs Baseline: 574 - 478 - 409  [0.533] 1461
Started game 1474 of 10000 (Baseline vs Tier2Combined)
Finished game 1465 (Tier2Combined vs Baseline): 1-0 {White wins by adjudication}
Score of Tier2Combined vs Baseline: 575 - 478 - 409  [0.533] 1462
Started game 1475 of 10000 (Tier2Combined vs Baseline)
Finished game 1466 (Baseline vs Tier2Combined): 1/2-1/2 {Draw by 3-fold repetition}
Score of Tier2Combined vs Baseline: 575 - 478 - 410  [0.533] 1463
Started game 1476 of 10000 (Baseline vs Tier2Combined)
Finished game 1463 (Tier2Combined vs Baseline): 0-1 {Black wins by adjudication}
Score of Tier2Combined vs Baseline: 575 - 479 - 410  [0.533] 1464
Started game 1477 of 10000 (Tier2Combined vs Baseline)
Finished game 1472 (Baseline vs Tier2Combined): 1/2-1/2 {Draw by 3-fold repetition}
Score of Tier2Combined vs Baseline: 575 - 479 - 411  [0.533] 1465
Started game 1478 of 10000 (Baseline vs Tier2Combined)
Finished game 1464 (Baseline vs Tier2Combined): 0-1 {Black wins by adjudication}
Score of Tier2Combined vs Baseline: 576 - 479 - 411  [0.533] 1466
Started game 1479 of 10000 (Tier2Combined vs Baseline)
Finished game 1461 (Tier2Combined vs Baseline): 1/2-1/2 {Draw by insufficient mating material}
Score of Tier2Combined vs Baseline: 576 - 479 - 412  [0.533] 1467
Started game 1480 of 10000 (Baseline vs Tier2Combined)
Finished game 1467 (Tier2Combined vs Baseline): 0-1 {Black wins by adjudication}
Score of Tier2Combined vs Baseline: 576 - 480 - 412  [0.533] 1468
Started game 1481 of 10000 (Tier2Combined vs Baseline)
Finished game 1468 (Baseline vs Tier2Combined): 1-0 {White wins by adjudication}
Score of Tier2Combined vs Baseline: 576 - 481 - 412  [0.532] 1469
Started game 1482 of 10000 (Baseline vs Tier2Combined)
Finished game 1470 (Baseline vs Tier2Combined): 1-0 {White wins by adjudication}
Score of Tier2Combined vs Baseline: 576 - 482 - 412  [0.532] 1470
Started game 1483 of 10000 (Tier2Combined vs Baseline)
Finished game 1471 (Tier2Combined vs Baseline): 1-0 {White wins by adjudication}
Score of Tier2Combined vs Baseline: 577 - 482 - 412  [0.532] 1471
Started game 1484 of 10000 (Baseline vs Tier2Combined)
Finished game 1469 (Tier2Combined vs Baseline): 0-1 {Black wins by adjudication}
Score of Tier2Combined vs Baseline: 577 - 483 - 412  [0.532] 1472
Started game 1485 of 10000 (Tier2Combined vs Baseline)
Finished game 1474 (Baseline vs Tier2Combined): 0-1 {Black wins by adjudication}
Score of Tier2Combined vs Baseline: 578 - 483 - 412  [0.532] 1473
Started game 1486 of 10000 (Baseline vs Tier2Combined)
Finished game 1475 (Tier2Combined vs Baseline): 1-0 {White wins by adjudication}
Score of Tier2Combined vs Baseline: 579 - 483 - 412  [0.533] 1474
Started game 1487 of 10000 (Tier2Combined vs Baseline)
Finished game 1473 (Tier2Combined vs Baseline): 1/2-1/2 {Draw by insufficient mating material}
Score of Tier2Combined vs Baseline: 579 - 483 - 413  [0.533] 1475
Started game 1488 of 10000 (Baseline vs Tier2Combined)
Finished game 1479 (Tier2Combined vs Baseline): 1-0 {White wins by adjudication}
Score of Tier2Combined vs Baseline: 580 - 483 - 413  [0.533] 1476
Started game 1489 of 10000 (Tier2Combined vs Baseline)
Finished game 1478 (Baseline vs Tier2Combined): 0-1 {Black wins by adjudication}
Score of Tier2Combined vs Baseline: 581 - 483 - 413  [0.533] 1477
Started game 1490 of 10000 (Baseline vs Tier2Combined)
Finished game 1476 (Baseline vs Tier2Combined): 1/2-1/2 {Draw by 3-fold repetition}
Score of Tier2Combined vs Baseline: 581 - 483 - 414  [0.533] 1478
Started game 1491 of 10000 (Tier2Combined vs Baseline)
Finished game 1480 (Baseline vs Tier2Combined): 1-0 {White wins by adjudication}
Score of Tier2Combined vs Baseline: 581 - 484 - 414  [0.533] 1479
Started game 1492 of 10000 (Baseline vs Tier2Combined)
Finished game 1483 (Tier2Combined vs Baseline): 1-0 {White wins by adjudication}
Score of Tier2Combined vs Baseline: 582 - 484 - 414  [0.533] 1480
Started game 1493 of 10000 (Tier2Combined vs Baseline)
Finished game 1482 (Baseline vs Tier2Combined): 0-1 {Black wins by adjudication}
Score of Tier2Combined vs Baseline: 583 - 484 - 414  [0.533] 1481
Started game 1494 of 10000 (Baseline vs Tier2Combined)
Finished game 1486 (Baseline vs Tier2Combined): 1-0 {White mates}
Score of Tier2Combined vs Baseline: 583 - 485 - 414  [0.533] 1482
Started game 1495 of 10000 (Tier2Combined vs Baseline)
Finished game 1484 (Baseline vs Tier2Combined): 1-0 {White wins by adjudication}
Score of Tier2Combined vs Baseline: 583 - 486 - 414  [0.533] 1483
Started game 1496 of 10000 (Baseline vs Tier2Combined)
Finished game 1481 (Tier2Combined vs Baseline): 0-1 {Black wins by adjudication}
Score of Tier2Combined vs Baseline: 583 - 487 - 414  [0.532] 1484
Started game 1497 of 10000 (Tier2Combined vs Baseline)
Finished game 1477 (Tier2Combined vs Baseline): 0-1 {Black wins by adjudication}
Score of Tier2Combined vs Baseline: 583 - 488 - 414  [0.532] 1485
Started game 1498 of 10000 (Baseline vs Tier2Combined)
Finished game 1489 (Tier2Combined vs Baseline): 0-1 {Black wins by adjudication}
Score of Tier2Combined vs Baseline: 583 - 489 - 414  [0.532] 1486
Started game 1499 of 10000 (Tier2Combined vs Baseline)
Finished game 1487 (Tier2Combined vs Baseline): 1/2-1/2 {Draw by insufficient mating material}
Score of Tier2Combined vs Baseline: 583 - 489 - 415  [0.532] 1487
Started game 1500 of 10000 (Baseline vs Tier2Combined)
Finished game 1488 (Baseline vs Tier2Combined): 1-0 {White wins by adjudication}
Score of Tier2Combined vs Baseline: 583 - 490 - 415  [0.531] 1488
Started game 1501 of 10000 (Tier2Combined vs Baseline)
Finished game 1490 (Baseline vs Tier2Combined): 1-0 {White wins by adjudication}
Score of Tier2Combined vs Baseline: 583 - 491 - 415  [0.531] 1489
Started game 1502 of 10000 (Baseline vs Tier2Combined)
Finished game 1492 (Baseline vs Tier2Combined): 0-1 {Black wins by adjudication}
Score of Tier2Combined vs Baseline: 584 - 491 - 415  [0.531] 1490
Started game 1503 of 10000 (Tier2Combined vs Baseline)
Finished game 1493 (Tier2Combined vs Baseline): 0-1 {Black wins by adjudication}
Score of Tier2Combined vs Baseline: 584 - 492 - 415  [0.531] 1491
Started game 1504 of 10000 (Baseline vs Tier2Combined)
Finished game 1491 (Tier2Combined vs Baseline): 0-1 {Black wins by adjudication}
Score of Tier2Combined vs Baseline: 584 - 493 - 415  [0.530] 1492
Started game 1505 of 10000 (Tier2Combined vs Baseline)
Finished game 1496 (Baseline vs Tier2Combined): 0-1 {Black wins by adjudication}
Score of Tier2Combined vs Baseline: 585 - 493 - 415  [0.531] 1493
Started game 1506 of 10000 (Baseline vs Tier2Combined)
Finished game 1499 (Tier2Combined vs Baseline): 1-0 {White wins by adjudication}
Score of Tier2Combined vs Baseline: 586 - 493 - 415  [0.531] 1494
Started game 1507 of 10000 (Tier2Combined vs Baseline)
Finished game 1498 (Baseline vs Tier2Combined): 0-1 {Black wins by adjudication}
Score of Tier2Combined vs Baseline: 587 - 493 - 415  [0.531] 1495
Started game 1508 of 10000 (Baseline vs Tier2Combined)
Finished game 1497 (Tier2Combined vs Baseline): 1/2-1/2 {Draw by insufficient mating material}
Score of Tier2Combined vs Baseline: 587 - 493 - 416  [0.531] 1496
Started game 1509 of 10000 (Tier2Combined vs Baseline)
Finished game 1485 (Tier2Combined vs Baseline): 1/2-1/2 {Draw by 3-fold repetition}
Score of Tier2Combined vs Baseline: 587 - 493 - 417  [0.531] 1497
Started game 1510 of 10000 (Baseline vs Tier2Combined)
Finished game 1505 (Tier2Combined vs Baseline): 1/2-1/2 {Draw by 3-fold repetition}
Score of Tier2Combined vs Baseline: 587 - 493 - 418  [0.531] 1498
Started game 1511 of 10000 (Tier2Combined vs Baseline)
Finished game 1503 (Tier2Combined vs Baseline): 1/2-1/2 {Draw by 3-fold repetition}
Score of Tier2Combined vs Baseline: 587 - 493 - 419  [0.531] 1499
Started game 1512 of 10000 (Baseline vs Tier2Combined)
Finished game 1495 (Tier2Combined vs Baseline): 1/2-1/2 {Draw by insufficient mating material}
Score of Tier2Combined vs Baseline: 587 - 493 - 420  [0.531] 1500
Started game 1513 of 10000 (Tier2Combined vs Baseline)
Finished game 1494 (Baseline vs Tier2Combined): 1-0 {White wins by adjudication}
Score of Tier2Combined vs Baseline: 587 - 494 - 420  [0.531] 1501
Started game 1514 of 10000 (Baseline vs Tier2Combined)
Finished game 1502 (Baseline vs Tier2Combined): 1/2-1/2 {Draw by insufficient mating material}
Score of Tier2Combined vs Baseline: 587 - 494 - 421  [0.531] 1502
Started game 1515 of 10000 (Tier2Combined vs Baseline)
Finished game 1500 (Baseline vs Tier2Combined): 1/2-1/2 {Draw by fifty moves rule}
Score of Tier2Combined vs Baseline: 587 - 494 - 422  [0.531] 1503
Started game 1516 of 10000 (Baseline vs Tier2Combined)
Finished game 1501 (Tier2Combined vs Baseline): 1/2-1/2 {Draw by 3-fold repetition}
Score of Tier2Combined vs Baseline: 587 - 494 - 423  [0.531] 1504
Started game 1517 of 10000 (Tier2Combined vs Baseline)
Finished game 1509 (Tier2Combined vs Baseline): 1/2-1/2 {Draw by 3-fold repetition}
Score of Tier2Combined vs Baseline: 587 - 494 - 424  [0.531] 1505
Started game 1518 of 10000 (Baseline vs Tier2Combined)
Finished game 1504 (Baseline vs Tier2Combined): 0-1 {Black wins by adjudication}
Score of Tier2Combined vs Baseline: 588 - 494 - 424  [0.531] 1506
Started game 1519 of 10000 (Tier2Combined vs Baseline)
Finished game 1508 (Baseline vs Tier2Combined): 1-0 {White wins by adjudication}
Score of Tier2Combined vs Baseline: 588 - 495 - 424  [0.531] 1507
Started game 1520 of 10000 (Baseline vs Tier2Combined)
Finished game 1512 (Baseline vs Tier2Combined): 1-0 {White wins by adjudication}
Score of Tier2Combined vs Baseline: 588 - 496 - 424  [0.531] 1508
Started game 1521 of 10000 (Tier2Combined vs Baseline)
Finished game 1507 (Tier2Combined vs Baseline): 0-1 {Black wins by adjudication}
Score of Tier2Combined vs Baseline: 588 - 497 - 424  [0.530] 1509
Started game 1522 of 10000 (Baseline vs Tier2Combined)
Finished game 1511 (Tier2Combined vs Baseline): 0-1 {Black wins by adjudication}
Score of Tier2Combined vs Baseline: 588 - 498 - 424  [0.530] 1510
Started game 1523 of 10000 (Tier2Combined vs Baseline)
Finished game 1506 (Baseline vs Tier2Combined): 1-0 {White wins by adjudication}
Score of Tier2Combined vs Baseline: 588 - 499 - 424  [0.529] 1511
Started game 1524 of 10000 (Baseline vs Tier2Combined)
Finished game 1510 (Baseline vs Tier2Combined): 1-0 {White wins by adjudication}
Score of Tier2Combined vs Baseline: 588 - 500 - 424  [0.529] 1512
Started game 1525 of 10000 (Tier2Combined vs Baseline)
Finished game 1519 (Tier2Combined vs Baseline): 1-0 {White wins by adjudication}
Score of Tier2Combined vs Baseline: 589 - 500 - 424  [0.529] 1513
Started game 1526 of 10000 (Baseline vs Tier2Combined)
Finished game 1513 (Tier2Combined vs Baseline): 0-1 {Black wins by adjudication}
Score of Tier2Combined vs Baseline: 589 - 501 - 424  [0.529] 1514
Started game 1527 of 10000 (Tier2Combined vs Baseline)
Finished game 1523 (Tier2Combined vs Baseline): 1-0 {White wins by adjudication}
Score of Tier2Combined vs Baseline: 590 - 501 - 424  [0.529] 1515
Started game 1528 of 10000 (Baseline vs Tier2Combined)
Finished game 1517 (Tier2Combined vs Baseline): 0-1 {Black wins by adjudication}
Score of Tier2Combined vs Baseline: 590 - 502 - 424  [0.529] 1516
Started game 1529 of 10000 (Tier2Combined vs Baseline)
Finished game 1516 (Baseline vs Tier2Combined): 0-1 {Black wins by adjudication}
Score of Tier2Combined vs Baseline: 591 - 502 - 424  [0.529] 1517
Started game 1530 of 10000 (Baseline vs Tier2Combined)
Finished game 1514 (Baseline vs Tier2Combined): 0-1 {Black wins by adjudication}
Score of Tier2Combined vs Baseline: 592 - 502 - 424  [0.530] 1518
Started game 1531 of 10000 (Tier2Combined vs Baseline)
Finished game 1518 (Baseline vs Tier2Combined): 1-0 {White wins by adjudication}
Score of Tier2Combined vs Baseline: 592 - 503 - 424  [0.529] 1519
Started game 1532 of 10000 (Baseline vs Tier2Combined)
Finished game 1520 (Baseline vs Tier2Combined): 0-1 {Black wins by adjudication}
Score of Tier2Combined vs Baseline: 593 - 503 - 424  [0.530] 1520
Started game 1533 of 10000 (Tier2Combined vs Baseline)
Finished game 1515 (Tier2Combined vs Baseline): 0-1 {Black wins by adjudication}
Score of Tier2Combined vs Baseline: 593 - 504 - 424  [0.529] 1521
Started game 1534 of 10000 (Baseline vs Tier2Combined)
Finished game 1521 (Tier2Combined vs Baseline): 1-0 {White wins by adjudication}
Score of Tier2Combined vs Baseline: 594 - 504 - 424  [0.530] 1522
Started game 1535 of 10000 (Tier2Combined vs Baseline)
Finished game 1522 (Baseline vs Tier2Combined): 0-1 {Black wins by adjudication}
Score of Tier2Combined vs Baseline: 595 - 504 - 424  [0.530] 1523
Started game 1536 of 10000 (Baseline vs Tier2Combined)
Finished game 1524 (Baseline vs Tier2Combined): 1-0 {White wins by adjudication}
Score of Tier2Combined vs Baseline: 595 - 505 - 424  [0.530] 1524
Started game 1537 of 10000 (Tier2Combined vs Baseline)
Finished game 1525 (Tier2Combined vs Baseline): 1/2-1/2 {Draw by 3-fold repetition}
Score of Tier2Combined vs Baseline: 595 - 505 - 425  [0.530] 1525
Started game 1538 of 10000 (Baseline vs Tier2Combined)
Finished game 1526 (Baseline vs Tier2Combined): 0-1 {Black wins by adjudication}
Score of Tier2Combined vs Baseline: 596 - 505 - 425  [0.530] 1526
Started game 1539 of 10000 (Tier2Combined vs Baseline)
Finished game 1535 (Tier2Combined vs Baseline): 1/2-1/2 {Draw by 3-fold repetition}
Score of Tier2Combined vs Baseline: 596 - 505 - 426  [0.530] 1527
Started game 1540 of 10000 (Baseline vs Tier2Combined)
Finished game 1528 (Baseline vs Tier2Combined): 0-1 {Black wins by adjudication}
Score of Tier2Combined vs Baseline: 597 - 505 - 426  [0.530] 1528
Started game 1541 of 10000 (Tier2Combined vs Baseline)
Finished game 1527 (Tier2Combined vs Baseline): 1-0 {White wins by adjudication}
Score of Tier2Combined vs Baseline: 598 - 505 - 426  [0.530] 1529
Started game 1542 of 10000 (Baseline vs Tier2Combined)
Finished game 1532 (Baseline vs Tier2Combined): 0-1 {Black wins by adjudication}
Score of Tier2Combined vs Baseline: 599 - 505 - 426  [0.531] 1530
Started game 1543 of 10000 (Tier2Combined vs Baseline)
Finished game 1534 (Baseline vs Tier2Combined): 0-1 {Black wins by adjudication}
Score of Tier2Combined vs Baseline: 600 - 505 - 426  [0.531] 1531
Started game 1544 of 10000 (Baseline vs Tier2Combined)
Finished game 1533 (Tier2Combined vs Baseline): 0-1 {Black wins by adjudication}
Score of Tier2Combined vs Baseline: 600 - 506 - 426  [0.531] 1532
Started game 1545 of 10000 (Tier2Combined vs Baseline)
Finished game 1529 (Tier2Combined vs Baseline): 0-1 {Black wins by adjudication}
Score of Tier2Combined vs Baseline: 600 - 507 - 426  [0.530] 1533
Started game 1546 of 10000 (Baseline vs Tier2Combined)
Finished game 1530 (Baseline vs Tier2Combined): 1/2-1/2 {Draw by adjudication}
Score of Tier2Combined vs Baseline: 600 - 507 - 427  [0.530] 1534
Started game 1547 of 10000 (Tier2Combined vs Baseline)
Finished game 1531 (Tier2Combined vs Baseline): 1/2-1/2 {Draw by adjudication}
Score of Tier2Combined vs Baseline: 600 - 507 - 428  [0.530] 1535
Started game 1548 of 10000 (Baseline vs Tier2Combined)
Finished game 1536 (Baseline vs Tier2Combined): 0-1 {Black wins by adjudication}
Score of Tier2Combined vs Baseline: 601 - 507 - 428  [0.531] 1536
Started game 1549 of 10000 (Tier2Combined vs Baseline)
Finished game 1537 (Tier2Combined vs Baseline): 1-0 {White wins by adjudication}
Score of Tier2Combined vs Baseline: 602 - 507 - 428  [0.531] 1537
Started game 1550 of 10000 (Baseline vs Tier2Combined)
Finished game 1540 (Baseline vs Tier2Combined): 1-0 {White wins by adjudication}
Score of Tier2Combined vs Baseline: 602 - 508 - 428  [0.531] 1538
Started game 1551 of 10000 (Tier2Combined vs Baseline)
Finished game 1543 (Tier2Combined vs Baseline): 0-1 {Black wins by adjudication}
Score of Tier2Combined vs Baseline: 602 - 509 - 428  [0.530] 1539
Started game 1552 of 10000 (Baseline vs Tier2Combined)
Finished game 1539 (Tier2Combined vs Baseline): 1-0 {White wins by adjudication}
Score of Tier2Combined vs Baseline: 603 - 509 - 428  [0.531] 1540
Started game 1553 of 10000 (Tier2Combined vs Baseline)
Finished game 1538 (Baseline vs Tier2Combined): 1-0 {White wins by adjudication}
Score of Tier2Combined vs Baseline: 603 - 510 - 428  [0.530] 1541
Started game 1554 of 10000 (Baseline vs Tier2Combined)
Finished game 1542 (Baseline vs Tier2Combined): 1-0 {White wins by adjudication}
Score of Tier2Combined vs Baseline: 603 - 511 - 428  [0.530] 1542
Started game 1555 of 10000 (Tier2Combined vs Baseline)
Finished game 1541 (Tier2Combined vs Baseline): 1-0 {White wins by adjudication}
Score of Tier2Combined vs Baseline: 604 - 511 - 428  [0.530] 1543
Started game 1556 of 10000 (Baseline vs Tier2Combined)
Finished game 1546 (Baseline vs Tier2Combined): 1-0 {White wins by adjudication}
Score of Tier2Combined vs Baseline: 604 - 512 - 428  [0.530] 1544
Started game 1557 of 10000 (Tier2Combined vs Baseline)
Finished game 1545 (Tier2Combined vs Baseline): 1-0 {White wins by adjudication}
Score of Tier2Combined vs Baseline: 605 - 512 - 428  [0.530] 1545
Started game 1558 of 10000 (Baseline vs Tier2Combined)
Finished game 1544 (Baseline vs Tier2Combined): 1/2-1/2 {Draw by adjudication}
Score of Tier2Combined vs Baseline: 605 - 512 - 429  [0.530] 1546
Started game 1559 of 10000 (Tier2Combined vs Baseline)
Finished game 1547 (Tier2Combined vs Baseline): 0-1 {Black wins by adjudication}
Score of Tier2Combined vs Baseline: 605 - 513 - 429  [0.530] 1547
Started game 1560 of 10000 (Baseline vs Tier2Combined)
Finished game 1550 (Baseline vs Tier2Combined): 0-1 {Black wins by adjudication}
Score of Tier2Combined vs Baseline: 606 - 513 - 429  [0.530] 1548
Started game 1561 of 10000 (Tier2Combined vs Baseline)
Finished game 1548 (Baseline vs Tier2Combined): 0-1 {Black wins by adjudication}
Score of Tier2Combined vs Baseline: 607 - 513 - 429  [0.530] 1549
Started game 1562 of 10000 (Baseline vs Tier2Combined)
Finished game 1549 (Tier2Combined vs Baseline): 1/2-1/2 {Draw by 3-fold repetition}
Score of Tier2Combined vs Baseline: 607 - 513 - 430  [0.530] 1550
Started game 1563 of 10000 (Tier2Combined vs Baseline)
Finished game 1551 (Tier2Combined vs Baseline): 1/2-1/2 {Draw by 3-fold repetition}
Score of Tier2Combined vs Baseline: 607 - 513 - 431  [0.530] 1551
Started game 1564 of 10000 (Baseline vs Tier2Combined)
Finished game 1553 (Tier2Combined vs Baseline): 1-0 {White wins by adjudication}
Score of Tier2Combined vs Baseline: 608 - 513 - 431  [0.531] 1552
Started game 1565 of 10000 (Tier2Combined vs Baseline)
Finished game 1552 (Baseline vs Tier2Combined): 0-1 {Black wins by adjudication}
Score of Tier2Combined vs Baseline: 609 - 513 - 431  [0.531] 1553
Started game 1566 of 10000 (Baseline vs Tier2Combined)
Finished game 1555 (Tier2Combined vs Baseline): 0-1 {Black wins by adjudication}
Score of Tier2Combined vs Baseline: 609 - 514 - 431  [0.531] 1554
Started game 1567 of 10000 (Tier2Combined vs Baseline)
Finished game 1557 (Tier2Combined vs Baseline): 0-1 {Black wins by adjudication}
Score of Tier2Combined vs Baseline: 609 - 515 - 431  [0.530] 1555
Started game 1568 of 10000 (Baseline vs Tier2Combined)
Finished game 1556 (Baseline vs Tier2Combined): 0-1 {Black wins by adjudication}
Score of Tier2Combined vs Baseline: 610 - 515 - 431  [0.531] 1556
Started game 1569 of 10000 (Tier2Combined vs Baseline)
Finished game 1558 (Baseline vs Tier2Combined): 1-0 {White wins by adjudication}
Score of Tier2Combined vs Baseline: 610 - 516 - 431  [0.530] 1557
Started game 1570 of 10000 (Baseline vs Tier2Combined)
Finished game 1554 (Baseline vs Tier2Combined): 1/2-1/2 {Draw by insufficient mating material}
Score of Tier2Combined vs Baseline: 610 - 516 - 432  [0.530] 1558
Started game 1571 of 10000 (Tier2Combined vs Baseline)
Finished game 1559 (Tier2Combined vs Baseline): 0-1 {Black wins by adjudication}
Score of Tier2Combined vs Baseline: 610 - 517 - 432  [0.530] 1559
Started game 1572 of 10000 (Baseline vs Tier2Combined)
Finished game 1564 (Baseline vs Tier2Combined): 0-1 {Black wins by adjudication}
Score of Tier2Combined vs Baseline: 611 - 517 - 432  [0.530] 1560
Started game 1573 of 10000 (Tier2Combined vs Baseline)
Finished game 1568 (Baseline vs Tier2Combined): 1/2-1/2 {Draw by 3-fold repetition}
Score of Tier2Combined vs Baseline: 611 - 517 - 433  [0.530] 1561
Started game 1574 of 10000 (Baseline vs Tier2Combined)
Finished game 1563 (Tier2Combined vs Baseline): 1/2-1/2 {Draw by 3-fold repetition}
Score of Tier2Combined vs Baseline: 611 - 517 - 434  [0.530] 1562
Started game 1575 of 10000 (Tier2Combined vs Baseline)
Finished game 1561 (Tier2Combined vs Baseline): 0-1 {Black wins by adjudication}
Score of Tier2Combined vs Baseline: 611 - 518 - 434  [0.530] 1563
Started game 1576 of 10000 (Baseline vs Tier2Combined)
Finished game 1565 (Tier2Combined vs Baseline): 1-0 {White wins by adjudication}
Score of Tier2Combined vs Baseline: 612 - 518 - 434  [0.530] 1564
Started game 1577 of 10000 (Tier2Combined vs Baseline)
Finished game 1562 (Baseline vs Tier2Combined): 1-0 {White wins by adjudication}
Score of Tier2Combined vs Baseline: 612 - 519 - 434  [0.530] 1565
Started game 1578 of 10000 (Baseline vs Tier2Combined)
Finished game 1566 (Baseline vs Tier2Combined): 1-0 {White mates}
Score of Tier2Combined vs Baseline: 612 - 520 - 434  [0.529] 1566
Started game 1579 of 10000 (Tier2Combined vs Baseline)
Finished game 1576 (Baseline vs Tier2Combined): 1/2-1/2 {Draw by 3-fold repetition}
Score of Tier2Combined vs Baseline: 612 - 520 - 435  [0.529] 1567
Started game 1580 of 10000 (Baseline vs Tier2Combined)
Finished game 1571 (Tier2Combined vs Baseline): 0-1 {Black wins by adjudication}
Score of Tier2Combined vs Baseline: 612 - 521 - 435  [0.529] 1568
Started game 1581 of 10000 (Tier2Combined vs Baseline)
Finished game 1560 (Baseline vs Tier2Combined): 1/2-1/2 {Draw by insufficient mating material}
Score of Tier2Combined vs Baseline: 612 - 521 - 436  [0.529] 1569
Started game 1582 of 10000 (Baseline vs Tier2Combined)
Finished game 1570 (Baseline vs Tier2Combined): 1-0 {White wins by adjudication}
Score of Tier2Combined vs Baseline: 612 - 522 - 436  [0.529] 1570
Started game 1583 of 10000 (Tier2Combined vs Baseline)
Finished game 1569 (Tier2Combined vs Baseline): 1-0 {White wins by adjudication}
Score of Tier2Combined vs Baseline: 613 - 522 - 436  [0.529] 1571
Started game 1584 of 10000 (Baseline vs Tier2Combined)
Finished game 1572 (Baseline vs Tier2Combined): 0-1 {Black wins by adjudication}
Score of Tier2Combined vs Baseline: 614 - 522 - 436  [0.529] 1572
Started game 1585 of 10000 (Tier2Combined vs Baseline)
Finished game 1581 (Tier2Combined vs Baseline): 0-1 {Black wins by adjudication}
Score of Tier2Combined vs Baseline: 614 - 523 - 436  [0.529] 1573
Started game 1586 of 10000 (Baseline vs Tier2Combined)
Finished game 1573 (Tier2Combined vs Baseline): 1/2-1/2 {Draw by adjudication}
Score of Tier2Combined vs Baseline: 614 - 523 - 437  [0.529] 1574
Started game 1587 of 10000 (Tier2Combined vs Baseline)
Finished game 1577 (Tier2Combined vs Baseline): 1-0 {White wins by adjudication}
Score of Tier2Combined vs Baseline: 615 - 523 - 437  [0.529] 1575
Started game 1588 of 10000 (Baseline vs Tier2Combined)
Finished game 1575 (Tier2Combined vs Baseline): 0-1 {Black wins by adjudication}
Score of Tier2Combined vs Baseline: 615 - 524 - 437  [0.529] 1576
Started game 1589 of 10000 (Tier2Combined vs Baseline)
Finished game 1578 (Baseline vs Tier2Combined): 1/2-1/2 {Draw by insufficient mating material}
Score of Tier2Combined vs Baseline: 615 - 524 - 438  [0.529] 1577
Started game 1590 of 10000 (Baseline vs Tier2Combined)
Finished game 1580 (Baseline vs Tier2Combined): 1-0 {White wins by adjudication}
Score of Tier2Combined vs Baseline: 615 - 525 - 438  [0.529] 1578
Started game 1591 of 10000 (Tier2Combined vs Baseline)
Finished game 1579 (Tier2Combined vs Baseline): 1-0 {White wins by adjudication}
Score of Tier2Combined vs Baseline: 616 - 525 - 438  [0.529] 1579
Started game 1592 of 10000 (Baseline vs Tier2Combined)
Finished game 1582 (Baseline vs Tier2Combined): 1/2-1/2 {Draw by 3-fold repetition}
Score of Tier2Combined vs Baseline: 616 - 525 - 439  [0.529] 1580
Started game 1593 of 10000 (Tier2Combined vs Baseline)
Finished game 1567 (Tier2Combined vs Baseline): 1/2-1/2 {Draw by fifty moves rule}
Score of Tier2Combined vs Baseline: 616 - 525 - 440  [0.529] 1581
Started game 1594 of 10000 (Baseline vs Tier2Combined)
Finished game 1585 (Tier2Combined vs Baseline): 1-0 {White wins by adjudication}
Score of Tier2Combined vs Baseline: 617 - 525 - 440  [0.529] 1582
Started game 1595 of 10000 (Tier2Combined vs Baseline)
Finished game 1584 (Baseline vs Tier2Combined): 1-0 {White wins by adjudication}
Score of Tier2Combined vs Baseline: 617 - 526 - 440  [0.529] 1583
Started game 1596 of 10000 (Baseline vs Tier2Combined)
Finished game 1574 (Baseline vs Tier2Combined): 1/2-1/2 {Draw by fifty moves rule}
Score of Tier2Combined vs Baseline: 617 - 526 - 441  [0.529] 1584
Started game 1597 of 10000 (Tier2Combined vs Baseline)
Finished game 1583 (Tier2Combined vs Baseline): 1-0 {White wins by adjudication}
Score of Tier2Combined vs Baseline: 618 - 526 - 441  [0.529] 1585
Started game 1598 of 10000 (Baseline vs Tier2Combined)
Finished game 1587 (Tier2Combined vs Baseline): 0-1 {Black wins by adjudication}
Score of Tier2Combined vs Baseline: 618 - 527 - 441  [0.529] 1586
Started game 1599 of 10000 (Tier2Combined vs Baseline)
Finished game 1592 (Baseline vs Tier2Combined): 1/2-1/2 {Draw by 3-fold repetition}
Score of Tier2Combined vs Baseline: 618 - 527 - 442  [0.529] 1587
Started game 1600 of 10000 (Baseline vs Tier2Combined)
Finished game 1588 (Baseline vs Tier2Combined): 1/2-1/2 {Draw by adjudication}
Score of Tier2Combined vs Baseline: 618 - 527 - 443  [0.529] 1588
Started game 1601 of 10000 (Tier2Combined vs Baseline)
Finished game 1586 (Baseline vs Tier2Combined): 0-1 {Black wins by adjudication}
Score of Tier2Combined vs Baseline: 619 - 527 - 443  [0.529] 1589
Started game 1602 of 10000 (Baseline vs Tier2Combined)
Finished game 1589 (Tier2Combined vs Baseline): 1-0 {White wins by adjudication}
Score of Tier2Combined vs Baseline: 620 - 527 - 443  [0.529] 1590
Started game 1603 of 10000 (Tier2Combined vs Baseline)
Finished game 1593 (Tier2Combined vs Baseline): 0-1 {Black wins by adjudication}
Score of Tier2Combined vs Baseline: 620 - 528 - 443  [0.529] 1591
Started game 1604 of 10000 (Baseline vs Tier2Combined)
Finished game 1590 (Baseline vs Tier2Combined): 1/2-1/2 {Draw by 3-fold repetition}
Score of Tier2Combined vs Baseline: 620 - 528 - 444  [0.529] 1592
Started game 1605 of 10000 (Tier2Combined vs Baseline)
Finished game 1598 (Baseline vs Tier2Combined): 1-0 {White wins by adjudication}
Score of Tier2Combined vs Baseline: 620 - 529 - 444  [0.529] 1593
Started game 1606 of 10000 (Baseline vs Tier2Combined)
Finished game 1595 (Tier2Combined vs Baseline): 0-1 {Black wins by adjudication}
Score of Tier2Combined vs Baseline: 620 - 530 - 444  [0.528] 1594
Started game 1607 of 10000 (Tier2Combined vs Baseline)
Finished game 1596 (Baseline vs Tier2Combined): 0-1 {Black wins by adjudication}
Score of Tier2Combined vs Baseline: 621 - 530 - 444  [0.529] 1595
Started game 1608 of 10000 (Baseline vs Tier2Combined)
Finished game 1597 (Tier2Combined vs Baseline): 1-0 {White wins by adjudication}
Score of Tier2Combined vs Baseline: 622 - 530 - 444  [0.529] 1596
Started game 1609 of 10000 (Tier2Combined vs Baseline)
Finished game 1599 (Tier2Combined vs Baseline): 1-0 {White wins by adjudication}
Score of Tier2Combined vs Baseline: 623 - 530 - 444  [0.529] 1597
Started game 1610 of 10000 (Baseline vs Tier2Combined)
Finished game 1594 (Baseline vs Tier2Combined): 1/2-1/2 {Draw by fifty moves rule}
Score of Tier2Combined vs Baseline: 623 - 530 - 445  [0.529] 1598
Started game 1611 of 10000 (Tier2Combined vs Baseline)
Finished game 1600 (Baseline vs Tier2Combined): 1-0 {White wins by adjudication}
Score of Tier2Combined vs Baseline: 623 - 531 - 445  [0.529] 1599
Started game 1612 of 10000 (Baseline vs Tier2Combined)
Finished game 1605 (Tier2Combined vs Baseline): 0-1 {Black wins by adjudication}
Score of Tier2Combined vs Baseline: 623 - 532 - 445  [0.528] 1600
Started game 1613 of 10000 (Tier2Combined vs Baseline)
Finished game 1603 (Tier2Combined vs Baseline): 0-1 {Black wins by adjudication}
Score of Tier2Combined vs Baseline: 623 - 533 - 445  [0.528] 1601
Started game 1614 of 10000 (Baseline vs Tier2Combined)
Finished game 1602 (Baseline vs Tier2Combined): 1-0 {White wins by adjudication}
Score of Tier2Combined vs Baseline: 623 - 534 - 445  [0.528] 1602
Started game 1615 of 10000 (Tier2Combined vs Baseline)
Finished game 1606 (Baseline vs Tier2Combined): 1-0 {White wins by adjudication}
Score of Tier2Combined vs Baseline: 623 - 535 - 445  [0.527] 1603
Started game 1616 of 10000 (Baseline vs Tier2Combined)
Finished game 1601 (Tier2Combined vs Baseline): 1/2-1/2 {Draw by insufficient mating material}
Score of Tier2Combined vs Baseline: 623 - 535 - 446  [0.527] 1604
Started game 1617 of 10000 (Tier2Combined vs Baseline)
Finished game 1591 (Tier2Combined vs Baseline): 1/2-1/2 {Draw by fifty moves rule}
Score of Tier2Combined vs Baseline: 623 - 535 - 447  [0.527] 1605
Started game 1618 of 10000 (Baseline vs Tier2Combined)
Finished game 1607 (Tier2Combined vs Baseline): 1-0 {White wins by adjudication}
Score of Tier2Combined vs Baseline: 624 - 535 - 447  [0.528] 1606
Started game 1619 of 10000 (Tier2Combined vs Baseline)
Finished game 1604 (Baseline vs Tier2Combined): 0-1 {Black wins by adjudication}
Score of Tier2Combined vs Baseline: 625 - 535 - 447  [0.528] 1607
Started game 1620 of 10000 (Baseline vs Tier2Combined)
Finished game 1608 (Baseline vs Tier2Combined): 0-1 {Black wins by adjudication}
Score of Tier2Combined vs Baseline: 626 - 535 - 447  [0.528] 1608
Started game 1621 of 10000 (Tier2Combined vs Baseline)
Finished game 1609 (Tier2Combined vs Baseline): 0-1 {Black mates}
Score of Tier2Combined vs Baseline: 626 - 536 - 447  [0.528] 1609
Started game 1622 of 10000 (Baseline vs Tier2Combined)
Finished game 1611 (Tier2Combined vs Baseline): 0-1 {Black wins by adjudication}
Score of Tier2Combined vs Baseline: 626 - 537 - 447  [0.528] 1610
Started game 1623 of 10000 (Tier2Combined vs Baseline)
Finished game 1614 (Baseline vs Tier2Combined): 1-0 {White wins by adjudication}
Score of Tier2Combined vs Baseline: 626 - 538 - 447  [0.527] 1611
Started game 1624 of 10000 (Baseline vs Tier2Combined)
Finished game 1615 (Tier2Combined vs Baseline): 0-1 {Black wins by adjudication}
Score of Tier2Combined vs Baseline: 626 - 539 - 447  [0.527] 1612
Started game 1625 of 10000 (Tier2Combined vs Baseline)
Finished game 1612 (Baseline vs Tier2Combined): 1-0 {White wins by adjudication}
Score of Tier2Combined vs Baseline: 626 - 540 - 447  [0.527] 1613
Started game 1626 of 10000 (Baseline vs Tier2Combined)
Finished game 1619 (Tier2Combined vs Baseline): 1-0 {White wins by adjudication}
Score of Tier2Combined vs Baseline: 627 - 540 - 447  [0.527] 1614
Started game 1627 of 10000 (Tier2Combined vs Baseline)
Finished game 1610 (Baseline vs Tier2Combined): 1/2-1/2 {Draw by fifty moves rule}
Score of Tier2Combined vs Baseline: 627 - 540 - 448  [0.527] 1615
Started game 1628 of 10000 (Baseline vs Tier2Combined)
Finished game 1613 (Tier2Combined vs Baseline): 1/2-1/2 {Draw by insufficient mating material}
Score of Tier2Combined vs Baseline: 627 - 540 - 449  [0.527] 1616
Started game 1629 of 10000 (Tier2Combined vs Baseline)
Finished game 1618 (Baseline vs Tier2Combined): 0-1 {Black wins by adjudication}
Score of Tier2Combined vs Baseline: 628 - 540 - 449  [0.527] 1617
Started game 1630 of 10000 (Baseline vs Tier2Combined)
Finished game 1617 (Tier2Combined vs Baseline): 0-1 {Black wins by adjudication}
Score of Tier2Combined vs Baseline: 628 - 541 - 449  [0.527] 1618
Started game 1631 of 10000 (Tier2Combined vs Baseline)
Finished game 1616 (Baseline vs Tier2Combined): 1-0 {White wins by adjudication}
Score of Tier2Combined vs Baseline: 628 - 542 - 449  [0.527] 1619
Started game 1632 of 10000 (Baseline vs Tier2Combined)
Finished game 1621 (Tier2Combined vs Baseline): 1-0 {White wins by adjudication}
Score of Tier2Combined vs Baseline: 629 - 542 - 449  [0.527] 1620
Started game 1633 of 10000 (Tier2Combined vs Baseline)
Finished game 1623 (Tier2Combined vs Baseline): 1-0 {White wins by adjudication}
Score of Tier2Combined vs Baseline: 630 - 542 - 449  [0.527] 1621
Started game 1634 of 10000 (Baseline vs Tier2Combined)
Finished game 1620 (Baseline vs Tier2Combined): 1/2-1/2 {Draw by 3-fold repetition}
Score of Tier2Combined vs Baseline: 630 - 542 - 450  [0.527] 1622
Started game 1635 of 10000 (Tier2Combined vs Baseline)
Finished game 1627 (Tier2Combined vs Baseline): 1/2-1/2 {Draw by 3-fold repetition}
Score of Tier2Combined vs Baseline: 630 - 542 - 451  [0.527] 1623
Started game 1636 of 10000 (Baseline vs Tier2Combined)
Finished game 1624 (Baseline vs Tier2Combined): 0-1 {Black wins by adjudication}
Score of Tier2Combined vs Baseline: 631 - 542 - 451  [0.527] 1624
Started game 1637 of 10000 (Tier2Combined vs Baseline)
Finished game 1622 (Baseline vs Tier2Combined): 0-1 {Black wins by adjudication}
Score of Tier2Combined vs Baseline: 632 - 542 - 451  [0.528] 1625
Started game 1638 of 10000 (Baseline vs Tier2Combined)
Finished game 1629 (Tier2Combined vs Baseline): 1/2-1/2 {Draw by 3-fold repetition}
Score of Tier2Combined vs Baseline: 632 - 542 - 452  [0.528] 1626
Started game 1639 of 10000 (Tier2Combined vs Baseline)
Finished game 1631 (Tier2Combined vs Baseline): 0-1 {Black wins by adjudication}
Score of Tier2Combined vs Baseline: 632 - 543 - 452  [0.527] 1627
Started game 1640 of 10000 (Baseline vs Tier2Combined)
Finished game 1630 (Baseline vs Tier2Combined): 1-0 {White wins by adjudication}
Score of Tier2Combined vs Baseline: 632 - 544 - 452  [0.527] 1628
Started game 1641 of 10000 (Tier2Combined vs Baseline)
Finished game 1632 (Baseline vs Tier2Combined): 1-0 {White wins by adjudication}
Score of Tier2Combined vs Baseline: 632 - 545 - 452  [0.527] 1629
Started game 1642 of 10000 (Baseline vs Tier2Combined)
Finished game 1626 (Baseline vs Tier2Combined): 1/2-1/2 {Draw by 3-fold repetition}
Score of Tier2Combined vs Baseline: 632 - 545 - 453  [0.527] 1630
Started game 1643 of 10000 (Tier2Combined vs Baseline)
Finished game 1628 (Baseline vs Tier2Combined): 0-1 {Black wins by adjudication}
Score of Tier2Combined vs Baseline: 633 - 545 - 453  [0.527] 1631
Started game 1644 of 10000 (Baseline vs Tier2Combined)
Finished game 1625 (Tier2Combined vs Baseline): 1/2-1/2 {Draw by fifty moves rule}
Score of Tier2Combined vs Baseline: 633 - 545 - 454  [0.527] 1632
Started game 1645 of 10000 (Tier2Combined vs Baseline)
Finished game 1633 (Tier2Combined vs Baseline): 0-1 {Black wins by adjudication}
Score of Tier2Combined vs Baseline: 633 - 546 - 454  [0.527] 1633
Started game 1646 of 10000 (Baseline vs Tier2Combined)
Finished game 1639 (Tier2Combined vs Baseline): 0-1 {Black wins by adjudication}
Score of Tier2Combined vs Baseline: 633 - 547 - 454  [0.526] 1634
Started game 1647 of 10000 (Tier2Combined vs Baseline)
Finished game 1636 (Baseline vs Tier2Combined): 0-1 {Black wins by adjudication}
Score of Tier2Combined vs Baseline: 634 - 547 - 454  [0.527] 1635
Started game 1648 of 10000 (Baseline vs Tier2Combined)
Finished game 1643 (Tier2Combined vs Baseline): 1/2-1/2 {Draw by 3-fold repetition}
Score of Tier2Combined vs Baseline: 634 - 547 - 455  [0.527] 1636
Started game 1649 of 10000 (Tier2Combined vs Baseline)
Finished game 1638 (Baseline vs Tier2Combined): 0-1 {Black wins by adjudication}
Score of Tier2Combined vs Baseline: 635 - 547 - 455  [0.527] 1637
Started game 1650 of 10000 (Baseline vs Tier2Combined)
Finished game 1642 (Baseline vs Tier2Combined): 1-0 {White wins by adjudication}
Score of Tier2Combined vs Baseline: 635 - 548 - 455  [0.527] 1638
Finished game 1644 (Baseline vs Tier2Combined): 0-1 {Black wins by adjudication}
Score of Tier2Combined vs Baseline: 636 - 548 - 455  [0.527] 1639
Started game 1652 of 10000 (Baseline vs Tier2Combined)
Started game 1651 of 10000 (Tier2Combined vs Baseline)
Finished game 1640 (Baseline vs Tier2Combined): 1-0 {White wins by adjudication}
Score of Tier2Combined vs Baseline: 636 - 549 - 455  [0.527] 1640
Started game 1653 of 10000 (Tier2Combined vs Baseline)
Finished game 1641 (Tier2Combined vs Baseline): 1-0 {White wins by adjudication}
Score of Tier2Combined vs Baseline: 637 - 549 - 455  [0.527] 1641
Started game 1654 of 10000 (Baseline vs Tier2Combined)
Finished game 1635 (Tier2Combined vs Baseline): 1-0 {White wins by adjudication}
Score of Tier2Combined vs Baseline: 638 - 549 - 455  [0.527] 1642
Started game 1655 of 10000 (Tier2Combined vs Baseline)
Finished game 1646 (Baseline vs Tier2Combined): 1-0 {White wins by adjudication}
Score of Tier2Combined vs Baseline: 638 - 550 - 455  [0.527] 1643
Started game 1656 of 10000 (Baseline vs Tier2Combined)
Finished game 1645 (Tier2Combined vs Baseline): 1-0 {White wins by adjudication}
Score of Tier2Combined vs Baseline: 639 - 550 - 455  [0.527] 1644
Started game 1657 of 10000 (Tier2Combined vs Baseline)
Finished game 1634 (Baseline vs Tier2Combined): 1/2-1/2 {Draw by 3-fold repetition}
Score of Tier2Combined vs Baseline: 639 - 550 - 456  [0.527] 1645
Started game 1658 of 10000 (Baseline vs Tier2Combined)
Finished game 1637 (Tier2Combined vs Baseline): 1/2-1/2 {Draw by fifty moves rule}
Score of Tier2Combined vs Baseline: 639 - 550 - 457  [0.527] 1646
Started game 1659 of 10000 (Tier2Combined vs Baseline)
Finished game 1647 (Tier2Combined vs Baseline): 0-1 {Black wins by adjudication}
Score of Tier2Combined vs Baseline: 639 - 551 - 457  [0.527] 1647
Started game 1660 of 10000 (Baseline vs Tier2Combined)
Finished game 1650 (Baseline vs Tier2Combined): 0-1 {Black wins by adjudication}
Score of Tier2Combined vs Baseline: 640 - 551 - 457  [0.527] 1648
Started game 1661 of 10000 (Tier2Combined vs Baseline)
Finished game 1648 (Baseline vs Tier2Combined): 0-1 {Black wins by adjudication}
Score of Tier2Combined vs Baseline: 641 - 551 - 457  [0.527] 1649
Started game 1662 of 10000 (Baseline vs Tier2Combined)
Finished game 1653 (Tier2Combined vs Baseline): 1-0 {White wins by adjudication}
Score of Tier2Combined vs Baseline: 642 - 551 - 457  [0.528] 1650
Started game 1663 of 10000 (Tier2Combined vs Baseline)
Finished game 1655 (Tier2Combined vs Baseline): 1-0 {White wins by adjudication}
Score of Tier2Combined vs Baseline: 643 - 551 - 457  [0.528] 1651
Started game 1664 of 10000 (Baseline vs Tier2Combined)
Finished game 1649 (Tier2Combined vs Baseline): 1/2-1/2 {Draw by insufficient mating material}
Score of Tier2Combined vs Baseline: 643 - 551 - 458  [0.528] 1652
Started game 1665 of 10000 (Tier2Combined vs Baseline)
Finished game 1656 (Baseline vs Tier2Combined): 1-0 {White wins by adjudication}
Score of Tier2Combined vs Baseline: 643 - 552 - 458  [0.528] 1653
Started game 1666 of 10000 (Baseline vs Tier2Combined)
Finished game 1651 (Tier2Combined vs Baseline): 1-0 {White wins by adjudication}
Score of Tier2Combined vs Baseline: 644 - 552 - 458  [0.528] 1654
Started game 1667 of 10000 (Tier2Combined vs Baseline)
Finished game 1652 (Baseline vs Tier2Combined): 1/2-1/2 {Draw by insufficient mating material}
Score of Tier2Combined vs Baseline: 644 - 552 - 459  [0.528] 1655
Started game 1668 of 10000 (Baseline vs Tier2Combined)
Finished game 1654 (Baseline vs Tier2Combined): 0-1 {Black wins by adjudication}
Score of Tier2Combined vs Baseline: 645 - 552 - 459  [0.528] 1656
Finished game 1658 (Baseline vs Tier2Combined): 0-1 {Black wins by adjudication}
Score of Tier2Combined vs Baseline: 646 - 552 - 459  [0.528] 1657
Started game 1669 of 10000 (Tier2Combined vs Baseline)
Started game 1670 of 10000 (Baseline vs Tier2Combined)
Finished game 1657 (Tier2Combined vs Baseline): 0-1 {Black mates}
Score of Tier2Combined vs Baseline: 646 - 553 - 459  [0.528] 1658
Started game 1671 of 10000 (Tier2Combined vs Baseline)
Finished game 1661 (Tier2Combined vs Baseline): 1/2-1/2 {Draw by 3-fold repetition}
Score of Tier2Combined vs Baseline: 646 - 553 - 460  [0.528] 1659
Started game 1672 of 10000 (Baseline vs Tier2Combined)
Finished game 1660 (Baseline vs Tier2Combined): 1-0 {White wins by adjudication}
Score of Tier2Combined vs Baseline: 646 - 554 - 460  [0.528] 1660
Started game 1673 of 10000 (Tier2Combined vs Baseline)
Finished game 1659 (Tier2Combined vs Baseline): 1-0 {White wins by adjudication}
Score of Tier2Combined vs Baseline: 647 - 554 - 460  [0.528] 1661
Started game 1674 of 10000 (Baseline vs Tier2Combined)
Finished game 1667 (Tier2Combined vs Baseline): 1/2-1/2 {Draw by 3-fold repetition}
Score of Tier2Combined vs Baseline: 647 - 554 - 461  [0.528] 1662
Started game 1675 of 10000 (Tier2Combined vs Baseline)
Finished game 1662 (Baseline vs Tier2Combined): 1-0 {White wins by adjudication}
Score of Tier2Combined vs Baseline: 647 - 555 - 461  [0.528] 1663
Started game 1676 of 10000 (Baseline vs Tier2Combined)
Finished game 1665 (Tier2Combined vs Baseline): 1-0 {White wins by adjudication}
Score of Tier2Combined vs Baseline: 648 - 555 - 461  [0.528] 1664
Started game 1677 of 10000 (Tier2Combined vs Baseline)
Finished game 1663 (Tier2Combined vs Baseline): 1/2-1/2 {Draw by 3-fold repetition}
Score of Tier2Combined vs Baseline: 648 - 555 - 462  [0.528] 1665
Started game 1678 of 10000 (Baseline vs Tier2Combined)
Finished game 1671 (Tier2Combined vs Baseline): 1/2-1/2 {Draw by 3-fold repetition}
Score of Tier2Combined vs Baseline: 648 - 555 - 463  [0.528] 1666
Started game 1679 of 10000 (Tier2Combined vs Baseline)
Finished game 1664 (Baseline vs Tier2Combined): 1-0 {White wins by adjudication}
Score of Tier2Combined vs Baseline: 648 - 556 - 463  [0.528] 1667
Started game 1680 of 10000 (Baseline vs Tier2Combined)
Finished game 1668 (Baseline vs Tier2Combined): 1/2-1/2 {Draw by 3-fold repetition}
Score of Tier2Combined vs Baseline: 648 - 556 - 464  [0.528] 1668
Started game 1681 of 10000 (Tier2Combined vs Baseline)
Finished game 1669 (Tier2Combined vs Baseline): 1/2-1/2 {Draw by 3-fold repetition}
Score of Tier2Combined vs Baseline: 648 - 556 - 465  [0.528] 1669
Started game 1682 of 10000 (Baseline vs Tier2Combined)
Finished game 1674 (Baseline vs Tier2Combined): 1/2-1/2 {Draw by insufficient mating material}
Score of Tier2Combined vs Baseline: 648 - 556 - 466  [0.528] 1670
Started game 1683 of 10000 (Tier2Combined vs Baseline)
Finished game 1666 (Baseline vs Tier2Combined): 0-1 {Black wins by adjudication}
Score of Tier2Combined vs Baseline: 649 - 556 - 466  [0.528] 1671
Started game 1684 of 10000 (Baseline vs Tier2Combined)
Finished game 1679 (Tier2Combined vs Baseline): 1/2-1/2 {Draw by 3-fold repetition}
Score of Tier2Combined vs Baseline: 649 - 556 - 467  [0.528] 1672
Started game 1685 of 10000 (Tier2Combined vs Baseline)
Finished game 1676 (Baseline vs Tier2Combined): 1-0 {White wins by adjudication}
Score of Tier2Combined vs Baseline: 649 - 557 - 467  [0.527] 1673
Started game 1686 of 10000 (Baseline vs Tier2Combined)
Finished game 1675 (Tier2Combined vs Baseline): 1-0 {White wins by adjudication}
Score of Tier2Combined vs Baseline: 650 - 557 - 467  [0.528] 1674
Started game 1687 of 10000 (Tier2Combined vs Baseline)
Finished game 1677 (Tier2Combined vs Baseline): 1-0 {White wins by adjudication}
Score of Tier2Combined vs Baseline: 651 - 557 - 467  [0.528] 1675
Started game 1688 of 10000 (Baseline vs Tier2Combined)
Finished game 1680 (Baseline vs Tier2Combined): 1-0 {White wins by adjudication}
Score of Tier2Combined vs Baseline: 651 - 558 - 467  [0.528] 1676
Started game 1689 of 10000 (Tier2Combined vs Baseline)
Finished game 1672 (Baseline vs Tier2Combined): 1-0 {White wins by adjudication}
Score of Tier2Combined vs Baseline: 651 - 559 - 467  [0.527] 1677
Started game 1690 of 10000 (Baseline vs Tier2Combined)
Finished game 1670 (Baseline vs Tier2Combined): 1/2-1/2 {Draw by 3-fold repetition}
Score of Tier2Combined vs Baseline: 651 - 559 - 468  [0.527] 1678
Started game 1691 of 10000 (Tier2Combined vs Baseline)
Finished game 1682 (Baseline vs Tier2Combined): 1/2-1/2 {Draw by 3-fold repetition}
Score of Tier2Combined vs Baseline: 651 - 559 - 469  [0.527] 1679
Started game 1692 of 10000 (Baseline vs Tier2Combined)
Finished game 1678 (Baseline vs Tier2Combined): 1/2-1/2 {Draw by insufficient mating material}
Score of Tier2Combined vs Baseline: 651 - 559 - 470  [0.527] 1680
Started game 1693 of 10000 (Tier2Combined vs Baseline)
Finished game 1673 (Tier2Combined vs Baseline): 1-0 {White wins by adjudication}
Score of Tier2Combined vs Baseline: 652 - 559 - 470  [0.528] 1681
Started game 1694 of 10000 (Baseline vs Tier2Combined)
Finished game 1681 (Tier2Combined vs Baseline): 1/2-1/2 {Draw by adjudication}
Score of Tier2Combined vs Baseline: 652 - 559 - 471  [0.528] 1682
Started game 1695 of 10000 (Tier2Combined vs Baseline)
Finished game 1683 (Tier2Combined vs Baseline): 1-0 {White wins by adjudication}
Score of Tier2Combined vs Baseline: 653 - 559 - 471  [0.528] 1683
Started game 1696 of 10000 (Baseline vs Tier2Combined)
Finished game 1684 (Baseline vs Tier2Combined): 0-1 {Black wins by adjudication}
Score of Tier2Combined vs Baseline: 654 - 559 - 471  [0.528] 1684
Started game 1697 of 10000 (Tier2Combined vs Baseline)
Finished game 1685 (Tier2Combined vs Baseline): 0-1 {Black wins by adjudication}
Score of Tier2Combined vs Baseline: 654 - 560 - 471  [0.528] 1685
Started game 1698 of 10000 (Baseline vs Tier2Combined)
Finished game 1692 (Baseline vs Tier2Combined): 1/2-1/2 {Draw by 3-fold repetition}
Score of Tier2Combined vs Baseline: 654 - 560 - 472  [0.528] 1686
Started game 1699 of 10000 (Tier2Combined vs Baseline)
Finished game 1689 (Tier2Combined vs Baseline): 1/2-1/2 {Draw by 3-fold repetition}
Score of Tier2Combined vs Baseline: 654 - 560 - 473  [0.528] 1687
Started game 1700 of 10000 (Baseline vs Tier2Combined)
Finished game 1690 (Baseline vs Tier2Combined): 1-0 {White wins by adjudication}
Score of Tier2Combined vs Baseline: 654 - 561 - 473  [0.528] 1688
Started game 1701 of 10000 (Tier2Combined vs Baseline)
Finished game 1691 (Tier2Combined vs Baseline): 1-0 {White wins by adjudication}
Score of Tier2Combined vs Baseline: 655 - 561 - 473  [0.528] 1689
Started game 1702 of 10000 (Baseline vs Tier2Combined)
Finished game 1687 (Tier2Combined vs Baseline): 1/2-1/2 {Draw by 3-fold repetition}
Score of Tier2Combined vs Baseline: 655 - 561 - 474  [0.528] 1690
Started game 1703 of 10000 (Tier2Combined vs Baseline)
Finished game 1695 (Tier2Combined vs Baseline): 1/2-1/2 {Draw by adjudication}
Score of Tier2Combined vs Baseline: 655 - 561 - 475  [0.528] 1691
Started game 1704 of 10000 (Baseline vs Tier2Combined)
Finished game 1694 (Baseline vs Tier2Combined): 1-0 {White wins by adjudication}
Score of Tier2Combined vs Baseline: 655 - 562 - 475  [0.527] 1692
Started game 1705 of 10000 (Tier2Combined vs Baseline)
Finished game 1697 (Tier2Combined vs Baseline): 1-0 {White wins by adjudication}
Score of Tier2Combined vs Baseline: 656 - 562 - 475  [0.528] 1693
Started game 1706 of 10000 (Baseline vs Tier2Combined)
Finished game 1688 (Baseline vs Tier2Combined): 0-1 {Black mates}
Score of Tier2Combined vs Baseline: 657 - 562 - 475  [0.528] 1694
Started game 1707 of 10000 (Tier2Combined vs Baseline)
Finished game 1693 (Tier2Combined vs Baseline): 1-0 {White wins by adjudication}
Score of Tier2Combined vs Baseline: 658 - 562 - 475  [0.528] 1695
Started game 1708 of 10000 (Baseline vs Tier2Combined)
Finished game 1686 (Baseline vs Tier2Combined): 1/2-1/2 {Draw by fifty moves rule}
Score of Tier2Combined vs Baseline: 658 - 562 - 476  [0.528] 1696
Started game 1709 of 10000 (Tier2Combined vs Baseline)
Finished game 1696 (Baseline vs Tier2Combined): 1-0 {White wins by adjudication}
Score of Tier2Combined vs Baseline: 658 - 563 - 476  [0.528] 1697
Started game 1710 of 10000 (Baseline vs Tier2Combined)
Finished game 1698 (Baseline vs Tier2Combined): 1/2-1/2 {Draw by insufficient mating material}
Score of Tier2Combined vs Baseline: 658 - 563 - 477  [0.528] 1698
Started game 1711 of 10000 (Tier2Combined vs Baseline)
Finished game 1700 (Baseline vs Tier2Combined): 1-0 {White wins by adjudication}
Score of Tier2Combined vs Baseline: 658 - 564 - 477  [0.528] 1699
Started game 1712 of 10000 (Baseline vs Tier2Combined)
Finished game 1701 (Tier2Combined vs Baseline): 1-0 {White wins by adjudication}
Score of Tier2Combined vs Baseline: 659 - 564 - 477  [0.528] 1700
Started game 1713 of 10000 (Tier2Combined vs Baseline)
Finished game 1708 (Baseline vs Tier2Combined): 0-1 {Black wins by adjudication}
Score of Tier2Combined vs Baseline: 660 - 564 - 477  [0.528] 1701
Started game 1714 of 10000 (Baseline vs Tier2Combined)
Finished game 1705 (Tier2Combined vs Baseline): 1-0 {White wins by adjudication}
Score of Tier2Combined vs Baseline: 661 - 564 - 477  [0.528] 1702
Started game 1715 of 10000 (Tier2Combined vs Baseline)
Finished game 1702 (Baseline vs Tier2Combined): 1/2-1/2 {Draw by adjudication}
Score of Tier2Combined vs Baseline: 661 - 564 - 478  [0.528] 1703
Started game 1716 of 10000 (Baseline vs Tier2Combined)
Finished game 1704 (Baseline vs Tier2Combined): 1-0 {White wins by adjudication}
Score of Tier2Combined vs Baseline: 661 - 565 - 478  [0.528] 1704
Started game 1717 of 10000 (Tier2Combined vs Baseline)
Finished game 1706 (Baseline vs Tier2Combined): 1/2-1/2 {Draw by insufficient mating material}
Score of Tier2Combined vs Baseline: 661 - 565 - 479  [0.528] 1705
Started game 1718 of 10000 (Baseline vs Tier2Combined)
Finished game 1707 (Tier2Combined vs Baseline): 0-1 {Black wins by adjudication}
Score of Tier2Combined vs Baseline: 661 - 566 - 479  [0.528] 1706
Started game 1719 of 10000 (Tier2Combined vs Baseline)
Finished game 1699 (Tier2Combined vs Baseline): 1/2-1/2 {Draw by insufficient mating material}
Score of Tier2Combined vs Baseline: 661 - 566 - 480  [0.528] 1707
Started game 1720 of 10000 (Baseline vs Tier2Combined)
Finished game 1709 (Tier2Combined vs Baseline): 0-1 {Black wins by adjudication}
Score of Tier2Combined vs Baseline: 661 - 567 - 480  [0.528] 1708
Started game 1721 of 10000 (Tier2Combined vs Baseline)
Finished game 1703 (Tier2Combined vs Baseline): 1/2-1/2 {Draw by fifty moves rule}
Score of Tier2Combined vs Baseline: 661 - 567 - 481  [0.528] 1709
Started game 1722 of 10000 (Baseline vs Tier2Combined)
Finished game 1711 (Tier2Combined vs Baseline): 0-1 {Black wins by adjudication}
Score of Tier2Combined vs Baseline: 661 - 568 - 481  [0.527] 1710
Started game 1723 of 10000 (Tier2Combined vs Baseline)
Finished game 1710 (Baseline vs Tier2Combined): 1/2-1/2 {Draw by fifty moves rule}
Score of Tier2Combined vs Baseline: 661 - 568 - 482  [0.527] 1711
Started game 1724 of 10000 (Baseline vs Tier2Combined)
Finished game 1714 (Baseline vs Tier2Combined): 0-1 {Black wins by adjudication}
Score of Tier2Combined vs Baseline: 662 - 568 - 482  [0.527] 1712
Started game 1725 of 10000 (Tier2Combined vs Baseline)
Finished game 1715 (Tier2Combined vs Baseline): 1-0 {White wins by adjudication}
Score of Tier2Combined vs Baseline: 663 - 568 - 482  [0.528] 1713
Started game 1726 of 10000 (Baseline vs Tier2Combined)
Finished game 1717 (Tier2Combined vs Baseline): 0-1 {Black wins by adjudication}
Score of Tier2Combined vs Baseline: 663 - 569 - 482  [0.527] 1714
Started game 1727 of 10000 (Tier2Combined vs Baseline)
Finished game 1716 (Baseline vs Tier2Combined): 0-1 {Black wins by adjudication}
Score of Tier2Combined vs Baseline: 664 - 569 - 482  [0.528] 1715
Started game 1728 of 10000 (Baseline vs Tier2Combined)
Finished game 1720 (Baseline vs Tier2Combined): 1/2-1/2 {Draw by adjudication}
Score of Tier2Combined vs Baseline: 664 - 569 - 483  [0.528] 1716
Started game 1729 of 10000 (Tier2Combined vs Baseline)
Finished game 1719 (Tier2Combined vs Baseline): 0-1 {Black wins by adjudication}
Score of Tier2Combined vs Baseline: 664 - 570 - 483  [0.527] 1717
Started game 1730 of 10000 (Baseline vs Tier2Combined)
Finished game 1718 (Baseline vs Tier2Combined): 0-1 {Black wins by adjudication}
Score of Tier2Combined vs Baseline: 665 - 570 - 483  [0.528] 1718
Started game 1731 of 10000 (Tier2Combined vs Baseline)
Finished game 1712 (Baseline vs Tier2Combined): 1/2-1/2 {Draw by 3-fold repetition}
Score of Tier2Combined vs Baseline: 665 - 570 - 484  [0.528] 1719
Started game 1732 of 10000 (Baseline vs Tier2Combined)
Finished game 1722 (Baseline vs Tier2Combined): 0-1 {Black wins by adjudication}
Score of Tier2Combined vs Baseline: 666 - 570 - 484  [0.528] 1720
Started game 1733 of 10000 (Tier2Combined vs Baseline)
Finished game 1721 (Tier2Combined vs Baseline): 0-1 {Black wins by adjudication}
Score of Tier2Combined vs Baseline: 666 - 571 - 484  [0.528] 1721
Started game 1734 of 10000 (Baseline vs Tier2Combined)
Finished game 1723 (Tier2Combined vs Baseline): 1-0 {White wins by adjudication}
Score of Tier2Combined vs Baseline: 667 - 571 - 484  [0.528] 1722
Started game 1735 of 10000 (Tier2Combined vs Baseline)
Finished game 1727 (Tier2Combined vs Baseline): 0-1 {Black wins by adjudication}
Score of Tier2Combined vs Baseline: 667 - 572 - 484  [0.528] 1723
Started game 1736 of 10000 (Baseline vs Tier2Combined)
Finished game 1713 (Tier2Combined vs Baseline): 1-0 {White wins by adjudication}
Score of Tier2Combined vs Baseline: 668 - 572 - 484  [0.528] 1724
Started game 1737 of 10000 (Tier2Combined vs Baseline)
Finished game 1724 (Baseline vs Tier2Combined): 1/2-1/2 {Draw by 3-fold repetition}
Score of Tier2Combined vs Baseline: 668 - 572 - 485  [0.528] 1725
Started game 1738 of 10000 (Baseline vs Tier2Combined)
Finished game 1725 (Tier2Combined vs Baseline): 1/2-1/2 {Draw by adjudication}
Score of Tier2Combined vs Baseline: 668 - 572 - 486  [0.528] 1726
Started game 1739 of 10000 (Tier2Combined vs Baseline)
Finished game 1726 (Baseline vs Tier2Combined): 0-1 {Black wins by adjudication}
Score of Tier2Combined vs Baseline: 669 - 572 - 486  [0.528] 1727
Started game 1740 of 10000 (Baseline vs Tier2Combined)
Finished game 1729 (Tier2Combined vs Baseline): 1-0 {White wins by adjudication}
Score of Tier2Combined vs Baseline: 670 - 572 - 486  [0.528] 1728
Started game 1741 of 10000 (Tier2Combined vs Baseline)
Finished game 1731 (Tier2Combined vs Baseline): 1-0 {White wins by adjudication}
Score of Tier2Combined vs Baseline: 671 - 572 - 486  [0.529] 1729
Started game 1742 of 10000 (Baseline vs Tier2Combined)
Finished game 1733 (Tier2Combined vs Baseline): 1/2-1/2 {Draw by 3-fold repetition}
Score of Tier2Combined vs Baseline: 671 - 572 - 487  [0.529] 1730
Started game 1743 of 10000 (Tier2Combined vs Baseline)
Finished game 1730 (Baseline vs Tier2Combined): 1-0 {White wins by adjudication}
Score of Tier2Combined vs Baseline: 671 - 573 - 487  [0.528] 1731
Started game 1744 of 10000 (Baseline vs Tier2Combined)
Finished game 1728 (Baseline vs Tier2Combined): 1-0 {White wins by adjudication}
Score of Tier2Combined vs Baseline: 671 - 574 - 487  [0.528] 1732
Started game 1745 of 10000 (Tier2Combined vs Baseline)
Finished game 1734 (Baseline vs Tier2Combined): 1-0 {White wins by adjudication}
Score of Tier2Combined vs Baseline: 671 - 575 - 487  [0.528] 1733
Started game 1746 of 10000 (Baseline vs Tier2Combined)
Finished game 1738 (Baseline vs Tier2Combined): 1/2-1/2 {Draw by 3-fold repetition}
Score of Tier2Combined vs Baseline: 671 - 575 - 488  [0.528] 1734
Started game 1747 of 10000 (Tier2Combined vs Baseline)
Finished game 1735 (Tier2Combined vs Baseline): 1-0 {White wins by adjudication}
Score of Tier2Combined vs Baseline: 672 - 575 - 488  [0.528] 1735
Started game 1748 of 10000 (Baseline vs Tier2Combined)
Finished game 1742 (Baseline vs Tier2Combined): 0-1 {Black wins by adjudication}
Score of Tier2Combined vs Baseline: 673 - 575 - 488  [0.528] 1736
Started game 1749 of 10000 (Tier2Combined vs Baseline)
Finished game 1736 (Baseline vs Tier2Combined): 0-1 {Black wins by adjudication}
Score of Tier2Combined vs Baseline: 674 - 575 - 488  [0.528] 1737
Started game 1750 of 10000 (Baseline vs Tier2Combined)
Finished game 1737 (Tier2Combined vs Baseline): 0-1 {Black wins by adjudication}
Score of Tier2Combined vs Baseline: 674 - 576 - 488  [0.528] 1738
Started game 1751 of 10000 (Tier2Combined vs Baseline)
Finished game 1741 (Tier2Combined vs Baseline): 1-0 {White wins by adjudication}
Score of Tier2Combined vs Baseline: 675 - 576 - 488  [0.528] 1739
Started game 1752 of 10000 (Baseline vs Tier2Combined)
Finished game 1740 (Baseline vs Tier2Combined): 0-1 {Black wins by adjudication}
Score of Tier2Combined vs Baseline: 676 - 576 - 488  [0.529] 1740
Started game 1753 of 10000 (Tier2Combined vs Baseline)
Finished game 1744 (Baseline vs Tier2Combined): 1/2-1/2 {Draw by 3-fold repetition}
Score of Tier2Combined vs Baseline: 676 - 576 - 489  [0.529] 1741
Started game 1754 of 10000 (Baseline vs Tier2Combined)
Finished game 1732 (Baseline vs Tier2Combined): 1/2-1/2 {Draw by fifty moves rule}
Score of Tier2Combined vs Baseline: 676 - 576 - 490  [0.529] 1742
Started game 1755 of 10000 (Tier2Combined vs Baseline)
Finished game 1743 (Tier2Combined vs Baseline): 1-0 {White wins by adjudication}
Score of Tier2Combined vs Baseline: 677 - 576 - 490  [0.529] 1743
Started game 1756 of 10000 (Baseline vs Tier2Combined)
Finished game 1745 (Tier2Combined vs Baseline): 1-0 {White wins by adjudication}
Score of Tier2Combined vs Baseline: 678 - 576 - 490  [0.529] 1744
Started game 1757 of 10000 (Tier2Combined vs Baseline)
Finished game 1747 (Tier2Combined vs Baseline): 0-1 {Black wins by adjudication}
Score of Tier2Combined vs Baseline: 678 - 577 - 490  [0.529] 1745
Started game 1758 of 10000 (Baseline vs Tier2Combined)
Finished game 1746 (Baseline vs Tier2Combined): 1-0 {White wins by adjudication}
Score of Tier2Combined vs Baseline: 678 - 578 - 490  [0.529] 1746
Started game 1759 of 10000 (Tier2Combined vs Baseline)
Finished game 1750 (Baseline vs Tier2Combined): 0-1 {Black wins by adjudication}
Score of Tier2Combined vs Baseline: 679 - 578 - 490  [0.529] 1747
Started game 1760 of 10000 (Baseline vs Tier2Combined)
Finished game 1755 (Tier2Combined vs Baseline): 1/2-1/2 {Draw by 3-fold repetition}
Score of Tier2Combined vs Baseline: 679 - 578 - 491  [0.529] 1748
Started game 1761 of 10000 (Tier2Combined vs Baseline)
Finished game 1753 (Tier2Combined vs Baseline): 0-1 {Black wins by adjudication}
Score of Tier2Combined vs Baseline: 679 - 579 - 491  [0.529] 1749
Started game 1762 of 10000 (Baseline vs Tier2Combined)
Finished game 1739 (Tier2Combined vs Baseline): 1/2-1/2 {Draw by insufficient mating material}
Score of Tier2Combined vs Baseline: 679 - 579 - 492  [0.529] 1750
Started game 1763 of 10000 (Tier2Combined vs Baseline)
Finished game 1748 (Baseline vs Tier2Combined): 0-1 {Black wins by adjudication}
Score of Tier2Combined vs Baseline: 680 - 579 - 492  [0.529] 1751
Started game 1764 of 10000 (Baseline vs Tier2Combined)
Finished game 1754 (Baseline vs Tier2Combined): 0-1 {Black wins by adjudication}
Score of Tier2Combined vs Baseline: 681 - 579 - 492  [0.529] 1752
Started game 1765 of 10000 (Tier2Combined vs Baseline)
Finished game 1749 (Tier2Combined vs Baseline): 0-1 {Black wins by adjudication}
Score of Tier2Combined vs Baseline: 681 - 580 - 492  [0.529] 1753
Started game 1766 of 10000 (Baseline vs Tier2Combined)
Finished game 1751 (Tier2Combined vs Baseline): 1-0 {White wins by adjudication}
Score of Tier2Combined vs Baseline: 682 - 580 - 492  [0.529] 1754
Started game 1767 of 10000 (Tier2Combined vs Baseline)
Finished game 1752 (Baseline vs Tier2Combined): 1/2-1/2 {Draw by adjudication}
Score of Tier2Combined vs Baseline: 682 - 580 - 493  [0.529] 1755
Started game 1768 of 10000 (Baseline vs Tier2Combined)
Finished game 1758 (Baseline vs Tier2Combined): 1/2-1/2 {Draw by 3-fold repetition}
Score of Tier2Combined vs Baseline: 682 - 580 - 494  [0.529] 1756
Started game 1769 of 10000 (Tier2Combined vs Baseline)
Finished game 1756 (Baseline vs Tier2Combined): 1/2-1/2 {Draw by 3-fold repetition}
Score of Tier2Combined vs Baseline: 682 - 580 - 495  [0.529] 1757
Started game 1770 of 10000 (Baseline vs Tier2Combined)
Finished game 1757 (Tier2Combined vs Baseline): 0-1 {Black wins by adjudication}
Score of Tier2Combined vs Baseline: 682 - 581 - 495  [0.529] 1758
Started game 1771 of 10000 (Tier2Combined vs Baseline)
Finished game 1759 (Tier2Combined vs Baseline): 1-0 {White wins by adjudication}
Score of Tier2Combined vs Baseline: 683 - 581 - 495  [0.529] 1759
Started game 1772 of 10000 (Baseline vs Tier2Combined)
Finished game 1761 (Tier2Combined vs Baseline): 1/2-1/2 {Draw by 3-fold repetition}
Score of Tier2Combined vs Baseline: 683 - 581 - 496  [0.529] 1760
Started game 1773 of 10000 (Tier2Combined vs Baseline)
Finished game 1760 (Baseline vs Tier2Combined): 1-0 {White wins by adjudication}
Score of Tier2Combined vs Baseline: 683 - 582 - 496  [0.529] 1761
Started game 1774 of 10000 (Baseline vs Tier2Combined)
Finished game 1762 (Baseline vs Tier2Combined): 1-0 {White wins by adjudication}
Score of Tier2Combined vs Baseline: 683 - 583 - 496  [0.528] 1762
Started game 1775 of 10000 (Tier2Combined vs Baseline)
Finished game 1766 (Baseline vs Tier2Combined): 1/2-1/2 {Draw by 3-fold repetition}
Score of Tier2Combined vs Baseline: 683 - 583 - 497  [0.528] 1763
Started game 1776 of 10000 (Baseline vs Tier2Combined)
Finished game 1769 (Tier2Combined vs Baseline): 1-0 {White wins by adjudication}
Score of Tier2Combined vs Baseline: 684 - 583 - 497  [0.529] 1764
Started game 1777 of 10000 (Tier2Combined vs Baseline)
Finished game 1767 (Tier2Combined vs Baseline): 1-0 {White wins by adjudication}
Score of Tier2Combined vs Baseline: 685 - 583 - 497  [0.529] 1765
Started game 1778 of 10000 (Baseline vs Tier2Combined)
Finished game 1768 (Baseline vs Tier2Combined): 1-0 {White wins by adjudication}
Score of Tier2Combined vs Baseline: 685 - 584 - 497  [0.529] 1766
Started game 1779 of 10000 (Tier2Combined vs Baseline)
Finished game 1764 (Baseline vs Tier2Combined): 1/2-1/2 {Draw by 3-fold repetition}
Score of Tier2Combined vs Baseline: 685 - 584 - 498  [0.529] 1767
Started game 1780 of 10000 (Baseline vs Tier2Combined)
Finished game 1763 (Tier2Combined vs Baseline): 0-1 {Black wins by adjudication}
Score of Tier2Combined vs Baseline: 685 - 585 - 498  [0.528] 1768
Started game 1781 of 10000 (Tier2Combined vs Baseline)
Finished game 1765 (Tier2Combined vs Baseline): 0-1 {Black wins by adjudication}
Score of Tier2Combined vs Baseline: 685 - 586 - 498  [0.528] 1769
Started game 1782 of 10000 (Baseline vs Tier2Combined)
Finished game 1770 (Baseline vs Tier2Combined): 0-1 {Black wins by adjudication}
Score of Tier2Combined vs Baseline: 686 - 586 - 498  [0.528] 1770
Started game 1783 of 10000 (Tier2Combined vs Baseline)
Finished game 1771 (Tier2Combined vs Baseline): 0-1 {Black wins by adjudication}
Score of Tier2Combined vs Baseline: 686 - 587 - 498  [0.528] 1771
Started game 1784 of 10000 (Baseline vs Tier2Combined)
Finished game 1774 (Baseline vs Tier2Combined): 0-1 {Black wins by adjudication}
Score of Tier2Combined vs Baseline: 687 - 587 - 498  [0.528] 1772
Started game 1785 of 10000 (Tier2Combined vs Baseline)
Finished game 1779 (Tier2Combined vs Baseline): 1/2-1/2 {Draw by 3-fold repetition}
Score of Tier2Combined vs Baseline: 687 - 587 - 499  [0.528] 1773
Started game 1786 of 10000 (Baseline vs Tier2Combined)
Finished game 1780 (Baseline vs Tier2Combined): 1/2-1/2 {Draw by 3-fold repetition}
Score of Tier2Combined vs Baseline: 687 - 587 - 500  [0.528] 1774
Started game 1787 of 10000 (Tier2Combined vs Baseline)
Finished game 1772 (Baseline vs Tier2Combined): 1/2-1/2 {Draw by 3-fold repetition}
Score of Tier2Combined vs Baseline: 687 - 587 - 501  [0.528] 1775
Started game 1788 of 10000 (Baseline vs Tier2Combined)
Finished game 1781 (Tier2Combined vs Baseline): 0-1 {Black wins by adjudication}
Score of Tier2Combined vs Baseline: 687 - 588 - 501  [0.528] 1776
Started game 1789 of 10000 (Tier2Combined vs Baseline)
Finished game 1775 (Tier2Combined vs Baseline): 1-0 {White wins by adjudication}
Score of Tier2Combined vs Baseline: 688 - 588 - 501  [0.528] 1777
Started game 1790 of 10000 (Baseline vs Tier2Combined)
Finished game 1773 (Tier2Combined vs Baseline): 1-0 {White wins by adjudication}
Score of Tier2Combined vs Baseline: 689 - 588 - 501  [0.528] 1778
Started game 1791 of 10000 (Tier2Combined vs Baseline)
Finished game 1776 (Baseline vs Tier2Combined): 0-1 {Black wins by adjudication}
Score of Tier2Combined vs Baseline: 690 - 588 - 501  [0.529] 1779
Started game 1792 of 10000 (Baseline vs Tier2Combined)
Finished game 1778 (Baseline vs Tier2Combined): 0-1 {Black wins by adjudication}
Score of Tier2Combined vs Baseline: 691 - 588 - 501  [0.529] 1780
Started game 1793 of 10000 (Tier2Combined vs Baseline)
Finished game 1782 (Baseline vs Tier2Combined): 0-1 {Black wins by adjudication}
Score of Tier2Combined vs Baseline: 692 - 588 - 501  [0.529] 1781
Started game 1794 of 10000 (Baseline vs Tier2Combined)
Finished game 1777 (Tier2Combined vs Baseline): 1/2-1/2 {Draw by fifty moves rule}
Score of Tier2Combined vs Baseline: 692 - 588 - 502  [0.529] 1782
Started game 1795 of 10000 (Tier2Combined vs Baseline)
Finished game 1783 (Tier2Combined vs Baseline): 1-0 {White wins by adjudication}
Score of Tier2Combined vs Baseline: 693 - 588 - 502  [0.529] 1783
Started game 1796 of 10000 (Baseline vs Tier2Combined)
Finished game 1785 (Tier2Combined vs Baseline): 0-1 {Black wins by adjudication}
Score of Tier2Combined vs Baseline: 693 - 589 - 502  [0.529] 1784
Started game 1797 of 10000 (Tier2Combined vs Baseline)
Finished game 1784 (Baseline vs Tier2Combined): 1/2-1/2 {Draw by 3-fold repetition}
Score of Tier2Combined vs Baseline: 693 - 589 - 503  [0.529] 1785
Started game 1798 of 10000 (Baseline vs Tier2Combined)
Finished game 1788 (Baseline vs Tier2Combined): 1-0 {White wins by adjudication}
Score of Tier2Combined vs Baseline: 693 - 590 - 503  [0.529] 1786
Started game 1799 of 10000 (Tier2Combined vs Baseline)
Finished game 1786 (Baseline vs Tier2Combined): 1/2-1/2 {Draw by adjudication}
Score of Tier2Combined vs Baseline: 693 - 590 - 504  [0.529] 1787
Started game 1800 of 10000 (Baseline vs Tier2Combined)
Finished game 1789 (Tier2Combined vs Baseline): 1-0 {White mates}
Score of Tier2Combined vs Baseline: 694 - 590 - 504  [0.529] 1788
Started game 1801 of 10000 (Tier2Combined vs Baseline)
Finished game 1787 (Tier2Combined vs Baseline): 0-1 {Black wins by adjudication}
Score of Tier2Combined vs Baseline: 694 - 591 - 504  [0.529] 1789
Started game 1802 of 10000 (Baseline vs Tier2Combined)
Finished game 1791 (Tier2Combined vs Baseline): 0-1 {Black wins by adjudication}
Score of Tier2Combined vs Baseline: 694 - 592 - 504  [0.528] 1790
Started game 1803 of 10000 (Tier2Combined vs Baseline)
Finished game 1793 (Tier2Combined vs Baseline): 1-0 {White wins by adjudication}
Score of Tier2Combined vs Baseline: 695 - 592 - 504  [0.529] 1791
Started game 1804 of 10000 (Baseline vs Tier2Combined)
Finished game 1790 (Baseline vs Tier2Combined): 1/2-1/2 {Draw by insufficient mating material}
Score of Tier2Combined vs Baseline: 695 - 592 - 505  [0.529] 1792
Started game 1805 of 10000 (Tier2Combined vs Baseline)
Finished game 1795 (Tier2Combined vs Baseline): 0-1 {Black wins by adjudication}
Score of Tier2Combined vs Baseline: 695 - 593 - 505  [0.528] 1793
Started game 1806 of 10000 (Baseline vs Tier2Combined)
Finished game 1796 (Baseline vs Tier2Combined): 1-0 {White wins by adjudication}
Score of Tier2Combined vs Baseline: 695 - 594 - 505  [0.528] 1794
Started game 1807 of 10000 (Tier2Combined vs Baseline)
Finished game 1794 (Baseline vs Tier2Combined): 1-0 {White wins by adjudication}
Score of Tier2Combined vs Baseline: 695 - 595 - 505  [0.528] 1795
Started game 1808 of 10000 (Baseline vs Tier2Combined)
Finished game 1799 (Tier2Combined vs Baseline): 0-1 {Black wins by adjudication}
Score of Tier2Combined vs Baseline: 695 - 596 - 505  [0.528] 1796
Started game 1809 of 10000 (Tier2Combined vs Baseline)
Finished game 1797 (Tier2Combined vs Baseline): 1-0 {White wins by adjudication}
Score of Tier2Combined vs Baseline: 696 - 596 - 505  [0.528] 1797
Started game 1810 of 10000 (Baseline vs Tier2Combined)
Finished game 1802 (Baseline vs Tier2Combined): 1-0 {White wins by adjudication}
Score of Tier2Combined vs Baseline: 696 - 597 - 505  [0.528] 1798
Started game 1811 of 10000 (Tier2Combined vs Baseline)
Finished game 1801 (Tier2Combined vs Baseline): 1-0 {White wins by adjudication}
Score of Tier2Combined vs Baseline: 697 - 597 - 505  [0.528] 1799
Started game 1812 of 10000 (Baseline vs Tier2Combined)
Finished game 1798 (Baseline vs Tier2Combined): 1/2-1/2 {Draw by adjudication}
Score of Tier2Combined vs Baseline: 697 - 597 - 506  [0.528] 1800
Started game 1813 of 10000 (Tier2Combined vs Baseline)
Finished game 1800 (Baseline vs Tier2Combined): 1/2-1/2 {Draw by adjudication}
Score of Tier2Combined vs Baseline: 697 - 597 - 507  [0.528] 1801
Started game 1814 of 10000 (Baseline vs Tier2Combined)
Finished game 1792 (Baseline vs Tier2Combined): 0-1 {Black wins by adjudication}
Score of Tier2Combined vs Baseline: 698 - 597 - 507  [0.528] 1802
Started game 1815 of 10000 (Tier2Combined vs Baseline)
Finished game 1803 (Tier2Combined vs Baseline): 0-1 {Black wins by adjudication}
Score of Tier2Combined vs Baseline: 698 - 598 - 507  [0.528] 1803
Started game 1816 of 10000 (Baseline vs Tier2Combined)
Finished game 1806 (Baseline vs Tier2Combined): 0-1 {Black wins by adjudication}
Score of Tier2Combined vs Baseline: 699 - 598 - 507  [0.528] 1804
Started game 1817 of 10000 (Tier2Combined vs Baseline)
Finished game 1807 (Tier2Combined vs Baseline): 1-0 {White wins by adjudication}
Score of Tier2Combined vs Baseline: 700 - 598 - 507  [0.528] 1805
Started game 1818 of 10000 (Baseline vs Tier2Combined)
Finished game 1808 (Baseline vs Tier2Combined): 1-0 {White wins by adjudication}
Score of Tier2Combined vs Baseline: 700 - 599 - 507  [0.528] 1806
Started game 1819 of 10000 (Tier2Combined vs Baseline)
Finished game 1812 (Baseline vs Tier2Combined): 1-0 {White wins by adjudication}
Score of Tier2Combined vs Baseline: 700 - 600 - 507  [0.528] 1807
Started game 1820 of 10000 (Baseline vs Tier2Combined)
Finished game 1805 (Tier2Combined vs Baseline): 1/2-1/2 {Draw by 3-fold repetition}
Score of Tier2Combined vs Baseline: 700 - 600 - 508  [0.528] 1808
Started game 1821 of 10000 (Tier2Combined vs Baseline)
Finished game 1810 (Baseline vs Tier2Combined): 0-1 {Black wins by adjudication}
Score of Tier2Combined vs Baseline: 701 - 600 - 508  [0.528] 1809
Started game 1822 of 10000 (Baseline vs Tier2Combined)
Finished game 1804 (Baseline vs Tier2Combined): 0-1 {Black wins by adjudication}
Score of Tier2Combined vs Baseline: 702 - 600 - 508  [0.528] 1810
Started game 1823 of 10000 (Tier2Combined vs Baseline)
Finished game 1814 (Baseline vs Tier2Combined): 1/2-1/2 {Draw by 3-fold repetition}
Score of Tier2Combined vs Baseline: 702 - 600 - 509  [0.528] 1811
Started game 1824 of 10000 (Baseline vs Tier2Combined)
Finished game 1811 (Tier2Combined vs Baseline): 0-1 {Black wins by adjudication}
Score of Tier2Combined vs Baseline: 702 - 601 - 509  [0.528] 1812
Started game 1825 of 10000 (Tier2Combined vs Baseline)
Finished game 1809 (Tier2Combined vs Baseline): 0-1 {Black wins by adjudication}
Score of Tier2Combined vs Baseline: 702 - 602 - 509  [0.528] 1813
Started game 1826 of 10000 (Baseline vs Tier2Combined)
Finished game 1813 (Tier2Combined vs Baseline): 1-0 {White wins by adjudication}
Score of Tier2Combined vs Baseline: 703 - 602 - 509  [0.528] 1814
Started game 1827 of 10000 (Tier2Combined vs Baseline)
Finished game 1817 (Tier2Combined vs Baseline): 0-1 {Black wins by adjudication}
Score of Tier2Combined vs Baseline: 703 - 603 - 509  [0.528] 1815
Started game 1828 of 10000 (Baseline vs Tier2Combined)
Finished game 1816 (Baseline vs Tier2Combined): 1/2-1/2 {Draw by adjudication}
Score of Tier2Combined vs Baseline: 703 - 603 - 510  [0.528] 1816
Started game 1829 of 10000 (Tier2Combined vs Baseline)
Finished game 1815 (Tier2Combined vs Baseline): 0-1 {Black wins by adjudication}
Score of Tier2Combined vs Baseline: 703 - 604 - 510  [0.527] 1817
Started game 1830 of 10000 (Baseline vs Tier2Combined)
Finished game 1821 (Tier2Combined vs Baseline): 1-0 {White wins by adjudication}
Score of Tier2Combined vs Baseline: 704 - 604 - 510  [0.528] 1818
Started game 1831 of 10000 (Tier2Combined vs Baseline)
Finished game 1823 (Tier2Combined vs Baseline): 1-0 {White wins by adjudication}
Score of Tier2Combined vs Baseline: 705 - 604 - 510  [0.528] 1819
Started game 1832 of 10000 (Baseline vs Tier2Combined)
Finished game 1819 (Tier2Combined vs Baseline): 0-1 {Black wins by adjudication}
Score of Tier2Combined vs Baseline: 705 - 605 - 510  [0.527] 1820
Started game 1833 of 10000 (Tier2Combined vs Baseline)
Finished game 1820 (Baseline vs Tier2Combined): 1/2-1/2 {Draw by adjudication}
Score of Tier2Combined vs Baseline: 705 - 605 - 511  [0.527] 1821
Started game 1834 of 10000 (Baseline vs Tier2Combined)
Finished game 1818 (Baseline vs Tier2Combined): 1/2-1/2 {Draw by 3-fold repetition}
Score of Tier2Combined vs Baseline: 705 - 605 - 512  [0.527] 1822
Started game 1835 of 10000 (Tier2Combined vs Baseline)
Finished game 1825 (Tier2Combined vs Baseline): 1-0 {White wins by adjudication}
Score of Tier2Combined vs Baseline: 706 - 605 - 512  [0.528] 1823
Started game 1836 of 10000 (Baseline vs Tier2Combined)
Finished game 1824 (Baseline vs Tier2Combined): 1-0 {White mates}
Score of Tier2Combined vs Baseline: 706 - 606 - 512  [0.527] 1824
Started game 1837 of 10000 (Tier2Combined vs Baseline)
Finished game 1822 (Baseline vs Tier2Combined): 0-1 {Black wins by adjudication}
Score of Tier2Combined vs Baseline: 707 - 606 - 512  [0.528] 1825
Started game 1838 of 10000 (Baseline vs Tier2Combined)
Finished game 1827 (Tier2Combined vs Baseline): 1/2-1/2 {Draw by 3-fold repetition}
Score of Tier2Combined vs Baseline: 707 - 606 - 513  [0.528] 1826
Started game 1839 of 10000 (Tier2Combined vs Baseline)
Finished game 1830 (Baseline vs Tier2Combined): 0-1 {Black wins by adjudication}
Score of Tier2Combined vs Baseline: 708 - 606 - 513  [0.528] 1827
Started game 1840 of 10000 (Baseline vs Tier2Combined)
Finished game 1828 (Baseline vs Tier2Combined): 1/2-1/2 {Draw by insufficient mating material}
Score of Tier2Combined vs Baseline: 708 - 606 - 514  [0.528] 1828
Started game 1841 of 10000 (Tier2Combined vs Baseline)
Finished game 1833 (Tier2Combined vs Baseline): 1/2-1/2 {Draw by 3-fold repetition}
Score of Tier2Combined vs Baseline: 708 - 606 - 515  [0.528] 1829
Started game 1842 of 10000 (Baseline vs Tier2Combined)
Finished game 1832 (Baseline vs Tier2Combined): 1/2-1/2 {Draw by insufficient mating material}
Score of Tier2Combined vs Baseline: 708 - 606 - 516  [0.528] 1830
Started game 1843 of 10000 (Tier2Combined vs Baseline)
Finished game 1829 (Tier2Combined vs Baseline): 0-1 {Black wins by adjudication}
Score of Tier2Combined vs Baseline: 708 - 607 - 516  [0.528] 1831
Started game 1844 of 10000 (Baseline vs Tier2Combined)
Finished game 1834 (Baseline vs Tier2Combined): 1/2-1/2 {Draw by 3-fold repetition}
Score of Tier2Combined vs Baseline: 708 - 607 - 517  [0.528] 1832
Started game 1845 of 10000 (Tier2Combined vs Baseline)
Finished game 1826 (Baseline vs Tier2Combined): 1/2-1/2 {Draw by fifty moves rule}
Score of Tier2Combined vs Baseline: 708 - 607 - 518  [0.528] 1833
Started game 1846 of 10000 (Baseline vs Tier2Combined)
Finished game 1835 (Tier2Combined vs Baseline): 1-0 {White wins by adjudication}
Score of Tier2Combined vs Baseline: 709 - 607 - 518  [0.528] 1834
Started game 1847 of 10000 (Tier2Combined vs Baseline)
Finished game 1831 (Tier2Combined vs Baseline): 1-0 {White wins by adjudication}
Score of Tier2Combined vs Baseline: 710 - 607 - 518  [0.528] 1835
Started game 1848 of 10000 (Baseline vs Tier2Combined)
Finished game 1836 (Baseline vs Tier2Combined): 0-1 {Black wins by adjudication}
Score of Tier2Combined vs Baseline: 711 - 607 - 518  [0.528] 1836
Started game 1849 of 10000 (Tier2Combined vs Baseline)
Finished game 1838 (Baseline vs Tier2Combined): 0-1 {Black wins by adjudication}
Score of Tier2Combined vs Baseline: 712 - 607 - 518  [0.529] 1837
Started game 1850 of 10000 (Baseline vs Tier2Combined)
Finished game 1837 (Tier2Combined vs Baseline): 1-0 {White wins by adjudication}
Score of Tier2Combined vs Baseline: 713 - 607 - 518  [0.529] 1838
Started game 1851 of 10000 (Tier2Combined vs Baseline)
Finished game 1840 (Baseline vs Tier2Combined): 1-0 {White wins by adjudication}
Score of Tier2Combined vs Baseline: 713 - 608 - 518  [0.529] 1839
Started game 1852 of 10000 (Baseline vs Tier2Combined)
Finished game 1844 (Baseline vs Tier2Combined): 0-1 {Black wins by adjudication}
Score of Tier2Combined vs Baseline: 714 - 608 - 518  [0.529] 1840
Started game 1853 of 10000 (Tier2Combined vs Baseline)
Finished game 1839 (Tier2Combined vs Baseline): 1/2-1/2 {Draw by adjudication}
Score of Tier2Combined vs Baseline: 714 - 608 - 519  [0.529] 1841
Started game 1854 of 10000 (Baseline vs Tier2Combined)
Finished game 1842 (Baseline vs Tier2Combined): 0-1 {Black wins by adjudication}
Score of Tier2Combined vs Baseline: 715 - 608 - 519  [0.529] 1842
Started game 1855 of 10000 (Tier2Combined vs Baseline)
Finished game 1845 (Tier2Combined vs Baseline): 1-0 {White wins by adjudication}
Score of Tier2Combined vs Baseline: 716 - 608 - 519  [0.529] 1843
Started game 1856 of 10000 (Baseline vs Tier2Combined)
Finished game 1847 (Tier2Combined vs Baseline): 1-0 {White wins by adjudication}
Score of Tier2Combined vs Baseline: 717 - 608 - 519  [0.530] 1844
Started game 1857 of 10000 (Tier2Combined vs Baseline)
Finished game 1846 (Baseline vs Tier2Combined): 0-1 {Black wins by adjudication}
Score of Tier2Combined vs Baseline: 718 - 608 - 519  [0.530] 1845
Started game 1858 of 10000 (Baseline vs Tier2Combined)
Finished game 1843 (Tier2Combined vs Baseline): 1-0 {White wins by adjudication}
Score of Tier2Combined vs Baseline: 719 - 608 - 519  [0.530] 1846
Started game 1859 of 10000 (Tier2Combined vs Baseline)
Finished game 1841 (Tier2Combined vs Baseline): 1-0 {White wins by adjudication}
Score of Tier2Combined vs Baseline: 720 - 608 - 519  [0.530] 1847
Started game 1860 of 10000 (Baseline vs Tier2Combined)
Finished game 1848 (Baseline vs Tier2Combined): 0-1 {Black wins by adjudication}
Score of Tier2Combined vs Baseline: 721 - 608 - 519  [0.531] 1848
Started game 1861 of 10000 (Tier2Combined vs Baseline)
Finished game 1850 (Baseline vs Tier2Combined): 0-1 {Black wins by adjudication}
Score of Tier2Combined vs Baseline: 722 - 608 - 519  [0.531] 1849
Started game 1862 of 10000 (Baseline vs Tier2Combined)
Finished game 1849 (Tier2Combined vs Baseline): 1/2-1/2 {Draw by insufficient mating material}
Score of Tier2Combined vs Baseline: 722 - 608 - 520  [0.531] 1850
Started game 1863 of 10000 (Tier2Combined vs Baseline)
Finished game 1855 (Tier2Combined vs Baseline): 0-1 {Black wins by adjudication}
Score of Tier2Combined vs Baseline: 722 - 609 - 520  [0.531] 1851
Started game 1864 of 10000 (Baseline vs Tier2Combined)
Finished game 1853 (Tier2Combined vs Baseline): 1/2-1/2 {Draw by insufficient mating material}
Score of Tier2Combined vs Baseline: 722 - 609 - 521  [0.531] 1852
Started game 1865 of 10000 (Tier2Combined vs Baseline)
Finished game 1858 (Baseline vs Tier2Combined): 1-0 {White wins by adjudication}
Score of Tier2Combined vs Baseline: 722 - 610 - 521  [0.530] 1853
Started game 1866 of 10000 (Baseline vs Tier2Combined)
Finished game 1859 (Tier2Combined vs Baseline): 1-0 {White wins by adjudication}
Score of Tier2Combined vs Baseline: 723 - 610 - 521  [0.530] 1854
Started game 1867 of 10000 (Tier2Combined vs Baseline)
Finished game 1851 (Tier2Combined vs Baseline): 1/2-1/2 {Draw by 3-fold repetition}
Score of Tier2Combined vs Baseline: 723 - 610 - 522  [0.530] 1855
Started game 1868 of 10000 (Baseline vs Tier2Combined)
Finished game 1854 (Baseline vs Tier2Combined): 1-0 {White wins by adjudication}
Score of Tier2Combined vs Baseline: 723 - 611 - 522  [0.530] 1856
Started game 1869 of 10000 (Tier2Combined vs Baseline)
Finished game 1860 (Baseline vs Tier2Combined): 1/2-1/2 {Draw by insufficient mating material}
Score of Tier2Combined vs Baseline: 723 - 611 - 523  [0.530] 1857
Started game 1870 of 10000 (Baseline vs Tier2Combined)
Finished game 1861 (Tier2Combined vs Baseline): 0-1 {Black wins by adjudication}
Score of Tier2Combined vs Baseline: 723 - 612 - 523  [0.530] 1858
Started game 1871 of 10000 (Tier2Combined vs Baseline)
Finished game 1856 (Baseline vs Tier2Combined): 1/2-1/2 {Draw by adjudication}
Score of Tier2Combined vs Baseline: 723 - 612 - 524  [0.530] 1859
Started game 1872 of 10000 (Baseline vs Tier2Combined)
Finished game 1862 (Baseline vs Tier2Combined): 1-0 {White wins by adjudication}
Score of Tier2Combined vs Baseline: 723 - 613 - 524  [0.530] 1860
Started game 1873 of 10000 (Tier2Combined vs Baseline)
Finished game 1857 (Tier2Combined vs Baseline): 1/2-1/2 {Draw by 3-fold repetition}
Score of Tier2Combined vs Baseline: 723 - 613 - 525  [0.530] 1861
Started game 1874 of 10000 (Baseline vs Tier2Combined)
Finished game 1852 (Baseline vs Tier2Combined): 1/2-1/2 {Draw by fifty moves rule}
Score of Tier2Combined vs Baseline: 723 - 613 - 526  [0.530] 1862
Started game 1875 of 10000 (Tier2Combined vs Baseline)
Finished game 1863 (Tier2Combined vs Baseline): 0-1 {Black wins by adjudication}
Score of Tier2Combined vs Baseline: 723 - 614 - 526  [0.529] 1863
Started game 1876 of 10000 (Baseline vs Tier2Combined)
Finished game 1865 (Tier2Combined vs Baseline): 1/2-1/2 {Draw by 3-fold repetition}
Score of Tier2Combined vs Baseline: 723 - 614 - 527  [0.529] 1864
Started game 1877 of 10000 (Tier2Combined vs Baseline)
Finished game 1864 (Baseline vs Tier2Combined): 1-0 {White wins by adjudication}
Score of Tier2Combined vs Baseline: 723 - 615 - 527  [0.529] 1865
Started game 1878 of 10000 (Baseline vs Tier2Combined)
Finished game 1867 (Tier2Combined vs Baseline): 1-0 {White wins by adjudication}
Score of Tier2Combined vs Baseline: 724 - 615 - 527  [0.529] 1866
Started game 1879 of 10000 (Tier2Combined vs Baseline)
Finished game 1868 (Baseline vs Tier2Combined): 1-0 {White wins by adjudication}
Score of Tier2Combined vs Baseline: 724 - 616 - 527  [0.529] 1867
Started game 1880 of 10000 (Baseline vs Tier2Combined)
Finished game 1866 (Baseline vs Tier2Combined): 1/2-1/2 {Draw by adjudication}
Score of Tier2Combined vs Baseline: 724 - 616 - 528  [0.529] 1868
Started game 1881 of 10000 (Tier2Combined vs Baseline)
Finished game 1881 (Tier2Combined vs Baseline): 0-1 {Black mates}
Score of Tier2Combined vs Baseline: 724 - 617 - 528  [0.529] 1869
Started game 1882 of 10000 (Baseline vs Tier2Combined)
Finished game 1882 (Baseline vs Tier2Combined): 0-1 {Black mates}
Score of Tier2Combined vs Baseline: 725 - 617 - 528  [0.529] 1870
Started game 1883 of 10000 (Tier2Combined vs Baseline)
Finished game 1870 (Baseline vs Tier2Combined): 1/2-1/2 {Draw by insufficient mating material}
Score of Tier2Combined vs Baseline: 725 - 617 - 529  [0.529] 1871
Started game 1884 of 10000 (Baseline vs Tier2Combined)
Finished game 1873 (Tier2Combined vs Baseline): 0-1 {Black wins by adjudication}
Score of Tier2Combined vs Baseline: 725 - 618 - 529  [0.529] 1872
Started game 1885 of 10000 (Tier2Combined vs Baseline)
Finished game 1872 (Baseline vs Tier2Combined): 1-0 {White wins by adjudication}
Score of Tier2Combined vs Baseline: 725 - 619 - 529  [0.528] 1873
Started game 1886 of 10000 (Baseline vs Tier2Combined)
Finished game 1875 (Tier2Combined vs Baseline): 0-1 {Black wins by adjudication}
Score of Tier2Combined vs Baseline: 725 - 620 - 529  [0.528] 1874
Started game 1887 of 10000 (Tier2Combined vs Baseline)
Finished game 1874 (Baseline vs Tier2Combined): 1/2-1/2 {Draw by insufficient mating material}
Score of Tier2Combined vs Baseline: 725 - 620 - 530  [0.528] 1875
Started game 1888 of 10000 (Baseline vs Tier2Combined)
Finished game 1869 (Tier2Combined vs Baseline): 0-1 {Black wins by adjudication}
Score of Tier2Combined vs Baseline: 725 - 621 - 530  [0.528] 1876
Started game 1889 of 10000 (Tier2Combined vs Baseline)
Finished game 1876 (Baseline vs Tier2Combined): 1-0 {White wins by adjudication}
Score of Tier2Combined vs Baseline: 725 - 622 - 530  [0.527] 1877
Started game 1890 of 10000 (Baseline vs Tier2Combined)
Finished game 1877 (Tier2Combined vs Baseline): 1-0 {White wins by adjudication}
Score of Tier2Combined vs Baseline: 726 - 622 - 530  [0.528] 1878
Started game 1891 of 10000 (Tier2Combined vs Baseline)
Finished game 1871 (Tier2Combined vs Baseline): 1/2-1/2 {Draw by adjudication}
Score of Tier2Combined vs Baseline: 726 - 622 - 531  [0.528] 1879
Started game 1892 of 10000 (Baseline vs Tier2Combined)
Finished game 1880 (Baseline vs Tier2Combined): 0-1 {Black wins by adjudication}
Score of Tier2Combined vs Baseline: 727 - 622 - 531  [0.528] 1880
Started game 1893 of 10000 (Tier2Combined vs Baseline)
Finished game 1878 (Baseline vs Tier2Combined): 1/2-1/2 {Draw by 3-fold repetition}
Score of Tier2Combined vs Baseline: 727 - 622 - 532  [0.528] 1881
Started game 1894 of 10000 (Baseline vs Tier2Combined)
Finished game 1879 (Tier2Combined vs Baseline): 1/2-1/2 {Draw by insufficient mating material}
Score of Tier2Combined vs Baseline: 727 - 622 - 533  [0.528] 1882
Started game 1895 of 10000 (Tier2Combined vs Baseline)
Finished game 1883 (Tier2Combined vs Baseline): 0-1 {Black wins by adjudication}
Score of Tier2Combined vs Baseline: 727 - 623 - 533  [0.528] 1883
Started game 1896 of 10000 (Baseline vs Tier2Combined)
Finished game 1885 (Tier2Combined vs Baseline): 1-0 {White wins by adjudication}
Score of Tier2Combined vs Baseline: 728 - 623 - 533  [0.528] 1884
Started game 1897 of 10000 (Tier2Combined vs Baseline)
Finished game 1887 (Tier2Combined vs Baseline): 0-1 {Black mates}
Score of Tier2Combined vs Baseline: 728 - 624 - 533  [0.528] 1885
Started game 1898 of 10000 (Baseline vs Tier2Combined)
Finished game 1884 (Baseline vs Tier2Combined): 0-1 {Black wins by adjudication}
Score of Tier2Combined vs Baseline: 729 - 624 - 533  [0.528] 1886
Started game 1899 of 10000 (Tier2Combined vs Baseline)
Finished game 1886 (Baseline vs Tier2Combined): 0-1 {Black wins by adjudication}
Score of Tier2Combined vs Baseline: 730 - 624 - 533  [0.528] 1887
Started game 1900 of 10000 (Baseline vs Tier2Combined)
Finished game 1889 (Tier2Combined vs Baseline): 1-0 {White wins by adjudication}
Score of Tier2Combined vs Baseline: 731 - 624 - 533  [0.528] 1888
Started game 1901 of 10000 (Tier2Combined vs Baseline)
Finished game 1888 (Baseline vs Tier2Combined): 1-0 {White wins by adjudication}
Score of Tier2Combined vs Baseline: 731 - 625 - 533  [0.528] 1889
Started game 1902 of 10000 (Baseline vs Tier2Combined)
Finished game 1897 (Tier2Combined vs Baseline): 1-0 {White wins by adjudication}
Score of Tier2Combined vs Baseline: 732 - 625 - 533  [0.528] 1890
Started game 1903 of 10000 (Tier2Combined vs Baseline)
Finished game 1891 (Tier2Combined vs Baseline): 0-1 {Black wins by adjudication}
Score of Tier2Combined vs Baseline: 732 - 626 - 533  [0.528] 1891
Started game 1904 of 10000 (Baseline vs Tier2Combined)
Finished game 1890 (Baseline vs Tier2Combined): 1/2-1/2 {Draw by adjudication}
Score of Tier2Combined vs Baseline: 732 - 626 - 534  [0.528] 1892
Started game 1905 of 10000 (Tier2Combined vs Baseline)
Finished game 1898 (Baseline vs Tier2Combined): 1-0 {White wins by adjudication}
Score of Tier2Combined vs Baseline: 732 - 627 - 534  [0.528] 1893
Started game 1906 of 10000 (Baseline vs Tier2Combined)
Finished game 1893 (Tier2Combined vs Baseline): 0-1 {Black wins by adjudication}
Score of Tier2Combined vs Baseline: 732 - 628 - 534  [0.527] 1894
Started game 1907 of 10000 (Tier2Combined vs Baseline)
Finished game 1892 (Baseline vs Tier2Combined): 1/2-1/2 {Draw by adjudication}
Score of Tier2Combined vs Baseline: 732 - 628 - 535  [0.527] 1895
Started game 1908 of 10000 (Baseline vs Tier2Combined)
Finished game 1896 (Baseline vs Tier2Combined): 0-1 {Black wins by adjudication}
Score of Tier2Combined vs Baseline: 733 - 628 - 535  [0.528] 1896
Started game 1909 of 10000 (Tier2Combined vs Baseline)
Finished game 1895 (Tier2Combined vs Baseline): 1-0 {White wins by adjudication}
Score of Tier2Combined vs Baseline: 734 - 628 - 535  [0.528] 1897
Started game 1910 of 10000 (Baseline vs Tier2Combined)
Finished game 1894 (Baseline vs Tier2Combined): 0-1 {Black wins by adjudication}
Score of Tier2Combined vs Baseline: 735 - 628 - 535  [0.528] 1898
Started game 1911 of 10000 (Tier2Combined vs Baseline)
Finished game 1900 (Baseline vs Tier2Combined): 0-1 {Black wins by adjudication}
Score of Tier2Combined vs Baseline: 736 - 628 - 535  [0.528] 1899
Started game 1912 of 10000 (Baseline vs Tier2Combined)
Finished game 1901 (Tier2Combined vs Baseline): 1-0 {White wins by adjudication}
Score of Tier2Combined vs Baseline: 737 - 628 - 535  [0.529] 1900
Started game 1913 of 10000 (Tier2Combined vs Baseline)
Finished game 1899 (Tier2Combined vs Baseline): 1-0 {White wins by adjudication}
Score of Tier2Combined vs Baseline: 738 - 628 - 535  [0.529] 1901
Started game 1914 of 10000 (Baseline vs Tier2Combined)
Finished game 1902 (Baseline vs Tier2Combined): 0-1 {Black wins by adjudication}
Score of Tier2Combined vs Baseline: 739 - 628 - 535  [0.529] 1902
Started game 1915 of 10000 (Tier2Combined vs Baseline)
Finished game 1903 (Tier2Combined vs Baseline): 1/2-1/2 {Draw by 3-fold repetition}
Score of Tier2Combined vs Baseline: 739 - 628 - 536  [0.529] 1903
Started game 1916 of 10000 (Baseline vs Tier2Combined)
Finished game 1905 (Tier2Combined vs Baseline): 1-0 {White wins by adjudication}
Score of Tier2Combined vs Baseline: 740 - 628 - 536  [0.529] 1904
Started game 1917 of 10000 (Tier2Combined vs Baseline)
Finished game 1907 (Tier2Combined vs Baseline): 1-0 {White wins by adjudication}
Score of Tier2Combined vs Baseline: 741 - 628 - 536  [0.530] 1905
Started game 1918 of 10000 (Baseline vs Tier2Combined)
Finished game 1909 (Tier2Combined vs Baseline): 1-0 {White wins by adjudication}
Score of Tier2Combined vs Baseline: 742 - 628 - 536  [0.530] 1906
Started game 1919 of 10000 (Tier2Combined vs Baseline)
Finished game 1906 (Baseline vs Tier2Combined): 1-0 {White wins by adjudication}
Score of Tier2Combined vs Baseline: 742 - 629 - 536  [0.530] 1907
Started game 1920 of 10000 (Baseline vs Tier2Combined)
Finished game 1908 (Baseline vs Tier2Combined): 1-0 {White wins by adjudication}
Score of Tier2Combined vs Baseline: 742 - 630 - 536  [0.529] 1908
Started game 1921 of 10000 (Tier2Combined vs Baseline)
Finished game 1911 (Tier2Combined vs Baseline): 1-0 {White wins by adjudication}
Score of Tier2Combined vs Baseline: 743 - 630 - 536  [0.530] 1909
Started game 1922 of 10000 (Baseline vs Tier2Combined)
Finished game 1910 (Baseline vs Tier2Combined): 0-1 {Black wins by adjudication}
Score of Tier2Combined vs Baseline: 744 - 630 - 536  [0.530] 1910
Started game 1923 of 10000 (Tier2Combined vs Baseline)
Finished game 1914 (Baseline vs Tier2Combined): 1/2-1/2 {Draw by 3-fold repetition}
Score of Tier2Combined vs Baseline: 744 - 630 - 537  [0.530] 1911
Started game 1924 of 10000 (Baseline vs Tier2Combined)
Finished game 1904 (Baseline vs Tier2Combined): 1/2-1/2 {Draw by fifty moves rule}
Score of Tier2Combined vs Baseline: 744 - 630 - 538  [0.530] 1912
Started game 1925 of 10000 (Tier2Combined vs Baseline)
Finished game 1915 (Tier2Combined vs Baseline): 1-0 {White wins by adjudication}
Score of Tier2Combined vs Baseline: 745 - 630 - 538  [0.530] 1913
Started game 1926 of 10000 (Baseline vs Tier2Combined)
Finished game 1916 (Baseline vs Tier2Combined): 1-0 {White wins by adjudication}
Score of Tier2Combined vs Baseline: 745 - 631 - 538  [0.530] 1914
Started game 1927 of 10000 (Tier2Combined vs Baseline)
Finished game 1913 (Tier2Combined vs Baseline): 1-0 {White wins by adjudication}
Score of Tier2Combined vs Baseline: 746 - 631 - 538  [0.530] 1915
Started game 1928 of 10000 (Baseline vs Tier2Combined)
Finished game 1920 (Baseline vs Tier2Combined): 1-0 {White wins by adjudication}
Score of Tier2Combined vs Baseline: 746 - 632 - 538  [0.530] 1916
Started game 1929 of 10000 (Tier2Combined vs Baseline)
Finished game 1917 (Tier2Combined vs Baseline): 0-1 {Black wins by adjudication}
Score of Tier2Combined vs Baseline: 746 - 633 - 538  [0.529] 1917
Started game 1930 of 10000 (Baseline vs Tier2Combined)
Finished game 1924 (Baseline vs Tier2Combined): 1/2-1/2 {Draw by 3-fold repetition}
Score of Tier2Combined vs Baseline: 746 - 633 - 539  [0.529] 1918
Started game 1931 of 10000 (Tier2Combined vs Baseline)
Finished game 1919 (Tier2Combined vs Baseline): 1/2-1/2 {Draw by insufficient mating material}
Score of Tier2Combined vs Baseline: 746 - 633 - 540  [0.529] 1919
Started game 1932 of 10000 (Baseline vs Tier2Combined)
Finished game 1918 (Baseline vs Tier2Combined): 1/2-1/2 {Draw by insufficient mating material}
Score of Tier2Combined vs Baseline: 746 - 633 - 541  [0.529] 1920
Started game 1933 of 10000 (Tier2Combined vs Baseline)
Finished game 1922 (Baseline vs Tier2Combined): 1/2-1/2 {Draw by insufficient mating material}
Score of Tier2Combined vs Baseline: 746 - 633 - 542  [0.529] 1921
Started game 1934 of 10000 (Baseline vs Tier2Combined)
Finished game 1925 (Tier2Combined vs Baseline): 0-1 {Black wins by adjudication}
Score of Tier2Combined vs Baseline: 746 - 634 - 542  [0.529] 1922
Started game 1935 of 10000 (Tier2Combined vs Baseline)
Finished game 1926 (Baseline vs Tier2Combined): 1-0 {White wins by adjudication}
Score of Tier2Combined vs Baseline: 746 - 635 - 542  [0.529] 1923
Started game 1936 of 10000 (Baseline vs Tier2Combined)
Finished game 1912 (Baseline vs Tier2Combined): 1/2-1/2 {Draw by insufficient mating material}
Score of Tier2Combined vs Baseline: 746 - 635 - 543  [0.529] 1924
Started game 1937 of 10000 (Tier2Combined vs Baseline)
Finished game 1928 (Baseline vs Tier2Combined): 1-0 {White wins by adjudication}
Score of Tier2Combined vs Baseline: 746 - 636 - 543  [0.529] 1925
Started game 1938 of 10000 (Baseline vs Tier2Combined)
Finished game 1929 (Tier2Combined vs Baseline): 1-0 {White wins by adjudication}
Score of Tier2Combined vs Baseline: 747 - 636 - 543  [0.529] 1926
Started game 1939 of 10000 (Tier2Combined vs Baseline)
Finished game 1923 (Tier2Combined vs Baseline): 0-1 {Black wins by adjudication}
Score of Tier2Combined vs Baseline: 747 - 637 - 543  [0.529] 1927
Started game 1940 of 10000 (Baseline vs Tier2Combined)
Finished game 1921 (Tier2Combined vs Baseline): 1/2-1/2 {Draw by fifty moves rule}
Score of Tier2Combined vs Baseline: 747 - 637 - 544  [0.529] 1928
Started game 1941 of 10000 (Tier2Combined vs Baseline)
Finished game 1927 (Tier2Combined vs Baseline): 0-1 {Black wins by adjudication}
Score of Tier2Combined vs Baseline: 747 - 638 - 544  [0.528] 1929
Started game 1942 of 10000 (Baseline vs Tier2Combined)
Finished game 1931 (Tier2Combined vs Baseline): 1-0 {White wins by adjudication}
Score of Tier2Combined vs Baseline: 748 - 638 - 544  [0.528] 1930
Started game 1943 of 10000 (Tier2Combined vs Baseline)
Finished game 1933 (Tier2Combined vs Baseline): 1-0 {White wins by adjudication}
Score of Tier2Combined vs Baseline: 749 - 638 - 544  [0.529] 1931
Started game 1944 of 10000 (Baseline vs Tier2Combined)
Finished game 1934 (Baseline vs Tier2Combined): 0-1 {Black wins by adjudication}
Score of Tier2Combined vs Baseline: 750 - 638 - 544  [0.529] 1932
Started game 1945 of 10000 (Tier2Combined vs Baseline)
Finished game 1936 (Baseline vs Tier2Combined): 1/2-1/2 {Draw by 3-fold repetition}
Score of Tier2Combined vs Baseline: 750 - 638 - 545  [0.529] 1933
Started game 1946 of 10000 (Baseline vs Tier2Combined)
Finished game 1932 (Baseline vs Tier2Combined): 1/2-1/2 {Draw by 3-fold repetition}
Score of Tier2Combined vs Baseline: 750 - 638 - 546  [0.529] 1934
Started game 1947 of 10000 (Tier2Combined vs Baseline)
Finished game 1937 (Tier2Combined vs Baseline): 1-0 {White wins by adjudication}
Score of Tier2Combined vs Baseline: 751 - 638 - 546  [0.529] 1935
Started game 1948 of 10000 (Baseline vs Tier2Combined)
Finished game 1930 (Baseline vs Tier2Combined): 1/2-1/2 {Draw by 3-fold repetition}
Score of Tier2Combined vs Baseline: 751 - 638 - 547  [0.529] 1936
Started game 1949 of 10000 (Tier2Combined vs Baseline)
Finished game 1939 (Tier2Combined vs Baseline): 1-0 {White wins by adjudication}
Score of Tier2Combined vs Baseline: 752 - 638 - 547  [0.529] 1937
Started game 1950 of 10000 (Baseline vs Tier2Combined)
Finished game 1935 (Tier2Combined vs Baseline): 1/2-1/2 {Draw by adjudication}
Score of Tier2Combined vs Baseline: 752 - 638 - 548  [0.529] 1938
Started game 1951 of 10000 (Tier2Combined vs Baseline)
Finished game 1940 (Baseline vs Tier2Combined): 1-0 {White wins by adjudication}
Score of Tier2Combined vs Baseline: 752 - 639 - 548  [0.529] 1939
Started game 1952 of 10000 (Baseline vs Tier2Combined)
Finished game 1941 (Tier2Combined vs Baseline): 1-0 {White wins by adjudication}
Score of Tier2Combined vs Baseline: 753 - 639 - 548  [0.529] 1940
Started game 1953 of 10000 (Tier2Combined vs Baseline)
Finished game 1942 (Baseline vs Tier2Combined): 1-0 {White wins by adjudication}
Score of Tier2Combined vs Baseline: 753 - 640 - 548  [0.529] 1941
Started game 1954 of 10000 (Baseline vs Tier2Combined)
Finished game 1950 (Baseline vs Tier2Combined): 1/2-1/2 {Draw by 3-fold repetition}
Score of Tier2Combined vs Baseline: 753 - 640 - 549  [0.529] 1942
Started game 1955 of 10000 (Tier2Combined vs Baseline)
Finished game 1944 (Baseline vs Tier2Combined): 1-0 {White wins by adjudication}
Score of Tier2Combined vs Baseline: 753 - 641 - 549  [0.529] 1943
Started game 1956 of 10000 (Baseline vs Tier2Combined)
Finished game 1949 (Tier2Combined vs Baseline): 1-0 {White wins by adjudication}
Score of Tier2Combined vs Baseline: 754 - 641 - 549  [0.529] 1944
Started game 1957 of 10000 (Tier2Combined vs Baseline)
Finished game 1943 (Tier2Combined vs Baseline): 1-0 {White wins by adjudication}
Score of Tier2Combined vs Baseline: 755 - 641 - 549  [0.529] 1945
Started game 1958 of 10000 (Baseline vs Tier2Combined)
Finished game 1945 (Tier2Combined vs Baseline): 0-1 {Black wins by adjudication}
Score of Tier2Combined vs Baseline: 755 - 642 - 549  [0.529] 1946
Started game 1959 of 10000 (Tier2Combined vs Baseline)
Finished game 1946 (Baseline vs Tier2Combined): 0-1 {Black mates}
Score of Tier2Combined vs Baseline: 756 - 642 - 549  [0.529] 1947
Started game 1960 of 10000 (Baseline vs Tier2Combined)
Finished game 1938 (Baseline vs Tier2Combined): 1/2-1/2 {Draw by adjudication}
Score of Tier2Combined vs Baseline: 756 - 642 - 550  [0.529] 1948
Started game 1961 of 10000 (Tier2Combined vs Baseline)
Finished game 1953 (Tier2Combined vs Baseline): 0-1 {Black wins by adjudication}
Score of Tier2Combined vs Baseline: 756 - 643 - 550  [0.529] 1949
Started game 1962 of 10000 (Baseline vs Tier2Combined)
Finished game 1948 (Baseline vs Tier2Combined): 1-0 {White wins by adjudication}
Score of Tier2Combined vs Baseline: 756 - 644 - 550  [0.529] 1950
Started game 1963 of 10000 (Tier2Combined vs Baseline)
Finished game 1952 (Baseline vs Tier2Combined): 1/2-1/2 {Draw by 3-fold repetition}
Score of Tier2Combined vs Baseline: 756 - 644 - 551  [0.529] 1951
Started game 1964 of 10000 (Baseline vs Tier2Combined)
Finished game 1951 (Tier2Combined vs Baseline): 1-0 {White wins by adjudication}
Score of Tier2Combined vs Baseline: 757 - 644 - 551  [0.529] 1952
Started game 1965 of 10000 (Tier2Combined vs Baseline)
Finished game 1947 (Tier2Combined vs Baseline): 1/2-1/2 {Draw by fifty moves rule}
Score of Tier2Combined vs Baseline: 757 - 644 - 552  [0.529] 1953
Started game 1966 of 10000 (Baseline vs Tier2Combined)
Finished game 1954 (Baseline vs Tier2Combined): 0-1 {Black wins by adjudication}
Score of Tier2Combined vs Baseline: 758 - 644 - 552  [0.529] 1954
Started game 1967 of 10000 (Tier2Combined vs Baseline)
Finished game 1955 (Tier2Combined vs Baseline): 1/2-1/2 {Draw by 3-fold repetition}
Score of Tier2Combined vs Baseline: 758 - 644 - 553  [0.529] 1955
Started game 1968 of 10000 (Baseline vs Tier2Combined)
Finished game 1962 (Baseline vs Tier2Combined): 1/2-1/2 {Draw by 3-fold repetition}
Score of Tier2Combined vs Baseline: 758 - 644 - 554  [0.529] 1956
Started game 1969 of 10000 (Tier2Combined vs Baseline)
Finished game 1961 (Tier2Combined vs Baseline): 1-0 {White wins by adjudication}
Score of Tier2Combined vs Baseline: 759 - 644 - 554  [0.529] 1957
Started game 1970 of 10000 (Baseline vs Tier2Combined)
Finished game 1959 (Tier2Combined vs Baseline): 1-0 {White wins by adjudication}
Score of Tier2Combined vs Baseline: 760 - 644 - 554  [0.530] 1958
Started game 1971 of 10000 (Tier2Combined vs Baseline)
Finished game 1971 (Tier2Combined vs Baseline): 1-0 {White mates}
Score of Tier2Combined vs Baseline: 761 - 644 - 554  [0.530] 1959
Started game 1972 of 10000 (Baseline vs Tier2Combined)
Finished game 1957 (Tier2Combined vs Baseline): 0-1 {Black wins by adjudication}
Score of Tier2Combined vs Baseline: 761 - 645 - 554  [0.530] 1960
Started game 1973 of 10000 (Tier2Combined vs Baseline)
Finished game 1956 (Baseline vs Tier2Combined): 0-1 {Black wins by adjudication}
Score of Tier2Combined vs Baseline: 762 - 645 - 554  [0.530] 1961
Started game 1974 of 10000 (Baseline vs Tier2Combined)
Finished game 1972 (Baseline vs Tier2Combined): 1-0 {White mates}
Score of Tier2Combined vs Baseline: 762 - 646 - 554  [0.530] 1962
Started game 1975 of 10000 (Tier2Combined vs Baseline)
Finished game 1958 (Baseline vs Tier2Combined): 0-1 {Black wins by adjudication}
Score of Tier2Combined vs Baseline: 763 - 646 - 554  [0.530] 1963
Started game 1976 of 10000 (Baseline vs Tier2Combined)
Finished game 1966 (Baseline vs Tier2Combined): 0-1 {Black wins by adjudication}
Score of Tier2Combined vs Baseline: 764 - 646 - 554  [0.530] 1964
Started game 1977 of 10000 (Tier2Combined vs Baseline)
Finished game 1963 (Tier2Combined vs Baseline): 1-0 {White wins by adjudication}
Score of Tier2Combined vs Baseline: 765 - 646 - 554  [0.530] 1965
Started game 1978 of 10000 (Baseline vs Tier2Combined)
Finished game 1964 (Baseline vs Tier2Combined): 1-0 {White wins by adjudication}
Score of Tier2Combined vs Baseline: 765 - 647 - 554  [0.530] 1966
Started game 1979 of 10000 (Tier2Combined vs Baseline)
Finished game 1965 (Tier2Combined vs Baseline): 1-0 {White wins by adjudication}
Score of Tier2Combined vs Baseline: 766 - 647 - 554  [0.530] 1967
Started game 1980 of 10000 (Baseline vs Tier2Combined)
Finished game 1960 (Baseline vs Tier2Combined): 1-0 {White wins by adjudication}
Score of Tier2Combined vs Baseline: 766 - 648 - 554  [0.530] 1968
Started game 1981 of 10000 (Tier2Combined vs Baseline)
Finished game 1968 (Baseline vs Tier2Combined): 1-0 {White wins by adjudication}
Score of Tier2Combined vs Baseline: 766 - 649 - 554  [0.530] 1969
Started game 1982 of 10000 (Baseline vs Tier2Combined)
Finished game 1967 (Tier2Combined vs Baseline): 1/2-1/2 {Draw by adjudication}
Score of Tier2Combined vs Baseline: 766 - 649 - 555  [0.530] 1970
Started game 1983 of 10000 (Tier2Combined vs Baseline)
Finished game 1970 (Baseline vs Tier2Combined): 1-0 {White wins by adjudication}
Score of Tier2Combined vs Baseline: 766 - 650 - 555  [0.529] 1971
Started game 1984 of 10000 (Baseline vs Tier2Combined)
Finished game 1969 (Tier2Combined vs Baseline): 1-0 {White wins by adjudication}
Score of Tier2Combined vs Baseline: 767 - 650 - 555  [0.530] 1972
Started game 1985 of 10000 (Tier2Combined vs Baseline)
Finished game 1973 (Tier2Combined vs Baseline): 1/2-1/2 {Draw by insufficient mating material}
Score of Tier2Combined vs Baseline: 767 - 650 - 556  [0.530] 1973
Started game 1986 of 10000 (Baseline vs Tier2Combined)
Finished game 1975 (Tier2Combined vs Baseline): 1-0 {White wins by adjudication}
Score of Tier2Combined vs Baseline: 768 - 650 - 556  [0.530] 1974
Started game 1987 of 10000 (Tier2Combined vs Baseline)
Finished game 1977 (Tier2Combined vs Baseline): 1-0 {White wins by adjudication}
Score of Tier2Combined vs Baseline: 769 - 650 - 556  [0.530] 1975
Started game 1988 of 10000 (Baseline vs Tier2Combined)
Finished game 1974 (Baseline vs Tier2Combined): 1/2-1/2 {Draw by insufficient mating material}
Score of Tier2Combined vs Baseline: 769 - 650 - 557  [0.530] 1976
Started game 1989 of 10000 (Tier2Combined vs Baseline)
Finished game 1981 (Tier2Combined vs Baseline): 1-0 {White wins by adjudication}
Score of Tier2Combined vs Baseline: 770 - 650 - 557  [0.530] 1977
Started game 1990 of 10000 (Baseline vs Tier2Combined)
Finished game 1976 (Baseline vs Tier2Combined): 1-0 {White wins by adjudication}
Score of Tier2Combined vs Baseline: 770 - 651 - 557  [0.530] 1978
Started game 1991 of 10000 (Tier2Combined vs Baseline)
Finished game 1978 (Baseline vs Tier2Combined): 1-0 {White wins by adjudication}
Score of Tier2Combined vs Baseline: 770 - 652 - 557  [0.530] 1979
Started game 1992 of 10000 (Baseline vs Tier2Combined)
Finished game 1980 (Baseline vs Tier2Combined): 1-0 {White wins by adjudication}
Score of Tier2Combined vs Baseline: 770 - 653 - 557  [0.530] 1980
Started game 1993 of 10000 (Tier2Combined vs Baseline)
Finished game 1982 (Baseline vs Tier2Combined): 1-0 {White wins by adjudication}
Score of Tier2Combined vs Baseline: 770 - 654 - 557  [0.529] 1981
Started game 1994 of 10000 (Baseline vs Tier2Combined)
Finished game 1984 (Baseline vs Tier2Combined): 0-1 {Black wins by adjudication}
Score of Tier2Combined vs Baseline: 771 - 654 - 557  [0.530] 1982
Started game 1995 of 10000 (Tier2Combined vs Baseline)
Finished game 1979 (Tier2Combined vs Baseline): 1-0 {White mates}
Score of Tier2Combined vs Baseline: 772 - 654 - 557  [0.530] 1983
Started game 1996 of 10000 (Baseline vs Tier2Combined)
Finished game 1985 (Tier2Combined vs Baseline): 1/2-1/2 {Draw by 3-fold repetition}
Score of Tier2Combined vs Baseline: 772 - 654 - 558  [0.530] 1984
Started game 1997 of 10000 (Tier2Combined vs Baseline)
Finished game 1988 (Baseline vs Tier2Combined): 1-0 {White wins by adjudication}
Score of Tier2Combined vs Baseline: 772 - 655 - 558  [0.529] 1985
Started game 1998 of 10000 (Baseline vs Tier2Combined)
Finished game 1986 (Baseline vs Tier2Combined): 1/2-1/2 {Draw by 3-fold repetition}
Score of Tier2Combined vs Baseline: 772 - 655 - 559  [0.529] 1986
Started game 1999 of 10000 (Tier2Combined vs Baseline)
Finished game 1987 (Tier2Combined vs Baseline): 1/2-1/2 {Draw by 3-fold repetition}
Score of Tier2Combined vs Baseline: 772 - 655 - 560  [0.529] 1987
Started game 2000 of 10000 (Baseline vs Tier2Combined)
Finished game 1983 (Tier2Combined vs Baseline): 1-0 {White wins by adjudication}
Score of Tier2Combined vs Baseline: 773 - 655 - 560  [0.530] 1988
Started game 2001 of 10000 (Tier2Combined vs Baseline)
Finished game 1989 (Tier2Combined vs Baseline): 0-1 {Black wins by adjudication}
Score of Tier2Combined vs Baseline: 773 - 656 - 560  [0.529] 1989
Started game 2002 of 10000 (Baseline vs Tier2Combined)
Finished game 1995 (Tier2Combined vs Baseline): 1-0 {White wins by adjudication}
Score of Tier2Combined vs Baseline: 774 - 656 - 560  [0.530] 1990
Started game 2003 of 10000 (Tier2Combined vs Baseline)
Finished game 1994 (Baseline vs Tier2Combined): 1/2-1/2 {Draw by 3-fold repetition}
Score of Tier2Combined vs Baseline: 774 - 656 - 561  [0.530] 1991
Started game 2004 of 10000 (Baseline vs Tier2Combined)
Finished game 1991 (Tier2Combined vs Baseline): 0-1 {Black wins by adjudication}
Score of Tier2Combined vs Baseline: 774 - 657 - 561  [0.529] 1992
Started game 2005 of 10000 (Tier2Combined vs Baseline)
Finished game 1993 (Tier2Combined vs Baseline): 1/2-1/2 {Draw by 3-fold repetition}
Score of Tier2Combined vs Baseline: 774 - 657 - 562  [0.529] 1993
Started game 2006 of 10000 (Baseline vs Tier2Combined)
Finished game 1998 (Baseline vs Tier2Combined): 1-0 {White wins by adjudication}
Score of Tier2Combined vs Baseline: 774 - 658 - 562  [0.529] 1994
Started game 2007 of 10000 (Tier2Combined vs Baseline)
Finished game 1992 (Baseline vs Tier2Combined): 0-1 {Black wins by adjudication}
Score of Tier2Combined vs Baseline: 775 - 658 - 562  [0.529] 1995
Started game 2008 of 10000 (Baseline vs Tier2Combined)
Finished game 1996 (Baseline vs Tier2Combined): 1-0 {White wins by adjudication}
Score of Tier2Combined vs Baseline: 775 - 659 - 562  [0.529] 1996
Started game 2009 of 10000 (Tier2Combined vs Baseline)
Finished game 1990 (Baseline vs Tier2Combined): 1/2-1/2 {Draw by fifty moves rule}
Score of Tier2Combined vs Baseline: 775 - 659 - 563  [0.529] 1997
Started game 2010 of 10000 (Baseline vs Tier2Combined)
Finished game 1997 (Tier2Combined vs Baseline): 1-0 {White wins by adjudication}
Score of Tier2Combined vs Baseline: 776 - 659 - 563  [0.529] 1998
Started game 2011 of 10000 (Tier2Combined vs Baseline)
Finished game 1999 (Tier2Combined vs Baseline): 1-0 {White wins by adjudication}
Score of Tier2Combined vs Baseline: 777 - 659 - 563  [0.530] 1999
Started game 2012 of 10000 (Baseline vs Tier2Combined)
Finished game 2001 (Tier2Combined vs Baseline): 0-1 {Black wins by adjudication}
Score of Tier2Combined vs Baseline: 777 - 660 - 563  [0.529] 2000
Started game 2013 of 10000 (Tier2Combined vs Baseline)
Finished game 2002 (Baseline vs Tier2Combined): 0-1 {Black wins by adjudication}
Score of Tier2Combined vs Baseline: 778 - 660 - 563  [0.529] 2001
Started game 2014 of 10000 (Baseline vs Tier2Combined)
Finished game 2000 (Baseline vs Tier2Combined): 0-1 {Black wins by adjudication}
Score of Tier2Combined vs Baseline: 779 - 660 - 563  [0.530] 2002
Started game 2015 of 10000 (Tier2Combined vs Baseline)
Finished game 2005 (Tier2Combined vs Baseline): 1-0 {White wins by adjudication}
Score of Tier2Combined vs Baseline: 780 - 660 - 563  [0.530] 2003
Started game 2016 of 10000 (Baseline vs Tier2Combined)
Finished game 2014 (Baseline vs Tier2Combined): 1/2-1/2 {Draw by 3-fold repetition}
Score of Tier2Combined vs Baseline: 780 - 660 - 564  [0.530] 2004
Started game 2017 of 10000 (Tier2Combined vs Baseline)
Finished game 2003 (Tier2Combined vs Baseline): 0-1 {Black wins by adjudication}
Score of Tier2Combined vs Baseline: 780 - 661 - 564  [0.530] 2005
Started game 2018 of 10000 (Baseline vs Tier2Combined)
Finished game 2017 (Tier2Combined vs Baseline): 1-0 {White mates}
Score of Tier2Combined vs Baseline: 781 - 661 - 564  [0.530] 2006
Started game 2019 of 10000 (Tier2Combined vs Baseline)
Finished game 2018 (Baseline vs Tier2Combined): 1-0 {White mates}
Score of Tier2Combined vs Baseline: 781 - 662 - 564  [0.530] 2007
Started game 2020 of 10000 (Baseline vs Tier2Combined)
Finished game 2008 (Baseline vs Tier2Combined): 1/2-1/2 {Draw by adjudication}
Score of Tier2Combined vs Baseline: 781 - 662 - 565  [0.530] 2008
Started game 2021 of 10000 (Tier2Combined vs Baseline)
Finished game 2004 (Baseline vs Tier2Combined): 1-0 {White wins by adjudication}
Score of Tier2Combined vs Baseline: 781 - 663 - 565  [0.529] 2009
Started game 2022 of 10000 (Baseline vs Tier2Combined)
Finished game 2011 (Tier2Combined vs Baseline): 0-1 {Black wins by adjudication}
Score of Tier2Combined vs Baseline: 781 - 664 - 565  [0.529] 2010
Started game 2023 of 10000 (Tier2Combined vs Baseline)
Finished game 2007 (Tier2Combined vs Baseline): 0-1 {Black wins by adjudication}
Score of Tier2Combined vs Baseline: 781 - 665 - 565  [0.529] 2011
Started game 2024 of 10000 (Baseline vs Tier2Combined)
Finished game 2009 (Tier2Combined vs Baseline): 0-1 {Black wins by adjudication}
Score of Tier2Combined vs Baseline: 781 - 666 - 565  [0.529] 2012
Started game 2025 of 10000 (Tier2Combined vs Baseline)
Finished game 2006 (Baseline vs Tier2Combined): 0-1 {Black wins by adjudication}
Score of Tier2Combined vs Baseline: 782 - 666 - 565  [0.529] 2013
Started game 2026 of 10000 (Baseline vs Tier2Combined)
Finished game 2013 (Tier2Combined vs Baseline): 1-0 {White wins by adjudication}
Score of Tier2Combined vs Baseline: 783 - 666 - 565  [0.529] 2014
Started game 2027 of 10000 (Tier2Combined vs Baseline)
Finished game 2019 (Tier2Combined vs Baseline): 1/2-1/2 {Draw by 3-fold repetition}
Score of Tier2Combined vs Baseline: 783 - 666 - 566  [0.529] 2015
Started game 2028 of 10000 (Baseline vs Tier2Combined)
Finished game 2016 (Baseline vs Tier2Combined): 1/2-1/2 {Draw by 3-fold repetition}
Score of Tier2Combined vs Baseline: 783 - 666 - 567  [0.529] 2016
Started game 2029 of 10000 (Tier2Combined vs Baseline)
Finished game 2015 (Tier2Combined vs Baseline): 1-0 {White wins by adjudication}
Score of Tier2Combined vs Baseline: 784 - 666 - 567  [0.529] 2017
Started game 2030 of 10000 (Baseline vs Tier2Combined)
Finished game 2010 (Baseline vs Tier2Combined): 1-0 {White wins by adjudication}
Score of Tier2Combined vs Baseline: 784 - 667 - 567  [0.529] 2018
Started game 2031 of 10000 (Tier2Combined vs Baseline)
Finished game 2012 (Baseline vs Tier2Combined): 1-0 {White wins by adjudication}
Score of Tier2Combined vs Baseline: 784 - 668 - 567  [0.529] 2019
Started game 2032 of 10000 (Baseline vs Tier2Combined)
Finished game 2022 (Baseline vs Tier2Combined): 1-0 {White wins by adjudication}
Score of Tier2Combined vs Baseline: 784 - 669 - 567  [0.528] 2020
Started game 2033 of 10000 (Tier2Combined vs Baseline)
Finished game 2020 (Baseline vs Tier2Combined): 1/2-1/2 {Draw by adjudication}
Score of Tier2Combined vs Baseline: 784 - 669 - 568  [0.528] 2021
Started game 2034 of 10000 (Baseline vs Tier2Combined)
Finished game 2023 (Tier2Combined vs Baseline): 1-0 {White wins by adjudication}
Score of Tier2Combined vs Baseline: 785 - 669 - 568  [0.529] 2022
Started game 2035 of 10000 (Tier2Combined vs Baseline)
Finished game 2021 (Tier2Combined vs Baseline): 1/2-1/2 {Draw by insufficient mating material}
Score of Tier2Combined vs Baseline: 785 - 669 - 569  [0.529] 2023
Started game 2036 of 10000 (Baseline vs Tier2Combined)
Finished game 2026 (Baseline vs Tier2Combined): 1-0 {White wins by adjudication}
Score of Tier2Combined vs Baseline: 785 - 670 - 569  [0.528] 2024
Started game 2037 of 10000 (Tier2Combined vs Baseline)
Finished game 2029 (Tier2Combined vs Baseline): 1/2-1/2 {Draw by 3-fold repetition}
Score of Tier2Combined vs Baseline: 785 - 670 - 570  [0.528] 2025
Started game 2038 of 10000 (Baseline vs Tier2Combined)
Finished game 2024 (Baseline vs Tier2Combined): 1-0 {White wins by adjudication}
Score of Tier2Combined vs Baseline: 785 - 671 - 570  [0.528] 2026
Started game 2039 of 10000 (Tier2Combined vs Baseline)
Finished game 2028 (Baseline vs Tier2Combined): 0-1 {Black wins by adjudication}
Score of Tier2Combined vs Baseline: 786 - 671 - 570  [0.528] 2027
Started game 2040 of 10000 (Baseline vs Tier2Combined)
Finished game 2027 (Tier2Combined vs Baseline): 0-1 {Black wins by adjudication}
Score of Tier2Combined vs Baseline: 786 - 672 - 570  [0.528] 2028
Started game 2041 of 10000 (Tier2Combined vs Baseline)
Finished game 2031 (Tier2Combined vs Baseline): 1-0 {White wins by adjudication}
Score of Tier2Combined vs Baseline: 787 - 672 - 570  [0.528] 2029
Started game 2042 of 10000 (Baseline vs Tier2Combined)
Finished game 2025 (Tier2Combined vs Baseline): 1/2-1/2 {Draw by fifty moves rule}
Score of Tier2Combined vs Baseline: 787 - 672 - 571  [0.528] 2030
Started game 2043 of 10000 (Tier2Combined vs Baseline)
Finished game 2032 (Baseline vs Tier2Combined): 0-1 {Black wins by adjudication}
Score of Tier2Combined vs Baseline: 788 - 672 - 571  [0.529] 2031
Started game 2044 of 10000 (Baseline vs Tier2Combined)
Finished game 2030 (Baseline vs Tier2Combined): 1-0 {White wins by adjudication}
Score of Tier2Combined vs Baseline: 788 - 673 - 571  [0.528] 2032
Started game 2045 of 10000 (Tier2Combined vs Baseline)
Finished game 2034 (Baseline vs Tier2Combined): 0-1 {Black wins by adjudication}
Score of Tier2Combined vs Baseline: 789 - 673 - 571  [0.529] 2033
Started game 2046 of 10000 (Baseline vs Tier2Combined)
Finished game 2037 (Tier2Combined vs Baseline): 1-0 {White wins by adjudication}
Score of Tier2Combined vs Baseline: 790 - 673 - 571  [0.529] 2034
Started game 2047 of 10000 (Tier2Combined vs Baseline)
Finished game 2036 (Baseline vs Tier2Combined): 0-1 {Black wins by adjudication}
Score of Tier2Combined vs Baseline: 791 - 673 - 571  [0.529] 2035
Started game 2048 of 10000 (Baseline vs Tier2Combined)
Finished game 2033 (Tier2Combined vs Baseline): 1/2-1/2 {Draw by adjudication}
Score of Tier2Combined vs Baseline: 791 - 673 - 572  [0.529] 2036
Started game 2049 of 10000 (Tier2Combined vs Baseline)
Finished game 2035 (Tier2Combined vs Baseline): 1/2-1/2 {Draw by adjudication}
Score of Tier2Combined vs Baseline: 791 - 673 - 573  [0.529] 2037
Started game 2050 of 10000 (Baseline vs Tier2Combined)
Finished game 2038 (Baseline vs Tier2Combined): 1-0 {White wins by adjudication}
Score of Tier2Combined vs Baseline: 791 - 674 - 573  [0.529] 2038
Started game 2051 of 10000 (Tier2Combined vs Baseline)
Finished game 2039 (Tier2Combined vs Baseline): 1/2-1/2 {Draw by 3-fold repetition}
Score of Tier2Combined vs Baseline: 791 - 674 - 574  [0.529] 2039
Started game 2052 of 10000 (Baseline vs Tier2Combined)
Finished game 2041 (Tier2Combined vs Baseline): 1-0 {White wins by adjudication}
Score of Tier2Combined vs Baseline: 792 - 674 - 574  [0.529] 2040
Started game 2053 of 10000 (Tier2Combined vs Baseline)
Finished game 2040 (Baseline vs Tier2Combined): 1-0 {White wins by adjudication}
Score of Tier2Combined vs Baseline: 792 - 675 - 574  [0.529] 2041
Started game 2054 of 10000 (Baseline vs Tier2Combined)
Finished game 2043 (Tier2Combined vs Baseline): 0-1 {Black wins by adjudication}
Score of Tier2Combined vs Baseline: 792 - 676 - 574  [0.528] 2042
Started game 2055 of 10000 (Tier2Combined vs Baseline)
Finished game 2042 (Baseline vs Tier2Combined): 0-1 {Black wins by adjudication}
Score of Tier2Combined vs Baseline: 793 - 676 - 574  [0.529] 2043
Started game 2056 of 10000 (Baseline vs Tier2Combined)
Finished game 2055 (Tier2Combined vs Baseline): 0-1 {Black wins by adjudication}
Score of Tier2Combined vs Baseline: 793 - 677 - 574  [0.528] 2044
Started game 2057 of 10000 (Tier2Combined vs Baseline)
Finished game 2056 (Baseline vs Tier2Combined): 0-1 {Black wins by adjudication}
Score of Tier2Combined vs Baseline: 794 - 677 - 574  [0.529] 2045
Started game 2058 of 10000 (Baseline vs Tier2Combined)
Finished game 2047 (Tier2Combined vs Baseline): 1-0 {White wins by adjudication}
Score of Tier2Combined vs Baseline: 795 - 677 - 574  [0.529] 2046
Started game 2059 of 10000 (Tier2Combined vs Baseline)
Finished game 2046 (Baseline vs Tier2Combined): 0-1 {Black wins by adjudication}
Score of Tier2Combined vs Baseline: 796 - 677 - 574  [0.529] 2047
Started game 2060 of 10000 (Baseline vs Tier2Combined)
Finished game 2045 (Tier2Combined vs Baseline): 1/2-1/2 {Draw by adjudication}
Score of Tier2Combined vs Baseline: 796 - 677 - 575  [0.529] 2048
Started game 2061 of 10000 (Tier2Combined vs Baseline)
Finished game 2044 (Baseline vs Tier2Combined): 0-1 {Black wins by adjudication}
Score of Tier2Combined vs Baseline: 797 - 677 - 575  [0.529] 2049
Started game 2062 of 10000 (Baseline vs Tier2Combined)
Finished game 2049 (Tier2Combined vs Baseline): 1/2-1/2 {Draw by adjudication}
Score of Tier2Combined vs Baseline: 797 - 677 - 576  [0.529] 2050
Started game 2063 of 10000 (Tier2Combined vs Baseline)
Finished game 2053 (Tier2Combined vs Baseline): 1-0 {White wins by adjudication}
Score of Tier2Combined vs Baseline: 798 - 677 - 576  [0.529] 2051
Started game 2064 of 10000 (Baseline vs Tier2Combined)
Finished game 2050 (Baseline vs Tier2Combined): 1/2-1/2 {Draw by adjudication}
Score of Tier2Combined vs Baseline: 798 - 677 - 577  [0.529] 2052
Started game 2065 of 10000 (Tier2Combined vs Baseline)
Finished game 2052 (Baseline vs Tier2Combined): 1-0 {White wins by adjudication}
Score of Tier2Combined vs Baseline: 798 - 678 - 577  [0.529] 2053
Started game 2066 of 10000 (Baseline vs Tier2Combined)
Finished game 2051 (Tier2Combined vs Baseline): 1-0 {White wins by adjudication}
Score of Tier2Combined vs Baseline: 799 - 678 - 577  [0.529] 2054
Started game 2067 of 10000 (Tier2Combined vs Baseline)
Finished game 2057 (Tier2Combined vs Baseline): 0-1 {Black wins by adjudication}
Score of Tier2Combined vs Baseline: 799 - 679 - 577  [0.529] 2055
Started game 2068 of 10000 (Baseline vs Tier2Combined)
Finished game 2054 (Baseline vs Tier2Combined): 1-0 {White wins by adjudication}
Score of Tier2Combined vs Baseline: 799 - 680 - 577  [0.529] 2056
Started game 2069 of 10000 (Tier2Combined vs Baseline)
Finished game 2059 (Tier2Combined vs Baseline): 1/2-1/2 {Draw by 3-fold repetition}
Score of Tier2Combined vs Baseline: 799 - 680 - 578  [0.529] 2057
Started game 2070 of 10000 (Baseline vs Tier2Combined)
Finished game 2048 (Baseline vs Tier2Combined): 1/2-1/2 {Draw by fifty moves rule}
Score of Tier2Combined vs Baseline: 799 - 680 - 579  [0.529] 2058
Started game 2071 of 10000 (Tier2Combined vs Baseline)
Finished game 2058 (Baseline vs Tier2Combined): 1-0 {White wins by adjudication}
Score of Tier2Combined vs Baseline: 799 - 681 - 579  [0.529] 2059
Started game 2072 of 10000 (Baseline vs Tier2Combined)
Finished game 2063 (Tier2Combined vs Baseline): 0-1 {Black wins by adjudication}
Score of Tier2Combined vs Baseline: 799 - 682 - 579  [0.528] 2060
Started game 2073 of 10000 (Tier2Combined vs Baseline)
Finished game 2060 (Baseline vs Tier2Combined): 0-1 {Black wins by adjudication}
Score of Tier2Combined vs Baseline: 800 - 682 - 579  [0.529] 2061
Started game 2074 of 10000 (Baseline vs Tier2Combined)
Finished game 2064 (Baseline vs Tier2Combined): 1/2-1/2 {Draw by 3-fold repetition}
Score of Tier2Combined vs Baseline: 800 - 682 - 580  [0.529] 2062
Started game 2075 of 10000 (Tier2Combined vs Baseline)
Finished game 2061 (Tier2Combined vs Baseline): 0-1 {Black wins by adjudication}
Score of Tier2Combined vs Baseline: 800 - 683 - 580  [0.528] 2063
Started game 2076 of 10000 (Baseline vs Tier2Combined)
Finished game 2062 (Baseline vs Tier2Combined): 1-0 {White wins by adjudication}
Score of Tier2Combined vs Baseline: 800 - 684 - 580  [0.528] 2064
Started game 2077 of 10000 (Tier2Combined vs Baseline)
Finished game 2067 (Tier2Combined vs Baseline): 1-0 {White wins by adjudication}
Score of Tier2Combined vs Baseline: 801 - 684 - 580  [0.528] 2065
Started game 2078 of 10000 (Baseline vs Tier2Combined)
Finished game 2065 (Tier2Combined vs Baseline): 1/2-1/2 {Draw by 3-fold repetition}
Score of Tier2Combined vs Baseline: 801 - 684 - 581  [0.528] 2066
Started game 2079 of 10000 (Tier2Combined vs Baseline)
Finished game 2066 (Baseline vs Tier2Combined): 0-1 {Black wins by adjudication}
Score of Tier2Combined vs Baseline: 802 - 684 - 581  [0.529] 2067
Started game 2080 of 10000 (Baseline vs Tier2Combined)
Finished game 2069 (Tier2Combined vs Baseline): 1-0 {White wins by adjudication}
Score of Tier2Combined vs Baseline: 803 - 684 - 581  [0.529] 2068
Started game 2081 of 10000 (Tier2Combined vs Baseline)
Finished game 2070 (Baseline vs Tier2Combined): 0-1 {Black wins by adjudication}
Score of Tier2Combined vs Baseline: 804 - 684 - 581  [0.529] 2069
Started game 2082 of 10000 (Baseline vs Tier2Combined)
Finished game 2071 (Tier2Combined vs Baseline): 0-1 {Black wins by adjudication}
Score of Tier2Combined vs Baseline: 804 - 685 - 581  [0.529] 2070
Started game 2083 of 10000 (Tier2Combined vs Baseline)
Finished game 2068 (Baseline vs Tier2Combined): 0-1 {Black wins by adjudication}
Score of Tier2Combined vs Baseline: 805 - 685 - 581  [0.529] 2071
Started game 2084 of 10000 (Baseline vs Tier2Combined)
Finished game 2076 (Baseline vs Tier2Combined): 0-1 {Black wins by adjudication}
Score of Tier2Combined vs Baseline: 806 - 685 - 581  [0.529] 2072
Started game 2085 of 10000 (Tier2Combined vs Baseline)
Finished game 2075 (Tier2Combined vs Baseline): 0-1 {Black wins by adjudication}
Score of Tier2Combined vs Baseline: 806 - 686 - 581  [0.529] 2073
Started game 2086 of 10000 (Baseline vs Tier2Combined)
Finished game 2072 (Baseline vs Tier2Combined): 1/2-1/2 {Draw by fifty moves rule}
Score of Tier2Combined vs Baseline: 806 - 686 - 582  [0.529] 2074
Started game 2087 of 10000 (Tier2Combined vs Baseline)
Finished game 2080 (Baseline vs Tier2Combined): 1/2-1/2 {Draw by 3-fold repetition}
Score of Tier2Combined vs Baseline: 806 - 686 - 583  [0.529] 2075
Started game 2088 of 10000 (Baseline vs Tier2Combined)
Finished game 2077 (Tier2Combined vs Baseline): 1/2-1/2 {Draw by 3-fold repetition}
Score of Tier2Combined vs Baseline: 806 - 686 - 584  [0.529] 2076
Started game 2089 of 10000 (Tier2Combined vs Baseline)
Finished game 2073 (Tier2Combined vs Baseline): 0-1 {Black wins by adjudication}
Score of Tier2Combined vs Baseline: 806 - 687 - 584  [0.529] 2077
Started game 2090 of 10000 (Baseline vs Tier2Combined)
Finished game 2081 (Tier2Combined vs Baseline): 1-0 {White wins by adjudication}
Score of Tier2Combined vs Baseline: 807 - 687 - 584  [0.529] 2078
Started game 2091 of 10000 (Tier2Combined vs Baseline)
Finished game 2078 (Baseline vs Tier2Combined): 0-1 {Black wins by adjudication}
Score of Tier2Combined vs Baseline: 808 - 687 - 584  [0.529] 2079
Started game 2092 of 10000 (Baseline vs Tier2Combined)
Finished game 2082 (Baseline vs Tier2Combined): 1-0 {White wins by adjudication}
Score of Tier2Combined vs Baseline: 808 - 688 - 584  [0.529] 2080
Started game 2093 of 10000 (Tier2Combined vs Baseline)
Finished game 2074 (Baseline vs Tier2Combined): 1/2-1/2 {Draw by fifty moves rule}
Score of Tier2Combined vs Baseline: 808 - 688 - 585  [0.529] 2081
Started game 2094 of 10000 (Baseline vs Tier2Combined)
Finished game 2083 (Tier2Combined vs Baseline): 0-1 {Black wins by adjudication}
Score of Tier2Combined vs Baseline: 808 - 689 - 585  [0.529] 2082
Started game 2095 of 10000 (Tier2Combined vs Baseline)
Finished game 2084 (Baseline vs Tier2Combined): 1-0 {White wins by adjudication}
Score of Tier2Combined vs Baseline: 808 - 690 - 585  [0.528] 2083
Started game 2096 of 10000 (Baseline vs Tier2Combined)
Finished game 2087 (Tier2Combined vs Baseline): 0-1 {Black wins by adjudication}
Score of Tier2Combined vs Baseline: 808 - 691 - 585  [0.528] 2084
Started game 2097 of 10000 (Tier2Combined vs Baseline)
Finished game 2088 (Baseline vs Tier2Combined): 1-0 {White wins by adjudication}
Score of Tier2Combined vs Baseline: 808 - 692 - 585  [0.528] 2085
Started game 2098 of 10000 (Baseline vs Tier2Combined)
Finished game 2079 (Tier2Combined vs Baseline): 1/2-1/2 {Draw by adjudication}
Score of Tier2Combined vs Baseline: 808 - 692 - 586  [0.528] 2086
Started game 2099 of 10000 (Tier2Combined vs Baseline)
Finished game 2086 (Baseline vs Tier2Combined): 0-1 {Black wins by adjudication}
Score of Tier2Combined vs Baseline: 809 - 692 - 586  [0.528] 2087
Started game 2100 of 10000 (Baseline vs Tier2Combined)
Finished game 2094 (Baseline vs Tier2Combined): 1/2-1/2 {Draw by 3-fold repetition}
Score of Tier2Combined vs Baseline: 809 - 692 - 587  [0.528] 2088
Started game 2101 of 10000 (Tier2Combined vs Baseline)
Finished game 2089 (Tier2Combined vs Baseline): 0-1 {Black wins by adjudication}
Score of Tier2Combined vs Baseline: 809 - 693 - 587  [0.528] 2089
Started game 2102 of 10000 (Baseline vs Tier2Combined)
Finished game 2091 (Tier2Combined vs Baseline): 1-0 {White wins by adjudication}
Score of Tier2Combined vs Baseline: 810 - 693 - 587  [0.528] 2090
Started game 2103 of 10000 (Tier2Combined vs Baseline)
Finished game 2092 (Baseline vs Tier2Combined): 1-0 {White wins by adjudication}
Score of Tier2Combined vs Baseline: 810 - 694 - 587  [0.528] 2091
Started game 2104 of 10000 (Baseline vs Tier2Combined)
Finished game 2085 (Tier2Combined vs Baseline): 0-1 {Black wins by adjudication}
Score of Tier2Combined vs Baseline: 810 - 695 - 587  [0.527] 2092
Started game 2105 of 10000 (Tier2Combined vs Baseline)
Finished game 2090 (Baseline vs Tier2Combined): 1-0 {White wins by adjudication}
Score of Tier2Combined vs Baseline: 810 - 696 - 587  [0.527] 2093
Started game 2106 of 10000 (Baseline vs Tier2Combined)
Finished game 2100 (Baseline vs Tier2Combined): 1/2-1/2 {Draw by 3-fold repetition}
Score of Tier2Combined vs Baseline: 810 - 696 - 588  [0.527] 2094
Started game 2107 of 10000 (Tier2Combined vs Baseline)
Finished game 2093 (Tier2Combined vs Baseline): 0-1 {Black wins by adjudication}
Score of Tier2Combined vs Baseline: 810 - 697 - 588  [0.527] 2095
Started game 2108 of 10000 (Baseline vs Tier2Combined)
Finished game 2103 (Tier2Combined vs Baseline): 1/2-1/2 {Draw by 3-fold repetition}
Score of Tier2Combined vs Baseline: 810 - 697 - 589  [0.527] 2096
Started game 2109 of 10000 (Tier2Combined vs Baseline)
Finished game 2095 (Tier2Combined vs Baseline): 1-0 {White wins by adjudication}
Score of Tier2Combined vs Baseline: 811 - 697 - 589  [0.527] 2097
Started game 2110 of 10000 (Baseline vs Tier2Combined)
Finished game 2096 (Baseline vs Tier2Combined): 1-0 {White wins by adjudication}
Score of Tier2Combined vs Baseline: 811 - 698 - 589  [0.527] 2098
Started game 2111 of 10000 (Tier2Combined vs Baseline)
Finished game 2101 (Tier2Combined vs Baseline): 0-1 {Black wins by adjudication}
Score of Tier2Combined vs Baseline: 811 - 699 - 589  [0.527] 2099
Started game 2112 of 10000 (Baseline vs Tier2Combined)
Finished game 2099 (Tier2Combined vs Baseline): 1-0 {White wins by adjudication}
Score of Tier2Combined vs Baseline: 812 - 699 - 589  [0.527] 2100
Started game 2113 of 10000 (Tier2Combined vs Baseline)
Finished game 2097 (Tier2Combined vs Baseline): 1-0 {White wins by adjudication}
Score of Tier2Combined vs Baseline: 813 - 699 - 589  [0.527] 2101
Started game 2114 of 10000 (Baseline vs Tier2Combined)
Finished game 2102 (Baseline vs Tier2Combined): 1-0 {White wins by adjudication}
Score of Tier2Combined vs Baseline: 813 - 700 - 589  [0.527] 2102
Started game 2115 of 10000 (Tier2Combined vs Baseline)
Finished game 2098 (Baseline vs Tier2Combined): 0-1 {Black wins by adjudication}
Score of Tier2Combined vs Baseline: 814 - 700 - 589  [0.527] 2103
Started game 2116 of 10000 (Baseline vs Tier2Combined)
Finished game 2106 (Baseline vs Tier2Combined): 1/2-1/2 {Draw by 3-fold repetition}
Score of Tier2Combined vs Baseline: 814 - 700 - 590  [0.527] 2104
Started game 2117 of 10000 (Tier2Combined vs Baseline)
Finished game 2105 (Tier2Combined vs Baseline): 1-0 {White wins by adjudication}
Score of Tier2Combined vs Baseline: 815 - 700 - 590  [0.527] 2105
Started game 2118 of 10000 (Baseline vs Tier2Combined)
Finished game 2104 (Baseline vs Tier2Combined): 1-0 {White wins by adjudication}
Score of Tier2Combined vs Baseline: 815 - 701 - 590  [0.527] 2106
Started game 2119 of 10000 (Tier2Combined vs Baseline)
Finished game 2108 (Baseline vs Tier2Combined): 0-1 {Black wins by adjudication}
Score of Tier2Combined vs Baseline: 816 - 701 - 590  [0.527] 2107
Started game 2120 of 10000 (Baseline vs Tier2Combined)
Finished game 2109 (Tier2Combined vs Baseline): 1/2-1/2 {Draw by insufficient mating material}
Score of Tier2Combined vs Baseline: 816 - 701 - 591  [0.527] 2108
Started game 2121 of 10000 (Tier2Combined vs Baseline)
Finished game 2107 (Tier2Combined vs Baseline): 1-0 {White wins by adjudication}
Score of Tier2Combined vs Baseline: 817 - 701 - 591  [0.528] 2109
Started game 2122 of 10000 (Baseline vs Tier2Combined)
Finished game 2112 (Baseline vs Tier2Combined): 1-0 {White wins by adjudication}
Score of Tier2Combined vs Baseline: 817 - 702 - 591  [0.527] 2110
Started game 2123 of 10000 (Tier2Combined vs Baseline)
Finished game 2111 (Tier2Combined vs Baseline): 1/2-1/2 {Draw by adjudication}
Score of Tier2Combined vs Baseline: 817 - 702 - 592  [0.527] 2111
Started game 2124 of 10000 (Baseline vs Tier2Combined)
Finished game 2110 (Baseline vs Tier2Combined): 0-1 {Black wins by adjudication}
Score of Tier2Combined vs Baseline: 818 - 702 - 592  [0.527] 2112
Started game 2125 of 10000 (Tier2Combined vs Baseline)
Finished game 2117 (Tier2Combined vs Baseline): 1-0 {White wins by adjudication}
Score of Tier2Combined vs Baseline: 819 - 702 - 592  [0.528] 2113
Started game 2126 of 10000 (Baseline vs Tier2Combined)
Finished game 2114 (Baseline vs Tier2Combined): 1-0 {White wins by adjudication}
Score of Tier2Combined vs Baseline: 819 - 703 - 592  [0.527] 2114
Started game 2127 of 10000 (Tier2Combined vs Baseline)
Finished game 2115 (Tier2Combined vs Baseline): 1-0 {White mates}
Score of Tier2Combined vs Baseline: 820 - 703 - 592  [0.528] 2115
Started game 2128 of 10000 (Baseline vs Tier2Combined)
Finished game 2118 (Baseline vs Tier2Combined): 0-1 {Black wins by adjudication}
Score of Tier2Combined vs Baseline: 821 - 703 - 592  [0.528] 2116
Started game 2129 of 10000 (Tier2Combined vs Baseline)
Finished game 2116 (Baseline vs Tier2Combined): 1-0 {White wins by adjudication}
Score of Tier2Combined vs Baseline: 821 - 704 - 592  [0.528] 2117
Started game 2130 of 10000 (Baseline vs Tier2Combined)
Finished game 2119 (Tier2Combined vs Baseline): 1-0 {White wins by adjudication}
Score of Tier2Combined vs Baseline: 822 - 704 - 592  [0.528] 2118
Started game 2131 of 10000 (Tier2Combined vs Baseline)
Finished game 2123 (Tier2Combined vs Baseline): 1/2-1/2 {Draw by insufficient mating material}
Score of Tier2Combined vs Baseline: 822 - 704 - 593  [0.528] 2119
Started game 2132 of 10000 (Baseline vs Tier2Combined)
Finished game 2122 (Baseline vs Tier2Combined): 1/2-1/2 {Draw by insufficient mating material}
Score of Tier2Combined vs Baseline: 822 - 704 - 594  [0.528] 2120
Started game 2133 of 10000 (Tier2Combined vs Baseline)
Finished game 2120 (Baseline vs Tier2Combined): 1/2-1/2 {Draw by insufficient mating material}
Score of Tier2Combined vs Baseline: 822 - 704 - 595  [0.528] 2121
Started game 2134 of 10000 (Baseline vs Tier2Combined)
Finished game 2125 (Tier2Combined vs Baseline): 1/2-1/2 {Draw by adjudication}
Score of Tier2Combined vs Baseline: 822 - 704 - 596  [0.528] 2122
Started game 2135 of 10000 (Tier2Combined vs Baseline)
Finished game 2127 (Tier2Combined vs Baseline): 1-0 {White wins by adjudication}
Score of Tier2Combined vs Baseline: 823 - 704 - 596  [0.528] 2123
Started game 2136 of 10000 (Baseline vs Tier2Combined)
Finished game 2121 (Tier2Combined vs Baseline): 1/2-1/2 {Draw by adjudication}
Score of Tier2Combined vs Baseline: 823 - 704 - 597  [0.528] 2124
Started game 2137 of 10000 (Tier2Combined vs Baseline)
Finished game 2126 (Baseline vs Tier2Combined): 1/2-1/2 {Draw by 3-fold repetition}
Score of Tier2Combined vs Baseline: 823 - 704 - 598  [0.528] 2125
Started game 2138 of 10000 (Baseline vs Tier2Combined)
Finished game 2124 (Baseline vs Tier2Combined): 0-1 {Black wins by adjudication}
Score of Tier2Combined vs Baseline: 824 - 704 - 598  [0.528] 2126
Started game 2139 of 10000 (Tier2Combined vs Baseline)
Finished game 2130 (Baseline vs Tier2Combined): 1-0 {White wins by adjudication}
Score of Tier2Combined vs Baseline: 824 - 705 - 598  [0.528] 2127
Started game 2140 of 10000 (Baseline vs Tier2Combined)
Finished game 2131 (Tier2Combined vs Baseline): 1/2-1/2 {Draw by adjudication}
Score of Tier2Combined vs Baseline: 824 - 705 - 599  [0.528] 2128
Started game 2141 of 10000 (Tier2Combined vs Baseline)
Finished game 2113 (Tier2Combined vs Baseline): 1/2-1/2 {Draw by adjudication}
Score of Tier2Combined vs Baseline: 824 - 705 - 600  [0.528] 2129
Started game 2142 of 10000 (Baseline vs Tier2Combined)
Finished game 2128 (Baseline vs Tier2Combined): 0-1 {Black wins by adjudication}
Score of Tier2Combined vs Baseline: 825 - 705 - 600  [0.528] 2130
Started game 2143 of 10000 (Tier2Combined vs Baseline)
Finished game 2134 (Baseline vs Tier2Combined): 1/2-1/2 {Draw by 3-fold repetition}
Score of Tier2Combined vs Baseline: 825 - 705 - 601  [0.528] 2131
Started game 2144 of 10000 (Baseline vs Tier2Combined)
Finished game 2138 (Baseline vs Tier2Combined): 1-0 {White wins by adjudication}
Score of Tier2Combined vs Baseline: 825 - 706 - 601  [0.528] 2132
Started game 2145 of 10000 (Tier2Combined vs Baseline)
Finished game 2136 (Baseline vs Tier2Combined): 1-0 {White wins by adjudication}
Score of Tier2Combined vs Baseline: 825 - 707 - 601  [0.528] 2133
Started game 2146 of 10000 (Baseline vs Tier2Combined)
Finished game 2135 (Tier2Combined vs Baseline): 0-1 {Black wins by adjudication}
Score of Tier2Combined vs Baseline: 825 - 708 - 601  [0.527] 2134
Started game 2147 of 10000 (Tier2Combined vs Baseline)
Finished game 2129 (Tier2Combined vs Baseline): 1/2-1/2 {Draw by adjudication}
Score of Tier2Combined vs Baseline: 825 - 708 - 602  [0.527] 2135
Started game 2148 of 10000 (Baseline vs Tier2Combined)
Finished game 2142 (Baseline vs Tier2Combined): 1/2-1/2 {Draw by 3-fold repetition}
Score of Tier2Combined vs Baseline: 825 - 708 - 603  [0.527] 2136
Started game 2149 of 10000 (Tier2Combined vs Baseline)
Finished game 2132 (Baseline vs Tier2Combined): 1/2-1/2 {Draw by insufficient mating material}
Score of Tier2Combined vs Baseline: 825 - 708 - 604  [0.527] 2137
Started game 2150 of 10000 (Baseline vs Tier2Combined)
Finished game 2140 (Baseline vs Tier2Combined): 0-1 {Black wins by adjudication}
Score of Tier2Combined vs Baseline: 826 - 708 - 604  [0.528] 2138
Started game 2151 of 10000 (Tier2Combined vs Baseline)
Finished game 2143 (Tier2Combined vs Baseline): 1/2-1/2 {Draw by adjudication}
Score of Tier2Combined vs Baseline: 826 - 708 - 605  [0.528] 2139
Started game 2152 of 10000 (Baseline vs Tier2Combined)
Finished game 2133 (Tier2Combined vs Baseline): 1/2-1/2 {Draw by fifty moves rule}
Score of Tier2Combined vs Baseline: 826 - 708 - 606  [0.528] 2140
Started game 2153 of 10000 (Tier2Combined vs Baseline)
Finished game 2137 (Tier2Combined vs Baseline): 1-0 {White mates}
Score of Tier2Combined vs Baseline: 827 - 708 - 606  [0.528] 2141
Started game 2154 of 10000 (Baseline vs Tier2Combined)
Finished game 2144 (Baseline vs Tier2Combined): 0-1 {Black wins by adjudication}
Score of Tier2Combined vs Baseline: 828 - 708 - 606  [0.528] 2142
Started game 2155 of 10000 (Tier2Combined vs Baseline)
Finished game 2139 (Tier2Combined vs Baseline): 1-0 {White mates}
Score of Tier2Combined vs Baseline: 829 - 708 - 606  [0.528] 2143
Started game 2156 of 10000 (Baseline vs Tier2Combined)
Finished game 2146 (Baseline vs Tier2Combined): 1-0 {White wins by adjudication}
Score of Tier2Combined vs Baseline: 829 - 709 - 606  [0.528] 2144
Started game 2157 of 10000 (Tier2Combined vs Baseline)
Finished game 2145 (Tier2Combined vs Baseline): 1-0 {White wins by adjudication}
Score of Tier2Combined vs Baseline: 830 - 709 - 606  [0.528] 2145
Started game 2158 of 10000 (Baseline vs Tier2Combined)
Finished game 2141 (Tier2Combined vs Baseline): 1/2-1/2 {Draw by insufficient mating material}
Score of Tier2Combined vs Baseline: 830 - 709 - 607  [0.528] 2146
Started game 2159 of 10000 (Tier2Combined vs Baseline)
Finished game 2149 (Tier2Combined vs Baseline): 0-1 {Black wins by adjudication}
Score of Tier2Combined vs Baseline: 830 - 710 - 607  [0.528] 2147
Started game 2160 of 10000 (Baseline vs Tier2Combined)
Finished game 2148 (Baseline vs Tier2Combined): 1/2-1/2 {Draw by insufficient mating material}
Score of Tier2Combined vs Baseline: 830 - 710 - 608  [0.528] 2148
Started game 2161 of 10000 (Tier2Combined vs Baseline)
Finished game 2155 (Tier2Combined vs Baseline): 1-0 {White wins by adjudication}
Score of Tier2Combined vs Baseline: 831 - 710 - 608  [0.528] 2149
Started game 2162 of 10000 (Baseline vs Tier2Combined)
Finished game 2147 (Tier2Combined vs Baseline): 0-1 {Black wins by adjudication}
Score of Tier2Combined vs Baseline: 831 - 711 - 608  [0.528] 2150
Started game 2163 of 10000 (Tier2Combined vs Baseline)
Finished game 2152 (Baseline vs Tier2Combined): 1-0 {White wins by adjudication}
Score of Tier2Combined vs Baseline: 831 - 712 - 608  [0.528] 2151
Started game 2164 of 10000 (Baseline vs Tier2Combined)
Finished game 2153 (Tier2Combined vs Baseline): 1-0 {White wins by adjudication}
Score of Tier2Combined vs Baseline: 832 - 712 - 608  [0.528] 2152
Started game 2165 of 10000 (Tier2Combined vs Baseline)
Finished game 2151 (Tier2Combined vs Baseline): 1-0 {White wins by adjudication}
Score of Tier2Combined vs Baseline: 833 - 712 - 608  [0.528] 2153
Started game 2166 of 10000 (Baseline vs Tier2Combined)
Finished game 2157 (Tier2Combined vs Baseline): 0-1 {Black wins by adjudication}
Score of Tier2Combined vs Baseline: 833 - 713 - 608  [0.528] 2154
Started game 2167 of 10000 (Tier2Combined vs Baseline)
Finished game 2150 (Baseline vs Tier2Combined): 0-1 {Black wins by adjudication}
Score of Tier2Combined vs Baseline: 834 - 713 - 608  [0.528] 2155
Started game 2168 of 10000 (Baseline vs Tier2Combined)
Finished game 2154 (Baseline vs Tier2Combined): 1-0 {White wins by adjudication}
Score of Tier2Combined vs Baseline: 834 - 714 - 608  [0.528] 2156
Started game 2169 of 10000 (Tier2Combined vs Baseline)
Finished game 2156 (Baseline vs Tier2Combined): 0-1 {Black wins by adjudication}
Score of Tier2Combined vs Baseline: 835 - 714 - 608  [0.528] 2157
Started game 2170 of 10000 (Baseline vs Tier2Combined)
Finished game 2158 (Baseline vs Tier2Combined): 1/2-1/2 {Draw by insufficient mating material}
Score of Tier2Combined vs Baseline: 835 - 714 - 609  [0.528] 2158
Started game 2171 of 10000 (Tier2Combined vs Baseline)
Finished game 2164 (Baseline vs Tier2Combined): 0-1 {Black wins by adjudication}
Score of Tier2Combined vs Baseline: 836 - 714 - 609  [0.528] 2159
Started game 2172 of 10000 (Baseline vs Tier2Combined)
Finished game 2165 (Tier2Combined vs Baseline): 1/2-1/2 {Draw by 3-fold repetition}
Score of Tier2Combined vs Baseline: 836 - 714 - 610  [0.528] 2160
Started game 2173 of 10000 (Tier2Combined vs Baseline)
Finished game 2161 (Tier2Combined vs Baseline): 0-1 {Black wins by adjudication}
Score of Tier2Combined vs Baseline: 836 - 715 - 610  [0.528] 2161
Started game 2174 of 10000 (Baseline vs Tier2Combined)
Finished game 2163 (Tier2Combined vs Baseline): 0-1 {Black wins by adjudication}
Score of Tier2Combined vs Baseline: 836 - 716 - 610  [0.528] 2162
Started game 2175 of 10000 (Tier2Combined vs Baseline)
Finished game 2162 (Baseline vs Tier2Combined): 0-1 {Black wins by adjudication}
Score of Tier2Combined vs Baseline: 837 - 716 - 610  [0.528] 2163
Started game 2176 of 10000 (Baseline vs Tier2Combined)
Finished game 2160 (Baseline vs Tier2Combined): 1/2-1/2 {Draw by 3-fold repetition}
Score of Tier2Combined vs Baseline: 837 - 716 - 611  [0.528] 2164
Started game 2177 of 10000 (Tier2Combined vs Baseline)
Finished game 2159 (Tier2Combined vs Baseline): 1/2-1/2 {Draw by insufficient mating material}
Score of Tier2Combined vs Baseline: 837 - 716 - 612  [0.528] 2165
Started game 2178 of 10000 (Baseline vs Tier2Combined)
Finished game 2168 (Baseline vs Tier2Combined): 0-1 {Black wins by adjudication}
Score of Tier2Combined vs Baseline: 838 - 716 - 612  [0.528] 2166
Started game 2179 of 10000 (Tier2Combined vs Baseline)
Finished game 2167 (Tier2Combined vs Baseline): 1-0 {White wins by adjudication}
Score of Tier2Combined vs Baseline: 839 - 716 - 612  [0.528] 2167
Started game 2180 of 10000 (Baseline vs Tier2Combined)
Finished game 2171 (Tier2Combined vs Baseline): 1/2-1/2 {Draw by 3-fold repetition}
Score of Tier2Combined vs Baseline: 839 - 716 - 613  [0.528] 2168
Started game 2181 of 10000 (Tier2Combined vs Baseline)
Finished game 2175 (Tier2Combined vs Baseline): 1-0 {White wins by adjudication}
Score of Tier2Combined vs Baseline: 840 - 716 - 613  [0.529] 2169
Started game 2182 of 10000 (Baseline vs Tier2Combined)
Finished game 2166 (Baseline vs Tier2Combined): 1/2-1/2 {Draw by fifty moves rule}
Score of Tier2Combined vs Baseline: 840 - 716 - 614  [0.529] 2170
Started game 2183 of 10000 (Tier2Combined vs Baseline)
Finished game 2170 (Baseline vs Tier2Combined): 1/2-1/2 {Draw by adjudication}
Score of Tier2Combined vs Baseline: 840 - 716 - 615  [0.529] 2171
Started game 2184 of 10000 (Baseline vs Tier2Combined)
Finished game 2173 (Tier2Combined vs Baseline): 1-0 {White wins by adjudication}
Score of Tier2Combined vs Baseline: 841 - 716 - 615  [0.529] 2172
Started game 2185 of 10000 (Tier2Combined vs Baseline)
Finished game 2177 (Tier2Combined vs Baseline): 1/2-1/2 {Draw by 3-fold repetition}
Score of Tier2Combined vs Baseline: 841 - 716 - 616  [0.529] 2173
Started game 2186 of 10000 (Baseline vs Tier2Combined)
Finished game 2174 (Baseline vs Tier2Combined): 1-0 {White wins by adjudication}
Score of Tier2Combined vs Baseline: 841 - 717 - 616  [0.529] 2174
Started game 2187 of 10000 (Tier2Combined vs Baseline)
Finished game 2172 (Baseline vs Tier2Combined): 1-0 {White wins by adjudication}
Score of Tier2Combined vs Baseline: 841 - 718 - 616  [0.528] 2175
Started game 2188 of 10000 (Baseline vs Tier2Combined)
Finished game 2178 (Baseline vs Tier2Combined): 0-1 {Black wins by adjudication}
Score of Tier2Combined vs Baseline: 842 - 718 - 616  [0.528] 2176
Started game 2189 of 10000 (Tier2Combined vs Baseline)
Finished game 2176 (Baseline vs Tier2Combined): 1/2-1/2 {Draw by 3-fold repetition}
Score of Tier2Combined vs Baseline: 842 - 718 - 617  [0.528] 2177
Started game 2190 of 10000 (Baseline vs Tier2Combined)
Finished game 2179 (Tier2Combined vs Baseline): 1-0 {White wins by adjudication}
Score of Tier2Combined vs Baseline: 843 - 718 - 617  [0.529] 2178
Started game 2191 of 10000 (Tier2Combined vs Baseline)
Finished game 2169 (Tier2Combined vs Baseline): 1/2-1/2 {Draw by adjudication}
Score of Tier2Combined vs Baseline: 843 - 718 - 618  [0.529] 2179
Started game 2192 of 10000 (Baseline vs Tier2Combined)
Finished game 2183 (Tier2Combined vs Baseline): 0-1 {Black wins by adjudication}
Score of Tier2Combined vs Baseline: 843 - 719 - 618  [0.528] 2180
Started game 2193 of 10000 (Tier2Combined vs Baseline)
Finished game 2184 (Baseline vs Tier2Combined): 0-1 {Black wins by adjudication}
Score of Tier2Combined vs Baseline: 844 - 719 - 618  [0.529] 2181
Started game 2194 of 10000 (Baseline vs Tier2Combined)
Finished game 2182 (Baseline vs Tier2Combined): 1/2-1/2 {Draw by 3-fold repetition}
Score of Tier2Combined vs Baseline: 844 - 719 - 619  [0.529] 2182
Started game 2195 of 10000 (Tier2Combined vs Baseline)
Finished game 2181 (Tier2Combined vs Baseline): 1/2-1/2 {Draw by adjudication}
Score of Tier2Combined vs Baseline: 844 - 719 - 620  [0.529] 2183
Started game 2196 of 10000 (Baseline vs Tier2Combined)
Finished game 2180 (Baseline vs Tier2Combined): 1/2-1/2 {Draw by adjudication}
Score of Tier2Combined vs Baseline: 844 - 719 - 621  [0.529] 2184
Started game 2197 of 10000 (Tier2Combined vs Baseline)
Finished game 2189 (Tier2Combined vs Baseline): 0-1 {Black wins by adjudication}
Score of Tier2Combined vs Baseline: 844 - 720 - 621  [0.528] 2185
Started game 2198 of 10000 (Baseline vs Tier2Combined)
Finished game 2185 (Tier2Combined vs Baseline): 1/2-1/2 {Draw by adjudication}
Score of Tier2Combined vs Baseline: 844 - 720 - 622  [0.528] 2186
Started game 2199 of 10000 (Tier2Combined vs Baseline)
Finished game 2188 (Baseline vs Tier2Combined): 0-1 {Black wins by adjudication}
Score of Tier2Combined vs Baseline: 845 - 720 - 622  [0.529] 2187
Started game 2200 of 10000 (Baseline vs Tier2Combined)
Finished game 2192 (Baseline vs Tier2Combined): 0-1 {Black wins by adjudication}
Score of Tier2Combined vs Baseline: 846 - 720 - 622  [0.529] 2188
Started game 2201 of 10000 (Tier2Combined vs Baseline)
Finished game 2187 (Tier2Combined vs Baseline): 1/2-1/2 {Draw by adjudication}
Score of Tier2Combined vs Baseline: 846 - 720 - 623  [0.529] 2189
Started game 2202 of 10000 (Baseline vs Tier2Combined)
Finished game 2194 (Baseline vs Tier2Combined): 0-1 {Black wins by adjudication}
Score of Tier2Combined vs Baseline: 847 - 720 - 623  [0.529] 2190
Started game 2203 of 10000 (Tier2Combined vs Baseline)
Finished game 2190 (Baseline vs Tier2Combined): 1/2-1/2 {Draw by 3-fold repetition}
Score of Tier2Combined vs Baseline: 847 - 720 - 624  [0.529] 2191
Started game 2204 of 10000 (Baseline vs Tier2Combined)
Finished game 2191 (Tier2Combined vs Baseline): 1-0 {White wins by adjudication}
Score of Tier2Combined vs Baseline: 848 - 720 - 624  [0.529] 2192
Started game 2205 of 10000 (Tier2Combined vs Baseline)
Finished game 2195 (Tier2Combined vs Baseline): 1-0 {White wins by adjudication}
Score of Tier2Combined vs Baseline: 849 - 720 - 624  [0.529] 2193
Started game 2206 of 10000 (Baseline vs Tier2Combined)
Finished game 2193 (Tier2Combined vs Baseline): 1/2-1/2 {Draw by adjudication}
Score of Tier2Combined vs Baseline: 849 - 720 - 625  [0.529] 2194
Started game 2207 of 10000 (Tier2Combined vs Baseline)
Finished game 2196 (Baseline vs Tier2Combined): 1-0 {White wins by adjudication}
Score of Tier2Combined vs Baseline: 849 - 721 - 625  [0.529] 2195
Started game 2208 of 10000 (Baseline vs Tier2Combined)
Finished game 2198 (Baseline vs Tier2Combined): 0-1 {Black wins by adjudication}
Score of Tier2Combined vs Baseline: 850 - 721 - 625  [0.529] 2196
Started game 2209 of 10000 (Tier2Combined vs Baseline)
Finished game 2186 (Baseline vs Tier2Combined): 1/2-1/2 {Draw by fifty moves rule}
Score of Tier2Combined vs Baseline: 850 - 721 - 626  [0.529] 2197
Started game 2210 of 10000 (Baseline vs Tier2Combined)
Finished game 2197 (Tier2Combined vs Baseline): 0-1 {Black wins by adjudication}
Score of Tier2Combined vs Baseline: 850 - 722 - 626  [0.529] 2198
Started game 2211 of 10000 (Tier2Combined vs Baseline)
Finished game 2199 (Tier2Combined vs Baseline): 1-0 {White wins by adjudication}
Score of Tier2Combined vs Baseline: 851 - 722 - 626  [0.529] 2199
Started game 2212 of 10000 (Baseline vs Tier2Combined)
Finished game 2200 (Baseline vs Tier2Combined): 1-0 {White wins by adjudication}
Score of Tier2Combined vs Baseline: 851 - 723 - 626  [0.529] 2200
Started game 2213 of 10000 (Tier2Combined vs Baseline)
Finished game 2203 (Tier2Combined vs Baseline): 1-0 {White wins by adjudication}
Score of Tier2Combined vs Baseline: 852 - 723 - 626  [0.529] 2201
Started game 2214 of 10000 (Baseline vs Tier2Combined)
Finished game 2201 (Tier2Combined vs Baseline): 1-0 {White wins by adjudication}
Score of Tier2Combined vs Baseline: 853 - 723 - 626  [0.530] 2202
Started game 2215 of 10000 (Tier2Combined vs Baseline)
Finished game 2202 (Baseline vs Tier2Combined): 0-1 {Black wins by adjudication}
Score of Tier2Combined vs Baseline: 854 - 723 - 626  [0.530] 2203
Started game 2216 of 10000 (Baseline vs Tier2Combined)
Finished game 2206 (Baseline vs Tier2Combined): 0-1 {Black wins by adjudication}
Score of Tier2Combined vs Baseline: 855 - 723 - 626  [0.530] 2204
Started game 2217 of 10000 (Tier2Combined vs Baseline)
Finished game 2205 (Tier2Combined vs Baseline): 0-1 {Black wins by adjudication}
Score of Tier2Combined vs Baseline: 855 - 724 - 626  [0.530] 2205
Started game 2218 of 10000 (Baseline vs Tier2Combined)
Finished game 2208 (Baseline vs Tier2Combined): 1-0 {White wins by adjudication}
Score of Tier2Combined vs Baseline: 855 - 725 - 626  [0.529] 2206
Started game 2219 of 10000 (Tier2Combined vs Baseline)
Finished game 2209 (Tier2Combined vs Baseline): 0-1 {Black mates}
Score of Tier2Combined vs Baseline: 855 - 726 - 626  [0.529] 2207
Started game 2220 of 10000 (Baseline vs Tier2Combined)
Finished game 2204 (Baseline vs Tier2Combined): 0-1 {Black wins by adjudication}
Score of Tier2Combined vs Baseline: 856 - 726 - 626  [0.529] 2208
Started game 2221 of 10000 (Tier2Combined vs Baseline)
Finished game 2207 (Tier2Combined vs Baseline): 1-0 {White wins by adjudication}
Score of Tier2Combined vs Baseline: 857 - 726 - 626  [0.530] 2209
Started game 2222 of 10000 (Baseline vs Tier2Combined)
Finished game 2211 (Tier2Combined vs Baseline): 1-0 {White wins by adjudication}
Score of Tier2Combined vs Baseline: 858 - 726 - 626  [0.530] 2210
Started game 2223 of 10000 (Tier2Combined vs Baseline)
Finished game 2212 (Baseline vs Tier2Combined): 1/2-1/2 {Draw by 3-fold repetition}
Score of Tier2Combined vs Baseline: 858 - 726 - 627  [0.530] 2211
Started game 2224 of 10000 (Baseline vs Tier2Combined)
Finished game 2213 (Tier2Combined vs Baseline): 1/2-1/2 {Draw by adjudication}
Score of Tier2Combined vs Baseline: 858 - 726 - 628  [0.530] 2212
Started game 2225 of 10000 (Tier2Combined vs Baseline)
Finished game 2214 (Baseline vs Tier2Combined): 0-1 {Black wins by adjudication}
Score of Tier2Combined vs Baseline: 859 - 726 - 628  [0.530] 2213
Started game 2226 of 10000 (Baseline vs Tier2Combined)
Finished game 2210 (Baseline vs Tier2Combined): 1/2-1/2 {Draw by insufficient mating material}
Score of Tier2Combined vs Baseline: 859 - 726 - 629  [0.530] 2214
Started game 2227 of 10000 (Tier2Combined vs Baseline)
Finished game 2216 (Baseline vs Tier2Combined): 0-1 {Black wins by adjudication}
Score of Tier2Combined vs Baseline: 860 - 726 - 629  [0.530] 2215
Started game 2228 of 10000 (Baseline vs Tier2Combined)
Finished game 2215 (Tier2Combined vs Baseline): 1/2-1/2 {Draw by stalemate}
Score of Tier2Combined vs Baseline: 860 - 726 - 630  [0.530] 2216
Started game 2229 of 10000 (Tier2Combined vs Baseline)
Finished game 2219 (Tier2Combined vs Baseline): 1-0 {White wins by adjudication}
Score of Tier2Combined vs Baseline: 861 - 726 - 630  [0.530] 2217
Started game 2230 of 10000 (Baseline vs Tier2Combined)
Finished game 2221 (Tier2Combined vs Baseline): 0-1 {Black mates}
Score of Tier2Combined vs Baseline: 861 - 727 - 630  [0.530] 2218
Started game 2231 of 10000 (Tier2Combined vs Baseline)
Finished game 2218 (Baseline vs Tier2Combined): 1/2-1/2 {Draw by adjudication}
Score of Tier2Combined vs Baseline: 861 - 727 - 631  [0.530] 2219
Started game 2232 of 10000 (Baseline vs Tier2Combined)
Finished game 2217 (Tier2Combined vs Baseline): 1-0 {White wins by adjudication}
Score of Tier2Combined vs Baseline: 862 - 727 - 631  [0.530] 2220
Started game 2233 of 10000 (Tier2Combined vs Baseline)
Finished game 2222 (Baseline vs Tier2Combined): 1-0 {White wins by adjudication}
Score of Tier2Combined vs Baseline: 862 - 728 - 631  [0.530] 2221
Started game 2234 of 10000 (Baseline vs Tier2Combined)
Finished game 2220 (Baseline vs Tier2Combined): 1-0 {White wins by adjudication}
Score of Tier2Combined vs Baseline: 862 - 729 - 631  [0.530] 2222
Started game 2235 of 10000 (Tier2Combined vs Baseline)
Finished game 2223 (Tier2Combined vs Baseline): 0-1 {Black wins by adjudication}
Score of Tier2Combined vs Baseline: 862 - 730 - 631  [0.530] 2223
Started game 2236 of 10000 (Baseline vs Tier2Combined)
Finished game 2226 (Baseline vs Tier2Combined): 1-0 {White wins by adjudication}
Score of Tier2Combined vs Baseline: 862 - 731 - 631  [0.529] 2224
Started game 2237 of 10000 (Tier2Combined vs Baseline)
Finished game 2227 (Tier2Combined vs Baseline): 0-1 {Black wins by adjudication}
Score of Tier2Combined vs Baseline: 862 - 732 - 631  [0.529] 2225
Started game 2238 of 10000 (Baseline vs Tier2Combined)
Finished game 2228 (Baseline vs Tier2Combined): 1-0 {White wins by adjudication}
Score of Tier2Combined vs Baseline: 862 - 733 - 631  [0.529] 2226
Started game 2239 of 10000 (Tier2Combined vs Baseline)
Finished game 2229 (Tier2Combined vs Baseline): 0-1 {Black wins by adjudication}
Score of Tier2Combined vs Baseline: 862 - 734 - 631  [0.529] 2227
Started game 2240 of 10000 (Baseline vs Tier2Combined)
Finished game 2224 (Baseline vs Tier2Combined): 0-1 {Black wins by adjudication}
Score of Tier2Combined vs Baseline: 863 - 734 - 631  [0.529] 2228
Started game 2241 of 10000 (Tier2Combined vs Baseline)
Finished game 2225 (Tier2Combined vs Baseline): 0-1 {Black wins by adjudication}
Score of Tier2Combined vs Baseline: 863 - 735 - 631  [0.529] 2229
Started game 2242 of 10000 (Baseline vs Tier2Combined)
Finished game 2230 (Baseline vs Tier2Combined): 1-0 {White wins by adjudication}
Score of Tier2Combined vs Baseline: 863 - 736 - 631  [0.528] 2230
Started game 2243 of 10000 (Tier2Combined vs Baseline)
Finished game 2232 (Baseline vs Tier2Combined): 1/2-1/2 {Draw by adjudication}
Score of Tier2Combined vs Baseline: 863 - 736 - 632  [0.528] 2231
Started game 2244 of 10000 (Baseline vs Tier2Combined)
Finished game 2231 (Tier2Combined vs Baseline): 1/2-1/2 {Draw by adjudication}
Score of Tier2Combined vs Baseline: 863 - 736 - 633  [0.528] 2232
Started game 2245 of 10000 (Tier2Combined vs Baseline)
Finished game 2238 (Baseline vs Tier2Combined): 0-1 {Black wins by adjudication}
Score of Tier2Combined vs Baseline: 864 - 736 - 633  [0.529] 2233
Started game 2246 of 10000 (Baseline vs Tier2Combined)
Finished game 2239 (Tier2Combined vs Baseline): 1/2-1/2 {Draw by 3-fold repetition}
Score of Tier2Combined vs Baseline: 864 - 736 - 634  [0.529] 2234
Started game 2247 of 10000 (Tier2Combined vs Baseline)
Finished game 2237 (Tier2Combined vs Baseline): 1-0 {White wins by adjudication}
Score of Tier2Combined vs Baseline: 865 - 736 - 634  [0.529] 2235
Started game 2248 of 10000 (Baseline vs Tier2Combined)
Finished game 2234 (Baseline vs Tier2Combined): 0-1 {Black wins by adjudication}
Score of Tier2Combined vs Baseline: 866 - 736 - 634  [0.529] 2236
Started game 2249 of 10000 (Tier2Combined vs Baseline)
Finished game 2240 (Baseline vs Tier2Combined): 1-0 {White wins by adjudication}
Score of Tier2Combined vs Baseline: 866 - 737 - 634  [0.529] 2237
Started game 2250 of 10000 (Baseline vs Tier2Combined)
Finished game 2236 (Baseline vs Tier2Combined): 1-0 {White wins by adjudication}
Score of Tier2Combined vs Baseline: 866 - 738 - 634  [0.529] 2238
Started game 2251 of 10000 (Tier2Combined vs Baseline)
Finished game 2241 (Tier2Combined vs Baseline): 1-0 {White wins by adjudication}
Score of Tier2Combined vs Baseline: 867 - 738 - 634  [0.529] 2239
Started game 2252 of 10000 (Baseline vs Tier2Combined)
Finished game 2242 (Baseline vs Tier2Combined): 0-1 {Black wins by adjudication}
Score of Tier2Combined vs Baseline: 868 - 738 - 634  [0.529] 2240
Started game 2253 of 10000 (Tier2Combined vs Baseline)
Finished game 2233 (Tier2Combined vs Baseline): 1/2-1/2 {Draw by fifty moves rule}
Score of Tier2Combined vs Baseline: 868 - 738 - 635  [0.529] 2241
Started game 2254 of 10000 (Baseline vs Tier2Combined)
Finished game 2244 (Baseline vs Tier2Combined): 1/2-1/2 {Draw by 3-fold repetition}
Score of Tier2Combined vs Baseline: 868 - 738 - 636  [0.529] 2242
Started game 2255 of 10000 (Tier2Combined vs Baseline)
Finished game 2243 (Tier2Combined vs Baseline): 1/2-1/2 {Draw by insufficient mating material}
Score of Tier2Combined vs Baseline: 868 - 738 - 637  [0.529] 2243
Started game 2256 of 10000 (Baseline vs Tier2Combined)
Finished game 2247 (Tier2Combined vs Baseline): 0-1 {Black wins by adjudication}
Score of Tier2Combined vs Baseline: 868 - 739 - 637  [0.529] 2244
Started game 2257 of 10000 (Tier2Combined vs Baseline)
Finished game 2248 (Baseline vs Tier2Combined): 1/2-1/2 {Draw by 3-fold repetition}
Score of Tier2Combined vs Baseline: 868 - 739 - 638  [0.529] 2245
Started game 2258 of 10000 (Baseline vs Tier2Combined)
Finished game 2235 (Tier2Combined vs Baseline): 0-1 {Black wins by adjudication}
Score of Tier2Combined vs Baseline: 868 - 740 - 638  [0.528] 2246
Started game 2259 of 10000 (Tier2Combined vs Baseline)
Finished game 2250 (Baseline vs Tier2Combined): 0-1 {Black wins by adjudication}
Score of Tier2Combined vs Baseline: 869 - 740 - 638  [0.529] 2247
Started game 2260 of 10000 (Baseline vs Tier2Combined)
Finished game 2249 (Tier2Combined vs Baseline): 0-1 {Black wins by adjudication}
Score of Tier2Combined vs Baseline: 869 - 741 - 638  [0.528] 2248
Started game 2261 of 10000 (Tier2Combined vs Baseline)
Finished game 2245 (Tier2Combined vs Baseline): 1/2-1/2 {Draw by fifty moves rule}
Score of Tier2Combined vs Baseline: 869 - 741 - 639  [0.528] 2249
Started game 2262 of 10000 (Baseline vs Tier2Combined)
Finished game 2253 (Tier2Combined vs Baseline): 1-0 {White wins by adjudication}
Score of Tier2Combined vs Baseline: 870 - 741 - 639  [0.529] 2250
Started game 2263 of 10000 (Tier2Combined vs Baseline)
Finished game 2252 (Baseline vs Tier2Combined): 0-1 {Black wins by adjudication}
Score of Tier2Combined vs Baseline: 871 - 741 - 639  [0.529] 2251
Started game 2264 of 10000 (Baseline vs Tier2Combined)
Finished game 2251 (Tier2Combined vs Baseline): 1-0 {White wins by adjudication}
Score of Tier2Combined vs Baseline: 872 - 741 - 639  [0.529] 2252
Started game 2265 of 10000 (Tier2Combined vs Baseline)
Finished game 2254 (Baseline vs Tier2Combined): 1/2-1/2 {Draw by adjudication}
Score of Tier2Combined vs Baseline: 872 - 741 - 640  [0.529] 2253
Started game 2266 of 10000 (Baseline vs Tier2Combined)
Finished game 2255 (Tier2Combined vs Baseline): 1-0 {White wins by adjudication}
Score of Tier2Combined vs Baseline: 873 - 741 - 640  [0.529] 2254
Started game 2267 of 10000 (Tier2Combined vs Baseline)
Finished game 2246 (Baseline vs Tier2Combined): 1/2-1/2 {Draw by fifty moves rule}
Score of Tier2Combined vs Baseline: 873 - 741 - 641  [0.529] 2255
Started game 2268 of 10000 (Baseline vs Tier2Combined)
Finished game 2256 (Baseline vs Tier2Combined): 1/2-1/2 {Draw by adjudication}
Score of Tier2Combined vs Baseline: 873 - 741 - 642  [0.529] 2256
Started game 2269 of 10000 (Tier2Combined vs Baseline)
Finished game 2259 (Tier2Combined vs Baseline): 0-1 {Black wins by adjudication}
Score of Tier2Combined vs Baseline: 873 - 742 - 642  [0.529] 2257
Started game 2270 of 10000 (Baseline vs Tier2Combined)
Finished game 2263 (Tier2Combined vs Baseline): 1-0 {White wins by adjudication}
Score of Tier2Combined vs Baseline: 874 - 742 - 642  [0.529] 2258
Started game 2271 of 10000 (Tier2Combined vs Baseline)
Finished game 2257 (Tier2Combined vs Baseline): 1/2-1/2 {Draw by 3-fold repetition}
Score of Tier2Combined vs Baseline: 874 - 742 - 643  [0.529] 2259
Started game 2272 of 10000 (Baseline vs Tier2Combined)
Finished game 2266 (Baseline vs Tier2Combined): 0-1 {Black wins by adjudication}
Score of Tier2Combined vs Baseline: 875 - 742 - 643  [0.529] 2260
Started game 2273 of 10000 (Tier2Combined vs Baseline)
Finished game 2262 (Baseline vs Tier2Combined): 1-0 {White wins by adjudication}
Score of Tier2Combined vs Baseline: 875 - 743 - 643  [0.529] 2261
Started game 2274 of 10000 (Baseline vs Tier2Combined)
Finished game 2261 (Tier2Combined vs Baseline): 0-1 {Black wins by adjudication}
Score of Tier2Combined vs Baseline: 875 - 744 - 643  [0.529] 2262
Started game 2275 of 10000 (Tier2Combined vs Baseline)
Finished game 2260 (Baseline vs Tier2Combined): 1/2-1/2 {Draw by 3-fold repetition}
Score of Tier2Combined vs Baseline: 875 - 744 - 644  [0.529] 2263
Started game 2276 of 10000 (Baseline vs Tier2Combined)
Finished game 2265 (Tier2Combined vs Baseline): 1-0 {White wins by adjudication}
Score of Tier2Combined vs Baseline: 876 - 744 - 644  [0.529] 2264
Started game 2277 of 10000 (Tier2Combined vs Baseline)
Finished game 2270 (Baseline vs Tier2Combined): 0-1 {Black wins by adjudication}
Score of Tier2Combined vs Baseline: 877 - 744 - 644  [0.529] 2265
Started game 2278 of 10000 (Baseline vs Tier2Combined)
Finished game 2267 (Tier2Combined vs Baseline): 1-0 {White wins by adjudication}
Score of Tier2Combined vs Baseline: 878 - 744 - 644  [0.530] 2266
Started game 2279 of 10000 (Tier2Combined vs Baseline)
Finished game 2269 (Tier2Combined vs Baseline): 0-1 {Black wins by adjudication}
Score of Tier2Combined vs Baseline: 878 - 745 - 644  [0.529] 2267
Started game 2280 of 10000 (Baseline vs Tier2Combined)
Finished game 2264 (Baseline vs Tier2Combined): 1/2-1/2 {Draw by insufficient mating material}
Score of Tier2Combined vs Baseline: 878 - 745 - 645  [0.529] 2268
Started game 2281 of 10000 (Tier2Combined vs Baseline)
Finished game 2258 (Baseline vs Tier2Combined): 1/2-1/2 {Draw by adjudication}
Score of Tier2Combined vs Baseline: 878 - 745 - 646  [0.529] 2269
Started game 2282 of 10000 (Baseline vs Tier2Combined)
Finished game 2268 (Baseline vs Tier2Combined): 0-1 {Black wins by adjudication}
Score of Tier2Combined vs Baseline: 879 - 745 - 646  [0.530] 2270
Started game 2283 of 10000 (Tier2Combined vs Baseline)
Finished game 2273 (Tier2Combined vs Baseline): 1-0 {White wins by adjudication}
Score of Tier2Combined vs Baseline: 880 - 745 - 646  [0.530] 2271
Started game 2284 of 10000 (Baseline vs Tier2Combined)
Finished game 2272 (Baseline vs Tier2Combined): 0-1 {Black wins by adjudication}
Score of Tier2Combined vs Baseline: 881 - 745 - 646  [0.530] 2272
Started game 2285 of 10000 (Tier2Combined vs Baseline)
Finished game 2274 (Baseline vs Tier2Combined): 0-1 {Black wins by adjudication}
Score of Tier2Combined vs Baseline: 882 - 745 - 646  [0.530] 2273
Started game 2286 of 10000 (Baseline vs Tier2Combined)
Finished game 2275 (Tier2Combined vs Baseline): 1-0 {White wins by adjudication}
Score of Tier2Combined vs Baseline: 883 - 745 - 646  [0.530] 2274
Started game 2287 of 10000 (Tier2Combined vs Baseline)
Finished game 2271 (Tier2Combined vs Baseline): 1/2-1/2 {Draw by adjudication}
Score of Tier2Combined vs Baseline: 883 - 745 - 647  [0.530] 2275
Started game 2288 of 10000 (Baseline vs Tier2Combined)
Finished game 2279 (Tier2Combined vs Baseline): 1-0 {White wins by adjudication}
Score of Tier2Combined vs Baseline: 884 - 745 - 647  [0.531] 2276
Started game 2289 of 10000 (Tier2Combined vs Baseline)
Finished game 2276 (Baseline vs Tier2Combined): 1-0 {White wins by adjudication}
Score of Tier2Combined vs Baseline: 884 - 746 - 647  [0.530] 2277
Started game 2290 of 10000 (Baseline vs Tier2Combined)
Finished game 2277 (Tier2Combined vs Baseline): 0-1 {Black wins by adjudication}
Score of Tier2Combined vs Baseline: 884 - 747 - 647  [0.530] 2278
Started game 2291 of 10000 (Tier2Combined vs Baseline)
Finished game 2280 (Baseline vs Tier2Combined): 0-1 {Black wins by adjudication}
Score of Tier2Combined vs Baseline: 885 - 747 - 647  [0.530] 2279
Started game 2292 of 10000 (Baseline vs Tier2Combined)
Finished game 2278 (Baseline vs Tier2Combined): 1/2-1/2 {Draw by adjudication}
Score of Tier2Combined vs Baseline: 885 - 747 - 648  [0.530] 2280
Started game 2293 of 10000 (Tier2Combined vs Baseline)
Finished game 2281 (Tier2Combined vs Baseline): 0-1 {Black wins by adjudication}
Score of Tier2Combined vs Baseline: 885 - 748 - 648  [0.530] 2281
Started game 2294 of 10000 (Baseline vs Tier2Combined)
Finished game 2286 (Baseline vs Tier2Combined): 0-1 {Black wins by adjudication}
Score of Tier2Combined vs Baseline: 886 - 748 - 648  [0.530] 2282
Started game 2295 of 10000 (Tier2Combined vs Baseline)
Finished game 2284 (Baseline vs Tier2Combined): 1-0 {White wins by adjudication}
Score of Tier2Combined vs Baseline: 886 - 749 - 648  [0.530] 2283
Started game 2296 of 10000 (Baseline vs Tier2Combined)
Finished game 2283 (Tier2Combined vs Baseline): 1-0 {White wins by adjudication}
Score of Tier2Combined vs Baseline: 887 - 749 - 648  [0.530] 2284
Started game 2297 of 10000 (Tier2Combined vs Baseline)
Finished game 2282 (Baseline vs Tier2Combined): 1/2-1/2 {Draw by adjudication}
Score of Tier2Combined vs Baseline: 887 - 749 - 649  [0.530] 2285
Started game 2298 of 10000 (Baseline vs Tier2Combined)
Finished game 2292 (Baseline vs Tier2Combined): 1/2-1/2 {Draw by 3-fold repetition}
Score of Tier2Combined vs Baseline: 887 - 749 - 650  [0.530] 2286
Started game 2299 of 10000 (Tier2Combined vs Baseline)
Finished game 2289 (Tier2Combined vs Baseline): 1-0 {White wins by adjudication}
Score of Tier2Combined vs Baseline: 888 - 749 - 650  [0.530] 2287
Started game 2300 of 10000 (Baseline vs Tier2Combined)
Finished game 2287 (Tier2Combined vs Baseline): 1-0 {White wins by adjudication}
Score of Tier2Combined vs Baseline: 889 - 749 - 650  [0.531] 2288
Started game 2301 of 10000 (Tier2Combined vs Baseline)
Finished game 2288 (Baseline vs Tier2Combined): 0-1 {Black wins by adjudication}
Score of Tier2Combined vs Baseline: 890 - 749 - 650  [0.531] 2289
Started game 2302 of 10000 (Baseline vs Tier2Combined)
Finished game 2290 (Baseline vs Tier2Combined): 0-1 {Black wins by adjudication}
Score of Tier2Combined vs Baseline: 891 - 749 - 650  [0.531] 2290
Started game 2303 of 10000 (Tier2Combined vs Baseline)
Finished game 2291 (Tier2Combined vs Baseline): 1/2-1/2 {Draw by adjudication}
Score of Tier2Combined vs Baseline: 891 - 749 - 651  [0.531] 2291
Started game 2304 of 10000 (Baseline vs Tier2Combined)
Finished game 2293 (Tier2Combined vs Baseline): 0-1 {Black wins by adjudication}
Score of Tier2Combined vs Baseline: 891 - 750 - 651  [0.531] 2292
Started game 2305 of 10000 (Tier2Combined vs Baseline)
Finished game 2285 (Tier2Combined vs Baseline): 1-0 {White wins by adjudication}
Score of Tier2Combined vs Baseline: 892 - 750 - 651  [0.531] 2293
Started game 2306 of 10000 (Baseline vs Tier2Combined)
Finished game 2297 (Tier2Combined vs Baseline): 0-1 {Black wins by adjudication}
Score of Tier2Combined vs Baseline: 892 - 751 - 651  [0.531] 2294
Started game 2307 of 10000 (Tier2Combined vs Baseline)
Finished game 2296 (Baseline vs Tier2Combined): 1-0 {White wins by adjudication}
Score of Tier2Combined vs Baseline: 892 - 752 - 651  [0.531] 2295
Started game 2308 of 10000 (Baseline vs Tier2Combined)
Finished game 2300 (Baseline vs Tier2Combined): 1/2-1/2 {Draw by 3-fold repetition}
Score of Tier2Combined vs Baseline: 892 - 752 - 652  [0.530] 2296
Started game 2309 of 10000 (Tier2Combined vs Baseline)
Finished game 2298 (Baseline vs Tier2Combined): 0-1 {Black wins by adjudication}
Score of Tier2Combined vs Baseline: 893 - 752 - 652  [0.531] 2297
Started game 2310 of 10000 (Baseline vs Tier2Combined)
Finished game 2295 (Tier2Combined vs Baseline): 1/2-1/2 {Draw by insufficient mating material}
Score of Tier2Combined vs Baseline: 893 - 752 - 653  [0.531] 2298
Started game 2311 of 10000 (Tier2Combined vs Baseline)
Finished game 2303 (Tier2Combined vs Baseline): 1-0 {White wins by adjudication}
Score of Tier2Combined vs Baseline: 894 - 752 - 653  [0.531] 2299
Started game 2312 of 10000 (Baseline vs Tier2Combined)
Finished game 2301 (Tier2Combined vs Baseline): 1-0 {White wins by adjudication}
Score of Tier2Combined vs Baseline: 895 - 752 - 653  [0.531] 2300
Started game 2313 of 10000 (Tier2Combined vs Baseline)
Finished game 2299 (Tier2Combined vs Baseline): 1/2-1/2 {Draw by fifty moves rule}
Score of Tier2Combined vs Baseline: 895 - 752 - 654  [0.531] 2301
Started game 2314 of 10000 (Baseline vs Tier2Combined)
Finished game 2294 (Baseline vs Tier2Combined): 1-0 {White wins by adjudication}
Score of Tier2Combined vs Baseline: 895 - 753 - 654  [0.531] 2302
Started game 2315 of 10000 (Tier2Combined vs Baseline)
Finished game 2302 (Baseline vs Tier2Combined): 0-1 {Black wins by adjudication}
Score of Tier2Combined vs Baseline: 896 - 753 - 654  [0.531] 2303
Started game 2316 of 10000 (Baseline vs Tier2Combined)
Finished game 2306 (Baseline vs Tier2Combined): 1/2-1/2 {Draw by 3-fold repetition}
Score of Tier2Combined vs Baseline: 896 - 753 - 655  [0.531] 2304
Started game 2317 of 10000 (Tier2Combined vs Baseline)
Finished game 2304 (Baseline vs Tier2Combined): 1-0 {White wins by adjudication}
Score of Tier2Combined vs Baseline: 896 - 754 - 655  [0.531] 2305
Started game 2318 of 10000 (Baseline vs Tier2Combined)
Finished game 2305 (Tier2Combined vs Baseline): 1-0 {White wins by adjudication}
Score of Tier2Combined vs Baseline: 897 - 754 - 655  [0.531] 2306
Started game 2319 of 10000 (Tier2Combined vs Baseline)
Finished game 2308 (Baseline vs Tier2Combined): 1/2-1/2 {Draw by insufficient mating material}
Score of Tier2Combined vs Baseline: 897 - 754 - 656  [0.531] 2307
Started game 2320 of 10000 (Baseline vs Tier2Combined)
Finished game 2310 (Baseline vs Tier2Combined): 0-1 {Black wins by adjudication}
Score of Tier2Combined vs Baseline: 898 - 754 - 656  [0.531] 2308
Started game 2321 of 10000 (Tier2Combined vs Baseline)
Finished game 2309 (Tier2Combined vs Baseline): 0-1 {Black wins by adjudication}
Score of Tier2Combined vs Baseline: 898 - 755 - 656  [0.531] 2309
Started game 2322 of 10000 (Baseline vs Tier2Combined)
Finished game 2316 (Baseline vs Tier2Combined): 0-1 {Black wins by adjudication}
Score of Tier2Combined vs Baseline: 899 - 755 - 656  [0.531] 2310
Started game 2323 of 10000 (Tier2Combined vs Baseline)
Finished game 2314 (Baseline vs Tier2Combined): 1/2-1/2 {Draw by stalemate}
Score of Tier2Combined vs Baseline: 899 - 755 - 657  [0.531] 2311
Started game 2324 of 10000 (Baseline vs Tier2Combined)
Finished game 2311 (Tier2Combined vs Baseline): 0-1 {Black wins by adjudication}
Score of Tier2Combined vs Baseline: 899 - 756 - 657  [0.531] 2312
Started game 2325 of 10000 (Tier2Combined vs Baseline)
Finished game 2307 (Tier2Combined vs Baseline): 0-1 {Black mates}
Score of Tier2Combined vs Baseline: 899 - 757 - 657  [0.531] 2313
Started game 2326 of 10000 (Baseline vs Tier2Combined)
Finished game 2312 (Baseline vs Tier2Combined): 0-1 {Black wins by adjudication}
Score of Tier2Combined vs Baseline: 900 - 757 - 657  [0.531] 2314
Started game 2327 of 10000 (Tier2Combined vs Baseline)
Finished game 2315 (Tier2Combined vs Baseline): 0-1 {Black wins by adjudication}
Score of Tier2Combined vs Baseline: 900 - 758 - 657  [0.531] 2315
Started game 2328 of 10000 (Baseline vs Tier2Combined)
Finished game 2320 (Baseline vs Tier2Combined): 1/2-1/2 {Draw by 3-fold repetition}
Score of Tier2Combined vs Baseline: 900 - 758 - 658  [0.531] 2316
Started game 2329 of 10000 (Tier2Combined vs Baseline)
Finished game 2317 (Tier2Combined vs Baseline): 1-0 {White wins by adjudication}
Score of Tier2Combined vs Baseline: 901 - 758 - 658  [0.531] 2317
Started game 2330 of 10000 (Baseline vs Tier2Combined)
Finished game 2313 (Tier2Combined vs Baseline): 1/2-1/2 {Draw by adjudication}
Score of Tier2Combined vs Baseline: 901 - 758 - 659  [0.531] 2318
Started game 2331 of 10000 (Tier2Combined vs Baseline)
Finished game 2318 (Baseline vs Tier2Combined): 1/2-1/2 {Draw by stalemate}
Score of Tier2Combined vs Baseline: 901 - 758 - 660  [0.531] 2319
Started game 2332 of 10000 (Baseline vs Tier2Combined)
Finished game 2319 (Tier2Combined vs Baseline): 1-0 {White wins by adjudication}
Score of Tier2Combined vs Baseline: 902 - 758 - 660  [0.531] 2320
Started game 2333 of 10000 (Tier2Combined vs Baseline)
Finished game 2322 (Baseline vs Tier2Combined): 1-0 {White wins by adjudication}
Score of Tier2Combined vs Baseline: 902 - 759 - 660  [0.531] 2321
Started game 2334 of 10000 (Baseline vs Tier2Combined)
Finished game 2324 (Baseline vs Tier2Combined): 1-0 {White wins by adjudication}
Score of Tier2Combined vs Baseline: 902 - 760 - 660  [0.531] 2322
Started game 2335 of 10000 (Tier2Combined vs Baseline)
Finished game 2327 (Tier2Combined vs Baseline): 1-0 {White wins by adjudication}
Score of Tier2Combined vs Baseline: 903 - 760 - 660  [0.531] 2323
Started game 2336 of 10000 (Baseline vs Tier2Combined)
Finished game 2326 (Baseline vs Tier2Combined): 1/2-1/2 {Draw by 3-fold repetition}
Score of Tier2Combined vs Baseline: 903 - 760 - 661  [0.531] 2324
Started game 2337 of 10000 (Tier2Combined vs Baseline)
Finished game 2325 (Tier2Combined vs Baseline): 1/2-1/2 {Draw by 3-fold repetition}
Score of Tier2Combined vs Baseline: 903 - 760 - 662  [0.531] 2325
Started game 2338 of 10000 (Baseline vs Tier2Combined)
Finished game 2323 (Tier2Combined vs Baseline): 1-0 {White wins by adjudication}
Score of Tier2Combined vs Baseline: 904 - 760 - 662  [0.531] 2326
Started game 2339 of 10000 (Tier2Combined vs Baseline)
Finished game 2321 (Tier2Combined vs Baseline): 1/2-1/2 {Draw by insufficient mating material}
Score of Tier2Combined vs Baseline: 904 - 760 - 663  [0.531] 2327
Started game 2340 of 10000 (Baseline vs Tier2Combined)
Finished game 2328 (Baseline vs Tier2Combined): 1-0 {White wins by adjudication}
Score of Tier2Combined vs Baseline: 904 - 761 - 663  [0.531] 2328
Started game 2341 of 10000 (Tier2Combined vs Baseline)
Finished game 2329 (Tier2Combined vs Baseline): 1-0 {White wins by adjudication}
Score of Tier2Combined vs Baseline: 905 - 761 - 663  [0.531] 2329
Started game 2342 of 10000 (Baseline vs Tier2Combined)
Finished game 2330 (Baseline vs Tier2Combined): 0-1 {Black wins by adjudication}
Score of Tier2Combined vs Baseline: 906 - 761 - 663  [0.531] 2330
Started game 2343 of 10000 (Tier2Combined vs Baseline)
Finished game 2331 (Tier2Combined vs Baseline): 0-1 {Black wins by adjudication}
Score of Tier2Combined vs Baseline: 906 - 762 - 663  [0.531] 2331
Started game 2344 of 10000 (Baseline vs Tier2Combined)
Finished game 2333 (Tier2Combined vs Baseline): 0-1 {Black wins by adjudication}
Score of Tier2Combined vs Baseline: 906 - 763 - 663  [0.531] 2332
Started game 2345 of 10000 (Tier2Combined vs Baseline)
Finished game 2332 (Baseline vs Tier2Combined): 1/2-1/2 {Draw by adjudication}
Score of Tier2Combined vs Baseline: 906 - 763 - 664  [0.531] 2333
Started game 2346 of 10000 (Baseline vs Tier2Combined)
Finished game 2338 (Baseline vs Tier2Combined): 1-0 {White wins by adjudication}
Score of Tier2Combined vs Baseline: 906 - 764 - 664  [0.530] 2334
Started game 2347 of 10000 (Tier2Combined vs Baseline)
Finished game 2339 (Tier2Combined vs Baseline): 1/2-1/2 {Draw by 3-fold repetition}
Score of Tier2Combined vs Baseline: 906 - 764 - 665  [0.530] 2335
Started game 2348 of 10000 (Baseline vs Tier2Combined)
Finished game 2335 (Tier2Combined vs Baseline): 1-0 {White wins by adjudication}
Score of Tier2Combined vs Baseline: 907 - 764 - 665  [0.531] 2336
Started game 2349 of 10000 (Tier2Combined vs Baseline)
Finished game 2334 (Baseline vs Tier2Combined): 1-0 {White wins by adjudication}
Score of Tier2Combined vs Baseline: 907 - 765 - 665  [0.530] 2337
Started game 2350 of 10000 (Baseline vs Tier2Combined)
Finished game 2336 (Baseline vs Tier2Combined): 1-0 {White wins by adjudication}
Score of Tier2Combined vs Baseline: 907 - 766 - 665  [0.530] 2338
Started game 2351 of 10000 (Tier2Combined vs Baseline)
Finished game 2343 (Tier2Combined vs Baseline): 1-0 {White wins by adjudication}
Score of Tier2Combined vs Baseline: 908 - 766 - 665  [0.530] 2339
Started game 2352 of 10000 (Baseline vs Tier2Combined)
Finished game 2344 (Baseline vs Tier2Combined): 1-0 {White wins by adjudication}
Score of Tier2Combined vs Baseline: 908 - 767 - 665  [0.530] 2340
Started game 2353 of 10000 (Tier2Combined vs Baseline)
Finished game 2341 (Tier2Combined vs Baseline): 0-1 {Black wins by adjudication}
Score of Tier2Combined vs Baseline: 908 - 768 - 665  [0.530] 2341
Started game 2354 of 10000 (Baseline vs Tier2Combined)
Finished game 2345 (Tier2Combined vs Baseline): 0-1 {Black wins by adjudication}
Score of Tier2Combined vs Baseline: 908 - 769 - 665  [0.530] 2342
Started game 2355 of 10000 (Tier2Combined vs Baseline)
Finished game 2342 (Baseline vs Tier2Combined): 0-1 {Black wins by adjudication}
Score of Tier2Combined vs Baseline: 909 - 769 - 665  [0.530] 2343
Started game 2356 of 10000 (Baseline vs Tier2Combined)
Finished game 2337 (Tier2Combined vs Baseline): 1/2-1/2 {Draw by insufficient mating material}
Score of Tier2Combined vs Baseline: 909 - 769 - 666  [0.530] 2344
Started game 2357 of 10000 (Tier2Combined vs Baseline)
Finished game 2340 (Baseline vs Tier2Combined): 1/2-1/2 {Draw by fifty moves rule}
Score of Tier2Combined vs Baseline: 909 - 769 - 667  [0.530] 2345
Started game 2358 of 10000 (Baseline vs Tier2Combined)
Finished game 2351 (Tier2Combined vs Baseline): 1/2-1/2 {Draw by 3-fold repetition}
Score of Tier2Combined vs Baseline: 909 - 769 - 668  [0.530] 2346
Started game 2359 of 10000 (Tier2Combined vs Baseline)
Finished game 2346 (Baseline vs Tier2Combined): 0-1 {Black wins by adjudication}
Score of Tier2Combined vs Baseline: 910 - 769 - 668  [0.530] 2347
Started game 2360 of 10000 (Baseline vs Tier2Combined)
Finished game 2347 (Tier2Combined vs Baseline): 1-0 {White wins by adjudication}
Score of Tier2Combined vs Baseline: 911 - 769 - 668  [0.530] 2348
Started game 2361 of 10000 (Tier2Combined vs Baseline)
Finished game 2353 (Tier2Combined vs Baseline): 0-1 {Black wins by adjudication}
Score of Tier2Combined vs Baseline: 911 - 770 - 668  [0.530] 2349
Started game 2362 of 10000 (Baseline vs Tier2Combined)
Finished game 2350 (Baseline vs Tier2Combined): 1-0 {White wins by adjudication}
Score of Tier2Combined vs Baseline: 911 - 771 - 668  [0.530] 2350
Started game 2363 of 10000 (Tier2Combined vs Baseline)
Finished game 2349 (Tier2Combined vs Baseline): 1/2-1/2 {Draw by 3-fold repetition}
Score of Tier2Combined vs Baseline: 911 - 771 - 669  [0.530] 2351
Started game 2364 of 10000 (Baseline vs Tier2Combined)
Finished game 2348 (Baseline vs Tier2Combined): 1/2-1/2 {Draw by 3-fold repetition}
Score of Tier2Combined vs Baseline: 911 - 771 - 670  [0.530] 2352
Started game 2365 of 10000 (Tier2Combined vs Baseline)
Finished game 2352 (Baseline vs Tier2Combined): 1/2-1/2 {Draw by adjudication}
Score of Tier2Combined vs Baseline: 911 - 771 - 671  [0.530] 2353
Started game 2366 of 10000 (Baseline vs Tier2Combined)
Finished game 2359 (Tier2Combined vs Baseline): 1-0 {White wins by adjudication}
Score of Tier2Combined vs Baseline: 912 - 771 - 671  [0.530] 2354
Started game 2367 of 10000 (Tier2Combined vs Baseline)
Finished game 2356 (Baseline vs Tier2Combined): 1-0 {White wins by adjudication}
Score of Tier2Combined vs Baseline: 912 - 772 - 671  [0.530] 2355
Started game 2368 of 10000 (Baseline vs Tier2Combined)
Finished game 2362 (Baseline vs Tier2Combined): 1/2-1/2 {Draw by 3-fold repetition}
Score of Tier2Combined vs Baseline: 912 - 772 - 672  [0.530] 2356
Started game 2369 of 10000 (Tier2Combined vs Baseline)
Finished game 2355 (Tier2Combined vs Baseline): 0-1 {Black wins by adjudication}
Score of Tier2Combined vs Baseline: 912 - 773 - 672  [0.529] 2357
Started game 2370 of 10000 (Baseline vs Tier2Combined)
Finished game 2358 (Baseline vs Tier2Combined): 1/2-1/2 {Draw by adjudication}
Score of Tier2Combined vs Baseline: 912 - 773 - 673  [0.529] 2358
Started game 2371 of 10000 (Tier2Combined vs Baseline)
Finished game 2354 (Baseline vs Tier2Combined): 1/2-1/2 {Draw by adjudication}
Score of Tier2Combined vs Baseline: 912 - 773 - 674  [0.529] 2359
Started game 2372 of 10000 (Baseline vs Tier2Combined)
Finished game 2357 (Tier2Combined vs Baseline): 0-1 {Black wins by adjudication}
Score of Tier2Combined vs Baseline: 912 - 774 - 674  [0.529] 2360
Started game 2373 of 10000 (Tier2Combined vs Baseline)
Finished game 2360 (Baseline vs Tier2Combined): 1-0 {White wins by adjudication}
Score of Tier2Combined vs Baseline: 912 - 775 - 674  [0.529] 2361
Started game 2374 of 10000 (Baseline vs Tier2Combined)
Finished game 2361 (Tier2Combined vs Baseline): 1/2-1/2 {Draw by adjudication}
Score of Tier2Combined vs Baseline: 912 - 775 - 675  [0.529] 2362
Started game 2375 of 10000 (Tier2Combined vs Baseline)
Finished game 2363 (Tier2Combined vs Baseline): 0-1 {Black wins by adjudication}
Score of Tier2Combined vs Baseline: 912 - 776 - 675  [0.529] 2363
Started game 2376 of 10000 (Baseline vs Tier2Combined)
Finished game 2365 (Tier2Combined vs Baseline): 0-1 {Black wins by adjudication}
Score of Tier2Combined vs Baseline: 912 - 777 - 675  [0.529] 2364
Started game 2377 of 10000 (Tier2Combined vs Baseline)
Finished game 2366 (Baseline vs Tier2Combined): 0-1 {Black wins by adjudication}
Score of Tier2Combined vs Baseline: 913 - 777 - 675  [0.529] 2365
Started game 2378 of 10000 (Baseline vs Tier2Combined)
Finished game 2364 (Baseline vs Tier2Combined): 1-0 {White wins by adjudication}
Score of Tier2Combined vs Baseline: 913 - 778 - 675  [0.529] 2366
Started game 2379 of 10000 (Tier2Combined vs Baseline)
Finished game 2368 (Baseline vs Tier2Combined): 1/2-1/2 {Draw by adjudication}
Score of Tier2Combined vs Baseline: 913 - 778 - 676  [0.529] 2367
Started game 2380 of 10000 (Baseline vs Tier2Combined)
Finished game 2370 (Baseline vs Tier2Combined): 1-0 {White wins by adjudication}
Score of Tier2Combined vs Baseline: 913 - 779 - 676  [0.528] 2368
Started game 2381 of 10000 (Tier2Combined vs Baseline)
Finished game 2369 (Tier2Combined vs Baseline): 1-0 {White wins by adjudication}
Score of Tier2Combined vs Baseline: 914 - 779 - 676  [0.528] 2369
Started game 2382 of 10000 (Baseline vs Tier2Combined)
Finished game 2378 (Baseline vs Tier2Combined): 1/2-1/2 {Draw by 3-fold repetition}
Score of Tier2Combined vs Baseline: 914 - 779 - 677  [0.528] 2370
Started game 2383 of 10000 (Tier2Combined vs Baseline)
Finished game 2374 (Baseline vs Tier2Combined): 1-0 {White wins by adjudication}
Score of Tier2Combined vs Baseline: 914 - 780 - 677  [0.528] 2371
Started game 2384 of 10000 (Baseline vs Tier2Combined)
Finished game 2367 (Tier2Combined vs Baseline): 1-0 {White wins by adjudication}
Score of Tier2Combined vs Baseline: 915 - 780 - 677  [0.528] 2372
Started game 2385 of 10000 (Tier2Combined vs Baseline)
Finished game 2372 (Baseline vs Tier2Combined): 1-0 {White wins by adjudication}
Score of Tier2Combined vs Baseline: 915 - 781 - 677  [0.528] 2373
Started game 2386 of 10000 (Baseline vs Tier2Combined)
Finished game 2373 (Tier2Combined vs Baseline): 0-1 {Black wins by adjudication}
Score of Tier2Combined vs Baseline: 915 - 782 - 677  [0.528] 2374
Started game 2387 of 10000 (Tier2Combined vs Baseline)
Finished game 2371 (Tier2Combined vs Baseline): 0-1 {Black wins by adjudication}
Score of Tier2Combined vs Baseline: 915 - 783 - 677  [0.528] 2375
Started game 2388 of 10000 (Baseline vs Tier2Combined)
Finished game 2376 (Baseline vs Tier2Combined): 1-0 {White mates}
Score of Tier2Combined vs Baseline: 915 - 784 - 677  [0.528] 2376
Started game 2389 of 10000 (Tier2Combined vs Baseline)
Finished game 2375 (Tier2Combined vs Baseline): 0-1 {Black wins by adjudication}
Score of Tier2Combined vs Baseline: 915 - 785 - 677  [0.527] 2377
Started game 2390 of 10000 (Baseline vs Tier2Combined)
Finished game 2377 (Tier2Combined vs Baseline): 1/2-1/2 {Draw by insufficient mating material}
Score of Tier2Combined vs Baseline: 915 - 785 - 678  [0.527] 2378
Started game 2391 of 10000 (Tier2Combined vs Baseline)
Finished game 2379 (Tier2Combined vs Baseline): 1-0 {White wins by adjudication}
Score of Tier2Combined vs Baseline: 916 - 785 - 678  [0.528] 2379
Started game 2392 of 10000 (Baseline vs Tier2Combined)
Finished game 2381 (Tier2Combined vs Baseline): 1-0 {White wins by adjudication}
Score of Tier2Combined vs Baseline: 917 - 785 - 678  [0.528] 2380
Started game 2393 of 10000 (Tier2Combined vs Baseline)
Finished game 2380 (Baseline vs Tier2Combined): 1/2-1/2 {Draw by adjudication}
Score of Tier2Combined vs Baseline: 917 - 785 - 679  [0.528] 2381
Started game 2394 of 10000 (Baseline vs Tier2Combined)
Finished game 2384 (Baseline vs Tier2Combined): 1-0 {White wins by adjudication}
Score of Tier2Combined vs Baseline: 917 - 786 - 679  [0.527] 2382
Started game 2395 of 10000 (Tier2Combined vs Baseline)
Finished game 2386 (Baseline vs Tier2Combined): 0-1 {Black wins by adjudication}
Score of Tier2Combined vs Baseline: 918 - 786 - 679  [0.528] 2383
Started game 2396 of 10000 (Baseline vs Tier2Combined)
Finished game 2389 (Tier2Combined vs Baseline): 1-0 {White wins by adjudication}
Score of Tier2Combined vs Baseline: 919 - 786 - 679  [0.528] 2384
Started game 2397 of 10000 (Tier2Combined vs Baseline)
Finished game 2387 (Tier2Combined vs Baseline): 1/2-1/2 {Draw by adjudication}
Score of Tier2Combined vs Baseline: 919 - 786 - 680  [0.528] 2385
Started game 2398 of 10000 (Baseline vs Tier2Combined)
Finished game 2382 (Baseline vs Tier2Combined): 1/2-1/2 {Draw by adjudication}
Score of Tier2Combined vs Baseline: 919 - 786 - 681  [0.528] 2386
Started game 2399 of 10000 (Tier2Combined vs Baseline)
Finished game 2385 (Tier2Combined vs Baseline): 1-0 {White wins by adjudication}
Score of Tier2Combined vs Baseline: 920 - 786 - 681  [0.528] 2387
Started game 2400 of 10000 (Baseline vs Tier2Combined)
Finished game 2388 (Baseline vs Tier2Combined): 1/2-1/2 {Draw by adjudication}
Score of Tier2Combined vs Baseline: 920 - 786 - 682  [0.528] 2388
Started game 2401 of 10000 (Tier2Combined vs Baseline)
Finished game 2383 (Tier2Combined vs Baseline): 1/2-1/2 {Draw by insufficient mating material}
Score of Tier2Combined vs Baseline: 920 - 786 - 683  [0.528] 2389
Started game 2402 of 10000 (Baseline vs Tier2Combined)
Finished game 2391 (Tier2Combined vs Baseline): 1-0 {White wins by adjudication}
Score of Tier2Combined vs Baseline: 921 - 786 - 683  [0.528] 2390
Started game 2403 of 10000 (Tier2Combined vs Baseline)
Finished game 2392 (Baseline vs Tier2Combined): 1-0 {White wins by adjudication}
Score of Tier2Combined vs Baseline: 921 - 787 - 683  [0.528] 2391
Started game 2404 of 10000 (Baseline vs Tier2Combined)
Finished game 2390 (Baseline vs Tier2Combined): 0-1 {Black wins by adjudication}
Score of Tier2Combined vs Baseline: 922 - 787 - 683  [0.528] 2392
Started game 2405 of 10000 (Tier2Combined vs Baseline)
Finished game 2395 (Tier2Combined vs Baseline): 1-0 {White wins by adjudication}
Score of Tier2Combined vs Baseline: 923 - 787 - 683  [0.528] 2393
Started game 2406 of 10000 (Baseline vs Tier2Combined)
Finished game 2393 (Tier2Combined vs Baseline): 1/2-1/2 {Draw by insufficient mating material}
Score of Tier2Combined vs Baseline: 923 - 787 - 684  [0.528] 2394
Started game 2407 of 10000 (Tier2Combined vs Baseline)
Finished game 2397 (Tier2Combined vs Baseline): 0-1 {Black wins by adjudication}
Score of Tier2Combined vs Baseline: 923 - 788 - 684  [0.528] 2395
Started game 2408 of 10000 (Baseline vs Tier2Combined)
Finished game 2394 (Baseline vs Tier2Combined): 1/2-1/2 {Draw by insufficient mating material}
Score of Tier2Combined vs Baseline: 923 - 788 - 685  [0.528] 2396
Started game 2409 of 10000 (Tier2Combined vs Baseline)
Finished game 2398 (Baseline vs Tier2Combined): 1-0 {White wins by adjudication}
Score of Tier2Combined vs Baseline: 923 - 789 - 685  [0.528] 2397
Started game 2410 of 10000 (Baseline vs Tier2Combined)
Finished game 2404 (Baseline vs Tier2Combined): 1/2-1/2 {Draw by 3-fold repetition}
Score of Tier2Combined vs Baseline: 923 - 789 - 686  [0.528] 2398
Started game 2411 of 10000 (Tier2Combined vs Baseline)
Finished game 2399 (Tier2Combined vs Baseline): 1-0 {White wins by adjudication}
Score of Tier2Combined vs Baseline: 924 - 789 - 686  [0.528] 2399
Started game 2412 of 10000 (Baseline vs Tier2Combined)
Finished game 2396 (Baseline vs Tier2Combined): 1-0 {White wins by adjudication}
Score of Tier2Combined vs Baseline: 924 - 790 - 686  [0.528] 2400
Started game 2413 of 10000 (Tier2Combined vs Baseline)
Finished game 2401 (Tier2Combined vs Baseline): 1-0 {White wins by adjudication}
Score of Tier2Combined vs Baseline: 925 - 790 - 686  [0.528] 2401
Started game 2414 of 10000 (Baseline vs Tier2Combined)
Finished game 2400 (Baseline vs Tier2Combined): 1-0 {White wins by adjudication}
Score of Tier2Combined vs Baseline: 925 - 791 - 686  [0.528] 2402
Started game 2415 of 10000 (Tier2Combined vs Baseline)
Finished game 2402 (Baseline vs Tier2Combined): 1-0 {White wins by adjudication}
Score of Tier2Combined vs Baseline: 925 - 792 - 686  [0.528] 2403
Started game 2416 of 10000 (Baseline vs Tier2Combined)
Finished game 2403 (Tier2Combined vs Baseline): 1/2-1/2 {Draw by 3-fold repetition}
Score of Tier2Combined vs Baseline: 925 - 792 - 687  [0.528] 2404
Started game 2417 of 10000 (Tier2Combined vs Baseline)
Finished game 2405 (Tier2Combined vs Baseline): 1/2-1/2 {Draw by adjudication}
Score of Tier2Combined vs Baseline: 925 - 792 - 688  [0.528] 2405
Started game 2418 of 10000 (Baseline vs Tier2Combined)
Finished game 2407 (Tier2Combined vs Baseline): 1-0 {White wins by adjudication}
Score of Tier2Combined vs Baseline: 926 - 792 - 688  [0.528] 2406
Started game 2419 of 10000 (Tier2Combined vs Baseline)
Finished game 2410 (Baseline vs Tier2Combined): 1/2-1/2 {Draw by 3-fold repetition}
Score of Tier2Combined vs Baseline: 926 - 792 - 689  [0.528] 2407
Started game 2420 of 10000 (Baseline vs Tier2Combined)
Finished game 2408 (Baseline vs Tier2Combined): 1-0 {White wins by adjudication}
Score of Tier2Combined vs Baseline: 926 - 793 - 689  [0.528] 2408
Started game 2421 of 10000 (Tier2Combined vs Baseline)
Finished game 2406 (Baseline vs Tier2Combined): 0-1 {Black wins by adjudication}
Score of Tier2Combined vs Baseline: 927 - 793 - 689  [0.528] 2409
Started game 2422 of 10000 (Baseline vs Tier2Combined)
Finished game 2412 (Baseline vs Tier2Combined): 0-1 {Black wins by adjudication}
Score of Tier2Combined vs Baseline: 928 - 793 - 689  [0.528] 2410
Started game 2423 of 10000 (Tier2Combined vs Baseline)
Finished game 2417 (Tier2Combined vs Baseline): 0-1 {Black wins by adjudication}
Score of Tier2Combined vs Baseline: 928 - 794 - 689  [0.528] 2411
Started game 2424 of 10000 (Baseline vs Tier2Combined)
Finished game 2409 (Tier2Combined vs Baseline): 1-0 {White wins by adjudication}
Score of Tier2Combined vs Baseline: 929 - 794 - 689  [0.528] 2412
Started game 2425 of 10000 (Tier2Combined vs Baseline)
Finished game 2414 (Baseline vs Tier2Combined): 1/2-1/2 {Draw by 3-fold repetition}
Score of Tier2Combined vs Baseline: 929 - 794 - 690  [0.528] 2413
Started game 2426 of 10000 (Baseline vs Tier2Combined)
Finished game 2411 (Tier2Combined vs Baseline): 0-1 {Black wins by adjudication}
Score of Tier2Combined vs Baseline: 929 - 795 - 690  [0.528] 2414
Started game 2427 of 10000 (Tier2Combined vs Baseline)
Finished game 2415 (Tier2Combined vs Baseline): 1/2-1/2 {Draw by 3-fold repetition}
Score of Tier2Combined vs Baseline: 929 - 795 - 691  [0.528] 2415
Started game 2428 of 10000 (Baseline vs Tier2Combined)
Finished game 2418 (Baseline vs Tier2Combined): 1/2-1/2 {Draw by 3-fold repetition}
Score of Tier2Combined vs Baseline: 929 - 795 - 692  [0.528] 2416
Started game 2429 of 10000 (Tier2Combined vs Baseline)
Finished game 2416 (Baseline vs Tier2Combined): 1-0 {White wins by adjudication}
Score of Tier2Combined vs Baseline: 929 - 796 - 692  [0.528] 2417
Started game 2430 of 10000 (Baseline vs Tier2Combined)
Finished game 2419 (Tier2Combined vs Baseline): 1/2-1/2 {Draw by 3-fold repetition}
Score of Tier2Combined vs Baseline: 929 - 796 - 693  [0.528] 2418
Started game 2431 of 10000 (Tier2Combined vs Baseline)
Finished game 2413 (Tier2Combined vs Baseline): 1/2-1/2 {Draw by adjudication}
Score of Tier2Combined vs Baseline: 929 - 796 - 694  [0.527] 2419
Started game 2432 of 10000 (Baseline vs Tier2Combined)
Finished game 2421 (Tier2Combined vs Baseline): 1-0 {White wins by adjudication}
Score of Tier2Combined vs Baseline: 930 - 796 - 694  [0.528] 2420
Started game 2433 of 10000 (Tier2Combined vs Baseline)
Finished game 2426 (Baseline vs Tier2Combined): 1/2-1/2 {Draw by 3-fold repetition}
Score of Tier2Combined vs Baseline: 930 - 796 - 695  [0.528] 2421
Started game 2434 of 10000 (Baseline vs Tier2Combined)
Finished game 2420 (Baseline vs Tier2Combined): 0-1 {Black wins by adjudication}
Score of Tier2Combined vs Baseline: 931 - 796 - 695  [0.528] 2422
Started game 2435 of 10000 (Tier2Combined vs Baseline)
Finished game 2428 (Baseline vs Tier2Combined): 0-1 {Black wins by adjudication}
Score of Tier2Combined vs Baseline: 932 - 796 - 695  [0.528] 2423
Started game 2436 of 10000 (Baseline vs Tier2Combined)
Finished game 2423 (Tier2Combined vs Baseline): 1-0 {White wins by adjudication}
Score of Tier2Combined vs Baseline: 933 - 796 - 695  [0.528] 2424
Started game 2437 of 10000 (Tier2Combined vs Baseline)
Finished game 2427 (Tier2Combined vs Baseline): 1/2-1/2 {Draw by insufficient mating material}
Score of Tier2Combined vs Baseline: 933 - 796 - 696  [0.528] 2425
Started game 2438 of 10000 (Baseline vs Tier2Combined)
Finished game 2422 (Baseline vs Tier2Combined): 0-1 {Black wins by adjudication}
Score of Tier2Combined vs Baseline: 934 - 796 - 696  [0.528] 2426
Started game 2439 of 10000 (Tier2Combined vs Baseline)
Finished game 2425 (Tier2Combined vs Baseline): 1-0 {White wins by adjudication}
Score of Tier2Combined vs Baseline: 935 - 796 - 696  [0.529] 2427
Started game 2440 of 10000 (Baseline vs Tier2Combined)
Finished game 2429 (Tier2Combined vs Baseline): 0-1 {Black wins by adjudication}
Score of Tier2Combined vs Baseline: 935 - 797 - 696  [0.528] 2428
Started game 2441 of 10000 (Tier2Combined vs Baseline)
Finished game 2430 (Baseline vs Tier2Combined): 1-0 {White wins by adjudication}
Score of Tier2Combined vs Baseline: 935 - 798 - 696  [0.528] 2429
Started game 2442 of 10000 (Baseline vs Tier2Combined)
Finished game 2424 (Baseline vs Tier2Combined): 1/2-1/2 {Draw by insufficient mating material}
Score of Tier2Combined vs Baseline: 935 - 798 - 697  [0.528] 2430
Started game 2443 of 10000 (Tier2Combined vs Baseline)
Finished game 2431 (Tier2Combined vs Baseline): 0-1 {Black wins by adjudication}
Score of Tier2Combined vs Baseline: 935 - 799 - 697  [0.528] 2431
Started game 2444 of 10000 (Baseline vs Tier2Combined)
Finished game 2433 (Tier2Combined vs Baseline): 1-0 {White wins by adjudication}
Score of Tier2Combined vs Baseline: 936 - 799 - 697  [0.528] 2432
Started game 2445 of 10000 (Tier2Combined vs Baseline)
Finished game 2434 (Baseline vs Tier2Combined): 0-1 {Black wins by adjudication}
Score of Tier2Combined vs Baseline: 937 - 799 - 697  [0.528] 2433
Started game 2446 of 10000 (Baseline vs Tier2Combined)
Finished game 2441 (Tier2Combined vs Baseline): 1-0 {White wins by adjudication}
Score of Tier2Combined vs Baseline: 938 - 799 - 697  [0.529] 2434
Started game 2447 of 10000 (Tier2Combined vs Baseline)
Finished game 2442 (Baseline vs Tier2Combined): 1-0 {White wins by adjudication}
Score of Tier2Combined vs Baseline: 938 - 800 - 697  [0.528] 2435
Started game 2448 of 10000 (Baseline vs Tier2Combined)
Finished game 2440 (Baseline vs Tier2Combined): 1-0 {White wins by adjudication}
Score of Tier2Combined vs Baseline: 938 - 801 - 697  [0.528] 2436
Started game 2449 of 10000 (Tier2Combined vs Baseline)
Finished game 2435 (Tier2Combined vs Baseline): 0-1 {Black wins by adjudication}
Score of Tier2Combined vs Baseline: 938 - 802 - 697  [0.528] 2437
Started game 2450 of 10000 (Baseline vs Tier2Combined)
Finished game 2443 (Tier2Combined vs Baseline): 1-0 {White wins by adjudication}
Score of Tier2Combined vs Baseline: 939 - 802 - 697  [0.528] 2438
Started game 2451 of 10000 (Tier2Combined vs Baseline)
Finished game 2436 (Baseline vs Tier2Combined): 1/2-1/2 {Draw by insufficient mating material}
Score of Tier2Combined vs Baseline: 939 - 802 - 698  [0.528] 2439
Started game 2452 of 10000 (Baseline vs Tier2Combined)
Finished game 2438 (Baseline vs Tier2Combined): 0-1 {Black wins by adjudication}
Score of Tier2Combined vs Baseline: 940 - 802 - 698  [0.528] 2440
Started game 2453 of 10000 (Tier2Combined vs Baseline)
Finished game 2432 (Baseline vs Tier2Combined): 1/2-1/2 {Draw by insufficient mating material}
Score of Tier2Combined vs Baseline: 940 - 802 - 699  [0.528] 2441
Started game 2454 of 10000 (Baseline vs Tier2Combined)
Finished game 2437 (Tier2Combined vs Baseline): 1/2-1/2 {Draw by fifty moves rule}
Score of Tier2Combined vs Baseline: 940 - 802 - 700  [0.528] 2442
Started game 2455 of 10000 (Tier2Combined vs Baseline)
Finished game 2445 (Tier2Combined vs Baseline): 1-0 {White wins by adjudication}
Score of Tier2Combined vs Baseline: 941 - 802 - 700  [0.528] 2443
Started game 2456 of 10000 (Baseline vs Tier2Combined)
Finished game 2444 (Baseline vs Tier2Combined): 1-0 {White wins by adjudication}
Score of Tier2Combined vs Baseline: 941 - 803 - 700  [0.528] 2444
Started game 2457 of 10000 (Tier2Combined vs Baseline)
Finished game 2446 (Baseline vs Tier2Combined): 1/2-1/2 {Draw by 3-fold repetition}
Score of Tier2Combined vs Baseline: 941 - 803 - 701  [0.528] 2445
Started game 2458 of 10000 (Baseline vs Tier2Combined)
Finished game 2453 (Tier2Combined vs Baseline): 1/2-1/2 {Draw by 3-fold repetition}
Score of Tier2Combined vs Baseline: 941 - 803 - 702  [0.528] 2446
Started game 2459 of 10000 (Tier2Combined vs Baseline)
Finished game 2451 (Tier2Combined vs Baseline): 1-0 {White wins by adjudication}
Score of Tier2Combined vs Baseline: 942 - 803 - 702  [0.528] 2447
Started game 2460 of 10000 (Baseline vs Tier2Combined)
Finished game 2447 (Tier2Combined vs Baseline): 1-0 {White wins by adjudication}
Score of Tier2Combined vs Baseline: 943 - 803 - 702  [0.529] 2448
Started game 2461 of 10000 (Tier2Combined vs Baseline)
Finished game 2439 (Tier2Combined vs Baseline): 1/2-1/2 {Draw by 3-fold repetition}
Score of Tier2Combined vs Baseline: 943 - 803 - 703  [0.529] 2449
Started game 2462 of 10000 (Baseline vs Tier2Combined)
Finished game 2449 (Tier2Combined vs Baseline): 0-1 {Black wins by adjudication}
Score of Tier2Combined vs Baseline: 943 - 804 - 703  [0.528] 2450
Started game 2463 of 10000 (Tier2Combined vs Baseline)
Finished game 2448 (Baseline vs Tier2Combined): 1/2-1/2 {Draw by 3-fold repetition}
Score of Tier2Combined vs Baseline: 943 - 804 - 704  [0.528] 2451
Started game 2464 of 10000 (Baseline vs Tier2Combined)
Finished game 2452 (Baseline vs Tier2Combined): 1/2-1/2 {Draw by insufficient mating material}
Score of Tier2Combined vs Baseline: 943 - 804 - 705  [0.528] 2452
Started game 2465 of 10000 (Tier2Combined vs Baseline)
Finished game 2455 (Tier2Combined vs Baseline): 1-0 {White wins by adjudication}
Score of Tier2Combined vs Baseline: 944 - 804 - 705  [0.529] 2453
Started game 2466 of 10000 (Baseline vs Tier2Combined)
Finished game 2457 (Tier2Combined vs Baseline): 1-0 {White wins by adjudication}
Score of Tier2Combined vs Baseline: 945 - 804 - 705  [0.529] 2454
Started game 2467 of 10000 (Tier2Combined vs Baseline)
Finished game 2456 (Baseline vs Tier2Combined): 1-0 {White wins by adjudication}
Score of Tier2Combined vs Baseline: 945 - 805 - 705  [0.529] 2455
Started game 2468 of 10000 (Baseline vs Tier2Combined)
Finished game 2450 (Baseline vs Tier2Combined): 1/2-1/2 {Draw by insufficient mating material}
Score of Tier2Combined vs Baseline: 945 - 805 - 706  [0.529] 2456
Started game 2469 of 10000 (Tier2Combined vs Baseline)
Finished game 2461 (Tier2Combined vs Baseline): 1/2-1/2 {Draw by 3-fold repetition}
Score of Tier2Combined vs Baseline: 945 - 805 - 707  [0.528] 2457
Started game 2470 of 10000 (Baseline vs Tier2Combined)
Finished game 2454 (Baseline vs Tier2Combined): 1-0 {White wins by adjudication}
Score of Tier2Combined vs Baseline: 945 - 806 - 707  [0.528] 2458
Started game 2471 of 10000 (Tier2Combined vs Baseline)
Finished game 2464 (Baseline vs Tier2Combined): 1-0 {White wins by adjudication}
Score of Tier2Combined vs Baseline: 945 - 807 - 707  [0.528] 2459
Started game 2472 of 10000 (Baseline vs Tier2Combined)
Finished game 2460 (Baseline vs Tier2Combined): 1/2-1/2 {Draw by insufficient mating material}
Score of Tier2Combined vs Baseline: 945 - 807 - 708  [0.528] 2460
Started game 2473 of 10000 (Tier2Combined vs Baseline)
Finished game 2462 (Baseline vs Tier2Combined): 0-1 {Black wins by adjudication}
Score of Tier2Combined vs Baseline: 946 - 807 - 708  [0.528] 2461
Started game 2474 of 10000 (Baseline vs Tier2Combined)
Finished game 2459 (Tier2Combined vs Baseline): 1-0 {White wins by adjudication}
Score of Tier2Combined vs Baseline: 947 - 807 - 708  [0.528] 2462
Started game 2475 of 10000 (Tier2Combined vs Baseline)
Finished game 2463 (Tier2Combined vs Baseline): 1-0 {White wins by adjudication}
Score of Tier2Combined vs Baseline: 948 - 807 - 708  [0.529] 2463
Started game 2476 of 10000 (Baseline vs Tier2Combined)
Finished game 2458 (Baseline vs Tier2Combined): 1/2-1/2 {Draw by fifty moves rule}
Score of Tier2Combined vs Baseline: 948 - 807 - 709  [0.529] 2464
Started game 2477 of 10000 (Tier2Combined vs Baseline)
Finished game 2465 (Tier2Combined vs Baseline): 1-0 {White wins by adjudication}
Score of Tier2Combined vs Baseline: 949 - 807 - 709  [0.529] 2465
Started game 2478 of 10000 (Baseline vs Tier2Combined)
Finished game 2469 (Tier2Combined vs Baseline): 0-1 {Black wins by adjudication}
Score of Tier2Combined vs Baseline: 949 - 808 - 709  [0.529] 2466
Started game 2479 of 10000 (Tier2Combined vs Baseline)
Finished game 2466 (Baseline vs Tier2Combined): 0-1 {Black wins by adjudication}
Score of Tier2Combined vs Baseline: 950 - 808 - 709  [0.529] 2467
Started game 2480 of 10000 (Baseline vs Tier2Combined)
Finished game 2468 (Baseline vs Tier2Combined): 1-0 {White wins by adjudication}
Score of Tier2Combined vs Baseline: 950 - 809 - 709  [0.529] 2468
Started game 2481 of 10000 (Tier2Combined vs Baseline)
Finished game 2467 (Tier2Combined vs Baseline): 1/2-1/2 {Draw by 3-fold repetition}
Score of Tier2Combined vs Baseline: 950 - 809 - 710  [0.529] 2469
Started game 2482 of 10000 (Baseline vs Tier2Combined)
Finished game 2470 (Baseline vs Tier2Combined): 0-1 {Black wins by adjudication}
Score of Tier2Combined vs Baseline: 951 - 809 - 710  [0.529] 2470
Started game 2483 of 10000 (Tier2Combined vs Baseline)
Finished game 2471 (Tier2Combined vs Baseline): 0-1 {Black wins by adjudication}
Score of Tier2Combined vs Baseline: 951 - 810 - 710  [0.529] 2471
Started game 2484 of 10000 (Baseline vs Tier2Combined)
Finished game 2473 (Tier2Combined vs Baseline): 1/2-1/2 {Draw by 3-fold repetition}
Score of Tier2Combined vs Baseline: 951 - 810 - 711  [0.529] 2472
Started game 2485 of 10000 (Tier2Combined vs Baseline)
Finished game 2472 (Baseline vs Tier2Combined): 1-0 {White wins by adjudication}
Score of Tier2Combined vs Baseline: 951 - 811 - 711  [0.528] 2473
Started game 2486 of 10000 (Baseline vs Tier2Combined)
Finished game 2478 (Baseline vs Tier2Combined): 0-1 {Black wins by adjudication}
Score of Tier2Combined vs Baseline: 952 - 811 - 711  [0.528] 2474
Started game 2487 of 10000 (Tier2Combined vs Baseline)
Finished game 2475 (Tier2Combined vs Baseline): 0-1 {Black wins by adjudication}
Score of Tier2Combined vs Baseline: 952 - 812 - 711  [0.528] 2475
Started game 2488 of 10000 (Baseline vs Tier2Combined)
Finished game 2477 (Tier2Combined vs Baseline): 1-0 {White wins by adjudication}
Score of Tier2Combined vs Baseline: 953 - 812 - 711  [0.528] 2476
Started game 2489 of 10000 (Tier2Combined vs Baseline)
Finished game 2474 (Baseline vs Tier2Combined): 1/2-1/2 {Draw by fifty moves rule}
Score of Tier2Combined vs Baseline: 953 - 812 - 712  [0.528] 2477
Started game 2490 of 10000 (Baseline vs Tier2Combined)
Finished game 2481 (Tier2Combined vs Baseline): 1/2-1/2 {Draw by adjudication}
Score of Tier2Combined vs Baseline: 953 - 812 - 713  [0.528] 2478
Started game 2491 of 10000 (Tier2Combined vs Baseline)
Finished game 2476 (Baseline vs Tier2Combined): 1-0 {White wins by adjudication}
Score of Tier2Combined vs Baseline: 953 - 813 - 713  [0.528] 2479
Started game 2492 of 10000 (Baseline vs Tier2Combined)
Finished game 2480 (Baseline vs Tier2Combined): 0-1 {Black wins by adjudication}
Score of Tier2Combined vs Baseline: 954 - 813 - 713  [0.528] 2480
Started game 2493 of 10000 (Tier2Combined vs Baseline)
Finished game 2483 (Tier2Combined vs Baseline): 0-1 {Black wins by adjudication}
Score of Tier2Combined vs Baseline: 954 - 814 - 713  [0.528] 2481
Started game 2494 of 10000 (Baseline vs Tier2Combined)
Finished game 2482 (Baseline vs Tier2Combined): 1/2-1/2 {Draw by adjudication}
Score of Tier2Combined vs Baseline: 954 - 814 - 714  [0.528] 2482
Started game 2495 of 10000 (Tier2Combined vs Baseline)
Finished game 2488 (Baseline vs Tier2Combined): 1/2-1/2 {Draw by 3-fold repetition}
Score of Tier2Combined vs Baseline: 954 - 814 - 715  [0.528] 2483
Started game 2496 of 10000 (Baseline vs Tier2Combined)
Finished game 2479 (Tier2Combined vs Baseline): 1/2-1/2 {Draw by adjudication}
Score of Tier2Combined vs Baseline: 954 - 814 - 716  [0.528] 2484
Started game 2497 of 10000 (Tier2Combined vs Baseline)
Finished game 2486 (Baseline vs Tier2Combined): 1/2-1/2 {Draw by 3-fold repetition}
Score of Tier2Combined vs Baseline: 954 - 814 - 717  [0.528] 2485
Started game 2498 of 10000 (Baseline vs Tier2Combined)
Finished game 2485 (Tier2Combined vs Baseline): 1-0 {White wins by adjudication}
Score of Tier2Combined vs Baseline: 955 - 814 - 717  [0.528] 2486
Started game 2499 of 10000 (Tier2Combined vs Baseline)
Finished game 2487 (Tier2Combined vs Baseline): 1-0 {White wins by adjudication}
Score of Tier2Combined vs Baseline: 956 - 814 - 717  [0.529] 2487
Started game 2500 of 10000 (Baseline vs Tier2Combined)
Finished game 2490 (Baseline vs Tier2Combined): 1-0 {White wins by adjudication}
Score of Tier2Combined vs Baseline: 956 - 815 - 717  [0.528] 2488
Started game 2501 of 10000 (Tier2Combined vs Baseline)
Finished game 2484 (Baseline vs Tier2Combined): 1/2-1/2 {Draw by insufficient mating material}
Score of Tier2Combined vs Baseline: 956 - 815 - 718  [0.528] 2489
Started game 2502 of 10000 (Baseline vs Tier2Combined)
Finished game 2502 (Baseline vs Tier2Combined): 1/2-1/2 {Draw by 3-fold repetition}
Score of Tier2Combined vs Baseline: 956 - 815 - 719  [0.528] 2490
Started game 2503 of 10000 (Tier2Combined vs Baseline)
Finished game 2491 (Tier2Combined vs Baseline): 0-1 {Black wins by adjudication}
Score of Tier2Combined vs Baseline: 956 - 816 - 719  [0.528] 2491
Started game 2504 of 10000 (Baseline vs Tier2Combined)
Finished game 2493 (Tier2Combined vs Baseline): 0-1 {Black wins by adjudication}
Score of Tier2Combined vs Baseline: 956 - 817 - 719  [0.528] 2492
Started game 2505 of 10000 (Tier2Combined vs Baseline)
Finished game 2495 (Tier2Combined vs Baseline): 1/2-1/2 {Draw by 3-fold repetition}
Score of Tier2Combined vs Baseline: 956 - 817 - 720  [0.528] 2493
Started game 2506 of 10000 (Baseline vs Tier2Combined)
Finished game 2497 (Tier2Combined vs Baseline): 1/2-1/2 {Draw by 3-fold repetition}
Score of Tier2Combined vs Baseline: 956 - 817 - 721  [0.528] 2494
Started game 2507 of 10000 (Tier2Combined vs Baseline)
Finished game 2489 (Tier2Combined vs Baseline): 0-1 {Black wins by adjudication}
Score of Tier2Combined vs Baseline: 956 - 818 - 721  [0.528] 2495
Started game 2508 of 10000 (Baseline vs Tier2Combined)
Finished game 2492 (Baseline vs Tier2Combined): 1-0 {White wins by adjudication}
Score of Tier2Combined vs Baseline: 956 - 819 - 721  [0.527] 2496
Started game 2509 of 10000 (Tier2Combined vs Baseline)
Finished game 2494 (Baseline vs Tier2Combined): 1/2-1/2 {Draw by adjudication}
Score of Tier2Combined vs Baseline: 956 - 819 - 722  [0.527] 2497
Started game 2510 of 10000 (Baseline vs Tier2Combined)
Finished game 2496 (Baseline vs Tier2Combined): 0-1 {Black wins by adjudication}
Score of Tier2Combined vs Baseline: 957 - 819 - 722  [0.528] 2498
Started game 2511 of 10000 (Tier2Combined vs Baseline)
Finished game 2498 (Baseline vs Tier2Combined): 1-0 {White wins by adjudication}
Score of Tier2Combined vs Baseline: 957 - 820 - 722  [0.527] 2499
Started game 2512 of 10000 (Baseline vs Tier2Combined)
Finished game 2501 (Tier2Combined vs Baseline): 1/2-1/2 {Draw by insufficient mating material}
Score of Tier2Combined vs Baseline: 957 - 820 - 723  [0.527] 2500
Started game 2513 of 10000 (Tier2Combined vs Baseline)
Finished game 2500 (Baseline vs Tier2Combined): 1-0 {White wins by adjudication}
Score of Tier2Combined vs Baseline: 957 - 821 - 723  [0.527] 2501
Started game 2514 of 10000 (Baseline vs Tier2Combined)
Finished game 2505 (Tier2Combined vs Baseline): 1-0 {White wins by adjudication}
Score of Tier2Combined vs Baseline: 958 - 821 - 723  [0.527] 2502
Started game 2515 of 10000 (Tier2Combined vs Baseline)
Finished game 2499 (Tier2Combined vs Baseline): 1-0 {White wins by adjudication}
Score of Tier2Combined vs Baseline: 959 - 821 - 723  [0.528] 2503
Started game 2516 of 10000 (Baseline vs Tier2Combined)
Finished game 2507 (Tier2Combined vs Baseline): 0-1 {Black wins by adjudication}
Score of Tier2Combined vs Baseline: 959 - 822 - 723  [0.527] 2504
Started game 2517 of 10000 (Tier2Combined vs Baseline)
Finished game 2504 (Baseline vs Tier2Combined): 0-1 {Black wins by adjudication}
Score of Tier2Combined vs Baseline: 960 - 822 - 723  [0.528] 2505
Started game 2518 of 10000 (Baseline vs Tier2Combined)
Finished game 2503 (Tier2Combined vs Baseline): 1/2-1/2 {Draw by insufficient mating material}
Score of Tier2Combined vs Baseline: 960 - 822 - 724  [0.528] 2506
Started game 2519 of 10000 (Tier2Combined vs Baseline)
Finished game 2506 (Baseline vs Tier2Combined): 0-1 {Black wins by adjudication}
Score of Tier2Combined vs Baseline: 961 - 822 - 724  [0.528] 2507
Started game 2520 of 10000 (Baseline vs Tier2Combined)
Finished game 2509 (Tier2Combined vs Baseline): 0-1 {Black wins by adjudication}
Score of Tier2Combined vs Baseline: 961 - 823 - 724  [0.528] 2508
Started game 2521 of 10000 (Tier2Combined vs Baseline)
Finished game 2510 (Baseline vs Tier2Combined): 1-0 {White wins by adjudication}
Score of Tier2Combined vs Baseline: 961 - 824 - 724  [0.527] 2509
Started game 2522 of 10000 (Baseline vs Tier2Combined)
Finished game 2508 (Baseline vs Tier2Combined): 1-0 {White wins by adjudication}
Score of Tier2Combined vs Baseline: 961 - 825 - 724  [0.527] 2510
Started game 2523 of 10000 (Tier2Combined vs Baseline)
Finished game 2511 (Tier2Combined vs Baseline): 0-1 {Black wins by adjudication}
Score of Tier2Combined vs Baseline: 961 - 826 - 724  [0.527] 2511
Started game 2524 of 10000 (Baseline vs Tier2Combined)
Finished game 2514 (Baseline vs Tier2Combined): 1-0 {White wins by adjudication}
Score of Tier2Combined vs Baseline: 961 - 827 - 724  [0.527] 2512
Started game 2525 of 10000 (Tier2Combined vs Baseline)
Finished game 2516 (Baseline vs Tier2Combined): 0-1 {Black wins by adjudication}
Score of Tier2Combined vs Baseline: 962 - 827 - 724  [0.527] 2513
Started game 2526 of 10000 (Baseline vs Tier2Combined)
Finished game 2513 (Tier2Combined vs Baseline): 1/2-1/2 {Draw by 3-fold repetition}
Score of Tier2Combined vs Baseline: 962 - 827 - 725  [0.527] 2514
Started game 2527 of 10000 (Tier2Combined vs Baseline)
Finished game 2515 (Tier2Combined vs Baseline): 1/2-1/2 {Draw by adjudication}
Score of Tier2Combined vs Baseline: 962 - 827 - 726  [0.527] 2515
Started game 2528 of 10000 (Baseline vs Tier2Combined)
Finished game 2518 (Baseline vs Tier2Combined): 0-1 {Black wins by adjudication}
Score of Tier2Combined vs Baseline: 963 - 827 - 726  [0.527] 2516
Started game 2529 of 10000 (Tier2Combined vs Baseline)
Finished game 2512 (Baseline vs Tier2Combined): 1/2-1/2 {Draw by adjudication}
Score of Tier2Combined vs Baseline: 963 - 827 - 727  [0.527] 2517
Started game 2530 of 10000 (Baseline vs Tier2Combined)
Finished game 2517 (Tier2Combined vs Baseline): 1-0 {White wins by adjudication}
Score of Tier2Combined vs Baseline: 964 - 827 - 727  [0.527] 2518
Started game 2531 of 10000 (Tier2Combined vs Baseline)
Finished game 2519 (Tier2Combined vs Baseline): 1/2-1/2 {Draw by 3-fold repetition}
Score of Tier2Combined vs Baseline: 964 - 827 - 728  [0.527] 2519
Started game 2532 of 10000 (Baseline vs Tier2Combined)
Finished game 2521 (Tier2Combined vs Baseline): 1/2-1/2 {Draw by adjudication}
Score of Tier2Combined vs Baseline: 964 - 827 - 729  [0.527] 2520
Started game 2533 of 10000 (Tier2Combined vs Baseline)
Finished game 2524 (Baseline vs Tier2Combined): 0-1 {Black wins by adjudication}
Score of Tier2Combined vs Baseline: 965 - 827 - 729  [0.527] 2521
Started game 2534 of 10000 (Baseline vs Tier2Combined)
Finished game 2525 (Tier2Combined vs Baseline): 1-0 {White wins by adjudication}
Score of Tier2Combined vs Baseline: 966 - 827 - 729  [0.528] 2522
Started game 2535 of 10000 (Tier2Combined vs Baseline)
Finished game 2520 (Baseline vs Tier2Combined): 1-0 {White wins by adjudication}
Score of Tier2Combined vs Baseline: 966 - 828 - 729  [0.527] 2523
Started game 2536 of 10000 (Baseline vs Tier2Combined)
Finished game 2527 (Tier2Combined vs Baseline): 0-1 {Black wins by adjudication}
Score of Tier2Combined vs Baseline: 966 - 829 - 729  [0.527] 2524
Started game 2537 of 10000 (Tier2Combined vs Baseline)
Finished game 2523 (Tier2Combined vs Baseline): 1-0 {White wins by adjudication}
Score of Tier2Combined vs Baseline: 967 - 829 - 729  [0.527] 2525
Started game 2538 of 10000 (Baseline vs Tier2Combined)
Finished game 2526 (Baseline vs Tier2Combined): 1-0 {White wins by adjudication}
Score of Tier2Combined vs Baseline: 967 - 830 - 729  [0.527] 2526
Started game 2539 of 10000 (Tier2Combined vs Baseline)
Finished game 2529 (Tier2Combined vs Baseline): 1-0 {White wins by adjudication}
Score of Tier2Combined vs Baseline: 968 - 830 - 729  [0.527] 2527
Started game 2540 of 10000 (Baseline vs Tier2Combined)
Finished game 2531 (Tier2Combined vs Baseline): 1-0 {White wins by adjudication}
Score of Tier2Combined vs Baseline: 969 - 830 - 729  [0.527] 2528
Started game 2541 of 10000 (Tier2Combined vs Baseline)
Finished game 2528 (Baseline vs Tier2Combined): 1/2-1/2 {Draw by 3-fold repetition}
Score of Tier2Combined vs Baseline: 969 - 830 - 730  [0.527] 2529
Started game 2542 of 10000 (Baseline vs Tier2Combined)
Finished game 2536 (Baseline vs Tier2Combined): 1-0 {White wins by adjudication}
Score of Tier2Combined vs Baseline: 969 - 831 - 730  [0.527] 2530
Started game 2543 of 10000 (Tier2Combined vs Baseline)
Finished game 2533 (Tier2Combined vs Baseline): 1/2-1/2 {Draw by 3-fold repetition}
Score of Tier2Combined vs Baseline: 969 - 831 - 731  [0.527] 2531
Started game 2544 of 10000 (Baseline vs Tier2Combined)
Finished game 2532 (Baseline vs Tier2Combined): 0-1 {Black wins by adjudication}
Score of Tier2Combined vs Baseline: 970 - 831 - 731  [0.527] 2532
Started game 2545 of 10000 (Tier2Combined vs Baseline)
Finished game 2522 (Baseline vs Tier2Combined): 1/2-1/2 {Draw by insufficient mating material}
Score of Tier2Combined vs Baseline: 970 - 831 - 732  [0.527] 2533
Started game 2546 of 10000 (Baseline vs Tier2Combined)
Finished game 2535 (Tier2Combined vs Baseline): 1-0 {White wins by adjudication}
Score of Tier2Combined vs Baseline: 971 - 831 - 732  [0.528] 2534
Started game 2547 of 10000 (Tier2Combined vs Baseline)
Finished game 2530 (Baseline vs Tier2Combined): 1/2-1/2 {Draw by insufficient mating material}
Score of Tier2Combined vs Baseline: 971 - 831 - 733  [0.528] 2535
Started game 2548 of 10000 (Baseline vs Tier2Combined)
Finished game 2537 (Tier2Combined vs Baseline): 0-1 {Black wins by adjudication}
Score of Tier2Combined vs Baseline: 971 - 832 - 733  [0.527] 2536
Started game 2549 of 10000 (Tier2Combined vs Baseline)
Finished game 2538 (Baseline vs Tier2Combined): 0-1 {Black wins by adjudication}
Score of Tier2Combined vs Baseline: 972 - 832 - 733  [0.528] 2537
Started game 2550 of 10000 (Baseline vs Tier2Combined)
Finished game 2534 (Baseline vs Tier2Combined): 0-1 {Black wins by adjudication}
Score of Tier2Combined vs Baseline: 973 - 832 - 733  [0.528] 2538
Started game 2551 of 10000 (Tier2Combined vs Baseline)
Finished game 2541 (Tier2Combined vs Baseline): 1-0 {White wins by adjudication}
Score of Tier2Combined vs Baseline: 974 - 832 - 733  [0.528] 2539
Started game 2552 of 10000 (Baseline vs Tier2Combined)
Finished game 2540 (Baseline vs Tier2Combined): 1-0 {White wins by adjudication}
Score of Tier2Combined vs Baseline: 974 - 833 - 733  [0.528] 2540
Started game 2553 of 10000 (Tier2Combined vs Baseline)
Finished game 2542 (Baseline vs Tier2Combined): 0-1 {Black wins by adjudication}
Score of Tier2Combined vs Baseline: 975 - 833 - 733  [0.528] 2541
Started game 2554 of 10000 (Baseline vs Tier2Combined)
Finished game 2539 (Tier2Combined vs Baseline): 1-0 {White wins by adjudication}
Score of Tier2Combined vs Baseline: 976 - 833 - 733  [0.528] 2542
Started game 2555 of 10000 (Tier2Combined vs Baseline)
Finished game 2546 (Baseline vs Tier2Combined): 1-0 {White wins by adjudication}
Score of Tier2Combined vs Baseline: 976 - 834 - 733  [0.528] 2543
Started game 2556 of 10000 (Baseline vs Tier2Combined)
Finished game 2543 (Tier2Combined vs Baseline): 0-1 {Black wins by adjudication}
Score of Tier2Combined vs Baseline: 976 - 835 - 733  [0.528] 2544
Started game 2557 of 10000 (Tier2Combined vs Baseline)
Finished game 2544 (Baseline vs Tier2Combined): 0-1 {Black wins by adjudication}
Score of Tier2Combined vs Baseline: 977 - 835 - 733  [0.528] 2545
Started game 2558 of 10000 (Baseline vs Tier2Combined)
Finished game 2547 (Tier2Combined vs Baseline): 0-1 {Black wins by adjudication}
Score of Tier2Combined vs Baseline: 977 - 836 - 733  [0.528] 2546
Started game 2559 of 10000 (Tier2Combined vs Baseline)
Finished game 2545 (Tier2Combined vs Baseline): 1/2-1/2 {Draw by insufficient mating material}
Score of Tier2Combined vs Baseline: 977 - 836 - 734  [0.528] 2547
Started game 2560 of 10000 (Baseline vs Tier2Combined)
Finished game 2550 (Baseline vs Tier2Combined): 0-1 {Black wins by adjudication}
Score of Tier2Combined vs Baseline: 978 - 836 - 734  [0.528] 2548
Started game 2561 of 10000 (Tier2Combined vs Baseline)
Finished game 2548 (Baseline vs Tier2Combined): 1/2-1/2 {Draw by adjudication}
Score of Tier2Combined vs Baseline: 978 - 836 - 735  [0.528] 2549
Started game 2562 of 10000 (Baseline vs Tier2Combined)
Finished game 2555 (Tier2Combined vs Baseline): 0-1 {Black wins by adjudication}
Score of Tier2Combined vs Baseline: 978 - 837 - 735  [0.528] 2550
Started game 2563 of 10000 (Tier2Combined vs Baseline)
Finished game 2551 (Tier2Combined vs Baseline): 0-1 {Black wins by adjudication}
Score of Tier2Combined vs Baseline: 978 - 838 - 735  [0.527] 2551
Started game 2564 of 10000 (Baseline vs Tier2Combined)
Finished game 2549 (Tier2Combined vs Baseline): 1/2-1/2 {Draw by adjudication}
Score of Tier2Combined vs Baseline: 978 - 838 - 736  [0.527] 2552
Started game 2565 of 10000 (Tier2Combined vs Baseline)
Finished game 2552 (Baseline vs Tier2Combined): 0-1 {Black wins by adjudication}
Score of Tier2Combined vs Baseline: 979 - 838 - 736  [0.528] 2553
Started game 2566 of 10000 (Baseline vs Tier2Combined)
Finished game 2553 (Tier2Combined vs Baseline): 1-0 {White wins by adjudication}
Score of Tier2Combined vs Baseline: 980 - 838 - 736  [0.528] 2554
Started game 2567 of 10000 (Tier2Combined vs Baseline)
Finished game 2554 (Baseline vs Tier2Combined): 0-1 {Black wins by adjudication}
Score of Tier2Combined vs Baseline: 981 - 838 - 736  [0.528] 2555
Started game 2568 of 10000 (Baseline vs Tier2Combined)
Finished game 2556 (Baseline vs Tier2Combined): 1/2-1/2 {Draw by insufficient mating material}
Score of Tier2Combined vs Baseline: 981 - 838 - 737  [0.528] 2556
Started game 2569 of 10000 (Tier2Combined vs Baseline)
Finished game 2557 (Tier2Combined vs Baseline): 1/2-1/2 {Draw by adjudication}
Score of Tier2Combined vs Baseline: 981 - 838 - 738  [0.528] 2557
Started game 2570 of 10000 (Baseline vs Tier2Combined)
Finished game 2560 (Baseline vs Tier2Combined): 1-0 {White mates}
Score of Tier2Combined vs Baseline: 981 - 839 - 738  [0.528] 2558
Started game 2571 of 10000 (Tier2Combined vs Baseline)
Finished game 2558 (Baseline vs Tier2Combined): 0-1 {Black wins by adjudication}
Score of Tier2Combined vs Baseline: 982 - 839 - 738  [0.528] 2559
Started game 2572 of 10000 (Baseline vs Tier2Combined)
Finished game 2559 (Tier2Combined vs Baseline): 1-0 {White wins by adjudication}
Score of Tier2Combined vs Baseline: 983 - 839 - 738  [0.528] 2560
Started game 2573 of 10000 (Tier2Combined vs Baseline)
Finished game 2563 (Tier2Combined vs Baseline): 1-0 {White wins by adjudication}
Score of Tier2Combined vs Baseline: 984 - 839 - 738  [0.528] 2561
Started game 2574 of 10000 (Baseline vs Tier2Combined)
Finished game 2568 (Baseline vs Tier2Combined): 1-0 {White wins by adjudication}
Score of Tier2Combined vs Baseline: 984 - 840 - 738  [0.528] 2562
Started game 2575 of 10000 (Tier2Combined vs Baseline)
Finished game 2565 (Tier2Combined vs Baseline): 0-1 {Black wins by adjudication}
Score of Tier2Combined vs Baseline: 984 - 841 - 738  [0.528] 2563
Started game 2576 of 10000 (Baseline vs Tier2Combined)
Finished game 2564 (Baseline vs Tier2Combined): 1/2-1/2 {Draw by adjudication}
Score of Tier2Combined vs Baseline: 984 - 841 - 739  [0.528] 2564
Started game 2577 of 10000 (Tier2Combined vs Baseline)
Finished game 2562 (Baseline vs Tier2Combined): 0-1 {Black wins by adjudication}
Score of Tier2Combined vs Baseline: 985 - 841 - 739  [0.528] 2565
Started game 2578 of 10000 (Baseline vs Tier2Combined)
Finished game 2567 (Tier2Combined vs Baseline): 1/2-1/2 {Draw by 3-fold repetition}
Score of Tier2Combined vs Baseline: 985 - 841 - 740  [0.528] 2566
Started game 2579 of 10000 (Tier2Combined vs Baseline)
Finished game 2561 (Tier2Combined vs Baseline): 1-0 {White wins by adjudication}
Score of Tier2Combined vs Baseline: 986 - 841 - 740  [0.528] 2567
Started game 2580 of 10000 (Baseline vs Tier2Combined)
Finished game 2569 (Tier2Combined vs Baseline): 1/2-1/2 {Draw by adjudication}
Score of Tier2Combined vs Baseline: 986 - 841 - 741  [0.528] 2568
Started game 2581 of 10000 (Tier2Combined vs Baseline)
Finished game 2566 (Baseline vs Tier2Combined): 0-1 {Black wins by adjudication}
Score of Tier2Combined vs Baseline: 987 - 841 - 741  [0.528] 2569
Started game 2582 of 10000 (Baseline vs Tier2Combined)
Finished game 2570 (Baseline vs Tier2Combined): 1-0 {White wins by adjudication}
Score of Tier2Combined vs Baseline: 987 - 842 - 741  [0.528] 2570
Started game 2583 of 10000 (Tier2Combined vs Baseline)
Finished game 2573 (Tier2Combined vs Baseline): 1/2-1/2 {Draw by 3-fold repetition}
Score of Tier2Combined vs Baseline: 987 - 842 - 742  [0.528] 2571
Started game 2584 of 10000 (Baseline vs Tier2Combined)
Finished game 2572 (Baseline vs Tier2Combined): 1-0 {White wins by adjudication}
Score of Tier2Combined vs Baseline: 987 - 843 - 742  [0.528] 2572
Started game 2585 of 10000 (Tier2Combined vs Baseline)
Finished game 2571 (Tier2Combined vs Baseline): 0-1 {Black wins by adjudication}
Score of Tier2Combined vs Baseline: 987 - 844 - 742  [0.528] 2573
Started game 2586 of 10000 (Baseline vs Tier2Combined)
Finished game 2581 (Tier2Combined vs Baseline): 1/2-1/2 {Draw by 3-fold repetition}
Score of Tier2Combined vs Baseline: 987 - 844 - 743  [0.528] 2574
Started game 2587 of 10000 (Tier2Combined vs Baseline)
Finished game 2575 (Tier2Combined vs Baseline): 1-0 {White wins by adjudication}
Score of Tier2Combined vs Baseline: 988 - 844 - 743  [0.528] 2575
Started game 2588 of 10000 (Baseline vs Tier2Combined)
Finished game 2576 (Baseline vs Tier2Combined): 1-0 {White wins by adjudication}
Score of Tier2Combined vs Baseline: 988 - 845 - 743  [0.528] 2576
Started game 2589 of 10000 (Tier2Combined vs Baseline)
Finished game 2574 (Baseline vs Tier2Combined): 1/2-1/2 {Draw by fifty moves rule}
Score of Tier2Combined vs Baseline: 988 - 845 - 744  [0.528] 2577
Started game 2590 of 10000 (Baseline vs Tier2Combined)
Finished game 2577 (Tier2Combined vs Baseline): 1/2-1/2 {Draw by insufficient mating material}
Score of Tier2Combined vs Baseline: 988 - 845 - 745  [0.528] 2578
Started game 2591 of 10000 (Tier2Combined vs Baseline)
Finished game 2585 (Tier2Combined vs Baseline): 1/2-1/2 {Draw by 3-fold repetition}
Score of Tier2Combined vs Baseline: 988 - 845 - 746  [0.528] 2579
Started game 2592 of 10000 (Baseline vs Tier2Combined)
Finished game 2580 (Baseline vs Tier2Combined): 1-0 {White wins by adjudication}
Score of Tier2Combined vs Baseline: 988 - 846 - 746  [0.528] 2580
Started game 2593 of 10000 (Tier2Combined vs Baseline)
Finished game 2582 (Baseline vs Tier2Combined): 1-0 {White wins by adjudication}
Score of Tier2Combined vs Baseline: 988 - 847 - 746  [0.527] 2581
Started game 2594 of 10000 (Baseline vs Tier2Combined)
Finished game 2579 (Tier2Combined vs Baseline): 1/2-1/2 {Draw by insufficient mating material}
Score of Tier2Combined vs Baseline: 988 - 847 - 747  [0.527] 2582
Started game 2595 of 10000 (Tier2Combined vs Baseline)
Finished game 2583 (Tier2Combined vs Baseline): 1-0 {White wins by adjudication}
Score of Tier2Combined vs Baseline: 989 - 847 - 747  [0.527] 2583
Started game 2596 of 10000 (Baseline vs Tier2Combined)
Finished game 2586 (Baseline vs Tier2Combined): 0-1 {Black wins by adjudication}
Score of Tier2Combined vs Baseline: 990 - 847 - 747  [0.528] 2584
Started game 2597 of 10000 (Tier2Combined vs Baseline)
Finished game 2578 (Baseline vs Tier2Combined): 1/2-1/2 {Draw by fifty moves rule}
Score of Tier2Combined vs Baseline: 990 - 847 - 748  [0.528] 2585
Started game 2598 of 10000 (Baseline vs Tier2Combined)
Finished game 2587 (Tier2Combined vs Baseline): 0-1 {Black mates}
Score of Tier2Combined vs Baseline: 990 - 848 - 748  [0.527] 2586
Started game 2599 of 10000 (Tier2Combined vs Baseline)
Finished game 2589 (Tier2Combined vs Baseline): 1-0 {White wins by adjudication}
Score of Tier2Combined vs Baseline: 991 - 848 - 748  [0.528] 2587
Started game 2600 of 10000 (Baseline vs Tier2Combined)
Finished game 2590 (Baseline vs Tier2Combined): 1-0 {White wins by adjudication}
Score of Tier2Combined vs Baseline: 991 - 849 - 748  [0.527] 2588
Started game 2601 of 10000 (Tier2Combined vs Baseline)
Finished game 2593 (Tier2Combined vs Baseline): 1-0 {White wins by adjudication}
Score of Tier2Combined vs Baseline: 992 - 849 - 748  [0.528] 2589
Started game 2602 of 10000 (Baseline vs Tier2Combined)
Finished game 2588 (Baseline vs Tier2Combined): 0-1 {Black wins by adjudication}
Score of Tier2Combined vs Baseline: 993 - 849 - 748  [0.528] 2590
Started game 2603 of 10000 (Tier2Combined vs Baseline)
Finished game 2598 (Baseline vs Tier2Combined): 1/2-1/2 {Draw by 3-fold repetition}
Score of Tier2Combined vs Baseline: 993 - 849 - 749  [0.528] 2591
Started game 2604 of 10000 (Baseline vs Tier2Combined)
Finished game 2592 (Baseline vs Tier2Combined): 1-0 {White wins by adjudication}
Score of Tier2Combined vs Baseline: 993 - 850 - 749  [0.528] 2592
Started game 2605 of 10000 (Tier2Combined vs Baseline)
Finished game 2584 (Baseline vs Tier2Combined): 1/2-1/2 {Draw by fifty moves rule}
Score of Tier2Combined vs Baseline: 993 - 850 - 750  [0.528] 2593
Started game 2606 of 10000 (Baseline vs Tier2Combined)
Finished game 2596 (Baseline vs Tier2Combined): 1/2-1/2 {Draw by 3-fold repetition}
Score of Tier2Combined vs Baseline: 993 - 850 - 751  [0.528] 2594
Started game 2607 of 10000 (Tier2Combined vs Baseline)
Finished game 2595 (Tier2Combined vs Baseline): 1/2-1/2 {Draw by stalemate}
Score of Tier2Combined vs Baseline: 993 - 850 - 752  [0.528] 2595
Started game 2608 of 10000 (Baseline vs Tier2Combined)
Finished game 2594 (Baseline vs Tier2Combined): 1/2-1/2 {Draw by 3-fold repetition}
Score of Tier2Combined vs Baseline: 993 - 850 - 753  [0.528] 2596
Started game 2609 of 10000 (Tier2Combined vs Baseline)
Finished game 2599 (Tier2Combined vs Baseline): 1-0 {White wins by adjudication}
Score of Tier2Combined vs Baseline: 994 - 850 - 753  [0.528] 2597
Started game 2610 of 10000 (Baseline vs Tier2Combined)
Finished game 2597 (Tier2Combined vs Baseline): 0-1 {Black wins by adjudication}
Score of Tier2Combined vs Baseline: 994 - 851 - 753  [0.528] 2598
Started game 2611 of 10000 (Tier2Combined vs Baseline)
Finished game 2591 (Tier2Combined vs Baseline): 0-1 {Black wins by adjudication}
Score of Tier2Combined vs Baseline: 994 - 852 - 753  [0.527] 2599
Started game 2612 of 10000 (Baseline vs Tier2Combined)
Finished game 2602 (Baseline vs Tier2Combined): 1-0 {White wins by adjudication}
Score of Tier2Combined vs Baseline: 994 - 853 - 753  [0.527] 2600
Started game 2613 of 10000 (Tier2Combined vs Baseline)
Finished game 2604 (Baseline vs Tier2Combined): 0-1 {Black wins by adjudication}
Score of Tier2Combined vs Baseline: 995 - 853 - 753  [0.527] 2601
Started game 2614 of 10000 (Baseline vs Tier2Combined)
Finished game 2601 (Tier2Combined vs Baseline): 1-0 {White wins by adjudication}
Score of Tier2Combined vs Baseline: 996 - 853 - 753  [0.527] 2602
Started game 2615 of 10000 (Tier2Combined vs Baseline)
Finished game 2603 (Tier2Combined vs Baseline): 1/2-1/2 {Draw by insufficient mating material}
Score of Tier2Combined vs Baseline: 996 - 853 - 754  [0.527] 2603
Started game 2616 of 10000 (Baseline vs Tier2Combined)
Finished game 2606 (Baseline vs Tier2Combined): 1/2-1/2 {Draw by insufficient mating material}
Score of Tier2Combined vs Baseline: 996 - 853 - 755  [0.527] 2604
Started game 2617 of 10000 (Tier2Combined vs Baseline)
Finished game 2605 (Tier2Combined vs Baseline): 1-0 {White wins by adjudication}
Score of Tier2Combined vs Baseline: 997 - 853 - 755  [0.528] 2605
Started game 2618 of 10000 (Baseline vs Tier2Combined)
Finished game 2600 (Baseline vs Tier2Combined): 0-1 {Black wins by adjudication}
Score of Tier2Combined vs Baseline: 998 - 853 - 755  [0.528] 2606
Started game 2619 of 10000 (Tier2Combined vs Baseline)
Finished game 2608 (Baseline vs Tier2Combined): 1-0 {White wins by adjudication}
Score of Tier2Combined vs Baseline: 998 - 854 - 755  [0.528] 2607
Started game 2620 of 10000 (Baseline vs Tier2Combined)
Finished game 2609 (Tier2Combined vs Baseline): 1/2-1/2 {Draw by insufficient mating material}
Score of Tier2Combined vs Baseline: 998 - 854 - 756  [0.528] 2608
Started game 2621 of 10000 (Tier2Combined vs Baseline)
Finished game 2610 (Baseline vs Tier2Combined): 1/2-1/2 {Draw by 3-fold repetition}
Score of Tier2Combined vs Baseline: 998 - 854 - 757  [0.528] 2609
Started game 2622 of 10000 (Baseline vs Tier2Combined)
Finished game 2612 (Baseline vs Tier2Combined): 1-0 {White wins by adjudication}
Score of Tier2Combined vs Baseline: 998 - 855 - 757  [0.527] 2610
Started game 2623 of 10000 (Tier2Combined vs Baseline)
Finished game 2611 (Tier2Combined vs Baseline): 0-1 {Black wins by adjudication}
Score of Tier2Combined vs Baseline: 998 - 856 - 757  [0.527] 2611
Started game 2624 of 10000 (Baseline vs Tier2Combined)
Finished game 2607 (Tier2Combined vs Baseline): 1/2-1/2 {Draw by fifty moves rule}
Score of Tier2Combined vs Baseline: 998 - 856 - 758  [0.527] 2612
Started game 2625 of 10000 (Tier2Combined vs Baseline)
Finished game 2615 (Tier2Combined vs Baseline): 1/2-1/2 {Draw by 3-fold repetition}
Score of Tier2Combined vs Baseline: 998 - 856 - 759  [0.527] 2613
Started game 2626 of 10000 (Baseline vs Tier2Combined)
Finished game 2614 (Baseline vs Tier2Combined): 1/2-1/2 {Draw by insufficient mating material}
Score of Tier2Combined vs Baseline: 998 - 856 - 760  [0.527] 2614
Started game 2627 of 10000 (Tier2Combined vs Baseline)
Finished game 2617 (Tier2Combined vs Baseline): 1/2-1/2 {Draw by 3-fold repetition}
Score of Tier2Combined vs Baseline: 998 - 856 - 761  [0.527] 2615
Started game 2628 of 10000 (Baseline vs Tier2Combined)
Finished game 2613 (Tier2Combined vs Baseline): 1/2-1/2 {Draw by 3-fold repetition}
Score of Tier2Combined vs Baseline: 998 - 856 - 762  [0.527] 2616
Started game 2629 of 10000 (Tier2Combined vs Baseline)
Finished game 2616 (Baseline vs Tier2Combined): 0-1 {Black wins by adjudication}
Score of Tier2Combined vs Baseline: 999 - 856 - 762  [0.527] 2617
Started game 2630 of 10000 (Baseline vs Tier2Combined)
Finished game 2620 (Baseline vs Tier2Combined): 1/2-1/2 {Draw by 3-fold repetition}
Score of Tier2Combined vs Baseline: 999 - 856 - 763  [0.527] 2618
Started game 2631 of 10000 (Tier2Combined vs Baseline)
Finished game 2622 (Baseline vs Tier2Combined): 1/2-1/2 {Draw by 3-fold repetition}
Score of Tier2Combined vs Baseline: 999 - 856 - 764  [0.527] 2619
Started game 2632 of 10000 (Baseline vs Tier2Combined)
Finished game 2619 (Tier2Combined vs Baseline): 1-0 {White wins by adjudication}
Score of Tier2Combined vs Baseline: 1000 - 856 - 764  [0.527] 2620
Started game 2633 of 10000 (Tier2Combined vs Baseline)
Finished game 2623 (Tier2Combined vs Baseline): 1/2-1/2 {Draw by 3-fold repetition}
Score of Tier2Combined vs Baseline: 1000 - 856 - 765  [0.527] 2621
Started game 2634 of 10000 (Baseline vs Tier2Combined)
Finished game 2621 (Tier2Combined vs Baseline): 0-1 {Black wins by adjudication}
Score of Tier2Combined vs Baseline: 1000 - 857 - 765  [0.527] 2622
Started game 2635 of 10000 (Tier2Combined vs Baseline)
Finished game 2618 (Baseline vs Tier2Combined): 1/2-1/2 {Draw by insufficient mating material}
Score of Tier2Combined vs Baseline: 1000 - 857 - 766  [0.527] 2623
Started game 2636 of 10000 (Baseline vs Tier2Combined)
Finished game 2629 (Tier2Combined vs Baseline): 1-0 {White wins by adjudication}
Score of Tier2Combined vs Baseline: 1001 - 857 - 766  [0.527] 2624
Started game 2637 of 10000 (Tier2Combined vs Baseline)
Finished game 2624 (Baseline vs Tier2Combined): 1/2-1/2 {Draw by adjudication}
Score of Tier2Combined vs Baseline: 1001 - 857 - 767  [0.527] 2625
Started game 2638 of 10000 (Baseline vs Tier2Combined)
Finished game 2625 (Tier2Combined vs Baseline): 0-1 {Black wins by adjudication}
Score of Tier2Combined vs Baseline: 1001 - 858 - 767  [0.527] 2626
Started game 2639 of 10000 (Tier2Combined vs Baseline)
Finished game 2626 (Baseline vs Tier2Combined): 1/2-1/2 {Draw by insufficient mating material}
Score of Tier2Combined vs Baseline: 1001 - 858 - 768  [0.527] 2627
Started game 2640 of 10000 (Baseline vs Tier2Combined)
Finished game 2631 (Tier2Combined vs Baseline): 1/2-1/2 {Draw by insufficient mating material}
Score of Tier2Combined vs Baseline: 1001 - 858 - 769  [0.527] 2628
Started game 2641 of 10000 (Tier2Combined vs Baseline)
Finished game 2630 (Baseline vs Tier2Combined): 1/2-1/2 {Draw by insufficient mating material}
Score of Tier2Combined vs Baseline: 1001 - 858 - 770  [0.527] 2629
Started game 2642 of 10000 (Baseline vs Tier2Combined)
Finished game 2628 (Baseline vs Tier2Combined): 1/2-1/2 {Draw by 3-fold repetition}
Score of Tier2Combined vs Baseline: 1001 - 858 - 771  [0.527] 2630
Started game 2643 of 10000 (Tier2Combined vs Baseline)
Finished game 2627 (Tier2Combined vs Baseline): 1/2-1/2 {Draw by adjudication}
Score of Tier2Combined vs Baseline: 1001 - 858 - 772  [0.527] 2631
Started game 2644 of 10000 (Baseline vs Tier2Combined)
Finished game 2633 (Tier2Combined vs Baseline): 0-1 {Black wins by adjudication}
Score of Tier2Combined vs Baseline: 1001 - 859 - 772  [0.527] 2632
Started game 2645 of 10000 (Tier2Combined vs Baseline)
Finished game 2632 (Baseline vs Tier2Combined): 1-0 {White wins by adjudication}
Score of Tier2Combined vs Baseline: 1001 - 860 - 772  [0.527] 2633
Started game 2646 of 10000 (Baseline vs Tier2Combined)
Finished game 2634 (Baseline vs Tier2Combined): 1-0 {White wins by adjudication}
Score of Tier2Combined vs Baseline: 1001 - 861 - 772  [0.527] 2634
Started game 2647 of 10000 (Tier2Combined vs Baseline)
Finished game 2637 (Tier2Combined vs Baseline): 1/2-1/2 {Draw by adjudication}
Score of Tier2Combined vs Baseline: 1001 - 861 - 773  [0.527] 2635
Started game 2648 of 10000 (Baseline vs Tier2Combined)
Finished game 2638 (Baseline vs Tier2Combined): 0-1 {Black wins by adjudication}
Score of Tier2Combined vs Baseline: 1002 - 861 - 773  [0.527] 2636
Started game 2649 of 10000 (Tier2Combined vs Baseline)
Finished game 2641 (Tier2Combined vs Baseline): 0-1 {Black wins by adjudication}
Score of Tier2Combined vs Baseline: 1002 - 862 - 773  [0.527] 2637
Started game 2650 of 10000 (Baseline vs Tier2Combined)
Finished game 2635 (Tier2Combined vs Baseline): 1-0 {White wins by adjudication}
Score of Tier2Combined vs Baseline: 1003 - 862 - 773  [0.527] 2638
Started game 2651 of 10000 (Tier2Combined vs Baseline)
Finished game 2644 (Baseline vs Tier2Combined): 0-1 {Black wins by adjudication}
Score of Tier2Combined vs Baseline: 1004 - 862 - 773  [0.527] 2639
Started game 2652 of 10000 (Baseline vs Tier2Combined)
Finished game 2639 (Tier2Combined vs Baseline): 1-0 {White wins by adjudication}
Score of Tier2Combined vs Baseline: 1005 - 862 - 773  [0.527] 2640
Started game 2653 of 10000 (Tier2Combined vs Baseline)
Finished game 2643 (Tier2Combined vs Baseline): 1/2-1/2 {Draw by adjudication}
Score of Tier2Combined vs Baseline: 1005 - 862 - 774  [0.527] 2641
Started game 2654 of 10000 (Baseline vs Tier2Combined)
Finished game 2642 (Baseline vs Tier2Combined): 0-1 {Black wins by adjudication}
Score of Tier2Combined vs Baseline: 1006 - 862 - 774  [0.527] 2642
Started game 2655 of 10000 (Tier2Combined vs Baseline)
Finished game 2640 (Baseline vs Tier2Combined): 1/2-1/2 {Draw by adjudication}
Score of Tier2Combined vs Baseline: 1006 - 862 - 775  [0.527] 2643
Started game 2656 of 10000 (Baseline vs Tier2Combined)
Finished game 2636 (Baseline vs Tier2Combined): 1/2-1/2 {Draw by insufficient mating material}
Score of Tier2Combined vs Baseline: 1006 - 862 - 776  [0.527] 2644
Started game 2657 of 10000 (Tier2Combined vs Baseline)
Finished game 2646 (Baseline vs Tier2Combined): 1-0 {White wins by adjudication}
Score of Tier2Combined vs Baseline: 1006 - 863 - 776  [0.527] 2645
Started game 2658 of 10000 (Baseline vs Tier2Combined)
Finished game 2645 (Tier2Combined vs Baseline): 1/2-1/2 {Draw by adjudication}
Score of Tier2Combined vs Baseline: 1006 - 863 - 777  [0.527] 2646
Started game 2659 of 10000 (Tier2Combined vs Baseline)
Finished game 2648 (Baseline vs Tier2Combined): 1/2-1/2 {Draw by 3-fold repetition}
Score of Tier2Combined vs Baseline: 1006 - 863 - 778  [0.527] 2647
Started game 2660 of 10000 (Baseline vs Tier2Combined)
Finished game 2647 (Tier2Combined vs Baseline): 1-0 {White wins by adjudication}
Score of Tier2Combined vs Baseline: 1007 - 863 - 778  [0.527] 2648
Started game 2661 of 10000 (Tier2Combined vs Baseline)
Finished game 2649 (Tier2Combined vs Baseline): 1-0 {White wins by adjudication}
Score of Tier2Combined vs Baseline: 1008 - 863 - 778  [0.527] 2649
Started game 2662 of 10000 (Baseline vs Tier2Combined)
Finished game 2651 (Tier2Combined vs Baseline): 0-1 {Black wins by adjudication}
Score of Tier2Combined vs Baseline: 1008 - 864 - 778  [0.527] 2650
Started game 2663 of 10000 (Tier2Combined vs Baseline)
Finished game 2656 (Baseline vs Tier2Combined): 1/2-1/2 {Draw by 3-fold repetition}
Score of Tier2Combined vs Baseline: 1008 - 864 - 779  [0.527] 2651
Started game 2664 of 10000 (Baseline vs Tier2Combined)
Finished game 2657 (Tier2Combined vs Baseline): 0-1 {Black wins by adjudication}
Score of Tier2Combined vs Baseline: 1008 - 865 - 779  [0.527] 2652
Started game 2665 of 10000 (Tier2Combined vs Baseline)
Finished game 2650 (Baseline vs Tier2Combined): 1-0 {White wins by adjudication}
Score of Tier2Combined vs Baseline: 1008 - 866 - 779  [0.527] 2653
Started game 2666 of 10000 (Baseline vs Tier2Combined)
Finished game 2655 (Tier2Combined vs Baseline): 1-0 {White wins by adjudication}
Score of Tier2Combined vs Baseline: 1009 - 866 - 779  [0.527] 2654
Started game 2667 of 10000 (Tier2Combined vs Baseline)
Finished game 2653 (Tier2Combined vs Baseline): 1/2-1/2 {Draw by adjudication}
Score of Tier2Combined vs Baseline: 1009 - 866 - 780  [0.527] 2655
Started game 2668 of 10000 (Baseline vs Tier2Combined)
Finished game 2654 (Baseline vs Tier2Combined): 0-1 {Black wins by adjudication}
Score of Tier2Combined vs Baseline: 1010 - 866 - 780  [0.527] 2656
Started game 2669 of 10000 (Tier2Combined vs Baseline)
Finished game 2662 (Baseline vs Tier2Combined): 1/2-1/2 {Draw by 3-fold repetition}
Score of Tier2Combined vs Baseline: 1010 - 866 - 781  [0.527] 2657
Started game 2670 of 10000 (Baseline vs Tier2Combined)
Finished game 2658 (Baseline vs Tier2Combined): 0-1 {Black wins by adjudication}
Score of Tier2Combined vs Baseline: 1011 - 866 - 781  [0.527] 2658
Started game 2671 of 10000 (Tier2Combined vs Baseline)
Finished game 2663 (Tier2Combined vs Baseline): 1-0 {White wins by adjudication}
Score of Tier2Combined vs Baseline: 1012 - 866 - 781  [0.527] 2659
Started game 2672 of 10000 (Baseline vs Tier2Combined)
Finished game 2652 (Baseline vs Tier2Combined): 0-1 {Black wins by adjudication}
Score of Tier2Combined vs Baseline: 1013 - 866 - 781  [0.528] 2660
Started game 2673 of 10000 (Tier2Combined vs Baseline)
Finished game 2661 (Tier2Combined vs Baseline): 1-0 {White wins by adjudication}
Score of Tier2Combined vs Baseline: 1014 - 866 - 781  [0.528] 2661
Started game 2674 of 10000 (Baseline vs Tier2Combined)
Finished game 2659 (Tier2Combined vs Baseline): 1-0 {White wins by adjudication}
Score of Tier2Combined vs Baseline: 1015 - 866 - 781  [0.528] 2662
Started game 2675 of 10000 (Tier2Combined vs Baseline)
Finished game 2664 (Baseline vs Tier2Combined): 1-0 {White wins by adjudication}
Score of Tier2Combined vs Baseline: 1015 - 867 - 781  [0.528] 2663
Started game 2676 of 10000 (Baseline vs Tier2Combined)
Finished game 2660 (Baseline vs Tier2Combined): 0-1 {Black mates}
Score of Tier2Combined vs Baseline: 1016 - 867 - 781  [0.528] 2664
Started game 2677 of 10000 (Tier2Combined vs Baseline)
Finished game 2668 (Baseline vs Tier2Combined): 1-0 {White wins by adjudication}
Score of Tier2Combined vs Baseline: 1016 - 868 - 781  [0.528] 2665
Started game 2678 of 10000 (Baseline vs Tier2Combined)
Finished game 2669 (Tier2Combined vs Baseline): 1-0 {White wins by adjudication}
Score of Tier2Combined vs Baseline: 1017 - 868 - 781  [0.528] 2666
Started game 2679 of 10000 (Tier2Combined vs Baseline)
Finished game 2667 (Tier2Combined vs Baseline): 1-0 {White wins by adjudication}
Score of Tier2Combined vs Baseline: 1018 - 868 - 781  [0.528] 2667
Started game 2680 of 10000 (Baseline vs Tier2Combined)
Finished game 2665 (Tier2Combined vs Baseline): 1-0 {White wins by adjudication}
Score of Tier2Combined vs Baseline: 1019 - 868 - 781  [0.528] 2668
Started game 2681 of 10000 (Tier2Combined vs Baseline)
Finished game 2666 (Baseline vs Tier2Combined): 0-1 {Black wins by adjudication}
Score of Tier2Combined vs Baseline: 1020 - 868 - 781  [0.528] 2669
Started game 2682 of 10000 (Baseline vs Tier2Combined)
Finished game 2671 (Tier2Combined vs Baseline): 0-1 {Black wins by adjudication}
Score of Tier2Combined vs Baseline: 1020 - 869 - 781  [0.528] 2670
Started game 2683 of 10000 (Tier2Combined vs Baseline)
Finished game 2673 (Tier2Combined vs Baseline): 1/2-1/2 {Draw by adjudication}
Score of Tier2Combined vs Baseline: 1020 - 869 - 782  [0.528] 2671
Started game 2684 of 10000 (Baseline vs Tier2Combined)
Finished game 2674 (Baseline vs Tier2Combined): 1/2-1/2 {Draw by adjudication}
Score of Tier2Combined vs Baseline: 1020 - 869 - 783  [0.528] 2672
Started game 2685 of 10000 (Tier2Combined vs Baseline)
Finished game 2670 (Baseline vs Tier2Combined): 1/2-1/2 {Draw by insufficient mating material}
Score of Tier2Combined vs Baseline: 1020 - 869 - 784  [0.528] 2673
Started game 2686 of 10000 (Baseline vs Tier2Combined)
Finished game 2672 (Baseline vs Tier2Combined): 0-1 {Black wins by adjudication}
Score of Tier2Combined vs Baseline: 1021 - 869 - 784  [0.528] 2674
Started game 2687 of 10000 (Tier2Combined vs Baseline)
Finished game 2676 (Baseline vs Tier2Combined): 1-0 {White wins by adjudication}
Score of Tier2Combined vs Baseline: 1021 - 870 - 784  [0.528] 2675
Started game 2688 of 10000 (Baseline vs Tier2Combined)
Finished game 2677 (Tier2Combined vs Baseline): 0-1 {Black wins by adjudication}
Score of Tier2Combined vs Baseline: 1021 - 871 - 784  [0.528] 2676
Started game 2689 of 10000 (Tier2Combined vs Baseline)
Finished game 2675 (Tier2Combined vs Baseline): 0-1 {Black wins by adjudication}
Score of Tier2Combined vs Baseline: 1021 - 872 - 784  [0.528] 2677
Started game 2690 of 10000 (Baseline vs Tier2Combined)
Finished game 2678 (Baseline vs Tier2Combined): 0-1 {Black wins by adjudication}
Score of Tier2Combined vs Baseline: 1022 - 872 - 784  [0.528] 2678
Started game 2691 of 10000 (Tier2Combined vs Baseline)
Finished game 2679 (Tier2Combined vs Baseline): 1/2-1/2 {Draw by insufficient mating material}
Score of Tier2Combined vs Baseline: 1022 - 872 - 785  [0.528] 2679
Started game 2692 of 10000 (Baseline vs Tier2Combined)
Finished game 2682 (Baseline vs Tier2Combined): 0-1 {Black wins by adjudication}
Score of Tier2Combined vs Baseline: 1023 - 872 - 785  [0.528] 2680
Started game 2693 of 10000 (Tier2Combined vs Baseline)
Finished game 2686 (Baseline vs Tier2Combined): 0-1 {Black wins by adjudication}
Score of Tier2Combined vs Baseline: 1024 - 872 - 785  [0.528] 2681
Started game 2694 of 10000 (Baseline vs Tier2Combined)
Finished game 2680 (Baseline vs Tier2Combined): 0-1 {Black wins by adjudication}
Score of Tier2Combined vs Baseline: 1025 - 872 - 785  [0.529] 2682
Started game 2695 of 10000 (Tier2Combined vs Baseline)
Finished game 2681 (Tier2Combined vs Baseline): 0-1 {Black wins by adjudication}
Score of Tier2Combined vs Baseline: 1025 - 873 - 785  [0.528] 2683
Started game 2696 of 10000 (Baseline vs Tier2Combined)
Finished game 2684 (Baseline vs Tier2Combined): 1-0 {White wins by adjudication}
Score of Tier2Combined vs Baseline: 1025 - 874 - 785  [0.528] 2684
Started game 2697 of 10000 (Tier2Combined vs Baseline)
Finished game 2683 (Tier2Combined vs Baseline): 1-0 {White wins by adjudication}
Score of Tier2Combined vs Baseline: 1026 - 874 - 785  [0.528] 2685
Started game 2698 of 10000 (Baseline vs Tier2Combined)
Finished game 2687 (Tier2Combined vs Baseline): 1/2-1/2 {Draw by 3-fold repetition}
Score of Tier2Combined vs Baseline: 1026 - 874 - 786  [0.528] 2686
Started game 2699 of 10000 (Tier2Combined vs Baseline)
Finished game 2685 (Tier2Combined vs Baseline): 1/2-1/2 {Draw by 3-fold repetition}
Score of Tier2Combined vs Baseline: 1026 - 874 - 787  [0.528] 2687
Started game 2700 of 10000 (Baseline vs Tier2Combined)
Finished game 2690 (Baseline vs Tier2Combined): 1-0 {White wins by adjudication}
Score of Tier2Combined vs Baseline: 1026 - 875 - 787  [0.528] 2688
Started game 2701 of 10000 (Tier2Combined vs Baseline)
Finished game 2689 (Tier2Combined vs Baseline): 1-0 {White wins by adjudication}
Score of Tier2Combined vs Baseline: 1027 - 875 - 787  [0.528] 2689
Started game 2702 of 10000 (Baseline vs Tier2Combined)
Finished game 2688 (Baseline vs Tier2Combined): 1-0 {White mates}
Score of Tier2Combined vs Baseline: 1027 - 876 - 787  [0.528] 2690
Started game 2703 of 10000 (Tier2Combined vs Baseline)
Finished game 2693 (Tier2Combined vs Baseline): 0-1 {Black wins by adjudication}
Score of Tier2Combined vs Baseline: 1027 - 877 - 787  [0.528] 2691
Started game 2704 of 10000 (Baseline vs Tier2Combined)
Finished game 2694 (Baseline vs Tier2Combined): 0-1 {Black wins by adjudication}
Score of Tier2Combined vs Baseline: 1028 - 877 - 787  [0.528] 2692
Started game 2705 of 10000 (Tier2Combined vs Baseline)
Finished game 2691 (Tier2Combined vs Baseline): 0-1 {Black wins by adjudication}
Score of Tier2Combined vs Baseline: 1028 - 878 - 787  [0.528] 2693
Started game 2706 of 10000 (Baseline vs Tier2Combined)
Finished game 2695 (Tier2Combined vs Baseline): 1-0 {White wins by adjudication}
Score of Tier2Combined vs Baseline: 1029 - 878 - 787  [0.528] 2694
Started game 2707 of 10000 (Tier2Combined vs Baseline)
Finished game 2692 (Baseline vs Tier2Combined): 0-1 {Black wins by adjudication}
Score of Tier2Combined vs Baseline: 1030 - 878 - 787  [0.528] 2695
Started game 2708 of 10000 (Baseline vs Tier2Combined)
Finished game 2696 (Baseline vs Tier2Combined): 1-0 {White wins by adjudication}
Score of Tier2Combined vs Baseline: 1030 - 879 - 787  [0.528] 2696
Started game 2709 of 10000 (Tier2Combined vs Baseline)
Finished game 2699 (Tier2Combined vs Baseline): 1/2-1/2 {Draw by stalemate}
Score of Tier2Combined vs Baseline: 1030 - 879 - 788  [0.528] 2697
Started game 2710 of 10000 (Baseline vs Tier2Combined)
Finished game 2698 (Baseline vs Tier2Combined): 1-0 {White wins by adjudication}
Score of Tier2Combined vs Baseline: 1030 - 880 - 788  [0.528] 2698
Started game 2711 of 10000 (Tier2Combined vs Baseline)
Finished game 2697 (Tier2Combined vs Baseline): 0-1 {Black wins by adjudication}
Score of Tier2Combined vs Baseline: 1030 - 881 - 788  [0.528] 2699
Started game 2712 of 10000 (Baseline vs Tier2Combined)
Finished game 2701 (Tier2Combined vs Baseline): 0-1 {Black wins by adjudication}
Score of Tier2Combined vs Baseline: 1030 - 882 - 788  [0.527] 2700
Started game 2713 of 10000 (Tier2Combined vs Baseline)
Finished game 2705 (Tier2Combined vs Baseline): 1-0 {White wins by adjudication}
Score of Tier2Combined vs Baseline: 1031 - 882 - 788  [0.528] 2701
Started game 2714 of 10000 (Baseline vs Tier2Combined)
Finished game 2708 (Baseline vs Tier2Combined): 1/2-1/2 {Draw by 3-fold repetition}
Score of Tier2Combined vs Baseline: 1031 - 882 - 789  [0.528] 2702
Started game 2715 of 10000 (Tier2Combined vs Baseline)
Finished game 2702 (Baseline vs Tier2Combined): 1/2-1/2 {Draw by insufficient mating material}
Score of Tier2Combined vs Baseline: 1031 - 882 - 790  [0.528] 2703
Started game 2716 of 10000 (Baseline vs Tier2Combined)
Finished game 2706 (Baseline vs Tier2Combined): 0-1 {Black wins by adjudication}
Score of Tier2Combined vs Baseline: 1032 - 882 - 790  [0.528] 2704
Started game 2717 of 10000 (Tier2Combined vs Baseline)
Finished game 2704 (Baseline vs Tier2Combined): 0-1 {Black wins by adjudication}
Score of Tier2Combined vs Baseline: 1033 - 882 - 790  [0.528] 2705
Started game 2718 of 10000 (Baseline vs Tier2Combined)
Finished game 2703 (Tier2Combined vs Baseline): 0-1 {Black wins by adjudication}
Score of Tier2Combined vs Baseline: 1033 - 883 - 790  [0.528] 2706
Started game 2719 of 10000 (Tier2Combined vs Baseline)
Finished game 2700 (Baseline vs Tier2Combined): 1/2-1/2 {Draw by fifty moves rule}
Score of Tier2Combined vs Baseline: 1033 - 883 - 791  [0.528] 2707
Started game 2720 of 10000 (Baseline vs Tier2Combined)
Finished game 2709 (Tier2Combined vs Baseline): 1/2-1/2 {Draw by 3-fold repetition}
Score of Tier2Combined vs Baseline: 1033 - 883 - 792  [0.528] 2708
Started game 2721 of 10000 (Tier2Combined vs Baseline)
Finished game 2717 (Tier2Combined vs Baseline): 1/2-1/2 {Draw by 3-fold repetition}
Score of Tier2Combined vs Baseline: 1033 - 883 - 793  [0.528] 2709
Started game 2722 of 10000 (Baseline vs Tier2Combined)
Finished game 2711 (Tier2Combined vs Baseline): 1-0 {White wins by adjudication}
Score of Tier2Combined vs Baseline: 1034 - 883 - 793  [0.528] 2710
Started game 2723 of 10000 (Tier2Combined vs Baseline)
Finished game 2714 (Baseline vs Tier2Combined): 0-1 {Black wins by adjudication}
Score of Tier2Combined vs Baseline: 1035 - 883 - 793  [0.528] 2711
Started game 2724 of 10000 (Baseline vs Tier2Combined)
Finished game 2710 (Baseline vs Tier2Combined): 1/2-1/2 {Draw by insufficient mating material}
Score of Tier2Combined vs Baseline: 1035 - 883 - 794  [0.528] 2712
Started game 2725 of 10000 (Tier2Combined vs Baseline)
Finished game 2707 (Tier2Combined vs Baseline): 1-0 {White wins by adjudication}
Score of Tier2Combined vs Baseline: 1036 - 883 - 794  [0.528] 2713
Started game 2726 of 10000 (Baseline vs Tier2Combined)
Finished game 2713 (Tier2Combined vs Baseline): 0-1 {Black wins by adjudication}
Score of Tier2Combined vs Baseline: 1036 - 884 - 794  [0.528] 2714
Started game 2727 of 10000 (Tier2Combined vs Baseline)
Finished game 2712 (Baseline vs Tier2Combined): 0-1 {Black wins by adjudication}
Score of Tier2Combined vs Baseline: 1037 - 884 - 794  [0.528] 2715
Started game 2728 of 10000 (Baseline vs Tier2Combined)
Finished game 2718 (Baseline vs Tier2Combined): 0-1 {Black wins by adjudication}
Score of Tier2Combined vs Baseline: 1038 - 884 - 794  [0.528] 2716
Started game 2729 of 10000 (Tier2Combined vs Baseline)
Finished game 2715 (Tier2Combined vs Baseline): 1/2-1/2 {Draw by insufficient mating material}
Score of Tier2Combined vs Baseline: 1038 - 884 - 795  [0.528] 2717
Started game 2730 of 10000 (Baseline vs Tier2Combined)
Finished game 2716 (Baseline vs Tier2Combined): 1-0 {White wins by adjudication}
Score of Tier2Combined vs Baseline: 1038 - 885 - 795  [0.528] 2718
Started game 2731 of 10000 (Tier2Combined vs Baseline)
Finished game 2720 (Baseline vs Tier2Combined): 1/2-1/2 {Draw by 3-fold repetition}
Score of Tier2Combined vs Baseline: 1038 - 885 - 796  [0.528] 2719
Started game 2732 of 10000 (Baseline vs Tier2Combined)
Finished game 2722 (Baseline vs Tier2Combined): 1-0 {White wins by adjudication}
Score of Tier2Combined vs Baseline: 1038 - 886 - 796  [0.528] 2720
Started game 2733 of 10000 (Tier2Combined vs Baseline)
Finished game 2723 (Tier2Combined vs Baseline): 1/2-1/2 {Draw by 3-fold repetition}
Score of Tier2Combined vs Baseline: 1038 - 886 - 797  [0.528] 2721
Started game 2734 of 10000 (Baseline vs Tier2Combined)
Finished game 2721 (Tier2Combined vs Baseline): 1/2-1/2 {Draw by fifty moves rule}
Score of Tier2Combined vs Baseline: 1038 - 886 - 798  [0.528] 2722
Started game 2735 of 10000 (Tier2Combined vs Baseline)
Finished game 2730 (Baseline vs Tier2Combined): 0-1 {Black wins by adjudication}
Score of Tier2Combined vs Baseline: 1039 - 886 - 798  [0.528] 2723
Started game 2736 of 10000 (Baseline vs Tier2Combined)
Finished game 2724 (Baseline vs Tier2Combined): 0-1 {Black wins by adjudication}
Score of Tier2Combined vs Baseline: 1040 - 886 - 798  [0.528] 2724
Started game 2737 of 10000 (Tier2Combined vs Baseline)
Finished game 2727 (Tier2Combined vs Baseline): 1-0 {White wins by adjudication}
Score of Tier2Combined vs Baseline: 1041 - 886 - 798  [0.528] 2725
Started game 2738 of 10000 (Baseline vs Tier2Combined)
Finished game 2728 (Baseline vs Tier2Combined): 1/2-1/2 {Draw by 3-fold repetition}
Score of Tier2Combined vs Baseline: 1041 - 886 - 799  [0.528] 2726
Started game 2739 of 10000 (Tier2Combined vs Baseline)
Finished game 2719 (Tier2Combined vs Baseline): 1/2-1/2 {Draw by fifty moves rule}
Score of Tier2Combined vs Baseline: 1041 - 886 - 800  [0.528] 2727
Started game 2740 of 10000 (Baseline vs Tier2Combined)
Finished game 2734 (Baseline vs Tier2Combined): 1-0 {White wins by adjudication}
Score of Tier2Combined vs Baseline: 1041 - 887 - 800  [0.528] 2728
Started game 2741 of 10000 (Tier2Combined vs Baseline)
Finished game 2731 (Tier2Combined vs Baseline): 1-0 {White wins by adjudication}
Score of Tier2Combined vs Baseline: 1042 - 887 - 800  [0.528] 2729
Started game 2742 of 10000 (Baseline vs Tier2Combined)
Finished game 2725 (Tier2Combined vs Baseline): 1/2-1/2 {Draw by adjudication}
Score of Tier2Combined vs Baseline: 1042 - 887 - 801  [0.528] 2730
Started game 2743 of 10000 (Tier2Combined vs Baseline)
Finished game 2726 (Baseline vs Tier2Combined): 1-0 {White mates}
Score of Tier2Combined vs Baseline: 1042 - 888 - 801  [0.528] 2731
Started game 2744 of 10000 (Baseline vs Tier2Combined)
Finished game 2732 (Baseline vs Tier2Combined): 1-0 {White wins by adjudication}
Score of Tier2Combined vs Baseline: 1042 - 889 - 801  [0.528] 2732
Started game 2745 of 10000 (Tier2Combined vs Baseline)
Finished game 2729 (Tier2Combined vs Baseline): 0-1 {Black wins by adjudication}
Score of Tier2Combined vs Baseline: 1042 - 890 - 801  [0.528] 2733
Started game 2746 of 10000 (Baseline vs Tier2Combined)
Finished game 2743 (Tier2Combined vs Baseline): 1/2-1/2 {Draw by 3-fold repetition}
Score of Tier2Combined vs Baseline: 1042 - 890 - 802  [0.528] 2734
Started game 2747 of 10000 (Tier2Combined vs Baseline)
Finished game 2740 (Baseline vs Tier2Combined): 1/2-1/2 {Draw by 3-fold repetition}
Score of Tier2Combined vs Baseline: 1042 - 890 - 803  [0.528] 2735
Started game 2748 of 10000 (Baseline vs Tier2Combined)
Finished game 2733 (Tier2Combined vs Baseline): 1/2-1/2 {Draw by fifty moves rule}
Score of Tier2Combined vs Baseline: 1042 - 890 - 804  [0.528] 2736
Started game 2749 of 10000 (Tier2Combined vs Baseline)
Finished game 2738 (Baseline vs Tier2Combined): 0-1 {Black wins by adjudication}
Score of Tier2Combined vs Baseline: 1043 - 890 - 804  [0.528] 2737
Started game 2750 of 10000 (Baseline vs Tier2Combined)
Finished game 2736 (Baseline vs Tier2Combined): 1/2-1/2 {Draw by insufficient mating material}
Score of Tier2Combined vs Baseline: 1043 - 890 - 805  [0.528] 2738
Started game 2751 of 10000 (Tier2Combined vs Baseline)
Finished game 2741 (Tier2Combined vs Baseline): 1/2-1/2 {Draw by 3-fold repetition}
Score of Tier2Combined vs Baseline: 1043 - 890 - 806  [0.528] 2739
Started game 2752 of 10000 (Baseline vs Tier2Combined)
Finished game 2737 (Tier2Combined vs Baseline): 1-0 {White wins by adjudication}
Score of Tier2Combined vs Baseline: 1044 - 890 - 806  [0.528] 2740
Started game 2753 of 10000 (Tier2Combined vs Baseline)
Finished game 2742 (Baseline vs Tier2Combined): 1/2-1/2 {Draw by 3-fold repetition}
Score of Tier2Combined vs Baseline: 1044 - 890 - 807  [0.528] 2741
Started game 2754 of 10000 (Baseline vs Tier2Combined)
Finished game 2739 (Tier2Combined vs Baseline): 1/2-1/2 {Draw by 3-fold repetition}
Score of Tier2Combined vs Baseline: 1044 - 890 - 808  [0.528] 2742
Started game 2755 of 10000 (Tier2Combined vs Baseline)
Finished game 2744 (Baseline vs Tier2Combined): 1/2-1/2 {Draw by insufficient mating material}
Score of Tier2Combined vs Baseline: 1044 - 890 - 809  [0.528] 2743
Started game 2756 of 10000 (Baseline vs Tier2Combined)
Finished game 2745 (Tier2Combined vs Baseline): 1-0 {White wins by adjudication}
Score of Tier2Combined vs Baseline: 1045 - 890 - 809  [0.528] 2744
Started game 2757 of 10000 (Tier2Combined vs Baseline)
Finished game 2747 (Tier2Combined vs Baseline): 1/2-1/2 {Draw by 3-fold repetition}
Score of Tier2Combined vs Baseline: 1045 - 890 - 810  [0.528] 2745
Started game 2758 of 10000 (Baseline vs Tier2Combined)
Finished game 2735 (Tier2Combined vs Baseline): 1/2-1/2 {Draw by fifty moves rule}
Score of Tier2Combined vs Baseline: 1045 - 890 - 811  [0.528] 2746
Started game 2759 of 10000 (Tier2Combined vs Baseline)
Finished game 2749 (Tier2Combined vs Baseline): 1-0 {White wins by adjudication}
Score of Tier2Combined vs Baseline: 1046 - 890 - 811  [0.528] 2747
Started game 2760 of 10000 (Baseline vs Tier2Combined)
Finished game 2750 (Baseline vs Tier2Combined): 1-0 {White wins by adjudication}
Score of Tier2Combined vs Baseline: 1046 - 891 - 811  [0.528] 2748
Started game 2761 of 10000 (Tier2Combined vs Baseline)
Finished game 2751 (Tier2Combined vs Baseline): 1-0 {White wins by adjudication}
Score of Tier2Combined vs Baseline: 1047 - 891 - 811  [0.528] 2749
Started game 2762 of 10000 (Baseline vs Tier2Combined)
Finished game 2746 (Baseline vs Tier2Combined): 0-1 {Black mates}
Score of Tier2Combined vs Baseline: 1048 - 891 - 811  [0.529] 2750
Started game 2763 of 10000 (Tier2Combined vs Baseline)
Finished game 2753 (Tier2Combined vs Baseline): 1/2-1/2 {Draw by adjudication}
Score of Tier2Combined vs Baseline: 1048 - 891 - 812  [0.529] 2751
Started game 2764 of 10000 (Baseline vs Tier2Combined)
Finished game 2748 (Baseline vs Tier2Combined): 0-1 {Black mates}
Score of Tier2Combined vs Baseline: 1049 - 891 - 812  [0.529] 2752
Started game 2765 of 10000 (Tier2Combined vs Baseline)
Finished game 2754 (Baseline vs Tier2Combined): 0-1 {Black wins by adjudication}
Score of Tier2Combined vs Baseline: 1050 - 891 - 812  [0.529] 2753
Started game 2766 of 10000 (Baseline vs Tier2Combined)
Finished game 2755 (Tier2Combined vs Baseline): 1/2-1/2 {Draw by adjudication}
Score of Tier2Combined vs Baseline: 1050 - 891 - 813  [0.529] 2754
Started game 2767 of 10000 (Tier2Combined vs Baseline)
Finished game 2759 (Tier2Combined vs Baseline): 1-0 {White wins by adjudication}
Score of Tier2Combined vs Baseline: 1051 - 891 - 813  [0.529] 2755
Started game 2768 of 10000 (Baseline vs Tier2Combined)
Finished game 2757 (Tier2Combined vs Baseline): 1/2-1/2 {Draw by fifty moves rule}
Score of Tier2Combined vs Baseline: 1051 - 891 - 814  [0.529] 2756
Started game 2769 of 10000 (Tier2Combined vs Baseline)
Finished game 2756 (Baseline vs Tier2Combined): 0-1 {Black mates}
Score of Tier2Combined vs Baseline: 1052 - 891 - 814  [0.529] 2757
Started game 2770 of 10000 (Baseline vs Tier2Combined)
Finished game 2760 (Baseline vs Tier2Combined): 1/2-1/2 {Draw by 3-fold repetition}
Score of Tier2Combined vs Baseline: 1052 - 891 - 815  [0.529] 2758
Started game 2771 of 10000 (Tier2Combined vs Baseline)
Finished game 2758 (Baseline vs Tier2Combined): 1-0 {White wins by adjudication}
Score of Tier2Combined vs Baseline: 1052 - 892 - 815  [0.529] 2759
Started game 2772 of 10000 (Baseline vs Tier2Combined)
Finished game 2752 (Baseline vs Tier2Combined): 1/2-1/2 {Draw by fifty moves rule}
Score of Tier2Combined vs Baseline: 1052 - 892 - 816  [0.529] 2760
Started game 2773 of 10000 (Tier2Combined vs Baseline)
Finished game 2762 (Baseline vs Tier2Combined): 1/2-1/2 {Draw by adjudication}
Score of Tier2Combined vs Baseline: 1052 - 892 - 817  [0.529] 2761
Started game 2774 of 10000 (Baseline vs Tier2Combined)
Finished game 2765 (Tier2Combined vs Baseline): 1-0 {White wins by adjudication}
Score of Tier2Combined vs Baseline: 1053 - 892 - 817  [0.529] 2762
Started game 2775 of 10000 (Tier2Combined vs Baseline)
Finished game 2763 (Tier2Combined vs Baseline): 1-0 {White wins by adjudication}
Score of Tier2Combined vs Baseline: 1054 - 892 - 817  [0.529] 2763
Started game 2776 of 10000 (Baseline vs Tier2Combined)
Finished game 2761 (Tier2Combined vs Baseline): 1-0 {White wins by adjudication}
Score of Tier2Combined vs Baseline: 1055 - 892 - 817  [0.529] 2764
Started game 2777 of 10000 (Tier2Combined vs Baseline)
Finished game 2764 (Baseline vs Tier2Combined): 0-1 {Black wins by adjudication}
Score of Tier2Combined vs Baseline: 1056 - 892 - 817  [0.530] 2765
Finished game 2777 (Tier2Combined vs Baseline): * {No result}
Score of Tier2Combined vs Baseline: 1056 - 892 - 817  [0.530] 2765
Finished game 2770 (Baseline vs Tier2Combined): * {No result}
Score of Tier2Combined vs Baseline: 1056 - 892 - 817  [0.530] 2765
Finished game 2773 (Tier2Combined vs Baseline): * {No result}
Score of Tier2Combined vs Baseline: 1056 - 892 - 817  [0.530] 2765
Finished game 2775 (Tier2Combined vs Baseline): * {No result}
Score of Tier2Combined vs Baseline: 1056 - 892 - 817  [0.530] 2765
Finished game 2768 (Baseline vs Tier2Combined): * {No result}
Score of Tier2Combined vs Baseline: 1056 - 892 - 817  [0.530] 2765
Finished game 2776 (Baseline vs Tier2Combined): * {No result}
Score of Tier2Combined vs Baseline: 1056 - 892 - 817  [0.530] 2765
Finished game 2767 (Tier2Combined vs Baseline): * {No result}
Score of Tier2Combined vs Baseline: 1056 - 892 - 817  [0.530] 2765
Finished game 2771 (Tier2Combined vs Baseline): * {No result}
Score of Tier2Combined vs Baseline: 1056 - 892 - 817  [0.530] 2765
Finished game 2774 (Baseline vs Tier2Combined): * {No result}
Score of Tier2Combined vs Baseline: 1056 - 892 - 817  [0.530] 2765
Finished game 2766 (Baseline vs Tier2Combined): * {No result}
Score of Tier2Combined vs Baseline: 1056 - 892 - 817  [0.530] 2765
Finished game 2769 (Tier2Combined vs Baseline): * {No result}
Score of Tier2Combined vs Baseline: 1056 - 892 - 817  [0.530] 2765
Finished game 2772 (Baseline vs Tier2Combined): * {No result}
Score of Tier2Combined vs Baseline: 1056 - 892 - 817  [0.530] 2765
...      Tier2Combined playing White: 579 - 403 - 401  [0.564] 1383
...      Tier2Combined playing Black: 477 - 489 - 416  [0.496] 1382
...      White vs Black: 1068 - 880 - 817  [0.534] 2765
Elo difference: 20.6 +/- 10.9, LOS: 100.0 %, DrawRatio: 29.5 %
SPRT: llr 2.95 (100.1%), lbound -2.94, ubound 2.94 - H1 was accepted

Player: Tier2Combined
   "Draw by 3-fold repetition": 361
   "Draw by adjudication": 165
   "Draw by fifty moves rule": 98
   "Draw by insufficient mating material": 179
   "Draw by stalemate": 14
   "Loss: Black mates": 15
   "Loss: Black wins by adjudication": 388
   "Loss: White mates": 22
   "Loss: White wins by adjudication": 467
   "No result": 12
   "Win: Black mates": 17
   "Win: Black wins by adjudication": 460
   "Win: White mates": 19
   "Win: White wins by adjudication": 560
Player: Baseline
   "Draw by 3-fold repetition": 361
   "Draw by adjudication": 165
   "Draw by fifty moves rule": 98
   "Draw by insufficient mating material": 179
   "Draw by stalemate": 14
   "Loss: Black mates": 17
   "Loss: Black wins by adjudication": 460
   "Loss: White mates": 19
   "Loss: White wins by adjudication": 560
   "No result": 12
   "Win: Black mates": 15
   "Win: Black wins by adjudication": 388
   "Win: White mates": 22
   "Win: White wins by adjudication": 467
Finished match
