Indexing opening suite...
Started game 3 of 10000 (PassedPawnV2 vs Magic)
Started game 2 of 10000 (Magic vs PassedPawnV2)
Started game 9 of 10000 (PassedPawnV2 vs Magic)
Started game 5 of 10000 (PassedPawnV2 vs Magic)
Started game 8 of 10000 (Magic vs PassedPawnV2)
Started game 1 of 10000 (PassedPawnV2 vs Magic)
Started game 10 of 10000 (Magic vs PassedPawnV2)
Started game 12 of 10000 (Magic vs PassedPawnV2)
Started game 7 of 10000 (PassedPawnV2 vs Magic)
Started game 4 of 10000 (Magic vs PassedPawnV2)
Started game 13 of 10000 (PassedPawnV2 vs Magic)
Started game 11 of 10000 (PassedPawnV2 vs Magic)
Started game 6 of 10000 (Magic vs PassedPawnV2)
Finished game 9 (PassedPawnV2 vs Magic): 0-1 {Black mates}
Score of PassedPawnV2 vs Magic: 0 - 1 - 0  [0.000] 1
Started game 14 of 10000 (Magic vs PassedPawnV2)
Finished game 6 (Magic vs PassedPawnV2): 1/2-1/2 {Draw by 3-fold repetition}
Score of PassedPawnV2 vs Magic: 0 - 1 - 1  [0.250] 2
Started game 15 of 10000 (PassedPawnV2 vs Magic)
Finished game 2 (Magic vs PassedPawnV2): 1/2-1/2 {Draw by 3-fold repetition}
Score of PassedPawnV2 vs Magic: 0 - 1 - 2  [0.333] 3
Started game 16 of 10000 (Magic vs PassedPawnV2)
Finished game 10 (Magic vs PassedPawnV2): 1-0 {White wins by adjudication}
Score of PassedPawnV2 vs Magic: 0 - 2 - 2  [0.250] 4
Started game 17 of 10000 (PassedPawnV2 vs Magic)
Finished game 13 (PassedPawnV2 vs Magic): 1-0 {White wins by adjudication}
Score of PassedPawnV2 vs Magic: 1 - 2 - 2  [0.400] 5
Started game 18 of 10000 (Magic vs PassedPawnV2)
Finished game 7 (PassedPawnV2 vs Magic): 0-1 {Black wins by adjudication}
Score of PassedPawnV2 vs Magic: 1 - 3 - 2  [0.333] 6
Started game 19 of 10000 (PassedPawnV2 vs Magic)
Finished game 3 (PassedPawnV2 vs Magic): 1/2-1/2 {Draw by 3-fold repetition}
Score of PassedPawnV2 vs Magic: 1 - 3 - 3  [0.357] 7
Started game 20 of 10000 (Magic vs PassedPawnV2)
Finished game 12 (Magic vs PassedPawnV2): 1-0 {White wins by adjudication}
Score of PassedPawnV2 vs Magic: 1 - 4 - 3  [0.313] 8
Started game 21 of 10000 (PassedPawnV2 vs Magic)
Finished game 8 (Magic vs PassedPawnV2): 0-1 {Black wins by adjudication}
Score of PassedPawnV2 vs Magic: 2 - 4 - 3  [0.389] 9
Started game 22 of 10000 (Magic vs PassedPawnV2)
Finished game 4 (Magic vs PassedPawnV2): 1-0 {White wins by adjudication}
Score of PassedPawnV2 vs Magic: 2 - 5 - 3  [0.350] 10
Started game 23 of 10000 (PassedPawnV2 vs Magic)
Finished game 1 (PassedPawnV2 vs Magic): 1/2-1/2 {Draw by fifty moves rule}
Score of PassedPawnV2 vs Magic: 2 - 5 - 4  [0.364] 11
Started game 24 of 10000 (Magic vs PassedPawnV2)
Finished game 16 (Magic vs PassedPawnV2): 1/2-1/2 {Draw by 3-fold repetition}
Score of PassedPawnV2 vs Magic: 2 - 5 - 5  [0.375] 12
Started game 25 of 10000 (PassedPawnV2 vs Magic)
Finished game 5 (PassedPawnV2 vs Magic): 1/2-1/2 {Draw by fifty moves rule}
Score of PassedPawnV2 vs Magic: 2 - 5 - 6  [0.385] 13
Started game 26 of 10000 (Magic vs PassedPawnV2)
Finished game 11 (PassedPawnV2 vs Magic): 0-1 {Black wins by adjudication}
Score of PassedPawnV2 vs Magic: 2 - 6 - 6  [0.357] 14
Started game 27 of 10000 (PassedPawnV2 vs Magic)
Finished game 22 (Magic vs PassedPawnV2): 1/2-1/2 {Draw by 3-fold repetition}
Score of PassedPawnV2 vs Magic: 2 - 6 - 7  [0.367] 15
Started game 28 of 10000 (Magic vs PassedPawnV2)
Finished game 15 (PassedPawnV2 vs Magic): 1/2-1/2 {Draw by 3-fold repetition}
Score of PassedPawnV2 vs Magic: 2 - 6 - 8  [0.375] 16
Started game 29 of 10000 (PassedPawnV2 vs Magic)
Finished game 19 (PassedPawnV2 vs Magic): 0-1 {Black wins by adjudication}
Score of PassedPawnV2 vs Magic: 2 - 7 - 8  [0.353] 17
Started game 30 of 10000 (Magic vs PassedPawnV2)
Finished game 18 (Magic vs PassedPawnV2): 1/2-1/2 {Draw by 3-fold repetition}
Score of PassedPawnV2 vs Magic: 2 - 7 - 9  [0.361] 18
Started game 31 of 10000 (PassedPawnV2 vs Magic)
Finished game 20 (Magic vs PassedPawnV2): 0-1 {Black wins by adjudication}
Score of PassedPawnV2 vs Magic: 3 - 7 - 9  [0.395] 19
Started game 32 of 10000 (Magic vs PassedPawnV2)
Finished game 24 (Magic vs PassedPawnV2): 1/2-1/2 {Draw by adjudication}
Score of PassedPawnV2 vs Magic: 3 - 7 - 10  [0.400] 20
Started game 33 of 10000 (PassedPawnV2 vs Magic)
Finished game 17 (PassedPawnV2 vs Magic): 1-0 {White wins by adjudication}
Score of PassedPawnV2 vs Magic: 4 - 7 - 10  [0.429] 21
Started game 34 of 10000 (Magic vs PassedPawnV2)
Finished game 14 (Magic vs PassedPawnV2): 1/2-1/2 {Draw by adjudication}
Score of PassedPawnV2 vs Magic: 4 - 7 - 11  [0.432] 22
Started game 35 of 10000 (PassedPawnV2 vs Magic)
Finished game 21 (PassedPawnV2 vs Magic): 1-0 {White wins by adjudication}
Score of PassedPawnV2 vs Magic: 5 - 7 - 11  [0.457] 23
Started game 36 of 10000 (Magic vs PassedPawnV2)
Finished game 28 (Magic vs PassedPawnV2): 1/2-1/2 {Draw by 3-fold repetition}
Score of PassedPawnV2 vs Magic: 5 - 7 - 12  [0.458] 24
Started game 37 of 10000 (PassedPawnV2 vs Magic)
Finished game 25 (PassedPawnV2 vs Magic): 0-1 {Black wins by adjudication}
Score of PassedPawnV2 vs Magic: 5 - 8 - 12  [0.440] 25
Started game 38 of 10000 (Magic vs PassedPawnV2)
Finished game 26 (Magic vs PassedPawnV2): 0-1 {Black wins by adjudication}
Score of PassedPawnV2 vs Magic: 6 - 8 - 12  [0.462] 26
Started game 39 of 10000 (PassedPawnV2 vs Magic)
Finished game 23 (PassedPawnV2 vs Magic): 1/2-1/2 {Draw by 3-fold repetition}
Score of PassedPawnV2 vs Magic: 6 - 8 - 13  [0.463] 27
Started game 40 of 10000 (Magic vs PassedPawnV2)
Finished game 29 (PassedPawnV2 vs Magic): 1-0 {White wins by adjudication}
Score of PassedPawnV2 vs Magic: 7 - 8 - 13  [0.482] 28
Started game 41 of 10000 (PassedPawnV2 vs Magic)
Finished game 30 (Magic vs PassedPawnV2): 1-0 {White wins by adjudication}
Score of PassedPawnV2 vs Magic: 7 - 9 - 13  [0.466] 29
Started game 42 of 10000 (Magic vs PassedPawnV2)
Finished game 27 (PassedPawnV2 vs Magic): 1/2-1/2 {Draw by adjudication}
Score of PassedPawnV2 vs Magic: 7 - 9 - 14  [0.467] 30
Started game 43 of 10000 (PassedPawnV2 vs Magic)
Finished game 37 (PassedPawnV2 vs Magic): 1-0 {White wins by adjudication}
Score of PassedPawnV2 vs Magic: 8 - 9 - 14  [0.484] 31
Started game 44 of 10000 (Magic vs PassedPawnV2)
Finished game 33 (PassedPawnV2 vs Magic): 0-1 {Black wins by adjudication}
Score of PassedPawnV2 vs Magic: 8 - 10 - 14  [0.469] 32
Started game 45 of 10000 (PassedPawnV2 vs Magic)
Finished game 38 (Magic vs PassedPawnV2): 1-0 {White wins by adjudication}
Score of PassedPawnV2 vs Magic: 8 - 11 - 14  [0.455] 33
Started game 46 of 10000 (Magic vs PassedPawnV2)
Finished game 32 (Magic vs PassedPawnV2): 1-0 {White wins by adjudication}
Score of PassedPawnV2 vs Magic: 8 - 12 - 14  [0.441] 34
Started game 47 of 10000 (PassedPawnV2 vs Magic)
Finished game 36 (Magic vs PassedPawnV2): 1-0 {White wins by adjudication}
Score of PassedPawnV2 vs Magic: 8 - 13 - 14  [0.429] 35
Started game 48 of 10000 (Magic vs PassedPawnV2)
Finished game 39 (PassedPawnV2 vs Magic): 1-0 {White wins by adjudication}
Score of PassedPawnV2 vs Magic: 9 - 13 - 14  [0.444] 36
Started game 49 of 10000 (PassedPawnV2 vs Magic)
Finished game 34 (Magic vs PassedPawnV2): 1-0 {White wins by adjudication}
Score of PassedPawnV2 vs Magic: 9 - 14 - 14  [0.432] 37
Started game 50 of 10000 (Magic vs PassedPawnV2)
Finished game 41 (PassedPawnV2 vs Magic): 1-0 {White wins by adjudication}
Score of PassedPawnV2 vs Magic: 10 - 14 - 14  [0.447] 38
Started game 51 of 10000 (PassedPawnV2 vs Magic)
Finished game 40 (Magic vs PassedPawnV2): 1/2-1/2 {Draw by insufficient mating material}
Score of PassedPawnV2 vs Magic: 10 - 14 - 15  [0.449] 39
Started game 52 of 10000 (Magic vs PassedPawnV2)
Finished game 42 (Magic vs PassedPawnV2): 0-1 {Black wins by adjudication}
Score of PassedPawnV2 vs Magic: 11 - 14 - 15  [0.463] 40
Started game 53 of 10000 (PassedPawnV2 vs Magic)
Finished game 31 (PassedPawnV2 vs Magic): 1/2-1/2 {Draw by 3-fold repetition}
Score of PassedPawnV2 vs Magic: 11 - 14 - 16  [0.463] 41
Started game 54 of 10000 (Magic vs PassedPawnV2)
Finished game 35 (PassedPawnV2 vs Magic): 1/2-1/2 {Draw by fifty moves rule}
Score of PassedPawnV2 vs Magic: 11 - 14 - 17  [0.464] 42
Started game 55 of 10000 (PassedPawnV2 vs Magic)
Finished game 43 (PassedPawnV2 vs Magic): 1/2-1/2 {Draw by adjudication}
Score of PassedPawnV2 vs Magic: 11 - 14 - 18  [0.465] 43
Started game 56 of 10000 (Magic vs PassedPawnV2)
Finished game 47 (PassedPawnV2 vs Magic): 1/2-1/2 {Draw by 3-fold repetition}
Score of PassedPawnV2 vs Magic: 11 - 14 - 19  [0.466] 44
Started game 57 of 10000 (PassedPawnV2 vs Magic)
Finished game 46 (Magic vs PassedPawnV2): 1-0 {White wins by adjudication}
Score of PassedPawnV2 vs Magic: 11 - 15 - 19  [0.456] 45
Started game 58 of 10000 (Magic vs PassedPawnV2)
Finished game 48 (Magic vs PassedPawnV2): 0-1 {Black wins by adjudication}
Score of PassedPawnV2 vs Magic: 12 - 15 - 19  [0.467] 46
Started game 59 of 10000 (PassedPawnV2 vs Magic)
Finished game 44 (Magic vs PassedPawnV2): 1-0 {White wins by adjudication}
Score of PassedPawnV2 vs Magic: 12 - 16 - 19  [0.457] 47
Started game 60 of 10000 (Magic vs PassedPawnV2)
Finished game 45 (PassedPawnV2 vs Magic): 1-0 {White wins by adjudication}
Score of PassedPawnV2 vs Magic: 13 - 16 - 19  [0.469] 48
Started game 61 of 10000 (PassedPawnV2 vs Magic)
Finished game 50 (Magic vs PassedPawnV2): 0-1 {Black wins by adjudication}
Score of PassedPawnV2 vs Magic: 14 - 16 - 19  [0.480] 49
Started game 62 of 10000 (Magic vs PassedPawnV2)
Finished game 52 (Magic vs PassedPawnV2): 0-1 {Black wins by adjudication}
Score of PassedPawnV2 vs Magic: 15 - 16 - 19  [0.490] 50
Started game 63 of 10000 (PassedPawnV2 vs Magic)
Finished game 53 (PassedPawnV2 vs Magic): 1/2-1/2 {Draw by 3-fold repetition}
Score of PassedPawnV2 vs Magic: 15 - 16 - 20  [0.490] 51
Started game 64 of 10000 (Magic vs PassedPawnV2)
Finished game 55 (PassedPawnV2 vs Magic): 1/2-1/2 {Draw by insufficient mating material}
Score of PassedPawnV2 vs Magic: 15 - 16 - 21  [0.490] 52
Started game 65 of 10000 (PassedPawnV2 vs Magic)
Finished game 51 (PassedPawnV2 vs Magic): 1/2-1/2 {Draw by adjudication}
Score of PassedPawnV2 vs Magic: 15 - 16 - 22  [0.491] 53
Started game 66 of 10000 (Magic vs PassedPawnV2)
Finished game 54 (Magic vs PassedPawnV2): 1/2-1/2 {Draw by adjudication}
Score of PassedPawnV2 vs Magic: 15 - 16 - 23  [0.491] 54
Started game 67 of 10000 (PassedPawnV2 vs Magic)
Finished game 49 (PassedPawnV2 vs Magic): 0-1 {Black wins by adjudication}
Score of PassedPawnV2 vs Magic: 15 - 17 - 23  [0.482] 55
Started game 68 of 10000 (Magic vs PassedPawnV2)
Finished game 56 (Magic vs PassedPawnV2): 1/2-1/2 {Draw by 3-fold repetition}
Score of PassedPawnV2 vs Magic: 15 - 17 - 24  [0.482] 56
Started game 69 of 10000 (PassedPawnV2 vs Magic)
Finished game 61 (PassedPawnV2 vs Magic): 1/2-1/2 {Draw by adjudication}
Score of PassedPawnV2 vs Magic: 15 - 17 - 25  [0.482] 57
Started game 70 of 10000 (Magic vs PassedPawnV2)
Finished game 57 (PassedPawnV2 vs Magic): 1/2-1/2 {Draw by adjudication}
Score of PassedPawnV2 vs Magic: 15 - 17 - 26  [0.483] 58
Started game 71 of 10000 (PassedPawnV2 vs Magic)
Finished game 59 (PassedPawnV2 vs Magic): 1-0 {White wins by adjudication}
Score of PassedPawnV2 vs Magic: 16 - 17 - 26  [0.492] 59
Started game 72 of 10000 (Magic vs PassedPawnV2)
Finished game 64 (Magic vs PassedPawnV2): 1/2-1/2 {Draw by adjudication}
Score of PassedPawnV2 vs Magic: 16 - 17 - 27  [0.492] 60
Started game 73 of 10000 (PassedPawnV2 vs Magic)
Finished game 58 (Magic vs PassedPawnV2): 1-0 {White mates}
Score of PassedPawnV2 vs Magic: 16 - 18 - 27  [0.484] 61
Started game 74 of 10000 (Magic vs PassedPawnV2)
Finished game 62 (Magic vs PassedPawnV2): 0-1 {Black mates}
Score of PassedPawnV2 vs Magic: 17 - 18 - 27  [0.492] 62
Started game 75 of 10000 (PassedPawnV2 vs Magic)
Finished game 63 (PassedPawnV2 vs Magic): 1/2-1/2 {Draw by 3-fold repetition}
Score of PassedPawnV2 vs Magic: 17 - 18 - 28  [0.492] 63
Started game 76 of 10000 (Magic vs PassedPawnV2)
Finished game 68 (Magic vs PassedPawnV2): 1/2-1/2 {Draw by adjudication}
Score of PassedPawnV2 vs Magic: 17 - 18 - 29  [0.492] 64
Started game 77 of 10000 (PassedPawnV2 vs Magic)
Finished game 65 (PassedPawnV2 vs Magic): 1-0 {White wins by adjudication}
Score of PassedPawnV2 vs Magic: 18 - 18 - 29  [0.500] 65
Started game 78 of 10000 (Magic vs PassedPawnV2)
Finished game 67 (PassedPawnV2 vs Magic): 1/2-1/2 {Draw by 3-fold repetition}
Score of PassedPawnV2 vs Magic: 18 - 18 - 30  [0.500] 66
Started game 79 of 10000 (PassedPawnV2 vs Magic)
Finished game 60 (Magic vs PassedPawnV2): 1/2-1/2 {Draw by adjudication}
Score of PassedPawnV2 vs Magic: 18 - 18 - 31  [0.500] 67
Started game 80 of 10000 (Magic vs PassedPawnV2)
Finished game 66 (Magic vs PassedPawnV2): 0-1 {Black wins by adjudication}
Score of PassedPawnV2 vs Magic: 19 - 18 - 31  [0.507] 68
Started game 81 of 10000 (PassedPawnV2 vs Magic)
Finished game 70 (Magic vs PassedPawnV2): 1-0 {White wins by adjudication}
Score of PassedPawnV2 vs Magic: 19 - 19 - 31  [0.500] 69
Started game 82 of 10000 (Magic vs PassedPawnV2)
Finished game 69 (PassedPawnV2 vs Magic): 1/2-1/2 {Draw by adjudication}
Score of PassedPawnV2 vs Magic: 19 - 19 - 32  [0.500] 70
Started game 83 of 10000 (PassedPawnV2 vs Magic)
Finished game 74 (Magic vs PassedPawnV2): 1/2-1/2 {Draw by adjudication}
Score of PassedPawnV2 vs Magic: 19 - 19 - 33  [0.500] 71
Started game 84 of 10000 (Magic vs PassedPawnV2)
Finished game 75 (PassedPawnV2 vs Magic): 1-0 {White wins by adjudication}
Score of PassedPawnV2 vs Magic: 20 - 19 - 33  [0.507] 72
Finished game 71 (PassedPawnV2 vs Magic): 0-1 {Black wins by adjudication}
Score of PassedPawnV2 vs Magic: 20 - 20 - 33  [0.500] 73
Started game 85 of 10000 (PassedPawnV2 vs Magic)
Started game 86 of 10000 (Magic vs PassedPawnV2)
Finished game 72 (Magic vs PassedPawnV2): 0-1 {Black wins by adjudication}
Score of PassedPawnV2 vs Magic: 21 - 20 - 33  [0.507] 74
Started game 87 of 10000 (PassedPawnV2 vs Magic)
Finished game 73 (PassedPawnV2 vs Magic): 1-0 {White wins by adjudication}
Score of PassedPawnV2 vs Magic: 22 - 20 - 33  [0.513] 75
Started game 88 of 10000 (Magic vs PassedPawnV2)
Finished game 77 (PassedPawnV2 vs Magic): 1-0 {White wins by adjudication}
Score of PassedPawnV2 vs Magic: 23 - 20 - 33  [0.520] 76
Started game 89 of 10000 (PassedPawnV2 vs Magic)
Finished game 80 (Magic vs PassedPawnV2): 0-1 {Black wins by adjudication}
Score of PassedPawnV2 vs Magic: 24 - 20 - 33  [0.526] 77
Started game 90 of 10000 (Magic vs PassedPawnV2)
Finished game 79 (PassedPawnV2 vs Magic): 1/2-1/2 {Draw by 3-fold repetition}
Score of PassedPawnV2 vs Magic: 24 - 20 - 34  [0.526] 78
Started game 91 of 10000 (PassedPawnV2 vs Magic)
Finished game 82 (Magic vs PassedPawnV2): 1/2-1/2 {Draw by 3-fold repetition}
Score of PassedPawnV2 vs Magic: 24 - 20 - 35  [0.525] 79
Started game 92 of 10000 (Magic vs PassedPawnV2)
Finished game 76 (Magic vs PassedPawnV2): 1-0 {White wins by adjudication}
Score of PassedPawnV2 vs Magic: 24 - 21 - 35  [0.519] 80
Started game 93 of 10000 (PassedPawnV2 vs Magic)
Finished game 78 (Magic vs PassedPawnV2): 1/2-1/2 {Draw by insufficient mating material}
Score of PassedPawnV2 vs Magic: 24 - 21 - 36  [0.519] 81
Started game 94 of 10000 (Magic vs PassedPawnV2)
Finished game 81 (PassedPawnV2 vs Magic): 1-0 {White wins by adjudication}
Score of PassedPawnV2 vs Magic: 25 - 21 - 36  [0.524] 82
Started game 95 of 10000 (PassedPawnV2 vs Magic)
Finished game 84 (Magic vs PassedPawnV2): 1-0 {White wins by adjudication}
Score of PassedPawnV2 vs Magic: 25 - 22 - 36  [0.518] 83
Started game 96 of 10000 (Magic vs PassedPawnV2)
Finished game 86 (Magic vs PassedPawnV2): 1/2-1/2 {Draw by insufficient mating material}
Score of PassedPawnV2 vs Magic: 25 - 22 - 37  [0.518] 84
Started game 97 of 10000 (PassedPawnV2 vs Magic)
Finished game 85 (PassedPawnV2 vs Magic): 0-1 {Black wins by adjudication}
Score of PassedPawnV2 vs Magic: 25 - 23 - 37  [0.512] 85
Started game 98 of 10000 (Magic vs PassedPawnV2)
Finished game 83 (PassedPawnV2 vs Magic): 1-0 {White wins by adjudication}
Score of PassedPawnV2 vs Magic: 26 - 23 - 37  [0.517] 86
Started game 99 of 10000 (PassedPawnV2 vs Magic)
Finished game 90 (Magic vs PassedPawnV2): 0-1 {Black wins by adjudication}
Score of PassedPawnV2 vs Magic: 27 - 23 - 37  [0.523] 87
Started game 100 of 10000 (Magic vs PassedPawnV2)
Finished game 89 (PassedPawnV2 vs Magic): 1/2-1/2 {Draw by 3-fold repetition}
Score of PassedPawnV2 vs Magic: 27 - 23 - 38  [0.523] 88
Started game 101 of 10000 (PassedPawnV2 vs Magic)
Finished game 91 (PassedPawnV2 vs Magic): 0-1 {Black wins by adjudication}
Score of PassedPawnV2 vs Magic: 27 - 24 - 38  [0.517] 89
Started game 102 of 10000 (Magic vs PassedPawnV2)
Finished game 88 (Magic vs PassedPawnV2): 0-1 {Black wins by adjudication}
Score of PassedPawnV2 vs Magic: 28 - 24 - 38  [0.522] 90
Started game 103 of 10000 (PassedPawnV2 vs Magic)
Finished game 95 (PassedPawnV2 vs Magic): 1-0 {White wins by adjudication}
Score of PassedPawnV2 vs Magic: 29 - 24 - 38  [0.527] 91
Started game 104 of 10000 (Magic vs PassedPawnV2)
Finished game 92 (Magic vs PassedPawnV2): 1-0 {White wins by adjudication}
Score of PassedPawnV2 vs Magic: 29 - 25 - 38  [0.522] 92
Started game 105 of 10000 (PassedPawnV2 vs Magic)
Finished game 96 (Magic vs PassedPawnV2): 1-0 {White wins by adjudication}
Score of PassedPawnV2 vs Magic: 29 - 26 - 38  [0.516] 93
Started game 106 of 10000 (Magic vs PassedPawnV2)
Finished game 87 (PassedPawnV2 vs Magic): 1/2-1/2 {Draw by insufficient mating material}
Score of PassedPawnV2 vs Magic: 29 - 26 - 39  [0.516] 94
Started game 107 of 10000 (PassedPawnV2 vs Magic)
Finished game 94 (Magic vs PassedPawnV2): 1-0 {White wins by adjudication}
Score of PassedPawnV2 vs Magic: 29 - 27 - 39  [0.511] 95
Started game 108 of 10000 (Magic vs PassedPawnV2)
Finished game 97 (PassedPawnV2 vs Magic): 0-1 {Black wins by adjudication}
Score of PassedPawnV2 vs Magic: 29 - 28 - 39  [0.505] 96
Started game 109 of 10000 (PassedPawnV2 vs Magic)
Finished game 93 (PassedPawnV2 vs Magic): 1-0 {White wins by adjudication}
Score of PassedPawnV2 vs Magic: 30 - 28 - 39  [0.510] 97
Started game 110 of 10000 (Magic vs PassedPawnV2)
Finished game 98 (Magic vs PassedPawnV2): 0-1 {Black wins by adjudication}
Score of PassedPawnV2 vs Magic: 31 - 28 - 39  [0.515] 98
Started game 111 of 10000 (PassedPawnV2 vs Magic)
Finished game 99 (PassedPawnV2 vs Magic): 1-0 {White wins by adjudication}
Score of PassedPawnV2 vs Magic: 32 - 28 - 39  [0.520] 99
Started game 112 of 10000 (Magic vs PassedPawnV2)
Finished game 101 (PassedPawnV2 vs Magic): 1-0 {White wins by adjudication}
Score of PassedPawnV2 vs Magic: 33 - 28 - 39  [0.525] 100
Started game 113 of 10000 (PassedPawnV2 vs Magic)
Finished game 103 (PassedPawnV2 vs Magic): 1-0 {White wins by adjudication}
Score of PassedPawnV2 vs Magic: 34 - 28 - 39  [0.530] 101
Started game 114 of 10000 (Magic vs PassedPawnV2)
Finished game 109 (PassedPawnV2 vs Magic): 0-1 {Black wins by adjudication}
Score of PassedPawnV2 vs Magic: 34 - 29 - 39  [0.525] 102
Started game 115 of 10000 (PassedPawnV2 vs Magic)
Finished game 100 (Magic vs PassedPawnV2): 1-0 {White wins by adjudication}
Score of PassedPawnV2 vs Magic: 34 - 30 - 39  [0.519] 103
Started game 116 of 10000 (Magic vs PassedPawnV2)
Finished game 108 (Magic vs PassedPawnV2): 0-1 {Black wins by adjudication}
Score of PassedPawnV2 vs Magic: 35 - 30 - 39  [0.524] 104
Started game 117 of 10000 (PassedPawnV2 vs Magic)
Finished game 107 (PassedPawnV2 vs Magic): 1-0 {White wins by adjudication}
Score of PassedPawnV2 vs Magic: 36 - 30 - 39  [0.529] 105
Started game 118 of 10000 (Magic vs PassedPawnV2)
Finished game 102 (Magic vs PassedPawnV2): 0-1 {Black wins by adjudication}
Score of PassedPawnV2 vs Magic: 37 - 30 - 39  [0.533] 106
Started game 119 of 10000 (PassedPawnV2 vs Magic)
Finished game 104 (Magic vs PassedPawnV2): 0-1 {Black wins by adjudication}
Score of PassedPawnV2 vs Magic: 38 - 30 - 39  [0.537] 107
Started game 120 of 10000 (Magic vs PassedPawnV2)
Finished game 106 (Magic vs PassedPawnV2): 1/2-1/2 {Draw by insufficient mating material}
Score of PassedPawnV2 vs Magic: 38 - 30 - 40  [0.537] 108
Started game 121 of 10000 (PassedPawnV2 vs Magic)
Finished game 112 (Magic vs PassedPawnV2): 1-0 {White wins by adjudication}
Score of PassedPawnV2 vs Magic: 38 - 31 - 40  [0.532] 109
Started game 122 of 10000 (Magic vs PassedPawnV2)
Finished game 105 (PassedPawnV2 vs Magic): 1/2-1/2 {Draw by fifty moves rule}
Score of PassedPawnV2 vs Magic: 38 - 31 - 41  [0.532] 110
Started game 123 of 10000 (PassedPawnV2 vs Magic)
Finished game 110 (Magic vs PassedPawnV2): 1-0 {White wins by adjudication}
Score of PassedPawnV2 vs Magic: 38 - 32 - 41  [0.527] 111
Started game 124 of 10000 (Magic vs PassedPawnV2)
Finished game 114 (Magic vs PassedPawnV2): 0-1 {Black wins by adjudication}
Score of PassedPawnV2 vs Magic: 39 - 32 - 41  [0.531] 112
Started game 125 of 10000 (PassedPawnV2 vs Magic)
Finished game 115 (PassedPawnV2 vs Magic): 1/2-1/2 {Draw by 3-fold repetition}
Score of PassedPawnV2 vs Magic: 39 - 32 - 42  [0.531] 113
Started game 126 of 10000 (Magic vs PassedPawnV2)
Finished game 120 (Magic vs PassedPawnV2): 1-0 {White wins by adjudication}
Score of PassedPawnV2 vs Magic: 39 - 33 - 42  [0.526] 114
Started game 127 of 10000 (PassedPawnV2 vs Magic)
Finished game 121 (PassedPawnV2 vs Magic): 1-0 {White wins by adjudication}
Score of PassedPawnV2 vs Magic: 40 - 33 - 42  [0.530] 115
Started game 128 of 10000 (Magic vs PassedPawnV2)
Finished game 111 (PassedPawnV2 vs Magic): 1/2-1/2 {Draw by adjudication}
Score of PassedPawnV2 vs Magic: 40 - 33 - 43  [0.530] 116
Started game 129 of 10000 (PassedPawnV2 vs Magic)
Finished game 118 (Magic vs PassedPawnV2): 1-0 {White wins by adjudication}
Score of PassedPawnV2 vs Magic: 40 - 34 - 43  [0.526] 117
Started game 130 of 10000 (Magic vs PassedPawnV2)
Finished game 113 (PassedPawnV2 vs Magic): 1-0 {White wins by adjudication}
Score of PassedPawnV2 vs Magic: 41 - 34 - 43  [0.530] 118
Started game 131 of 10000 (PassedPawnV2 vs Magic)
Finished game 117 (PassedPawnV2 vs Magic): 1/2-1/2 {Draw by adjudication}
Score of PassedPawnV2 vs Magic: 41 - 34 - 44  [0.529] 119
Started game 132 of 10000 (Magic vs PassedPawnV2)
Finished game 119 (PassedPawnV2 vs Magic): 1/2-1/2 {Draw by 3-fold repetition}
Score of PassedPawnV2 vs Magic: 41 - 34 - 45  [0.529] 120
Started game 133 of 10000 (PassedPawnV2 vs Magic)
Finished game 116 (Magic vs PassedPawnV2): 0-1 {Black wins by adjudication}
Score of PassedPawnV2 vs Magic: 42 - 34 - 45  [0.533] 121
Started game 134 of 10000 (Magic vs PassedPawnV2)
Finished game 123 (PassedPawnV2 vs Magic): 1-0 {White wins by adjudication}
Score of PassedPawnV2 vs Magic: 43 - 34 - 45  [0.537] 122
Started game 135 of 10000 (PassedPawnV2 vs Magic)
Finished game 122 (Magic vs PassedPawnV2): 0-1 {Black mates}
Score of PassedPawnV2 vs Magic: 44 - 34 - 45  [0.541] 123
Started game 136 of 10000 (Magic vs PassedPawnV2)
Finished game 125 (PassedPawnV2 vs Magic): 1-0 {White wins by adjudication}
Score of PassedPawnV2 vs Magic: 45 - 34 - 45  [0.544] 124
Started game 137 of 10000 (PassedPawnV2 vs Magic)
Finished game 126 (Magic vs PassedPawnV2): 1-0 {White wins by adjudication}
Score of PassedPawnV2 vs Magic: 45 - 35 - 45  [0.540] 125
Started game 138 of 10000 (Magic vs PassedPawnV2)
Finished game 124 (Magic vs PassedPawnV2): 1/2-1/2 {Draw by adjudication}
Score of PassedPawnV2 vs Magic: 45 - 35 - 46  [0.540] 126
Started game 139 of 10000 (PassedPawnV2 vs Magic)
Finished game 127 (PassedPawnV2 vs Magic): 1-0 {White wins by adjudication}
Score of PassedPawnV2 vs Magic: 46 - 35 - 46  [0.543] 127
Started game 140 of 10000 (Magic vs PassedPawnV2)
Finished game 128 (Magic vs PassedPawnV2): 1-0 {White wins by adjudication}
Score of PassedPawnV2 vs Magic: 46 - 36 - 46  [0.539] 128
Started game 141 of 10000 (PassedPawnV2 vs Magic)
Finished game 131 (PassedPawnV2 vs Magic): 1-0 {White wins by adjudication}
Score of PassedPawnV2 vs Magic: 47 - 36 - 46  [0.543] 129
Started game 142 of 10000 (Magic vs PassedPawnV2)
Finished game 129 (PassedPawnV2 vs Magic): 1-0 {White wins by adjudication}
Score of PassedPawnV2 vs Magic: 48 - 36 - 46  [0.546] 130
Started game 143 of 10000 (PassedPawnV2 vs Magic)
Finished game 133 (PassedPawnV2 vs Magic): 1-0 {White wins by adjudication}
Score of PassedPawnV2 vs Magic: 49 - 36 - 46  [0.550] 131
Started game 144 of 10000 (Magic vs PassedPawnV2)
Finished game 130 (Magic vs PassedPawnV2): 1-0 {White wins by adjudication}
Score of PassedPawnV2 vs Magic: 49 - 37 - 46  [0.545] 132
Started game 145 of 10000 (PassedPawnV2 vs Magic)
Finished game 132 (Magic vs PassedPawnV2): 0-1 {Black wins by adjudication}
Score of PassedPawnV2 vs Magic: 50 - 37 - 46  [0.549] 133
Started game 146 of 10000 (Magic vs PassedPawnV2)
Finished game 134 (Magic vs PassedPawnV2): 1-0 {White wins by adjudication}
Score of PassedPawnV2 vs Magic: 50 - 38 - 46  [0.545] 134
Started game 147 of 10000 (PassedPawnV2 vs Magic)
Finished game 136 (Magic vs PassedPawnV2): 1/2-1/2 {Draw by 3-fold repetition}
Score of PassedPawnV2 vs Magic: 50 - 38 - 47  [0.544] 135
Started game 148 of 10000 (Magic vs PassedPawnV2)
Finished game 135 (PassedPawnV2 vs Magic): 1-0 {White wins by adjudication}
Score of PassedPawnV2 vs Magic: 51 - 38 - 47  [0.548] 136
Started game 149 of 10000 (PassedPawnV2 vs Magic)
Finished game 140 (Magic vs PassedPawnV2): 1/2-1/2 {Draw by 3-fold repetition}
Score of PassedPawnV2 vs Magic: 51 - 38 - 48  [0.547] 137
Started game 150 of 10000 (Magic vs PassedPawnV2)
Finished game 137 (PassedPawnV2 vs Magic): 1-0 {White wins by adjudication}
Score of PassedPawnV2 vs Magic: 52 - 38 - 48  [0.551] 138
Started game 151 of 10000 (PassedPawnV2 vs Magic)
Finished game 139 (PassedPawnV2 vs Magic): 1-0 {White wins by adjudication}
Score of PassedPawnV2 vs Magic: 53 - 38 - 48  [0.554] 139
Started game 152 of 10000 (Magic vs PassedPawnV2)
Finished game 146 (Magic vs PassedPawnV2): 0-1 {Black wins by adjudication}
Score of PassedPawnV2 vs Magic: 54 - 38 - 48  [0.557] 140
Started game 153 of 10000 (PassedPawnV2 vs Magic)
Finished game 141 (PassedPawnV2 vs Magic): 0-1 {Black wins by adjudication}
Score of PassedPawnV2 vs Magic: 54 - 39 - 48  [0.553] 141
Started game 154 of 10000 (Magic vs PassedPawnV2)
Finished game 138 (Magic vs PassedPawnV2): 1-0 {White wins by adjudication}
Score of PassedPawnV2 vs Magic: 54 - 40 - 48  [0.549] 142
Started game 155 of 10000 (PassedPawnV2 vs Magic)
Finished game 142 (Magic vs PassedPawnV2): 1-0 {White wins by adjudication}
Score of PassedPawnV2 vs Magic: 54 - 41 - 48  [0.545] 143
Started game 156 of 10000 (Magic vs PassedPawnV2)
Finished game 153 (PassedPawnV2 vs Magic): 1/2-1/2 {Draw by 3-fold repetition}
Score of PassedPawnV2 vs Magic: 54 - 41 - 49  [0.545] 144
Started game 157 of 10000 (PassedPawnV2 vs Magic)
Finished game 154 (Magic vs PassedPawnV2): 1/2-1/2 {Draw by 3-fold repetition}
Score of PassedPawnV2 vs Magic: 54 - 41 - 50  [0.545] 145
Started game 158 of 10000 (Magic vs PassedPawnV2)
Finished game 144 (Magic vs PassedPawnV2): 1-0 {White wins by adjudication}
Score of PassedPawnV2 vs Magic: 54 - 42 - 50  [0.541] 146
Started game 159 of 10000 (PassedPawnV2 vs Magic)
Finished game 143 (PassedPawnV2 vs Magic): 1-0 {White wins by adjudication}
Score of PassedPawnV2 vs Magic: 55 - 42 - 50  [0.544] 147
Started game 160 of 10000 (Magic vs PassedPawnV2)
Finished game 147 (PassedPawnV2 vs Magic): 1/2-1/2 {Draw by 3-fold repetition}
Score of PassedPawnV2 vs Magic: 55 - 42 - 51  [0.544] 148
Started game 161 of 10000 (PassedPawnV2 vs Magic)
Finished game 148 (Magic vs PassedPawnV2): 1-0 {White wins by adjudication}
Score of PassedPawnV2 vs Magic: 55 - 43 - 51  [0.540] 149
Started game 162 of 10000 (Magic vs PassedPawnV2)
Finished game 145 (PassedPawnV2 vs Magic): 1/2-1/2 {Draw by insufficient mating material}
Score of PassedPawnV2 vs Magic: 55 - 43 - 52  [0.540] 150
Started game 163 of 10000 (PassedPawnV2 vs Magic)
Finished game 150 (Magic vs PassedPawnV2): 0-1 {Black wins by adjudication}
Score of PassedPawnV2 vs Magic: 56 - 43 - 52  [0.543] 151
Started game 164 of 10000 (Magic vs PassedPawnV2)
Finished game 156 (Magic vs PassedPawnV2): 1-0 {White wins by adjudication}
Score of PassedPawnV2 vs Magic: 56 - 44 - 52  [0.539] 152
Started game 165 of 10000 (PassedPawnV2 vs Magic)
Finished game 149 (PassedPawnV2 vs Magic): 1-0 {White wins by adjudication}
Score of PassedPawnV2 vs Magic: 57 - 44 - 52  [0.542] 153
Started game 166 of 10000 (Magic vs PassedPawnV2)
Finished game 161 (PassedPawnV2 vs Magic): 1/2-1/2 {Draw by 3-fold repetition}
Score of PassedPawnV2 vs Magic: 57 - 44 - 53  [0.542] 154
Started game 167 of 10000 (PassedPawnV2 vs Magic)
Finished game 157 (PassedPawnV2 vs Magic): 0-1 {Black mates}
Score of PassedPawnV2 vs Magic: 57 - 45 - 53  [0.539] 155
Started game 168 of 10000 (Magic vs PassedPawnV2)
Finished game 152 (Magic vs PassedPawnV2): 1-0 {White wins by adjudication}
Score of PassedPawnV2 vs Magic: 57 - 46 - 53  [0.535] 156
Started game 169 of 10000 (PassedPawnV2 vs Magic)
Finished game 160 (Magic vs PassedPawnV2): 1-0 {White wins by adjudication}
Score of PassedPawnV2 vs Magic: 57 - 47 - 53  [0.532] 157
Started game 170 of 10000 (Magic vs PassedPawnV2)
Finished game 159 (PassedPawnV2 vs Magic): 1-0 {White wins by adjudication}
Score of PassedPawnV2 vs Magic: 58 - 47 - 53  [0.535] 158
Started game 171 of 10000 (PassedPawnV2 vs Magic)
Finished game 166 (Magic vs PassedPawnV2): 1/2-1/2 {Draw by 3-fold repetition}
Score of PassedPawnV2 vs Magic: 58 - 47 - 54  [0.535] 159
Started game 172 of 10000 (Magic vs PassedPawnV2)
Finished game 155 (PassedPawnV2 vs Magic): 1-0 {White wins by adjudication}
Score of PassedPawnV2 vs Magic: 59 - 47 - 54  [0.537] 160
Started game 173 of 10000 (PassedPawnV2 vs Magic)
Finished game 165 (PassedPawnV2 vs Magic): 1/2-1/2 {Draw by 3-fold repetition}
Score of PassedPawnV2 vs Magic: 59 - 47 - 55  [0.537] 161
Started game 174 of 10000 (Magic vs PassedPawnV2)
Finished game 162 (Magic vs PassedPawnV2): 1/2-1/2 {Draw by 3-fold repetition}
Score of PassedPawnV2 vs Magic: 59 - 47 - 56  [0.537] 162
Started game 175 of 10000 (PassedPawnV2 vs Magic)
Finished game 158 (Magic vs PassedPawnV2): 0-1 {Black wins by adjudication}
Score of PassedPawnV2 vs Magic: 60 - 47 - 56  [0.540] 163
Started game 176 of 10000 (Magic vs PassedPawnV2)
Finished game 163 (PassedPawnV2 vs Magic): 1-0 {White wins by adjudication}
Score of PassedPawnV2 vs Magic: 61 - 47 - 56  [0.543] 164
Started game 177 of 10000 (PassedPawnV2 vs Magic)
Finished game 168 (Magic vs PassedPawnV2): 0-1 {Black wins by adjudication}
Score of PassedPawnV2 vs Magic: 62 - 47 - 56  [0.545] 165
Started game 178 of 10000 (Magic vs PassedPawnV2)
Finished game 151 (PassedPawnV2 vs Magic): 1/2-1/2 {Draw by fifty moves rule}
Score of PassedPawnV2 vs Magic: 62 - 47 - 57  [0.545] 166
Started game 179 of 10000 (PassedPawnV2 vs Magic)
Finished game 170 (Magic vs PassedPawnV2): 0-1 {Black wins by adjudication}
Score of PassedPawnV2 vs Magic: 63 - 47 - 57  [0.548] 167
Started game 180 of 10000 (Magic vs PassedPawnV2)
Finished game 167 (PassedPawnV2 vs Magic): 1-0 {White wins by adjudication}
Score of PassedPawnV2 vs Magic: 64 - 47 - 57  [0.551] 168
Started game 181 of 10000 (PassedPawnV2 vs Magic)
Finished game 173 (PassedPawnV2 vs Magic): 0-1 {Black wins by adjudication}
Score of PassedPawnV2 vs Magic: 64 - 48 - 57  [0.547] 169
Started game 182 of 10000 (Magic vs PassedPawnV2)
Finished game 174 (Magic vs PassedPawnV2): 0-1 {Black wins by adjudication}
Score of PassedPawnV2 vs Magic: 65 - 48 - 57  [0.550] 170
Started game 183 of 10000 (PassedPawnV2 vs Magic)
Finished game 176 (Magic vs PassedPawnV2): 1-0 {White wins by adjudication}
Score of PassedPawnV2 vs Magic: 65 - 49 - 57  [0.547] 171
Started game 184 of 10000 (Magic vs PassedPawnV2)
Finished game 164 (Magic vs PassedPawnV2): 0-1 {Black wins by adjudication}
Score of PassedPawnV2 vs Magic: 66 - 49 - 57  [0.549] 172
Started game 185 of 10000 (PassedPawnV2 vs Magic)
Finished game 169 (PassedPawnV2 vs Magic): 0-1 {Black wins by adjudication}
Score of PassedPawnV2 vs Magic: 66 - 50 - 57  [0.546] 173
Started game 186 of 10000 (Magic vs PassedPawnV2)
Finished game 172 (Magic vs PassedPawnV2): 1-0 {White mates}
Score of PassedPawnV2 vs Magic: 66 - 51 - 57  [0.543] 174
Started game 187 of 10000 (PassedPawnV2 vs Magic)
Finished game 171 (PassedPawnV2 vs Magic): 1-0 {White wins by adjudication}
Score of PassedPawnV2 vs Magic: 67 - 51 - 57  [0.546] 175
Started game 188 of 10000 (Magic vs PassedPawnV2)
Finished game 175 (PassedPawnV2 vs Magic): 1-0 {White wins by adjudication}
Score of PassedPawnV2 vs Magic: 68 - 51 - 57  [0.548] 176
Started game 189 of 10000 (PassedPawnV2 vs Magic)
Finished game 177 (PassedPawnV2 vs Magic): 1-0 {White wins by adjudication}
Score of PassedPawnV2 vs Magic: 69 - 51 - 57  [0.551] 177
Started game 190 of 10000 (Magic vs PassedPawnV2)
Finished game 178 (Magic vs PassedPawnV2): 1-0 {White wins by adjudication}
Score of PassedPawnV2 vs Magic: 69 - 52 - 57  [0.548] 178
Started game 191 of 10000 (PassedPawnV2 vs Magic)
Finished game 182 (Magic vs PassedPawnV2): 0-1 {Black wins by adjudication}
Score of PassedPawnV2 vs Magic: 70 - 52 - 57  [0.550] 179
Started game 192 of 10000 (Magic vs PassedPawnV2)
Finished game 183 (PassedPawnV2 vs Magic): 1-0 {White wins by adjudication}
Score of PassedPawnV2 vs Magic: 71 - 52 - 57  [0.553] 180
Started game 193 of 10000 (PassedPawnV2 vs Magic)
Finished game 184 (Magic vs PassedPawnV2): 1-0 {White wins by adjudication}
Score of PassedPawnV2 vs Magic: 71 - 53 - 57  [0.550] 181
Started game 194 of 10000 (Magic vs PassedPawnV2)
Finished game 179 (PassedPawnV2 vs Magic): 1/2-1/2 {Draw by adjudication}
Score of PassedPawnV2 vs Magic: 71 - 53 - 58  [0.549] 182
Started game 195 of 10000 (PassedPawnV2 vs Magic)
Finished game 186 (Magic vs PassedPawnV2): 0-1 {Black wins by adjudication}
Score of PassedPawnV2 vs Magic: 72 - 53 - 58  [0.552] 183
Started game 196 of 10000 (Magic vs PassedPawnV2)
Finished game 185 (PassedPawnV2 vs Magic): 1-0 {White wins by adjudication}
Score of PassedPawnV2 vs Magic: 73 - 53 - 58  [0.554] 184
Started game 197 of 10000 (PassedPawnV2 vs Magic)
Finished game 181 (PassedPawnV2 vs Magic): 0-1 {Black wins by adjudication}
Score of PassedPawnV2 vs Magic: 73 - 54 - 58  [0.551] 185
Started game 198 of 10000 (Magic vs PassedPawnV2)
Finished game 180 (Magic vs PassedPawnV2): 0-1 {Black mates}
Score of PassedPawnV2 vs Magic: 74 - 54 - 58  [0.554] 186
Started game 199 of 10000 (PassedPawnV2 vs Magic)
Finished game 187 (PassedPawnV2 vs Magic): 0-1 {Black wins by adjudication}
Score of PassedPawnV2 vs Magic: 74 - 55 - 58  [0.551] 187
Started game 200 of 10000 (Magic vs PassedPawnV2)
Finished game 190 (Magic vs PassedPawnV2): 1-0 {White wins by adjudication}
Score of PassedPawnV2 vs Magic: 74 - 56 - 58  [0.548] 188
Started game 201 of 10000 (PassedPawnV2 vs Magic)
Finished game 193 (PassedPawnV2 vs Magic): 0-1 {Black wins by adjudication}
Score of PassedPawnV2 vs Magic: 74 - 57 - 58  [0.545] 189
Started game 202 of 10000 (Magic vs PassedPawnV2)
Finished game 188 (Magic vs PassedPawnV2): 1/2-1/2 {Draw by 3-fold repetition}
Score of PassedPawnV2 vs Magic: 74 - 57 - 59  [0.545] 190
Started game 203 of 10000 (PassedPawnV2 vs Magic)
Finished game 191 (PassedPawnV2 vs Magic): 1/2-1/2 {Draw by adjudication}
Score of PassedPawnV2 vs Magic: 74 - 57 - 60  [0.545] 191
Started game 204 of 10000 (Magic vs PassedPawnV2)
Finished game 194 (Magic vs PassedPawnV2): 0-1 {Black wins by adjudication}
Score of PassedPawnV2 vs Magic: 75 - 57 - 60  [0.547] 192
Started game 205 of 10000 (PassedPawnV2 vs Magic)
Finished game 195 (PassedPawnV2 vs Magic): 1/2-1/2 {Draw by insufficient mating material}
Score of PassedPawnV2 vs Magic: 75 - 57 - 61  [0.547] 193
Started game 206 of 10000 (Magic vs PassedPawnV2)
Finished game 196 (Magic vs PassedPawnV2): 1-0 {White wins by adjudication}
Score of PassedPawnV2 vs Magic: 75 - 58 - 61  [0.544] 194
Started game 207 of 10000 (PassedPawnV2 vs Magic)
Finished game 198 (Magic vs PassedPawnV2): 0-1 {Black wins by adjudication}
Score of PassedPawnV2 vs Magic: 76 - 58 - 61  [0.546] 195
Started game 208 of 10000 (Magic vs PassedPawnV2)
Finished game 192 (Magic vs PassedPawnV2): 1-0 {White wins by adjudication}
Score of PassedPawnV2 vs Magic: 76 - 59 - 61  [0.543] 196
Started game 209 of 10000 (PassedPawnV2 vs Magic)
Finished game 189 (PassedPawnV2 vs Magic): 1/2-1/2 {Draw by fifty moves rule}
Score of PassedPawnV2 vs Magic: 76 - 59 - 62  [0.543] 197
Started game 210 of 10000 (Magic vs PassedPawnV2)
Finished game 197 (PassedPawnV2 vs Magic): 1-0 {White wins by adjudication}
Score of PassedPawnV2 vs Magic: 77 - 59 - 62  [0.545] 198
Started game 211 of 10000 (PassedPawnV2 vs Magic)
Finished game 199 (PassedPawnV2 vs Magic): 1-0 {White wins by adjudication}
Score of PassedPawnV2 vs Magic: 78 - 59 - 62  [0.548] 199
Started game 212 of 10000 (Magic vs PassedPawnV2)
Finished game 200 (Magic vs PassedPawnV2): 0-1 {Black wins by adjudication}
Score of PassedPawnV2 vs Magic: 79 - 59 - 62  [0.550] 200
Started game 213 of 10000 (PassedPawnV2 vs Magic)
Finished game 202 (Magic vs PassedPawnV2): 1-0 {White wins by adjudication}
Score of PassedPawnV2 vs Magic: 79 - 60 - 62  [0.547] 201
Started game 214 of 10000 (Magic vs PassedPawnV2)
Finished game 203 (PassedPawnV2 vs Magic): 1-0 {White wins by adjudication}
Score of PassedPawnV2 vs Magic: 80 - 60 - 62  [0.550] 202
Started game 215 of 10000 (PassedPawnV2 vs Magic)
Finished game 204 (Magic vs PassedPawnV2): 0-1 {Black wins by adjudication}
Score of PassedPawnV2 vs Magic: 81 - 60 - 62  [0.552] 203
Started game 216 of 10000 (Magic vs PassedPawnV2)
Finished game 209 (PassedPawnV2 vs Magic): 1-0 {White wins by adjudication}
Score of PassedPawnV2 vs Magic: 82 - 60 - 62  [0.554] 204
Started game 217 of 10000 (PassedPawnV2 vs Magic)
Finished game 205 (PassedPawnV2 vs Magic): 1-0 {White wins by adjudication}
Score of PassedPawnV2 vs Magic: 83 - 60 - 62  [0.556] 205
Started game 218 of 10000 (Magic vs PassedPawnV2)
Finished game 201 (PassedPawnV2 vs Magic): 1/2-1/2 {Draw by fifty moves rule}
Score of PassedPawnV2 vs Magic: 83 - 60 - 63  [0.556] 206
Started game 219 of 10000 (PassedPawnV2 vs Magic)
Finished game 216 (Magic vs PassedPawnV2): 1/2-1/2 {Draw by 3-fold repetition}
Score of PassedPawnV2 vs Magic: 83 - 60 - 64  [0.556] 207
Started game 220 of 10000 (Magic vs PassedPawnV2)
Finished game 206 (Magic vs PassedPawnV2): 0-1 {Black wins by adjudication}
Score of PassedPawnV2 vs Magic: 84 - 60 - 64  [0.558] 208
Started game 221 of 10000 (PassedPawnV2 vs Magic)
Finished game 208 (Magic vs PassedPawnV2): 1-0 {White wins by adjudication}
Score of PassedPawnV2 vs Magic: 84 - 61 - 64  [0.555] 209
Started game 222 of 10000 (Magic vs PassedPawnV2)
Finished game 210 (Magic vs PassedPawnV2): 0-1 {Black wins by adjudication}
Score of PassedPawnV2 vs Magic: 85 - 61 - 64  [0.557] 210
Started game 223 of 10000 (PassedPawnV2 vs Magic)
Finished game 212 (Magic vs PassedPawnV2): 1/2-1/2 {Draw by 3-fold repetition}
Score of PassedPawnV2 vs Magic: 85 - 61 - 65  [0.557] 211
Started game 224 of 10000 (Magic vs PassedPawnV2)
Finished game 207 (PassedPawnV2 vs Magic): 1/2-1/2 {Draw by 3-fold repetition}
Score of PassedPawnV2 vs Magic: 85 - 61 - 66  [0.557] 212
Started game 225 of 10000 (PassedPawnV2 vs Magic)
Finished game 211 (PassedPawnV2 vs Magic): 1-0 {White wins by adjudication}
Score of PassedPawnV2 vs Magic: 86 - 61 - 66  [0.559] 213
Started game 226 of 10000 (Magic vs PassedPawnV2)
Finished game 213 (PassedPawnV2 vs Magic): 1-0 {White wins by adjudication}
Score of PassedPawnV2 vs Magic: 87 - 61 - 66  [0.561] 214
Started game 227 of 10000 (PassedPawnV2 vs Magic)
Finished game 214 (Magic vs PassedPawnV2): 1-0 {White wins by adjudication}
Score of PassedPawnV2 vs Magic: 87 - 62 - 66  [0.558] 215
Started game 228 of 10000 (Magic vs PassedPawnV2)
Finished game 215 (PassedPawnV2 vs Magic): 0-1 {Black wins by adjudication}
Score of PassedPawnV2 vs Magic: 87 - 63 - 66  [0.556] 216
Started game 229 of 10000 (PassedPawnV2 vs Magic)
Finished game 218 (Magic vs PassedPawnV2): 0-1 {Black wins by adjudication}
Score of PassedPawnV2 vs Magic: 88 - 63 - 66  [0.558] 217
Started game 230 of 10000 (Magic vs PassedPawnV2)
Finished game 217 (PassedPawnV2 vs Magic): 0-1 {Black wins by adjudication}
Score of PassedPawnV2 vs Magic: 88 - 64 - 66  [0.555] 218
Started game 231 of 10000 (PassedPawnV2 vs Magic)
Finished game 221 (PassedPawnV2 vs Magic): 0-1 {Black wins by adjudication}
Score of PassedPawnV2 vs Magic: 88 - 65 - 66  [0.553] 219
Started game 232 of 10000 (Magic vs PassedPawnV2)
Finished game 224 (Magic vs PassedPawnV2): 1-0 {White wins by adjudication}
Score of PassedPawnV2 vs Magic: 88 - 66 - 66  [0.550] 220
Started game 233 of 10000 (PassedPawnV2 vs Magic)
Finished game 228 (Magic vs PassedPawnV2): 1/2-1/2 {Draw by adjudication}
Score of PassedPawnV2 vs Magic: 88 - 66 - 67  [0.550] 221
Started game 234 of 10000 (Magic vs PassedPawnV2)
Finished game 229 (PassedPawnV2 vs Magic): 1/2-1/2 {Draw by adjudication}
Score of PassedPawnV2 vs Magic: 88 - 66 - 68  [0.550] 222
Started game 235 of 10000 (PassedPawnV2 vs Magic)
Finished game 227 (PassedPawnV2 vs Magic): 1/2-1/2 {Draw by adjudication}
Score of PassedPawnV2 vs Magic: 88 - 66 - 69  [0.549] 223
Started game 236 of 10000 (Magic vs PassedPawnV2)
Finished game 225 (PassedPawnV2 vs Magic): 1/2-1/2 {Draw by insufficient mating material}
Score of PassedPawnV2 vs Magic: 88 - 66 - 70  [0.549] 224
Started game 237 of 10000 (PassedPawnV2 vs Magic)
Finished game 223 (PassedPawnV2 vs Magic): 1/2-1/2 {Draw by adjudication}
Score of PassedPawnV2 vs Magic: 88 - 66 - 71  [0.549] 225
Started game 238 of 10000 (Magic vs PassedPawnV2)
Finished game 230 (Magic vs PassedPawnV2): 1/2-1/2 {Draw by 3-fold repetition}
Score of PassedPawnV2 vs Magic: 88 - 66 - 72  [0.549] 226
Started game 239 of 10000 (PassedPawnV2 vs Magic)
Finished game 222 (Magic vs PassedPawnV2): 1-0 {White wins by adjudication}
Score of PassedPawnV2 vs Magic: 88 - 67 - 72  [0.546] 227
Started game 240 of 10000 (Magic vs PassedPawnV2)
Finished game 226 (Magic vs PassedPawnV2): 0-1 {Black wins by adjudication}
Score of PassedPawnV2 vs Magic: 89 - 67 - 72  [0.548] 228
Started game 241 of 10000 (PassedPawnV2 vs Magic)
Finished game 233 (PassedPawnV2 vs Magic): 1/2-1/2 {Draw by 3-fold repetition}
Score of PassedPawnV2 vs Magic: 89 - 67 - 73  [0.548] 229
Started game 242 of 10000 (Magic vs PassedPawnV2)
Finished game 232 (Magic vs PassedPawnV2): 1-0 {White wins by adjudication}
Score of PassedPawnV2 vs Magic: 89 - 68 - 73  [0.546] 230
Started game 243 of 10000 (PassedPawnV2 vs Magic)
Finished game 231 (PassedPawnV2 vs Magic): 1-0 {White wins by adjudication}
Score of PassedPawnV2 vs Magic: 90 - 68 - 73  [0.548] 231
Started game 244 of 10000 (Magic vs PassedPawnV2)
Finished game 220 (Magic vs PassedPawnV2): 1-0 {White wins by adjudication}
Score of PassedPawnV2 vs Magic: 90 - 69 - 73  [0.545] 232
Started game 245 of 10000 (PassedPawnV2 vs Magic)
Finished game 241 (PassedPawnV2 vs Magic): 1-0 {White wins by adjudication}
Score of PassedPawnV2 vs Magic: 91 - 69 - 73  [0.547] 233
Started game 246 of 10000 (Magic vs PassedPawnV2)
Finished game 234 (Magic vs PassedPawnV2): 1/2-1/2 {Draw by insufficient mating material}
Score of PassedPawnV2 vs Magic: 91 - 69 - 74  [0.547] 234
Started game 247 of 10000 (PassedPawnV2 vs Magic)
Finished game 240 (Magic vs PassedPawnV2): 1-0 {White wins by adjudication}
Score of PassedPawnV2 vs Magic: 91 - 70 - 74  [0.545] 235
Started game 248 of 10000 (Magic vs PassedPawnV2)
Finished game 237 (PassedPawnV2 vs Magic): 1/2-1/2 {Draw by insufficient mating material}
Score of PassedPawnV2 vs Magic: 91 - 70 - 75  [0.544] 236
Started game 249 of 10000 (PassedPawnV2 vs Magic)
Finished game 235 (PassedPawnV2 vs Magic): 1/2-1/2 {Draw by 3-fold repetition}
Score of PassedPawnV2 vs Magic: 91 - 70 - 76  [0.544] 237
Started game 250 of 10000 (Magic vs PassedPawnV2)
Finished game 219 (PassedPawnV2 vs Magic): 1/2-1/2 {Draw by adjudication}
Score of PassedPawnV2 vs Magic: 91 - 70 - 77  [0.544] 238
Started game 251 of 10000 (PassedPawnV2 vs Magic)
Finished game 236 (Magic vs PassedPawnV2): 1/2-1/2 {Draw by 3-fold repetition}
Score of PassedPawnV2 vs Magic: 91 - 70 - 78  [0.544] 239
Started game 252 of 10000 (Magic vs PassedPawnV2)
Finished game 246 (Magic vs PassedPawnV2): 1-0 {White wins by adjudication}
Score of PassedPawnV2 vs Magic: 91 - 71 - 78  [0.542] 240
Started game 253 of 10000 (PassedPawnV2 vs Magic)
Finished game 245 (PassedPawnV2 vs Magic): 1-0 {White wins by adjudication}
Score of PassedPawnV2 vs Magic: 92 - 71 - 78  [0.544] 241
Started game 254 of 10000 (Magic vs PassedPawnV2)
Finished game 243 (PassedPawnV2 vs Magic): 1-0 {White wins by adjudication}
Score of PassedPawnV2 vs Magic: 93 - 71 - 78  [0.545] 242
Started game 255 of 10000 (PassedPawnV2 vs Magic)
Finished game 239 (PassedPawnV2 vs Magic): 1/2-1/2 {Draw by fifty moves rule}
Score of PassedPawnV2 vs Magic: 93 - 71 - 79  [0.545] 243
Started game 256 of 10000 (Magic vs PassedPawnV2)
Finished game 244 (Magic vs PassedPawnV2): 0-1 {Black wins by adjudication}
Score of PassedPawnV2 vs Magic: 94 - 71 - 79  [0.547] 244
Started game 257 of 10000 (PassedPawnV2 vs Magic)
Finished game 249 (PassedPawnV2 vs Magic): 1-0 {White wins by adjudication}
Score of PassedPawnV2 vs Magic: 95 - 71 - 79  [0.549] 245
Started game 258 of 10000 (Magic vs PassedPawnV2)
Finished game 238 (Magic vs PassedPawnV2): 1/2-1/2 {Draw by adjudication}
Score of PassedPawnV2 vs Magic: 95 - 71 - 80  [0.549] 246
Started game 259 of 10000 (PassedPawnV2 vs Magic)
Finished game 247 (PassedPawnV2 vs Magic): 1/2-1/2 {Draw by 3-fold repetition}
Score of PassedPawnV2 vs Magic: 95 - 71 - 81  [0.549] 247
Started game 260 of 10000 (Magic vs PassedPawnV2)
Finished game 248 (Magic vs PassedPawnV2): 0-1 {Black wins by adjudication}
Score of PassedPawnV2 vs Magic: 96 - 71 - 81  [0.550] 248
Started game 261 of 10000 (PassedPawnV2 vs Magic)
Finished game 242 (Magic vs PassedPawnV2): 0-1 {Black wins by adjudication}
Score of PassedPawnV2 vs Magic: 97 - 71 - 81  [0.552] 249
Started game 262 of 10000 (Magic vs PassedPawnV2)
Finished game 251 (PassedPawnV2 vs Magic): 1/2-1/2 {Draw by adjudication}
Score of PassedPawnV2 vs Magic: 97 - 71 - 82  [0.552] 250
Started game 263 of 10000 (PassedPawnV2 vs Magic)
Finished game 250 (Magic vs PassedPawnV2): 1/2-1/2 {Draw by adjudication}
Score of PassedPawnV2 vs Magic: 97 - 71 - 83  [0.552] 251
Started game 264 of 10000 (Magic vs PassedPawnV2)
Finished game 252 (Magic vs PassedPawnV2): 0-1 {Black wins by adjudication}
Score of PassedPawnV2 vs Magic: 98 - 71 - 83  [0.554] 252
Started game 265 of 10000 (PassedPawnV2 vs Magic)
Finished game 259 (PassedPawnV2 vs Magic): 0-1 {Black mates}
Score of PassedPawnV2 vs Magic: 98 - 72 - 83  [0.551] 253
Started game 266 of 10000 (Magic vs PassedPawnV2)
Finished game 254 (Magic vs PassedPawnV2): 0-1 {Black wins by adjudication}
Score of PassedPawnV2 vs Magic: 99 - 72 - 83  [0.553] 254
Started game 267 of 10000 (PassedPawnV2 vs Magic)
Finished game 256 (Magic vs PassedPawnV2): 1/2-1/2 {Draw by 3-fold repetition}
Score of PassedPawnV2 vs Magic: 99 - 72 - 84  [0.553] 255
Started game 268 of 10000 (Magic vs PassedPawnV2)
Finished game 253 (PassedPawnV2 vs Magic): 1-0 {White wins by adjudication}
Score of PassedPawnV2 vs Magic: 100 - 72 - 84  [0.555] 256
Started game 269 of 10000 (PassedPawnV2 vs Magic)
Finished game 258 (Magic vs PassedPawnV2): 1-0 {White wins by adjudication}
Score of PassedPawnV2 vs Magic: 100 - 73 - 84  [0.553] 257
Started game 270 of 10000 (Magic vs PassedPawnV2)
Finished game 260 (Magic vs PassedPawnV2): 1-0 {White wins by adjudication}
Score of PassedPawnV2 vs Magic: 100 - 74 - 84  [0.550] 258
Started game 271 of 10000 (PassedPawnV2 vs Magic)
Finished game 261 (PassedPawnV2 vs Magic): 0-1 {Black wins by adjudication}
Score of PassedPawnV2 vs Magic: 100 - 75 - 84  [0.548] 259
Started game 272 of 10000 (Magic vs PassedPawnV2)
Finished game 265 (PassedPawnV2 vs Magic): 0-1 {Black wins by adjudication}
Score of PassedPawnV2 vs Magic: 100 - 76 - 84  [0.546] 260
Started game 273 of 10000 (PassedPawnV2 vs Magic)
Finished game 257 (PassedPawnV2 vs Magic): 1/2-1/2 {Draw by 3-fold repetition}
Score of PassedPawnV2 vs Magic: 100 - 76 - 85  [0.546] 261
Started game 274 of 10000 (Magic vs PassedPawnV2)
Finished game 262 (Magic vs PassedPawnV2): 1/2-1/2 {Draw by adjudication}
Score of PassedPawnV2 vs Magic: 100 - 76 - 86  [0.546] 262
Started game 275 of 10000 (PassedPawnV2 vs Magic)
Finished game 255 (PassedPawnV2 vs Magic): 1-0 {White wins by adjudication}
Score of PassedPawnV2 vs Magic: 101 - 76 - 86  [0.548] 263
Started game 276 of 10000 (Magic vs PassedPawnV2)
Finished game 263 (PassedPawnV2 vs Magic): 1-0 {White wins by adjudication}
Score of PassedPawnV2 vs Magic: 102 - 76 - 86  [0.549] 264
Started game 277 of 10000 (PassedPawnV2 vs Magic)
Finished game 266 (Magic vs PassedPawnV2): 0-1 {Black wins by adjudication}
Score of PassedPawnV2 vs Magic: 103 - 76 - 86  [0.551] 265
Started game 278 of 10000 (Magic vs PassedPawnV2)
Finished game 270 (Magic vs PassedPawnV2): 1/2-1/2 {Draw by 3-fold repetition}
Score of PassedPawnV2 vs Magic: 103 - 76 - 87  [0.551] 266
Started game 279 of 10000 (PassedPawnV2 vs Magic)
Finished game 264 (Magic vs PassedPawnV2): 0-1 {Black wins by adjudication}
Score of PassedPawnV2 vs Magic: 104 - 76 - 87  [0.552] 267
Started game 280 of 10000 (Magic vs PassedPawnV2)
Finished game 268 (Magic vs PassedPawnV2): 1-0 {White wins by adjudication}
Score of PassedPawnV2 vs Magic: 104 - 77 - 87  [0.550] 268
Started game 281 of 10000 (PassedPawnV2 vs Magic)
Finished game 276 (Magic vs PassedPawnV2): 0-1 {Black mates}
Score of PassedPawnV2 vs Magic: 105 - 77 - 87  [0.552] 269
Started game 282 of 10000 (Magic vs PassedPawnV2)
Finished game 269 (PassedPawnV2 vs Magic): 0-1 {Black wins by adjudication}
Score of PassedPawnV2 vs Magic: 105 - 78 - 87  [0.550] 270
Started game 283 of 10000 (PassedPawnV2 vs Magic)
Finished game 272 (Magic vs PassedPawnV2): 1-0 {White wins by adjudication}
Score of PassedPawnV2 vs Magic: 105 - 79 - 87  [0.548] 271
Started game 284 of 10000 (Magic vs PassedPawnV2)
Finished game 277 (PassedPawnV2 vs Magic): 1-0 {White wins by adjudication}
Score of PassedPawnV2 vs Magic: 106 - 79 - 87  [0.550] 272
Started game 285 of 10000 (PassedPawnV2 vs Magic)
Finished game 267 (PassedPawnV2 vs Magic): 0-1 {Black mates}
Score of PassedPawnV2 vs Magic: 106 - 80 - 87  [0.548] 273
Started game 286 of 10000 (Magic vs PassedPawnV2)
Finished game 273 (PassedPawnV2 vs Magic): 1/2-1/2 {Draw by insufficient mating material}
Score of PassedPawnV2 vs Magic: 106 - 80 - 88  [0.547] 274
Started game 287 of 10000 (PassedPawnV2 vs Magic)
Finished game 275 (PassedPawnV2 vs Magic): 0-1 {Black wins by adjudication}
Score of PassedPawnV2 vs Magic: 106 - 81 - 88  [0.545] 275
Started game 288 of 10000 (Magic vs PassedPawnV2)
Finished game 284 (Magic vs PassedPawnV2): 1/2-1/2 {Draw by 3-fold repetition}
Score of PassedPawnV2 vs Magic: 106 - 81 - 89  [0.545] 276
Started game 289 of 10000 (PassedPawnV2 vs Magic)
Finished game 274 (Magic vs PassedPawnV2): 1-0 {White wins by adjudication}
Score of PassedPawnV2 vs Magic: 106 - 82 - 89  [0.543] 277
Started game 290 of 10000 (Magic vs PassedPawnV2)
Finished game 271 (PassedPawnV2 vs Magic): 1/2-1/2 {Draw by fifty moves rule}
Score of PassedPawnV2 vs Magic: 106 - 82 - 90  [0.543] 278
Started game 291 of 10000 (PassedPawnV2 vs Magic)
Finished game 280 (Magic vs PassedPawnV2): 1-0 {White wins by adjudication}
Score of PassedPawnV2 vs Magic: 106 - 83 - 90  [0.541] 279
Started game 292 of 10000 (Magic vs PassedPawnV2)
Finished game 282 (Magic vs PassedPawnV2): 1-0 {White wins by adjudication}
Score of PassedPawnV2 vs Magic: 106 - 84 - 90  [0.539] 280
Started game 293 of 10000 (PassedPawnV2 vs Magic)
Finished game 283 (PassedPawnV2 vs Magic): 1-0 {White wins by adjudication}
Score of PassedPawnV2 vs Magic: 107 - 84 - 90  [0.541] 281
Started game 294 of 10000 (Magic vs PassedPawnV2)
Finished game 279 (PassedPawnV2 vs Magic): 1-0 {White wins by adjudication}
Score of PassedPawnV2 vs Magic: 108 - 84 - 90  [0.543] 282
Started game 295 of 10000 (PassedPawnV2 vs Magic)
Finished game 281 (PassedPawnV2 vs Magic): 1/2-1/2 {Draw by 3-fold repetition}
Score of PassedPawnV2 vs Magic: 108 - 84 - 91  [0.542] 283
Started game 296 of 10000 (Magic vs PassedPawnV2)
Finished game 278 (Magic vs PassedPawnV2): 1-0 {White wins by adjudication}
Score of PassedPawnV2 vs Magic: 108 - 85 - 91  [0.540] 284
Started game 297 of 10000 (PassedPawnV2 vs Magic)
Finished game 286 (Magic vs PassedPawnV2): 0-1 {Black wins by adjudication}
Score of PassedPawnV2 vs Magic: 109 - 85 - 91  [0.542] 285
Started game 298 of 10000 (Magic vs PassedPawnV2)
Finished game 285 (PassedPawnV2 vs Magic): 0-1 {Black wins by adjudication}
Score of PassedPawnV2 vs Magic: 109 - 86 - 91  [0.540] 286
Started game 299 of 10000 (PassedPawnV2 vs Magic)
Finished game 287 (PassedPawnV2 vs Magic): 0-1 {Black wins by adjudication}
Score of PassedPawnV2 vs Magic: 109 - 87 - 91  [0.538] 287
Started game 300 of 10000 (Magic vs PassedPawnV2)
Finished game 288 (Magic vs PassedPawnV2): 0-1 {Black wins by adjudication}
Score of PassedPawnV2 vs Magic: 110 - 87 - 91  [0.540] 288
Started game 301 of 10000 (PassedPawnV2 vs Magic)
Finished game 289 (PassedPawnV2 vs Magic): 1-0 {White wins by adjudication}
Score of PassedPawnV2 vs Magic: 111 - 87 - 91  [0.542] 289
Started game 302 of 10000 (Magic vs PassedPawnV2)
Finished game 291 (PassedPawnV2 vs Magic): 0-1 {Black wins by adjudication}
Score of PassedPawnV2 vs Magic: 111 - 88 - 91  [0.540] 290
Started game 303 of 10000 (PassedPawnV2 vs Magic)
Finished game 294 (Magic vs PassedPawnV2): 0-1 {Black wins by adjudication}
Score of PassedPawnV2 vs Magic: 112 - 88 - 91  [0.541] 291
Started game 304 of 10000 (Magic vs PassedPawnV2)
Finished game 295 (PassedPawnV2 vs Magic): 1/2-1/2 {Draw by insufficient mating material}
Score of PassedPawnV2 vs Magic: 112 - 88 - 92  [0.541] 292
Started game 305 of 10000 (PassedPawnV2 vs Magic)
Finished game 293 (PassedPawnV2 vs Magic): 1/2-1/2 {Draw by adjudication}
Score of PassedPawnV2 vs Magic: 112 - 88 - 93  [0.541] 293
Started game 306 of 10000 (Magic vs PassedPawnV2)
Finished game 296 (Magic vs PassedPawnV2): 0-1 {Black wins by adjudication}
Score of PassedPawnV2 vs Magic: 113 - 88 - 93  [0.543] 294
Started game 307 of 10000 (PassedPawnV2 vs Magic)
Finished game 299 (PassedPawnV2 vs Magic): 1/2-1/2 {Draw by 3-fold repetition}
Score of PassedPawnV2 vs Magic: 113 - 88 - 94  [0.542] 295
Started game 308 of 10000 (Magic vs PassedPawnV2)
Finished game 292 (Magic vs PassedPawnV2): 0-1 {Black wins by adjudication}
Score of PassedPawnV2 vs Magic: 114 - 88 - 94  [0.544] 296
Started game 309 of 10000 (PassedPawnV2 vs Magic)
Finished game 290 (Magic vs PassedPawnV2): 1/2-1/2 {Draw by insufficient mating material}
Score of PassedPawnV2 vs Magic: 114 - 88 - 95  [0.544] 297
Started game 310 of 10000 (Magic vs PassedPawnV2)
Finished game 300 (Magic vs PassedPawnV2): 1/2-1/2 {Draw by adjudication}
Score of PassedPawnV2 vs Magic: 114 - 88 - 96  [0.544] 298
Started game 311 of 10000 (PassedPawnV2 vs Magic)
Finished game 297 (PassedPawnV2 vs Magic): 1-0 {White wins by adjudication}
Score of PassedPawnV2 vs Magic: 115 - 88 - 96  [0.545] 299
Started game 312 of 10000 (Magic vs PassedPawnV2)
Finished game 298 (Magic vs PassedPawnV2): 0-1 {Black wins by adjudication}
Score of PassedPawnV2 vs Magic: 116 - 88 - 96  [0.547] 300
Started game 313 of 10000 (PassedPawnV2 vs Magic)
Finished game 301 (PassedPawnV2 vs Magic): 1-0 {White wins by adjudication}
Score of PassedPawnV2 vs Magic: 117 - 88 - 96  [0.548] 301
Started game 314 of 10000 (Magic vs PassedPawnV2)
Finished game 304 (Magic vs PassedPawnV2): 0-1 {Black wins by adjudication}
Score of PassedPawnV2 vs Magic: 118 - 88 - 96  [0.550] 302
Started game 315 of 10000 (PassedPawnV2 vs Magic)
Finished game 303 (PassedPawnV2 vs Magic): 0-1 {Black wins by adjudication}
Score of PassedPawnV2 vs Magic: 118 - 89 - 96  [0.548] 303
Started game 316 of 10000 (Magic vs PassedPawnV2)
Finished game 305 (PassedPawnV2 vs Magic): 0-1 {Black mates}
Score of PassedPawnV2 vs Magic: 118 - 90 - 96  [0.546] 304
Started game 317 of 10000 (PassedPawnV2 vs Magic)
Finished game 302 (Magic vs PassedPawnV2): 1/2-1/2 {Draw by adjudication}
Score of PassedPawnV2 vs Magic: 118 - 90 - 97  [0.546] 305
Started game 318 of 10000 (Magic vs PassedPawnV2)
Finished game 311 (PassedPawnV2 vs Magic): 1-0 {White wins by adjudication}
Score of PassedPawnV2 vs Magic: 119 - 90 - 97  [0.547] 306
Started game 319 of 10000 (PassedPawnV2 vs Magic)
Finished game 309 (PassedPawnV2 vs Magic): 0-1 {Black wins by adjudication}
Score of PassedPawnV2 vs Magic: 119 - 91 - 97  [0.546] 307
Started game 320 of 10000 (Magic vs PassedPawnV2)
Finished game 308 (Magic vs PassedPawnV2): 1/2-1/2 {Draw by adjudication}
Score of PassedPawnV2 vs Magic: 119 - 91 - 98  [0.545] 308
Started game 321 of 10000 (PassedPawnV2 vs Magic)
Finished game 310 (Magic vs PassedPawnV2): 0-1 {Black wins by adjudication}
Score of PassedPawnV2 vs Magic: 120 - 91 - 98  [0.547] 309
Started game 322 of 10000 (Magic vs PassedPawnV2)
Finished game 307 (PassedPawnV2 vs Magic): 0-1 {Black wins by adjudication}
Score of PassedPawnV2 vs Magic: 120 - 92 - 98  [0.545] 310
Started game 323 of 10000 (PassedPawnV2 vs Magic)
Finished game 313 (PassedPawnV2 vs Magic): 1/2-1/2 {Draw by adjudication}
Score of PassedPawnV2 vs Magic: 120 - 92 - 99  [0.545] 311
Started game 324 of 10000 (Magic vs PassedPawnV2)
Finished game 314 (Magic vs PassedPawnV2): 1-0 {White wins by adjudication}
Score of PassedPawnV2 vs Magic: 120 - 93 - 99  [0.543] 312
Started game 325 of 10000 (PassedPawnV2 vs Magic)
Finished game 318 (Magic vs PassedPawnV2): 0-1 {Black mates}
Score of PassedPawnV2 vs Magic: 121 - 93 - 99  [0.545] 313
Started game 326 of 10000 (Magic vs PassedPawnV2)
Finished game 315 (PassedPawnV2 vs Magic): 1-0 {White wins by adjudication}
Score of PassedPawnV2 vs Magic: 122 - 93 - 99  [0.546] 314
Started game 327 of 10000 (PassedPawnV2 vs Magic)
Finished game 312 (Magic vs PassedPawnV2): 1/2-1/2 {Draw by 3-fold repetition}
Score of PassedPawnV2 vs Magic: 122 - 93 - 100  [0.546] 315
Started game 328 of 10000 (Magic vs PassedPawnV2)
Finished game 317 (PassedPawnV2 vs Magic): 0-1 {Black wins by adjudication}
Score of PassedPawnV2 vs Magic: 122 - 94 - 100  [0.544] 316
Started game 329 of 10000 (PassedPawnV2 vs Magic)
Finished game 322 (Magic vs PassedPawnV2): 0-1 {Black wins by adjudication}
Score of PassedPawnV2 vs Magic: 123 - 94 - 100  [0.546] 317
Started game 330 of 10000 (Magic vs PassedPawnV2)
Finished game 316 (Magic vs PassedPawnV2): 0-1 {Black wins by adjudication}
Score of PassedPawnV2 vs Magic: 124 - 94 - 100  [0.547] 318
Started game 331 of 10000 (PassedPawnV2 vs Magic)
Finished game 306 (Magic vs PassedPawnV2): 1/2-1/2 {Draw by fifty moves rule}
Score of PassedPawnV2 vs Magic: 124 - 94 - 101  [0.547] 319
Started game 332 of 10000 (Magic vs PassedPawnV2)
Finished game 320 (Magic vs PassedPawnV2): 0-1 {Black wins by adjudication}
Score of PassedPawnV2 vs Magic: 125 - 94 - 101  [0.548] 320
Started game 333 of 10000 (PassedPawnV2 vs Magic)
Finished game 321 (PassedPawnV2 vs Magic): 1-0 {White wins by adjudication}
Score of PassedPawnV2 vs Magic: 126 - 94 - 101  [0.550] 321
Started game 334 of 10000 (Magic vs PassedPawnV2)
Finished game 329 (PassedPawnV2 vs Magic): 1-0 {White wins by adjudication}
Score of PassedPawnV2 vs Magic: 127 - 94 - 101  [0.551] 322
Started game 335 of 10000 (PassedPawnV2 vs Magic)
Finished game 327 (PassedPawnV2 vs Magic): 0-1 {Black wins by adjudication}
Score of PassedPawnV2 vs Magic: 127 - 95 - 101  [0.550] 323
Started game 336 of 10000 (Magic vs PassedPawnV2)
Finished game 319 (PassedPawnV2 vs Magic): 1/2-1/2 {Draw by fifty moves rule}
Score of PassedPawnV2 vs Magic: 127 - 95 - 102  [0.549] 324
Started game 337 of 10000 (PassedPawnV2 vs Magic)
Finished game 323 (PassedPawnV2 vs Magic): 0-1 {Black wins by adjudication}
Score of PassedPawnV2 vs Magic: 127 - 96 - 102  [0.548] 325
Started game 338 of 10000 (Magic vs PassedPawnV2)
Finished game 324 (Magic vs PassedPawnV2): 1-0 {White wins by adjudication}
Score of PassedPawnV2 vs Magic: 127 - 97 - 102  [0.546] 326
Started game 339 of 10000 (PassedPawnV2 vs Magic)
Finished game 325 (PassedPawnV2 vs Magic): 1/2-1/2 {Draw by insufficient mating material}
Score of PassedPawnV2 vs Magic: 127 - 97 - 103  [0.546] 327
Started game 340 of 10000 (Magic vs PassedPawnV2)
Finished game 326 (Magic vs PassedPawnV2): 1-0 {White wins by adjudication}
Score of PassedPawnV2 vs Magic: 127 - 98 - 103  [0.544] 328
Started game 341 of 10000 (PassedPawnV2 vs Magic)
Finished game 331 (PassedPawnV2 vs Magic): 1-0 {White wins by adjudication}
Score of PassedPawnV2 vs Magic: 128 - 98 - 103  [0.546] 329
Started game 342 of 10000 (Magic vs PassedPawnV2)
Finished game 334 (Magic vs PassedPawnV2): 1-0 {White wins by adjudication}
Score of PassedPawnV2 vs Magic: 128 - 99 - 103  [0.544] 330
Started game 343 of 10000 (PassedPawnV2 vs Magic)
Finished game 332 (Magic vs PassedPawnV2): 0-1 {Black wins by adjudication}
Score of PassedPawnV2 vs Magic: 129 - 99 - 103  [0.545] 331
Started game 344 of 10000 (Magic vs PassedPawnV2)
Finished game 330 (Magic vs PassedPawnV2): 0-1 {Black wins by adjudication}
Score of PassedPawnV2 vs Magic: 130 - 99 - 103  [0.547] 332
Started game 345 of 10000 (PassedPawnV2 vs Magic)
Finished game 328 (Magic vs PassedPawnV2): 1-0 {White wins by adjudication}
Score of PassedPawnV2 vs Magic: 130 - 100 - 103  [0.545] 333
Started game 346 of 10000 (Magic vs PassedPawnV2)
Finished game 333 (PassedPawnV2 vs Magic): 1-0 {White mates}
Score of PassedPawnV2 vs Magic: 131 - 100 - 103  [0.546] 334
Started game 347 of 10000 (PassedPawnV2 vs Magic)
Finished game 335 (PassedPawnV2 vs Magic): 0-1 {Black wins by adjudication}
Score of PassedPawnV2 vs Magic: 131 - 101 - 103  [0.545] 335
Started game 348 of 10000 (Magic vs PassedPawnV2)
Finished game 338 (Magic vs PassedPawnV2): 1-0 {White wins by adjudication}
Score of PassedPawnV2 vs Magic: 131 - 102 - 103  [0.543] 336
Started game 349 of 10000 (PassedPawnV2 vs Magic)
Finished game 343 (PassedPawnV2 vs Magic): 0-1 {Black wins by adjudication}
Score of PassedPawnV2 vs Magic: 131 - 103 - 103  [0.542] 337
Started game 350 of 10000 (Magic vs PassedPawnV2)
Finished game 344 (Magic vs PassedPawnV2): 1/2-1/2 {Draw by 3-fold repetition}
Score of PassedPawnV2 vs Magic: 131 - 103 - 104  [0.541] 338
Started game 351 of 10000 (PassedPawnV2 vs Magic)
Finished game 337 (PassedPawnV2 vs Magic): 0-1 {Black wins by adjudication}
Score of PassedPawnV2 vs Magic: 131 - 104 - 104  [0.540] 339
Started game 352 of 10000 (Magic vs PassedPawnV2)
Finished game 342 (Magic vs PassedPawnV2): 1-0 {White wins by adjudication}
Score of PassedPawnV2 vs Magic: 131 - 105 - 104  [0.538] 340
Started game 353 of 10000 (PassedPawnV2 vs Magic)
Finished game 345 (PassedPawnV2 vs Magic): 0-1 {Black wins by adjudication}
Score of PassedPawnV2 vs Magic: 131 - 106 - 104  [0.537] 341
Started game 354 of 10000 (Magic vs PassedPawnV2)
Finished game 341 (PassedPawnV2 vs Magic): 1/2-1/2 {Draw by insufficient mating material}
Score of PassedPawnV2 vs Magic: 131 - 106 - 105  [0.537] 342
Started game 355 of 10000 (PassedPawnV2 vs Magic)
Finished game 336 (Magic vs PassedPawnV2): 1-0 {White wins by adjudication}
Score of PassedPawnV2 vs Magic: 131 - 107 - 105  [0.535] 343
Started game 356 of 10000 (Magic vs PassedPawnV2)
Finished game 340 (Magic vs PassedPawnV2): 1-0 {White wins by adjudication}
Score of PassedPawnV2 vs Magic: 131 - 108 - 105  [0.533] 344
Started game 357 of 10000 (PassedPawnV2 vs Magic)
Finished game 339 (PassedPawnV2 vs Magic): 0-1 {Black mates}
Score of PassedPawnV2 vs Magic: 131 - 109 - 105  [0.532] 345
Started game 358 of 10000 (Magic vs PassedPawnV2)
Finished game 347 (PassedPawnV2 vs Magic): 1-0 {White wins by adjudication}
Score of PassedPawnV2 vs Magic: 132 - 109 - 105  [0.533] 346
Started game 359 of 10000 (PassedPawnV2 vs Magic)
Finished game 346 (Magic vs PassedPawnV2): 0-1 {Black wins by adjudication}
Score of PassedPawnV2 vs Magic: 133 - 109 - 105  [0.535] 347
Started game 360 of 10000 (Magic vs PassedPawnV2)
Finished game 348 (Magic vs PassedPawnV2): 1/2-1/2 {Draw by 3-fold repetition}
Score of PassedPawnV2 vs Magic: 133 - 109 - 106  [0.534] 348
Started game 361 of 10000 (PassedPawnV2 vs Magic)
Finished game 352 (Magic vs PassedPawnV2): 0-1 {Black wins by adjudication}
Score of PassedPawnV2 vs Magic: 134 - 109 - 106  [0.536] 349
Started game 362 of 10000 (Magic vs PassedPawnV2)
Finished game 349 (PassedPawnV2 vs Magic): 0-1 {Black wins by adjudication}
Score of PassedPawnV2 vs Magic: 134 - 110 - 106  [0.534] 350
Started game 363 of 10000 (PassedPawnV2 vs Magic)
Finished game 354 (Magic vs PassedPawnV2): 0-1 {Black mates}
Score of PassedPawnV2 vs Magic: 135 - 110 - 106  [0.536] 351
Started game 364 of 10000 (Magic vs PassedPawnV2)
Finished game 356 (Magic vs PassedPawnV2): 0-1 {Black wins by adjudication}
Score of PassedPawnV2 vs Magic: 136 - 110 - 106  [0.537] 352
Started game 365 of 10000 (PassedPawnV2 vs Magic)
Finished game 350 (Magic vs PassedPawnV2): 0-1 {Black wins by adjudication}
Score of PassedPawnV2 vs Magic: 137 - 110 - 106  [0.538] 353
Started game 366 of 10000 (Magic vs PassedPawnV2)
Finished game 353 (PassedPawnV2 vs Magic): 1/2-1/2 {Draw by adjudication}
Score of PassedPawnV2 vs Magic: 137 - 110 - 107  [0.538] 354
Started game 367 of 10000 (PassedPawnV2 vs Magic)
Finished game 357 (PassedPawnV2 vs Magic): 1-0 {White wins by adjudication}
Score of PassedPawnV2 vs Magic: 138 - 110 - 107  [0.539] 355
Started game 368 of 10000 (Magic vs PassedPawnV2)
Finished game 359 (PassedPawnV2 vs Magic): 1-0 {White wins by adjudication}
Score of PassedPawnV2 vs Magic: 139 - 110 - 107  [0.541] 356
Started game 369 of 10000 (PassedPawnV2 vs Magic)
Finished game 351 (PassedPawnV2 vs Magic): 1-0 {White wins by adjudication}
Score of PassedPawnV2 vs Magic: 140 - 110 - 107  [0.542] 357
Started game 370 of 10000 (Magic vs PassedPawnV2)
Finished game 358 (Magic vs PassedPawnV2): 1/2-1/2 {Draw by 3-fold repetition}
Score of PassedPawnV2 vs Magic: 140 - 110 - 108  [0.542] 358
Started game 371 of 10000 (PassedPawnV2 vs Magic)
Finished game 355 (PassedPawnV2 vs Magic): 1-0 {White wins by adjudication}
Score of PassedPawnV2 vs Magic: 141 - 110 - 108  [0.543] 359
Started game 372 of 10000 (Magic vs PassedPawnV2)
Finished game 360 (Magic vs PassedPawnV2): 0-1 {Black wins by adjudication}
Score of PassedPawnV2 vs Magic: 142 - 110 - 108  [0.544] 360
Started game 373 of 10000 (PassedPawnV2 vs Magic)
Finished game 362 (Magic vs PassedPawnV2): 0-1 {Black wins by adjudication}
Score of PassedPawnV2 vs Magic: 143 - 110 - 108  [0.546] 361
Started game 374 of 10000 (Magic vs PassedPawnV2)
Finished game 364 (Magic vs PassedPawnV2): 0-1 {Black wins by adjudication}
Score of PassedPawnV2 vs Magic: 144 - 110 - 108  [0.547] 362
Started game 375 of 10000 (PassedPawnV2 vs Magic)
Finished game 368 (Magic vs PassedPawnV2): 1/2-1/2 {Draw by 3-fold repetition}
Score of PassedPawnV2 vs Magic: 144 - 110 - 109  [0.547] 363
Started game 376 of 10000 (Magic vs PassedPawnV2)
Finished game 365 (PassedPawnV2 vs Magic): 1/2-1/2 {Draw by 3-fold repetition}
Score of PassedPawnV2 vs Magic: 144 - 110 - 110  [0.547] 364
Started game 377 of 10000 (PassedPawnV2 vs Magic)
Finished game 370 (Magic vs PassedPawnV2): 1/2-1/2 {Draw by 3-fold repetition}
Score of PassedPawnV2 vs Magic: 144 - 110 - 111  [0.547] 365
Started game 378 of 10000 (Magic vs PassedPawnV2)
Finished game 361 (PassedPawnV2 vs Magic): 1-0 {White wins by adjudication}
Score of PassedPawnV2 vs Magic: 145 - 110 - 111  [0.548] 366
Started game 379 of 10000 (PassedPawnV2 vs Magic)
Finished game 363 (PassedPawnV2 vs Magic): 0-1 {Black wins by adjudication}
Score of PassedPawnV2 vs Magic: 145 - 111 - 111  [0.546] 367
Started game 380 of 10000 (Magic vs PassedPawnV2)
Finished game 367 (PassedPawnV2 vs Magic): 1-0 {White wins by adjudication}
Score of PassedPawnV2 vs Magic: 146 - 111 - 111  [0.548] 368
Started game 381 of 10000 (PassedPawnV2 vs Magic)
Finished game 372 (Magic vs PassedPawnV2): 1-0 {White wins by adjudication}
Score of PassedPawnV2 vs Magic: 146 - 112 - 111  [0.546] 369
Started game 382 of 10000 (Magic vs PassedPawnV2)
Finished game 366 (Magic vs PassedPawnV2): 1/2-1/2 {Draw by fifty moves rule}
Score of PassedPawnV2 vs Magic: 146 - 112 - 112  [0.546] 370
Started game 383 of 10000 (PassedPawnV2 vs Magic)
Finished game 373 (PassedPawnV2 vs Magic): 1/2-1/2 {Draw by 3-fold repetition}
Score of PassedPawnV2 vs Magic: 146 - 112 - 113  [0.546] 371
Started game 384 of 10000 (Magic vs PassedPawnV2)
Finished game 371 (PassedPawnV2 vs Magic): 1-0 {White wins by adjudication}
Score of PassedPawnV2 vs Magic: 147 - 112 - 113  [0.547] 372
Started game 385 of 10000 (PassedPawnV2 vs Magic)
Finished game 369 (PassedPawnV2 vs Magic): 1-0 {White mates}
Score of PassedPawnV2 vs Magic: 148 - 112 - 113  [0.548] 373
Started game 386 of 10000 (Magic vs PassedPawnV2)
Finished game 377 (PassedPawnV2 vs Magic): 1-0 {White wins by adjudication}
Score of PassedPawnV2 vs Magic: 149 - 112 - 113  [0.549] 374
Started game 387 of 10000 (PassedPawnV2 vs Magic)
Finished game 375 (PassedPawnV2 vs Magic): 1/2-1/2 {Draw by 3-fold repetition}
Score of PassedPawnV2 vs Magic: 149 - 112 - 114  [0.549] 375
Started game 388 of 10000 (Magic vs PassedPawnV2)
Finished game 376 (Magic vs PassedPawnV2): 0-1 {Black wins by adjudication}
Score of PassedPawnV2 vs Magic: 150 - 112 - 114  [0.551] 376
Started game 389 of 10000 (PassedPawnV2 vs Magic)
Finished game 380 (Magic vs PassedPawnV2): 0-1 {Black wins by adjudication}
Score of PassedPawnV2 vs Magic: 151 - 112 - 114  [0.552] 377
Started game 390 of 10000 (Magic vs PassedPawnV2)
Finished game 378 (Magic vs PassedPawnV2): 1/2-1/2 {Draw by adjudication}
Score of PassedPawnV2 vs Magic: 151 - 112 - 115  [0.552] 378
Started game 391 of 10000 (PassedPawnV2 vs Magic)
Finished game 379 (PassedPawnV2 vs Magic): 0-1 {Black wins by adjudication}
Score of PassedPawnV2 vs Magic: 151 - 113 - 115  [0.550] 379
Started game 392 of 10000 (Magic vs PassedPawnV2)
Finished game 374 (Magic vs PassedPawnV2): 1/2-1/2 {Draw by 3-fold repetition}
Score of PassedPawnV2 vs Magic: 151 - 113 - 116  [0.550] 380
Started game 393 of 10000 (PassedPawnV2 vs Magic)
Finished game 382 (Magic vs PassedPawnV2): 1/2-1/2 {Draw by 3-fold repetition}
Score of PassedPawnV2 vs Magic: 151 - 113 - 117  [0.550] 381
Started game 394 of 10000 (Magic vs PassedPawnV2)
Finished game 381 (PassedPawnV2 vs Magic): 1-0 {White wins by adjudication}
Score of PassedPawnV2 vs Magic: 152 - 113 - 117  [0.551] 382
Started game 395 of 10000 (PassedPawnV2 vs Magic)
Finished game 384 (Magic vs PassedPawnV2): 1-0 {White wins by adjudication}
Score of PassedPawnV2 vs Magic: 152 - 114 - 117  [0.550] 383
Started game 396 of 10000 (Magic vs PassedPawnV2)
Finished game 383 (PassedPawnV2 vs Magic): 1-0 {White wins by adjudication}
Score of PassedPawnV2 vs Magic: 153 - 114 - 117  [0.551] 384
Started game 397 of 10000 (PassedPawnV2 vs Magic)
Finished game 386 (Magic vs PassedPawnV2): 1-0 {White wins by adjudication}
Score of PassedPawnV2 vs Magic: 153 - 115 - 117  [0.549] 385
Started game 398 of 10000 (Magic vs PassedPawnV2)
Finished game 387 (PassedPawnV2 vs Magic): 1-0 {White wins by adjudication}
Score of PassedPawnV2 vs Magic: 154 - 115 - 117  [0.551] 386
Started game 399 of 10000 (PassedPawnV2 vs Magic)
Finished game 389 (PassedPawnV2 vs Magic): 1-0 {White mates}
Score of PassedPawnV2 vs Magic: 155 - 115 - 117  [0.552] 387
Started game 400 of 10000 (Magic vs PassedPawnV2)
Finished game 388 (Magic vs PassedPawnV2): 1/2-1/2 {Draw by adjudication}
Score of PassedPawnV2 vs Magic: 155 - 115 - 118  [0.552] 388
Started game 401 of 10000 (PassedPawnV2 vs Magic)
Finished game 394 (Magic vs PassedPawnV2): 1-0 {White wins by adjudication}
Score of PassedPawnV2 vs Magic: 155 - 116 - 118  [0.550] 389
Started game 402 of 10000 (Magic vs PassedPawnV2)
Finished game 390 (Magic vs PassedPawnV2): 0-1 {Black wins by adjudication}
Score of PassedPawnV2 vs Magic: 156 - 116 - 118  [0.551] 390
Started game 403 of 10000 (PassedPawnV2 vs Magic)
Finished game 392 (Magic vs PassedPawnV2): 1-0 {White wins by adjudication}
Score of PassedPawnV2 vs Magic: 156 - 117 - 118  [0.550] 391
Started game 404 of 10000 (Magic vs PassedPawnV2)
Finished game 385 (PassedPawnV2 vs Magic): 1/2-1/2 {Draw by fifty moves rule}
Score of PassedPawnV2 vs Magic: 156 - 117 - 119  [0.550] 392
Started game 405 of 10000 (PassedPawnV2 vs Magic)
Finished game 393 (PassedPawnV2 vs Magic): 0-1 {Black wins by adjudication}
Score of PassedPawnV2 vs Magic: 156 - 118 - 119  [0.548] 393
Started game 406 of 10000 (Magic vs PassedPawnV2)
Finished game 391 (PassedPawnV2 vs Magic): 1-0 {White wins by adjudication}
Score of PassedPawnV2 vs Magic: 157 - 118 - 119  [0.549] 394
Started game 407 of 10000 (PassedPawnV2 vs Magic)
Finished game 399 (PassedPawnV2 vs Magic): 1-0 {White wins by adjudication}
Score of PassedPawnV2 vs Magic: 158 - 118 - 119  [0.551] 395
Started game 408 of 10000 (Magic vs PassedPawnV2)
Finished game 396 (Magic vs PassedPawnV2): 0-1 {Black wins by adjudication}
Score of PassedPawnV2 vs Magic: 159 - 118 - 119  [0.552] 396
Started game 409 of 10000 (PassedPawnV2 vs Magic)
Finished game 398 (Magic vs PassedPawnV2): 1-0 {White wins by adjudication}
Score of PassedPawnV2 vs Magic: 159 - 119 - 119  [0.550] 397
Started game 410 of 10000 (Magic vs PassedPawnV2)
Finished game 401 (PassedPawnV2 vs Magic): 0-1 {Black wins by adjudication}
Score of PassedPawnV2 vs Magic: 159 - 120 - 119  [0.549] 398
Started game 411 of 10000 (PassedPawnV2 vs Magic)
Finished game 405 (PassedPawnV2 vs Magic): 1/2-1/2 {Draw by 3-fold repetition}
Score of PassedPawnV2 vs Magic: 159 - 120 - 120  [0.549] 399
Started game 412 of 10000 (Magic vs PassedPawnV2)
Finished game 400 (Magic vs PassedPawnV2): 0-1 {Black wins by adjudication}
Score of PassedPawnV2 vs Magic: 160 - 120 - 120  [0.550] 400
Started game 413 of 10000 (PassedPawnV2 vs Magic)
Finished game 402 (Magic vs PassedPawnV2): 0-1 {Black wins by adjudication}
Score of PassedPawnV2 vs Magic: 161 - 120 - 120  [0.551] 401
Started game 414 of 10000 (Magic vs PassedPawnV2)
Finished game 395 (PassedPawnV2 vs Magic): 1/2-1/2 {Draw by 3-fold repetition}
Score of PassedPawnV2 vs Magic: 161 - 120 - 121  [0.551] 402
Started game 415 of 10000 (PassedPawnV2 vs Magic)
Finished game 403 (PassedPawnV2 vs Magic): 1/2-1/2 {Draw by 3-fold repetition}
Score of PassedPawnV2 vs Magic: 161 - 120 - 122  [0.551] 403
Started game 416 of 10000 (Magic vs PassedPawnV2)
Finished game 404 (Magic vs PassedPawnV2): 1-0 {White wins by adjudication}
Score of PassedPawnV2 vs Magic: 161 - 121 - 122  [0.550] 404
Started game 417 of 10000 (PassedPawnV2 vs Magic)
Finished game 397 (PassedPawnV2 vs Magic): 1-0 {White wins by adjudication}
Score of PassedPawnV2 vs Magic: 162 - 121 - 122  [0.551] 405
Started game 418 of 10000 (Magic vs PassedPawnV2)
Finished game 408 (Magic vs PassedPawnV2): 0-1 {Black wins by adjudication}
Score of PassedPawnV2 vs Magic: 163 - 121 - 122  [0.552] 406
Started game 419 of 10000 (PassedPawnV2 vs Magic)
Finished game 413 (PassedPawnV2 vs Magic): 0-1 {Black wins by adjudication}
Score of PassedPawnV2 vs Magic: 163 - 122 - 122  [0.550] 407
Started game 420 of 10000 (Magic vs PassedPawnV2)
Finished game 406 (Magic vs PassedPawnV2): 1-0 {White wins by adjudication}
Score of PassedPawnV2 vs Magic: 163 - 123 - 122  [0.549] 408
Started game 421 of 10000 (PassedPawnV2 vs Magic)
Finished game 407 (PassedPawnV2 vs Magic): 1-0 {White wins by adjudication}
Score of PassedPawnV2 vs Magic: 164 - 123 - 122  [0.550] 409
Started game 422 of 10000 (Magic vs PassedPawnV2)
Finished game 410 (Magic vs PassedPawnV2): 0-1 {Black wins by adjudication}
Score of PassedPawnV2 vs Magic: 165 - 123 - 122  [0.551] 410
Started game 423 of 10000 (PassedPawnV2 vs Magic)
Finished game 412 (Magic vs PassedPawnV2): 0-1 {Black wins by adjudication}
Score of PassedPawnV2 vs Magic: 166 - 123 - 122  [0.552] 411
Started game 424 of 10000 (Magic vs PassedPawnV2)
Finished game 415 (PassedPawnV2 vs Magic): 1/2-1/2 {Draw by 3-fold repetition}
Score of PassedPawnV2 vs Magic: 166 - 123 - 123  [0.552] 412
Started game 425 of 10000 (PassedPawnV2 vs Magic)
Finished game 411 (PassedPawnV2 vs Magic): 0-1 {Black wins by adjudication}
Score of PassedPawnV2 vs Magic: 166 - 124 - 123  [0.551] 413
Started game 426 of 10000 (Magic vs PassedPawnV2)
Finished game 409 (PassedPawnV2 vs Magic): 0-1 {Black wins by adjudication}
Score of PassedPawnV2 vs Magic: 166 - 125 - 123  [0.550] 414
Started game 427 of 10000 (PassedPawnV2 vs Magic)
Finished game 416 (Magic vs PassedPawnV2): 1/2-1/2 {Draw by adjudication}
Score of PassedPawnV2 vs Magic: 166 - 125 - 124  [0.549] 415
Started game 428 of 10000 (Magic vs PassedPawnV2)
Finished game 414 (Magic vs PassedPawnV2): 1-0 {White wins by adjudication}
Score of PassedPawnV2 vs Magic: 166 - 126 - 124  [0.548] 416
Started game 429 of 10000 (PassedPawnV2 vs Magic)
Finished game 417 (PassedPawnV2 vs Magic): 0-1 {Black wins by adjudication}
Score of PassedPawnV2 vs Magic: 166 - 127 - 124  [0.547] 417
Started game 430 of 10000 (Magic vs PassedPawnV2)
Finished game 422 (Magic vs PassedPawnV2): 1/2-1/2 {Draw by 3-fold repetition}
Score of PassedPawnV2 vs Magic: 166 - 127 - 125  [0.547] 418
Started game 431 of 10000 (PassedPawnV2 vs Magic)
Finished game 418 (Magic vs PassedPawnV2): 1/2-1/2 {Draw by 3-fold repetition}
Score of PassedPawnV2 vs Magic: 166 - 127 - 126  [0.547] 419
Started game 432 of 10000 (Magic vs PassedPawnV2)
Finished game 419 (PassedPawnV2 vs Magic): 0-1 {Black wins by adjudication}
Score of PassedPawnV2 vs Magic: 166 - 128 - 126  [0.545] 420
Started game 433 of 10000 (PassedPawnV2 vs Magic)
Finished game 420 (Magic vs PassedPawnV2): 1-0 {White wins by adjudication}
Score of PassedPawnV2 vs Magic: 166 - 129 - 126  [0.544] 421
Started game 434 of 10000 (Magic vs PassedPawnV2)
Finished game 421 (PassedPawnV2 vs Magic): 1-0 {White wins by adjudication}
Score of PassedPawnV2 vs Magic: 167 - 129 - 126  [0.545] 422
Started game 435 of 10000 (PassedPawnV2 vs Magic)
Finished game 423 (PassedPawnV2 vs Magic): 1/2-1/2 {Draw by 3-fold repetition}
Score of PassedPawnV2 vs Magic: 167 - 129 - 127  [0.545] 423
Started game 436 of 10000 (Magic vs PassedPawnV2)
Finished game 431 (PassedPawnV2 vs Magic): 0-1 {Black wins by adjudication}
Score of PassedPawnV2 vs Magic: 167 - 130 - 127  [0.544] 424
Started game 437 of 10000 (PassedPawnV2 vs Magic)
Finished game 425 (PassedPawnV2 vs Magic): 0-1 {Black wins by adjudication}
Score of PassedPawnV2 vs Magic: 167 - 131 - 127  [0.542] 425
Started game 438 of 10000 (Magic vs PassedPawnV2)
Finished game 426 (Magic vs PassedPawnV2): 0-1 {Black wins by adjudication}
Score of PassedPawnV2 vs Magic: 168 - 131 - 127  [0.543] 426
Started game 439 of 10000 (PassedPawnV2 vs Magic)
Finished game 427 (PassedPawnV2 vs Magic): 1-0 {White wins by adjudication}
Score of PassedPawnV2 vs Magic: 169 - 131 - 127  [0.544] 427
Started game 440 of 10000 (Magic vs PassedPawnV2)
Finished game 424 (Magic vs PassedPawnV2): 0-1 {Black wins by adjudication}
Score of PassedPawnV2 vs Magic: 170 - 131 - 127  [0.546] 428
Started game 441 of 10000 (PassedPawnV2 vs Magic)
Finished game 429 (PassedPawnV2 vs Magic): 0-1 {Black wins by adjudication}
Score of PassedPawnV2 vs Magic: 170 - 132 - 127  [0.544] 429
Started game 442 of 10000 (Magic vs PassedPawnV2)
Finished game 432 (Magic vs PassedPawnV2): 0-1 {Black wins by adjudication}
Score of PassedPawnV2 vs Magic: 171 - 132 - 127  [0.545] 430
Started game 443 of 10000 (PassedPawnV2 vs Magic)
Finished game 436 (Magic vs PassedPawnV2): 1/2-1/2 {Draw by adjudication}
Score of PassedPawnV2 vs Magic: 171 - 132 - 128  [0.545] 431
Started game 444 of 10000 (Magic vs PassedPawnV2)
Finished game 430 (Magic vs PassedPawnV2): 1/2-1/2 {Draw by adjudication}
Score of PassedPawnV2 vs Magic: 171 - 132 - 129  [0.545] 432
Started game 445 of 10000 (PassedPawnV2 vs Magic)
Finished game 435 (PassedPawnV2 vs Magic): 1/2-1/2 {Draw by adjudication}
Score of PassedPawnV2 vs Magic: 171 - 132 - 130  [0.545] 433
Started game 446 of 10000 (Magic vs PassedPawnV2)
Finished game 442 (Magic vs PassedPawnV2): 1/2-1/2 {Draw by 3-fold repetition}
Score of PassedPawnV2 vs Magic: 171 - 132 - 131  [0.545] 434
Started game 447 of 10000 (PassedPawnV2 vs Magic)
Finished game 440 (Magic vs PassedPawnV2): 1/2-1/2 {Draw by 3-fold repetition}
Score of PassedPawnV2 vs Magic: 171 - 132 - 132  [0.545] 435
Started game 448 of 10000 (Magic vs PassedPawnV2)
Finished game 428 (Magic vs PassedPawnV2): 1/2-1/2 {Draw by fifty moves rule}
Score of PassedPawnV2 vs Magic: 171 - 132 - 133  [0.545] 436
Started game 449 of 10000 (PassedPawnV2 vs Magic)
Finished game 434 (Magic vs PassedPawnV2): 1-0 {White wins by adjudication}
Score of PassedPawnV2 vs Magic: 171 - 133 - 133  [0.543] 437
Started game 450 of 10000 (Magic vs PassedPawnV2)
Finished game 433 (PassedPawnV2 vs Magic): 1/2-1/2 {Draw by adjudication}
Score of PassedPawnV2 vs Magic: 171 - 133 - 134  [0.543] 438
Started game 451 of 10000 (PassedPawnV2 vs Magic)
Finished game 439 (PassedPawnV2 vs Magic): 1/2-1/2 {Draw by adjudication}
Score of PassedPawnV2 vs Magic: 171 - 133 - 135  [0.543] 439
Started game 452 of 10000 (Magic vs PassedPawnV2)
Finished game 437 (PassedPawnV2 vs Magic): 0-1 {Black wins by adjudication}
Score of PassedPawnV2 vs Magic: 171 - 134 - 135  [0.542] 440
Started game 453 of 10000 (PassedPawnV2 vs Magic)
Finished game 441 (PassedPawnV2 vs Magic): 0-1 {Black wins by adjudication}
Score of PassedPawnV2 vs Magic: 171 - 135 - 135  [0.541] 441
Started game 454 of 10000 (Magic vs PassedPawnV2)
Finished game 438 (Magic vs PassedPawnV2): 0-1 {Black wins by adjudication}
Score of PassedPawnV2 vs Magic: 172 - 135 - 135  [0.542] 442
Started game 455 of 10000 (PassedPawnV2 vs Magic)
Finished game 443 (PassedPawnV2 vs Magic): 1/2-1/2 {Draw by 3-fold repetition}
Score of PassedPawnV2 vs Magic: 172 - 135 - 136  [0.542] 443
Started game 456 of 10000 (Magic vs PassedPawnV2)
Finished game 444 (Magic vs PassedPawnV2): 0-1 {Black wins by adjudication}
Score of PassedPawnV2 vs Magic: 173 - 135 - 136  [0.543] 444
Started game 457 of 10000 (PassedPawnV2 vs Magic)
Finished game 445 (PassedPawnV2 vs Magic): 1/2-1/2 {Draw by 3-fold repetition}
Score of PassedPawnV2 vs Magic: 173 - 135 - 137  [0.543] 445
Started game 458 of 10000 (Magic vs PassedPawnV2)
Finished game 450 (Magic vs PassedPawnV2): 1/2-1/2 {Draw by 3-fold repetition}
Score of PassedPawnV2 vs Magic: 173 - 135 - 138  [0.543] 446
Started game 459 of 10000 (PassedPawnV2 vs Magic)
Finished game 446 (Magic vs PassedPawnV2): 1-0 {White wins by adjudication}
Score of PassedPawnV2 vs Magic: 173 - 136 - 138  [0.541] 447
Started game 460 of 10000 (Magic vs PassedPawnV2)
Finished game 447 (PassedPawnV2 vs Magic): 0-1 {Black wins by adjudication}
Score of PassedPawnV2 vs Magic: 173 - 137 - 138  [0.540] 448
Started game 461 of 10000 (PassedPawnV2 vs Magic)
Finished game 451 (PassedPawnV2 vs Magic): 1-0 {White wins by adjudication}
Score of PassedPawnV2 vs Magic: 174 - 137 - 138  [0.541] 449
Started game 462 of 10000 (Magic vs PassedPawnV2)
Finished game 449 (PassedPawnV2 vs Magic): 0-1 {Black wins by adjudication}
Score of PassedPawnV2 vs Magic: 174 - 138 - 138  [0.540] 450
Started game 463 of 10000 (PassedPawnV2 vs Magic)
Finished game 448 (Magic vs PassedPawnV2): 1/2-1/2 {Draw by insufficient mating material}
Score of PassedPawnV2 vs Magic: 174 - 138 - 139  [0.540] 451
Started game 464 of 10000 (Magic vs PassedPawnV2)
Finished game 453 (PassedPawnV2 vs Magic): 0-1 {Black wins by adjudication}
Score of PassedPawnV2 vs Magic: 174 - 139 - 139  [0.539] 452
Started game 465 of 10000 (PassedPawnV2 vs Magic)
Finished game 454 (Magic vs PassedPawnV2): 0-1 {Black wins by adjudication}
Score of PassedPawnV2 vs Magic: 175 - 139 - 139  [0.540] 453
Started game 466 of 10000 (Magic vs PassedPawnV2)
Finished game 461 (PassedPawnV2 vs Magic): 1/2-1/2 {Draw by 3-fold repetition}
Score of PassedPawnV2 vs Magic: 175 - 139 - 140  [0.540] 454
Started game 467 of 10000 (PassedPawnV2 vs Magic)
Finished game 455 (PassedPawnV2 vs Magic): 1-0 {White wins by adjudication}
Score of PassedPawnV2 vs Magic: 176 - 139 - 140  [0.541] 455
Started game 468 of 10000 (Magic vs PassedPawnV2)
Finished game 457 (PassedPawnV2 vs Magic): 1/2-1/2 {Draw by 3-fold repetition}
Score of PassedPawnV2 vs Magic: 176 - 139 - 141  [0.541] 456
Started game 469 of 10000 (PassedPawnV2 vs Magic)
Finished game 452 (Magic vs PassedPawnV2): 1/2-1/2 {Draw by 3-fold repetition}
Score of PassedPawnV2 vs Magic: 176 - 139 - 142  [0.540] 457
Started game 470 of 10000 (Magic vs PassedPawnV2)
Finished game 459 (PassedPawnV2 vs Magic): 1-0 {White wins by adjudication}
Score of PassedPawnV2 vs Magic: 177 - 139 - 142  [0.541] 458
Started game 471 of 10000 (PassedPawnV2 vs Magic)
Finished game 460 (Magic vs PassedPawnV2): 0-1 {Black wins by adjudication}
Score of PassedPawnV2 vs Magic: 178 - 139 - 142  [0.542] 459
Started game 472 of 10000 (Magic vs PassedPawnV2)
Finished game 458 (Magic vs PassedPawnV2): 0-1 {Black wins by adjudication}
Score of PassedPawnV2 vs Magic: 179 - 139 - 142  [0.543] 460
Started game 473 of 10000 (PassedPawnV2 vs Magic)
Finished game 462 (Magic vs PassedPawnV2): 1-0 {White wins by adjudication}
Score of PassedPawnV2 vs Magic: 179 - 140 - 142  [0.542] 461
Started game 474 of 10000 (Magic vs PassedPawnV2)
Finished game 456 (Magic vs PassedPawnV2): 1-0 {White wins by adjudication}
Score of PassedPawnV2 vs Magic: 179 - 141 - 142  [0.541] 462
Started game 475 of 10000 (PassedPawnV2 vs Magic)
Finished game 464 (Magic vs PassedPawnV2): 0-1 {Black wins by adjudication}
Score of PassedPawnV2 vs Magic: 180 - 141 - 142  [0.542] 463
Started game 476 of 10000 (Magic vs PassedPawnV2)
Finished game 469 (PassedPawnV2 vs Magic): 1-0 {White wins by adjudication}
Score of PassedPawnV2 vs Magic: 181 - 141 - 142  [0.543] 464
Started game 477 of 10000 (PassedPawnV2 vs Magic)
Finished game 463 (PassedPawnV2 vs Magic): 1/2-1/2 {Draw by 3-fold repetition}
Score of PassedPawnV2 vs Magic: 181 - 141 - 143  [0.543] 465
Started game 478 of 10000 (Magic vs PassedPawnV2)
Finished game 467 (PassedPawnV2 vs Magic): 1/2-1/2 {Draw by stalemate}
Score of PassedPawnV2 vs Magic: 181 - 141 - 144  [0.543] 466
Started game 479 of 10000 (PassedPawnV2 vs Magic)
Finished game 466 (Magic vs PassedPawnV2): 1-0 {White wins by adjudication}
Score of PassedPawnV2 vs Magic: 181 - 142 - 144  [0.542] 467
Started game 480 of 10000 (Magic vs PassedPawnV2)
Finished game 471 (PassedPawnV2 vs Magic): 0-1 {Black wins by adjudication}
Score of PassedPawnV2 vs Magic: 181 - 143 - 144  [0.541] 468
Started game 481 of 10000 (PassedPawnV2 vs Magic)
Finished game 468 (Magic vs PassedPawnV2): 0-1 {Black wins by adjudication}
Score of PassedPawnV2 vs Magic: 182 - 143 - 144  [0.542] 469
Started game 482 of 10000 (Magic vs PassedPawnV2)
Finished game 475 (PassedPawnV2 vs Magic): 0-1 {Black wins by adjudication}
Score of PassedPawnV2 vs Magic: 182 - 144 - 144  [0.540] 470
Started game 483 of 10000 (PassedPawnV2 vs Magic)
Finished game 465 (PassedPawnV2 vs Magic): 1-0 {White wins by adjudication}
Score of PassedPawnV2 vs Magic: 183 - 144 - 144  [0.541] 471
Started game 484 of 10000 (Magic vs PassedPawnV2)
Finished game 473 (PassedPawnV2 vs Magic): 0-1 {Black wins by adjudication}
Score of PassedPawnV2 vs Magic: 183 - 145 - 144  [0.540] 472
Started game 485 of 10000 (PassedPawnV2 vs Magic)
Finished game 476 (Magic vs PassedPawnV2): 0-1 {Black wins by adjudication}
Score of PassedPawnV2 vs Magic: 184 - 145 - 144  [0.541] 473
Started game 486 of 10000 (Magic vs PassedPawnV2)
Finished game 478 (Magic vs PassedPawnV2): 0-1 {Black wins by adjudication}
Score of PassedPawnV2 vs Magic: 185 - 145 - 144  [0.542] 474
Started game 487 of 10000 (PassedPawnV2 vs Magic)
Finished game 470 (Magic vs PassedPawnV2): 1-0 {White wins by adjudication}
Score of PassedPawnV2 vs Magic: 185 - 146 - 144  [0.541] 475
Started game 488 of 10000 (Magic vs PassedPawnV2)
Finished game 479 (PassedPawnV2 vs Magic): 0-1 {Black wins by adjudication}
Score of PassedPawnV2 vs Magic: 185 - 147 - 144  [0.540] 476
Started game 489 of 10000 (PassedPawnV2 vs Magic)
Finished game 472 (Magic vs PassedPawnV2): 1-0 {White wins by adjudication}
Score of PassedPawnV2 vs Magic: 185 - 148 - 144  [0.539] 477
Started game 490 of 10000 (Magic vs PassedPawnV2)
Finished game 474 (Magic vs PassedPawnV2): 1/2-1/2 {Draw by insufficient mating material}
Score of PassedPawnV2 vs Magic: 185 - 148 - 145  [0.539] 478
Started game 491 of 10000 (PassedPawnV2 vs Magic)
Finished game 480 (Magic vs PassedPawnV2): 0-1 {Black wins by adjudication}
Score of PassedPawnV2 vs Magic: 186 - 148 - 145  [0.540] 479
Started game 492 of 10000 (Magic vs PassedPawnV2)
Finished game 483 (PassedPawnV2 vs Magic): 0-1 {Black wins by adjudication}
Score of PassedPawnV2 vs Magic: 186 - 149 - 145  [0.539] 480
Started game 493 of 10000 (PassedPawnV2 vs Magic)
Finished game 482 (Magic vs PassedPawnV2): 1/2-1/2 {Draw by 3-fold repetition}
Score of PassedPawnV2 vs Magic: 186 - 149 - 146  [0.538] 481
Started game 494 of 10000 (Magic vs PassedPawnV2)
Finished game 485 (PassedPawnV2 vs Magic): 1/2-1/2 {Draw by 3-fold repetition}
Score of PassedPawnV2 vs Magic: 186 - 149 - 147  [0.538] 482
Started game 495 of 10000 (PassedPawnV2 vs Magic)
Finished game 484 (Magic vs PassedPawnV2): 0-1 {Black wins by adjudication}
Score of PassedPawnV2 vs Magic: 187 - 149 - 147  [0.539] 483
Started game 496 of 10000 (Magic vs PassedPawnV2)
Finished game 477 (PassedPawnV2 vs Magic): 1-0 {White wins by adjudication}
Score of PassedPawnV2 vs Magic: 188 - 149 - 147  [0.540] 484
Started game 497 of 10000 (PassedPawnV2 vs Magic)
Finished game 481 (PassedPawnV2 vs Magic): 1-0 {White wins by adjudication}
Score of PassedPawnV2 vs Magic: 189 - 149 - 147  [0.541] 485
Started game 498 of 10000 (Magic vs PassedPawnV2)
Finished game 487 (PassedPawnV2 vs Magic): 1-0 {White wins by adjudication}
Score of PassedPawnV2 vs Magic: 190 - 149 - 147  [0.542] 486
Started game 499 of 10000 (PassedPawnV2 vs Magic)
Finished game 488 (Magic vs PassedPawnV2): 0-1 {Black wins by adjudication}
Score of PassedPawnV2 vs Magic: 191 - 149 - 147  [0.543] 487
Started game 500 of 10000 (Magic vs PassedPawnV2)
Finished game 491 (PassedPawnV2 vs Magic): 1-0 {White wins by adjudication}
Score of PassedPawnV2 vs Magic: 192 - 149 - 147  [0.544] 488
Started game 501 of 10000 (PassedPawnV2 vs Magic)
Finished game 489 (PassedPawnV2 vs Magic): 1/2-1/2 {Draw by 3-fold repetition}
Score of PassedPawnV2 vs Magic: 192 - 149 - 148  [0.544] 489
Started game 502 of 10000 (Magic vs PassedPawnV2)
Finished game 493 (PassedPawnV2 vs Magic): 1/2-1/2 {Draw by adjudication}
Score of PassedPawnV2 vs Magic: 192 - 149 - 149  [0.544] 490
Started game 503 of 10000 (PassedPawnV2 vs Magic)
Finished game 486 (Magic vs PassedPawnV2): 0-1 {Black wins by adjudication}
Score of PassedPawnV2 vs Magic: 193 - 149 - 149  [0.545] 491
Started game 504 of 10000 (Magic vs PassedPawnV2)
Finished game 495 (PassedPawnV2 vs Magic): 0-1 {Black wins by adjudication}
Score of PassedPawnV2 vs Magic: 193 - 150 - 149  [0.544] 492
Started game 505 of 10000 (PassedPawnV2 vs Magic)
Finished game 490 (Magic vs PassedPawnV2): 0-1 {Black wins by adjudication}
Score of PassedPawnV2 vs Magic: 194 - 150 - 149  [0.545] 493
Started game 506 of 10000 (Magic vs PassedPawnV2)
Finished game 494 (Magic vs PassedPawnV2): 0-1 {Black wins by adjudication}
Score of PassedPawnV2 vs Magic: 195 - 150 - 149  [0.546] 494
Started game 507 of 10000 (PassedPawnV2 vs Magic)
Finished game 497 (PassedPawnV2 vs Magic): 1-0 {White wins by adjudication}
Score of PassedPawnV2 vs Magic: 196 - 150 - 149  [0.546] 495
Started game 508 of 10000 (Magic vs PassedPawnV2)
Finished game 496 (Magic vs PassedPawnV2): 0-1 {Black wins by adjudication}
Score of PassedPawnV2 vs Magic: 197 - 150 - 149  [0.547] 496
Started game 509 of 10000 (PassedPawnV2 vs Magic)
Finished game 492 (Magic vs PassedPawnV2): 1-0 {White wins by adjudication}
Score of PassedPawnV2 vs Magic: 197 - 151 - 149  [0.546] 497
Started game 510 of 10000 (Magic vs PassedPawnV2)
Finished game 498 (Magic vs PassedPawnV2): 1/2-1/2 {Draw by 3-fold repetition}
Score of PassedPawnV2 vs Magic: 197 - 151 - 150  [0.546] 498
Started game 511 of 10000 (PassedPawnV2 vs Magic)
Finished game 499 (PassedPawnV2 vs Magic): 0-1 {Black wins by adjudication}
Score of PassedPawnV2 vs Magic: 197 - 152 - 150  [0.545] 499
Started game 512 of 10000 (Magic vs PassedPawnV2)
Finished game 500 (Magic vs PassedPawnV2): 0-1 {Black wins by adjudication}
Score of PassedPawnV2 vs Magic: 198 - 152 - 150  [0.546] 500
Started game 513 of 10000 (PassedPawnV2 vs Magic)
Finished game 503 (PassedPawnV2 vs Magic): 0-1 {Black wins by adjudication}
Score of PassedPawnV2 vs Magic: 198 - 153 - 150  [0.545] 501
Started game 514 of 10000 (Magic vs PassedPawnV2)
Finished game 501 (PassedPawnV2 vs Magic): 0-1 {Black wins by adjudication}
Score of PassedPawnV2 vs Magic: 198 - 154 - 150  [0.544] 502
Started game 515 of 10000 (PassedPawnV2 vs Magic)
Finished game 502 (Magic vs PassedPawnV2): 1/2-1/2 {Draw by 3-fold repetition}
Score of PassedPawnV2 vs Magic: 198 - 154 - 151  [0.544] 503
Started game 516 of 10000 (Magic vs PassedPawnV2)
Finished game 506 (Magic vs PassedPawnV2): 1/2-1/2 {Draw by 3-fold repetition}
Score of PassedPawnV2 vs Magic: 198 - 154 - 152  [0.544] 504
Started game 517 of 10000 (PassedPawnV2 vs Magic)
Finished game 508 (Magic vs PassedPawnV2): 0-1 {Black wins by adjudication}
Score of PassedPawnV2 vs Magic: 199 - 154 - 152  [0.545] 505
Started game 518 of 10000 (Magic vs PassedPawnV2)
Finished game 510 (Magic vs PassedPawnV2): 0-1 {Black wins by adjudication}
Score of PassedPawnV2 vs Magic: 200 - 154 - 152  [0.545] 506
Started game 519 of 10000 (PassedPawnV2 vs Magic)
Finished game 507 (PassedPawnV2 vs Magic): 0-1 {Black wins by adjudication}
Score of PassedPawnV2 vs Magic: 200 - 155 - 152  [0.544] 507
Started game 520 of 10000 (Magic vs PassedPawnV2)
Finished game 505 (PassedPawnV2 vs Magic): 1-0 {White wins by adjudication}
Score of PassedPawnV2 vs Magic: 201 - 155 - 152  [0.545] 508
Started game 521 of 10000 (PassedPawnV2 vs Magic)
Finished game 511 (PassedPawnV2 vs Magic): 1-0 {White wins by adjudication}
Score of PassedPawnV2 vs Magic: 202 - 155 - 152  [0.546] 509
Started game 522 of 10000 (Magic vs PassedPawnV2)
Finished game 512 (Magic vs PassedPawnV2): 1/2-1/2 {Draw by 3-fold repetition}
Score of PassedPawnV2 vs Magic: 202 - 155 - 153  [0.546] 510
Started game 523 of 10000 (PassedPawnV2 vs Magic)
Finished game 504 (Magic vs PassedPawnV2): 1-0 {White wins by adjudication}
Score of PassedPawnV2 vs Magic: 202 - 156 - 153  [0.545] 511
Started game 524 of 10000 (Magic vs PassedPawnV2)
Finished game 516 (Magic vs PassedPawnV2): 0-1 {Black wins by adjudication}
Score of PassedPawnV2 vs Magic: 203 - 156 - 153  [0.546] 512
Started game 525 of 10000 (PassedPawnV2 vs Magic)
Finished game 509 (PassedPawnV2 vs Magic): 1-0 {White wins by adjudication}
Score of PassedPawnV2 vs Magic: 204 - 156 - 153  [0.547] 513
Started game 526 of 10000 (Magic vs PassedPawnV2)
Finished game 513 (PassedPawnV2 vs Magic): 1-0 {White wins by adjudication}
Score of PassedPawnV2 vs Magic: 205 - 156 - 153  [0.548] 514
Started game 527 of 10000 (PassedPawnV2 vs Magic)
Finished game 514 (Magic vs PassedPawnV2): 1-0 {White wins by adjudication}
Score of PassedPawnV2 vs Magic: 205 - 157 - 153  [0.547] 515
Started game 528 of 10000 (Magic vs PassedPawnV2)
Finished game 515 (PassedPawnV2 vs Magic): 1/2-1/2 {Draw by insufficient mating material}
Score of PassedPawnV2 vs Magic: 205 - 157 - 154  [0.547] 516
Started game 529 of 10000 (PassedPawnV2 vs Magic)
Finished game 521 (PassedPawnV2 vs Magic): 1-0 {White wins by adjudication}
Score of PassedPawnV2 vs Magic: 206 - 157 - 154  [0.547] 517
Started game 530 of 10000 (Magic vs PassedPawnV2)
Finished game 519 (PassedPawnV2 vs Magic): 1/2-1/2 {Draw by adjudication}
Score of PassedPawnV2 vs Magic: 206 - 157 - 155  [0.547] 518
Started game 531 of 10000 (PassedPawnV2 vs Magic)
Finished game 520 (Magic vs PassedPawnV2): 0-1 {Black wins by adjudication}
Score of PassedPawnV2 vs Magic: 207 - 157 - 155  [0.548] 519
Started game 532 of 10000 (Magic vs PassedPawnV2)
Finished game 518 (Magic vs PassedPawnV2): 0-1 {Black wins by adjudication}
Score of PassedPawnV2 vs Magic: 208 - 157 - 155  [0.549] 520
Started game 533 of 10000 (PassedPawnV2 vs Magic)
Finished game 517 (PassedPawnV2 vs Magic): 1/2-1/2 {Draw by 3-fold repetition}
Score of PassedPawnV2 vs Magic: 208 - 157 - 156  [0.549] 521
Started game 534 of 10000 (Magic vs PassedPawnV2)
Finished game 522 (Magic vs PassedPawnV2): 1/2-1/2 {Draw by 3-fold repetition}
Score of PassedPawnV2 vs Magic: 208 - 157 - 157  [0.549] 522
Started game 535 of 10000 (PassedPawnV2 vs Magic)
Finished game 523 (PassedPawnV2 vs Magic): 0-1 {Black wins by adjudication}
Score of PassedPawnV2 vs Magic: 208 - 158 - 157  [0.548] 523
Started game 536 of 10000 (Magic vs PassedPawnV2)
Finished game 524 (Magic vs PassedPawnV2): 0-1 {Black mates}
Score of PassedPawnV2 vs Magic: 209 - 158 - 157  [0.549] 524
Started game 537 of 10000 (PassedPawnV2 vs Magic)
Finished game 527 (PassedPawnV2 vs Magic): 1/2-1/2 {Draw by adjudication}
Score of PassedPawnV2 vs Magic: 209 - 158 - 158  [0.549] 525
Started game 538 of 10000 (Magic vs PassedPawnV2)
Finished game 525 (PassedPawnV2 vs Magic): 1/2-1/2 {Draw by insufficient mating material}
Score of PassedPawnV2 vs Magic: 209 - 158 - 159  [0.548] 526
Started game 539 of 10000 (PassedPawnV2 vs Magic)
Finished game 530 (Magic vs PassedPawnV2): 1-0 {White wins by adjudication}
Score of PassedPawnV2 vs Magic: 209 - 159 - 159  [0.547] 527
Started game 540 of 10000 (Magic vs PassedPawnV2)
Finished game 531 (PassedPawnV2 vs Magic): 1-0 {White wins by adjudication}
Score of PassedPawnV2 vs Magic: 210 - 159 - 159  [0.548] 528
Started game 541 of 10000 (PassedPawnV2 vs Magic)
Finished game 529 (PassedPawnV2 vs Magic): 1/2-1/2 {Draw by 3-fold repetition}
Score of PassedPawnV2 vs Magic: 210 - 159 - 160  [0.548] 529
Started game 542 of 10000 (Magic vs PassedPawnV2)
Finished game 528 (Magic vs PassedPawnV2): 1-0 {White wins by adjudication}
Score of PassedPawnV2 vs Magic: 210 - 160 - 160  [0.547] 530
Started game 543 of 10000 (PassedPawnV2 vs Magic)
Finished game 535 (PassedPawnV2 vs Magic): 1-0 {White wins by adjudication}
Score of PassedPawnV2 vs Magic: 211 - 160 - 160  [0.548] 531
Started game 544 of 10000 (Magic vs PassedPawnV2)
Finished game 526 (Magic vs PassedPawnV2): 0-1 {Black wins by adjudication}
Score of PassedPawnV2 vs Magic: 212 - 160 - 160  [0.549] 532
Started game 545 of 10000 (PassedPawnV2 vs Magic)
Finished game 532 (Magic vs PassedPawnV2): 1/2-1/2 {Draw by adjudication}
Score of PassedPawnV2 vs Magic: 212 - 160 - 161  [0.549] 533
Started game 546 of 10000 (Magic vs PassedPawnV2)
Finished game 534 (Magic vs PassedPawnV2): 0-1 {Black wins by adjudication}
Score of PassedPawnV2 vs Magic: 213 - 160 - 161  [0.550] 534
Started game 547 of 10000 (PassedPawnV2 vs Magic)
Finished game 537 (PassedPawnV2 vs Magic): 1/2-1/2 {Draw by adjudication}
Score of PassedPawnV2 vs Magic: 213 - 160 - 162  [0.550] 535
Started game 548 of 10000 (Magic vs PassedPawnV2)
Finished game 536 (Magic vs PassedPawnV2): 1-0 {White wins by adjudication}
Score of PassedPawnV2 vs Magic: 213 - 161 - 162  [0.549] 536
Started game 549 of 10000 (PassedPawnV2 vs Magic)
Finished game 541 (PassedPawnV2 vs Magic): 1-0 {White wins by adjudication}
Score of PassedPawnV2 vs Magic: 214 - 161 - 162  [0.549] 537
Started game 550 of 10000 (Magic vs PassedPawnV2)
Finished game 547 (PassedPawnV2 vs Magic): 1/2-1/2 {Draw by 3-fold repetition}
Score of PassedPawnV2 vs Magic: 214 - 161 - 163  [0.549] 538
Started game 551 of 10000 (PassedPawnV2 vs Magic)
Finished game 533 (PassedPawnV2 vs Magic): 1/2-1/2 {Draw by insufficient mating material}
Score of PassedPawnV2 vs Magic: 214 - 161 - 164  [0.549] 539
Started game 552 of 10000 (Magic vs PassedPawnV2)
Finished game 539 (PassedPawnV2 vs Magic): 1-0 {White wins by adjudication}
Score of PassedPawnV2 vs Magic: 215 - 161 - 164  [0.550] 540
Started game 553 of 10000 (PassedPawnV2 vs Magic)
Finished game 542 (Magic vs PassedPawnV2): 0-1 {Black wins by adjudication}
Score of PassedPawnV2 vs Magic: 216 - 161 - 164  [0.551] 541
Started game 554 of 10000 (Magic vs PassedPawnV2)
Finished game 543 (PassedPawnV2 vs Magic): 1-0 {White wins by adjudication}
Score of PassedPawnV2 vs Magic: 217 - 161 - 164  [0.552] 542
Started game 555 of 10000 (PassedPawnV2 vs Magic)
Finished game 540 (Magic vs PassedPawnV2): 1/2-1/2 {Draw by adjudication}
Score of PassedPawnV2 vs Magic: 217 - 161 - 165  [0.552] 543
Started game 556 of 10000 (Magic vs PassedPawnV2)
Finished game 549 (PassedPawnV2 vs Magic): 0-1 {Black wins by adjudication}
Score of PassedPawnV2 vs Magic: 217 - 162 - 165  [0.551] 544
Started game 557 of 10000 (PassedPawnV2 vs Magic)
Finished game 548 (Magic vs PassedPawnV2): 1/2-1/2 {Draw by 3-fold repetition}
Score of PassedPawnV2 vs Magic: 217 - 162 - 166  [0.550] 545
Started game 558 of 10000 (Magic vs PassedPawnV2)
Finished game 538 (Magic vs PassedPawnV2): 1/2-1/2 {Draw by fifty moves rule}
Score of PassedPawnV2 vs Magic: 217 - 162 - 167  [0.550] 546
Started game 559 of 10000 (PassedPawnV2 vs Magic)
Finished game 546 (Magic vs PassedPawnV2): 1/2-1/2 {Draw by 3-fold repetition}
Score of PassedPawnV2 vs Magic: 217 - 162 - 168  [0.550] 547
Started game 560 of 10000 (Magic vs PassedPawnV2)
Finished game 544 (Magic vs PassedPawnV2): 1-0 {White wins by adjudication}
Score of PassedPawnV2 vs Magic: 217 - 163 - 168  [0.549] 548
Started game 561 of 10000 (PassedPawnV2 vs Magic)
Finished game 545 (PassedPawnV2 vs Magic): 0-1 {Black wins by adjudication}
Score of PassedPawnV2 vs Magic: 217 - 164 - 168  [0.548] 549
Started game 562 of 10000 (Magic vs PassedPawnV2)
Finished game 552 (Magic vs PassedPawnV2): 0-1 {Black wins by adjudication}
Score of PassedPawnV2 vs Magic: 218 - 164 - 168  [0.549] 550
Started game 563 of 10000 (PassedPawnV2 vs Magic)
Finished game 550 (Magic vs PassedPawnV2): 0-1 {Black wins by adjudication}
Score of PassedPawnV2 vs Magic: 219 - 164 - 168  [0.550] 551
Started game 564 of 10000 (Magic vs PassedPawnV2)
Finished game 557 (PassedPawnV2 vs Magic): 1-0 {White wins by adjudication}
Score of PassedPawnV2 vs Magic: 220 - 164 - 168  [0.551] 552
Started game 565 of 10000 (PassedPawnV2 vs Magic)
Finished game 558 (Magic vs PassedPawnV2): 1-0 {White wins by adjudication}
Score of PassedPawnV2 vs Magic: 220 - 165 - 168  [0.550] 553
Started game 566 of 10000 (Magic vs PassedPawnV2)
Finished game 556 (Magic vs PassedPawnV2): 1-0 {White wins by adjudication}
Score of PassedPawnV2 vs Magic: 220 - 166 - 168  [0.549] 554
Started game 567 of 10000 (PassedPawnV2 vs Magic)
Finished game 555 (PassedPawnV2 vs Magic): 0-1 {Black wins by adjudication}
Score of PassedPawnV2 vs Magic: 220 - 167 - 168  [0.548] 555
Started game 568 of 10000 (Magic vs PassedPawnV2)
Finished game 561 (PassedPawnV2 vs Magic): 1-0 {White wins by adjudication}
Score of PassedPawnV2 vs Magic: 221 - 167 - 168  [0.549] 556
Started game 569 of 10000 (PassedPawnV2 vs Magic)
Finished game 559 (PassedPawnV2 vs Magic): 1-0 {White wins by adjudication}
Score of PassedPawnV2 vs Magic: 222 - 167 - 168  [0.549] 557
Started game 570 of 10000 (Magic vs PassedPawnV2)
Finished game 553 (PassedPawnV2 vs Magic): 1/2-1/2 {Draw by adjudication}
Score of PassedPawnV2 vs Magic: 222 - 167 - 169  [0.549] 558
Started game 571 of 10000 (PassedPawnV2 vs Magic)
Finished game 562 (Magic vs PassedPawnV2): 0-1 {Black wins by adjudication}
Score of PassedPawnV2 vs Magic: 223 - 167 - 169  [0.550] 559
Started game 572 of 10000 (Magic vs PassedPawnV2)
Finished game 560 (Magic vs PassedPawnV2): 1/2-1/2 {Draw by stalemate}
Score of PassedPawnV2 vs Magic: 223 - 167 - 170  [0.550] 560
Started game 573 of 10000 (PassedPawnV2 vs Magic)
Finished game 551 (PassedPawnV2 vs Magic): 1/2-1/2 {Draw by fifty moves rule}
Score of PassedPawnV2 vs Magic: 223 - 167 - 171  [0.550] 561
Started game 574 of 10000 (Magic vs PassedPawnV2)
Finished game 554 (Magic vs PassedPawnV2): 1/2-1/2 {Draw by adjudication}
Score of PassedPawnV2 vs Magic: 223 - 167 - 172  [0.550] 562
Started game 575 of 10000 (PassedPawnV2 vs Magic)
Finished game 569 (PassedPawnV2 vs Magic): 1-0 {White wins by adjudication}
Score of PassedPawnV2 vs Magic: 224 - 167 - 172  [0.551] 563
Started game 576 of 10000 (Magic vs PassedPawnV2)
Finished game 564 (Magic vs PassedPawnV2): 0-1 {Black wins by adjudication}
Score of PassedPawnV2 vs Magic: 225 - 167 - 172  [0.551] 564
Started game 577 of 10000 (PassedPawnV2 vs Magic)
Finished game 568 (Magic vs PassedPawnV2): 1-0 {White wins by adjudication}
Score of PassedPawnV2 vs Magic: 225 - 168 - 172  [0.550] 565
Started game 578 of 10000 (Magic vs PassedPawnV2)
Finished game 565 (PassedPawnV2 vs Magic): 0-1 {Black wins by adjudication}
Score of PassedPawnV2 vs Magic: 225 - 169 - 172  [0.549] 566
Started game 579 of 10000 (PassedPawnV2 vs Magic)
Finished game 572 (Magic vs PassedPawnV2): 0-1 {Black wins by adjudication}
Score of PassedPawnV2 vs Magic: 226 - 169 - 172  [0.550] 567
Started game 580 of 10000 (Magic vs PassedPawnV2)
Finished game 567 (PassedPawnV2 vs Magic): 0-1 {Black wins by adjudication}
Score of PassedPawnV2 vs Magic: 226 - 170 - 172  [0.549] 568
Started game 581 of 10000 (PassedPawnV2 vs Magic)
Finished game 571 (PassedPawnV2 vs Magic): 1/2-1/2 {Draw by insufficient mating material}
Score of PassedPawnV2 vs Magic: 226 - 170 - 173  [0.549] 569
Started game 582 of 10000 (Magic vs PassedPawnV2)
Finished game 575 (PassedPawnV2 vs Magic): 0-1 {Black wins by adjudication}
Score of PassedPawnV2 vs Magic: 226 - 171 - 173  [0.548] 570
Started game 583 of 10000 (PassedPawnV2 vs Magic)
Finished game 574 (Magic vs PassedPawnV2): 0-1 {Black wins by adjudication}
Score of PassedPawnV2 vs Magic: 227 - 171 - 173  [0.549] 571
Started game 584 of 10000 (Magic vs PassedPawnV2)
Finished game 570 (Magic vs PassedPawnV2): 0-1 {Black wins by adjudication}
Score of PassedPawnV2 vs Magic: 228 - 171 - 173  [0.550] 572
Started game 585 of 10000 (PassedPawnV2 vs Magic)
Finished game 563 (PassedPawnV2 vs Magic): 1/2-1/2 {Draw by fifty moves rule}
Score of PassedPawnV2 vs Magic: 228 - 171 - 174  [0.550] 573
Started game 586 of 10000 (Magic vs PassedPawnV2)
Finished game 578 (Magic vs PassedPawnV2): 1/2-1/2 {Draw by 3-fold repetition}
Score of PassedPawnV2 vs Magic: 228 - 171 - 175  [0.550] 574
Started game 587 of 10000 (PassedPawnV2 vs Magic)
Finished game 577 (PassedPawnV2 vs Magic): 0-1 {Black wins by adjudication}
Score of PassedPawnV2 vs Magic: 228 - 172 - 175  [0.549] 575
Started game 588 of 10000 (Magic vs PassedPawnV2)
Finished game 566 (Magic vs PassedPawnV2): 1/2-1/2 {Draw by insufficient mating material}
Score of PassedPawnV2 vs Magic: 228 - 172 - 176  [0.549] 576
Started game 589 of 10000 (PassedPawnV2 vs Magic)
Finished game 573 (PassedPawnV2 vs Magic): 1/2-1/2 {Draw by fifty moves rule}
Score of PassedPawnV2 vs Magic: 228 - 172 - 177  [0.549] 577
Started game 590 of 10000 (Magic vs PassedPawnV2)
Finished game 576 (Magic vs PassedPawnV2): 0-1 {Black wins by adjudication}
Score of PassedPawnV2 vs Magic: 229 - 172 - 177  [0.549] 578
Started game 591 of 10000 (PassedPawnV2 vs Magic)
Finished game 579 (PassedPawnV2 vs Magic): 0-1 {Black wins by adjudication}
Score of PassedPawnV2 vs Magic: 229 - 173 - 177  [0.548] 579
Started game 592 of 10000 (Magic vs PassedPawnV2)
Finished game 581 (PassedPawnV2 vs Magic): 0-1 {Black wins by adjudication}
Score of PassedPawnV2 vs Magic: 229 - 174 - 177  [0.547] 580
Started game 593 of 10000 (PassedPawnV2 vs Magic)
Finished game 580 (Magic vs PassedPawnV2): 1/2-1/2 {Draw by adjudication}
Score of PassedPawnV2 vs Magic: 229 - 174 - 178  [0.547] 581
Started game 594 of 10000 (Magic vs PassedPawnV2)
Finished game 582 (Magic vs PassedPawnV2): 1-0 {White wins by adjudication}
Score of PassedPawnV2 vs Magic: 229 - 175 - 178  [0.546] 582
Started game 595 of 10000 (PassedPawnV2 vs Magic)
Finished game 584 (Magic vs PassedPawnV2): 1/2-1/2 {Draw by 3-fold repetition}
Score of PassedPawnV2 vs Magic: 229 - 175 - 179  [0.546] 583
Started game 596 of 10000 (Magic vs PassedPawnV2)
Finished game 587 (PassedPawnV2 vs Magic): 0-1 {Black wins by adjudication}
Score of PassedPawnV2 vs Magic: 229 - 176 - 179  [0.545] 584
Started game 597 of 10000 (PassedPawnV2 vs Magic)
Finished game 585 (PassedPawnV2 vs Magic): 1-0 {White wins by adjudication}
Score of PassedPawnV2 vs Magic: 230 - 176 - 179  [0.546] 585
Started game 598 of 10000 (Magic vs PassedPawnV2)
Finished game 588 (Magic vs PassedPawnV2): 0-1 {Black wins by adjudication}
Score of PassedPawnV2 vs Magic: 231 - 176 - 179  [0.547] 586
Started game 599 of 10000 (PassedPawnV2 vs Magic)
Finished game 583 (PassedPawnV2 vs Magic): 0-1 {Black wins by adjudication}
Score of PassedPawnV2 vs Magic: 231 - 177 - 179  [0.546] 587
Started game 600 of 10000 (Magic vs PassedPawnV2)
Finished game 589 (PassedPawnV2 vs Magic): 0-1 {Black wins by adjudication}
Score of PassedPawnV2 vs Magic: 231 - 178 - 179  [0.545] 588
Started game 601 of 10000 (PassedPawnV2 vs Magic)
Finished game 586 (Magic vs PassedPawnV2): 1/2-1/2 {Draw by 3-fold repetition}
Score of PassedPawnV2 vs Magic: 231 - 178 - 180  [0.545] 589
Started game 602 of 10000 (Magic vs PassedPawnV2)
Finished game 592 (Magic vs PassedPawnV2): 1/2-1/2 {Draw by 3-fold repetition}
Score of PassedPawnV2 vs Magic: 231 - 178 - 181  [0.545] 590
Started game 603 of 10000 (PassedPawnV2 vs Magic)
Finished game 591 (PassedPawnV2 vs Magic): 1-0 {White wins by adjudication}
Score of PassedPawnV2 vs Magic: 232 - 178 - 181  [0.546] 591
Started game 604 of 10000 (Magic vs PassedPawnV2)
Finished game 590 (Magic vs PassedPawnV2): 0-1 {Black wins by adjudication}
Score of PassedPawnV2 vs Magic: 233 - 178 - 181  [0.546] 592
Started game 605 of 10000 (PassedPawnV2 vs Magic)
Finished game 594 (Magic vs PassedPawnV2): 0-1 {Black mates}
Score of PassedPawnV2 vs Magic: 234 - 178 - 181  [0.547] 593
Started game 606 of 10000 (Magic vs PassedPawnV2)
Finished game 595 (PassedPawnV2 vs Magic): 1-0 {White wins by adjudication}
Score of PassedPawnV2 vs Magic: 235 - 178 - 181  [0.548] 594
Started game 607 of 10000 (PassedPawnV2 vs Magic)
Finished game 599 (PassedPawnV2 vs Magic): 1/2-1/2 {Draw by 3-fold repetition}
Score of PassedPawnV2 vs Magic: 235 - 178 - 182  [0.548] 595
Started game 608 of 10000 (Magic vs PassedPawnV2)
Finished game 593 (PassedPawnV2 vs Magic): 0-1 {Black wins by adjudication}
Score of PassedPawnV2 vs Magic: 235 - 179 - 182  [0.547] 596
Started game 609 of 10000 (PassedPawnV2 vs Magic)
Finished game 597 (PassedPawnV2 vs Magic): 1-0 {White wins by adjudication}
Score of PassedPawnV2 vs Magic: 236 - 179 - 182  [0.548] 597
Started game 610 of 10000 (Magic vs PassedPawnV2)
Finished game 598 (Magic vs PassedPawnV2): 0-1 {Black wins by adjudication}
Score of PassedPawnV2 vs Magic: 237 - 179 - 182  [0.548] 598
Started game 611 of 10000 (PassedPawnV2 vs Magic)
Finished game 596 (Magic vs PassedPawnV2): 1/2-1/2 {Draw by insufficient mating material}
Score of PassedPawnV2 vs Magic: 237 - 179 - 183  [0.548] 599
Started game 612 of 10000 (Magic vs PassedPawnV2)
Finished game 600 (Magic vs PassedPawnV2): 1/2-1/2 {Draw by 3-fold repetition}
Score of PassedPawnV2 vs Magic: 237 - 179 - 184  [0.548] 600
Started game 613 of 10000 (PassedPawnV2 vs Magic)
Finished game 602 (Magic vs PassedPawnV2): 1-0 {White wins by adjudication}
Score of PassedPawnV2 vs Magic: 237 - 180 - 184  [0.547] 601
Started game 614 of 10000 (Magic vs PassedPawnV2)
Finished game 603 (PassedPawnV2 vs Magic): 1-0 {White wins by adjudication}
Score of PassedPawnV2 vs Magic: 238 - 180 - 184  [0.548] 602
Started game 615 of 10000 (PassedPawnV2 vs Magic)
Finished game 607 (PassedPawnV2 vs Magic): 0-1 {Black mates}
Score of PassedPawnV2 vs Magic: 238 - 181 - 184  [0.547] 603
Started game 616 of 10000 (Magic vs PassedPawnV2)
Finished game 601 (PassedPawnV2 vs Magic): 1-0 {White wins by adjudication}
Score of PassedPawnV2 vs Magic: 239 - 181 - 184  [0.548] 604
Started game 617 of 10000 (PassedPawnV2 vs Magic)
Finished game 606 (Magic vs PassedPawnV2): 0-1 {Black wins by adjudication}
Score of PassedPawnV2 vs Magic: 240 - 181 - 184  [0.549] 605
Started game 618 of 10000 (Magic vs PassedPawnV2)
Finished game 605 (PassedPawnV2 vs Magic): 1-0 {White wins by adjudication}
Score of PassedPawnV2 vs Magic: 241 - 181 - 184  [0.550] 606
Started game 619 of 10000 (PassedPawnV2 vs Magic)
Finished game 604 (Magic vs PassedPawnV2): 1-0 {White wins by adjudication}
Score of PassedPawnV2 vs Magic: 241 - 182 - 184  [0.549] 607
Started game 620 of 10000 (Magic vs PassedPawnV2)
Finished game 608 (Magic vs PassedPawnV2): 1/2-1/2 {Draw by insufficient mating material}
Score of PassedPawnV2 vs Magic: 241 - 182 - 185  [0.549] 608
Started game 621 of 10000 (PassedPawnV2 vs Magic)
Finished game 611 (PassedPawnV2 vs Magic): 1-0 {White wins by adjudication}
Score of PassedPawnV2 vs Magic: 242 - 182 - 185  [0.549] 609
Started game 622 of 10000 (Magic vs PassedPawnV2)
Finished game 612 (Magic vs PassedPawnV2): 1-0 {White wins by adjudication}
Score of PassedPawnV2 vs Magic: 242 - 183 - 185  [0.548] 610
Started game 623 of 10000 (PassedPawnV2 vs Magic)
Finished game 610 (Magic vs PassedPawnV2): 0-1 {Black wins by adjudication}
Score of PassedPawnV2 vs Magic: 243 - 183 - 185  [0.549] 611
Started game 624 of 10000 (Magic vs PassedPawnV2)
Finished game 614 (Magic vs PassedPawnV2): 1-0 {White wins by adjudication}
Score of PassedPawnV2 vs Magic: 243 - 184 - 185  [0.548] 612
Started game 625 of 10000 (PassedPawnV2 vs Magic)
Finished game 609 (PassedPawnV2 vs Magic): 1/2-1/2 {Draw by adjudication}
Score of PassedPawnV2 vs Magic: 243 - 184 - 186  [0.548] 613
Started game 626 of 10000 (Magic vs PassedPawnV2)
Finished game 613 (PassedPawnV2 vs Magic): 1/2-1/2 {Draw by 3-fold repetition}
Score of PassedPawnV2 vs Magic: 243 - 184 - 187  [0.548] 614
Started game 627 of 10000 (PassedPawnV2 vs Magic)
Finished game 615 (PassedPawnV2 vs Magic): 1-0 {White wins by adjudication}
Score of PassedPawnV2 vs Magic: 244 - 184 - 187  [0.549] 615
Started game 628 of 10000 (Magic vs PassedPawnV2)
Finished game 620 (Magic vs PassedPawnV2): 0-1 {Black wins by adjudication}
Score of PassedPawnV2 vs Magic: 245 - 184 - 187  [0.550] 616
Started game 629 of 10000 (PassedPawnV2 vs Magic)
Finished game 619 (PassedPawnV2 vs Magic): 0-1 {Black wins by adjudication}
Score of PassedPawnV2 vs Magic: 245 - 185 - 187  [0.549] 617
Started game 630 of 10000 (Magic vs PassedPawnV2)
Finished game 618 (Magic vs PassedPawnV2): 1-0 {White wins by adjudication}
Score of PassedPawnV2 vs Magic: 245 - 186 - 187  [0.548] 618
Started game 631 of 10000 (PassedPawnV2 vs Magic)
Finished game 616 (Magic vs PassedPawnV2): 1/2-1/2 {Draw by insufficient mating material}
Score of PassedPawnV2 vs Magic: 245 - 186 - 188  [0.548] 619
Started game 632 of 10000 (Magic vs PassedPawnV2)
Finished game 623 (PassedPawnV2 vs Magic): 0-1 {Black wins by adjudication}
Score of PassedPawnV2 vs Magic: 245 - 187 - 188  [0.547] 620
Started game 633 of 10000 (PassedPawnV2 vs Magic)
Finished game 622 (Magic vs PassedPawnV2): 1-0 {White wins by adjudication}
Score of PassedPawnV2 vs Magic: 245 - 188 - 188  [0.546] 621
Started game 634 of 10000 (Magic vs PassedPawnV2)
Finished game 617 (PassedPawnV2 vs Magic): 1/2-1/2 {Draw by adjudication}
Score of PassedPawnV2 vs Magic: 245 - 188 - 189  [0.546] 622
Started game 635 of 10000 (PassedPawnV2 vs Magic)
Finished game 629 (PassedPawnV2 vs Magic): 1-0 {White wins by adjudication}
Score of PassedPawnV2 vs Magic: 246 - 188 - 189  [0.547] 623
Started game 636 of 10000 (Magic vs PassedPawnV2)
Finished game 625 (PassedPawnV2 vs Magic): 0-1 {Black wins by adjudication}
Score of PassedPawnV2 vs Magic: 246 - 189 - 189  [0.546] 624
Started game 637 of 10000 (PassedPawnV2 vs Magic)
Finished game 626 (Magic vs PassedPawnV2): 1-0 {White wins by adjudication}
Score of PassedPawnV2 vs Magic: 246 - 190 - 189  [0.545] 625
Started game 638 of 10000 (Magic vs PassedPawnV2)
Finished game 628 (Magic vs PassedPawnV2): 1/2-1/2 {Draw by insufficient mating material}
Score of PassedPawnV2 vs Magic: 246 - 190 - 190  [0.545] 626
Started game 639 of 10000 (PassedPawnV2 vs Magic)
Finished game 631 (PassedPawnV2 vs Magic): 1/2-1/2 {Draw by adjudication}
Score of PassedPawnV2 vs Magic: 246 - 190 - 191  [0.545] 627
Started game 640 of 10000 (Magic vs PassedPawnV2)
Finished game 634 (Magic vs PassedPawnV2): 1-0 {White wins by adjudication}
Score of PassedPawnV2 vs Magic: 246 - 191 - 191  [0.544] 628
Started game 641 of 10000 (PassedPawnV2 vs Magic)
Finished game 621 (PassedPawnV2 vs Magic): 1/2-1/2 {Draw by 3-fold repetition}
Score of PassedPawnV2 vs Magic: 246 - 191 - 192  [0.544] 629
Started game 642 of 10000 (Magic vs PassedPawnV2)
Finished game 627 (PassedPawnV2 vs Magic): 1-0 {White wins by adjudication}
Score of PassedPawnV2 vs Magic: 247 - 191 - 192  [0.544] 630
Started game 643 of 10000 (PassedPawnV2 vs Magic)
Finished game 624 (Magic vs PassedPawnV2): 1/2-1/2 {Draw by fifty moves rule}
Score of PassedPawnV2 vs Magic: 247 - 191 - 193  [0.544] 631
Started game 644 of 10000 (Magic vs PassedPawnV2)
Finished game 636 (Magic vs PassedPawnV2): 1-0 {White wins by adjudication}
Score of PassedPawnV2 vs Magic: 247 - 192 - 193  [0.544] 632
Started game 645 of 10000 (PassedPawnV2 vs Magic)
Finished game 633 (PassedPawnV2 vs Magic): 1/2-1/2 {Draw by 3-fold repetition}
Score of PassedPawnV2 vs Magic: 247 - 192 - 194  [0.543] 633
Started game 646 of 10000 (Magic vs PassedPawnV2)
Finished game 630 (Magic vs PassedPawnV2): 0-1 {Black wins by adjudication}
Score of PassedPawnV2 vs Magic: 248 - 192 - 194  [0.544] 634
Started game 647 of 10000 (PassedPawnV2 vs Magic)
Finished game 635 (PassedPawnV2 vs Magic): 0-1 {Black wins by adjudication}
Score of PassedPawnV2 vs Magic: 248 - 193 - 194  [0.543] 635
Started game 648 of 10000 (Magic vs PassedPawnV2)
Finished game 642 (Magic vs PassedPawnV2): 1/2-1/2 {Draw by 3-fold repetition}
Score of PassedPawnV2 vs Magic: 248 - 193 - 195  [0.543] 636
Started game 649 of 10000 (PassedPawnV2 vs Magic)
Finished game 638 (Magic vs PassedPawnV2): 1/2-1/2 {Draw by 3-fold repetition}
Score of PassedPawnV2 vs Magic: 248 - 193 - 196  [0.543] 637
Started game 650 of 10000 (Magic vs PassedPawnV2)
Finished game 632 (Magic vs PassedPawnV2): 1/2-1/2 {Draw by insufficient mating material}
Score of PassedPawnV2 vs Magic: 248 - 193 - 197  [0.543] 638
Started game 651 of 10000 (PassedPawnV2 vs Magic)
Finished game 641 (PassedPawnV2 vs Magic): 1/2-1/2 {Draw by adjudication}
Score of PassedPawnV2 vs Magic: 248 - 193 - 198  [0.543] 639
Started game 652 of 10000 (Magic vs PassedPawnV2)
Finished game 643 (PassedPawnV2 vs Magic): 1/2-1/2 {Draw by adjudication}
Score of PassedPawnV2 vs Magic: 248 - 193 - 199  [0.543] 640
Started game 653 of 10000 (PassedPawnV2 vs Magic)
Finished game 637 (PassedPawnV2 vs Magic): 1/2-1/2 {Draw by adjudication}
Score of PassedPawnV2 vs Magic: 248 - 193 - 200  [0.543] 641
Started game 654 of 10000 (Magic vs PassedPawnV2)
Finished game 640 (Magic vs PassedPawnV2): 1-0 {White wins by adjudication}
Score of PassedPawnV2 vs Magic: 248 - 194 - 200  [0.542] 642
Started game 655 of 10000 (PassedPawnV2 vs Magic)
Finished game 646 (Magic vs PassedPawnV2): 0-1 {Black wins by adjudication}
Score of PassedPawnV2 vs Magic: 249 - 194 - 200  [0.543] 643
Started game 656 of 10000 (Magic vs PassedPawnV2)
Finished game 648 (Magic vs PassedPawnV2): 1/2-1/2 {Draw by adjudication}
Score of PassedPawnV2 vs Magic: 249 - 194 - 201  [0.543] 644
Started game 657 of 10000 (PassedPawnV2 vs Magic)
Finished game 645 (PassedPawnV2 vs Magic): 1/2-1/2 {Draw by 3-fold repetition}
Score of PassedPawnV2 vs Magic: 249 - 194 - 202  [0.543] 645
Started game 658 of 10000 (Magic vs PassedPawnV2)
Finished game 644 (Magic vs PassedPawnV2): 0-1 {Black wins by adjudication}
Score of PassedPawnV2 vs Magic: 250 - 194 - 202  [0.543] 646
Started game 659 of 10000 (PassedPawnV2 vs Magic)
Finished game 647 (PassedPawnV2 vs Magic): 1-0 {White wins by adjudication}
Score of PassedPawnV2 vs Magic: 251 - 194 - 202  [0.544] 647
Started game 660 of 10000 (Magic vs PassedPawnV2)
Finished game 651 (PassedPawnV2 vs Magic): 0-1 {Black wins by adjudication}
Score of PassedPawnV2 vs Magic: 251 - 195 - 202  [0.543] 648
Started game 661 of 10000 (PassedPawnV2 vs Magic)
Finished game 653 (PassedPawnV2 vs Magic): 0-1 {Black wins by adjudication}
Score of PassedPawnV2 vs Magic: 251 - 196 - 202  [0.542] 649
Started game 662 of 10000 (Magic vs PassedPawnV2)
Finished game 639 (PassedPawnV2 vs Magic): 1/2-1/2 {Draw by fifty moves rule}
Score of PassedPawnV2 vs Magic: 251 - 196 - 203  [0.542] 650
Started game 663 of 10000 (PassedPawnV2 vs Magic)
Finished game 650 (Magic vs PassedPawnV2): 1-0 {White wins by adjudication}
Score of PassedPawnV2 vs Magic: 251 - 197 - 203  [0.541] 651
Started game 664 of 10000 (Magic vs PassedPawnV2)
Finished game 652 (Magic vs PassedPawnV2): 0-1 {Black wins by adjudication}
Score of PassedPawnV2 vs Magic: 252 - 197 - 203  [0.542] 652
Started game 665 of 10000 (PassedPawnV2 vs Magic)
Finished game 655 (PassedPawnV2 vs Magic): 1-0 {White wins by adjudication}
Score of PassedPawnV2 vs Magic: 253 - 197 - 203  [0.543] 653
Started game 666 of 10000 (Magic vs PassedPawnV2)
Finished game 654 (Magic vs PassedPawnV2): 0-1 {Black wins by adjudication}
Score of PassedPawnV2 vs Magic: 254 - 197 - 203  [0.544] 654
Started game 667 of 10000 (PassedPawnV2 vs Magic)
Finished game 649 (PassedPawnV2 vs Magic): 1/2-1/2 {Draw by insufficient mating material}
Score of PassedPawnV2 vs Magic: 254 - 197 - 204  [0.544] 655
Started game 668 of 10000 (Magic vs PassedPawnV2)
Finished game 660 (Magic vs PassedPawnV2): 0-1 {Black wins by adjudication}
Score of PassedPawnV2 vs Magic: 255 - 197 - 204  [0.544] 656
Started game 669 of 10000 (PassedPawnV2 vs Magic)
Finished game 659 (PassedPawnV2 vs Magic): 1-0 {White wins by adjudication}
Score of PassedPawnV2 vs Magic: 256 - 197 - 204  [0.545] 657
Started game 670 of 10000 (Magic vs PassedPawnV2)
Finished game 657 (PassedPawnV2 vs Magic): 1/2-1/2 {Draw by adjudication}
Score of PassedPawnV2 vs Magic: 256 - 197 - 205  [0.545] 658
Started game 671 of 10000 (PassedPawnV2 vs Magic)
Finished game 662 (Magic vs PassedPawnV2): 1/2-1/2 {Draw by adjudication}
Score of PassedPawnV2 vs Magic: 256 - 197 - 206  [0.545] 659
Started game 672 of 10000 (Magic vs PassedPawnV2)
Finished game 661 (PassedPawnV2 vs Magic): 1-0 {White wins by adjudication}
Score of PassedPawnV2 vs Magic: 257 - 197 - 206  [0.545] 660
Started game 673 of 10000 (PassedPawnV2 vs Magic)
Finished game 656 (Magic vs PassedPawnV2): 1/2-1/2 {Draw by insufficient mating material}
Score of PassedPawnV2 vs Magic: 257 - 197 - 207  [0.545] 661
Started game 674 of 10000 (Magic vs PassedPawnV2)
Finished game 663 (PassedPawnV2 vs Magic): 1/2-1/2 {Draw by adjudication}
Score of PassedPawnV2 vs Magic: 257 - 197 - 208  [0.545] 662
Started game 675 of 10000 (PassedPawnV2 vs Magic)
Finished game 668 (Magic vs PassedPawnV2): 1-0 {White wins by adjudication}
Score of PassedPawnV2 vs Magic: 257 - 198 - 208  [0.544] 663
Started game 676 of 10000 (Magic vs PassedPawnV2)
Finished game 666 (Magic vs PassedPawnV2): 1/2-1/2 {Draw by 3-fold repetition}
Score of PassedPawnV2 vs Magic: 257 - 198 - 209  [0.544] 664
Started game 677 of 10000 (PassedPawnV2 vs Magic)
Finished game 667 (PassedPawnV2 vs Magic): 0-1 {Black wins by adjudication}
Score of PassedPawnV2 vs Magic: 257 - 199 - 209  [0.544] 665
Started game 678 of 10000 (Magic vs PassedPawnV2)
Finished game 664 (Magic vs PassedPawnV2): 1-0 {White wins by adjudication}
Score of PassedPawnV2 vs Magic: 257 - 200 - 209  [0.543] 666
Started game 679 of 10000 (PassedPawnV2 vs Magic)
Finished game 658 (Magic vs PassedPawnV2): 1/2-1/2 {Draw by adjudication}
Score of PassedPawnV2 vs Magic: 257 - 200 - 210  [0.543] 667
Started game 680 of 10000 (Magic vs PassedPawnV2)
Finished game 665 (PassedPawnV2 vs Magic): 0-1 {Black wins by adjudication}
Score of PassedPawnV2 vs Magic: 257 - 201 - 210  [0.542] 668
Started game 681 of 10000 (PassedPawnV2 vs Magic)
Finished game 670 (Magic vs PassedPawnV2): 0-1 {Black wins by adjudication}
Score of PassedPawnV2 vs Magic: 258 - 201 - 210  [0.543] 669
Started game 682 of 10000 (Magic vs PassedPawnV2)
Finished game 671 (PassedPawnV2 vs Magic): 1-0 {White wins by adjudication}
Score of PassedPawnV2 vs Magic: 259 - 201 - 210  [0.543] 670
Started game 683 of 10000 (PassedPawnV2 vs Magic)
Finished game 673 (PassedPawnV2 vs Magic): 1-0 {White wins by adjudication}
Score of PassedPawnV2 vs Magic: 260 - 201 - 210  [0.544] 671
Started game 684 of 10000 (Magic vs PassedPawnV2)
Finished game 674 (Magic vs PassedPawnV2): 1-0 {White wins by adjudication}
Score of PassedPawnV2 vs Magic: 260 - 202 - 210  [0.543] 672
Started game 685 of 10000 (PassedPawnV2 vs Magic)
Finished game 677 (PassedPawnV2 vs Magic): 1/2-1/2 {Draw by 3-fold repetition}
Score of PassedPawnV2 vs Magic: 260 - 202 - 211  [0.543] 673
Started game 686 of 10000 (Magic vs PassedPawnV2)
Finished game 669 (PassedPawnV2 vs Magic): 1/2-1/2 {Draw by adjudication}
Score of PassedPawnV2 vs Magic: 260 - 202 - 212  [0.543] 674
Started game 687 of 10000 (PassedPawnV2 vs Magic)
Finished game 680 (Magic vs PassedPawnV2): 1/2-1/2 {Draw by 3-fold repetition}
Score of PassedPawnV2 vs Magic: 260 - 202 - 213  [0.543] 675
Started game 688 of 10000 (Magic vs PassedPawnV2)
Finished game 679 (PassedPawnV2 vs Magic): 1-0 {White wins by adjudication}
Score of PassedPawnV2 vs Magic: 261 - 202 - 213  [0.544] 676
Started game 689 of 10000 (PassedPawnV2 vs Magic)
Finished game 681 (PassedPawnV2 vs Magic): 1-0 {White wins by adjudication}
Score of PassedPawnV2 vs Magic: 262 - 202 - 213  [0.544] 677
Started game 690 of 10000 (Magic vs PassedPawnV2)
Finished game 675 (PassedPawnV2 vs Magic): 1/2-1/2 {Draw by fifty moves rule}
Score of PassedPawnV2 vs Magic: 262 - 202 - 214  [0.544] 678
Started game 691 of 10000 (PassedPawnV2 vs Magic)
Finished game 672 (Magic vs PassedPawnV2): 1-0 {White wins by adjudication}
Score of PassedPawnV2 vs Magic: 262 - 203 - 214  [0.543] 679
Started game 692 of 10000 (Magic vs PassedPawnV2)
Finished game 676 (Magic vs PassedPawnV2): 0-1 {Black wins by adjudication}
Score of PassedPawnV2 vs Magic: 263 - 203 - 214  [0.544] 680
Started game 693 of 10000 (PassedPawnV2 vs Magic)
Finished game 678 (Magic vs PassedPawnV2): 1/2-1/2 {Draw by insufficient mating material}
Score of PassedPawnV2 vs Magic: 263 - 203 - 215  [0.544] 681
Started game 694 of 10000 (Magic vs PassedPawnV2)
Finished game 684 (Magic vs PassedPawnV2): 0-1 {Black wins by adjudication}
Score of PassedPawnV2 vs Magic: 264 - 203 - 215  [0.545] 682
Started game 695 of 10000 (PassedPawnV2 vs Magic)
Finished game 682 (Magic vs PassedPawnV2): 1/2-1/2 {Draw by insufficient mating material}
Score of PassedPawnV2 vs Magic: 264 - 203 - 216  [0.545] 683
Started game 696 of 10000 (Magic vs PassedPawnV2)
Finished game 683 (PassedPawnV2 vs Magic): 1-0 {White wins by adjudication}
Score of PassedPawnV2 vs Magic: 265 - 203 - 216  [0.545] 684
Started game 697 of 10000 (PassedPawnV2 vs Magic)
Finished game 687 (PassedPawnV2 vs Magic): 0-1 {Black wins by adjudication}
Score of PassedPawnV2 vs Magic: 265 - 204 - 216  [0.545] 685
Started game 698 of 10000 (Magic vs PassedPawnV2)
Finished game 685 (PassedPawnV2 vs Magic): 1-0 {White wins by adjudication}
Score of PassedPawnV2 vs Magic: 266 - 204 - 216  [0.545] 686
Started game 699 of 10000 (PassedPawnV2 vs Magic)
Finished game 686 (Magic vs PassedPawnV2): 0-1 {Black wins by adjudication}
Score of PassedPawnV2 vs Magic: 267 - 204 - 216  [0.546] 687
Started game 700 of 10000 (Magic vs PassedPawnV2)
Finished game 688 (Magic vs PassedPawnV2): 1/2-1/2 {Draw by insufficient mating material}
Score of PassedPawnV2 vs Magic: 267 - 204 - 217  [0.546] 688
Started game 701 of 10000 (PassedPawnV2 vs Magic)
Finished game 694 (Magic vs PassedPawnV2): 0-1 {Black wins by adjudication}
Score of PassedPawnV2 vs Magic: 268 - 204 - 217  [0.546] 689
Started game 702 of 10000 (Magic vs PassedPawnV2)
Finished game 690 (Magic vs PassedPawnV2): 0-1 {Black wins by adjudication}
Score of PassedPawnV2 vs Magic: 269 - 204 - 217  [0.547] 690
Started game 703 of 10000 (PassedPawnV2 vs Magic)
Finished game 693 (PassedPawnV2 vs Magic): 1-0 {White wins by adjudication}
Score of PassedPawnV2 vs Magic: 270 - 204 - 217  [0.548] 691
Started game 704 of 10000 (Magic vs PassedPawnV2)
Finished game 689 (PassedPawnV2 vs Magic): 1-0 {White wins by adjudication}
Score of PassedPawnV2 vs Magic: 271 - 204 - 217  [0.548] 692
Started game 705 of 10000 (PassedPawnV2 vs Magic)
Finished game 695 (PassedPawnV2 vs Magic): 0-1 {Black mates}
Score of PassedPawnV2 vs Magic: 271 - 205 - 217  [0.548] 693
Started game 706 of 10000 (Magic vs PassedPawnV2)
Finished game 691 (PassedPawnV2 vs Magic): 1/2-1/2 {Draw by adjudication}
Score of PassedPawnV2 vs Magic: 271 - 205 - 218  [0.548] 694
Started game 707 of 10000 (PassedPawnV2 vs Magic)
Finished game 699 (PassedPawnV2 vs Magic): 0-1 {Black wins by adjudication}
Score of PassedPawnV2 vs Magic: 271 - 206 - 218  [0.547] 695
Started game 708 of 10000 (Magic vs PassedPawnV2)
Finished game 692 (Magic vs PassedPawnV2): 1/2-1/2 {Draw by fifty moves rule}
Score of PassedPawnV2 vs Magic: 271 - 206 - 219  [0.547] 696
Started game 709 of 10000 (PassedPawnV2 vs Magic)
Finished game 700 (Magic vs PassedPawnV2): 1/2-1/2 {Draw by 3-fold repetition}
Score of PassedPawnV2 vs Magic: 271 - 206 - 220  [0.547] 697
Started game 710 of 10000 (Magic vs PassedPawnV2)
Finished game 696 (Magic vs PassedPawnV2): 1-0 {White wins by adjudication}
Score of PassedPawnV2 vs Magic: 271 - 207 - 220  [0.546] 698
Started game 711 of 10000 (PassedPawnV2 vs Magic)
Finished game 701 (PassedPawnV2 vs Magic): 1-0 {White wins by adjudication}
Score of PassedPawnV2 vs Magic: 272 - 207 - 220  [0.546] 699
Started game 712 of 10000 (Magic vs PassedPawnV2)
Finished game 698 (Magic vs PassedPawnV2): 1/2-1/2 {Draw by insufficient mating material}
Score of PassedPawnV2 vs Magic: 272 - 207 - 221  [0.546] 700
Started game 713 of 10000 (PassedPawnV2 vs Magic)
Finished game 697 (PassedPawnV2 vs Magic): 1-0 {White wins by adjudication}
Score of PassedPawnV2 vs Magic: 273 - 207 - 221  [0.547] 701
Started game 714 of 10000 (Magic vs PassedPawnV2)
Finished game 703 (PassedPawnV2 vs Magic): 0-1 {Black wins by adjudication}
Score of PassedPawnV2 vs Magic: 273 - 208 - 221  [0.546] 702
Started game 715 of 10000 (PassedPawnV2 vs Magic)
Finished game 706 (Magic vs PassedPawnV2): 1-0 {White wins by adjudication}
Score of PassedPawnV2 vs Magic: 273 - 209 - 221  [0.546] 703
Started game 716 of 10000 (Magic vs PassedPawnV2)
Finished game 702 (Magic vs PassedPawnV2): 0-1 {Black wins by adjudication}
Score of PassedPawnV2 vs Magic: 274 - 209 - 221  [0.546] 704
Started game 717 of 10000 (PassedPawnV2 vs Magic)
Finished game 704 (Magic vs PassedPawnV2): 0-1 {Black wins by adjudication}
Score of PassedPawnV2 vs Magic: 275 - 209 - 221  [0.547] 705
Started game 718 of 10000 (Magic vs PassedPawnV2)
Finished game 708 (Magic vs PassedPawnV2): 1-0 {White wins by adjudication}
Score of PassedPawnV2 vs Magic: 275 - 210 - 221  [0.546] 706
Started game 719 of 10000 (PassedPawnV2 vs Magic)
Finished game 705 (PassedPawnV2 vs Magic): 1-0 {White wins by adjudication}
Score of PassedPawnV2 vs Magic: 276 - 210 - 221  [0.547] 707
Started game 720 of 10000 (Magic vs PassedPawnV2)
Finished game 709 (PassedPawnV2 vs Magic): 1-0 {White mates}
Score of PassedPawnV2 vs Magic: 277 - 210 - 221  [0.547] 708
Started game 721 of 10000 (PassedPawnV2 vs Magic)
Finished game 710 (Magic vs PassedPawnV2): 1/2-1/2 {Draw by adjudication}
Score of PassedPawnV2 vs Magic: 277 - 210 - 222  [0.547] 709
Started game 722 of 10000 (Magic vs PassedPawnV2)
Finished game 711 (PassedPawnV2 vs Magic): 1-0 {White wins by adjudication}
Score of PassedPawnV2 vs Magic: 278 - 210 - 222  [0.548] 710
Started game 723 of 10000 (PassedPawnV2 vs Magic)
Finished game 713 (PassedPawnV2 vs Magic): 1-0 {White wins by adjudication}
Score of PassedPawnV2 vs Magic: 279 - 210 - 222  [0.549] 711
Started game 724 of 10000 (Magic vs PassedPawnV2)
Finished game 714 (Magic vs PassedPawnV2): 0-1 {Black wins by adjudication}
Score of PassedPawnV2 vs Magic: 280 - 210 - 222  [0.549] 712
Started game 725 of 10000 (PassedPawnV2 vs Magic)
Finished game 712 (Magic vs PassedPawnV2): 1/2-1/2 {Draw by 3-fold repetition}
Score of PassedPawnV2 vs Magic: 280 - 210 - 223  [0.549] 713
Started game 726 of 10000 (Magic vs PassedPawnV2)
Finished game 718 (Magic vs PassedPawnV2): 1/2-1/2 {Draw by 3-fold repetition}
Score of PassedPawnV2 vs Magic: 280 - 210 - 224  [0.549] 714
Started game 727 of 10000 (PassedPawnV2 vs Magic)
Finished game 707 (PassedPawnV2 vs Magic): 1/2-1/2 {Draw by fifty moves rule}
Score of PassedPawnV2 vs Magic: 280 - 210 - 225  [0.549] 715
Started game 728 of 10000 (Magic vs PassedPawnV2)
Finished game 716 (Magic vs PassedPawnV2): 0-1 {Black wins by adjudication}
Score of PassedPawnV2 vs Magic: 281 - 210 - 225  [0.550] 716
Started game 729 of 10000 (PassedPawnV2 vs Magic)
Finished game 717 (PassedPawnV2 vs Magic): 1-0 {White wins by adjudication}
Score of PassedPawnV2 vs Magic: 282 - 210 - 225  [0.550] 717
Started game 730 of 10000 (Magic vs PassedPawnV2)
Finished game 721 (PassedPawnV2 vs Magic): 1-0 {White wins by adjudication}
Score of PassedPawnV2 vs Magic: 283 - 210 - 225  [0.551] 718
Started game 731 of 10000 (PassedPawnV2 vs Magic)
Finished game 720 (Magic vs PassedPawnV2): 1-0 {White wins by adjudication}
Score of PassedPawnV2 vs Magic: 283 - 211 - 225  [0.550] 719
Started game 732 of 10000 (Magic vs PassedPawnV2)
Finished game 722 (Magic vs PassedPawnV2): 1-0 {White wins by adjudication}
Score of PassedPawnV2 vs Magic: 283 - 212 - 225  [0.549] 720
Started game 733 of 10000 (PassedPawnV2 vs Magic)
Finished game 719 (PassedPawnV2 vs Magic): 1/2-1/2 {Draw by adjudication}
Score of PassedPawnV2 vs Magic: 283 - 212 - 226  [0.549] 721
Started game 734 of 10000 (Magic vs PassedPawnV2)
Finished game 715 (PassedPawnV2 vs Magic): 1-0 {White wins by adjudication}
Score of PassedPawnV2 vs Magic: 284 - 212 - 226  [0.550] 722
Started game 735 of 10000 (PassedPawnV2 vs Magic)
Finished game 725 (PassedPawnV2 vs Magic): 1-0 {White wins by adjudication}
Score of PassedPawnV2 vs Magic: 285 - 212 - 226  [0.550] 723
Started game 736 of 10000 (Magic vs PassedPawnV2)
Finished game 735 (PassedPawnV2 vs Magic): 1-0 {White mates}
Score of PassedPawnV2 vs Magic: 286 - 212 - 226  [0.551] 724
Started game 737 of 10000 (PassedPawnV2 vs Magic)
Finished game 736 (Magic vs PassedPawnV2): 1-0 {White mates}
Score of PassedPawnV2 vs Magic: 286 - 213 - 226  [0.550] 725
Started game 738 of 10000 (Magic vs PassedPawnV2)
Finished game 724 (Magic vs PassedPawnV2): 1/2-1/2 {Draw by 3-fold repetition}
Score of PassedPawnV2 vs Magic: 286 - 213 - 227  [0.550] 726
Started game 739 of 10000 (PassedPawnV2 vs Magic)
Finished game 729 (PassedPawnV2 vs Magic): 1/2-1/2 {Draw by adjudication}
Score of PassedPawnV2 vs Magic: 286 - 213 - 228  [0.550] 727
Started game 740 of 10000 (Magic vs PassedPawnV2)
Finished game 723 (PassedPawnV2 vs Magic): 0-1 {Black wins by adjudication}
Score of PassedPawnV2 vs Magic: 286 - 214 - 228  [0.549] 728
Started game 741 of 10000 (PassedPawnV2 vs Magic)
Finished game 726 (Magic vs PassedPawnV2): 0-1 {Black wins by adjudication}
Score of PassedPawnV2 vs Magic: 287 - 214 - 228  [0.550] 729
Started game 742 of 10000 (Magic vs PassedPawnV2)
Finished game 731 (PassedPawnV2 vs Magic): 1-0 {White wins by adjudication}
Score of PassedPawnV2 vs Magic: 288 - 214 - 228  [0.551] 730
Started game 743 of 10000 (PassedPawnV2 vs Magic)
Finished game 730 (Magic vs PassedPawnV2): 1/2-1/2 {Draw by insufficient mating material}
Score of PassedPawnV2 vs Magic: 288 - 214 - 229  [0.551] 731
Started game 744 of 10000 (Magic vs PassedPawnV2)
Finished game 728 (Magic vs PassedPawnV2): 0-1 {Black wins by adjudication}
Score of PassedPawnV2 vs Magic: 289 - 214 - 229  [0.551] 732
Started game 745 of 10000 (PassedPawnV2 vs Magic)
Finished game 734 (Magic vs PassedPawnV2): 1/2-1/2 {Draw by adjudication}
Score of PassedPawnV2 vs Magic: 289 - 214 - 230  [0.551] 733
Started game 746 of 10000 (Magic vs PassedPawnV2)
Finished game 732 (Magic vs PassedPawnV2): 0-1 {Black wins by adjudication}
Score of PassedPawnV2 vs Magic: 290 - 214 - 230  [0.552] 734
Started game 747 of 10000 (PassedPawnV2 vs Magic)
Finished game 733 (PassedPawnV2 vs Magic): 1-0 {White wins by adjudication}
Score of PassedPawnV2 vs Magic: 291 - 214 - 230  [0.552] 735
Started game 748 of 10000 (Magic vs PassedPawnV2)
Finished game 737 (PassedPawnV2 vs Magic): 1-0 {White wins by adjudication}
Score of PassedPawnV2 vs Magic: 292 - 214 - 230  [0.553] 736
Started game 749 of 10000 (PassedPawnV2 vs Magic)
Finished game 739 (PassedPawnV2 vs Magic): 1/2-1/2 {Draw by 3-fold repetition}
Score of PassedPawnV2 vs Magic: 292 - 214 - 231  [0.553] 737
Started game 750 of 10000 (Magic vs PassedPawnV2)
Finished game 738 (Magic vs PassedPawnV2): 1/2-1/2 {Draw by adjudication}
Score of PassedPawnV2 vs Magic: 292 - 214 - 232  [0.553] 738
Started game 751 of 10000 (PassedPawnV2 vs Magic)
Finished game 740 (Magic vs PassedPawnV2): 1/2-1/2 {Draw by insufficient mating material}
Score of PassedPawnV2 vs Magic: 292 - 214 - 233  [0.553] 739
Started game 752 of 10000 (Magic vs PassedPawnV2)
Finished game 727 (PassedPawnV2 vs Magic): 1/2-1/2 {Draw by insufficient mating material}
Score of PassedPawnV2 vs Magic: 292 - 214 - 234  [0.553] 740
Started game 753 of 10000 (PassedPawnV2 vs Magic)
Finished game 743 (PassedPawnV2 vs Magic): 0-1 {Black wins by adjudication}
Score of PassedPawnV2 vs Magic: 292 - 215 - 234  [0.552] 741
Started game 754 of 10000 (Magic vs PassedPawnV2)
Finished game 744 (Magic vs PassedPawnV2): 0-1 {Black wins by adjudication}
Score of PassedPawnV2 vs Magic: 293 - 215 - 234  [0.553] 742
Started game 755 of 10000 (PassedPawnV2 vs Magic)
Finished game 745 (PassedPawnV2 vs Magic): 1-0 {White wins by adjudication}
Score of PassedPawnV2 vs Magic: 294 - 215 - 234  [0.553] 743
Started game 756 of 10000 (Magic vs PassedPawnV2)
Finished game 746 (Magic vs PassedPawnV2): 1-0 {White wins by adjudication}
Score of PassedPawnV2 vs Magic: 294 - 216 - 234  [0.552] 744
Started game 757 of 10000 (PassedPawnV2 vs Magic)
Finished game 741 (PassedPawnV2 vs Magic): 1-0 {White wins by adjudication}
Score of PassedPawnV2 vs Magic: 295 - 216 - 234  [0.553] 745
Started game 758 of 10000 (Magic vs PassedPawnV2)
Finished game 742 (Magic vs PassedPawnV2): 1/2-1/2 {Draw by 3-fold repetition}
Score of PassedPawnV2 vs Magic: 295 - 216 - 235  [0.553] 746
Started game 759 of 10000 (PassedPawnV2 vs Magic)
Finished game 750 (Magic vs PassedPawnV2): 1/2-1/2 {Draw by 3-fold repetition}
Score of PassedPawnV2 vs Magic: 295 - 216 - 236  [0.553] 747
Started game 760 of 10000 (Magic vs PassedPawnV2)
Finished game 751 (PassedPawnV2 vs Magic): 1/2-1/2 {Draw by 3-fold repetition}
Score of PassedPawnV2 vs Magic: 295 - 216 - 237  [0.553] 748
Started game 761 of 10000 (PassedPawnV2 vs Magic)
Finished game 748 (Magic vs PassedPawnV2): 1-0 {White wins by adjudication}
Score of PassedPawnV2 vs Magic: 295 - 217 - 237  [0.552] 749
Started game 762 of 10000 (Magic vs PassedPawnV2)
Finished game 747 (PassedPawnV2 vs Magic): 0-1 {Black wins by adjudication}
Score of PassedPawnV2 vs Magic: 295 - 218 - 237  [0.551] 750
Started game 763 of 10000 (PassedPawnV2 vs Magic)
Finished game 753 (PassedPawnV2 vs Magic): 0-1 {Black wins by adjudication}
Score of PassedPawnV2 vs Magic: 295 - 219 - 237  [0.551] 751
Started game 764 of 10000 (Magic vs PassedPawnV2)
Finished game 749 (PassedPawnV2 vs Magic): 1-0 {White mates}
Score of PassedPawnV2 vs Magic: 296 - 219 - 237  [0.551] 752
Started game 765 of 10000 (PassedPawnV2 vs Magic)
Finished game 754 (Magic vs PassedPawnV2): 1/2-1/2 {Draw by 3-fold repetition}
Score of PassedPawnV2 vs Magic: 296 - 219 - 238  [0.551] 753
Started game 766 of 10000 (Magic vs PassedPawnV2)
Finished game 752 (Magic vs PassedPawnV2): 1-0 {White wins by adjudication}
Score of PassedPawnV2 vs Magic: 296 - 220 - 238  [0.550] 754
Started game 767 of 10000 (PassedPawnV2 vs Magic)
Finished game 757 (PassedPawnV2 vs Magic): 0-1 {Black wins by adjudication}
Score of PassedPawnV2 vs Magic: 296 - 221 - 238  [0.550] 755
Started game 768 of 10000 (Magic vs PassedPawnV2)
Finished game 756 (Magic vs PassedPawnV2): 1-0 {White wins by adjudication}
Score of PassedPawnV2 vs Magic: 296 - 222 - 238  [0.549] 756
Started game 769 of 10000 (PassedPawnV2 vs Magic)
Finished game 761 (PassedPawnV2 vs Magic): 1-0 {White wins by adjudication}
Score of PassedPawnV2 vs Magic: 297 - 222 - 238  [0.550] 757
Started game 770 of 10000 (Magic vs PassedPawnV2)
Finished game 758 (Magic vs PassedPawnV2): 0-1 {Black wins by adjudication}
Score of PassedPawnV2 vs Magic: 298 - 222 - 238  [0.550] 758
Started game 771 of 10000 (PassedPawnV2 vs Magic)
Finished game 755 (PassedPawnV2 vs Magic): 1-0 {White wins by adjudication}
Score of PassedPawnV2 vs Magic: 299 - 222 - 238  [0.551] 759
Started game 772 of 10000 (Magic vs PassedPawnV2)
Finished game 760 (Magic vs PassedPawnV2): 0-1 {Black wins by adjudication}
Score of PassedPawnV2 vs Magic: 300 - 222 - 238  [0.551] 760
Started game 773 of 10000 (PassedPawnV2 vs Magic)
Finished game 762 (Magic vs PassedPawnV2): 1-0 {White wins by adjudication}
Score of PassedPawnV2 vs Magic: 300 - 223 - 238  [0.551] 761
Started game 774 of 10000 (Magic vs PassedPawnV2)
Finished game 765 (PassedPawnV2 vs Magic): 1/2-1/2 {Draw by 3-fold repetition}
Score of PassedPawnV2 vs Magic: 300 - 223 - 239  [0.551] 762
Started game 775 of 10000 (PassedPawnV2 vs Magic)
Finished game 768 (Magic vs PassedPawnV2): 1/2-1/2 {Draw by 3-fold repetition}
Score of PassedPawnV2 vs Magic: 300 - 223 - 240  [0.550] 763
Started game 776 of 10000 (Magic vs PassedPawnV2)
Finished game 763 (PassedPawnV2 vs Magic): 0-1 {Black wins by adjudication}
Score of PassedPawnV2 vs Magic: 300 - 224 - 240  [0.550] 764
Started game 777 of 10000 (PassedPawnV2 vs Magic)
Finished game 759 (PassedPawnV2 vs Magic): 1/2-1/2 {Draw by insufficient mating material}
Score of PassedPawnV2 vs Magic: 300 - 224 - 241  [0.550] 765
Started game 778 of 10000 (Magic vs PassedPawnV2)
Finished game 769 (PassedPawnV2 vs Magic): 0-1 {Black wins by adjudication}
Score of PassedPawnV2 vs Magic: 300 - 225 - 241  [0.549] 766
Started game 779 of 10000 (PassedPawnV2 vs Magic)
Finished game 767 (PassedPawnV2 vs Magic): 0-1 {Black wins by adjudication}
Score of PassedPawnV2 vs Magic: 300 - 226 - 241  [0.548] 767
Started game 780 of 10000 (Magic vs PassedPawnV2)
Finished game 771 (PassedPawnV2 vs Magic): 0-1 {Black wins by adjudication}
Score of PassedPawnV2 vs Magic: 300 - 227 - 241  [0.548] 768
Started game 781 of 10000 (PassedPawnV2 vs Magic)
Finished game 770 (Magic vs PassedPawnV2): 0-1 {Black wins by adjudication}
Score of PassedPawnV2 vs Magic: 301 - 227 - 241  [0.548] 769
Started game 782 of 10000 (Magic vs PassedPawnV2)
Finished game 764 (Magic vs PassedPawnV2): 1-0 {White wins by adjudication}
Score of PassedPawnV2 vs Magic: 301 - 228 - 241  [0.547] 770
Started game 783 of 10000 (PassedPawnV2 vs Magic)
Finished game 775 (PassedPawnV2 vs Magic): 1/2-1/2 {Draw by 3-fold repetition}
Score of PassedPawnV2 vs Magic: 301 - 228 - 242  [0.547] 771
Started game 784 of 10000 (Magic vs PassedPawnV2)
Finished game 766 (Magic vs PassedPawnV2): 0-1 {Black wins by adjudication}
Score of PassedPawnV2 vs Magic: 302 - 228 - 242  [0.548] 772
Started game 785 of 10000 (PassedPawnV2 vs Magic)
Finished game 772 (Magic vs PassedPawnV2): 1-0 {White wins by adjudication}
Score of PassedPawnV2 vs Magic: 302 - 229 - 242  [0.547] 773
Started game 786 of 10000 (Magic vs PassedPawnV2)
Finished game 773 (PassedPawnV2 vs Magic): 1/2-1/2 {Draw by stalemate}
Score of PassedPawnV2 vs Magic: 302 - 229 - 243  [0.547] 774
Started game 787 of 10000 (PassedPawnV2 vs Magic)
Finished game 774 (Magic vs PassedPawnV2): 0-1 {Black wins by adjudication}
Score of PassedPawnV2 vs Magic: 303 - 229 - 243  [0.548] 775
Started game 788 of 10000 (Magic vs PassedPawnV2)
Finished game 776 (Magic vs PassedPawnV2): 0-1 {Black wins by adjudication}
Score of PassedPawnV2 vs Magic: 304 - 229 - 243  [0.548] 776
Started game 789 of 10000 (PassedPawnV2 vs Magic)
Finished game 777 (PassedPawnV2 vs Magic): 1-0 {White wins by adjudication}
Score of PassedPawnV2 vs Magic: 305 - 229 - 243  [0.549] 777
Started game 790 of 10000 (Magic vs PassedPawnV2)
Finished game 781 (PassedPawnV2 vs Magic): 1/2-1/2 {Draw by 3-fold repetition}
Score of PassedPawnV2 vs Magic: 305 - 229 - 244  [0.549] 778
Started game 791 of 10000 (PassedPawnV2 vs Magic)
Finished game 780 (Magic vs PassedPawnV2): 1-0 {White wins by adjudication}
Score of PassedPawnV2 vs Magic: 305 - 230 - 244  [0.548] 779
Started game 792 of 10000 (Magic vs PassedPawnV2)
Finished game 779 (PassedPawnV2 vs Magic): 0-1 {Black wins by adjudication}
Score of PassedPawnV2 vs Magic: 305 - 231 - 244  [0.547] 780
Started game 793 of 10000 (PassedPawnV2 vs Magic)
Finished game 778 (Magic vs PassedPawnV2): 1/2-1/2 {Draw by fifty moves rule}
Score of PassedPawnV2 vs Magic: 305 - 231 - 245  [0.547] 781
Started game 794 of 10000 (Magic vs PassedPawnV2)
Finished game 782 (Magic vs PassedPawnV2): 0-1 {Black wins by adjudication}
Score of PassedPawnV2 vs Magic: 306 - 231 - 245  [0.548] 782
Started game 795 of 10000 (PassedPawnV2 vs Magic)
Finished game 784 (Magic vs PassedPawnV2): 1/2-1/2 {Draw by 3-fold repetition}
Score of PassedPawnV2 vs Magic: 306 - 231 - 246  [0.548] 783
Started game 796 of 10000 (Magic vs PassedPawnV2)
Finished game 783 (PassedPawnV2 vs Magic): 1-0 {White wins by adjudication}
Score of PassedPawnV2 vs Magic: 307 - 231 - 246  [0.548] 784
Started game 797 of 10000 (PassedPawnV2 vs Magic)
Finished game 785 (PassedPawnV2 vs Magic): 1-0 {White wins by adjudication}
Score of PassedPawnV2 vs Magic: 308 - 231 - 246  [0.549] 785
Started game 798 of 10000 (Magic vs PassedPawnV2)
Finished game 786 (Magic vs PassedPawnV2): 0-1 {Black wins by adjudication}
Score of PassedPawnV2 vs Magic: 309 - 231 - 246  [0.550] 786
Started game 799 of 10000 (PassedPawnV2 vs Magic)
Finished game 787 (PassedPawnV2 vs Magic): 1-0 {White wins by adjudication}
Score of PassedPawnV2 vs Magic: 310 - 231 - 246  [0.550] 787
Started game 800 of 10000 (Magic vs PassedPawnV2)
Finished game 788 (Magic vs PassedPawnV2): 1-0 {White wins by adjudication}
Score of PassedPawnV2 vs Magic: 310 - 232 - 246  [0.549] 788
Started game 801 of 10000 (PassedPawnV2 vs Magic)
Finished game 794 (Magic vs PassedPawnV2): 1-0 {White wins by adjudication}
Score of PassedPawnV2 vs Magic: 310 - 233 - 246  [0.549] 789
Started game 802 of 10000 (Magic vs PassedPawnV2)
Finished game 789 (PassedPawnV2 vs Magic): 1-0 {White wins by adjudication}
Score of PassedPawnV2 vs Magic: 311 - 233 - 246  [0.549] 790
Started game 803 of 10000 (PassedPawnV2 vs Magic)
Finished game 790 (Magic vs PassedPawnV2): 1-0 {White wins by adjudication}
Score of PassedPawnV2 vs Magic: 311 - 234 - 246  [0.549] 791
Started game 804 of 10000 (Magic vs PassedPawnV2)
Finished game 793 (PassedPawnV2 vs Magic): 1-0 {White wins by adjudication}
Score of PassedPawnV2 vs Magic: 312 - 234 - 246  [0.549] 792
Started game 805 of 10000 (PassedPawnV2 vs Magic)
Finished game 791 (PassedPawnV2 vs Magic): 0-1 {Black wins by adjudication}
Score of PassedPawnV2 vs Magic: 312 - 235 - 246  [0.549] 793
Started game 806 of 10000 (Magic vs PassedPawnV2)
Finished game 795 (PassedPawnV2 vs Magic): 1-0 {White wins by adjudication}
Score of PassedPawnV2 vs Magic: 313 - 235 - 246  [0.549] 794
Started game 807 of 10000 (PassedPawnV2 vs Magic)
Finished game 792 (Magic vs PassedPawnV2): 1/2-1/2 {Draw by 3-fold repetition}
Score of PassedPawnV2 vs Magic: 313 - 235 - 247  [0.549] 795
Started game 808 of 10000 (Magic vs PassedPawnV2)
Finished game 796 (Magic vs PassedPawnV2): 1/2-1/2 {Draw by adjudication}
Score of PassedPawnV2 vs Magic: 313 - 235 - 248  [0.549] 796
Started game 809 of 10000 (PassedPawnV2 vs Magic)
Finished game 797 (PassedPawnV2 vs Magic): 1/2-1/2 {Draw by 3-fold repetition}
Score of PassedPawnV2 vs Magic: 313 - 235 - 249  [0.549] 797
Started game 810 of 10000 (Magic vs PassedPawnV2)
Finished game 803 (PassedPawnV2 vs Magic): 0-1 {Black wins by adjudication}
Score of PassedPawnV2 vs Magic: 313 - 236 - 249  [0.548] 798
Started game 811 of 10000 (PassedPawnV2 vs Magic)
Finished game 801 (PassedPawnV2 vs Magic): 1-0 {White wins by adjudication}
Score of PassedPawnV2 vs Magic: 314 - 236 - 249  [0.549] 799
Started game 812 of 10000 (Magic vs PassedPawnV2)
Finished game 800 (Magic vs PassedPawnV2): 0-1 {Black wins by adjudication}
Score of PassedPawnV2 vs Magic: 315 - 236 - 249  [0.549] 800
Started game 813 of 10000 (PassedPawnV2 vs Magic)
Finished game 799 (PassedPawnV2 vs Magic): 0-1 {Black wins by adjudication}
Score of PassedPawnV2 vs Magic: 315 - 237 - 249  [0.549] 801
Started game 814 of 10000 (Magic vs PassedPawnV2)
Finished game 804 (Magic vs PassedPawnV2): 0-1 {Black wins by adjudication}
Score of PassedPawnV2 vs Magic: 316 - 237 - 249  [0.549] 802
Started game 815 of 10000 (PassedPawnV2 vs Magic)
Finished game 808 (Magic vs PassedPawnV2): 1/2-1/2 {Draw by 3-fold repetition}
Score of PassedPawnV2 vs Magic: 316 - 237 - 250  [0.549] 803
Started game 816 of 10000 (Magic vs PassedPawnV2)
Finished game 798 (Magic vs PassedPawnV2): 1/2-1/2 {Draw by 3-fold repetition}
Score of PassedPawnV2 vs Magic: 316 - 237 - 251  [0.549] 804
Started game 817 of 10000 (PassedPawnV2 vs Magic)
Finished game 809 (PassedPawnV2 vs Magic): 1-0 {White wins by adjudication}
Score of PassedPawnV2 vs Magic: 317 - 237 - 251  [0.550] 805
Started game 818 of 10000 (Magic vs PassedPawnV2)
Finished game 806 (Magic vs PassedPawnV2): 0-1 {Black wins by adjudication}
Score of PassedPawnV2 vs Magic: 318 - 237 - 251  [0.550] 806
Started game 819 of 10000 (PassedPawnV2 vs Magic)
Finished game 805 (PassedPawnV2 vs Magic): 1-0 {White wins by adjudication}
Score of PassedPawnV2 vs Magic: 319 - 237 - 251  [0.551] 807
Started game 820 of 10000 (Magic vs PassedPawnV2)
Finished game 802 (Magic vs PassedPawnV2): 1-0 {White mates}
Score of PassedPawnV2 vs Magic: 319 - 238 - 251  [0.550] 808
Started game 821 of 10000 (PassedPawnV2 vs Magic)
Finished game 807 (PassedPawnV2 vs Magic): 1-0 {White mates}
Score of PassedPawnV2 vs Magic: 320 - 238 - 251  [0.551] 809
Started game 822 of 10000 (Magic vs PassedPawnV2)
Finished game 813 (PassedPawnV2 vs Magic): 1-0 {White wins by adjudication}
Score of PassedPawnV2 vs Magic: 321 - 238 - 251  [0.551] 810
Started game 823 of 10000 (PassedPawnV2 vs Magic)
Finished game 815 (PassedPawnV2 vs Magic): 1/2-1/2 {Draw by 3-fold repetition}
Score of PassedPawnV2 vs Magic: 321 - 238 - 252  [0.551] 811
Started game 824 of 10000 (Magic vs PassedPawnV2)
Finished game 814 (Magic vs PassedPawnV2): 1-0 {White wins by adjudication}
Score of PassedPawnV2 vs Magic: 321 - 239 - 252  [0.550] 812
Started game 825 of 10000 (PassedPawnV2 vs Magic)
Finished game 811 (PassedPawnV2 vs Magic): 1-0 {White wins by adjudication}
Score of PassedPawnV2 vs Magic: 322 - 239 - 252  [0.551] 813
Started game 826 of 10000 (Magic vs PassedPawnV2)
Finished game 812 (Magic vs PassedPawnV2): 1-0 {White wins by adjudication}
Score of PassedPawnV2 vs Magic: 322 - 240 - 252  [0.550] 814
Started game 827 of 10000 (PassedPawnV2 vs Magic)
Finished game 816 (Magic vs PassedPawnV2): 1/2-1/2 {Draw by 3-fold repetition}
Score of PassedPawnV2 vs Magic: 322 - 240 - 253  [0.550] 815
Started game 828 of 10000 (Magic vs PassedPawnV2)
Finished game 817 (PassedPawnV2 vs Magic): 1-0 {White wins by adjudication}
Score of PassedPawnV2 vs Magic: 323 - 240 - 253  [0.551] 816
Started game 829 of 10000 (PassedPawnV2 vs Magic)
Finished game 818 (Magic vs PassedPawnV2): 1-0 {White wins by adjudication}
Score of PassedPawnV2 vs Magic: 323 - 241 - 253  [0.550] 817
Started game 830 of 10000 (Magic vs PassedPawnV2)
Finished game 820 (Magic vs PassedPawnV2): 1-0 {White wins by adjudication}
Score of PassedPawnV2 vs Magic: 323 - 242 - 253  [0.550] 818
Started game 831 of 10000 (PassedPawnV2 vs Magic)
Finished game 819 (PassedPawnV2 vs Magic): 1/2-1/2 {Draw by 3-fold repetition}
Score of PassedPawnV2 vs Magic: 323 - 242 - 254  [0.549] 819
Started game 832 of 10000 (Magic vs PassedPawnV2)
Finished game 823 (PassedPawnV2 vs Magic): 1-0 {White wins by adjudication}
Score of PassedPawnV2 vs Magic: 324 - 242 - 254  [0.550] 820
Started game 833 of 10000 (PassedPawnV2 vs Magic)
Finished game 810 (Magic vs PassedPawnV2): 1/2-1/2 {Draw by insufficient mating material}
Score of PassedPawnV2 vs Magic: 324 - 242 - 255  [0.550] 821
Started game 834 of 10000 (Magic vs PassedPawnV2)
Finished game 824 (Magic vs PassedPawnV2): 1/2-1/2 {Draw by 3-fold repetition}
Score of PassedPawnV2 vs Magic: 324 - 242 - 256  [0.550] 822
Started game 835 of 10000 (PassedPawnV2 vs Magic)
Finished game 822 (Magic vs PassedPawnV2): 0-1 {Black wins by adjudication}
Score of PassedPawnV2 vs Magic: 325 - 242 - 256  [0.550] 823
Started game 836 of 10000 (Magic vs PassedPawnV2)
Finished game 821 (PassedPawnV2 vs Magic): 1/2-1/2 {Draw by fifty moves rule}
Score of PassedPawnV2 vs Magic: 325 - 242 - 257  [0.550] 824
Started game 837 of 10000 (PassedPawnV2 vs Magic)
Finished game 825 (PassedPawnV2 vs Magic): 1/2-1/2 {Draw by insufficient mating material}
Score of PassedPawnV2 vs Magic: 325 - 242 - 258  [0.550] 825
Started game 838 of 10000 (Magic vs PassedPawnV2)
Finished game 833 (PassedPawnV2 vs Magic): 1-0 {White wins by adjudication}
Score of PassedPawnV2 vs Magic: 326 - 242 - 258  [0.551] 826
Started game 839 of 10000 (PassedPawnV2 vs Magic)
Finished game 828 (Magic vs PassedPawnV2): 1-0 {White mates}
Score of PassedPawnV2 vs Magic: 326 - 243 - 258  [0.550] 827
Started game 840 of 10000 (Magic vs PassedPawnV2)
Finished game 827 (PassedPawnV2 vs Magic): 0-1 {Black wins by adjudication}
Score of PassedPawnV2 vs Magic: 326 - 244 - 258  [0.550] 828
Started game 841 of 10000 (PassedPawnV2 vs Magic)
Finished game 830 (Magic vs PassedPawnV2): 0-1 {Black wins by adjudication}
Score of PassedPawnV2 vs Magic: 327 - 244 - 258  [0.550] 829
Started game 842 of 10000 (Magic vs PassedPawnV2)
Finished game 826 (Magic vs PassedPawnV2): 1/2-1/2 {Draw by insufficient mating material}
Score of PassedPawnV2 vs Magic: 327 - 244 - 259  [0.550] 830
Started game 843 of 10000 (PassedPawnV2 vs Magic)
Finished game 831 (PassedPawnV2 vs Magic): 1-0 {White wins by adjudication}
Score of PassedPawnV2 vs Magic: 328 - 244 - 259  [0.551] 831
Started game 844 of 10000 (Magic vs PassedPawnV2)
Finished game 829 (PassedPawnV2 vs Magic): 0-1 {Black wins by adjudication}
Score of PassedPawnV2 vs Magic: 328 - 245 - 259  [0.550] 832
Started game 845 of 10000 (PassedPawnV2 vs Magic)
Finished game 832 (Magic vs PassedPawnV2): 1/2-1/2 {Draw by insufficient mating material}
Score of PassedPawnV2 vs Magic: 328 - 245 - 260  [0.550] 833
Started game 846 of 10000 (Magic vs PassedPawnV2)
Finished game 834 (Magic vs PassedPawnV2): 0-1 {Black wins by adjudication}
Score of PassedPawnV2 vs Magic: 329 - 245 - 260  [0.550] 834
Started game 847 of 10000 (PassedPawnV2 vs Magic)
Finished game 837 (PassedPawnV2 vs Magic): 1/2-1/2 {Draw by 3-fold repetition}
Score of PassedPawnV2 vs Magic: 329 - 245 - 261  [0.550] 835
Started game 848 of 10000 (Magic vs PassedPawnV2)
Finished game 835 (PassedPawnV2 vs Magic): 0-1 {Black wins by adjudication}
Score of PassedPawnV2 vs Magic: 329 - 246 - 261  [0.550] 836
Started game 849 of 10000 (PassedPawnV2 vs Magic)
Finished game 843 (PassedPawnV2 vs Magic): 1/2-1/2 {Draw by adjudication}
Score of PassedPawnV2 vs Magic: 329 - 246 - 262  [0.550] 837
Started game 850 of 10000 (Magic vs PassedPawnV2)
Finished game 838 (Magic vs PassedPawnV2): 0-1 {Black wins by adjudication}
Score of PassedPawnV2 vs Magic: 330 - 246 - 262  [0.550] 838
Started game 851 of 10000 (PassedPawnV2 vs Magic)
Finished game 836 (Magic vs PassedPawnV2): 1/2-1/2 {Draw by insufficient mating material}
Score of PassedPawnV2 vs Magic: 330 - 246 - 263  [0.550] 839
Started game 852 of 10000 (Magic vs PassedPawnV2)
Finished game 840 (Magic vs PassedPawnV2): 0-1 {Black wins by adjudication}
Score of PassedPawnV2 vs Magic: 331 - 246 - 263  [0.551] 840
Started game 853 of 10000 (PassedPawnV2 vs Magic)
Finished game 842 (Magic vs PassedPawnV2): 1/2-1/2 {Draw by insufficient mating material}
Score of PassedPawnV2 vs Magic: 331 - 246 - 264  [0.551] 841
Started game 854 of 10000 (Magic vs PassedPawnV2)
Finished game 845 (PassedPawnV2 vs Magic): 1-0 {White wins by adjudication}
Score of PassedPawnV2 vs Magic: 332 - 246 - 264  [0.551] 842
Started game 855 of 10000 (PassedPawnV2 vs Magic)
Finished game 846 (Magic vs PassedPawnV2): 1-0 {White wins by adjudication}
Score of PassedPawnV2 vs Magic: 332 - 247 - 264  [0.550] 843
Started game 856 of 10000 (Magic vs PassedPawnV2)
Finished game 847 (PassedPawnV2 vs Magic): 1-0 {White wins by adjudication}
Score of PassedPawnV2 vs Magic: 333 - 247 - 264  [0.551] 844
Started game 857 of 10000 (PassedPawnV2 vs Magic)
Finished game 848 (Magic vs PassedPawnV2): 1/2-1/2 {Draw by insufficient mating material}
Score of PassedPawnV2 vs Magic: 333 - 247 - 265  [0.551] 845
Started game 858 of 10000 (Magic vs PassedPawnV2)
Finished game 849 (PassedPawnV2 vs Magic): 1/2-1/2 {Draw by 3-fold repetition}
Score of PassedPawnV2 vs Magic: 333 - 247 - 266  [0.551] 846
Started game 859 of 10000 (PassedPawnV2 vs Magic)
Finished game 839 (PassedPawnV2 vs Magic): 1/2-1/2 {Draw by adjudication}
Score of PassedPawnV2 vs Magic: 333 - 247 - 267  [0.551] 847
Started game 860 of 10000 (Magic vs PassedPawnV2)
Finished game 850 (Magic vs PassedPawnV2): 1/2-1/2 {Draw by 3-fold repetition}
Score of PassedPawnV2 vs Magic: 333 - 247 - 268  [0.551] 848
Started game 861 of 10000 (PassedPawnV2 vs Magic)
Finished game 841 (PassedPawnV2 vs Magic): 1-0 {White mates}
Score of PassedPawnV2 vs Magic: 334 - 247 - 268  [0.551] 849
Started game 862 of 10000 (Magic vs PassedPawnV2)
Finished game 854 (Magic vs PassedPawnV2): 1/2-1/2 {Draw by 3-fold repetition}
Score of PassedPawnV2 vs Magic: 334 - 247 - 269  [0.551] 850
Started game 863 of 10000 (PassedPawnV2 vs Magic)
Finished game 851 (PassedPawnV2 vs Magic): 1-0 {White wins by adjudication}
Score of PassedPawnV2 vs Magic: 335 - 247 - 269  [0.552] 851
Started game 864 of 10000 (Magic vs PassedPawnV2)
Finished game 853 (PassedPawnV2 vs Magic): 0-1 {Black wins by adjudication}
Score of PassedPawnV2 vs Magic: 335 - 248 - 269  [0.551] 852
Started game 865 of 10000 (PassedPawnV2 vs Magic)
Finished game 852 (Magic vs PassedPawnV2): 0-1 {Black mates}
Score of PassedPawnV2 vs Magic: 336 - 248 - 269  [0.552] 853
Started game 866 of 10000 (Magic vs PassedPawnV2)
Finished game 844 (Magic vs PassedPawnV2): 0-1 {Black wins by adjudication}
Score of PassedPawnV2 vs Magic: 337 - 248 - 269  [0.552] 854
Started game 867 of 10000 (PassedPawnV2 vs Magic)
Finished game 855 (PassedPawnV2 vs Magic): 1-0 {White wins by adjudication}
Score of PassedPawnV2 vs Magic: 338 - 248 - 269  [0.553] 855
Started game 868 of 10000 (Magic vs PassedPawnV2)
Finished game 856 (Magic vs PassedPawnV2): 1-0 {White wins by adjudication}
Score of PassedPawnV2 vs Magic: 338 - 249 - 269  [0.552] 856
Started game 869 of 10000 (PassedPawnV2 vs Magic)
Finished game 857 (PassedPawnV2 vs Magic): 1/2-1/2 {Draw by 3-fold repetition}
Score of PassedPawnV2 vs Magic: 338 - 249 - 270  [0.552] 857
Started game 870 of 10000 (Magic vs PassedPawnV2)
Finished game 860 (Magic vs PassedPawnV2): 0-1 {Black wins by adjudication}
Score of PassedPawnV2 vs Magic: 339 - 249 - 270  [0.552] 858
Started game 871 of 10000 (PassedPawnV2 vs Magic)
Finished game 858 (Magic vs PassedPawnV2): 0-1 {Black wins by adjudication}
Score of PassedPawnV2 vs Magic: 340 - 249 - 270  [0.553] 859
Started game 872 of 10000 (Magic vs PassedPawnV2)
Finished game 861 (PassedPawnV2 vs Magic): 1-0 {White wins by adjudication}
Score of PassedPawnV2 vs Magic: 341 - 249 - 270  [0.553] 860
Started game 873 of 10000 (PassedPawnV2 vs Magic)
Finished game 863 (PassedPawnV2 vs Magic): 0-1 {Black wins by adjudication}
Score of PassedPawnV2 vs Magic: 341 - 250 - 270  [0.553] 861
Started game 874 of 10000 (Magic vs PassedPawnV2)
Finished game 862 (Magic vs PassedPawnV2): 1-0 {White wins by adjudication}
Score of PassedPawnV2 vs Magic: 341 - 251 - 270  [0.552] 862
Started game 875 of 10000 (PassedPawnV2 vs Magic)
Finished game 871 (PassedPawnV2 vs Magic): 1-0 {White wins by adjudication}
Score of PassedPawnV2 vs Magic: 342 - 251 - 270  [0.553] 863
Started game 876 of 10000 (Magic vs PassedPawnV2)
Finished game 859 (PassedPawnV2 vs Magic): 1/2-1/2 {Draw by adjudication}
Score of PassedPawnV2 vs Magic: 342 - 251 - 271  [0.553] 864
Started game 877 of 10000 (PassedPawnV2 vs Magic)
Finished game 872 (Magic vs PassedPawnV2): 1-0 {White wins by adjudication}
Score of PassedPawnV2 vs Magic: 342 - 252 - 271  [0.552] 865
Started game 878 of 10000 (Magic vs PassedPawnV2)
Finished game 865 (PassedPawnV2 vs Magic): 0-1 {Black wins by adjudication}
Score of PassedPawnV2 vs Magic: 342 - 253 - 271  [0.551] 866
Started game 879 of 10000 (PassedPawnV2 vs Magic)
Finished game 866 (Magic vs PassedPawnV2): 0-1 {Black wins by adjudication}
Score of PassedPawnV2 vs Magic: 343 - 253 - 271  [0.552] 867
Started game 880 of 10000 (Magic vs PassedPawnV2)
Finished game 864 (Magic vs PassedPawnV2): 1-0 {White wins by adjudication}
Score of PassedPawnV2 vs Magic: 343 - 254 - 271  [0.551] 868
Started game 881 of 10000 (PassedPawnV2 vs Magic)
Finished game 868 (Magic vs PassedPawnV2): 1/2-1/2 {Draw by 3-fold repetition}
Score of PassedPawnV2 vs Magic: 343 - 254 - 272  [0.551] 869
Started game 882 of 10000 (Magic vs PassedPawnV2)
Finished game 867 (PassedPawnV2 vs Magic): 0-1 {Black wins by adjudication}
Score of PassedPawnV2 vs Magic: 343 - 255 - 272  [0.551] 870
Started game 883 of 10000 (PassedPawnV2 vs Magic)
Finished game 869 (PassedPawnV2 vs Magic): 1-0 {White wins by adjudication}
Score of PassedPawnV2 vs Magic: 344 - 255 - 272  [0.551] 871
Started game 884 of 10000 (Magic vs PassedPawnV2)
Finished game 870 (Magic vs PassedPawnV2): 1/2-1/2 {Draw by 3-fold repetition}
Score of PassedPawnV2 vs Magic: 344 - 255 - 273  [0.551] 872
Started game 885 of 10000 (PassedPawnV2 vs Magic)
Finished game 874 (Magic vs PassedPawnV2): 0-1 {Black wins by adjudication}
Score of PassedPawnV2 vs Magic: 345 - 255 - 273  [0.552] 873
Started game 886 of 10000 (Magic vs PassedPawnV2)
Finished game 876 (Magic vs PassedPawnV2): 0-1 {Black wins by adjudication}
Score of PassedPawnV2 vs Magic: 346 - 255 - 273  [0.552] 874
Started game 887 of 10000 (PassedPawnV2 vs Magic)
Finished game 875 (PassedPawnV2 vs Magic): 1-0 {White wins by adjudication}
Score of PassedPawnV2 vs Magic: 347 - 255 - 273  [0.553] 875
Started game 888 of 10000 (Magic vs PassedPawnV2)
Finished game 873 (PassedPawnV2 vs Magic): 1/2-1/2 {Draw by 3-fold repetition}
Score of PassedPawnV2 vs Magic: 347 - 255 - 274  [0.553] 876
Started game 889 of 10000 (PassedPawnV2 vs Magic)
Finished game 883 (PassedPawnV2 vs Magic): 1-0 {White wins by adjudication}
Score of PassedPawnV2 vs Magic: 348 - 255 - 274  [0.553] 877
Started game 890 of 10000 (Magic vs PassedPawnV2)
Finished game 881 (PassedPawnV2 vs Magic): 1/2-1/2 {Draw by insufficient mating material}
Score of PassedPawnV2 vs Magic: 348 - 255 - 275  [0.553] 878
Started game 891 of 10000 (PassedPawnV2 vs Magic)
Finished game 878 (Magic vs PassedPawnV2): 1/2-1/2 {Draw by adjudication}
Score of PassedPawnV2 vs Magic: 348 - 255 - 276  [0.553] 879
Started game 892 of 10000 (Magic vs PassedPawnV2)
Finished game 885 (PassedPawnV2 vs Magic): 1-0 {White wins by adjudication}
Score of PassedPawnV2 vs Magic: 349 - 255 - 276  [0.553] 880
Started game 893 of 10000 (PassedPawnV2 vs Magic)
Finished game 882 (Magic vs PassedPawnV2): 1-0 {White wins by adjudication}
Score of PassedPawnV2 vs Magic: 349 - 256 - 276  [0.553] 881
Started game 894 of 10000 (Magic vs PassedPawnV2)
Finished game 877 (PassedPawnV2 vs Magic): 1/2-1/2 {Draw by fifty moves rule}
Score of PassedPawnV2 vs Magic: 349 - 256 - 277  [0.553] 882
Started game 895 of 10000 (PassedPawnV2 vs Magic)
Finished game 879 (PassedPawnV2 vs Magic): 1-0 {White wins by adjudication}
Score of PassedPawnV2 vs Magic: 350 - 256 - 277  [0.553] 883
Started game 896 of 10000 (Magic vs PassedPawnV2)
Finished game 880 (Magic vs PassedPawnV2): 1/2-1/2 {Draw by fifty moves rule}
Score of PassedPawnV2 vs Magic: 350 - 256 - 278  [0.553] 884
Started game 897 of 10000 (PassedPawnV2 vs Magic)
Finished game 884 (Magic vs PassedPawnV2): 1/2-1/2 {Draw by fifty moves rule}
Score of PassedPawnV2 vs Magic: 350 - 256 - 279  [0.553] 885
Started game 898 of 10000 (Magic vs PassedPawnV2)
Finished game 886 (Magic vs PassedPawnV2): 0-1 {Black wins by adjudication}
Score of PassedPawnV2 vs Magic: 351 - 256 - 279  [0.554] 886
Started game 899 of 10000 (PassedPawnV2 vs Magic)
Finished game 891 (PassedPawnV2 vs Magic): 1-0 {White wins by adjudication}
Score of PassedPawnV2 vs Magic: 352 - 256 - 279  [0.554] 887
Started game 900 of 10000 (Magic vs PassedPawnV2)
Finished game 889 (PassedPawnV2 vs Magic): 1-0 {White wins by adjudication}
Score of PassedPawnV2 vs Magic: 353 - 256 - 279  [0.555] 888
Started game 901 of 10000 (PassedPawnV2 vs Magic)
Finished game 888 (Magic vs PassedPawnV2): 0-1 {Black wins by adjudication}
Score of PassedPawnV2 vs Magic: 354 - 256 - 279  [0.555] 889
Started game 902 of 10000 (Magic vs PassedPawnV2)
Finished game 887 (PassedPawnV2 vs Magic): 1/2-1/2 {Draw by fifty moves rule}
Score of PassedPawnV2 vs Magic: 354 - 256 - 280  [0.555] 890
Started game 903 of 10000 (PassedPawnV2 vs Magic)
Finished game 896 (Magic vs PassedPawnV2): 0-1 {Black wins by adjudication}
Score of PassedPawnV2 vs Magic: 355 - 256 - 280  [0.556] 891
Started game 904 of 10000 (Magic vs PassedPawnV2)
Finished game 890 (Magic vs PassedPawnV2): 1/2-1/2 {Draw by adjudication}
Score of PassedPawnV2 vs Magic: 355 - 256 - 281  [0.555] 892
Started game 905 of 10000 (PassedPawnV2 vs Magic)
Finished game 899 (PassedPawnV2 vs Magic): 1/2-1/2 {Draw by 3-fold repetition}
Score of PassedPawnV2 vs Magic: 355 - 256 - 282  [0.555] 893
Started game 906 of 10000 (Magic vs PassedPawnV2)
Finished game 892 (Magic vs PassedPawnV2): 1/2-1/2 {Draw by 3-fold repetition}
Score of PassedPawnV2 vs Magic: 355 - 256 - 283  [0.555] 894
Started game 907 of 10000 (PassedPawnV2 vs Magic)
Finished game 894 (Magic vs PassedPawnV2): 0-1 {Black wins by adjudication}
Score of PassedPawnV2 vs Magic: 356 - 256 - 283  [0.556] 895
Started game 908 of 10000 (Magic vs PassedPawnV2)
Finished game 893 (PassedPawnV2 vs Magic): 0-1 {Black wins by adjudication}
Score of PassedPawnV2 vs Magic: 356 - 257 - 283  [0.555] 896
Started game 909 of 10000 (PassedPawnV2 vs Magic)
Finished game 897 (PassedPawnV2 vs Magic): 1-0 {White wins by adjudication}
Score of PassedPawnV2 vs Magic: 357 - 257 - 283  [0.556] 897
Started game 910 of 10000 (Magic vs PassedPawnV2)
Finished game 900 (Magic vs PassedPawnV2): 1-0 {White wins by adjudication}
Score of PassedPawnV2 vs Magic: 357 - 258 - 283  [0.555] 898
Started game 911 of 10000 (PassedPawnV2 vs Magic)
Finished game 901 (PassedPawnV2 vs Magic): 1-0 {White wins by adjudication}
Score of PassedPawnV2 vs Magic: 358 - 258 - 283  [0.556] 899
Started game 912 of 10000 (Magic vs PassedPawnV2)
Finished game 895 (PassedPawnV2 vs Magic): 1/2-1/2 {Draw by adjudication}
Score of PassedPawnV2 vs Magic: 358 - 258 - 284  [0.556] 900
Started game 913 of 10000 (PassedPawnV2 vs Magic)
Finished game 902 (Magic vs PassedPawnV2): 0-1 {Black wins by adjudication}
Score of PassedPawnV2 vs Magic: 359 - 258 - 284  [0.556] 901
Started game 914 of 10000 (Magic vs PassedPawnV2)
Finished game 904 (Magic vs PassedPawnV2): 0-1 {Black wins by adjudication}
Score of PassedPawnV2 vs Magic: 360 - 258 - 284  [0.557] 902
Started game 915 of 10000 (PassedPawnV2 vs Magic)
Finished game 898 (Magic vs PassedPawnV2): 1/2-1/2 {Draw by 3-fold repetition}
Score of PassedPawnV2 vs Magic: 360 - 258 - 285  [0.556] 903
Started game 916 of 10000 (Magic vs PassedPawnV2)
Finished game 903 (PassedPawnV2 vs Magic): 1-0 {White wins by adjudication}
Score of PassedPawnV2 vs Magic: 361 - 258 - 285  [0.557] 904
Started game 917 of 10000 (PassedPawnV2 vs Magic)
Finished game 906 (Magic vs PassedPawnV2): 0-1 {Black wins by adjudication}
Score of PassedPawnV2 vs Magic: 362 - 258 - 285  [0.557] 905
Started game 918 of 10000 (Magic vs PassedPawnV2)
Finished game 912 (Magic vs PassedPawnV2): 1-0 {White wins by adjudication}
Score of PassedPawnV2 vs Magic: 362 - 259 - 285  [0.557] 906
Started game 919 of 10000 (PassedPawnV2 vs Magic)
Finished game 910 (Magic vs PassedPawnV2): 0-1 {Black wins by adjudication}
Score of PassedPawnV2 vs Magic: 363 - 259 - 285  [0.557] 907
Started game 920 of 10000 (Magic vs PassedPawnV2)
Finished game 911 (PassedPawnV2 vs Magic): 1-0 {White wins by adjudication}
Score of PassedPawnV2 vs Magic: 364 - 259 - 285  [0.558] 908
Started game 921 of 10000 (PassedPawnV2 vs Magic)
Finished game 905 (PassedPawnV2 vs Magic): 1-0 {White wins by adjudication}
Score of PassedPawnV2 vs Magic: 365 - 259 - 285  [0.558] 909
Started game 922 of 10000 (Magic vs PassedPawnV2)
Finished game 907 (PassedPawnV2 vs Magic): 1-0 {White wins by adjudication}
Score of PassedPawnV2 vs Magic: 366 - 259 - 285  [0.559] 910
Started game 923 of 10000 (PassedPawnV2 vs Magic)
Finished game 909 (PassedPawnV2 vs Magic): 0-1 {Black mates}
Score of PassedPawnV2 vs Magic: 366 - 260 - 285  [0.558] 911
Started game 924 of 10000 (Magic vs PassedPawnV2)
Finished game 915 (PassedPawnV2 vs Magic): 1-0 {White wins by adjudication}
Score of PassedPawnV2 vs Magic: 367 - 260 - 285  [0.559] 912
Started game 925 of 10000 (PassedPawnV2 vs Magic)
Finished game 914 (Magic vs PassedPawnV2): 1-0 {White wins by adjudication}
Score of PassedPawnV2 vs Magic: 367 - 261 - 285  [0.558] 913
Started game 926 of 10000 (Magic vs PassedPawnV2)
Finished game 913 (PassedPawnV2 vs Magic): 1/2-1/2 {Draw by fifty moves rule}
Score of PassedPawnV2 vs Magic: 367 - 261 - 286  [0.558] 914
Started game 927 of 10000 (PassedPawnV2 vs Magic)
Finished game 918 (Magic vs PassedPawnV2): 1/2-1/2 {Draw by 3-fold repetition}
Score of PassedPawnV2 vs Magic: 367 - 261 - 287  [0.558] 915
Started game 928 of 10000 (Magic vs PassedPawnV2)
Finished game 916 (Magic vs PassedPawnV2): 0-1 {Black wins by adjudication}
Score of PassedPawnV2 vs Magic: 368 - 261 - 287  [0.558] 916
Started game 929 of 10000 (PassedPawnV2 vs Magic)
Finished game 920 (Magic vs PassedPawnV2): 1/2-1/2 {Draw by 3-fold repetition}
Score of PassedPawnV2 vs Magic: 368 - 261 - 288  [0.558] 917
Started game 930 of 10000 (Magic vs PassedPawnV2)
Finished game 917 (PassedPawnV2 vs Magic): 0-1 {Black wins by adjudication}
Score of PassedPawnV2 vs Magic: 368 - 262 - 288  [0.558] 918
Started game 931 of 10000 (PassedPawnV2 vs Magic)
Finished game 908 (Magic vs PassedPawnV2): 1/2-1/2 {Draw by 3-fold repetition}
Score of PassedPawnV2 vs Magic: 368 - 262 - 289  [0.558] 919
Started game 932 of 10000 (Magic vs PassedPawnV2)
Finished game 921 (PassedPawnV2 vs Magic): 0-1 {Black wins by adjudication}
Score of PassedPawnV2 vs Magic: 368 - 263 - 289  [0.557] 920
Started game 933 of 10000 (PassedPawnV2 vs Magic)
Finished game 919 (PassedPawnV2 vs Magic): 1/2-1/2 {Draw by adjudication}
Score of PassedPawnV2 vs Magic: 368 - 263 - 290  [0.557] 921
Started game 934 of 10000 (Magic vs PassedPawnV2)
Finished game 922 (Magic vs PassedPawnV2): 1-0 {White wins by adjudication}
Score of PassedPawnV2 vs Magic: 368 - 264 - 290  [0.556] 922
Started game 935 of 10000 (PassedPawnV2 vs Magic)
Finished game 923 (PassedPawnV2 vs Magic): 1-0 {White wins by adjudication}
Score of PassedPawnV2 vs Magic: 369 - 264 - 290  [0.557] 923
Started game 936 of 10000 (Magic vs PassedPawnV2)
Finished game 925 (PassedPawnV2 vs Magic): 1-0 {White wins by adjudication}
Score of PassedPawnV2 vs Magic: 370 - 264 - 290  [0.557] 924
Started game 937 of 10000 (PassedPawnV2 vs Magic)
Finished game 927 (PassedPawnV2 vs Magic): 0-1 {Black wins by adjudication}
Score of PassedPawnV2 vs Magic: 370 - 265 - 290  [0.557] 925
Started game 938 of 10000 (Magic vs PassedPawnV2)
Finished game 929 (PassedPawnV2 vs Magic): 0-1 {Black wins by adjudication}
Score of PassedPawnV2 vs Magic: 370 - 266 - 290  [0.556] 926
Started game 939 of 10000 (PassedPawnV2 vs Magic)
Finished game 926 (Magic vs PassedPawnV2): 0-1 {Black wins by adjudication}
Score of PassedPawnV2 vs Magic: 371 - 266 - 290  [0.557] 927
Started game 940 of 10000 (Magic vs PassedPawnV2)
Finished game 928 (Magic vs PassedPawnV2): 1-0 {White wins by adjudication}
Score of PassedPawnV2 vs Magic: 371 - 267 - 290  [0.556] 928
Started game 941 of 10000 (PassedPawnV2 vs Magic)
Finished game 930 (Magic vs PassedPawnV2): 1/2-1/2 {Draw by 3-fold repetition}
Score of PassedPawnV2 vs Magic: 371 - 267 - 291  [0.556] 929
Started game 942 of 10000 (Magic vs PassedPawnV2)
Finished game 932 (Magic vs PassedPawnV2): 0-1 {Black wins by adjudication}
Score of PassedPawnV2 vs Magic: 372 - 267 - 291  [0.556] 930
Started game 943 of 10000 (PassedPawnV2 vs Magic)
Finished game 924 (Magic vs PassedPawnV2): 0-1 {Black mates}
Score of PassedPawnV2 vs Magic: 373 - 267 - 291  [0.557] 931
Started game 944 of 10000 (Magic vs PassedPawnV2)
Finished game 935 (PassedPawnV2 vs Magic): 0-1 {Black wins by adjudication}
Score of PassedPawnV2 vs Magic: 373 - 268 - 291  [0.556] 932
Started game 945 of 10000 (PassedPawnV2 vs Magic)
Finished game 931 (PassedPawnV2 vs Magic): 1-0 {White wins by adjudication}
Score of PassedPawnV2 vs Magic: 374 - 268 - 291  [0.557] 933
Started game 946 of 10000 (Magic vs PassedPawnV2)
Finished game 933 (PassedPawnV2 vs Magic): 1-0 {White wins by adjudication}
Score of PassedPawnV2 vs Magic: 375 - 268 - 291  [0.557] 934
Started game 947 of 10000 (PassedPawnV2 vs Magic)
Finished game 936 (Magic vs PassedPawnV2): 0-1 {Black wins by adjudication}
Score of PassedPawnV2 vs Magic: 376 - 268 - 291  [0.558] 935
Started game 948 of 10000 (Magic vs PassedPawnV2)
Finished game 934 (Magic vs PassedPawnV2): 1-0 {White wins by adjudication}
Score of PassedPawnV2 vs Magic: 376 - 269 - 291  [0.557] 936
Started game 949 of 10000 (PassedPawnV2 vs Magic)
Finished game 937 (PassedPawnV2 vs Magic): 1-0 {White wins by adjudication}
Score of PassedPawnV2 vs Magic: 377 - 269 - 291  [0.558] 937
Started game 950 of 10000 (Magic vs PassedPawnV2)
Finished game 938 (Magic vs PassedPawnV2): 1-0 {White wins by adjudication}
Score of PassedPawnV2 vs Magic: 377 - 270 - 291  [0.557] 938
Started game 951 of 10000 (PassedPawnV2 vs Magic)
Finished game 940 (Magic vs PassedPawnV2): 1/2-1/2 {Draw by insufficient mating material}
Score of PassedPawnV2 vs Magic: 377 - 270 - 292  [0.557] 939
Started game 952 of 10000 (Magic vs PassedPawnV2)
Finished game 939 (PassedPawnV2 vs Magic): 1/2-1/2 {Draw by insufficient mating material}
Score of PassedPawnV2 vs Magic: 377 - 270 - 293  [0.557] 940
Started game 953 of 10000 (PassedPawnV2 vs Magic)
Finished game 944 (Magic vs PassedPawnV2): 1-0 {White wins by adjudication}
Score of PassedPawnV2 vs Magic: 377 - 271 - 293  [0.556] 941
Started game 954 of 10000 (Magic vs PassedPawnV2)
Finished game 946 (Magic vs PassedPawnV2): 1-0 {White wins by adjudication}
Score of PassedPawnV2 vs Magic: 377 - 272 - 293  [0.556] 942
Started game 955 of 10000 (PassedPawnV2 vs Magic)
Finished game 941 (PassedPawnV2 vs Magic): 1/2-1/2 {Draw by 3-fold repetition}
Score of PassedPawnV2 vs Magic: 377 - 272 - 294  [0.556] 943
Started game 956 of 10000 (Magic vs PassedPawnV2)
Finished game 942 (Magic vs PassedPawnV2): 1/2-1/2 {Draw by 3-fold repetition}
Score of PassedPawnV2 vs Magic: 377 - 272 - 295  [0.556] 944
Started game 957 of 10000 (PassedPawnV2 vs Magic)
Finished game 945 (PassedPawnV2 vs Magic): 1-0 {White wins by adjudication}
Score of PassedPawnV2 vs Magic: 378 - 272 - 295  [0.556] 945
Started game 958 of 10000 (Magic vs PassedPawnV2)
Finished game 948 (Magic vs PassedPawnV2): 1-0 {White wins by adjudication}
Score of PassedPawnV2 vs Magic: 378 - 273 - 295  [0.555] 946
Started game 959 of 10000 (PassedPawnV2 vs Magic)
Finished game 943 (PassedPawnV2 vs Magic): 1-0 {White mates}
Score of PassedPawnV2 vs Magic: 379 - 273 - 295  [0.556] 947
Started game 960 of 10000 (Magic vs PassedPawnV2)
Finished game 952 (Magic vs PassedPawnV2): 1-0 {White wins by adjudication}
Score of PassedPawnV2 vs Magic: 379 - 274 - 295  [0.555] 948
Started game 961 of 10000 (PassedPawnV2 vs Magic)
Finished game 947 (PassedPawnV2 vs Magic): 1-0 {White wins by adjudication}
Score of PassedPawnV2 vs Magic: 380 - 274 - 295  [0.556] 949
Started game 962 of 10000 (Magic vs PassedPawnV2)
Finished game 949 (PassedPawnV2 vs Magic): 0-1 {Black mates}
Score of PassedPawnV2 vs Magic: 380 - 275 - 295  [0.555] 950
Started game 963 of 10000 (PassedPawnV2 vs Magic)
Finished game 950 (Magic vs PassedPawnV2): 0-1 {Black wins by adjudication}
Score of PassedPawnV2 vs Magic: 381 - 275 - 295  [0.556] 951
Started game 964 of 10000 (Magic vs PassedPawnV2)
Finished game 951 (PassedPawnV2 vs Magic): 1-0 {White wins by adjudication}
Score of PassedPawnV2 vs Magic: 382 - 275 - 295  [0.556] 952
Started game 965 of 10000 (PassedPawnV2 vs Magic)
Finished game 953 (PassedPawnV2 vs Magic): 1-0 {White wins by adjudication}
Score of PassedPawnV2 vs Magic: 383 - 275 - 295  [0.557] 953
Started game 966 of 10000 (Magic vs PassedPawnV2)
Finished game 957 (PassedPawnV2 vs Magic): 1-0 {White wins by adjudication}
Score of PassedPawnV2 vs Magic: 384 - 275 - 295  [0.557] 954
Started game 967 of 10000 (PassedPawnV2 vs Magic)
Finished game 955 (PassedPawnV2 vs Magic): 1-0 {White wins by adjudication}
Score of PassedPawnV2 vs Magic: 385 - 275 - 295  [0.558] 955
Started game 968 of 10000 (Magic vs PassedPawnV2)
Finished game 954 (Magic vs PassedPawnV2): 0-1 {Black wins by adjudication}
Score of PassedPawnV2 vs Magic: 386 - 275 - 295  [0.558] 956
Started game 969 of 10000 (PassedPawnV2 vs Magic)
Finished game 959 (PassedPawnV2 vs Magic): 1-0 {White wins by adjudication}
Score of PassedPawnV2 vs Magic: 387 - 275 - 295  [0.559] 957
Started game 970 of 10000 (Magic vs PassedPawnV2)
Finished game 961 (PassedPawnV2 vs Magic): 1-0 {White wins by adjudication}
Score of PassedPawnV2 vs Magic: 388 - 275 - 295  [0.559] 958
Started game 971 of 10000 (PassedPawnV2 vs Magic)
Finished game 956 (Magic vs PassedPawnV2): 1-0 {White wins by adjudication}
Score of PassedPawnV2 vs Magic: 388 - 276 - 295  [0.558] 959
Started game 972 of 10000 (Magic vs PassedPawnV2)
Finished game 960 (Magic vs PassedPawnV2): 1-0 {White wins by adjudication}
Score of PassedPawnV2 vs Magic: 388 - 277 - 295  [0.558] 960
Started game 973 of 10000 (PassedPawnV2 vs Magic)
Finished game 958 (Magic vs PassedPawnV2): 1/2-1/2 {Draw by insufficient mating material}
Score of PassedPawnV2 vs Magic: 388 - 277 - 296  [0.558] 961
Started game 974 of 10000 (Magic vs PassedPawnV2)
Finished game 962 (Magic vs PassedPawnV2): 1-0 {White wins by adjudication}
Score of PassedPawnV2 vs Magic: 388 - 278 - 296  [0.557] 962
Started game 975 of 10000 (PassedPawnV2 vs Magic)
Finished game 963 (PassedPawnV2 vs Magic): 1-0 {White wins by adjudication}
Score of PassedPawnV2 vs Magic: 389 - 278 - 296  [0.558] 963
Started game 976 of 10000 (Magic vs PassedPawnV2)
Finished game 970 (Magic vs PassedPawnV2): 1-0 {White wins by adjudication}
Score of PassedPawnV2 vs Magic: 389 - 279 - 296  [0.557] 964
Started game 977 of 10000 (PassedPawnV2 vs Magic)
Finished game 965 (PassedPawnV2 vs Magic): 1-0 {White wins by adjudication}
Score of PassedPawnV2 vs Magic: 390 - 279 - 296  [0.558] 965
Started game 978 of 10000 (Magic vs PassedPawnV2)
Finished game 966 (Magic vs PassedPawnV2): 0-1 {Black wins by adjudication}
Score of PassedPawnV2 vs Magic: 391 - 279 - 296  [0.558] 966
Started game 979 of 10000 (PassedPawnV2 vs Magic)
Finished game 971 (PassedPawnV2 vs Magic): 1-0 {White wins by adjudication}
Score of PassedPawnV2 vs Magic: 392 - 279 - 296  [0.558] 967
Started game 980 of 10000 (Magic vs PassedPawnV2)
Finished game 967 (PassedPawnV2 vs Magic): 1/2-1/2 {Draw by 3-fold repetition}
Score of PassedPawnV2 vs Magic: 392 - 279 - 297  [0.558] 968
Started game 981 of 10000 (PassedPawnV2 vs Magic)
Finished game 968 (Magic vs PassedPawnV2): 1/2-1/2 {Draw by 3-fold repetition}
Score of PassedPawnV2 vs Magic: 392 - 279 - 298  [0.558] 969
Started game 982 of 10000 (Magic vs PassedPawnV2)
Finished game 969 (PassedPawnV2 vs Magic): 1-0 {White wins by adjudication}
Score of PassedPawnV2 vs Magic: 393 - 279 - 298  [0.559] 970
Started game 983 of 10000 (PassedPawnV2 vs Magic)
Finished game 973 (PassedPawnV2 vs Magic): 1-0 {White wins by adjudication}
Score of PassedPawnV2 vs Magic: 394 - 279 - 298  [0.559] 971
Started game 984 of 10000 (Magic vs PassedPawnV2)
Finished game 972 (Magic vs PassedPawnV2): 1-0 {White wins by adjudication}
Score of PassedPawnV2 vs Magic: 394 - 280 - 298  [0.559] 972
Started game 985 of 10000 (PassedPawnV2 vs Magic)
Finished game 977 (PassedPawnV2 vs Magic): 1/2-1/2 {Draw by adjudication}
Score of PassedPawnV2 vs Magic: 394 - 280 - 299  [0.559] 973
Started game 986 of 10000 (Magic vs PassedPawnV2)
Finished game 976 (Magic vs PassedPawnV2): 0-1 {Black wins by adjudication}
Score of PassedPawnV2 vs Magic: 395 - 280 - 299  [0.559] 974
Started game 987 of 10000 (PassedPawnV2 vs Magic)
Finished game 975 (PassedPawnV2 vs Magic): 0-1 {Black wins by adjudication}
Score of PassedPawnV2 vs Magic: 395 - 281 - 299  [0.558] 975
Started game 988 of 10000 (Magic vs PassedPawnV2)
Finished game 974 (Magic vs PassedPawnV2): 1-0 {White wins by adjudication}
Score of PassedPawnV2 vs Magic: 395 - 282 - 299  [0.558] 976
Started game 989 of 10000 (PassedPawnV2 vs Magic)
Finished game 979 (PassedPawnV2 vs Magic): 1-0 {White wins by adjudication}
Score of PassedPawnV2 vs Magic: 396 - 282 - 299  [0.558] 977
Started game 990 of 10000 (Magic vs PassedPawnV2)
Finished game 984 (Magic vs PassedPawnV2): 1-0 {White wins by adjudication}
Score of PassedPawnV2 vs Magic: 396 - 283 - 299  [0.558] 978
Started game 991 of 10000 (PassedPawnV2 vs Magic)
Finished game 981 (PassedPawnV2 vs Magic): 1-0 {White wins by adjudication}
Score of PassedPawnV2 vs Magic: 397 - 283 - 299  [0.558] 979
Started game 992 of 10000 (Magic vs PassedPawnV2)
Finished game 980 (Magic vs PassedPawnV2): 0-1 {Black wins by adjudication}
Score of PassedPawnV2 vs Magic: 398 - 283 - 299  [0.559] 980
Started game 993 of 10000 (PassedPawnV2 vs Magic)
Finished game 964 (Magic vs PassedPawnV2): 1/2-1/2 {Draw by fifty moves rule}
Score of PassedPawnV2 vs Magic: 398 - 283 - 300  [0.559] 981
Started game 994 of 10000 (Magic vs PassedPawnV2)
Finished game 985 (PassedPawnV2 vs Magic): 1-0 {White wins by adjudication}
Score of PassedPawnV2 vs Magic: 399 - 283 - 300  [0.559] 982
Started game 995 of 10000 (PassedPawnV2 vs Magic)
Finished game 982 (Magic vs PassedPawnV2): 1-0 {White wins by adjudication}
Score of PassedPawnV2 vs Magic: 399 - 284 - 300  [0.558] 983
Started game 996 of 10000 (Magic vs PassedPawnV2)
Finished game 978 (Magic vs PassedPawnV2): 0-1 {Black wins by adjudication}
Score of PassedPawnV2 vs Magic: 400 - 284 - 300  [0.559] 984
Started game 997 of 10000 (PassedPawnV2 vs Magic)
Finished game 983 (PassedPawnV2 vs Magic): 1-0 {White wins by adjudication}
Score of PassedPawnV2 vs Magic: 401 - 284 - 300  [0.559] 985
Started game 998 of 10000 (Magic vs PassedPawnV2)
Finished game 989 (PassedPawnV2 vs Magic): 1-0 {White wins by adjudication}
Score of PassedPawnV2 vs Magic: 402 - 284 - 300  [0.560] 986
Started game 999 of 10000 (PassedPawnV2 vs Magic)
Finished game 993 (PassedPawnV2 vs Magic): 1/2-1/2 {Draw by 3-fold repetition}
Score of PassedPawnV2 vs Magic: 402 - 284 - 301  [0.560] 987
Started game 1000 of 10000 (Magic vs PassedPawnV2)
Finished game 991 (PassedPawnV2 vs Magic): 0-1 {Black wins by adjudication}
Score of PassedPawnV2 vs Magic: 402 - 285 - 301  [0.559] 988
Started game 1001 of 10000 (PassedPawnV2 vs Magic)
Finished game 987 (PassedPawnV2 vs Magic): 1-0 {White wins by adjudication}
Score of PassedPawnV2 vs Magic: 403 - 285 - 301  [0.560] 989
Started game 1002 of 10000 (Magic vs PassedPawnV2)
Finished game 990 (Magic vs PassedPawnV2): 0-1 {Black wins by adjudication}
Score of PassedPawnV2 vs Magic: 404 - 285 - 301  [0.560] 990
Started game 1003 of 10000 (PassedPawnV2 vs Magic)
Finished game 986 (Magic vs PassedPawnV2): 1-0 {White wins by adjudication}
Score of PassedPawnV2 vs Magic: 404 - 286 - 301  [0.560] 991
Started game 1004 of 10000 (Magic vs PassedPawnV2)
Finished game 994 (Magic vs PassedPawnV2): 1-0 {White wins by adjudication}
Score of PassedPawnV2 vs Magic: 404 - 287 - 301  [0.559] 992
Started game 1005 of 10000 (PassedPawnV2 vs Magic)
Finished game 996 (Magic vs PassedPawnV2): 1-0 {White wins by adjudication}
Score of PassedPawnV2 vs Magic: 404 - 288 - 301  [0.558] 993
Started game 1006 of 10000 (Magic vs PassedPawnV2)
Finished game 995 (PassedPawnV2 vs Magic): 0-1 {Black wins by adjudication}
Score of PassedPawnV2 vs Magic: 404 - 289 - 301  [0.558] 994
Started game 1007 of 10000 (PassedPawnV2 vs Magic)
Finished game 992 (Magic vs PassedPawnV2): 1/2-1/2 {Draw by insufficient mating material}
Score of PassedPawnV2 vs Magic: 404 - 289 - 302  [0.558] 995
Started game 1008 of 10000 (Magic vs PassedPawnV2)
Finished game 988 (Magic vs PassedPawnV2): 1-0 {White wins by adjudication}
Score of PassedPawnV2 vs Magic: 404 - 290 - 302  [0.557] 996
Started game 1009 of 10000 (PassedPawnV2 vs Magic)
Finished game 997 (PassedPawnV2 vs Magic): 1/2-1/2 {Draw by adjudication}
Score of PassedPawnV2 vs Magic: 404 - 290 - 303  [0.557] 997
Started game 1010 of 10000 (Magic vs PassedPawnV2)
Finished game 998 (Magic vs PassedPawnV2): 1/2-1/2 {Draw by adjudication}
Score of PassedPawnV2 vs Magic: 404 - 290 - 304  [0.557] 998
Started game 1011 of 10000 (PassedPawnV2 vs Magic)
Finished game 1001 (PassedPawnV2 vs Magic): 1-0 {White wins by adjudication}
Score of PassedPawnV2 vs Magic: 405 - 290 - 304  [0.558] 999
Started game 1012 of 10000 (Magic vs PassedPawnV2)
Finished game 1003 (PassedPawnV2 vs Magic): 1/2-1/2 {Draw by adjudication}
Score of PassedPawnV2 vs Magic: 405 - 290 - 305  [0.557] 1000
Started game 1013 of 10000 (PassedPawnV2 vs Magic)
Finished game 1002 (Magic vs PassedPawnV2): 1/2-1/2 {Draw by 3-fold repetition}
Score of PassedPawnV2 vs Magic: 405 - 290 - 306  [0.557] 1001
Started game 1014 of 10000 (Magic vs PassedPawnV2)
Finished game 1008 (Magic vs PassedPawnV2): 1-0 {White wins by adjudication}
Score of PassedPawnV2 vs Magic: 405 - 291 - 306  [0.557] 1002
Started game 1015 of 10000 (PassedPawnV2 vs Magic)
Finished game 999 (PassedPawnV2 vs Magic): 1-0 {White wins by adjudication}
Score of PassedPawnV2 vs Magic: 406 - 291 - 306  [0.557] 1003
Started game 1016 of 10000 (Magic vs PassedPawnV2)
Finished game 1005 (PassedPawnV2 vs Magic): 0-1 {Black wins by adjudication}
Score of PassedPawnV2 vs Magic: 406 - 292 - 306  [0.557] 1004
Started game 1017 of 10000 (PassedPawnV2 vs Magic)
Finished game 1000 (Magic vs PassedPawnV2): 1/2-1/2 {Draw by 3-fold repetition}
Score of PassedPawnV2 vs Magic: 406 - 292 - 307  [0.557] 1005
Started game 1018 of 10000 (Magic vs PassedPawnV2)
Finished game 1007 (PassedPawnV2 vs Magic): 1/2-1/2 {Draw by adjudication}
Score of PassedPawnV2 vs Magic: 406 - 292 - 308  [0.557] 1006
Started game 1019 of 10000 (PassedPawnV2 vs Magic)
Finished game 1011 (PassedPawnV2 vs Magic): 1/2-1/2 {Draw by 3-fold repetition}
Score of PassedPawnV2 vs Magic: 406 - 292 - 309  [0.557] 1007
Started game 1020 of 10000 (Magic vs PassedPawnV2)
Finished game 1014 (Magic vs PassedPawnV2): 0-1 {Black wins by adjudication}
Score of PassedPawnV2 vs Magic: 407 - 292 - 309  [0.557] 1008
Started game 1021 of 10000 (PassedPawnV2 vs Magic)
Finished game 1004 (Magic vs PassedPawnV2): 1/2-1/2 {Draw by fifty moves rule}
Score of PassedPawnV2 vs Magic: 407 - 292 - 310  [0.557] 1009
Started game 1022 of 10000 (Magic vs PassedPawnV2)
Finished game 1013 (PassedPawnV2 vs Magic): 1/2-1/2 {Draw by insufficient mating material}
Score of PassedPawnV2 vs Magic: 407 - 292 - 311  [0.557] 1010
Started game 1023 of 10000 (PassedPawnV2 vs Magic)
Finished game 1012 (Magic vs PassedPawnV2): 1-0 {White wins by adjudication}
Score of PassedPawnV2 vs Magic: 407 - 293 - 311  [0.556] 1011
Started game 1024 of 10000 (Magic vs PassedPawnV2)
Finished game 1010 (Magic vs PassedPawnV2): 1-0 {White wins by adjudication}
Score of PassedPawnV2 vs Magic: 407 - 294 - 311  [0.556] 1012
Started game 1025 of 10000 (PassedPawnV2 vs Magic)
Finished game 1006 (Magic vs PassedPawnV2): 1/2-1/2 {Draw by adjudication}
Score of PassedPawnV2 vs Magic: 407 - 294 - 312  [0.556] 1013
Started game 1026 of 10000 (Magic vs PassedPawnV2)
Finished game 1015 (PassedPawnV2 vs Magic): 1/2-1/2 {Draw by adjudication}
Score of PassedPawnV2 vs Magic: 407 - 294 - 313  [0.556] 1014
Started game 1027 of 10000 (PassedPawnV2 vs Magic)
Finished game 1009 (PassedPawnV2 vs Magic): 1/2-1/2 {Draw by adjudication}
Score of PassedPawnV2 vs Magic: 407 - 294 - 314  [0.556] 1015
Started game 1028 of 10000 (Magic vs PassedPawnV2)
Finished game 1017 (PassedPawnV2 vs Magic): 1/2-1/2 {Draw by adjudication}
Score of PassedPawnV2 vs Magic: 407 - 294 - 315  [0.556] 1016
Started game 1029 of 10000 (PassedPawnV2 vs Magic)
Finished game 1018 (Magic vs PassedPawnV2): 1-0 {White wins by adjudication}
Score of PassedPawnV2 vs Magic: 407 - 295 - 315  [0.555] 1017
Started game 1030 of 10000 (Magic vs PassedPawnV2)
Finished game 1016 (Magic vs PassedPawnV2): 1-0 {White wins by adjudication}
Score of PassedPawnV2 vs Magic: 407 - 296 - 315  [0.555] 1018
Started game 1031 of 10000 (PassedPawnV2 vs Magic)
Finished game 1020 (Magic vs PassedPawnV2): 1-0 {White wins by adjudication}
Score of PassedPawnV2 vs Magic: 407 - 297 - 315  [0.554] 1019
Started game 1032 of 10000 (Magic vs PassedPawnV2)
Finished game 1025 (PassedPawnV2 vs Magic): 1-0 {White wins by adjudication}
Score of PassedPawnV2 vs Magic: 408 - 297 - 315  [0.554] 1020
Started game 1033 of 10000 (PassedPawnV2 vs Magic)
Finished game 1021 (PassedPawnV2 vs Magic): 1/2-1/2 {Draw by 3-fold repetition}
Score of PassedPawnV2 vs Magic: 408 - 297 - 316  [0.554] 1021
Started game 1034 of 10000 (Magic vs PassedPawnV2)
Finished game 1019 (PassedPawnV2 vs Magic): 1/2-1/2 {Draw by 3-fold repetition}
Score of PassedPawnV2 vs Magic: 408 - 297 - 317  [0.554] 1022
Started game 1035 of 10000 (PassedPawnV2 vs Magic)
Finished game 1026 (Magic vs PassedPawnV2): 1-0 {White wins by adjudication}
Score of PassedPawnV2 vs Magic: 408 - 298 - 317  [0.554] 1023
Started game 1036 of 10000 (Magic vs PassedPawnV2)
Finished game 1024 (Magic vs PassedPawnV2): 1-0 {White wins by adjudication}
Score of PassedPawnV2 vs Magic: 408 - 299 - 317  [0.553] 1024
Started game 1037 of 10000 (PassedPawnV2 vs Magic)
Finished game 1022 (Magic vs PassedPawnV2): 1/2-1/2 {Draw by insufficient mating material}
Score of PassedPawnV2 vs Magic: 408 - 299 - 318  [0.553] 1025
Started game 1038 of 10000 (Magic vs PassedPawnV2)
Finished game 1030 (Magic vs PassedPawnV2): 1/2-1/2 {Draw by 3-fold repetition}
Score of PassedPawnV2 vs Magic: 408 - 299 - 319  [0.553] 1026
Started game 1039 of 10000 (PassedPawnV2 vs Magic)
Finished game 1023 (PassedPawnV2 vs Magic): 0-1 {Black wins by adjudication}
Score of PassedPawnV2 vs Magic: 408 - 300 - 319  [0.553] 1027
Started game 1040 of 10000 (Magic vs PassedPawnV2)
Finished game 1027 (PassedPawnV2 vs Magic): 0-1 {Black wins by adjudication}
Score of PassedPawnV2 vs Magic: 408 - 301 - 319  [0.552] 1028
Started game 1041 of 10000 (PassedPawnV2 vs Magic)
Finished game 1029 (PassedPawnV2 vs Magic): 1-0 {White wins by adjudication}
Score of PassedPawnV2 vs Magic: 409 - 301 - 319  [0.552] 1029
Started game 1042 of 10000 (Magic vs PassedPawnV2)
Finished game 1037 (PassedPawnV2 vs Magic): 0-1 {Black wins by adjudication}
Score of PassedPawnV2 vs Magic: 409 - 302 - 319  [0.552] 1030
Started game 1043 of 10000 (PassedPawnV2 vs Magic)
Finished game 1032 (Magic vs PassedPawnV2): 0-1 {Black wins by adjudication}
Score of PassedPawnV2 vs Magic: 410 - 302 - 319  [0.552] 1031
Started game 1044 of 10000 (Magic vs PassedPawnV2)
Finished game 1040 (Magic vs PassedPawnV2): 0-1 {Black wins by adjudication}
Score of PassedPawnV2 vs Magic: 411 - 302 - 319  [0.553] 1032
Started game 1045 of 10000 (PassedPawnV2 vs Magic)
Finished game 1035 (PassedPawnV2 vs Magic): 0-1 {Black wins by adjudication}
Score of PassedPawnV2 vs Magic: 411 - 303 - 319  [0.552] 1033
Started game 1046 of 10000 (Magic vs PassedPawnV2)
Finished game 1028 (Magic vs PassedPawnV2): 1/2-1/2 {Draw by fifty moves rule}
Score of PassedPawnV2 vs Magic: 411 - 303 - 320  [0.552] 1034
Started game 1047 of 10000 (PassedPawnV2 vs Magic)
Finished game 1038 (Magic vs PassedPawnV2): 0-1 {Black mates}
Score of PassedPawnV2 vs Magic: 412 - 303 - 320  [0.553] 1035
Started game 1048 of 10000 (Magic vs PassedPawnV2)
Finished game 1033 (PassedPawnV2 vs Magic): 1/2-1/2 {Draw by 3-fold repetition}
Score of PassedPawnV2 vs Magic: 412 - 303 - 321  [0.553] 1036
Started game 1049 of 10000 (PassedPawnV2 vs Magic)
Finished game 1036 (Magic vs PassedPawnV2): 1/2-1/2 {Draw by 3-fold repetition}
Score of PassedPawnV2 vs Magic: 412 - 303 - 322  [0.553] 1037
Started game 1050 of 10000 (Magic vs PassedPawnV2)
Finished game 1031 (PassedPawnV2 vs Magic): 1/2-1/2 {Draw by fifty moves rule}
Score of PassedPawnV2 vs Magic: 412 - 303 - 323  [0.553] 1038
Started game 1051 of 10000 (PassedPawnV2 vs Magic)
Finished game 1039 (PassedPawnV2 vs Magic): 0-1 {Black wins by adjudication}
Score of PassedPawnV2 vs Magic: 412 - 304 - 323  [0.552] 1039
Started game 1052 of 10000 (Magic vs PassedPawnV2)
Finished game 1034 (Magic vs PassedPawnV2): 0-1 {Black wins by adjudication}
Score of PassedPawnV2 vs Magic: 413 - 304 - 323  [0.552] 1040
Started game 1053 of 10000 (PassedPawnV2 vs Magic)
Finished game 1041 (PassedPawnV2 vs Magic): 0-1 {Black wins by adjudication}
Score of PassedPawnV2 vs Magic: 413 - 305 - 323  [0.552] 1041
Started game 1054 of 10000 (Magic vs PassedPawnV2)
Finished game 1042 (Magic vs PassedPawnV2): 1-0 {White wins by adjudication}
Score of PassedPawnV2 vs Magic: 413 - 306 - 323  [0.551] 1042
Started game 1055 of 10000 (PassedPawnV2 vs Magic)
Finished game 1046 (Magic vs PassedPawnV2): 0-1 {Black wins by adjudication}
Score of PassedPawnV2 vs Magic: 414 - 306 - 323  [0.552] 1043
Started game 1056 of 10000 (Magic vs PassedPawnV2)
Finished game 1045 (PassedPawnV2 vs Magic): 0-1 {Black wins by adjudication}
Score of PassedPawnV2 vs Magic: 414 - 307 - 323  [0.551] 1044
Started game 1057 of 10000 (PassedPawnV2 vs Magic)
Finished game 1052 (Magic vs PassedPawnV2): 1-0 {White mates}
Score of PassedPawnV2 vs Magic: 414 - 308 - 323  [0.551] 1045
Started game 1058 of 10000 (Magic vs PassedPawnV2)
Finished game 1044 (Magic vs PassedPawnV2): 0-1 {Black wins by adjudication}
Score of PassedPawnV2 vs Magic: 415 - 308 - 323  [0.551] 1046
Started game 1059 of 10000 (PassedPawnV2 vs Magic)
Finished game 1048 (Magic vs PassedPawnV2): 0-1 {Black wins by adjudication}
Score of PassedPawnV2 vs Magic: 416 - 308 - 323  [0.552] 1047
Started game 1060 of 10000 (Magic vs PassedPawnV2)
Finished game 1050 (Magic vs PassedPawnV2): 0-1 {Black wins by adjudication}
Score of PassedPawnV2 vs Magic: 417 - 308 - 323  [0.552] 1048
Started game 1061 of 10000 (PassedPawnV2 vs Magic)
Finished game 1047 (PassedPawnV2 vs Magic): 0-1 {Black wins by adjudication}
Score of PassedPawnV2 vs Magic: 417 - 309 - 323  [0.551] 1049
Started game 1062 of 10000 (Magic vs PassedPawnV2)
Finished game 1043 (PassedPawnV2 vs Magic): 0-1 {Black wins by adjudication}
Score of PassedPawnV2 vs Magic: 417 - 310 - 323  [0.551] 1050
Started game 1063 of 10000 (PassedPawnV2 vs Magic)
Finished game 1053 (PassedPawnV2 vs Magic): 1-0 {White wins by adjudication}
Score of PassedPawnV2 vs Magic: 418 - 310 - 323  [0.551] 1051
Started game 1064 of 10000 (Magic vs PassedPawnV2)
Finished game 1054 (Magic vs PassedPawnV2): 0-1 {Black wins by adjudication}
Score of PassedPawnV2 vs Magic: 419 - 310 - 323  [0.552] 1052
Started game 1065 of 10000 (PassedPawnV2 vs Magic)
Finished game 1051 (PassedPawnV2 vs Magic): 0-1 {Black wins by adjudication}
Score of PassedPawnV2 vs Magic: 419 - 311 - 323  [0.551] 1053
Started game 1066 of 10000 (Magic vs PassedPawnV2)
Finished game 1055 (PassedPawnV2 vs Magic): 1-0 {White wins by adjudication}
Score of PassedPawnV2 vs Magic: 420 - 311 - 323  [0.552] 1054
Started game 1067 of 10000 (PassedPawnV2 vs Magic)
Finished game 1049 (PassedPawnV2 vs Magic): 1-0 {White wins by adjudication}
Score of PassedPawnV2 vs Magic: 421 - 311 - 323  [0.552] 1055
Started game 1068 of 10000 (Magic vs PassedPawnV2)
Finished game 1056 (Magic vs PassedPawnV2): 0-1 {Black wins by adjudication}
Score of PassedPawnV2 vs Magic: 422 - 311 - 323  [0.553] 1056
Started game 1069 of 10000 (PassedPawnV2 vs Magic)
Finished game 1058 (Magic vs PassedPawnV2): 1-0 {White wins by adjudication}
Score of PassedPawnV2 vs Magic: 422 - 312 - 323  [0.552] 1057
Started game 1070 of 10000 (Magic vs PassedPawnV2)
Finished game 1057 (PassedPawnV2 vs Magic): 1-0 {White wins by adjudication}
Score of PassedPawnV2 vs Magic: 423 - 312 - 323  [0.552] 1058
Started game 1071 of 10000 (PassedPawnV2 vs Magic)
Finished game 1061 (PassedPawnV2 vs Magic): 1-0 {White wins by adjudication}
Score of PassedPawnV2 vs Magic: 424 - 312 - 323  [0.553] 1059
Started game 1072 of 10000 (Magic vs PassedPawnV2)
Finished game 1064 (Magic vs PassedPawnV2): 1-0 {White wins by adjudication}
Score of PassedPawnV2 vs Magic: 424 - 313 - 323  [0.552] 1060
Started game 1073 of 10000 (PassedPawnV2 vs Magic)
Finished game 1066 (Magic vs PassedPawnV2): 1-0 {White wins by adjudication}
Score of PassedPawnV2 vs Magic: 424 - 314 - 323  [0.552] 1061
Started game 1074 of 10000 (Magic vs PassedPawnV2)
Finished game 1059 (PassedPawnV2 vs Magic): 1-0 {White wins by adjudication}
Score of PassedPawnV2 vs Magic: 425 - 314 - 323  [0.552] 1062
Started game 1075 of 10000 (PassedPawnV2 vs Magic)
Finished game 1062 (Magic vs PassedPawnV2): 1-0 {White wins by adjudication}
Score of PassedPawnV2 vs Magic: 425 - 315 - 323  [0.552] 1063
Started game 1076 of 10000 (Magic vs PassedPawnV2)
Finished game 1063 (PassedPawnV2 vs Magic): 1-0 {White wins by adjudication}
Score of PassedPawnV2 vs Magic: 426 - 315 - 323  [0.552] 1064
Started game 1077 of 10000 (PassedPawnV2 vs Magic)
Finished game 1060 (Magic vs PassedPawnV2): 1-0 {White wins by adjudication}
Score of PassedPawnV2 vs Magic: 426 - 316 - 323  [0.552] 1065
Started game 1078 of 10000 (Magic vs PassedPawnV2)
Finished game 1065 (PassedPawnV2 vs Magic): 1/2-1/2 {Draw by 3-fold repetition}
Score of PassedPawnV2 vs Magic: 426 - 316 - 324  [0.552] 1066
Started game 1079 of 10000 (PassedPawnV2 vs Magic)
Finished game 1068 (Magic vs PassedPawnV2): 0-1 {Black wins by adjudication}
Score of PassedPawnV2 vs Magic: 427 - 316 - 324  [0.552] 1067
Started game 1080 of 10000 (Magic vs PassedPawnV2)
Finished game 1069 (PassedPawnV2 vs Magic): 1-0 {White wins by adjudication}
Score of PassedPawnV2 vs Magic: 428 - 316 - 324  [0.552] 1068
Started game 1081 of 10000 (PassedPawnV2 vs Magic)
Finished game 1067 (PassedPawnV2 vs Magic): 0-1 {Black wins by adjudication}
Score of PassedPawnV2 vs Magic: 428 - 317 - 324  [0.552] 1069
Started game 1082 of 10000 (Magic vs PassedPawnV2)
Finished game 1074 (Magic vs PassedPawnV2): 1/2-1/2 {Draw by 3-fold repetition}
Score of PassedPawnV2 vs Magic: 428 - 317 - 325  [0.552] 1070
Started game 1083 of 10000 (PassedPawnV2 vs Magic)
Finished game 1072 (Magic vs PassedPawnV2): 1/2-1/2 {Draw by insufficient mating material}
Score of PassedPawnV2 vs Magic: 428 - 317 - 326  [0.552] 1071
Started game 1084 of 10000 (Magic vs PassedPawnV2)
Finished game 1071 (PassedPawnV2 vs Magic): 1-0 {White wins by adjudication}
Score of PassedPawnV2 vs Magic: 429 - 317 - 326  [0.552] 1072
Started game 1085 of 10000 (PassedPawnV2 vs Magic)
Finished game 1076 (Magic vs PassedPawnV2): 1/2-1/2 {Draw by 3-fold repetition}
Score of PassedPawnV2 vs Magic: 429 - 317 - 327  [0.552] 1073
Started game 1086 of 10000 (Magic vs PassedPawnV2)
Finished game 1075 (PassedPawnV2 vs Magic): 1-0 {White wins by adjudication}
Score of PassedPawnV2 vs Magic: 430 - 317 - 327  [0.553] 1074
Started game 1087 of 10000 (PassedPawnV2 vs Magic)
Finished game 1080 (Magic vs PassedPawnV2): 1-0 {White wins by adjudication}
Score of PassedPawnV2 vs Magic: 430 - 318 - 327  [0.552] 1075
Started game 1088 of 10000 (Magic vs PassedPawnV2)
Finished game 1077 (PassedPawnV2 vs Magic): 1-0 {White wins by adjudication}
Score of PassedPawnV2 vs Magic: 431 - 318 - 327  [0.553] 1076
Started game 1089 of 10000 (PassedPawnV2 vs Magic)
Finished game 1078 (Magic vs PassedPawnV2): 0-1 {Black wins by adjudication}
Score of PassedPawnV2 vs Magic: 432 - 318 - 327  [0.553] 1077
Started game 1090 of 10000 (Magic vs PassedPawnV2)
Finished game 1070 (Magic vs PassedPawnV2): 1/2-1/2 {Draw by insufficient mating material}
Score of PassedPawnV2 vs Magic: 432 - 318 - 328  [0.553] 1078
Started game 1091 of 10000 (PassedPawnV2 vs Magic)
Finished game 1079 (PassedPawnV2 vs Magic): 1/2-1/2 {Draw by adjudication}
Score of PassedPawnV2 vs Magic: 432 - 318 - 329  [0.553] 1079
Started game 1092 of 10000 (Magic vs PassedPawnV2)
Finished game 1073 (PassedPawnV2 vs Magic): 1/2-1/2 {Draw by fifty moves rule}
Score of PassedPawnV2 vs Magic: 432 - 318 - 330  [0.553] 1080
Started game 1093 of 10000 (PassedPawnV2 vs Magic)
Finished game 1085 (PassedPawnV2 vs Magic): 0-1 {Black wins by adjudication}
Score of PassedPawnV2 vs Magic: 432 - 319 - 330  [0.552] 1081
Started game 1094 of 10000 (Magic vs PassedPawnV2)
Finished game 1082 (Magic vs PassedPawnV2): 1-0 {White wins by adjudication}
Score of PassedPawnV2 vs Magic: 432 - 320 - 330  [0.552] 1082
Started game 1095 of 10000 (PassedPawnV2 vs Magic)
Finished game 1081 (PassedPawnV2 vs Magic): 1/2-1/2 {Draw by adjudication}
Score of PassedPawnV2 vs Magic: 432 - 320 - 331  [0.552] 1083
Started game 1096 of 10000 (Magic vs PassedPawnV2)
Finished game 1084 (Magic vs PassedPawnV2): 1/2-1/2 {Draw by 3-fold repetition}
Score of PassedPawnV2 vs Magic: 432 - 320 - 332  [0.552] 1084
Started game 1097 of 10000 (PassedPawnV2 vs Magic)
Finished game 1083 (PassedPawnV2 vs Magic): 1-0 {White wins by adjudication}
Score of PassedPawnV2 vs Magic: 433 - 320 - 332  [0.552] 1085
Started game 1098 of 10000 (Magic vs PassedPawnV2)
Finished game 1091 (PassedPawnV2 vs Magic): 1-0 {White wins by adjudication}
Score of PassedPawnV2 vs Magic: 434 - 320 - 332  [0.552] 1086
Started game 1099 of 10000 (PassedPawnV2 vs Magic)
Finished game 1088 (Magic vs PassedPawnV2): 0-1 {Black wins by adjudication}
Score of PassedPawnV2 vs Magic: 435 - 320 - 332  [0.553] 1087
Started game 1100 of 10000 (Magic vs PassedPawnV2)
Finished game 1087 (PassedPawnV2 vs Magic): 0-1 {Black wins by adjudication}
Score of PassedPawnV2 vs Magic: 435 - 321 - 332  [0.552] 1088
Started game 1101 of 10000 (PassedPawnV2 vs Magic)
Finished game 1092 (Magic vs PassedPawnV2): 0-1 {Black wins by adjudication}
Score of PassedPawnV2 vs Magic: 436 - 321 - 332  [0.553] 1089
Started game 1102 of 10000 (Magic vs PassedPawnV2)
Finished game 1090 (Magic vs PassedPawnV2): 0-1 {Black wins by adjudication}
Score of PassedPawnV2 vs Magic: 437 - 321 - 332  [0.553] 1090
Started game 1103 of 10000 (PassedPawnV2 vs Magic)
Finished game 1093 (PassedPawnV2 vs Magic): 1-0 {White wins by adjudication}
Score of PassedPawnV2 vs Magic: 438 - 321 - 332  [0.554] 1091
Started game 1104 of 10000 (Magic vs PassedPawnV2)
Finished game 1094 (Magic vs PassedPawnV2): 1/2-1/2 {Draw by adjudication}
Score of PassedPawnV2 vs Magic: 438 - 321 - 333  [0.554] 1092
Started game 1105 of 10000 (PassedPawnV2 vs Magic)
Finished game 1089 (PassedPawnV2 vs Magic): 1-0 {White wins by adjudication}
Score of PassedPawnV2 vs Magic: 439 - 321 - 333  [0.554] 1093
Started game 1106 of 10000 (Magic vs PassedPawnV2)
Finished game 1096 (Magic vs PassedPawnV2): 0-1 {Black wins by adjudication}
Score of PassedPawnV2 vs Magic: 440 - 321 - 333  [0.554] 1094
Started game 1107 of 10000 (PassedPawnV2 vs Magic)
Finished game 1101 (PassedPawnV2 vs Magic): 1/2-1/2 {Draw by 3-fold repetition}
Score of PassedPawnV2 vs Magic: 440 - 321 - 334  [0.554] 1095
Started game 1108 of 10000 (Magic vs PassedPawnV2)
Finished game 1097 (PassedPawnV2 vs Magic): 1-0 {White wins by adjudication}
Score of PassedPawnV2 vs Magic: 441 - 321 - 334  [0.555] 1096
Started game 1109 of 10000 (PassedPawnV2 vs Magic)
Finished game 1100 (Magic vs PassedPawnV2): 1/2-1/2 {Draw by 3-fold repetition}
Score of PassedPawnV2 vs Magic: 441 - 321 - 335  [0.555] 1097
Started game 1110 of 10000 (Magic vs PassedPawnV2)
Finished game 1086 (Magic vs PassedPawnV2): 1/2-1/2 {Draw by fifty moves rule}
Score of PassedPawnV2 vs Magic: 441 - 321 - 336  [0.555] 1098
Started game 1111 of 10000 (PassedPawnV2 vs Magic)
Finished game 1099 (PassedPawnV2 vs Magic): 0-1 {Black wins by adjudication}
Score of PassedPawnV2 vs Magic: 441 - 322 - 336  [0.554] 1099
Started game 1112 of 10000 (Magic vs PassedPawnV2)
Finished game 1095 (PassedPawnV2 vs Magic): 0-1 {Black wins by adjudication}
Score of PassedPawnV2 vs Magic: 441 - 323 - 336  [0.554] 1100
Started game 1113 of 10000 (PassedPawnV2 vs Magic)
Finished game 1102 (Magic vs PassedPawnV2): 1/2-1/2 {Draw by 3-fold repetition}
Score of PassedPawnV2 vs Magic: 441 - 323 - 337  [0.554] 1101
Started game 1114 of 10000 (Magic vs PassedPawnV2)
Finished game 1106 (Magic vs PassedPawnV2): 1/2-1/2 {Draw by 3-fold repetition}
Score of PassedPawnV2 vs Magic: 441 - 323 - 338  [0.554] 1102
Started game 1115 of 10000 (PassedPawnV2 vs Magic)
Finished game 1105 (PassedPawnV2 vs Magic): 0-1 {Black wins by adjudication}
Score of PassedPawnV2 vs Magic: 441 - 324 - 338  [0.553] 1103
Started game 1116 of 10000 (Magic vs PassedPawnV2)
Finished game 1103 (PassedPawnV2 vs Magic): 1/2-1/2 {Draw by fifty moves rule}
Score of PassedPawnV2 vs Magic: 441 - 324 - 339  [0.553] 1104
Started game 1117 of 10000 (PassedPawnV2 vs Magic)
Finished game 1108 (Magic vs PassedPawnV2): 0-1 {Black wins by adjudication}
Score of PassedPawnV2 vs Magic: 442 - 324 - 339  [0.553] 1105
Started game 1118 of 10000 (Magic vs PassedPawnV2)
Finished game 1104 (Magic vs PassedPawnV2): 1/2-1/2 {Draw by stalemate}
Score of PassedPawnV2 vs Magic: 442 - 324 - 340  [0.553] 1106
Started game 1119 of 10000 (PassedPawnV2 vs Magic)
Finished game 1098 (Magic vs PassedPawnV2): 1/2-1/2 {Draw by fifty moves rule}
Score of PassedPawnV2 vs Magic: 442 - 324 - 341  [0.553] 1107
Started game 1120 of 10000 (Magic vs PassedPawnV2)
Finished game 1109 (PassedPawnV2 vs Magic): 1-0 {White wins by adjudication}
Score of PassedPawnV2 vs Magic: 443 - 324 - 341  [0.554] 1108
Started game 1121 of 10000 (PassedPawnV2 vs Magic)
Finished game 1111 (PassedPawnV2 vs Magic): 1/2-1/2 {Draw by 3-fold repetition}
Score of PassedPawnV2 vs Magic: 443 - 324 - 342  [0.554] 1109
Started game 1122 of 10000 (Magic vs PassedPawnV2)
Finished game 1110 (Magic vs PassedPawnV2): 1/2-1/2 {Draw by insufficient mating material}
Score of PassedPawnV2 vs Magic: 443 - 324 - 343  [0.554] 1110
Started game 1123 of 10000 (PassedPawnV2 vs Magic)
Finished game 1118 (Magic vs PassedPawnV2): 1/2-1/2 {Draw by 3-fold repetition}
Score of PassedPawnV2 vs Magic: 443 - 324 - 344  [0.554] 1111
Started game 1124 of 10000 (Magic vs PassedPawnV2)
Finished game 1114 (Magic vs PassedPawnV2): 0-1 {Black wins by adjudication}
Score of PassedPawnV2 vs Magic: 444 - 324 - 344  [0.554] 1112
Started game 1125 of 10000 (PassedPawnV2 vs Magic)
Finished game 1112 (Magic vs PassedPawnV2): 0-1 {Black wins by adjudication}
Score of PassedPawnV2 vs Magic: 445 - 324 - 344  [0.554] 1113
Started game 1126 of 10000 (Magic vs PassedPawnV2)
Finished game 1113 (PassedPawnV2 vs Magic): 1/2-1/2 {Draw by adjudication}
Score of PassedPawnV2 vs Magic: 445 - 324 - 345  [0.554] 1114
Started game 1127 of 10000 (PassedPawnV2 vs Magic)
Finished game 1120 (Magic vs PassedPawnV2): 1-0 {White wins by adjudication}
Score of PassedPawnV2 vs Magic: 445 - 325 - 345  [0.554] 1115
Started game 1128 of 10000 (Magic vs PassedPawnV2)
Finished game 1115 (PassedPawnV2 vs Magic): 1/2-1/2 {Draw by insufficient mating material}
Score of PassedPawnV2 vs Magic: 445 - 325 - 346  [0.554] 1116
Started game 1129 of 10000 (PassedPawnV2 vs Magic)
Finished game 1119 (PassedPawnV2 vs Magic): 1-0 {White wins by adjudication}
Score of PassedPawnV2 vs Magic: 446 - 325 - 346  [0.554] 1117
Started game 1130 of 10000 (Magic vs PassedPawnV2)
Finished game 1117 (PassedPawnV2 vs Magic): 1-0 {White wins by adjudication}
Score of PassedPawnV2 vs Magic: 447 - 325 - 346  [0.555] 1118
Started game 1131 of 10000 (PassedPawnV2 vs Magic)
Finished game 1126 (Magic vs PassedPawnV2): 1/2-1/2 {Draw by 3-fold repetition}
Score of PassedPawnV2 vs Magic: 447 - 325 - 347  [0.555] 1119
Started game 1132 of 10000 (Magic vs PassedPawnV2)
Finished game 1107 (PassedPawnV2 vs Magic): 1/2-1/2 {Draw by fifty moves rule}
Score of PassedPawnV2 vs Magic: 447 - 325 - 348  [0.554] 1120
Started game 1133 of 10000 (PassedPawnV2 vs Magic)
Finished game 1116 (Magic vs PassedPawnV2): 1/2-1/2 {Draw by 3-fold repetition}
Score of PassedPawnV2 vs Magic: 447 - 325 - 349  [0.554] 1121
Started game 1134 of 10000 (Magic vs PassedPawnV2)
Finished game 1123 (PassedPawnV2 vs Magic): 1-0 {White wins by adjudication}
Score of PassedPawnV2 vs Magic: 448 - 325 - 349  [0.555] 1122
Started game 1135 of 10000 (PassedPawnV2 vs Magic)
Finished game 1124 (Magic vs PassedPawnV2): 1-0 {White wins by adjudication}
Score of PassedPawnV2 vs Magic: 448 - 326 - 349  [0.554] 1123
Started game 1136 of 10000 (Magic vs PassedPawnV2)
Finished game 1121 (PassedPawnV2 vs Magic): 1/2-1/2 {Draw by 3-fold repetition}
Score of PassedPawnV2 vs Magic: 448 - 326 - 350  [0.554] 1124
Started game 1137 of 10000 (PassedPawnV2 vs Magic)
Finished game 1122 (Magic vs PassedPawnV2): 1/2-1/2 {Draw by 3-fold repetition}
Score of PassedPawnV2 vs Magic: 448 - 326 - 351  [0.554] 1125
Started game 1138 of 10000 (Magic vs PassedPawnV2)
Finished game 1128 (Magic vs PassedPawnV2): 0-1 {Black wins by adjudication}
Score of PassedPawnV2 vs Magic: 449 - 326 - 351  [0.555] 1126
Started game 1139 of 10000 (PassedPawnV2 vs Magic)
Finished game 1130 (Magic vs PassedPawnV2): 0-1 {Black wins by adjudication}
Score of PassedPawnV2 vs Magic: 450 - 326 - 351  [0.555] 1127
Started game 1140 of 10000 (Magic vs PassedPawnV2)
Finished game 1127 (PassedPawnV2 vs Magic): 1-0 {White mates}
Score of PassedPawnV2 vs Magic: 451 - 326 - 351  [0.555] 1128
Started game 1141 of 10000 (PassedPawnV2 vs Magic)
Finished game 1125 (PassedPawnV2 vs Magic): 0-1 {Black wins by adjudication}
Score of PassedPawnV2 vs Magic: 451 - 327 - 351  [0.555] 1129
Started game 1142 of 10000 (Magic vs PassedPawnV2)
Finished game 1129 (PassedPawnV2 vs Magic): 1/2-1/2 {Draw by 3-fold repetition}
Score of PassedPawnV2 vs Magic: 451 - 327 - 352  [0.555] 1130
Started game 1143 of 10000 (PassedPawnV2 vs Magic)
Finished game 1132 (Magic vs PassedPawnV2): 1/2-1/2 {Draw by insufficient mating material}
Score of PassedPawnV2 vs Magic: 451 - 327 - 353  [0.555] 1131
Started game 1144 of 10000 (Magic vs PassedPawnV2)
Finished game 1131 (PassedPawnV2 vs Magic): 0-1 {Black wins by adjudication}
Score of PassedPawnV2 vs Magic: 451 - 328 - 353  [0.554] 1132
Started game 1145 of 10000 (PassedPawnV2 vs Magic)
Finished game 1134 (Magic vs PassedPawnV2): 1/2-1/2 {Draw by adjudication}
Score of PassedPawnV2 vs Magic: 451 - 328 - 354  [0.554] 1133
Started game 1146 of 10000 (Magic vs PassedPawnV2)
Finished game 1135 (PassedPawnV2 vs Magic): 1-0 {White wins by adjudication}
Score of PassedPawnV2 vs Magic: 452 - 328 - 354  [0.555] 1134
Started game 1147 of 10000 (PassedPawnV2 vs Magic)
Finished game 1136 (Magic vs PassedPawnV2): 0-1 {Black wins by adjudication}
Score of PassedPawnV2 vs Magic: 453 - 328 - 354  [0.555] 1135
Started game 1148 of 10000 (Magic vs PassedPawnV2)
Finished game 1142 (Magic vs PassedPawnV2): 0-1 {Black wins by adjudication}
Score of PassedPawnV2 vs Magic: 454 - 328 - 354  [0.555] 1136
Started game 1149 of 10000 (PassedPawnV2 vs Magic)
Finished game 1137 (PassedPawnV2 vs Magic): 1-0 {White wins by adjudication}
Score of PassedPawnV2 vs Magic: 455 - 328 - 354  [0.556] 1137
Started game 1150 of 10000 (Magic vs PassedPawnV2)
Finished game 1139 (PassedPawnV2 vs Magic): 1/2-1/2 {Draw by adjudication}
Score of PassedPawnV2 vs Magic: 455 - 328 - 355  [0.556] 1138
Started game 1151 of 10000 (PassedPawnV2 vs Magic)
Finished game 1133 (PassedPawnV2 vs Magic): 1/2-1/2 {Draw by insufficient mating material}
Score of PassedPawnV2 vs Magic: 455 - 328 - 356  [0.556] 1139
Started game 1152 of 10000 (Magic vs PassedPawnV2)
Finished game 1141 (PassedPawnV2 vs Magic): 1-0 {White wins by adjudication}
Score of PassedPawnV2 vs Magic: 456 - 328 - 356  [0.556] 1140
Started game 1153 of 10000 (PassedPawnV2 vs Magic)
Finished game 1140 (Magic vs PassedPawnV2): 1/2-1/2 {Draw by insufficient mating material}
Score of PassedPawnV2 vs Magic: 456 - 328 - 357  [0.556] 1141
Started game 1154 of 10000 (Magic vs PassedPawnV2)
Finished game 1144 (Magic vs PassedPawnV2): 0-1 {Black wins by adjudication}
Score of PassedPawnV2 vs Magic: 457 - 328 - 357  [0.556] 1142
Started game 1155 of 10000 (PassedPawnV2 vs Magic)
Finished game 1143 (PassedPawnV2 vs Magic): 0-1 {Black mates}
Score of PassedPawnV2 vs Magic: 457 - 329 - 357  [0.556] 1143
Started game 1156 of 10000 (Magic vs PassedPawnV2)
Finished game 1147 (PassedPawnV2 vs Magic): 1-0 {White wins by adjudication}
Score of PassedPawnV2 vs Magic: 458 - 329 - 357  [0.556] 1144
Started game 1157 of 10000 (PassedPawnV2 vs Magic)
Finished game 1145 (PassedPawnV2 vs Magic): 1/2-1/2 {Draw by insufficient mating material}
Score of PassedPawnV2 vs Magic: 458 - 329 - 358  [0.556] 1145
Started game 1158 of 10000 (Magic vs PassedPawnV2)
Finished game 1138 (Magic vs PassedPawnV2): 1/2-1/2 {Draw by fifty moves rule}
Score of PassedPawnV2 vs Magic: 458 - 329 - 359  [0.556] 1146
Started game 1159 of 10000 (PassedPawnV2 vs Magic)
Finished game 1149 (PassedPawnV2 vs Magic): 1-0 {White wins by adjudication}
Score of PassedPawnV2 vs Magic: 459 - 329 - 359  [0.557] 1147
Started game 1160 of 10000 (Magic vs PassedPawnV2)
Finished game 1153 (PassedPawnV2 vs Magic): 1/2-1/2 {Draw by adjudication}
Score of PassedPawnV2 vs Magic: 459 - 329 - 360  [0.557] 1148
Started game 1161 of 10000 (PassedPawnV2 vs Magic)
Finished game 1152 (Magic vs PassedPawnV2): 0-1 {Black wins by adjudication}
Score of PassedPawnV2 vs Magic: 460 - 329 - 360  [0.557] 1149
Started game 1162 of 10000 (Magic vs PassedPawnV2)
Finished game 1150 (Magic vs PassedPawnV2): 1-0 {White wins by adjudication}
Score of PassedPawnV2 vs Magic: 460 - 330 - 360  [0.557] 1150
Started game 1163 of 10000 (PassedPawnV2 vs Magic)
Finished game 1146 (Magic vs PassedPawnV2): 1-0 {White wins by adjudication}
Score of PassedPawnV2 vs Magic: 460 - 331 - 360  [0.556] 1151
Started game 1164 of 10000 (Magic vs PassedPawnV2)
Finished game 1151 (PassedPawnV2 vs Magic): 0-1 {Black wins by adjudication}
Score of PassedPawnV2 vs Magic: 460 - 332 - 360  [0.556] 1152
Started game 1165 of 10000 (PassedPawnV2 vs Magic)
Finished game 1148 (Magic vs PassedPawnV2): 1/2-1/2 {Draw by adjudication}
Score of PassedPawnV2 vs Magic: 460 - 332 - 361  [0.556] 1153
Started game 1166 of 10000 (Magic vs PassedPawnV2)
Finished game 1154 (Magic vs PassedPawnV2): 0-1 {Black wins by adjudication}
Score of PassedPawnV2 vs Magic: 461 - 332 - 361  [0.556] 1154
Started game 1167 of 10000 (PassedPawnV2 vs Magic)
Finished game 1156 (Magic vs PassedPawnV2): 1-0 {White wins by adjudication}
Score of PassedPawnV2 vs Magic: 461 - 333 - 361  [0.555] 1155
Started game 1168 of 10000 (Magic vs PassedPawnV2)
Finished game 1155 (PassedPawnV2 vs Magic): 1-0 {White wins by adjudication}
Score of PassedPawnV2 vs Magic: 462 - 333 - 361  [0.556] 1156
Started game 1169 of 10000 (PassedPawnV2 vs Magic)
Finished game 1159 (PassedPawnV2 vs Magic): 1-0 {White wins by adjudication}
Score of PassedPawnV2 vs Magic: 463 - 333 - 361  [0.556] 1157
Started game 1170 of 10000 (Magic vs PassedPawnV2)
Finished game 1158 (Magic vs PassedPawnV2): 0-1 {Black wins by adjudication}
Score of PassedPawnV2 vs Magic: 464 - 333 - 361  [0.557] 1158
Started game 1171 of 10000 (PassedPawnV2 vs Magic)
Finished game 1157 (PassedPawnV2 vs Magic): 1/2-1/2 {Draw by 3-fold repetition}
Score of PassedPawnV2 vs Magic: 464 - 333 - 362  [0.557] 1159
Started game 1172 of 10000 (Magic vs PassedPawnV2)
Finished game 1160 (Magic vs PassedPawnV2): 1-0 {White wins by adjudication}
Score of PassedPawnV2 vs Magic: 464 - 334 - 362  [0.556] 1160
Started game 1173 of 10000 (PassedPawnV2 vs Magic)
Finished game 1161 (PassedPawnV2 vs Magic): 0-1 {Black wins by adjudication}
Score of PassedPawnV2 vs Magic: 464 - 335 - 362  [0.556] 1161
Started game 1174 of 10000 (Magic vs PassedPawnV2)
Finished game 1163 (PassedPawnV2 vs Magic): 1/2-1/2 {Draw by insufficient mating material}
Score of PassedPawnV2 vs Magic: 464 - 335 - 363  [0.556] 1162
Started game 1175 of 10000 (PassedPawnV2 vs Magic)
Finished game 1162 (Magic vs PassedPawnV2): 1/2-1/2 {Draw by adjudication}
Score of PassedPawnV2 vs Magic: 464 - 335 - 364  [0.555] 1163
Started game 1176 of 10000 (Magic vs PassedPawnV2)
Finished game 1165 (PassedPawnV2 vs Magic): 1-0 {White wins by adjudication}
Score of PassedPawnV2 vs Magic: 465 - 335 - 364  [0.556] 1164
Started game 1177 of 10000 (PassedPawnV2 vs Magic)
Finished game 1167 (PassedPawnV2 vs Magic): 1-0 {White wins by adjudication}
Score of PassedPawnV2 vs Magic: 466 - 335 - 364  [0.556] 1165
Started game 1178 of 10000 (Magic vs PassedPawnV2)
Finished game 1166 (Magic vs PassedPawnV2): 0-1 {Black wins by adjudication}
Score of PassedPawnV2 vs Magic: 467 - 335 - 364  [0.557] 1166
Started game 1179 of 10000 (PassedPawnV2 vs Magic)
Finished game 1164 (Magic vs PassedPawnV2): 1-0 {White wins by adjudication}
Score of PassedPawnV2 vs Magic: 467 - 336 - 364  [0.556] 1167
Started game 1180 of 10000 (Magic vs PassedPawnV2)
Finished game 1169 (PassedPawnV2 vs Magic): 0-1 {Black wins by adjudication}
Score of PassedPawnV2 vs Magic: 467 - 337 - 364  [0.556] 1168
Started game 1181 of 10000 (PassedPawnV2 vs Magic)
Finished game 1171 (PassedPawnV2 vs Magic): 1/2-1/2 {Draw by insufficient mating material}
Score of PassedPawnV2 vs Magic: 467 - 337 - 365  [0.556] 1169
Started game 1182 of 10000 (Magic vs PassedPawnV2)
Finished game 1170 (Magic vs PassedPawnV2): 1-0 {White wins by adjudication}
Score of PassedPawnV2 vs Magic: 467 - 338 - 365  [0.555] 1170
Started game 1183 of 10000 (PassedPawnV2 vs Magic)
Finished game 1179 (PassedPawnV2 vs Magic): 1/2-1/2 {Draw by 3-fold repetition}
Score of PassedPawnV2 vs Magic: 467 - 338 - 366  [0.555] 1171
Started game 1184 of 10000 (Magic vs PassedPawnV2)
Finished game 1174 (Magic vs PassedPawnV2): 1-0 {White wins by adjudication}
Score of PassedPawnV2 vs Magic: 467 - 339 - 366  [0.555] 1172
Started game 1185 of 10000 (PassedPawnV2 vs Magic)
Finished game 1173 (PassedPawnV2 vs Magic): 0-1 {Black wins by adjudication}
Score of PassedPawnV2 vs Magic: 467 - 340 - 366  [0.554] 1173
Started game 1186 of 10000 (Magic vs PassedPawnV2)
Finished game 1176 (Magic vs PassedPawnV2): 1-0 {White wins by adjudication}
Score of PassedPawnV2 vs Magic: 467 - 341 - 366  [0.554] 1174
Started game 1187 of 10000 (PassedPawnV2 vs Magic)
Finished game 1168 (Magic vs PassedPawnV2): 1/2-1/2 {Draw by 3-fold repetition}
Score of PassedPawnV2 vs Magic: 467 - 341 - 367  [0.554] 1175
Started game 1188 of 10000 (Magic vs PassedPawnV2)
Finished game 1177 (PassedPawnV2 vs Magic): 1-0 {White wins by adjudication}
Score of PassedPawnV2 vs Magic: 468 - 341 - 367  [0.554] 1176
Started game 1189 of 10000 (PassedPawnV2 vs Magic)
Finished game 1181 (PassedPawnV2 vs Magic): 1-0 {White wins by adjudication}
Score of PassedPawnV2 vs Magic: 469 - 341 - 367  [0.554] 1177
Started game 1190 of 10000 (Magic vs PassedPawnV2)
Finished game 1180 (Magic vs PassedPawnV2): 0-1 {Black wins by adjudication}
Score of PassedPawnV2 vs Magic: 470 - 341 - 367  [0.555] 1178
Started game 1191 of 10000 (PassedPawnV2 vs Magic)
Finished game 1178 (Magic vs PassedPawnV2): 1/2-1/2 {Draw by insufficient mating material}
Score of PassedPawnV2 vs Magic: 470 - 341 - 368  [0.555] 1179
Started game 1192 of 10000 (Magic vs PassedPawnV2)
Finished game 1172 (Magic vs PassedPawnV2): 1-0 {White wins by adjudication}
Score of PassedPawnV2 vs Magic: 470 - 342 - 368  [0.554] 1180
Started game 1193 of 10000 (PassedPawnV2 vs Magic)
Finished game 1175 (PassedPawnV2 vs Magic): 1-0 {White wins by adjudication}
Score of PassedPawnV2 vs Magic: 471 - 342 - 368  [0.555] 1181
Started game 1194 of 10000 (Magic vs PassedPawnV2)
Finished game 1184 (Magic vs PassedPawnV2): 1-0 {White wins by adjudication}
Score of PassedPawnV2 vs Magic: 471 - 343 - 368  [0.554] 1182
Started game 1195 of 10000 (PassedPawnV2 vs Magic)
Finished game 1182 (Magic vs PassedPawnV2): 0-1 {Black wins by adjudication}
Score of PassedPawnV2 vs Magic: 472 - 343 - 368  [0.555] 1183
Started game 1196 of 10000 (Magic vs PassedPawnV2)
Finished game 1187 (PassedPawnV2 vs Magic): 1-0 {White wins by adjudication}
Score of PassedPawnV2 vs Magic: 473 - 343 - 368  [0.555] 1184
Started game 1197 of 10000 (PassedPawnV2 vs Magic)
Finished game 1183 (PassedPawnV2 vs Magic): 1-0 {White wins by adjudication}
Score of PassedPawnV2 vs Magic: 474 - 343 - 368  [0.555] 1185
Started game 1198 of 10000 (Magic vs PassedPawnV2)
Finished game 1198 (Magic vs PassedPawnV2): 1-0 {White wins by adjudication}
Score of PassedPawnV2 vs Magic: 474 - 344 - 368  [0.555] 1186
Started game 1199 of 10000 (PassedPawnV2 vs Magic)
Finished game 1197 (PassedPawnV2 vs Magic): 1-0 {White wins by adjudication}
Score of PassedPawnV2 vs Magic: 475 - 344 - 368  [0.555] 1187
Started game 1200 of 10000 (Magic vs PassedPawnV2)
Finished game 1189 (PassedPawnV2 vs Magic): 1/2-1/2 {Draw by 3-fold repetition}
Score of PassedPawnV2 vs Magic: 475 - 344 - 369  [0.555] 1188
Started game 1201 of 10000 (PassedPawnV2 vs Magic)
Finished game 1196 (Magic vs PassedPawnV2): 1-0 {White wins by adjudication}
Score of PassedPawnV2 vs Magic: 475 - 345 - 369  [0.555] 1189
Started game 1202 of 10000 (Magic vs PassedPawnV2)
Finished game 1190 (Magic vs PassedPawnV2): 1-0 {White wins by adjudication}
Score of PassedPawnV2 vs Magic: 475 - 346 - 369  [0.554] 1190
Started game 1203 of 10000 (PassedPawnV2 vs Magic)
Finished game 1185 (PassedPawnV2 vs Magic): 1-0 {White wins by adjudication}
Score of PassedPawnV2 vs Magic: 476 - 346 - 369  [0.555] 1191
Started game 1204 of 10000 (Magic vs PassedPawnV2)
Finished game 1188 (Magic vs PassedPawnV2): 1/2-1/2 {Draw by 3-fold repetition}
Score of PassedPawnV2 vs Magic: 476 - 346 - 370  [0.555] 1192
Started game 1205 of 10000 (PassedPawnV2 vs Magic)
Finished game 1186 (Magic vs PassedPawnV2): 1/2-1/2 {Draw by adjudication}
Score of PassedPawnV2 vs Magic: 476 - 346 - 371  [0.554] 1193
Started game 1206 of 10000 (Magic vs PassedPawnV2)
Finished game 1191 (PassedPawnV2 vs Magic): 1-0 {White mates}
Score of PassedPawnV2 vs Magic: 477 - 346 - 371  [0.555] 1194
Started game 1207 of 10000 (PassedPawnV2 vs Magic)
Finished game 1193 (PassedPawnV2 vs Magic): 1-0 {White wins by adjudication}
Score of PassedPawnV2 vs Magic: 478 - 346 - 371  [0.555] 1195
Started game 1208 of 10000 (Magic vs PassedPawnV2)
Finished game 1200 (Magic vs PassedPawnV2): 0-1 {Black wins by adjudication}
Score of PassedPawnV2 vs Magic: 479 - 346 - 371  [0.556] 1196
Started game 1209 of 10000 (PassedPawnV2 vs Magic)
Finished game 1194 (Magic vs PassedPawnV2): 0-1 {Black wins by adjudication}
Score of PassedPawnV2 vs Magic: 480 - 346 - 371  [0.556] 1197
Started game 1210 of 10000 (Magic vs PassedPawnV2)
Finished game 1192 (Magic vs PassedPawnV2): 1-0 {White mates}
Score of PassedPawnV2 vs Magic: 480 - 347 - 371  [0.556] 1198
Started game 1211 of 10000 (PassedPawnV2 vs Magic)
Finished game 1199 (PassedPawnV2 vs Magic): 1/2-1/2 {Draw by insufficient mating material}
Score of PassedPawnV2 vs Magic: 480 - 347 - 372  [0.555] 1199
Started game 1212 of 10000 (Magic vs PassedPawnV2)
Finished game 1201 (PassedPawnV2 vs Magic): 1-0 {White wins by adjudication}
Score of PassedPawnV2 vs Magic: 481 - 347 - 372  [0.556] 1200
Started game 1213 of 10000 (PassedPawnV2 vs Magic)
Finished game 1202 (Magic vs PassedPawnV2): 0-1 {Black wins by adjudication}
Score of PassedPawnV2 vs Magic: 482 - 347 - 372  [0.556] 1201
Started game 1214 of 10000 (Magic vs PassedPawnV2)
Finished game 1195 (PassedPawnV2 vs Magic): 1/2-1/2 {Draw by fifty moves rule}
Score of PassedPawnV2 vs Magic: 482 - 347 - 373  [0.556] 1202
Started game 1215 of 10000 (PassedPawnV2 vs Magic)
Finished game 1206 (Magic vs PassedPawnV2): 1-0 {White wins by adjudication}
Score of PassedPawnV2 vs Magic: 482 - 348 - 373  [0.556] 1203
Started game 1216 of 10000 (Magic vs PassedPawnV2)
Finished game 1205 (PassedPawnV2 vs Magic): 0-1 {Black wins by adjudication}
Score of PassedPawnV2 vs Magic: 482 - 349 - 373  [0.555] 1204
Started game 1217 of 10000 (PassedPawnV2 vs Magic)
Finished game 1204 (Magic vs PassedPawnV2): 1-0 {White wins by adjudication}
Score of PassedPawnV2 vs Magic: 482 - 350 - 373  [0.555] 1205
Started game 1218 of 10000 (Magic vs PassedPawnV2)
Finished game 1208 (Magic vs PassedPawnV2): 1/2-1/2 {Draw by 3-fold repetition}
Score of PassedPawnV2 vs Magic: 482 - 350 - 374  [0.555] 1206
Started game 1219 of 10000 (PassedPawnV2 vs Magic)
Finished game 1209 (PassedPawnV2 vs Magic): 1-0 {White wins by adjudication}
Score of PassedPawnV2 vs Magic: 483 - 350 - 374  [0.555] 1207
Started game 1220 of 10000 (Magic vs PassedPawnV2)
Finished game 1203 (PassedPawnV2 vs Magic): 1-0 {White wins by adjudication}
Score of PassedPawnV2 vs Magic: 484 - 350 - 374  [0.555] 1208
Started game 1221 of 10000 (PassedPawnV2 vs Magic)
Finished game 1207 (PassedPawnV2 vs Magic): 0-1 {Black wins by adjudication}
Score of PassedPawnV2 vs Magic: 484 - 351 - 374  [0.555] 1209
Started game 1222 of 10000 (Magic vs PassedPawnV2)
Finished game 1211 (PassedPawnV2 vs Magic): 1/2-1/2 {Draw by adjudication}
Score of PassedPawnV2 vs Magic: 484 - 351 - 375  [0.555] 1210
Started game 1223 of 10000 (PassedPawnV2 vs Magic)
Finished game 1213 (PassedPawnV2 vs Magic): 0-1 {Black wins by adjudication}
Score of PassedPawnV2 vs Magic: 484 - 352 - 375  [0.555] 1211
Started game 1224 of 10000 (Magic vs PassedPawnV2)
Finished game 1210 (Magic vs PassedPawnV2): 1-0 {White wins by adjudication}
Score of PassedPawnV2 vs Magic: 484 - 353 - 375  [0.554] 1212
Started game 1225 of 10000 (PassedPawnV2 vs Magic)
Finished game 1212 (Magic vs PassedPawnV2): 1-0 {White wins by adjudication}
Score of PassedPawnV2 vs Magic: 484 - 354 - 375  [0.554] 1213
Started game 1226 of 10000 (Magic vs PassedPawnV2)
Finished game 1217 (PassedPawnV2 vs Magic): 0-1 {Black wins by adjudication}
Score of PassedPawnV2 vs Magic: 484 - 355 - 375  [0.553] 1214
Started game 1227 of 10000 (PassedPawnV2 vs Magic)
Finished game 1215 (PassedPawnV2 vs Magic): 1-0 {White mates}
Score of PassedPawnV2 vs Magic: 485 - 355 - 375  [0.553] 1215
Started game 1228 of 10000 (Magic vs PassedPawnV2)
Finished game 1219 (PassedPawnV2 vs Magic): 1-0 {White wins by adjudication}
Score of PassedPawnV2 vs Magic: 486 - 355 - 375  [0.554] 1216
Started game 1229 of 10000 (PassedPawnV2 vs Magic)
Finished game 1216 (Magic vs PassedPawnV2): 1-0 {White wins by adjudication}
Score of PassedPawnV2 vs Magic: 486 - 356 - 375  [0.553] 1217
Started game 1230 of 10000 (Magic vs PassedPawnV2)
Finished game 1224 (Magic vs PassedPawnV2): 1-0 {White wins by adjudication}
Score of PassedPawnV2 vs Magic: 486 - 357 - 375  [0.553] 1218
Started game 1231 of 10000 (PassedPawnV2 vs Magic)
Finished game 1214 (Magic vs PassedPawnV2): 1/2-1/2 {Draw by insufficient mating material}
Score of PassedPawnV2 vs Magic: 486 - 357 - 376  [0.553] 1219
Started game 1232 of 10000 (Magic vs PassedPawnV2)
Finished game 1218 (Magic vs PassedPawnV2): 1/2-1/2 {Draw by adjudication}
Score of PassedPawnV2 vs Magic: 486 - 357 - 377  [0.553] 1220
Started game 1233 of 10000 (PassedPawnV2 vs Magic)
Finished game 1223 (PassedPawnV2 vs Magic): 0-1 {Black wins by adjudication}
Score of PassedPawnV2 vs Magic: 486 - 358 - 377  [0.552] 1221
Started game 1234 of 10000 (Magic vs PassedPawnV2)
Finished game 1220 (Magic vs PassedPawnV2): 0-1 {Black wins by adjudication}
Score of PassedPawnV2 vs Magic: 487 - 358 - 377  [0.553] 1222
Started game 1235 of 10000 (PassedPawnV2 vs Magic)
Finished game 1221 (PassedPawnV2 vs Magic): 1-0 {White wins by adjudication}
Score of PassedPawnV2 vs Magic: 488 - 358 - 377  [0.553] 1223
Started game 1236 of 10000 (Magic vs PassedPawnV2)
Finished game 1226 (Magic vs PassedPawnV2): 1-0 {White mates}
Score of PassedPawnV2 vs Magic: 488 - 359 - 377  [0.553] 1224
Started game 1237 of 10000 (PassedPawnV2 vs Magic)
Finished game 1225 (PassedPawnV2 vs Magic): 1-0 {White wins by adjudication}
Score of PassedPawnV2 vs Magic: 489 - 359 - 377  [0.553] 1225
Started game 1238 of 10000 (Magic vs PassedPawnV2)
Finished game 1229 (PassedPawnV2 vs Magic): 1-0 {White wins by adjudication}
Score of PassedPawnV2 vs Magic: 490 - 359 - 377  [0.553] 1226
Started game 1239 of 10000 (PassedPawnV2 vs Magic)
Finished game 1227 (PassedPawnV2 vs Magic): 0-1 {Black wins by adjudication}
Score of PassedPawnV2 vs Magic: 490 - 360 - 377  [0.553] 1227
Started game 1240 of 10000 (Magic vs PassedPawnV2)
Finished game 1231 (PassedPawnV2 vs Magic): 1/2-1/2 {Draw by 3-fold repetition}
Score of PassedPawnV2 vs Magic: 490 - 360 - 378  [0.553] 1228
Started game 1241 of 10000 (PassedPawnV2 vs Magic)
Finished game 1230 (Magic vs PassedPawnV2): 1-0 {White wins by adjudication}
Score of PassedPawnV2 vs Magic: 490 - 361 - 378  [0.552] 1229
Started game 1242 of 10000 (Magic vs PassedPawnV2)
Finished game 1232 (Magic vs PassedPawnV2): 1-0 {White wins by adjudication}
Score of PassedPawnV2 vs Magic: 490 - 362 - 378  [0.552] 1230
Started game 1243 of 10000 (PassedPawnV2 vs Magic)
Finished game 1233 (PassedPawnV2 vs Magic): 1-0 {White wins by adjudication}
Score of PassedPawnV2 vs Magic: 491 - 362 - 378  [0.552] 1231
Started game 1244 of 10000 (Magic vs PassedPawnV2)
Finished game 1222 (Magic vs PassedPawnV2): 1/2-1/2 {Draw by fifty moves rule}
Score of PassedPawnV2 vs Magic: 491 - 362 - 379  [0.552] 1232
Started game 1245 of 10000 (PassedPawnV2 vs Magic)
Finished game 1228 (Magic vs PassedPawnV2): 0-1 {Black wins by adjudication}
Score of PassedPawnV2 vs Magic: 492 - 362 - 379  [0.553] 1233
Started game 1246 of 10000 (Magic vs PassedPawnV2)
Finished game 1234 (Magic vs PassedPawnV2): 0-1 {Black wins by adjudication}
Score of PassedPawnV2 vs Magic: 493 - 362 - 379  [0.553] 1234
Started game 1247 of 10000 (PassedPawnV2 vs Magic)
Finished game 1235 (PassedPawnV2 vs Magic): 1/2-1/2 {Draw by insufficient mating material}
Score of PassedPawnV2 vs Magic: 493 - 362 - 380  [0.553] 1235
Started game 1248 of 10000 (Magic vs PassedPawnV2)
Finished game 1236 (Magic vs PassedPawnV2): 1-0 {White mates}
Score of PassedPawnV2 vs Magic: 493 - 363 - 380  [0.553] 1236
Started game 1249 of 10000 (PassedPawnV2 vs Magic)
Finished game 1238 (Magic vs PassedPawnV2): 1-0 {White wins by adjudication}
Score of PassedPawnV2 vs Magic: 493 - 364 - 380  [0.552] 1237
Started game 1250 of 10000 (Magic vs PassedPawnV2)
Finished game 1239 (PassedPawnV2 vs Magic): 1/2-1/2 {Draw by 3-fold repetition}
Score of PassedPawnV2 vs Magic: 493 - 364 - 381  [0.552] 1238
Started game 1251 of 10000 (PassedPawnV2 vs Magic)
Finished game 1237 (PassedPawnV2 vs Magic): 0-1 {Black wins by adjudication}
Score of PassedPawnV2 vs Magic: 493 - 365 - 381  [0.552] 1239
Started game 1252 of 10000 (Magic vs PassedPawnV2)
Finished game 1240 (Magic vs PassedPawnV2): 1-0 {White wins by adjudication}
Score of PassedPawnV2 vs Magic: 493 - 366 - 381  [0.551] 1240
Started game 1253 of 10000 (PassedPawnV2 vs Magic)
Finished game 1244 (Magic vs PassedPawnV2): 0-1 {Black wins by adjudication}
Score of PassedPawnV2 vs Magic: 494 - 366 - 381  [0.552] 1241
Started game 1254 of 10000 (Magic vs PassedPawnV2)
Finished game 1243 (PassedPawnV2 vs Magic): 1/2-1/2 {Draw by 3-fold repetition}
Score of PassedPawnV2 vs Magic: 494 - 366 - 382  [0.552] 1242
Started game 1255 of 10000 (PassedPawnV2 vs Magic)
Finished game 1241 (PassedPawnV2 vs Magic): 1/2-1/2 {Draw by adjudication}
Score of PassedPawnV2 vs Magic: 494 - 366 - 383  [0.551] 1243
Started game 1256 of 10000 (Magic vs PassedPawnV2)
Finished game 1246 (Magic vs PassedPawnV2): 1-0 {White wins by adjudication}
Score of PassedPawnV2 vs Magic: 494 - 367 - 383  [0.551] 1244
Started game 1257 of 10000 (PassedPawnV2 vs Magic)
Finished game 1242 (Magic vs PassedPawnV2): 0-1 {Black wins by adjudication}
Score of PassedPawnV2 vs Magic: 495 - 367 - 383  [0.551] 1245
Started game 1258 of 10000 (Magic vs PassedPawnV2)
Finished game 1245 (PassedPawnV2 vs Magic): 1/2-1/2 {Draw by insufficient mating material}
Score of PassedPawnV2 vs Magic: 495 - 367 - 384  [0.551] 1246
Started game 1259 of 10000 (PassedPawnV2 vs Magic)
Finished game 1249 (PassedPawnV2 vs Magic): 0-1 {Black wins by adjudication}
Score of PassedPawnV2 vs Magic: 495 - 368 - 384  [0.551] 1247
Started game 1260 of 10000 (Magic vs PassedPawnV2)
Finished game 1248 (Magic vs PassedPawnV2): 1-0 {White wins by adjudication}
Score of PassedPawnV2 vs Magic: 495 - 369 - 384  [0.550] 1248
Started game 1261 of 10000 (PassedPawnV2 vs Magic)
Finished game 1253 (PassedPawnV2 vs Magic): 1-0 {White wins by adjudication}
Score of PassedPawnV2 vs Magic: 496 - 369 - 384  [0.551] 1249
Started game 1262 of 10000 (Magic vs PassedPawnV2)
Finished game 1247 (PassedPawnV2 vs Magic): 1-0 {White wins by adjudication}
Score of PassedPawnV2 vs Magic: 497 - 369 - 384  [0.551] 1250
Started game 1263 of 10000 (PassedPawnV2 vs Magic)
Finished game 1250 (Magic vs PassedPawnV2): 0-1 {Black wins by adjudication}
Score of PassedPawnV2 vs Magic: 498 - 369 - 384  [0.552] 1251
Started game 1264 of 10000 (Magic vs PassedPawnV2)
Finished game 1254 (Magic vs PassedPawnV2): 1/2-1/2 {Draw by 3-fold repetition}
Score of PassedPawnV2 vs Magic: 498 - 369 - 385  [0.552] 1252
Started game 1265 of 10000 (PassedPawnV2 vs Magic)
Finished game 1252 (Magic vs PassedPawnV2): 1/2-1/2 {Draw by 3-fold repetition}
Score of PassedPawnV2 vs Magic: 498 - 369 - 386  [0.551] 1253
Started game 1266 of 10000 (Magic vs PassedPawnV2)
Finished game 1256 (Magic vs PassedPawnV2): 1-0 {White wins by adjudication}
Score of PassedPawnV2 vs Magic: 498 - 370 - 386  [0.551] 1254
Started game 1267 of 10000 (PassedPawnV2 vs Magic)
Finished game 1251 (PassedPawnV2 vs Magic): 1/2-1/2 {Draw by 3-fold repetition}
Score of PassedPawnV2 vs Magic: 498 - 370 - 387  [0.551] 1255
Started game 1268 of 10000 (Magic vs PassedPawnV2)
Finished game 1262 (Magic vs PassedPawnV2): 1-0 {White wins by adjudication}
Score of PassedPawnV2 vs Magic: 498 - 371 - 387  [0.551] 1256
Started game 1269 of 10000 (PassedPawnV2 vs Magic)
Finished game 1263 (PassedPawnV2 vs Magic): 1/2-1/2 {Draw by 3-fold repetition}
Score of PassedPawnV2 vs Magic: 498 - 371 - 388  [0.551] 1257
Started game 1270 of 10000 (Magic vs PassedPawnV2)
Finished game 1258 (Magic vs PassedPawnV2): 1/2-1/2 {Draw by adjudication}
Score of PassedPawnV2 vs Magic: 498 - 371 - 389  [0.550] 1258
Started game 1271 of 10000 (PassedPawnV2 vs Magic)
Finished game 1255 (PassedPawnV2 vs Magic): 0-1 {Black mates}
Score of PassedPawnV2 vs Magic: 498 - 372 - 389  [0.550] 1259
Started game 1272 of 10000 (Magic vs PassedPawnV2)
Finished game 1259 (PassedPawnV2 vs Magic): 1/2-1/2 {Draw by insufficient mating material}
Score of PassedPawnV2 vs Magic: 498 - 372 - 390  [0.550] 1260
Started game 1273 of 10000 (PassedPawnV2 vs Magic)
Finished game 1261 (PassedPawnV2 vs Magic): 0-1 {Black wins by adjudication}
Score of PassedPawnV2 vs Magic: 498 - 373 - 390  [0.550] 1261
Started game 1274 of 10000 (Magic vs PassedPawnV2)
Finished game 1260 (Magic vs PassedPawnV2): 0-1 {Black wins by adjudication}
Score of PassedPawnV2 vs Magic: 499 - 373 - 390  [0.550] 1262
Started game 1275 of 10000 (PassedPawnV2 vs Magic)
Finished game 1257 (PassedPawnV2 vs Magic): 1/2-1/2 {Draw by fifty moves rule}
Score of PassedPawnV2 vs Magic: 499 - 373 - 391  [0.550] 1263
Started game 1276 of 10000 (Magic vs PassedPawnV2)
Finished game 1268 (Magic vs PassedPawnV2): 0-1 {Black wins by adjudication}
Score of PassedPawnV2 vs Magic: 500 - 373 - 391  [0.550] 1264
Started game 1277 of 10000 (PassedPawnV2 vs Magic)
Finished game 1264 (Magic vs PassedPawnV2): 1-0 {White wins by adjudication}
Score of PassedPawnV2 vs Magic: 500 - 374 - 391  [0.550] 1265
Started game 1278 of 10000 (Magic vs PassedPawnV2)
Finished game 1265 (PassedPawnV2 vs Magic): 0-1 {Black wins by adjudication}
Score of PassedPawnV2 vs Magic: 500 - 375 - 391  [0.549] 1266
Started game 1279 of 10000 (PassedPawnV2 vs Magic)
Finished game 1267 (PassedPawnV2 vs Magic): 0-1 {Black wins by adjudication}
Score of PassedPawnV2 vs Magic: 500 - 376 - 391  [0.549] 1267
Started game 1280 of 10000 (Magic vs PassedPawnV2)
Finished game 1275 (PassedPawnV2 vs Magic): 1/2-1/2 {Draw by 3-fold repetition}
Score of PassedPawnV2 vs Magic: 500 - 376 - 392  [0.549] 1268
Started game 1281 of 10000 (PassedPawnV2 vs Magic)
Finished game 1271 (PassedPawnV2 vs Magic): 1-0 {White wins by adjudication}
Score of PassedPawnV2 vs Magic: 501 - 376 - 392  [0.549] 1269
Started game 1282 of 10000 (Magic vs PassedPawnV2)
Finished game 1272 (Magic vs PassedPawnV2): 0-1 {Black wins by adjudication}
Score of PassedPawnV2 vs Magic: 502 - 376 - 392  [0.550] 1270
Started game 1283 of 10000 (PassedPawnV2 vs Magic)
Finished game 1266 (Magic vs PassedPawnV2): 0-1 {Black wins by adjudication}
Score of PassedPawnV2 vs Magic: 503 - 376 - 392  [0.550] 1271
Started game 1284 of 10000 (Magic vs PassedPawnV2)
Finished game 1270 (Magic vs PassedPawnV2): 0-1 {Black wins by adjudication}
Score of PassedPawnV2 vs Magic: 504 - 376 - 392  [0.550] 1272
Started game 1285 of 10000 (PassedPawnV2 vs Magic)
Finished game 1269 (PassedPawnV2 vs Magic): 0-1 {Black wins by adjudication}
Score of PassedPawnV2 vs Magic: 504 - 377 - 392  [0.550] 1273
Started game 1286 of 10000 (Magic vs PassedPawnV2)
Finished game 1273 (PassedPawnV2 vs Magic): 1/2-1/2 {Draw by insufficient mating material}
Score of PassedPawnV2 vs Magic: 504 - 377 - 393  [0.550] 1274
Started game 1287 of 10000 (PassedPawnV2 vs Magic)
Finished game 1274 (Magic vs PassedPawnV2): 1-0 {White wins by adjudication}
Score of PassedPawnV2 vs Magic: 504 - 378 - 393  [0.549] 1275
Started game 1288 of 10000 (Magic vs PassedPawnV2)
Finished game 1278 (Magic vs PassedPawnV2): 0-1 {Black mates}
Score of PassedPawnV2 vs Magic: 505 - 378 - 393  [0.550] 1276
Started game 1289 of 10000 (PassedPawnV2 vs Magic)
Finished game 1277 (PassedPawnV2 vs Magic): 1-0 {White wins by adjudication}
Score of PassedPawnV2 vs Magic: 506 - 378 - 393  [0.550] 1277
Started game 1290 of 10000 (Magic vs PassedPawnV2)
Finished game 1280 (Magic vs PassedPawnV2): 1-0 {White wins by adjudication}
Score of PassedPawnV2 vs Magic: 506 - 379 - 393  [0.550] 1278
Started game 1291 of 10000 (PassedPawnV2 vs Magic)
Finished game 1279 (PassedPawnV2 vs Magic): 1/2-1/2 {Draw by stalemate}
Score of PassedPawnV2 vs Magic: 506 - 379 - 394  [0.550] 1279
Started game 1292 of 10000 (Magic vs PassedPawnV2)
Finished game 1276 (Magic vs PassedPawnV2): 1-0 {White wins by adjudication}
Score of PassedPawnV2 vs Magic: 506 - 380 - 394  [0.549] 1280
Started game 1293 of 10000 (PassedPawnV2 vs Magic)
Finished game 1281 (PassedPawnV2 vs Magic): 1-0 {White wins by adjudication}
Score of PassedPawnV2 vs Magic: 507 - 380 - 394  [0.550] 1281
Started game 1294 of 10000 (Magic vs PassedPawnV2)
Finished game 1285 (PassedPawnV2 vs Magic): 1-0 {White wins by adjudication}
Score of PassedPawnV2 vs Magic: 508 - 380 - 394  [0.550] 1282
Started game 1295 of 10000 (PassedPawnV2 vs Magic)
Finished game 1286 (Magic vs PassedPawnV2): 0-1 {Black wins by adjudication}
Score of PassedPawnV2 vs Magic: 509 - 380 - 394  [0.550] 1283
Started game 1296 of 10000 (Magic vs PassedPawnV2)
Finished game 1283 (PassedPawnV2 vs Magic): 1-0 {White wins by adjudication}
Score of PassedPawnV2 vs Magic: 510 - 380 - 394  [0.551] 1284
Started game 1297 of 10000 (PassedPawnV2 vs Magic)
Finished game 1284 (Magic vs PassedPawnV2): 0-1 {Black wins by adjudication}
Score of PassedPawnV2 vs Magic: 511 - 380 - 394  [0.551] 1285
Started game 1298 of 10000 (Magic vs PassedPawnV2)
Finished game 1289 (PassedPawnV2 vs Magic): 0-1 {Black wins by adjudication}
Score of PassedPawnV2 vs Magic: 511 - 381 - 394  [0.551] 1286
Started game 1299 of 10000 (PassedPawnV2 vs Magic)
Finished game 1287 (PassedPawnV2 vs Magic): 1-0 {White wins by adjudication}
Score of PassedPawnV2 vs Magic: 512 - 381 - 394  [0.551] 1287
Started game 1300 of 10000 (Magic vs PassedPawnV2)
Finished game 1292 (Magic vs PassedPawnV2): 1-0 {White wins by adjudication}
Score of PassedPawnV2 vs Magic: 512 - 382 - 394  [0.550] 1288
Started game 1301 of 10000 (PassedPawnV2 vs Magic)
Finished game 1288 (Magic vs PassedPawnV2): 1-0 {White wins by adjudication}
Score of PassedPawnV2 vs Magic: 512 - 383 - 394  [0.550] 1289
Started game 1302 of 10000 (Magic vs PassedPawnV2)
Finished game 1290 (Magic vs PassedPawnV2): 1/2-1/2 {Draw by insufficient mating material}
Score of PassedPawnV2 vs Magic: 512 - 383 - 395  [0.550] 1290
Started game 1303 of 10000 (PassedPawnV2 vs Magic)
Finished game 1293 (PassedPawnV2 vs Magic): 0-1 {Black wins by adjudication}
Score of PassedPawnV2 vs Magic: 512 - 384 - 395  [0.550] 1291
Started game 1304 of 10000 (Magic vs PassedPawnV2)
Finished game 1291 (PassedPawnV2 vs Magic): 1-0 {White wins by adjudication}
Score of PassedPawnV2 vs Magic: 513 - 384 - 395  [0.550] 1292
Started game 1305 of 10000 (PassedPawnV2 vs Magic)
Finished game 1297 (PassedPawnV2 vs Magic): 1-0 {White wins by adjudication}
Score of PassedPawnV2 vs Magic: 514 - 384 - 395  [0.550] 1293
Started game 1306 of 10000 (Magic vs PassedPawnV2)
Finished game 1296 (Magic vs PassedPawnV2): 1-0 {White wins by adjudication}
Score of PassedPawnV2 vs Magic: 514 - 385 - 395  [0.550] 1294
Started game 1307 of 10000 (PassedPawnV2 vs Magic)
Finished game 1294 (Magic vs PassedPawnV2): 0-1 {Black wins by adjudication}
Score of PassedPawnV2 vs Magic: 515 - 385 - 395  [0.550] 1295
Started game 1308 of 10000 (Magic vs PassedPawnV2)
Finished game 1299 (PassedPawnV2 vs Magic): 1/2-1/2 {Draw by insufficient mating material}
Score of PassedPawnV2 vs Magic: 515 - 385 - 396  [0.550] 1296
Started game 1309 of 10000 (PassedPawnV2 vs Magic)
Finished game 1301 (PassedPawnV2 vs Magic): 1-0 {White wins by adjudication}
Score of PassedPawnV2 vs Magic: 516 - 385 - 396  [0.551] 1297
Started game 1310 of 10000 (Magic vs PassedPawnV2)
Finished game 1282 (Magic vs PassedPawnV2): 1/2-1/2 {Draw by adjudication}
Score of PassedPawnV2 vs Magic: 516 - 385 - 397  [0.550] 1298
Started game 1311 of 10000 (PassedPawnV2 vs Magic)
Finished game 1298 (Magic vs PassedPawnV2): 1/2-1/2 {Draw by 3-fold repetition}
Score of PassedPawnV2 vs Magic: 516 - 385 - 398  [0.550] 1299
Started game 1312 of 10000 (Magic vs PassedPawnV2)
Finished game 1295 (PassedPawnV2 vs Magic): 1/2-1/2 {Draw by insufficient mating material}
Score of PassedPawnV2 vs Magic: 516 - 385 - 399  [0.550] 1300
Started game 1313 of 10000 (PassedPawnV2 vs Magic)
Finished game 1300 (Magic vs PassedPawnV2): 1-0 {White wins by adjudication}
Score of PassedPawnV2 vs Magic: 516 - 386 - 399  [0.550] 1301
Started game 1314 of 10000 (Magic vs PassedPawnV2)
Finished game 1304 (Magic vs PassedPawnV2): 1-0 {White wins by adjudication}
Score of PassedPawnV2 vs Magic: 516 - 387 - 399  [0.550] 1302
Started game 1315 of 10000 (PassedPawnV2 vs Magic)
Finished game 1303 (PassedPawnV2 vs Magic): 0-1 {Black mates}
Score of PassedPawnV2 vs Magic: 516 - 388 - 399  [0.549] 1303
Started game 1316 of 10000 (Magic vs PassedPawnV2)
Finished game 1305 (PassedPawnV2 vs Magic): 1-0 {White wins by adjudication}
Score of PassedPawnV2 vs Magic: 517 - 388 - 399  [0.549] 1304
Started game 1317 of 10000 (PassedPawnV2 vs Magic)
Finished game 1307 (PassedPawnV2 vs Magic): 1-0 {White wins by adjudication}
Score of PassedPawnV2 vs Magic: 518 - 388 - 399  [0.550] 1305
Started game 1318 of 10000 (Magic vs PassedPawnV2)
Finished game 1306 (Magic vs PassedPawnV2): 0-1 {Black wins by adjudication}
Score of PassedPawnV2 vs Magic: 519 - 388 - 399  [0.550] 1306
Started game 1319 of 10000 (PassedPawnV2 vs Magic)
Finished game 1308 (Magic vs PassedPawnV2): 0-1 {Black wins by adjudication}
Score of PassedPawnV2 vs Magic: 520 - 388 - 399  [0.550] 1307
Started game 1320 of 10000 (Magic vs PassedPawnV2)
Finished game 1302 (Magic vs PassedPawnV2): 1/2-1/2 {Draw by adjudication}
Score of PassedPawnV2 vs Magic: 520 - 388 - 400  [0.550] 1308
Started game 1321 of 10000 (PassedPawnV2 vs Magic)
Finished game 1311 (PassedPawnV2 vs Magic): 0-1 {Black wins by adjudication}
Score of PassedPawnV2 vs Magic: 520 - 389 - 400  [0.550] 1309
Started game 1322 of 10000 (Magic vs PassedPawnV2)
Finished game 1313 (PassedPawnV2 vs Magic): 0-1 {Black wins by adjudication}
Score of PassedPawnV2 vs Magic: 520 - 390 - 400  [0.550] 1310
Started game 1323 of 10000 (PassedPawnV2 vs Magic)
Finished game 1310 (Magic vs PassedPawnV2): 0-1 {Black wins by adjudication}
Score of PassedPawnV2 vs Magic: 521 - 390 - 400  [0.550] 1311
Started game 1324 of 10000 (Magic vs PassedPawnV2)
Finished game 1314 (Magic vs PassedPawnV2): 1/2-1/2 {Draw by 3-fold repetition}
Score of PassedPawnV2 vs Magic: 521 - 390 - 401  [0.550] 1312
Started game 1325 of 10000 (PassedPawnV2 vs Magic)
Finished game 1312 (Magic vs PassedPawnV2): 1/2-1/2 {Draw by insufficient mating material}
Score of PassedPawnV2 vs Magic: 521 - 390 - 402  [0.550] 1313
Started game 1326 of 10000 (Magic vs PassedPawnV2)
Finished game 1309 (PassedPawnV2 vs Magic): 1-0 {White wins by adjudication}
Score of PassedPawnV2 vs Magic: 522 - 390 - 402  [0.550] 1314
Started game 1327 of 10000 (PassedPawnV2 vs Magic)
Finished game 1315 (PassedPawnV2 vs Magic): 0-1 {Black wins by adjudication}
Score of PassedPawnV2 vs Magic: 522 - 391 - 402  [0.550] 1315
Started game 1328 of 10000 (Magic vs PassedPawnV2)
Finished game 1317 (PassedPawnV2 vs Magic): 1-0 {White wins by adjudication}
Score of PassedPawnV2 vs Magic: 523 - 391 - 402  [0.550] 1316
Started game 1329 of 10000 (PassedPawnV2 vs Magic)
Finished game 1322 (Magic vs PassedPawnV2): 1/2-1/2 {Draw by 3-fold repetition}
Score of PassedPawnV2 vs Magic: 523 - 391 - 403  [0.550] 1317
Started game 1330 of 10000 (Magic vs PassedPawnV2)
Finished game 1316 (Magic vs PassedPawnV2): 0-1 {Black mates}
Score of PassedPawnV2 vs Magic: 524 - 391 - 403  [0.550] 1318
Started game 1331 of 10000 (PassedPawnV2 vs Magic)
Finished game 1318 (Magic vs PassedPawnV2): 0-1 {Black wins by adjudication}
Score of PassedPawnV2 vs Magic: 525 - 391 - 403  [0.551] 1319
Started game 1332 of 10000 (Magic vs PassedPawnV2)
Finished game 1320 (Magic vs PassedPawnV2): 1-0 {White wins by adjudication}
Score of PassedPawnV2 vs Magic: 525 - 392 - 403  [0.550] 1320
Started game 1333 of 10000 (PassedPawnV2 vs Magic)
Finished game 1319 (PassedPawnV2 vs Magic): 1-0 {White wins by adjudication}
Score of PassedPawnV2 vs Magic: 526 - 392 - 403  [0.551] 1321
Started game 1334 of 10000 (Magic vs PassedPawnV2)
Finished game 1326 (Magic vs PassedPawnV2): 1/2-1/2 {Draw by 3-fold repetition}
Score of PassedPawnV2 vs Magic: 526 - 392 - 404  [0.551] 1322
Started game 1335 of 10000 (PassedPawnV2 vs Magic)
Finished game 1321 (PassedPawnV2 vs Magic): 0-1 {Black wins by adjudication}
Score of PassedPawnV2 vs Magic: 526 - 393 - 404  [0.550] 1323
Started game 1336 of 10000 (Magic vs PassedPawnV2)
Finished game 1323 (PassedPawnV2 vs Magic): 1-0 {White wins by adjudication}
Score of PassedPawnV2 vs Magic: 527 - 393 - 404  [0.551] 1324
Started game 1337 of 10000 (PassedPawnV2 vs Magic)
Finished game 1327 (PassedPawnV2 vs Magic): 1-0 {White wins by adjudication}
Score of PassedPawnV2 vs Magic: 528 - 393 - 404  [0.551] 1325
Started game 1338 of 10000 (Magic vs PassedPawnV2)
Finished game 1329 (PassedPawnV2 vs Magic): 1/2-1/2 {Draw by adjudication}
Score of PassedPawnV2 vs Magic: 528 - 393 - 405  [0.551] 1326
Started game 1339 of 10000 (PassedPawnV2 vs Magic)
Finished game 1324 (Magic vs PassedPawnV2): 1-0 {White wins by adjudication}
Score of PassedPawnV2 vs Magic: 528 - 394 - 405  [0.550] 1327
Started game 1340 of 10000 (Magic vs PassedPawnV2)
Finished game 1330 (Magic vs PassedPawnV2): 0-1 {Black wins by adjudication}
Score of PassedPawnV2 vs Magic: 529 - 394 - 405  [0.551] 1328
Started game 1341 of 10000 (PassedPawnV2 vs Magic)
Finished game 1325 (PassedPawnV2 vs Magic): 1/2-1/2 {Draw by 3-fold repetition}
Score of PassedPawnV2 vs Magic: 529 - 394 - 406  [0.551] 1329
Started game 1342 of 10000 (Magic vs PassedPawnV2)
Finished game 1328 (Magic vs PassedPawnV2): 0-1 {Black wins by adjudication}
Score of PassedPawnV2 vs Magic: 530 - 394 - 406  [0.551] 1330
Started game 1343 of 10000 (PassedPawnV2 vs Magic)
Finished game 1335 (PassedPawnV2 vs Magic): 1/2-1/2 {Draw by 3-fold repetition}
Score of PassedPawnV2 vs Magic: 530 - 394 - 407  [0.551] 1331
Started game 1344 of 10000 (Magic vs PassedPawnV2)
Finished game 1332 (Magic vs PassedPawnV2): 1-0 {White wins by adjudication}
Score of PassedPawnV2 vs Magic: 530 - 395 - 407  [0.551] 1332
Started game 1345 of 10000 (PassedPawnV2 vs Magic)
Finished game 1331 (PassedPawnV2 vs Magic): 1-0 {White wins by adjudication}
Score of PassedPawnV2 vs Magic: 531 - 395 - 407  [0.551] 1333
Started game 1346 of 10000 (Magic vs PassedPawnV2)
Finished game 1338 (Magic vs PassedPawnV2): 1/2-1/2 {Draw by 3-fold repetition}
Score of PassedPawnV2 vs Magic: 531 - 395 - 408  [0.551] 1334
Started game 1347 of 10000 (PassedPawnV2 vs Magic)
Finished game 1336 (Magic vs PassedPawnV2): 0-1 {Black wins by adjudication}
Score of PassedPawnV2 vs Magic: 532 - 395 - 408  [0.551] 1335
Started game 1348 of 10000 (Magic vs PassedPawnV2)
Finished game 1340 (Magic vs PassedPawnV2): 1/2-1/2 {Draw by 3-fold repetition}
Score of PassedPawnV2 vs Magic: 532 - 395 - 409  [0.551] 1336
Started game 1349 of 10000 (PassedPawnV2 vs Magic)
Finished game 1333 (PassedPawnV2 vs Magic): 1-0 {White wins by adjudication}
Score of PassedPawnV2 vs Magic: 533 - 395 - 409  [0.552] 1337
Started game 1350 of 10000 (Magic vs PassedPawnV2)
Finished game 1343 (PassedPawnV2 vs Magic): 0-1 {Black wins by adjudication}
Score of PassedPawnV2 vs Magic: 533 - 396 - 409  [0.551] 1338
Started game 1351 of 10000 (PassedPawnV2 vs Magic)
Finished game 1337 (PassedPawnV2 vs Magic): 1-0 {White wins by adjudication}
Score of PassedPawnV2 vs Magic: 534 - 396 - 409  [0.552] 1339
Started game 1352 of 10000 (Magic vs PassedPawnV2)
Finished game 1334 (Magic vs PassedPawnV2): 1-0 {White wins by adjudication}
Score of PassedPawnV2 vs Magic: 534 - 397 - 409  [0.551] 1340
Started game 1353 of 10000 (PassedPawnV2 vs Magic)
Finished game 1339 (PassedPawnV2 vs Magic): 1/2-1/2 {Draw by insufficient mating material}
Score of PassedPawnV2 vs Magic: 534 - 397 - 410  [0.551] 1341
Started game 1354 of 10000 (Magic vs PassedPawnV2)
Finished game 1342 (Magic vs PassedPawnV2): 1-0 {White wins by adjudication}
Score of PassedPawnV2 vs Magic: 534 - 398 - 410  [0.551] 1342
Started game 1355 of 10000 (PassedPawnV2 vs Magic)
Finished game 1348 (Magic vs PassedPawnV2): 1/2-1/2 {Draw by 3-fold repetition}
Score of PassedPawnV2 vs Magic: 534 - 398 - 411  [0.551] 1343
Started game 1356 of 10000 (Magic vs PassedPawnV2)
Finished game 1352 (Magic vs PassedPawnV2): 1/2-1/2 {Draw by 3-fold repetition}
Score of PassedPawnV2 vs Magic: 534 - 398 - 412  [0.551] 1344
Started game 1357 of 10000 (PassedPawnV2 vs Magic)
Finished game 1347 (PassedPawnV2 vs Magic): 0-1 {Black wins by adjudication}
Score of PassedPawnV2 vs Magic: 534 - 399 - 412  [0.550] 1345
Started game 1358 of 10000 (Magic vs PassedPawnV2)
Finished game 1344 (Magic vs PassedPawnV2): 0-1 {Black wins by adjudication}
Score of PassedPawnV2 vs Magic: 535 - 399 - 412  [0.551] 1346
Started game 1359 of 10000 (PassedPawnV2 vs Magic)
Finished game 1346 (Magic vs PassedPawnV2): 1-0 {White wins by adjudication}
Score of PassedPawnV2 vs Magic: 535 - 400 - 412  [0.550] 1347
Started game 1360 of 10000 (Magic vs PassedPawnV2)
Finished game 1345 (PassedPawnV2 vs Magic): 0-1 {Black wins by adjudication}
Score of PassedPawnV2 vs Magic: 535 - 401 - 412  [0.550] 1348
Started game 1361 of 10000 (PassedPawnV2 vs Magic)
Finished game 1350 (Magic vs PassedPawnV2): 1-0 {White wins by adjudication}
Score of PassedPawnV2 vs Magic: 535 - 402 - 412  [0.549] 1349
Started game 1362 of 10000 (Magic vs PassedPawnV2)
Finished game 1341 (PassedPawnV2 vs Magic): 1/2-1/2 {Draw by fifty moves rule}
Score of PassedPawnV2 vs Magic: 535 - 402 - 413  [0.549] 1350
Started game 1363 of 10000 (PassedPawnV2 vs Magic)
Finished game 1351 (PassedPawnV2 vs Magic): 1-0 {White wins by adjudication}
Score of PassedPawnV2 vs Magic: 536 - 402 - 413  [0.550] 1351
Started game 1364 of 10000 (Magic vs PassedPawnV2)
Finished game 1349 (PassedPawnV2 vs Magic): 1/2-1/2 {Draw by 3-fold repetition}
Score of PassedPawnV2 vs Magic: 536 - 402 - 414  [0.550] 1352
Started game 1365 of 10000 (PassedPawnV2 vs Magic)
Finished game 1354 (Magic vs PassedPawnV2): 1-0 {White wins by adjudication}
Score of PassedPawnV2 vs Magic: 536 - 403 - 414  [0.549] 1353
Started game 1366 of 10000 (Magic vs PassedPawnV2)
Finished game 1355 (PassedPawnV2 vs Magic): 1/2-1/2 {Draw by 3-fold repetition}
Score of PassedPawnV2 vs Magic: 536 - 403 - 415  [0.549] 1354
Started game 1367 of 10000 (PassedPawnV2 vs Magic)
Finished game 1353 (PassedPawnV2 vs Magic): 0-1 {Black wins by adjudication}
Score of PassedPawnV2 vs Magic: 536 - 404 - 415  [0.549] 1355
Started game 1368 of 10000 (Magic vs PassedPawnV2)
Finished game 1360 (Magic vs PassedPawnV2): 1-0 {White wins by adjudication}
Score of PassedPawnV2 vs Magic: 536 - 405 - 415  [0.548] 1356
Started game 1369 of 10000 (PassedPawnV2 vs Magic)
Finished game 1356 (Magic vs PassedPawnV2): 0-1 {Black wins by adjudication}
Score of PassedPawnV2 vs Magic: 537 - 405 - 415  [0.549] 1357
Started game 1370 of 10000 (Magic vs PassedPawnV2)
Finished game 1358 (Magic vs PassedPawnV2): 1/2-1/2 {Draw by 3-fold repetition}
Score of PassedPawnV2 vs Magic: 537 - 405 - 416  [0.549] 1358
Started game 1371 of 10000 (PassedPawnV2 vs Magic)
Finished game 1364 (Magic vs PassedPawnV2): 0-1 {Black wins by adjudication}
Score of PassedPawnV2 vs Magic: 538 - 405 - 416  [0.549] 1359
Started game 1372 of 10000 (Magic vs PassedPawnV2)
Finished game 1357 (PassedPawnV2 vs Magic): 0-1 {Black wins by adjudication}
Score of PassedPawnV2 vs Magic: 538 - 406 - 416  [0.549] 1360
Started game 1373 of 10000 (PassedPawnV2 vs Magic)
Finished game 1359 (PassedPawnV2 vs Magic): 1/2-1/2 {Draw by fifty moves rule}
Score of PassedPawnV2 vs Magic: 538 - 406 - 417  [0.548] 1361
Started game 1374 of 10000 (Magic vs PassedPawnV2)
Finished game 1365 (PassedPawnV2 vs Magic): 1-0 {White wins by adjudication}
Score of PassedPawnV2 vs Magic: 539 - 406 - 417  [0.549] 1362
Started game 1375 of 10000 (PassedPawnV2 vs Magic)
Finished game 1362 (Magic vs PassedPawnV2): 1-0 {White wins by adjudication}
Score of PassedPawnV2 vs Magic: 539 - 407 - 417  [0.548] 1363
Started game 1376 of 10000 (Magic vs PassedPawnV2)
Finished game 1363 (PassedPawnV2 vs Magic): 1/2-1/2 {Draw by adjudication}
Score of PassedPawnV2 vs Magic: 539 - 407 - 418  [0.548] 1364
Started game 1377 of 10000 (PassedPawnV2 vs Magic)
Finished game 1370 (Magic vs PassedPawnV2): 0-1 {Black wins by adjudication}
Score of PassedPawnV2 vs Magic: 540 - 407 - 418  [0.549] 1365
Started game 1378 of 10000 (Magic vs PassedPawnV2)
Finished game 1366 (Magic vs PassedPawnV2): 0-1 {Black wins by adjudication}
Score of PassedPawnV2 vs Magic: 541 - 407 - 418  [0.549] 1366
Started game 1379 of 10000 (PassedPawnV2 vs Magic)
Finished game 1367 (PassedPawnV2 vs Magic): 0-1 {Black wins by adjudication}
Score of PassedPawnV2 vs Magic: 541 - 408 - 418  [0.549] 1367
Started game 1380 of 10000 (Magic vs PassedPawnV2)
Finished game 1371 (PassedPawnV2 vs Magic): 1-0 {White wins by adjudication}
Score of PassedPawnV2 vs Magic: 542 - 408 - 418  [0.549] 1368
Started game 1381 of 10000 (PassedPawnV2 vs Magic)
Finished game 1369 (PassedPawnV2 vs Magic): 1-0 {White mates}
Score of PassedPawnV2 vs Magic: 543 - 408 - 418  [0.549] 1369
Started game 1382 of 10000 (Magic vs PassedPawnV2)
Finished game 1372 (Magic vs PassedPawnV2): 1/2-1/2 {Draw by adjudication}
Score of PassedPawnV2 vs Magic: 543 - 408 - 419  [0.549] 1370
Started game 1383 of 10000 (PassedPawnV2 vs Magic)
Finished game 1361 (PassedPawnV2 vs Magic): 1/2-1/2 {Draw by fifty moves rule}
Score of PassedPawnV2 vs Magic: 543 - 408 - 420  [0.549] 1371
Started game 1384 of 10000 (Magic vs PassedPawnV2)
Finished game 1368 (Magic vs PassedPawnV2): 1-0 {White wins by adjudication}
Score of PassedPawnV2 vs Magic: 543 - 409 - 420  [0.549] 1372
Started game 1385 of 10000 (PassedPawnV2 vs Magic)
Finished game 1375 (PassedPawnV2 vs Magic): 1-0 {White wins by adjudication}
Score of PassedPawnV2 vs Magic: 544 - 409 - 420  [0.549] 1373
Started game 1386 of 10000 (Magic vs PassedPawnV2)
Finished game 1374 (Magic vs PassedPawnV2): 1-0 {White wins by adjudication}
Score of PassedPawnV2 vs Magic: 544 - 410 - 420  [0.549] 1374
Started game 1387 of 10000 (PassedPawnV2 vs Magic)
Finished game 1376 (Magic vs PassedPawnV2): 0-1 {Black wins by adjudication}
Score of PassedPawnV2 vs Magic: 545 - 410 - 420  [0.549] 1375
Started game 1388 of 10000 (Magic vs PassedPawnV2)
Finished game 1373 (PassedPawnV2 vs Magic): 1/2-1/2 {Draw by 3-fold repetition}
Score of PassedPawnV2 vs Magic: 545 - 410 - 421  [0.549] 1376
Started game 1389 of 10000 (PassedPawnV2 vs Magic)
Finished game 1379 (PassedPawnV2 vs Magic): 1/2-1/2 {Draw by adjudication}
Score of PassedPawnV2 vs Magic: 545 - 410 - 422  [0.549] 1377
Started game 1390 of 10000 (Magic vs PassedPawnV2)
Finished game 1380 (Magic vs PassedPawnV2): 1-0 {White wins by adjudication}
Score of PassedPawnV2 vs Magic: 545 - 411 - 422  [0.549] 1378
Started game 1391 of 10000 (PassedPawnV2 vs Magic)
Finished game 1391 (PassedPawnV2 vs Magic): 0-1 {Black mates}
Score of PassedPawnV2 vs Magic: 545 - 412 - 422  [0.548] 1379
Started game 1392 of 10000 (Magic vs PassedPawnV2)
Finished game 1392 (Magic vs PassedPawnV2): 0-1 {Black mates}
Score of PassedPawnV2 vs Magic: 546 - 412 - 422  [0.549] 1380
Started game 1393 of 10000 (PassedPawnV2 vs Magic)
Finished game 1389 (PassedPawnV2 vs Magic): 0-1 {Black wins by adjudication}
Score of PassedPawnV2 vs Magic: 546 - 413 - 422  [0.548] 1381
Started game 1394 of 10000 (Magic vs PassedPawnV2)
Finished game 1390 (Magic vs PassedPawnV2): 0-1 {Black wins by adjudication}
Score of PassedPawnV2 vs Magic: 547 - 413 - 422  [0.548] 1382
Started game 1395 of 10000 (PassedPawnV2 vs Magic)
Finished game 1378 (Magic vs PassedPawnV2): 1-0 {White wins by adjudication}
Score of PassedPawnV2 vs Magic: 547 - 414 - 422  [0.548] 1383
Started game 1396 of 10000 (Magic vs PassedPawnV2)
Finished game 1377 (PassedPawnV2 vs Magic): 1/2-1/2 {Draw by fifty moves rule}
Score of PassedPawnV2 vs Magic: 547 - 414 - 423  [0.548] 1384
Started game 1397 of 10000 (PassedPawnV2 vs Magic)
Finished game 1383 (PassedPawnV2 vs Magic): 1-0 {White wins by adjudication}
Score of PassedPawnV2 vs Magic: 548 - 414 - 423  [0.548] 1385
Started game 1398 of 10000 (Magic vs PassedPawnV2)
Finished game 1384 (Magic vs PassedPawnV2): 1-0 {White wins by adjudication}
Score of PassedPawnV2 vs Magic: 548 - 415 - 423  [0.548] 1386
Started game 1399 of 10000 (PassedPawnV2 vs Magic)
Finished game 1381 (PassedPawnV2 vs Magic): 1-0 {White wins by adjudication}
Score of PassedPawnV2 vs Magic: 549 - 415 - 423  [0.548] 1387
Started game 1400 of 10000 (Magic vs PassedPawnV2)
Finished game 1382 (Magic vs PassedPawnV2): 0-1 {Black wins by adjudication}
Score of PassedPawnV2 vs Magic: 550 - 415 - 423  [0.549] 1388
Started game 1401 of 10000 (PassedPawnV2 vs Magic)
Finished game 1385 (PassedPawnV2 vs Magic): 1/2-1/2 {Draw by 3-fold repetition}
Score of PassedPawnV2 vs Magic: 550 - 415 - 424  [0.549] 1389
Started game 1402 of 10000 (Magic vs PassedPawnV2)
Finished game 1386 (Magic vs PassedPawnV2): 1/2-1/2 {Draw by 3-fold repetition}
Score of PassedPawnV2 vs Magic: 550 - 415 - 425  [0.549] 1390
Started game 1403 of 10000 (PassedPawnV2 vs Magic)
Finished game 1387 (PassedPawnV2 vs Magic): 1-0 {White wins by adjudication}
Score of PassedPawnV2 vs Magic: 551 - 415 - 425  [0.549] 1391
Started game 1404 of 10000 (Magic vs PassedPawnV2)
Finished game 1396 (Magic vs PassedPawnV2): 1/2-1/2 {Draw by 3-fold repetition}
Score of PassedPawnV2 vs Magic: 551 - 415 - 426  [0.549] 1392
Started game 1405 of 10000 (PassedPawnV2 vs Magic)
Finished game 1394 (Magic vs PassedPawnV2): 1-0 {White wins by adjudication}
Score of PassedPawnV2 vs Magic: 551 - 416 - 426  [0.548] 1393
Started game 1406 of 10000 (Magic vs PassedPawnV2)
Finished game 1388 (Magic vs PassedPawnV2): 1/2-1/2 {Draw by adjudication}
Score of PassedPawnV2 vs Magic: 551 - 416 - 427  [0.548] 1394
Started game 1407 of 10000 (PassedPawnV2 vs Magic)
Finished game 1397 (PassedPawnV2 vs Magic): 1/2-1/2 {Draw by 3-fold repetition}
Score of PassedPawnV2 vs Magic: 551 - 416 - 428  [0.548] 1395
Started game 1408 of 10000 (Magic vs PassedPawnV2)
Finished game 1395 (PassedPawnV2 vs Magic): 0-1 {Black wins by adjudication}
Score of PassedPawnV2 vs Magic: 551 - 417 - 428  [0.548] 1396
Started game 1409 of 10000 (PassedPawnV2 vs Magic)
Finished game 1399 (PassedPawnV2 vs Magic): 0-1 {Black wins by adjudication}
Score of PassedPawnV2 vs Magic: 551 - 418 - 428  [0.548] 1397
Started game 1410 of 10000 (Magic vs PassedPawnV2)
Finished game 1401 (PassedPawnV2 vs Magic): 0-1 {Black wins by adjudication}
Score of PassedPawnV2 vs Magic: 551 - 419 - 428  [0.547] 1398
Started game 1411 of 10000 (PassedPawnV2 vs Magic)
Finished game 1398 (Magic vs PassedPawnV2): 1-0 {White wins by adjudication}
Score of PassedPawnV2 vs Magic: 551 - 420 - 428  [0.547] 1399
Started game 1412 of 10000 (Magic vs PassedPawnV2)
Finished game 1393 (PassedPawnV2 vs Magic): 1/2-1/2 {Draw by fifty moves rule}
Score of PassedPawnV2 vs Magic: 551 - 420 - 429  [0.547] 1400
Started game 1413 of 10000 (PassedPawnV2 vs Magic)
Finished game 1403 (PassedPawnV2 vs Magic): 1/2-1/2 {Draw by insufficient mating material}
Score of PassedPawnV2 vs Magic: 551 - 420 - 430  [0.547] 1401
Started game 1414 of 10000 (Magic vs PassedPawnV2)
Finished game 1404 (Magic vs PassedPawnV2): 0-1 {Black wins by adjudication}
Score of PassedPawnV2 vs Magic: 552 - 420 - 430  [0.547] 1402
Started game 1415 of 10000 (PassedPawnV2 vs Magic)
Finished game 1402 (Magic vs PassedPawnV2): 1/2-1/2 {Draw by 3-fold repetition}
Score of PassedPawnV2 vs Magic: 552 - 420 - 431  [0.547] 1403
Started game 1416 of 10000 (Magic vs PassedPawnV2)
Finished game 1407 (PassedPawnV2 vs Magic): 0-1 {Black wins by adjudication}
Score of PassedPawnV2 vs Magic: 552 - 421 - 431  [0.547] 1404
Started game 1417 of 10000 (PassedPawnV2 vs Magic)
Finished game 1406 (Magic vs PassedPawnV2): 0-1 {Black wins by adjudication}
Score of PassedPawnV2 vs Magic: 553 - 421 - 431  [0.547] 1405
Started game 1418 of 10000 (Magic vs PassedPawnV2)
Finished game 1400 (Magic vs PassedPawnV2): 1/2-1/2 {Draw by fifty moves rule}
Score of PassedPawnV2 vs Magic: 553 - 421 - 432  [0.547] 1406
Started game 1419 of 10000 (PassedPawnV2 vs Magic)
Finished game 1405 (PassedPawnV2 vs Magic): 0-1 {Black wins by adjudication}
Score of PassedPawnV2 vs Magic: 553 - 422 - 432  [0.547] 1407
Started game 1420 of 10000 (Magic vs PassedPawnV2)
Finished game 1416 (Magic vs PassedPawnV2): 1/2-1/2 {Draw by 3-fold repetition}
Score of PassedPawnV2 vs Magic: 553 - 422 - 433  [0.547] 1408
Started game 1421 of 10000 (PassedPawnV2 vs Magic)
Finished game 1413 (PassedPawnV2 vs Magic): 1-0 {White wins by adjudication}
Score of PassedPawnV2 vs Magic: 554 - 422 - 433  [0.547] 1409
Started game 1422 of 10000 (Magic vs PassedPawnV2)
Finished game 1412 (Magic vs PassedPawnV2): 1-0 {White wins by adjudication}
Score of PassedPawnV2 vs Magic: 554 - 423 - 433  [0.546] 1410
Started game 1423 of 10000 (PassedPawnV2 vs Magic)
Finished game 1411 (PassedPawnV2 vs Magic): 1/2-1/2 {Draw by insufficient mating material}
Score of PassedPawnV2 vs Magic: 554 - 423 - 434  [0.546] 1411
Started game 1424 of 10000 (Magic vs PassedPawnV2)
Finished game 1414 (Magic vs PassedPawnV2): 1-0 {White wins by adjudication}
Score of PassedPawnV2 vs Magic: 554 - 424 - 434  [0.546] 1412
Started game 1425 of 10000 (PassedPawnV2 vs Magic)
Finished game 1418 (Magic vs PassedPawnV2): 1/2-1/2 {Draw by 3-fold repetition}
Score of PassedPawnV2 vs Magic: 554 - 424 - 435  [0.546] 1413
Started game 1426 of 10000 (Magic vs PassedPawnV2)
Finished game 1408 (Magic vs PassedPawnV2): 1/2-1/2 {Draw by adjudication}
Score of PassedPawnV2 vs Magic: 554 - 424 - 436  [0.546] 1414
Started game 1427 of 10000 (PassedPawnV2 vs Magic)
Finished game 1417 (PassedPawnV2 vs Magic): 1-0 {White wins by adjudication}
Score of PassedPawnV2 vs Magic: 555 - 424 - 436  [0.546] 1415
Started game 1428 of 10000 (Magic vs PassedPawnV2)
Finished game 1410 (Magic vs PassedPawnV2): 1/2-1/2 {Draw by insufficient mating material}
Score of PassedPawnV2 vs Magic: 555 - 424 - 437  [0.546] 1416
Started game 1429 of 10000 (PassedPawnV2 vs Magic)
Finished game 1409 (PassedPawnV2 vs Magic): 0-1 {Black wins by adjudication}
Score of PassedPawnV2 vs Magic: 555 - 425 - 437  [0.546] 1417
Started game 1430 of 10000 (Magic vs PassedPawnV2)
Finished game 1415 (PassedPawnV2 vs Magic): 1-0 {White wins by adjudication}
Score of PassedPawnV2 vs Magic: 556 - 425 - 437  [0.546] 1418
Started game 1431 of 10000 (PassedPawnV2 vs Magic)
Finished game 1420 (Magic vs PassedPawnV2): 0-1 {Black wins by adjudication}
Score of PassedPawnV2 vs Magic: 557 - 425 - 437  [0.547] 1419
Started game 1432 of 10000 (Magic vs PassedPawnV2)
Finished game 1419 (PassedPawnV2 vs Magic): 1-0 {White wins by adjudication}
Score of PassedPawnV2 vs Magic: 558 - 425 - 437  [0.547] 1420
Started game 1433 of 10000 (PassedPawnV2 vs Magic)
Finished game 1422 (Magic vs PassedPawnV2): 1-0 {White wins by adjudication}
Score of PassedPawnV2 vs Magic: 558 - 426 - 437  [0.546] 1421
Started game 1434 of 10000 (Magic vs PassedPawnV2)
Finished game 1421 (PassedPawnV2 vs Magic): 0-1 {Black wins by adjudication}
Score of PassedPawnV2 vs Magic: 558 - 427 - 437  [0.546] 1422
Started game 1435 of 10000 (PassedPawnV2 vs Magic)
Finished game 1430 (Magic vs PassedPawnV2): 1-0 {White wins by adjudication}
Score of PassedPawnV2 vs Magic: 558 - 428 - 437  [0.546] 1423
Started game 1436 of 10000 (Magic vs PassedPawnV2)
Finished game 1423 (PassedPawnV2 vs Magic): 0-1 {Black wins by adjudication}
Score of PassedPawnV2 vs Magic: 558 - 429 - 437  [0.545] 1424
Started game 1437 of 10000 (PassedPawnV2 vs Magic)
Finished game 1425 (PassedPawnV2 vs Magic): 0-1 {Black wins by adjudication}
Score of PassedPawnV2 vs Magic: 558 - 430 - 437  [0.545] 1425
Started game 1438 of 10000 (Magic vs PassedPawnV2)
Finished game 1424 (Magic vs PassedPawnV2): 0-1 {Black wins by adjudication}
Score of PassedPawnV2 vs Magic: 559 - 430 - 437  [0.545] 1426
Started game 1439 of 10000 (PassedPawnV2 vs Magic)
Finished game 1428 (Magic vs PassedPawnV2): 0-1 {Black wins by adjudication}
Score of PassedPawnV2 vs Magic: 560 - 430 - 437  [0.546] 1427
Started game 1440 of 10000 (Magic vs PassedPawnV2)
Finished game 1427 (PassedPawnV2 vs Magic): 1/2-1/2 {Draw by insufficient mating material}
Score of PassedPawnV2 vs Magic: 560 - 430 - 438  [0.546] 1428
Started game 1441 of 10000 (PassedPawnV2 vs Magic)
Finished game 1429 (PassedPawnV2 vs Magic): 1-0 {White wins by adjudication}
Score of PassedPawnV2 vs Magic: 561 - 430 - 438  [0.546] 1429
Started game 1442 of 10000 (Magic vs PassedPawnV2)
Finished game 1431 (PassedPawnV2 vs Magic): 0-1 {Black wins by adjudication}
Score of PassedPawnV2 vs Magic: 561 - 431 - 438  [0.545] 1430
Started game 1443 of 10000 (PassedPawnV2 vs Magic)
Finished game 1432 (Magic vs PassedPawnV2): 0-1 {Black wins by adjudication}
Score of PassedPawnV2 vs Magic: 562 - 431 - 438  [0.546] 1431
Started game 1444 of 10000 (Magic vs PassedPawnV2)
Finished game 1434 (Magic vs PassedPawnV2): 1-0 {White wins by adjudication}
Score of PassedPawnV2 vs Magic: 562 - 432 - 438  [0.545] 1432
Started game 1445 of 10000 (PassedPawnV2 vs Magic)
Finished game 1435 (PassedPawnV2 vs Magic): 0-1 {Black wins by adjudication}
Score of PassedPawnV2 vs Magic: 562 - 433 - 438  [0.545] 1433
Started game 1446 of 10000 (Magic vs PassedPawnV2)
Finished game 1433 (PassedPawnV2 vs Magic): 0-1 {Black wins by adjudication}
Score of PassedPawnV2 vs Magic: 562 - 434 - 438  [0.545] 1434
Started game 1447 of 10000 (PassedPawnV2 vs Magic)
Finished game 1436 (Magic vs PassedPawnV2): 1/2-1/2 {Draw by stalemate}
Score of PassedPawnV2 vs Magic: 562 - 434 - 439  [0.545] 1435
Started game 1448 of 10000 (Magic vs PassedPawnV2)
Finished game 1426 (Magic vs PassedPawnV2): 1/2-1/2 {Draw by insufficient mating material}
Score of PassedPawnV2 vs Magic: 562 - 434 - 440  [0.545] 1436
Started game 1449 of 10000 (PassedPawnV2 vs Magic)
Finished game 1438 (Magic vs PassedPawnV2): 0-1 {Black wins by adjudication}
Score of PassedPawnV2 vs Magic: 563 - 434 - 440  [0.545] 1437
Started game 1450 of 10000 (Magic vs PassedPawnV2)
Finished game 1439 (PassedPawnV2 vs Magic): 1-0 {White wins by adjudication}
Score of PassedPawnV2 vs Magic: 564 - 434 - 440  [0.545] 1438
Started game 1451 of 10000 (PassedPawnV2 vs Magic)
Finished game 1440 (Magic vs PassedPawnV2): 1-0 {White wins by adjudication}
Score of PassedPawnV2 vs Magic: 564 - 435 - 440  [0.545] 1439
Started game 1452 of 10000 (Magic vs PassedPawnV2)
Finished game 1437 (PassedPawnV2 vs Magic): 0-1 {Black wins by adjudication}
Score of PassedPawnV2 vs Magic: 564 - 436 - 440  [0.544] 1440
Started game 1453 of 10000 (PassedPawnV2 vs Magic)
Finished game 1444 (Magic vs PassedPawnV2): 1/2-1/2 {Draw by insufficient mating material}
Score of PassedPawnV2 vs Magic: 564 - 436 - 441  [0.544] 1441
Started game 1454 of 10000 (Magic vs PassedPawnV2)
Finished game 1441 (PassedPawnV2 vs Magic): 0-1 {Black wins by adjudication}
Score of PassedPawnV2 vs Magic: 564 - 437 - 441  [0.544] 1442
Started game 1455 of 10000 (PassedPawnV2 vs Magic)
Finished game 1446 (Magic vs PassedPawnV2): 0-1 {Black wins by adjudication}
Score of PassedPawnV2 vs Magic: 565 - 437 - 441  [0.544] 1443
Started game 1456 of 10000 (Magic vs PassedPawnV2)
Finished game 1442 (Magic vs PassedPawnV2): 0-1 {Black wins by adjudication}
Score of PassedPawnV2 vs Magic: 566 - 437 - 441  [0.545] 1444
Started game 1457 of 10000 (PassedPawnV2 vs Magic)
Finished game 1443 (PassedPawnV2 vs Magic): 1-0 {White wins by adjudication}
Score of PassedPawnV2 vs Magic: 567 - 437 - 441  [0.545] 1445
Started game 1458 of 10000 (Magic vs PassedPawnV2)
Finished game 1447 (PassedPawnV2 vs Magic): 0-1 {Black wins by adjudication}
Score of PassedPawnV2 vs Magic: 567 - 438 - 441  [0.545] 1446
Started game 1459 of 10000 (PassedPawnV2 vs Magic)
Finished game 1448 (Magic vs PassedPawnV2): 1-0 {White wins by adjudication}
Score of PassedPawnV2 vs Magic: 567 - 439 - 441  [0.544] 1447
Started game 1460 of 10000 (Magic vs PassedPawnV2)
Finished game 1445 (PassedPawnV2 vs Magic): 0-1 {Black wins by adjudication}
Score of PassedPawnV2 vs Magic: 567 - 440 - 441  [0.544] 1448
Started game 1461 of 10000 (PassedPawnV2 vs Magic)
Finished game 1450 (Magic vs PassedPawnV2): 0-1 {Black wins by adjudication}
Score of PassedPawnV2 vs Magic: 568 - 440 - 441  [0.544] 1449
Started game 1462 of 10000 (Magic vs PassedPawnV2)
Finished game 1452 (Magic vs PassedPawnV2): 0-1 {Black wins by adjudication}
Score of PassedPawnV2 vs Magic: 569 - 440 - 441  [0.544] 1450
Started game 1463 of 10000 (PassedPawnV2 vs Magic)
Finished game 1457 (PassedPawnV2 vs Magic): 1/2-1/2 {Draw by 3-fold repetition}
Score of PassedPawnV2 vs Magic: 569 - 440 - 442  [0.544] 1451
Started game 1464 of 10000 (Magic vs PassedPawnV2)
Finished game 1451 (PassedPawnV2 vs Magic): 0-1 {Black wins by adjudication}
Score of PassedPawnV2 vs Magic: 569 - 441 - 442  [0.544] 1452
Started game 1465 of 10000 (PassedPawnV2 vs Magic)
Finished game 1449 (PassedPawnV2 vs Magic): 0-1 {Black wins by adjudication}
Score of PassedPawnV2 vs Magic: 569 - 442 - 442  [0.544] 1453
Started game 1466 of 10000 (Magic vs PassedPawnV2)
Finished game 1455 (PassedPawnV2 vs Magic): 1/2-1/2 {Draw by 3-fold repetition}
Score of PassedPawnV2 vs Magic: 569 - 442 - 443  [0.544] 1454
Started game 1467 of 10000 (PassedPawnV2 vs Magic)
Finished game 1453 (PassedPawnV2 vs Magic): 0-1 {Black wins by adjudication}
Score of PassedPawnV2 vs Magic: 569 - 443 - 443  [0.543] 1455
Started game 1468 of 10000 (Magic vs PassedPawnV2)
Finished game 1456 (Magic vs PassedPawnV2): 1-0 {White wins by adjudication}
Score of PassedPawnV2 vs Magic: 569 - 444 - 443  [0.543] 1456
Started game 1469 of 10000 (PassedPawnV2 vs Magic)
Finished game 1459 (PassedPawnV2 vs Magic): 0-1 {Black mates}
Score of PassedPawnV2 vs Magic: 569 - 445 - 443  [0.543] 1457
Started game 1470 of 10000 (Magic vs PassedPawnV2)
Finished game 1458 (Magic vs PassedPawnV2): 1-0 {White wins by adjudication}
Score of PassedPawnV2 vs Magic: 569 - 446 - 443  [0.542] 1458
Started game 1471 of 10000 (PassedPawnV2 vs Magic)
Finished game 1454 (Magic vs PassedPawnV2): 0-1 {Black wins by adjudication}
Score of PassedPawnV2 vs Magic: 570 - 446 - 443  [0.542] 1459
Started game 1472 of 10000 (Magic vs PassedPawnV2)
Finished game 1465 (PassedPawnV2 vs Magic): 1-0 {White wins by adjudication}
Score of PassedPawnV2 vs Magic: 571 - 446 - 443  [0.543] 1460
Started game 1473 of 10000 (PassedPawnV2 vs Magic)
Finished game 1464 (Magic vs PassedPawnV2): 1-0 {White wins by adjudication}
Score of PassedPawnV2 vs Magic: 571 - 447 - 443  [0.542] 1461
Started game 1474 of 10000 (Magic vs PassedPawnV2)
Finished game 1461 (PassedPawnV2 vs Magic): 0-1 {Black wins by adjudication}
Score of PassedPawnV2 vs Magic: 571 - 448 - 443  [0.542] 1462
Started game 1475 of 10000 (PassedPawnV2 vs Magic)
Finished game 1462 (Magic vs PassedPawnV2): 1-0 {White wins by adjudication}
Score of PassedPawnV2 vs Magic: 571 - 449 - 443  [0.542] 1463
Started game 1476 of 10000 (Magic vs PassedPawnV2)
Finished game 1460 (Magic vs PassedPawnV2): 1/2-1/2 {Draw by adjudication}
Score of PassedPawnV2 vs Magic: 571 - 449 - 444  [0.542] 1464
Started game 1477 of 10000 (PassedPawnV2 vs Magic)
Finished game 1463 (PassedPawnV2 vs Magic): 0-1 {Black wins by adjudication}
Score of PassedPawnV2 vs Magic: 571 - 450 - 444  [0.541] 1465
Started game 1478 of 10000 (Magic vs PassedPawnV2)
Finished game 1468 (Magic vs PassedPawnV2): 0-1 {Black wins by adjudication}
Score of PassedPawnV2 vs Magic: 572 - 450 - 444  [0.542] 1466
Started game 1479 of 10000 (PassedPawnV2 vs Magic)
Finished game 1466 (Magic vs PassedPawnV2): 0-1 {Black wins by adjudication}
Score of PassedPawnV2 vs Magic: 573 - 450 - 444  [0.542] 1467
Started game 1480 of 10000 (Magic vs PassedPawnV2)
Finished game 1469 (PassedPawnV2 vs Magic): 1-0 {White wins by adjudication}
Score of PassedPawnV2 vs Magic: 574 - 450 - 444  [0.542] 1468
Started game 1481 of 10000 (PassedPawnV2 vs Magic)
Finished game 1467 (PassedPawnV2 vs Magic): 1/2-1/2 {Draw by 3-fold repetition}
Score of PassedPawnV2 vs Magic: 574 - 450 - 445  [0.542] 1469
Started game 1482 of 10000 (Magic vs PassedPawnV2)
Finished game 1471 (PassedPawnV2 vs Magic): 1-0 {White wins by adjudication}
Score of PassedPawnV2 vs Magic: 575 - 450 - 445  [0.543] 1470
Started game 1483 of 10000 (PassedPawnV2 vs Magic)
Finished game 1475 (PassedPawnV2 vs Magic): 1/2-1/2 {Draw by 3-fold repetition}
Score of PassedPawnV2 vs Magic: 575 - 450 - 446  [0.542] 1471
Started game 1484 of 10000 (Magic vs PassedPawnV2)
Finished game 1476 (Magic vs PassedPawnV2): 1/2-1/2 {Draw by 3-fold repetition}
Score of PassedPawnV2 vs Magic: 575 - 450 - 447  [0.542] 1472
Started game 1485 of 10000 (PassedPawnV2 vs Magic)
Finished game 1472 (Magic vs PassedPawnV2): 1/2-1/2 {Draw by adjudication}
Score of PassedPawnV2 vs Magic: 575 - 450 - 448  [0.542] 1473
Started game 1486 of 10000 (Magic vs PassedPawnV2)
Finished game 1477 (PassedPawnV2 vs Magic): 0-1 {Black wins by adjudication}
Score of PassedPawnV2 vs Magic: 575 - 451 - 448  [0.542] 1474
Started game 1487 of 10000 (PassedPawnV2 vs Magic)
Finished game 1473 (PassedPawnV2 vs Magic): 1-0 {White wins by adjudication}
Score of PassedPawnV2 vs Magic: 576 - 451 - 448  [0.542] 1475
Started game 1488 of 10000 (Magic vs PassedPawnV2)
Finished game 1474 (Magic vs PassedPawnV2): 0-1 {Black wins by adjudication}
Score of PassedPawnV2 vs Magic: 577 - 451 - 448  [0.543] 1476
Started game 1489 of 10000 (PassedPawnV2 vs Magic)
Finished game 1478 (Magic vs PassedPawnV2): 0-1 {Black wins by adjudication}
Score of PassedPawnV2 vs Magic: 578 - 451 - 448  [0.543] 1477
Started game 1490 of 10000 (Magic vs PassedPawnV2)
Finished game 1479 (PassedPawnV2 vs Magic): 0-1 {Black wins by adjudication}
Score of PassedPawnV2 vs Magic: 578 - 452 - 448  [0.543] 1478
Started game 1491 of 10000 (PassedPawnV2 vs Magic)
Finished game 1480 (Magic vs PassedPawnV2): 1/2-1/2 {Draw by 3-fold repetition}
Score of PassedPawnV2 vs Magic: 578 - 452 - 449  [0.543] 1479
Started game 1492 of 10000 (Magic vs PassedPawnV2)
Finished game 1481 (PassedPawnV2 vs Magic): 1-0 {White wins by adjudication}
Score of PassedPawnV2 vs Magic: 579 - 452 - 449  [0.543] 1480
Started game 1493 of 10000 (PassedPawnV2 vs Magic)
Finished game 1470 (Magic vs PassedPawnV2): 1/2-1/2 {Draw by fifty moves rule}
Score of PassedPawnV2 vs Magic: 579 - 452 - 450  [0.543] 1481
Started game 1494 of 10000 (Magic vs PassedPawnV2)
Finished game 1482 (Magic vs PassedPawnV2): 1-0 {White wins by adjudication}
Score of PassedPawnV2 vs Magic: 579 - 453 - 450  [0.543] 1482
Started game 1495 of 10000 (PassedPawnV2 vs Magic)
Finished game 1484 (Magic vs PassedPawnV2): 0-1 {Black wins by adjudication}
Score of PassedPawnV2 vs Magic: 580 - 453 - 450  [0.543] 1483
Started game 1496 of 10000 (Magic vs PassedPawnV2)
Finished game 1483 (PassedPawnV2 vs Magic): 1/2-1/2 {Draw by adjudication}
Score of PassedPawnV2 vs Magic: 580 - 453 - 451  [0.543] 1484
Started game 1497 of 10000 (PassedPawnV2 vs Magic)
Finished game 1485 (PassedPawnV2 vs Magic): 1-0 {White wins by adjudication}
Score of PassedPawnV2 vs Magic: 581 - 453 - 451  [0.543] 1485
Started game 1498 of 10000 (Magic vs PassedPawnV2)
Finished game 1487 (PassedPawnV2 vs Magic): 1-0 {White wins by adjudication}
Score of PassedPawnV2 vs Magic: 582 - 453 - 451  [0.543] 1486
Started game 1499 of 10000 (PassedPawnV2 vs Magic)
Finished game 1490 (Magic vs PassedPawnV2): 0-1 {Black wins by adjudication}
Score of PassedPawnV2 vs Magic: 583 - 453 - 451  [0.544] 1487
Started game 1500 of 10000 (Magic vs PassedPawnV2)
Finished game 1488 (Magic vs PassedPawnV2): 1/2-1/2 {Draw by 3-fold repetition}
Score of PassedPawnV2 vs Magic: 583 - 453 - 452  [0.544] 1488
Started game 1501 of 10000 (PassedPawnV2 vs Magic)
Finished game 1491 (PassedPawnV2 vs Magic): 0-1 {Black wins by adjudication}
Score of PassedPawnV2 vs Magic: 583 - 454 - 452  [0.543] 1489
Started game 1502 of 10000 (Magic vs PassedPawnV2)
Finished game 1489 (PassedPawnV2 vs Magic): 1/2-1/2 {Draw by insufficient mating material}
Score of PassedPawnV2 vs Magic: 583 - 454 - 453  [0.543] 1490
Started game 1503 of 10000 (PassedPawnV2 vs Magic)
Finished game 1493 (PassedPawnV2 vs Magic): 0-1 {Black wins by adjudication}
Score of PassedPawnV2 vs Magic: 583 - 455 - 453  [0.543] 1491
Started game 1504 of 10000 (Magic vs PassedPawnV2)
Finished game 1492 (Magic vs PassedPawnV2): 1-0 {White wins by adjudication}
Score of PassedPawnV2 vs Magic: 583 - 456 - 453  [0.543] 1492
Started game 1505 of 10000 (PassedPawnV2 vs Magic)
Finished game 1496 (Magic vs PassedPawnV2): 1/2-1/2 {Draw by 3-fold repetition}
Score of PassedPawnV2 vs Magic: 583 - 456 - 454  [0.543] 1493
Started game 1506 of 10000 (Magic vs PassedPawnV2)
Finished game 1486 (Magic vs PassedPawnV2): 1/2-1/2 {Draw by fifty moves rule}
Score of PassedPawnV2 vs Magic: 583 - 456 - 455  [0.543] 1494
Started game 1507 of 10000 (PassedPawnV2 vs Magic)
Finished game 1495 (PassedPawnV2 vs Magic): 1/2-1/2 {Draw by 3-fold repetition}
Score of PassedPawnV2 vs Magic: 583 - 456 - 456  [0.542] 1495
Started game 1508 of 10000 (Magic vs PassedPawnV2)
Finished game 1497 (PassedPawnV2 vs Magic): 0-1 {Black wins by adjudication}
Score of PassedPawnV2 vs Magic: 583 - 457 - 456  [0.542] 1496
Started game 1509 of 10000 (PassedPawnV2 vs Magic)
Finished game 1494 (Magic vs PassedPawnV2): 1/2-1/2 {Draw by 3-fold repetition}
Score of PassedPawnV2 vs Magic: 583 - 457 - 457  [0.542] 1497
Started game 1510 of 10000 (Magic vs PassedPawnV2)
Finished game 1499 (PassedPawnV2 vs Magic): 1/2-1/2 {Draw by 3-fold repetition}
Score of PassedPawnV2 vs Magic: 583 - 457 - 458  [0.542] 1498
Started game 1511 of 10000 (PassedPawnV2 vs Magic)
Finished game 1502 (Magic vs PassedPawnV2): 0-1 {Black wins by adjudication}
Score of PassedPawnV2 vs Magic: 584 - 457 - 458  [0.542] 1499
Started game 1512 of 10000 (Magic vs PassedPawnV2)
Finished game 1498 (Magic vs PassedPawnV2): 1/2-1/2 {Draw by fifty moves rule}
Score of PassedPawnV2 vs Magic: 584 - 457 - 459  [0.542] 1500
Started game 1513 of 10000 (PassedPawnV2 vs Magic)
Finished game 1506 (Magic vs PassedPawnV2): 1/2-1/2 {Draw by 3-fold repetition}
Score of PassedPawnV2 vs Magic: 584 - 457 - 460  [0.542] 1501
Started game 1514 of 10000 (Magic vs PassedPawnV2)
Finished game 1500 (Magic vs PassedPawnV2): 1-0 {White wins by adjudication}
Score of PassedPawnV2 vs Magic: 584 - 458 - 460  [0.542] 1502
Started game 1515 of 10000 (PassedPawnV2 vs Magic)
Finished game 1501 (PassedPawnV2 vs Magic): 1-0 {White mates}
Score of PassedPawnV2 vs Magic: 585 - 458 - 460  [0.542] 1503
Started game 1516 of 10000 (Magic vs PassedPawnV2)
Finished game 1504 (Magic vs PassedPawnV2): 1-0 {White wins by adjudication}
Score of PassedPawnV2 vs Magic: 585 - 459 - 460  [0.542] 1504
Started game 1517 of 10000 (PassedPawnV2 vs Magic)
Finished game 1503 (PassedPawnV2 vs Magic): 0-1 {Black wins by adjudication}
Score of PassedPawnV2 vs Magic: 585 - 460 - 460  [0.542] 1505
Started game 1518 of 10000 (Magic vs PassedPawnV2)
Finished game 1510 (Magic vs PassedPawnV2): 0-1 {Black wins by adjudication}
Score of PassedPawnV2 vs Magic: 586 - 460 - 460  [0.542] 1506
Started game 1519 of 10000 (PassedPawnV2 vs Magic)
Finished game 1505 (PassedPawnV2 vs Magic): 1/2-1/2 {Draw by stalemate}
Score of PassedPawnV2 vs Magic: 586 - 460 - 461  [0.542] 1507
Started game 1520 of 10000 (Magic vs PassedPawnV2)
Finished game 1507 (PassedPawnV2 vs Magic): 0-1 {Black wins by adjudication}
Score of PassedPawnV2 vs Magic: 586 - 461 - 461  [0.541] 1508
Started game 1521 of 10000 (PassedPawnV2 vs Magic)
Finished game 1509 (PassedPawnV2 vs Magic): 0-1 {Black wins by adjudication}
Score of PassedPawnV2 vs Magic: 586 - 462 - 461  [0.541] 1509
Started game 1522 of 10000 (Magic vs PassedPawnV2)
Finished game 1511 (PassedPawnV2 vs Magic): 0-1 {Black wins by adjudication}
Score of PassedPawnV2 vs Magic: 586 - 463 - 461  [0.541] 1510
Started game 1523 of 10000 (PassedPawnV2 vs Magic)
Finished game 1508 (Magic vs PassedPawnV2): 1-0 {White wins by adjudication}
Score of PassedPawnV2 vs Magic: 586 - 464 - 461  [0.540] 1511
Started game 1524 of 10000 (Magic vs PassedPawnV2)
Finished game 1515 (PassedPawnV2 vs Magic): 1-0 {White wins by adjudication}
Score of PassedPawnV2 vs Magic: 587 - 464 - 461  [0.541] 1512
Started game 1525 of 10000 (PassedPawnV2 vs Magic)
Finished game 1513 (PassedPawnV2 vs Magic): 1/2-1/2 {Draw by insufficient mating material}
Score of PassedPawnV2 vs Magic: 587 - 464 - 462  [0.541] 1513
Started game 1526 of 10000 (Magic vs PassedPawnV2)
Finished game 1512 (Magic vs PassedPawnV2): 1-0 {White wins by adjudication}
Score of PassedPawnV2 vs Magic: 587 - 465 - 462  [0.540] 1514
Started game 1527 of 10000 (PassedPawnV2 vs Magic)
Finished game 1517 (PassedPawnV2 vs Magic): 1-0 {White mates}
Score of PassedPawnV2 vs Magic: 588 - 465 - 462  [0.541] 1515
Started game 1528 of 10000 (Magic vs PassedPawnV2)
Finished game 1518 (Magic vs PassedPawnV2): 1-0 {White wins by adjudication}
Score of PassedPawnV2 vs Magic: 588 - 466 - 462  [0.540] 1516
Started game 1529 of 10000 (PassedPawnV2 vs Magic)
Finished game 1522 (Magic vs PassedPawnV2): 1-0 {White wins by adjudication}
Score of PassedPawnV2 vs Magic: 588 - 467 - 462  [0.540] 1517
Started game 1530 of 10000 (Magic vs PassedPawnV2)
Finished game 1521 (PassedPawnV2 vs Magic): 1-0 {White wins by adjudication}
Score of PassedPawnV2 vs Magic: 589 - 467 - 462  [0.540] 1518
Started game 1531 of 10000 (PassedPawnV2 vs Magic)
Finished game 1524 (Magic vs PassedPawnV2): 1/2-1/2 {Draw by adjudication}
Score of PassedPawnV2 vs Magic: 589 - 467 - 463  [0.540] 1519
Started game 1532 of 10000 (Magic vs PassedPawnV2)
Finished game 1523 (PassedPawnV2 vs Magic): 0-1 {Black mates}
Score of PassedPawnV2 vs Magic: 589 - 468 - 463  [0.540] 1520
Started game 1533 of 10000 (PassedPawnV2 vs Magic)
Finished game 1519 (PassedPawnV2 vs Magic): 0-1 {Black wins by adjudication}
Score of PassedPawnV2 vs Magic: 589 - 469 - 463  [0.539] 1521
Started game 1534 of 10000 (Magic vs PassedPawnV2)
Finished game 1516 (Magic vs PassedPawnV2): 0-1 {Black wins by adjudication}
Score of PassedPawnV2 vs Magic: 590 - 469 - 463  [0.540] 1522
Started game 1535 of 10000 (PassedPawnV2 vs Magic)
Finished game 1520 (Magic vs PassedPawnV2): 1/2-1/2 {Draw by fifty moves rule}
Score of PassedPawnV2 vs Magic: 590 - 469 - 464  [0.540] 1523
Started game 1536 of 10000 (Magic vs PassedPawnV2)
Finished game 1514 (Magic vs PassedPawnV2): 1-0 {White wins by adjudication}
Score of PassedPawnV2 vs Magic: 590 - 470 - 464  [0.539] 1524
Started game 1537 of 10000 (PassedPawnV2 vs Magic)
Finished game 1527 (PassedPawnV2 vs Magic): 1-0 {White wins by adjudication}
Score of PassedPawnV2 vs Magic: 591 - 470 - 464  [0.540] 1525
Started game 1538 of 10000 (Magic vs PassedPawnV2)
Finished game 1532 (Magic vs PassedPawnV2): 1/2-1/2 {Draw by adjudication}
Score of PassedPawnV2 vs Magic: 591 - 470 - 465  [0.540] 1526
Started game 1539 of 10000 (PassedPawnV2 vs Magic)
Finished game 1526 (Magic vs PassedPawnV2): 1-0 {White wins by adjudication}
Score of PassedPawnV2 vs Magic: 591 - 471 - 465  [0.539] 1527
Started game 1540 of 10000 (Magic vs PassedPawnV2)
Finished game 1525 (PassedPawnV2 vs Magic): 1-0 {White wins by adjudication}
Score of PassedPawnV2 vs Magic: 592 - 471 - 465  [0.540] 1528
Started game 1541 of 10000 (PassedPawnV2 vs Magic)
Finished game 1531 (PassedPawnV2 vs Magic): 1-0 {White wins by adjudication}
Score of PassedPawnV2 vs Magic: 593 - 471 - 465  [0.540] 1529
Started game 1542 of 10000 (Magic vs PassedPawnV2)
Finished game 1530 (Magic vs PassedPawnV2): 0-1 {Black wins by adjudication}
Score of PassedPawnV2 vs Magic: 594 - 471 - 465  [0.540] 1530
Started game 1543 of 10000 (PassedPawnV2 vs Magic)
Finished game 1528 (Magic vs PassedPawnV2): 0-1 {Black wins by adjudication}
Score of PassedPawnV2 vs Magic: 595 - 471 - 465  [0.540] 1531
Started game 1544 of 10000 (Magic vs PassedPawnV2)
Finished game 1533 (PassedPawnV2 vs Magic): 1-0 {White wins by adjudication}
Score of PassedPawnV2 vs Magic: 596 - 471 - 465  [0.541] 1532
Started game 1545 of 10000 (PassedPawnV2 vs Magic)
Finished game 1534 (Magic vs PassedPawnV2): 0-1 {Black wins by adjudication}
Score of PassedPawnV2 vs Magic: 597 - 471 - 465  [0.541] 1533
Started game 1546 of 10000 (Magic vs PassedPawnV2)
Finished game 1542 (Magic vs PassedPawnV2): 1/2-1/2 {Draw by 3-fold repetition}
Score of PassedPawnV2 vs Magic: 597 - 471 - 466  [0.541] 1534
Started game 1547 of 10000 (PassedPawnV2 vs Magic)
Finished game 1529 (PassedPawnV2 vs Magic): 1/2-1/2 {Draw by fifty moves rule}
Score of PassedPawnV2 vs Magic: 597 - 471 - 467  [0.541] 1535
Started game 1548 of 10000 (Magic vs PassedPawnV2)
Finished game 1540 (Magic vs PassedPawnV2): 1/2-1/2 {Draw by 3-fold repetition}
Score of PassedPawnV2 vs Magic: 597 - 471 - 468  [0.541] 1536
Started game 1549 of 10000 (PassedPawnV2 vs Magic)
Finished game 1536 (Magic vs PassedPawnV2): 1/2-1/2 {Draw by insufficient mating material}
Score of PassedPawnV2 vs Magic: 597 - 471 - 469  [0.541] 1537
Started game 1550 of 10000 (Magic vs PassedPawnV2)
Finished game 1539 (PassedPawnV2 vs Magic): 1-0 {White wins by adjudication}
Score of PassedPawnV2 vs Magic: 598 - 471 - 469  [0.541] 1538
Started game 1551 of 10000 (PassedPawnV2 vs Magic)
Finished game 1541 (PassedPawnV2 vs Magic): 0-1 {Black wins by adjudication}
Score of PassedPawnV2 vs Magic: 598 - 472 - 469  [0.541] 1539
Started game 1552 of 10000 (Magic vs PassedPawnV2)
Finished game 1537 (PassedPawnV2 vs Magic): 1/2-1/2 {Draw by adjudication}
Score of PassedPawnV2 vs Magic: 598 - 472 - 470  [0.541] 1540
Started game 1553 of 10000 (PassedPawnV2 vs Magic)
Finished game 1543 (PassedPawnV2 vs Magic): 1-0 {White wins by adjudication}
Score of PassedPawnV2 vs Magic: 599 - 472 - 470  [0.541] 1541
Started game 1554 of 10000 (Magic vs PassedPawnV2)
Finished game 1538 (Magic vs PassedPawnV2): 1/2-1/2 {Draw by adjudication}
Score of PassedPawnV2 vs Magic: 599 - 472 - 471  [0.541] 1542
Started game 1555 of 10000 (PassedPawnV2 vs Magic)
Finished game 1535 (PassedPawnV2 vs Magic): 1/2-1/2 {Draw by adjudication}
Score of PassedPawnV2 vs Magic: 599 - 472 - 472  [0.541] 1543
Started game 1556 of 10000 (Magic vs PassedPawnV2)
Finished game 1545 (PassedPawnV2 vs Magic): 0-1 {Black wins by adjudication}
Score of PassedPawnV2 vs Magic: 599 - 473 - 472  [0.541] 1544
Started game 1557 of 10000 (PassedPawnV2 vs Magic)
Finished game 1546 (Magic vs PassedPawnV2): 1-0 {White wins by adjudication}
Score of PassedPawnV2 vs Magic: 599 - 474 - 472  [0.540] 1545
Started game 1558 of 10000 (Magic vs PassedPawnV2)
Finished game 1544 (Magic vs PassedPawnV2): 0-1 {Black wins by adjudication}
Score of PassedPawnV2 vs Magic: 600 - 474 - 472  [0.541] 1546
Started game 1559 of 10000 (PassedPawnV2 vs Magic)
Finished game 1550 (Magic vs PassedPawnV2): 1/2-1/2 {Draw by adjudication}
Score of PassedPawnV2 vs Magic: 600 - 474 - 473  [0.541] 1547
Started game 1560 of 10000 (Magic vs PassedPawnV2)
Finished game 1548 (Magic vs PassedPawnV2): 1-0 {White wins by adjudication}
Score of PassedPawnV2 vs Magic: 600 - 475 - 473  [0.540] 1548
Started game 1561 of 10000 (PassedPawnV2 vs Magic)
Finished game 1549 (PassedPawnV2 vs Magic): 1-0 {White wins by adjudication}
Score of PassedPawnV2 vs Magic: 601 - 475 - 473  [0.541] 1549
Started game 1562 of 10000 (Magic vs PassedPawnV2)
Finished game 1553 (PassedPawnV2 vs Magic): 1/2-1/2 {Draw by 3-fold repetition}
Score of PassedPawnV2 vs Magic: 601 - 475 - 474  [0.541] 1550
Started game 1563 of 10000 (PassedPawnV2 vs Magic)
Finished game 1547 (PassedPawnV2 vs Magic): 0-1 {Black wins by adjudication}
Score of PassedPawnV2 vs Magic: 601 - 476 - 474  [0.540] 1551
Started game 1564 of 10000 (Magic vs PassedPawnV2)
Finished game 1562 (Magic vs PassedPawnV2): 1-0 {White wins by adjudication}
Score of PassedPawnV2 vs Magic: 601 - 477 - 474  [0.540] 1552
Started game 1565 of 10000 (PassedPawnV2 vs Magic)
Finished game 1561 (PassedPawnV2 vs Magic): 1-0 {White wins by adjudication}
Score of PassedPawnV2 vs Magic: 602 - 477 - 474  [0.540] 1553
Started game 1566 of 10000 (Magic vs PassedPawnV2)
Finished game 1551 (PassedPawnV2 vs Magic): 1/2-1/2 {Draw by adjudication}
Score of PassedPawnV2 vs Magic: 602 - 477 - 475  [0.540] 1554
Started game 1567 of 10000 (PassedPawnV2 vs Magic)
Finished game 1557 (PassedPawnV2 vs Magic): 1/2-1/2 {Draw by 3-fold repetition}
Score of PassedPawnV2 vs Magic: 602 - 477 - 476  [0.540] 1555
Started game 1568 of 10000 (Magic vs PassedPawnV2)
Finished game 1552 (Magic vs PassedPawnV2): 1-0 {White wins by adjudication}
Score of PassedPawnV2 vs Magic: 602 - 478 - 476  [0.540] 1556
Started game 1569 of 10000 (PassedPawnV2 vs Magic)
Finished game 1556 (Magic vs PassedPawnV2): 0-1 {Black wins by adjudication}
Score of PassedPawnV2 vs Magic: 603 - 478 - 476  [0.540] 1557
Started game 1570 of 10000 (Magic vs PassedPawnV2)
Finished game 1554 (Magic vs PassedPawnV2): 1-0 {White wins by adjudication}
Score of PassedPawnV2 vs Magic: 603 - 479 - 476  [0.540] 1558
Started game 1571 of 10000 (PassedPawnV2 vs Magic)
Finished game 1560 (Magic vs PassedPawnV2): 1-0 {White wins by adjudication}
Score of PassedPawnV2 vs Magic: 603 - 480 - 476  [0.539] 1559
Started game 1572 of 10000 (Magic vs PassedPawnV2)
Finished game 1558 (Magic vs PassedPawnV2): 1/2-1/2 {Draw by 3-fold repetition}
Score of PassedPawnV2 vs Magic: 603 - 480 - 477  [0.539] 1560
Started game 1573 of 10000 (PassedPawnV2 vs Magic)
Finished game 1555 (PassedPawnV2 vs Magic): 1/2-1/2 {Draw by insufficient mating material}
Score of PassedPawnV2 vs Magic: 603 - 480 - 478  [0.539] 1561
Started game 1574 of 10000 (Magic vs PassedPawnV2)
Finished game 1564 (Magic vs PassedPawnV2): 1/2-1/2 {Draw by 3-fold repetition}
Score of PassedPawnV2 vs Magic: 603 - 480 - 479  [0.539] 1562
Started game 1575 of 10000 (PassedPawnV2 vs Magic)
Finished game 1559 (PassedPawnV2 vs Magic): 1-0 {White wins by adjudication}
Score of PassedPawnV2 vs Magic: 604 - 480 - 479  [0.540] 1563
Started game 1576 of 10000 (Magic vs PassedPawnV2)
Finished game 1563 (PassedPawnV2 vs Magic): 0-1 {Black wins by adjudication}
Score of PassedPawnV2 vs Magic: 604 - 481 - 479  [0.539] 1564
Started game 1577 of 10000 (PassedPawnV2 vs Magic)
Finished game 1570 (Magic vs PassedPawnV2): 1/2-1/2 {Draw by 3-fold repetition}
Score of PassedPawnV2 vs Magic: 604 - 481 - 480  [0.539] 1565
Started game 1578 of 10000 (Magic vs PassedPawnV2)
Finished game 1571 (PassedPawnV2 vs Magic): 1/2-1/2 {Draw by 3-fold repetition}
Score of PassedPawnV2 vs Magic: 604 - 481 - 481  [0.539] 1566
Started game 1579 of 10000 (PassedPawnV2 vs Magic)
Finished game 1569 (PassedPawnV2 vs Magic): 1/2-1/2 {Draw by 3-fold repetition}
Score of PassedPawnV2 vs Magic: 604 - 481 - 482  [0.539] 1567
Started game 1580 of 10000 (Magic vs PassedPawnV2)
Finished game 1565 (PassedPawnV2 vs Magic): 0-1 {Black wins by adjudication}
Score of PassedPawnV2 vs Magic: 604 - 482 - 482  [0.539] 1568
Started game 1581 of 10000 (PassedPawnV2 vs Magic)
Finished game 1573 (PassedPawnV2 vs Magic): 1/2-1/2 {Draw by 3-fold repetition}
Score of PassedPawnV2 vs Magic: 604 - 482 - 483  [0.539] 1569
Started game 1582 of 10000 (Magic vs PassedPawnV2)
Finished game 1566 (Magic vs PassedPawnV2): 1-0 {White wins by adjudication}
Score of PassedPawnV2 vs Magic: 604 - 483 - 483  [0.539] 1570
Started game 1583 of 10000 (PassedPawnV2 vs Magic)
Finished game 1567 (PassedPawnV2 vs Magic): 0-1 {Black wins by adjudication}
Score of PassedPawnV2 vs Magic: 604 - 484 - 483  [0.538] 1571
Started game 1584 of 10000 (Magic vs PassedPawnV2)
Finished game 1568 (Magic vs PassedPawnV2): 0-1 {Black wins by adjudication}
Score of PassedPawnV2 vs Magic: 605 - 484 - 483  [0.538] 1572
Started game 1585 of 10000 (PassedPawnV2 vs Magic)
Finished game 1572 (Magic vs PassedPawnV2): 0-1 {Black wins by adjudication}
Score of PassedPawnV2 vs Magic: 606 - 484 - 483  [0.539] 1573
Started game 1586 of 10000 (Magic vs PassedPawnV2)
Finished game 1574 (Magic vs PassedPawnV2): 0-1 {Black wins by adjudication}
Score of PassedPawnV2 vs Magic: 607 - 484 - 483  [0.539] 1574
Started game 1587 of 10000 (PassedPawnV2 vs Magic)
Finished game 1575 (PassedPawnV2 vs Magic): 0-1 {Black wins by adjudication}
Score of PassedPawnV2 vs Magic: 607 - 485 - 483  [0.539] 1575
Started game 1588 of 10000 (Magic vs PassedPawnV2)
Finished game 1582 (Magic vs PassedPawnV2): 1/2-1/2 {Draw by 3-fold repetition}
Score of PassedPawnV2 vs Magic: 607 - 485 - 484  [0.539] 1576
Started game 1589 of 10000 (PassedPawnV2 vs Magic)
Finished game 1576 (Magic vs PassedPawnV2): 1/2-1/2 {Draw by adjudication}
Score of PassedPawnV2 vs Magic: 607 - 485 - 485  [0.539] 1577
Started game 1590 of 10000 (Magic vs PassedPawnV2)
Finished game 1579 (PassedPawnV2 vs Magic): 1/2-1/2 {Draw by 3-fold repetition}
Score of PassedPawnV2 vs Magic: 607 - 485 - 486  [0.539] 1578
Started game 1591 of 10000 (PassedPawnV2 vs Magic)
Finished game 1580 (Magic vs PassedPawnV2): 0-1 {Black mates}
Score of PassedPawnV2 vs Magic: 608 - 485 - 486  [0.539] 1579
Started game 1592 of 10000 (Magic vs PassedPawnV2)
Finished game 1581 (PassedPawnV2 vs Magic): 1-0 {White wins by adjudication}
Score of PassedPawnV2 vs Magic: 609 - 485 - 486  [0.539] 1580
Started game 1593 of 10000 (PassedPawnV2 vs Magic)
Finished game 1577 (PassedPawnV2 vs Magic): 0-1 {Black wins by adjudication}
Score of PassedPawnV2 vs Magic: 609 - 486 - 486  [0.539] 1581
Started game 1594 of 10000 (Magic vs PassedPawnV2)
Finished game 1585 (PassedPawnV2 vs Magic): 1-0 {White wins by adjudication}
Score of PassedPawnV2 vs Magic: 610 - 486 - 486  [0.539] 1582
Started game 1595 of 10000 (PassedPawnV2 vs Magic)
Finished game 1578 (Magic vs PassedPawnV2): 1-0 {White wins by adjudication}
Score of PassedPawnV2 vs Magic: 610 - 487 - 486  [0.539] 1583
Started game 1596 of 10000 (Magic vs PassedPawnV2)
Finished game 1586 (Magic vs PassedPawnV2): 1/2-1/2 {Draw by 3-fold repetition}
Score of PassedPawnV2 vs Magic: 610 - 487 - 487  [0.539] 1584
Started game 1597 of 10000 (PassedPawnV2 vs Magic)
Finished game 1583 (PassedPawnV2 vs Magic): 0-1 {Black wins by adjudication}
Score of PassedPawnV2 vs Magic: 610 - 488 - 487  [0.538] 1585
Started game 1598 of 10000 (Magic vs PassedPawnV2)
Finished game 1584 (Magic vs PassedPawnV2): 1-0 {White wins by adjudication}
Score of PassedPawnV2 vs Magic: 610 - 489 - 487  [0.538] 1586
Started game 1599 of 10000 (PassedPawnV2 vs Magic)
Finished game 1588 (Magic vs PassedPawnV2): 1-0 {White wins by adjudication}
Score of PassedPawnV2 vs Magic: 610 - 490 - 487  [0.538] 1587
Started game 1600 of 10000 (Magic vs PassedPawnV2)
Finished game 1587 (PassedPawnV2 vs Magic): 1-0 {White wins by adjudication}
Score of PassedPawnV2 vs Magic: 611 - 490 - 487  [0.538] 1588
Started game 1601 of 10000 (PassedPawnV2 vs Magic)
Finished game 1591 (PassedPawnV2 vs Magic): 1/2-1/2 {Draw by adjudication}
Score of PassedPawnV2 vs Magic: 611 - 490 - 488  [0.538] 1589
Started game 1602 of 10000 (Magic vs PassedPawnV2)
Finished game 1592 (Magic vs PassedPawnV2): 1-0 {White wins by adjudication}
Score of PassedPawnV2 vs Magic: 611 - 491 - 488  [0.538] 1590
Started game 1603 of 10000 (PassedPawnV2 vs Magic)
Finished game 1594 (Magic vs PassedPawnV2): 1-0 {White wins by adjudication}
Score of PassedPawnV2 vs Magic: 611 - 492 - 488  [0.537] 1591
Started game 1604 of 10000 (Magic vs PassedPawnV2)
Finished game 1593 (PassedPawnV2 vs Magic): 1-0 {White wins by adjudication}
Score of PassedPawnV2 vs Magic: 612 - 492 - 488  [0.538] 1592
Started game 1605 of 10000 (PassedPawnV2 vs Magic)
Finished game 1596 (Magic vs PassedPawnV2): 1/2-1/2 {Draw by 3-fold repetition}
Score of PassedPawnV2 vs Magic: 612 - 492 - 489  [0.538] 1593
Started game 1606 of 10000 (Magic vs PassedPawnV2)
Finished game 1595 (PassedPawnV2 vs Magic): 1-0 {White wins by adjudication}
Score of PassedPawnV2 vs Magic: 613 - 492 - 489  [0.538] 1594
Started game 1607 of 10000 (PassedPawnV2 vs Magic)
Finished game 1600 (Magic vs PassedPawnV2): 1/2-1/2 {Draw by 3-fold repetition}
Score of PassedPawnV2 vs Magic: 613 - 492 - 490  [0.538] 1595
Started game 1608 of 10000 (Magic vs PassedPawnV2)
Finished game 1590 (Magic vs PassedPawnV2): 1-0 {White wins by adjudication}
Score of PassedPawnV2 vs Magic: 613 - 493 - 490  [0.538] 1596
Started game 1609 of 10000 (PassedPawnV2 vs Magic)
Finished game 1599 (PassedPawnV2 vs Magic): 1-0 {White wins by adjudication}
Score of PassedPawnV2 vs Magic: 614 - 493 - 490  [0.538] 1597
Started game 1610 of 10000 (Magic vs PassedPawnV2)
Finished game 1598 (Magic vs PassedPawnV2): 0-1 {Black wins by adjudication}
Score of PassedPawnV2 vs Magic: 615 - 493 - 490  [0.538] 1598
Started game 1611 of 10000 (PassedPawnV2 vs Magic)
Finished game 1597 (PassedPawnV2 vs Magic): 1/2-1/2 {Draw by insufficient mating material}
Score of PassedPawnV2 vs Magic: 615 - 493 - 491  [0.538] 1599
Started game 1612 of 10000 (Magic vs PassedPawnV2)
Finished game 1602 (Magic vs PassedPawnV2): 0-1 {Black wins by adjudication}
Score of PassedPawnV2 vs Magic: 616 - 493 - 491  [0.538] 1600
Started game 1613 of 10000 (PassedPawnV2 vs Magic)
Finished game 1604 (Magic vs PassedPawnV2): 1-0 {White wins by adjudication}
Score of PassedPawnV2 vs Magic: 616 - 494 - 491  [0.538] 1601
Started game 1614 of 10000 (Magic vs PassedPawnV2)
Finished game 1611 (PassedPawnV2 vs Magic): 1/2-1/2 {Draw by 3-fold repetition}
Score of PassedPawnV2 vs Magic: 616 - 494 - 492  [0.538] 1602
Started game 1615 of 10000 (PassedPawnV2 vs Magic)
Finished game 1601 (PassedPawnV2 vs Magic): 1-0 {White wins by adjudication}
Score of PassedPawnV2 vs Magic: 617 - 494 - 492  [0.538] 1603
Started game 1616 of 10000 (Magic vs PassedPawnV2)
Finished game 1608 (Magic vs PassedPawnV2): 0-1 {Black wins by adjudication}
Score of PassedPawnV2 vs Magic: 618 - 494 - 492  [0.539] 1604
Started game 1617 of 10000 (PassedPawnV2 vs Magic)
Finished game 1606 (Magic vs PassedPawnV2): 0-1 {Black wins by adjudication}
Score of PassedPawnV2 vs Magic: 619 - 494 - 492  [0.539] 1605
Started game 1618 of 10000 (Magic vs PassedPawnV2)
Finished game 1603 (PassedPawnV2 vs Magic): 1/2-1/2 {Draw by adjudication}
Score of PassedPawnV2 vs Magic: 619 - 494 - 493  [0.539] 1606
Started game 1619 of 10000 (PassedPawnV2 vs Magic)
Finished game 1589 (PassedPawnV2 vs Magic): 1/2-1/2 {Draw by fifty moves rule}
Score of PassedPawnV2 vs Magic: 619 - 494 - 494  [0.539] 1607
Started game 1620 of 10000 (Magic vs PassedPawnV2)
Finished game 1615 (PassedPawnV2 vs Magic): 0-1 {Black wins by adjudication}
Score of PassedPawnV2 vs Magic: 619 - 495 - 494  [0.539] 1608
Started game 1621 of 10000 (PassedPawnV2 vs Magic)
Finished game 1607 (PassedPawnV2 vs Magic): 1/2-1/2 {Draw by 3-fold repetition}
Score of PassedPawnV2 vs Magic: 619 - 495 - 495  [0.539] 1609
Started game 1622 of 10000 (Magic vs PassedPawnV2)
Finished game 1616 (Magic vs PassedPawnV2): 0-1 {Black wins by adjudication}
Score of PassedPawnV2 vs Magic: 620 - 495 - 495  [0.539] 1610
Started game 1623 of 10000 (PassedPawnV2 vs Magic)
Finished game 1609 (PassedPawnV2 vs Magic): 1-0 {White wins by adjudication}
Score of PassedPawnV2 vs Magic: 621 - 495 - 495  [0.539] 1611
Started game 1624 of 10000 (Magic vs PassedPawnV2)
Finished game 1610 (Magic vs PassedPawnV2): 1-0 {White wins by adjudication}
Score of PassedPawnV2 vs Magic: 621 - 496 - 495  [0.539] 1612
Started game 1625 of 10000 (PassedPawnV2 vs Magic)
Finished game 1619 (PassedPawnV2 vs Magic): 1/2-1/2 {Draw by 3-fold repetition}
Score of PassedPawnV2 vs Magic: 621 - 496 - 496  [0.539] 1613
Started game 1626 of 10000 (Magic vs PassedPawnV2)
Finished game 1605 (PassedPawnV2 vs Magic): 1/2-1/2 {Draw by fifty moves rule}
Score of PassedPawnV2 vs Magic: 621 - 496 - 497  [0.539] 1614
Started game 1627 of 10000 (PassedPawnV2 vs Magic)
Finished game 1617 (PassedPawnV2 vs Magic): 1-0 {White wins by adjudication}
Score of PassedPawnV2 vs Magic: 622 - 496 - 497  [0.539] 1615
Started game 1628 of 10000 (Magic vs PassedPawnV2)
Finished game 1613 (PassedPawnV2 vs Magic): 1/2-1/2 {Draw by insufficient mating material}
Score of PassedPawnV2 vs Magic: 622 - 496 - 498  [0.539] 1616
Started game 1629 of 10000 (PassedPawnV2 vs Magic)
Finished game 1612 (Magic vs PassedPawnV2): 0-1 {Black wins by adjudication}
Score of PassedPawnV2 vs Magic: 623 - 496 - 498  [0.539] 1617
Started game 1630 of 10000 (Magic vs PassedPawnV2)
Finished game 1621 (PassedPawnV2 vs Magic): 0-1 {Black wins by adjudication}
Score of PassedPawnV2 vs Magic: 623 - 497 - 498  [0.539] 1618
Started game 1631 of 10000 (PassedPawnV2 vs Magic)
Finished game 1620 (Magic vs PassedPawnV2): 1-0 {White wins by adjudication}
Score of PassedPawnV2 vs Magic: 623 - 498 - 498  [0.539] 1619
Started game 1632 of 10000 (Magic vs PassedPawnV2)
Finished game 1614 (Magic vs PassedPawnV2): 1/2-1/2 {Draw by insufficient mating material}
Score of PassedPawnV2 vs Magic: 623 - 498 - 499  [0.539] 1620
Started game 1633 of 10000 (PassedPawnV2 vs Magic)
Finished game 1625 (PassedPawnV2 vs Magic): 1-0 {White wins by adjudication}
Score of PassedPawnV2 vs Magic: 624 - 498 - 499  [0.539] 1621
Started game 1634 of 10000 (Magic vs PassedPawnV2)
Finished game 1622 (Magic vs PassedPawnV2): 1-0 {White wins by adjudication}
Score of PassedPawnV2 vs Magic: 624 - 499 - 499  [0.539] 1622
Started game 1635 of 10000 (PassedPawnV2 vs Magic)
Finished game 1629 (PassedPawnV2 vs Magic): 1/2-1/2 {Draw by 3-fold repetition}
Score of PassedPawnV2 vs Magic: 624 - 499 - 500  [0.539] 1623
Started game 1636 of 10000 (Magic vs PassedPawnV2)
Finished game 1624 (Magic vs PassedPawnV2): 1-0 {White wins by adjudication}
Score of PassedPawnV2 vs Magic: 624 - 500 - 500  [0.538] 1624
Started game 1637 of 10000 (PassedPawnV2 vs Magic)
Finished game 1623 (PassedPawnV2 vs Magic): 1-0 {White wins by adjudication}
Score of PassedPawnV2 vs Magic: 625 - 500 - 500  [0.538] 1625
Started game 1638 of 10000 (Magic vs PassedPawnV2)
Finished game 1618 (Magic vs PassedPawnV2): 1/2-1/2 {Draw by insufficient mating material}
Score of PassedPawnV2 vs Magic: 625 - 500 - 501  [0.538] 1626
Started game 1639 of 10000 (PassedPawnV2 vs Magic)
Finished game 1627 (PassedPawnV2 vs Magic): 1-0 {White wins by adjudication}
Score of PassedPawnV2 vs Magic: 626 - 500 - 501  [0.539] 1627
Started game 1640 of 10000 (Magic vs PassedPawnV2)
Finished game 1628 (Magic vs PassedPawnV2): 1-0 {White wins by adjudication}
Score of PassedPawnV2 vs Magic: 626 - 501 - 501  [0.538] 1628
Started game 1641 of 10000 (PassedPawnV2 vs Magic)
Finished game 1626 (Magic vs PassedPawnV2): 0-1 {Black wins by adjudication}
Score of PassedPawnV2 vs Magic: 627 - 501 - 501  [0.539] 1629
Started game 1642 of 10000 (Magic vs PassedPawnV2)
Finished game 1635 (PassedPawnV2 vs Magic): 1/2-1/2 {Draw by 3-fold repetition}
Score of PassedPawnV2 vs Magic: 627 - 501 - 502  [0.539] 1630
Started game 1643 of 10000 (PassedPawnV2 vs Magic)
Finished game 1630 (Magic vs PassedPawnV2): 0-1 {Black wins by adjudication}
Score of PassedPawnV2 vs Magic: 628 - 501 - 502  [0.539] 1631
Started game 1644 of 10000 (Magic vs PassedPawnV2)
Finished game 1633 (PassedPawnV2 vs Magic): 1-0 {White wins by adjudication}
Score of PassedPawnV2 vs Magic: 629 - 501 - 502  [0.539] 1632
Started game 1645 of 10000 (PassedPawnV2 vs Magic)
Finished game 1631 (PassedPawnV2 vs Magic): 1-0 {White wins by adjudication}
Score of PassedPawnV2 vs Magic: 630 - 501 - 502  [0.539] 1633
Started game 1646 of 10000 (Magic vs PassedPawnV2)
Finished game 1632 (Magic vs PassedPawnV2): 1-0 {White wins by adjudication}
Score of PassedPawnV2 vs Magic: 630 - 502 - 502  [0.539] 1634
Started game 1647 of 10000 (PassedPawnV2 vs Magic)
Finished game 1641 (PassedPawnV2 vs Magic): 1-0 {White wins by adjudication}
Score of PassedPawnV2 vs Magic: 631 - 502 - 502  [0.539] 1635
Started game 1648 of 10000 (Magic vs PassedPawnV2)
Finished game 1638 (Magic vs PassedPawnV2): 1-0 {White wins by adjudication}
Score of PassedPawnV2 vs Magic: 631 - 503 - 502  [0.539] 1636
Started game 1649 of 10000 (PassedPawnV2 vs Magic)
Finished game 1637 (PassedPawnV2 vs Magic): 1/2-1/2 {Draw by insufficient mating material}
Score of PassedPawnV2 vs Magic: 631 - 503 - 503  [0.539] 1637
Started game 1650 of 10000 (Magic vs PassedPawnV2)
Finished game 1634 (Magic vs PassedPawnV2): 1/2-1/2 {Draw by adjudication}
Score of PassedPawnV2 vs Magic: 631 - 503 - 504  [0.539] 1638
Started game 1651 of 10000 (PassedPawnV2 vs Magic)
Finished game 1636 (Magic vs PassedPawnV2): 1/2-1/2 {Draw by 3-fold repetition}
Score of PassedPawnV2 vs Magic: 631 - 503 - 505  [0.539] 1639
Started game 1652 of 10000 (Magic vs PassedPawnV2)
Finished game 1644 (Magic vs PassedPawnV2): 1/2-1/2 {Draw by adjudication}
Score of PassedPawnV2 vs Magic: 631 - 503 - 506  [0.539] 1640
Started game 1653 of 10000 (PassedPawnV2 vs Magic)
Finished game 1645 (PassedPawnV2 vs Magic): 1-0 {White wins by adjudication}
Score of PassedPawnV2 vs Magic: 632 - 503 - 506  [0.539] 1641
Started game 1654 of 10000 (Magic vs PassedPawnV2)
Finished game 1639 (PassedPawnV2 vs Magic): 1/2-1/2 {Draw by 3-fold repetition}
Score of PassedPawnV2 vs Magic: 632 - 503 - 507  [0.539] 1642
Started game 1655 of 10000 (PassedPawnV2 vs Magic)
Finished game 1643 (PassedPawnV2 vs Magic): 1-0 {White wins by adjudication}
Score of PassedPawnV2 vs Magic: 633 - 503 - 507  [0.540] 1643
Started game 1656 of 10000 (Magic vs PassedPawnV2)
Finished game 1640 (Magic vs PassedPawnV2): 1-0 {White mates}
Score of PassedPawnV2 vs Magic: 633 - 504 - 507  [0.539] 1644
Started game 1657 of 10000 (PassedPawnV2 vs Magic)
Finished game 1647 (PassedPawnV2 vs Magic): 1/2-1/2 {Draw by 3-fold repetition}
Score of PassedPawnV2 vs Magic: 633 - 504 - 508  [0.539] 1645
Started game 1658 of 10000 (Magic vs PassedPawnV2)
Finished game 1648 (Magic vs PassedPawnV2): 1-0 {White wins by adjudication}
Score of PassedPawnV2 vs Magic: 633 - 505 - 508  [0.539] 1646
Started game 1659 of 10000 (PassedPawnV2 vs Magic)
Finished game 1652 (Magic vs PassedPawnV2): 1-0 {White wins by adjudication}
Score of PassedPawnV2 vs Magic: 633 - 506 - 508  [0.539] 1647
Started game 1660 of 10000 (Magic vs PassedPawnV2)
Finished game 1649 (PassedPawnV2 vs Magic): 1/2-1/2 {Draw by adjudication}
Score of PassedPawnV2 vs Magic: 633 - 506 - 509  [0.539] 1648
Started game 1661 of 10000 (PassedPawnV2 vs Magic)
Finished game 1651 (PassedPawnV2 vs Magic): 0-1 {Black wins by adjudication}
Score of PassedPawnV2 vs Magic: 633 - 507 - 509  [0.538] 1649
Started game 1662 of 10000 (Magic vs PassedPawnV2)
Finished game 1646 (Magic vs PassedPawnV2): 1/2-1/2 {Draw by fifty moves rule}
Score of PassedPawnV2 vs Magic: 633 - 507 - 510  [0.538] 1650
Started game 1663 of 10000 (PassedPawnV2 vs Magic)
Finished game 1642 (Magic vs PassedPawnV2): 1/2-1/2 {Draw by fifty moves rule}
Score of PassedPawnV2 vs Magic: 633 - 507 - 511  [0.538] 1651
Started game 1664 of 10000 (Magic vs PassedPawnV2)
Finished game 1655 (PassedPawnV2 vs Magic): 1-0 {White mates}
Score of PassedPawnV2 vs Magic: 634 - 507 - 511  [0.538] 1652
Started game 1665 of 10000 (PassedPawnV2 vs Magic)
Finished game 1656 (Magic vs PassedPawnV2): 1-0 {White wins by adjudication}
Score of PassedPawnV2 vs Magic: 634 - 508 - 511  [0.538] 1653
Started game 1666 of 10000 (Magic vs PassedPawnV2)
Finished game 1653 (PassedPawnV2 vs Magic): 0-1 {Black wins by adjudication}
Score of PassedPawnV2 vs Magic: 634 - 509 - 511  [0.538] 1654
Started game 1667 of 10000 (PassedPawnV2 vs Magic)
Finished game 1650 (Magic vs PassedPawnV2): 1-0 {White wins by adjudication}
Score of PassedPawnV2 vs Magic: 634 - 510 - 511  [0.537] 1655
Started game 1668 of 10000 (Magic vs PassedPawnV2)
Finished game 1657 (PassedPawnV2 vs Magic): 0-1 {Black wins by adjudication}
Score of PassedPawnV2 vs Magic: 634 - 511 - 511  [0.537] 1656
Started game 1669 of 10000 (PassedPawnV2 vs Magic)
Finished game 1660 (Magic vs PassedPawnV2): 0-1 {Black wins by adjudication}
Score of PassedPawnV2 vs Magic: 635 - 511 - 511  [0.537] 1657
Started game 1670 of 10000 (Magic vs PassedPawnV2)
Finished game 1659 (PassedPawnV2 vs Magic): 1/2-1/2 {Draw by 3-fold repetition}
Score of PassedPawnV2 vs Magic: 635 - 511 - 512  [0.537] 1658
Started game 1671 of 10000 (PassedPawnV2 vs Magic)
Finished game 1662 (Magic vs PassedPawnV2): 0-1 {Black wins by adjudication}
Score of PassedPawnV2 vs Magic: 636 - 511 - 512  [0.538] 1659
Started game 1672 of 10000 (Magic vs PassedPawnV2)
Finished game 1661 (PassedPawnV2 vs Magic): 1-0 {White wins by adjudication}
Score of PassedPawnV2 vs Magic: 637 - 511 - 512  [0.538] 1660
Started game 1673 of 10000 (PassedPawnV2 vs Magic)
Finished game 1663 (PassedPawnV2 vs Magic): 1-0 {White wins by adjudication}
Score of PassedPawnV2 vs Magic: 638 - 511 - 512  [0.538] 1661
Started game 1674 of 10000 (Magic vs PassedPawnV2)
Finished game 1667 (PassedPawnV2 vs Magic): 0-1 {Black wins by adjudication}
Score of PassedPawnV2 vs Magic: 638 - 512 - 512  [0.538] 1662
Started game 1675 of 10000 (PassedPawnV2 vs Magic)
Finished game 1666 (Magic vs PassedPawnV2): 1-0 {White wins by adjudication}
Score of PassedPawnV2 vs Magic: 638 - 513 - 512  [0.538] 1663
Started game 1676 of 10000 (Magic vs PassedPawnV2)
Finished game 1665 (PassedPawnV2 vs Magic): 1-0 {White wins by adjudication}
Score of PassedPawnV2 vs Magic: 639 - 513 - 512  [0.538] 1664
Started game 1677 of 10000 (PassedPawnV2 vs Magic)
Finished game 1668 (Magic vs PassedPawnV2): 0-1 {Black wins by adjudication}
Score of PassedPawnV2 vs Magic: 640 - 513 - 512  [0.538] 1665
Started game 1678 of 10000 (Magic vs PassedPawnV2)
Finished game 1658 (Magic vs PassedPawnV2): 1/2-1/2 {Draw by fifty moves rule}
Score of PassedPawnV2 vs Magic: 640 - 513 - 513  [0.538] 1666
Started game 1679 of 10000 (PassedPawnV2 vs Magic)
Finished game 1670 (Magic vs PassedPawnV2): 1-0 {White wins by adjudication}
Score of PassedPawnV2 vs Magic: 640 - 514 - 513  [0.538] 1667
Started game 1680 of 10000 (Magic vs PassedPawnV2)
Finished game 1654 (Magic vs PassedPawnV2): 1/2-1/2 {Draw by fifty moves rule}
Score of PassedPawnV2 vs Magic: 640 - 514 - 514  [0.538] 1668
Started game 1681 of 10000 (PassedPawnV2 vs Magic)
Finished game 1664 (Magic vs PassedPawnV2): 1/2-1/2 {Draw by insufficient mating material}
Score of PassedPawnV2 vs Magic: 640 - 514 - 515  [0.538] 1669
Started game 1682 of 10000 (Magic vs PassedPawnV2)
Finished game 1672 (Magic vs PassedPawnV2): 1-0 {White wins by adjudication}
Score of PassedPawnV2 vs Magic: 640 - 515 - 515  [0.537] 1670
Started game 1683 of 10000 (PassedPawnV2 vs Magic)
Finished game 1678 (Magic vs PassedPawnV2): 1/2-1/2 {Draw by 3-fold repetition}
Score of PassedPawnV2 vs Magic: 640 - 515 - 516  [0.537] 1671
Started game 1684 of 10000 (Magic vs PassedPawnV2)
Finished game 1671 (PassedPawnV2 vs Magic): 1-0 {White wins by adjudication}
Score of PassedPawnV2 vs Magic: 641 - 515 - 516  [0.538] 1672
Started game 1685 of 10000 (PassedPawnV2 vs Magic)
Finished game 1669 (PassedPawnV2 vs Magic): 1-0 {White mates}
Score of PassedPawnV2 vs Magic: 642 - 515 - 516  [0.538] 1673
Started game 1686 of 10000 (Magic vs PassedPawnV2)
Finished game 1674 (Magic vs PassedPawnV2): 0-1 {Black wins by adjudication}
Score of PassedPawnV2 vs Magic: 643 - 515 - 516  [0.538] 1674
Started game 1687 of 10000 (PassedPawnV2 vs Magic)
Finished game 1676 (Magic vs PassedPawnV2): 0-1 {Black wins by adjudication}
Score of PassedPawnV2 vs Magic: 644 - 515 - 516  [0.539] 1675
Started game 1688 of 10000 (Magic vs PassedPawnV2)
Finished game 1682 (Magic vs PassedPawnV2): 1/2-1/2 {Draw by 3-fold repetition}
Score of PassedPawnV2 vs Magic: 644 - 515 - 517  [0.538] 1676
Started game 1689 of 10000 (PassedPawnV2 vs Magic)
Finished game 1673 (PassedPawnV2 vs Magic): 1/2-1/2 {Draw by adjudication}
Score of PassedPawnV2 vs Magic: 644 - 515 - 518  [0.538] 1677
Started game 1690 of 10000 (Magic vs PassedPawnV2)
Finished game 1679 (PassedPawnV2 vs Magic): 1-0 {White wins by adjudication}
Score of PassedPawnV2 vs Magic: 645 - 515 - 518  [0.539] 1678
Started game 1691 of 10000 (PassedPawnV2 vs Magic)
Finished game 1677 (PassedPawnV2 vs Magic): 0-1 {Black wins by adjudication}
Score of PassedPawnV2 vs Magic: 645 - 516 - 518  [0.538] 1679
Started game 1692 of 10000 (Magic vs PassedPawnV2)
Finished game 1675 (PassedPawnV2 vs Magic): 0-1 {Black wins by adjudication}
Score of PassedPawnV2 vs Magic: 645 - 517 - 518  [0.538] 1680
Started game 1693 of 10000 (PassedPawnV2 vs Magic)
Finished game 1680 (Magic vs PassedPawnV2): 1/2-1/2 {Draw by 3-fold repetition}
Score of PassedPawnV2 vs Magic: 645 - 517 - 519  [0.538] 1681
Started game 1694 of 10000 (Magic vs PassedPawnV2)
Finished game 1681 (PassedPawnV2 vs Magic): 1/2-1/2 {Draw by adjudication}
Score of PassedPawnV2 vs Magic: 645 - 517 - 520  [0.538] 1682
Started game 1695 of 10000 (PassedPawnV2 vs Magic)
Finished game 1685 (PassedPawnV2 vs Magic): 1-0 {White wins by adjudication}
Score of PassedPawnV2 vs Magic: 646 - 517 - 520  [0.538] 1683
Started game 1696 of 10000 (Magic vs PassedPawnV2)
Finished game 1689 (PassedPawnV2 vs Magic): 1-0 {White wins by adjudication}
Score of PassedPawnV2 vs Magic: 647 - 517 - 520  [0.539] 1684
Started game 1697 of 10000 (PassedPawnV2 vs Magic)
Finished game 1688 (Magic vs PassedPawnV2): 1-0 {White wins by adjudication}
Score of PassedPawnV2 vs Magic: 647 - 518 - 520  [0.538] 1685
Started game 1698 of 10000 (Magic vs PassedPawnV2)
Finished game 1687 (PassedPawnV2 vs Magic): 1-0 {White wins by adjudication}
Score of PassedPawnV2 vs Magic: 648 - 518 - 520  [0.539] 1686
Started game 1699 of 10000 (PassedPawnV2 vs Magic)
Finished game 1684 (Magic vs PassedPawnV2): 0-1 {Black wins by adjudication}
Score of PassedPawnV2 vs Magic: 649 - 518 - 520  [0.539] 1687
Started game 1700 of 10000 (Magic vs PassedPawnV2)
Finished game 1693 (PassedPawnV2 vs Magic): 1-0 {White wins by adjudication}
Score of PassedPawnV2 vs Magic: 650 - 518 - 520  [0.539] 1688
Started game 1701 of 10000 (PassedPawnV2 vs Magic)
Finished game 1686 (Magic vs PassedPawnV2): 1-0 {White wins by adjudication}
Score of PassedPawnV2 vs Magic: 650 - 519 - 520  [0.539] 1689
Started game 1702 of 10000 (Magic vs PassedPawnV2)
Finished game 1690 (Magic vs PassedPawnV2): 0-1 {Black wins by adjudication}
Score of PassedPawnV2 vs Magic: 651 - 519 - 520  [0.539] 1690
Started game 1703 of 10000 (PassedPawnV2 vs Magic)
Finished game 1692 (Magic vs PassedPawnV2): 0-1 {Black wins by adjudication}
Score of PassedPawnV2 vs Magic: 652 - 519 - 520  [0.539] 1691
Started game 1704 of 10000 (Magic vs PassedPawnV2)
Finished game 1691 (PassedPawnV2 vs Magic): 1/2-1/2 {Draw by 3-fold repetition}
Score of PassedPawnV2 vs Magic: 652 - 519 - 521  [0.539] 1692
Started game 1705 of 10000 (PassedPawnV2 vs Magic)
Finished game 1694 (Magic vs PassedPawnV2): 1/2-1/2 {Draw by insufficient mating material}
Score of PassedPawnV2 vs Magic: 652 - 519 - 522  [0.539] 1693
Started game 1706 of 10000 (Magic vs PassedPawnV2)
Finished game 1683 (PassedPawnV2 vs Magic): 1/2-1/2 {Draw by insufficient mating material}
Score of PassedPawnV2 vs Magic: 652 - 519 - 523  [0.539] 1694
Started game 1707 of 10000 (PassedPawnV2 vs Magic)
Finished game 1695 (PassedPawnV2 vs Magic): 0-1 {Black wins by adjudication}
Score of PassedPawnV2 vs Magic: 652 - 520 - 523  [0.539] 1695
Started game 1708 of 10000 (Magic vs PassedPawnV2)
Finished game 1696 (Magic vs PassedPawnV2): 0-1 {Black wins by adjudication}
Score of PassedPawnV2 vs Magic: 653 - 520 - 523  [0.539] 1696
Started game 1709 of 10000 (PassedPawnV2 vs Magic)
Finished game 1697 (PassedPawnV2 vs Magic): 1/2-1/2 {Draw by 3-fold repetition}
Score of PassedPawnV2 vs Magic: 653 - 520 - 524  [0.539] 1697
Started game 1710 of 10000 (Magic vs PassedPawnV2)
Finished game 1699 (PassedPawnV2 vs Magic): 1-0 {White wins by adjudication}
Score of PassedPawnV2 vs Magic: 654 - 520 - 524  [0.539] 1698
Started game 1711 of 10000 (PassedPawnV2 vs Magic)
Finished game 1698 (Magic vs PassedPawnV2): 0-1 {Black wins by adjudication}
Score of PassedPawnV2 vs Magic: 655 - 520 - 524  [0.540] 1699
Started game 1712 of 10000 (Magic vs PassedPawnV2)
Finished game 1705 (PassedPawnV2 vs Magic): 1-0 {White wins by adjudication}
Score of PassedPawnV2 vs Magic: 656 - 520 - 524  [0.540] 1700
Started game 1713 of 10000 (PassedPawnV2 vs Magic)
Finished game 1700 (Magic vs PassedPawnV2): 1-0 {White wins by adjudication}
Score of PassedPawnV2 vs Magic: 656 - 521 - 524  [0.540] 1701
Started game 1714 of 10000 (Magic vs PassedPawnV2)
Finished game 1703 (PassedPawnV2 vs Magic): 1-0 {White wins by adjudication}
Score of PassedPawnV2 vs Magic: 657 - 521 - 524  [0.540] 1702
Started game 1715 of 10000 (PassedPawnV2 vs Magic)
Finished game 1707 (PassedPawnV2 vs Magic): 0-1 {Black wins by adjudication}
Score of PassedPawnV2 vs Magic: 657 - 522 - 524  [0.540] 1703
Started game 1716 of 10000 (Magic vs PassedPawnV2)
Finished game 1706 (Magic vs PassedPawnV2): 1-0 {White wins by adjudication}
Score of PassedPawnV2 vs Magic: 657 - 523 - 524  [0.539] 1704
Started game 1717 of 10000 (PassedPawnV2 vs Magic)
Finished game 1701 (PassedPawnV2 vs Magic): 1/2-1/2 {Draw by fifty moves rule}
Score of PassedPawnV2 vs Magic: 657 - 523 - 525  [0.539] 1705
Started game 1718 of 10000 (Magic vs PassedPawnV2)
Finished game 1710 (Magic vs PassedPawnV2): 0-1 {Black wins by adjudication}
Score of PassedPawnV2 vs Magic: 658 - 523 - 525  [0.540] 1706
Started game 1719 of 10000 (PassedPawnV2 vs Magic)
Finished game 1702 (Magic vs PassedPawnV2): 0-1 {Black wins by adjudication}
Score of PassedPawnV2 vs Magic: 659 - 523 - 525  [0.540] 1707
Started game 1720 of 10000 (Magic vs PassedPawnV2)
Finished game 1708 (Magic vs PassedPawnV2): 0-1 {Black wins by adjudication}
Score of PassedPawnV2 vs Magic: 660 - 523 - 525  [0.540] 1708
Started game 1721 of 10000 (PassedPawnV2 vs Magic)
Finished game 1709 (PassedPawnV2 vs Magic): 1/2-1/2 {Draw by 3-fold repetition}
Score of PassedPawnV2 vs Magic: 660 - 523 - 526  [0.540] 1709
Started game 1722 of 10000 (Magic vs PassedPawnV2)
Finished game 1704 (Magic vs PassedPawnV2): 1/2-1/2 {Draw by fifty moves rule}
Score of PassedPawnV2 vs Magic: 660 - 523 - 527  [0.540] 1710
Started game 1723 of 10000 (PassedPawnV2 vs Magic)
Finished game 1711 (PassedPawnV2 vs Magic): 1-0 {White wins by adjudication}
Score of PassedPawnV2 vs Magic: 661 - 523 - 527  [0.540] 1711
Started game 1724 of 10000 (Magic vs PassedPawnV2)
Finished game 1714 (Magic vs PassedPawnV2): 0-1 {Black wins by adjudication}
Score of PassedPawnV2 vs Magic: 662 - 523 - 527  [0.541] 1712
Started game 1725 of 10000 (PassedPawnV2 vs Magic)
Finished game 1720 (Magic vs PassedPawnV2): 1/2-1/2 {Draw by 3-fold repetition}
Score of PassedPawnV2 vs Magic: 662 - 523 - 528  [0.541] 1713
Started game 1726 of 10000 (Magic vs PassedPawnV2)
Finished game 1712 (Magic vs PassedPawnV2): 0-1 {Black wins by adjudication}
Score of PassedPawnV2 vs Magic: 663 - 523 - 528  [0.541] 1714
Started game 1727 of 10000 (PassedPawnV2 vs Magic)
Finished game 1713 (PassedPawnV2 vs Magic): 1-0 {White wins by adjudication}
Score of PassedPawnV2 vs Magic: 664 - 523 - 528  [0.541] 1715
Started game 1728 of 10000 (Magic vs PassedPawnV2)
Finished game 1716 (Magic vs PassedPawnV2): 1-0 {White wins by adjudication}
Score of PassedPawnV2 vs Magic: 664 - 524 - 528  [0.541] 1716
Started game 1729 of 10000 (PassedPawnV2 vs Magic)
Finished game 1715 (PassedPawnV2 vs Magic): 0-1 {Black wins by adjudication}
Score of PassedPawnV2 vs Magic: 664 - 525 - 528  [0.540] 1717
Started game 1730 of 10000 (Magic vs PassedPawnV2)
Finished game 1725 (PassedPawnV2 vs Magic): 1-0 {White wins by adjudication}
Score of PassedPawnV2 vs Magic: 665 - 525 - 528  [0.541] 1718
Started game 1731 of 10000 (PassedPawnV2 vs Magic)
Finished game 1718 (Magic vs PassedPawnV2): 1/2-1/2 {Draw by insufficient mating material}
Score of PassedPawnV2 vs Magic: 665 - 525 - 529  [0.541] 1719
Started game 1732 of 10000 (Magic vs PassedPawnV2)
Finished game 1721 (PassedPawnV2 vs Magic): 0-1 {Black wins by adjudication}
Score of PassedPawnV2 vs Magic: 665 - 526 - 529  [0.540] 1720
Started game 1733 of 10000 (PassedPawnV2 vs Magic)
Finished game 1722 (Magic vs PassedPawnV2): 1-0 {White wins by adjudication}
Score of PassedPawnV2 vs Magic: 665 - 527 - 529  [0.540] 1721
Started game 1734 of 10000 (Magic vs PassedPawnV2)
Finished game 1717 (PassedPawnV2 vs Magic): 1-0 {White wins by adjudication}
Score of PassedPawnV2 vs Magic: 666 - 527 - 529  [0.540] 1722
Started game 1735 of 10000 (PassedPawnV2 vs Magic)
Finished game 1719 (PassedPawnV2 vs Magic): 1/2-1/2 {Draw by insufficient mating material}
Score of PassedPawnV2 vs Magic: 666 - 527 - 530  [0.540] 1723
Started game 1736 of 10000 (Magic vs PassedPawnV2)
Finished game 1723 (PassedPawnV2 vs Magic): 0-1 {Black wins by adjudication}
Score of PassedPawnV2 vs Magic: 666 - 528 - 530  [0.540] 1724
Started game 1737 of 10000 (PassedPawnV2 vs Magic)
Finished game 1729 (PassedPawnV2 vs Magic): 1-0 {White wins by adjudication}
Score of PassedPawnV2 vs Magic: 667 - 528 - 530  [0.540] 1725
Started game 1738 of 10000 (Magic vs PassedPawnV2)
Finished game 1724 (Magic vs PassedPawnV2): 0-1 {Black wins by adjudication}
Score of PassedPawnV2 vs Magic: 668 - 528 - 530  [0.541] 1726
Started game 1739 of 10000 (PassedPawnV2 vs Magic)
Finished game 1727 (PassedPawnV2 vs Magic): 1-0 {White wins by adjudication}
Score of PassedPawnV2 vs Magic: 669 - 528 - 530  [0.541] 1727
Started game 1740 of 10000 (Magic vs PassedPawnV2)
Finished game 1730 (Magic vs PassedPawnV2): 1/2-1/2 {Draw by 3-fold repetition}
Score of PassedPawnV2 vs Magic: 669 - 528 - 531  [0.541] 1728
Started game 1741 of 10000 (PassedPawnV2 vs Magic)
Finished game 1726 (Magic vs PassedPawnV2): 1-0 {White wins by adjudication}
Score of PassedPawnV2 vs Magic: 669 - 529 - 531  [0.540] 1729
Started game 1742 of 10000 (Magic vs PassedPawnV2)
Finished game 1735 (PassedPawnV2 vs Magic): 1/2-1/2 {Draw by 3-fold repetition}
Score of PassedPawnV2 vs Magic: 669 - 529 - 532  [0.540] 1730
Started game 1743 of 10000 (PassedPawnV2 vs Magic)
Finished game 1728 (Magic vs PassedPawnV2): 1-0 {White wins by adjudication}
Score of PassedPawnV2 vs Magic: 669 - 530 - 532  [0.540] 1731
Started game 1744 of 10000 (Magic vs PassedPawnV2)
Finished game 1732 (Magic vs PassedPawnV2): 0-1 {Black mates}
Score of PassedPawnV2 vs Magic: 670 - 530 - 532  [0.540] 1732
Started game 1745 of 10000 (PassedPawnV2 vs Magic)
Finished game 1731 (PassedPawnV2 vs Magic): 1-0 {White wins by adjudication}
Score of PassedPawnV2 vs Magic: 671 - 530 - 532  [0.541] 1733
Started game 1746 of 10000 (Magic vs PassedPawnV2)
Finished game 1734 (Magic vs PassedPawnV2): 1/2-1/2 {Draw by 3-fold repetition}
Score of PassedPawnV2 vs Magic: 671 - 530 - 533  [0.541] 1734
Started game 1747 of 10000 (PassedPawnV2 vs Magic)
Finished game 1733 (PassedPawnV2 vs Magic): 1-0 {White wins by adjudication}
Score of PassedPawnV2 vs Magic: 672 - 530 - 533  [0.541] 1735
Started game 1748 of 10000 (Magic vs PassedPawnV2)
Finished game 1737 (PassedPawnV2 vs Magic): 1/2-1/2 {Draw by adjudication}
Score of PassedPawnV2 vs Magic: 672 - 530 - 534  [0.541] 1736
Started game 1749 of 10000 (PassedPawnV2 vs Magic)
Finished game 1736 (Magic vs PassedPawnV2): 1-0 {White wins by adjudication}
Score of PassedPawnV2 vs Magic: 672 - 531 - 534  [0.541] 1737
Started game 1750 of 10000 (Magic vs PassedPawnV2)
Finished game 1744 (Magic vs PassedPawnV2): 1-0 {White wins by adjudication}
Score of PassedPawnV2 vs Magic: 672 - 532 - 534  [0.540] 1738
Started game 1751 of 10000 (PassedPawnV2 vs Magic)
Finished game 1741 (PassedPawnV2 vs Magic): 0-1 {Black wins by adjudication}
Score of PassedPawnV2 vs Magic: 672 - 533 - 534  [0.540] 1739
Started game 1752 of 10000 (Magic vs PassedPawnV2)
Finished game 1738 (Magic vs PassedPawnV2): 1/2-1/2 {Draw by insufficient mating material}
Score of PassedPawnV2 vs Magic: 672 - 533 - 535  [0.540] 1740
Started game 1753 of 10000 (PassedPawnV2 vs Magic)
Finished game 1740 (Magic vs PassedPawnV2): 1/2-1/2 {Draw by 3-fold repetition}
Score of PassedPawnV2 vs Magic: 672 - 533 - 536  [0.540] 1741
Started game 1754 of 10000 (Magic vs PassedPawnV2)
Finished game 1746 (Magic vs PassedPawnV2): 1-0 {White wins by adjudication}
Score of PassedPawnV2 vs Magic: 672 - 534 - 536  [0.540] 1742
Started game 1755 of 10000 (PassedPawnV2 vs Magic)
Finished game 1743 (PassedPawnV2 vs Magic): 1-0 {White wins by adjudication}
Score of PassedPawnV2 vs Magic: 673 - 534 - 536  [0.540] 1743
Started game 1756 of 10000 (Magic vs PassedPawnV2)
Finished game 1742 (Magic vs PassedPawnV2): 1-0 {White wins by adjudication}
Score of PassedPawnV2 vs Magic: 673 - 535 - 536  [0.540] 1744
Started game 1757 of 10000 (PassedPawnV2 vs Magic)
Finished game 1748 (Magic vs PassedPawnV2): 1-0 {White wins by adjudication}
Score of PassedPawnV2 vs Magic: 673 - 536 - 536  [0.539] 1745
Started game 1758 of 10000 (Magic vs PassedPawnV2)
Finished game 1747 (PassedPawnV2 vs Magic): 1-0 {White wins by adjudication}
Score of PassedPawnV2 vs Magic: 674 - 536 - 536  [0.540] 1746
Started game 1759 of 10000 (PassedPawnV2 vs Magic)
Finished game 1745 (PassedPawnV2 vs Magic): 1-0 {White wins by adjudication}
Score of PassedPawnV2 vs Magic: 675 - 536 - 536  [0.540] 1747
Started game 1760 of 10000 (Magic vs PassedPawnV2)
Finished game 1750 (Magic vs PassedPawnV2): 1/2-1/2 {Draw by 3-fold repetition}
Score of PassedPawnV2 vs Magic: 675 - 536 - 537  [0.540] 1748
Started game 1761 of 10000 (PassedPawnV2 vs Magic)
Finished game 1739 (PassedPawnV2 vs Magic): 1-0 {White wins by adjudication}
Score of PassedPawnV2 vs Magic: 676 - 536 - 537  [0.540] 1749
Started game 1762 of 10000 (Magic vs PassedPawnV2)
Finished game 1753 (PassedPawnV2 vs Magic): 0-1 {Black wins by adjudication}
Score of PassedPawnV2 vs Magic: 676 - 537 - 537  [0.540] 1750
Started game 1763 of 10000 (PassedPawnV2 vs Magic)
Finished game 1755 (PassedPawnV2 vs Magic): 0-1 {Black wins by adjudication}
Score of PassedPawnV2 vs Magic: 676 - 538 - 537  [0.539] 1751
Started game 1764 of 10000 (Magic vs PassedPawnV2)
Finished game 1754 (Magic vs PassedPawnV2): 1-0 {White wins by adjudication}
Score of PassedPawnV2 vs Magic: 676 - 539 - 537  [0.539] 1752
Started game 1765 of 10000 (PassedPawnV2 vs Magic)
Finished game 1752 (Magic vs PassedPawnV2): 1-0 {White wins by adjudication}
Score of PassedPawnV2 vs Magic: 676 - 540 - 537  [0.539] 1753
Started game 1766 of 10000 (Magic vs PassedPawnV2)
Finished game 1749 (PassedPawnV2 vs Magic): 0-1 {Black wins by adjudication}
Score of PassedPawnV2 vs Magic: 676 - 541 - 537  [0.538] 1754
Started game 1767 of 10000 (PassedPawnV2 vs Magic)
Finished game 1756 (Magic vs PassedPawnV2): 0-1 {Black wins by adjudication}
Score of PassedPawnV2 vs Magic: 677 - 541 - 537  [0.539] 1755
Started game 1768 of 10000 (Magic vs PassedPawnV2)
Finished game 1757 (PassedPawnV2 vs Magic): 1-0 {White wins by adjudication}
Score of PassedPawnV2 vs Magic: 678 - 541 - 537  [0.539] 1756
Started game 1769 of 10000 (PassedPawnV2 vs Magic)
Finished game 1761 (PassedPawnV2 vs Magic): 1-0 {White mates}
Score of PassedPawnV2 vs Magic: 679 - 541 - 537  [0.539] 1757
Started game 1770 of 10000 (Magic vs PassedPawnV2)
Finished game 1765 (PassedPawnV2 vs Magic): 1-0 {White wins by adjudication}
Score of PassedPawnV2 vs Magic: 680 - 541 - 537  [0.540] 1758
Started game 1771 of 10000 (PassedPawnV2 vs Magic)
Finished game 1762 (Magic vs PassedPawnV2): 1-0 {White wins by adjudication}
Score of PassedPawnV2 vs Magic: 680 - 542 - 537  [0.539] 1759
Started game 1772 of 10000 (Magic vs PassedPawnV2)
Finished game 1751 (PassedPawnV2 vs Magic): 1/2-1/2 {Draw by fifty moves rule}
Score of PassedPawnV2 vs Magic: 680 - 542 - 538  [0.539] 1760
Started game 1773 of 10000 (PassedPawnV2 vs Magic)
Finished game 1760 (Magic vs PassedPawnV2): 0-1 {Black wins by adjudication}
Score of PassedPawnV2 vs Magic: 681 - 542 - 538  [0.539] 1761
Started game 1774 of 10000 (Magic vs PassedPawnV2)
Finished game 1758 (Magic vs PassedPawnV2): 1/2-1/2 {Draw by adjudication}
Score of PassedPawnV2 vs Magic: 681 - 542 - 539  [0.539] 1762
Started game 1775 of 10000 (PassedPawnV2 vs Magic)
Finished game 1766 (Magic vs PassedPawnV2): 1/2-1/2 {Draw by 3-fold repetition}
Score of PassedPawnV2 vs Magic: 681 - 542 - 540  [0.539] 1763
Started game 1776 of 10000 (Magic vs PassedPawnV2)
Finished game 1763 (PassedPawnV2 vs Magic): 1-0 {White wins by adjudication}
Score of PassedPawnV2 vs Magic: 682 - 542 - 540  [0.540] 1764
Started game 1777 of 10000 (PassedPawnV2 vs Magic)
Finished game 1759 (PassedPawnV2 vs Magic): 1-0 {White wins by adjudication}
Score of PassedPawnV2 vs Magic: 683 - 542 - 540  [0.540] 1765
Started game 1778 of 10000 (Magic vs PassedPawnV2)
Finished game 1768 (Magic vs PassedPawnV2): 0-1 {Black wins by adjudication}
Score of PassedPawnV2 vs Magic: 684 - 542 - 540  [0.540] 1766
Started game 1779 of 10000 (PassedPawnV2 vs Magic)
Finished game 1764 (Magic vs PassedPawnV2): 1-0 {White wins by adjudication}
Score of PassedPawnV2 vs Magic: 684 - 543 - 540  [0.540] 1767
Started game 1780 of 10000 (Magic vs PassedPawnV2)
Finished game 1767 (PassedPawnV2 vs Magic): 0-1 {Black wins by adjudication}
Score of PassedPawnV2 vs Magic: 684 - 544 - 540  [0.540] 1768
Started game 1781 of 10000 (PassedPawnV2 vs Magic)
Finished game 1769 (PassedPawnV2 vs Magic): 0-1 {Black wins by adjudication}
Score of PassedPawnV2 vs Magic: 684 - 545 - 540  [0.539] 1769
Started game 1782 of 10000 (Magic vs PassedPawnV2)
Finished game 1771 (PassedPawnV2 vs Magic): 1-0 {White wins by adjudication}
Score of PassedPawnV2 vs Magic: 685 - 545 - 540  [0.540] 1770
Started game 1783 of 10000 (PassedPawnV2 vs Magic)
Finished game 1772 (Magic vs PassedPawnV2): 1-0 {White wins by adjudication}
Score of PassedPawnV2 vs Magic: 685 - 546 - 540  [0.539] 1771
Started game 1784 of 10000 (Magic vs PassedPawnV2)
Finished game 1775 (PassedPawnV2 vs Magic): 1-0 {White wins by adjudication}
Score of PassedPawnV2 vs Magic: 686 - 546 - 540  [0.540] 1772
Started game 1785 of 10000 (PassedPawnV2 vs Magic)
Finished game 1770 (Magic vs PassedPawnV2): 1-0 {White wins by adjudication}
Score of PassedPawnV2 vs Magic: 686 - 547 - 540  [0.539] 1773
Started game 1786 of 10000 (Magic vs PassedPawnV2)
Finished game 1776 (Magic vs PassedPawnV2): 1-0 {White wins by adjudication}
Score of PassedPawnV2 vs Magic: 686 - 548 - 540  [0.539] 1774
Started game 1787 of 10000 (PassedPawnV2 vs Magic)
Finished game 1779 (PassedPawnV2 vs Magic): 0-1 {Black wins by adjudication}
Score of PassedPawnV2 vs Magic: 686 - 549 - 540  [0.539] 1775
Started game 1788 of 10000 (Magic vs PassedPawnV2)
Finished game 1782 (Magic vs PassedPawnV2): 1/2-1/2 {Draw by 3-fold repetition}
Score of PassedPawnV2 vs Magic: 686 - 549 - 541  [0.539] 1776
Started game 1789 of 10000 (PassedPawnV2 vs Magic)
Finished game 1774 (Magic vs PassedPawnV2): 1-0 {White wins by adjudication}
Score of PassedPawnV2 vs Magic: 686 - 550 - 541  [0.538] 1777
Started game 1790 of 10000 (Magic vs PassedPawnV2)
Finished game 1778 (Magic vs PassedPawnV2): 0-1 {Black wins by adjudication}
Score of PassedPawnV2 vs Magic: 687 - 550 - 541  [0.539] 1778
Started game 1791 of 10000 (PassedPawnV2 vs Magic)
Finished game 1777 (PassedPawnV2 vs Magic): 0-1 {Black wins by adjudication}
Score of PassedPawnV2 vs Magic: 687 - 551 - 541  [0.538] 1779
Started game 1792 of 10000 (Magic vs PassedPawnV2)
Finished game 1781 (PassedPawnV2 vs Magic): 0-1 {Black wins by adjudication}
Score of PassedPawnV2 vs Magic: 687 - 552 - 541  [0.538] 1780
Started game 1793 of 10000 (PassedPawnV2 vs Magic)
Finished game 1780 (Magic vs PassedPawnV2): 0-1 {Black wins by adjudication}
Score of PassedPawnV2 vs Magic: 688 - 552 - 541  [0.538] 1781
Started game 1794 of 10000 (Magic vs PassedPawnV2)
Finished game 1784 (Magic vs PassedPawnV2): 1-0 {White wins by adjudication}
Score of PassedPawnV2 vs Magic: 688 - 553 - 541  [0.538] 1782
Started game 1795 of 10000 (PassedPawnV2 vs Magic)
Finished game 1786 (Magic vs PassedPawnV2): 0-1 {Black wins by adjudication}
Score of PassedPawnV2 vs Magic: 689 - 553 - 541  [0.538] 1783
Started game 1796 of 10000 (Magic vs PassedPawnV2)
Finished game 1773 (PassedPawnV2 vs Magic): 1/2-1/2 {Draw by insufficient mating material}
Score of PassedPawnV2 vs Magic: 689 - 553 - 542  [0.538] 1784
Started game 1797 of 10000 (PassedPawnV2 vs Magic)
Finished game 1788 (Magic vs PassedPawnV2): 1/2-1/2 {Draw by adjudication}
Score of PassedPawnV2 vs Magic: 689 - 553 - 543  [0.538] 1785
Started game 1798 of 10000 (Magic vs PassedPawnV2)
Finished game 1787 (PassedPawnV2 vs Magic): 1-0 {White wins by adjudication}
Score of PassedPawnV2 vs Magic: 690 - 553 - 543  [0.538] 1786
Started game 1799 of 10000 (PassedPawnV2 vs Magic)
Finished game 1785 (PassedPawnV2 vs Magic): 1-0 {White wins by adjudication}
Score of PassedPawnV2 vs Magic: 691 - 553 - 543  [0.539] 1787
Started game 1800 of 10000 (Magic vs PassedPawnV2)
Finished game 1790 (Magic vs PassedPawnV2): 0-1 {Black wins by adjudication}
Score of PassedPawnV2 vs Magic: 692 - 553 - 543  [0.539] 1788
Started game 1801 of 10000 (PassedPawnV2 vs Magic)
Finished game 1792 (Magic vs PassedPawnV2): 1-0 {White wins by adjudication}
Score of PassedPawnV2 vs Magic: 692 - 554 - 543  [0.539] 1789
Started game 1802 of 10000 (Magic vs PassedPawnV2)
Finished game 1789 (PassedPawnV2 vs Magic): 1/2-1/2 {Draw by 3-fold repetition}
Score of PassedPawnV2 vs Magic: 692 - 554 - 544  [0.539] 1790
Started game 1803 of 10000 (PassedPawnV2 vs Magic)
Finished game 1793 (PassedPawnV2 vs Magic): 1-0 {White wins by adjudication}
Score of PassedPawnV2 vs Magic: 693 - 554 - 544  [0.539] 1791
Started game 1804 of 10000 (Magic vs PassedPawnV2)
Finished game 1796 (Magic vs PassedPawnV2): 0-1 {Black wins by adjudication}
Score of PassedPawnV2 vs Magic: 694 - 554 - 544  [0.539] 1792
Started game 1805 of 10000 (PassedPawnV2 vs Magic)
Finished game 1791 (PassedPawnV2 vs Magic): 1-0 {White wins by adjudication}
Score of PassedPawnV2 vs Magic: 695 - 554 - 544  [0.539] 1793
Started game 1806 of 10000 (Magic vs PassedPawnV2)
Finished game 1794 (Magic vs PassedPawnV2): 1-0 {White wins by adjudication}
Score of PassedPawnV2 vs Magic: 695 - 555 - 544  [0.539] 1794
Started game 1807 of 10000 (PassedPawnV2 vs Magic)
Finished game 1783 (PassedPawnV2 vs Magic): 1/2-1/2 {Draw by fifty moves rule}
Score of PassedPawnV2 vs Magic: 695 - 555 - 545  [0.539] 1795
Started game 1808 of 10000 (Magic vs PassedPawnV2)
Finished game 1799 (PassedPawnV2 vs Magic): 0-1 {Black wins by adjudication}
Score of PassedPawnV2 vs Magic: 695 - 556 - 545  [0.539] 1796
Started game 1809 of 10000 (PassedPawnV2 vs Magic)
Finished game 1797 (PassedPawnV2 vs Magic): 0-1 {Black wins by adjudication}
Score of PassedPawnV2 vs Magic: 695 - 557 - 545  [0.538] 1797
Started game 1810 of 10000 (Magic vs PassedPawnV2)
Finished game 1795 (PassedPawnV2 vs Magic): 1-0 {White mates}
Score of PassedPawnV2 vs Magic: 696 - 557 - 545  [0.539] 1798
Started game 1811 of 10000 (PassedPawnV2 vs Magic)
Finished game 1801 (PassedPawnV2 vs Magic): 0-1 {Black wins by adjudication}
Score of PassedPawnV2 vs Magic: 696 - 558 - 545  [0.538] 1799
Started game 1812 of 10000 (Magic vs PassedPawnV2)
Finished game 1800 (Magic vs PassedPawnV2): 1/2-1/2 {Draw by insufficient mating material}
Score of PassedPawnV2 vs Magic: 696 - 558 - 546  [0.538] 1800
Started game 1813 of 10000 (PassedPawnV2 vs Magic)
Finished game 1798 (Magic vs PassedPawnV2): 1/2-1/2 {Draw by adjudication}
Score of PassedPawnV2 vs Magic: 696 - 558 - 547  [0.538] 1801
Started game 1814 of 10000 (Magic vs PassedPawnV2)
Finished game 1809 (PassedPawnV2 vs Magic): 0-1 {Black wins by adjudication}
Score of PassedPawnV2 vs Magic: 696 - 559 - 547  [0.538] 1802
Started game 1815 of 10000 (PassedPawnV2 vs Magic)
Finished game 1805 (PassedPawnV2 vs Magic): 1/2-1/2 {Draw by 3-fold repetition}
Score of PassedPawnV2 vs Magic: 696 - 559 - 548  [0.538] 1803
Started game 1816 of 10000 (Magic vs PassedPawnV2)
Finished game 1808 (Magic vs PassedPawnV2): 1-0 {White wins by adjudication}
Score of PassedPawnV2 vs Magic: 696 - 560 - 548  [0.538] 1804
Started game 1817 of 10000 (PassedPawnV2 vs Magic)
Finished game 1804 (Magic vs PassedPawnV2): 1-0 {White wins by adjudication}
Score of PassedPawnV2 vs Magic: 696 - 561 - 548  [0.537] 1805
Started game 1818 of 10000 (Magic vs PassedPawnV2)
Finished game 1806 (Magic vs PassedPawnV2): 0-1 {Black wins by adjudication}
Score of PassedPawnV2 vs Magic: 697 - 561 - 548  [0.538] 1806
Started game 1819 of 10000 (PassedPawnV2 vs Magic)
Finished game 1807 (PassedPawnV2 vs Magic): 0-1 {Black wins by adjudication}
Score of PassedPawnV2 vs Magic: 697 - 562 - 548  [0.537] 1807
Started game 1820 of 10000 (Magic vs PassedPawnV2)
Finished game 1802 (Magic vs PassedPawnV2): 1-0 {White wins by adjudication}
Score of PassedPawnV2 vs Magic: 697 - 563 - 548  [0.537] 1808
Started game 1821 of 10000 (PassedPawnV2 vs Magic)
Finished game 1813 (PassedPawnV2 vs Magic): 1/2-1/2 {Draw by 3-fold repetition}
Score of PassedPawnV2 vs Magic: 697 - 563 - 549  [0.537] 1809
Started game 1822 of 10000 (Magic vs PassedPawnV2)
Finished game 1815 (PassedPawnV2 vs Magic): 1/2-1/2 {Draw by 3-fold repetition}
Score of PassedPawnV2 vs Magic: 697 - 563 - 550  [0.537] 1810
Started game 1823 of 10000 (PassedPawnV2 vs Magic)
Finished game 1812 (Magic vs PassedPawnV2): 0-1 {Black wins by adjudication}
Score of PassedPawnV2 vs Magic: 698 - 563 - 550  [0.537] 1811
Started game 1824 of 10000 (Magic vs PassedPawnV2)
Finished game 1814 (Magic vs PassedPawnV2): 1/2-1/2 {Draw by 3-fold repetition}
Score of PassedPawnV2 vs Magic: 698 - 563 - 551  [0.537] 1812
Started game 1825 of 10000 (PassedPawnV2 vs Magic)
Finished game 1818 (Magic vs PassedPawnV2): 0-1 {Black wins by adjudication}
Score of PassedPawnV2 vs Magic: 699 - 563 - 551  [0.538] 1813
Started game 1826 of 10000 (Magic vs PassedPawnV2)
Finished game 1819 (PassedPawnV2 vs Magic): 1-0 {White wins by adjudication}
Score of PassedPawnV2 vs Magic: 700 - 563 - 551  [0.538] 1814
Started game 1827 of 10000 (PassedPawnV2 vs Magic)
Finished game 1821 (PassedPawnV2 vs Magic): 1-0 {White wins by adjudication}
Score of PassedPawnV2 vs Magic: 701 - 563 - 551  [0.538] 1815
Started game 1828 of 10000 (Magic vs PassedPawnV2)
Finished game 1817 (PassedPawnV2 vs Magic): 0-1 {Black wins by adjudication}
Score of PassedPawnV2 vs Magic: 701 - 564 - 551  [0.538] 1816
Started game 1829 of 10000 (PassedPawnV2 vs Magic)
Finished game 1803 (PassedPawnV2 vs Magic): 1/2-1/2 {Draw by fifty moves rule}
Score of PassedPawnV2 vs Magic: 701 - 564 - 552  [0.538] 1817
Started game 1830 of 10000 (Magic vs PassedPawnV2)
Finished game 1816 (Magic vs PassedPawnV2): 1-0 {White wins by adjudication}
Score of PassedPawnV2 vs Magic: 701 - 565 - 552  [0.537] 1818
Started game 1831 of 10000 (PassedPawnV2 vs Magic)
Finished game 1811 (PassedPawnV2 vs Magic): 1/2-1/2 {Draw by adjudication}
Score of PassedPawnV2 vs Magic: 701 - 565 - 553  [0.537] 1819
Started game 1832 of 10000 (Magic vs PassedPawnV2)
Finished game 1825 (PassedPawnV2 vs Magic): 0-1 {Black wins by adjudication}
Score of PassedPawnV2 vs Magic: 701 - 566 - 553  [0.537] 1820
Started game 1833 of 10000 (PassedPawnV2 vs Magic)
Finished game 1822 (Magic vs PassedPawnV2): 1-0 {White wins by adjudication}
Score of PassedPawnV2 vs Magic: 701 - 567 - 553  [0.537] 1821
Started game 1834 of 10000 (Magic vs PassedPawnV2)
Finished game 1810 (Magic vs PassedPawnV2): 1/2-1/2 {Draw by fifty moves rule}
Score of PassedPawnV2 vs Magic: 701 - 567 - 554  [0.537] 1822
Started game 1835 of 10000 (PassedPawnV2 vs Magic)
Finished game 1820 (Magic vs PassedPawnV2): 0-1 {Black wins by adjudication}
Score of PassedPawnV2 vs Magic: 702 - 567 - 554  [0.537] 1823
Started game 1836 of 10000 (Magic vs PassedPawnV2)
Finished game 1823 (PassedPawnV2 vs Magic): 1-0 {White wins by adjudication}
Score of PassedPawnV2 vs Magic: 703 - 567 - 554  [0.537] 1824
Started game 1837 of 10000 (PassedPawnV2 vs Magic)
Finished game 1824 (Magic vs PassedPawnV2): 0-1 {Black wins by adjudication}
Score of PassedPawnV2 vs Magic: 704 - 567 - 554  [0.538] 1825
Started game 1838 of 10000 (Magic vs PassedPawnV2)
Finished game 1826 (Magic vs PassedPawnV2): 0-1 {Black wins by adjudication}
Score of PassedPawnV2 vs Magic: 705 - 567 - 554  [0.538] 1826
Started game 1839 of 10000 (PassedPawnV2 vs Magic)
Finished game 1827 (PassedPawnV2 vs Magic): 1-0 {White wins by adjudication}
Score of PassedPawnV2 vs Magic: 706 - 567 - 554  [0.538] 1827
Started game 1840 of 10000 (Magic vs PassedPawnV2)
Finished game 1828 (Magic vs PassedPawnV2): 1/2-1/2 {Draw by 3-fold repetition}
Score of PassedPawnV2 vs Magic: 706 - 567 - 555  [0.538] 1828
Started game 1841 of 10000 (PassedPawnV2 vs Magic)
Finished game 1833 (PassedPawnV2 vs Magic): 0-1 {Black wins by adjudication}
Score of PassedPawnV2 vs Magic: 706 - 568 - 555  [0.538] 1829
Started game 1842 of 10000 (Magic vs PassedPawnV2)
Finished game 1830 (Magic vs PassedPawnV2): 1-0 {White wins by adjudication}
Score of PassedPawnV2 vs Magic: 706 - 569 - 555  [0.537] 1830
Started game 1843 of 10000 (PassedPawnV2 vs Magic)
Finished game 1829 (PassedPawnV2 vs Magic): 1/2-1/2 {Draw by insufficient mating material}
Score of PassedPawnV2 vs Magic: 706 - 569 - 556  [0.537] 1831
Started game 1844 of 10000 (Magic vs PassedPawnV2)
Finished game 1834 (Magic vs PassedPawnV2): 0-1 {Black wins by adjudication}
Score of PassedPawnV2 vs Magic: 707 - 569 - 556  [0.538] 1832
Started game 1845 of 10000 (PassedPawnV2 vs Magic)
Finished game 1837 (PassedPawnV2 vs Magic): 0-1 {Black wins by adjudication}
Score of PassedPawnV2 vs Magic: 707 - 570 - 556  [0.537] 1833
Started game 1846 of 10000 (Magic vs PassedPawnV2)
Finished game 1832 (Magic vs PassedPawnV2): 1/2-1/2 {Draw by insufficient mating material}
Score of PassedPawnV2 vs Magic: 707 - 570 - 557  [0.537] 1834
Started game 1847 of 10000 (PassedPawnV2 vs Magic)
Finished game 1835 (PassedPawnV2 vs Magic): 1-0 {White wins by adjudication}
Score of PassedPawnV2 vs Magic: 708 - 570 - 557  [0.538] 1835
Started game 1848 of 10000 (Magic vs PassedPawnV2)
Finished game 1838 (Magic vs PassedPawnV2): 1-0 {White wins by adjudication}
Score of PassedPawnV2 vs Magic: 708 - 571 - 557  [0.537] 1836
Started game 1849 of 10000 (PassedPawnV2 vs Magic)
Finished game 1831 (PassedPawnV2 vs Magic): 1-0 {White wins by adjudication}
Score of PassedPawnV2 vs Magic: 709 - 571 - 557  [0.538] 1837
Started game 1850 of 10000 (Magic vs PassedPawnV2)
Finished game 1836 (Magic vs PassedPawnV2): 1/2-1/2 {Draw by adjudication}
Score of PassedPawnV2 vs Magic: 709 - 571 - 558  [0.538] 1838
Started game 1851 of 10000 (PassedPawnV2 vs Magic)
Finished game 1839 (PassedPawnV2 vs Magic): 0-1 {Black wins by adjudication}
Score of PassedPawnV2 vs Magic: 709 - 572 - 558  [0.537] 1839
Started game 1852 of 10000 (Magic vs PassedPawnV2)
Finished game 1848 (Magic vs PassedPawnV2): 1-0 {White wins by adjudication}
Score of PassedPawnV2 vs Magic: 709 - 573 - 558  [0.537] 1840
Started game 1853 of 10000 (PassedPawnV2 vs Magic)
Finished game 1847 (PassedPawnV2 vs Magic): 1-0 {White wins by adjudication}
Score of PassedPawnV2 vs Magic: 710 - 573 - 558  [0.537] 1841
Started game 1854 of 10000 (Magic vs PassedPawnV2)
Finished game 1843 (PassedPawnV2 vs Magic): 0-1 {Black wins by adjudication}
Score of PassedPawnV2 vs Magic: 710 - 574 - 558  [0.537] 1842
Started game 1855 of 10000 (PassedPawnV2 vs Magic)
Finished game 1840 (Magic vs PassedPawnV2): 1/2-1/2 {Draw by fifty moves rule}
Score of PassedPawnV2 vs Magic: 710 - 574 - 559  [0.537] 1843
Started game 1856 of 10000 (Magic vs PassedPawnV2)
Finished game 1841 (PassedPawnV2 vs Magic): 1-0 {White wins by adjudication}
Score of PassedPawnV2 vs Magic: 711 - 574 - 559  [0.537] 1844
Started game 1857 of 10000 (PassedPawnV2 vs Magic)
Finished game 1842 (Magic vs PassedPawnV2): 1/2-1/2 {Draw by insufficient mating material}
Score of PassedPawnV2 vs Magic: 711 - 574 - 560  [0.537] 1845
Started game 1858 of 10000 (Magic vs PassedPawnV2)
Finished game 1849 (PassedPawnV2 vs Magic): 1-0 {White wins by adjudication}
Score of PassedPawnV2 vs Magic: 712 - 574 - 560  [0.537] 1846
Started game 1859 of 10000 (PassedPawnV2 vs Magic)
Finished game 1845 (PassedPawnV2 vs Magic): 0-1 {Black wins by adjudication}
Score of PassedPawnV2 vs Magic: 712 - 575 - 560  [0.537] 1847
Started game 1860 of 10000 (Magic vs PassedPawnV2)
Finished game 1846 (Magic vs PassedPawnV2): 1/2-1/2 {Draw by insufficient mating material}
Score of PassedPawnV2 vs Magic: 712 - 575 - 561  [0.537] 1848
Started game 1861 of 10000 (PassedPawnV2 vs Magic)
Finished game 1850 (Magic vs PassedPawnV2): 0-1 {Black wins by adjudication}
Score of PassedPawnV2 vs Magic: 713 - 575 - 561  [0.537] 1849
Started game 1862 of 10000 (Magic vs PassedPawnV2)
Finished game 1852 (Magic vs PassedPawnV2): 0-1 {Black wins by adjudication}
Score of PassedPawnV2 vs Magic: 714 - 575 - 561  [0.538] 1850
Started game 1863 of 10000 (PassedPawnV2 vs Magic)
Finished game 1858 (Magic vs PassedPawnV2): 1-0 {White wins by adjudication}
Score of PassedPawnV2 vs Magic: 714 - 576 - 561  [0.537] 1851
Started game 1864 of 10000 (Magic vs PassedPawnV2)
Finished game 1857 (PassedPawnV2 vs Magic): 1-0 {White wins by adjudication}
Score of PassedPawnV2 vs Magic: 715 - 576 - 561  [0.538] 1852
Started game 1865 of 10000 (PassedPawnV2 vs Magic)
Finished game 1851 (PassedPawnV2 vs Magic): 1/2-1/2 {Draw by insufficient mating material}
Score of PassedPawnV2 vs Magic: 715 - 576 - 562  [0.538] 1853
Started game 1866 of 10000 (Magic vs PassedPawnV2)
Finished game 1856 (Magic vs PassedPawnV2): 1-0 {White wins by adjudication}
Score of PassedPawnV2 vs Magic: 715 - 577 - 562  [0.537] 1854
Started game 1867 of 10000 (PassedPawnV2 vs Magic)
Finished game 1854 (Magic vs PassedPawnV2): 0-1 {Black wins by adjudication}
Score of PassedPawnV2 vs Magic: 716 - 577 - 562  [0.537] 1855
Started game 1868 of 10000 (Magic vs PassedPawnV2)
Finished game 1844 (Magic vs PassedPawnV2): 1-0 {White mates}
Score of PassedPawnV2 vs Magic: 716 - 578 - 562  [0.537] 1856
Started game 1869 of 10000 (PassedPawnV2 vs Magic)
Finished game 1855 (PassedPawnV2 vs Magic): 1-0 {White wins by adjudication}
Score of PassedPawnV2 vs Magic: 717 - 578 - 562  [0.537] 1857
Started game 1870 of 10000 (Magic vs PassedPawnV2)
Finished game 1859 (PassedPawnV2 vs Magic): 1-0 {White wins by adjudication}
Score of PassedPawnV2 vs Magic: 718 - 578 - 562  [0.538] 1858
Started game 1871 of 10000 (PassedPawnV2 vs Magic)
Finished game 1860 (Magic vs PassedPawnV2): 1-0 {White wins by adjudication}
Score of PassedPawnV2 vs Magic: 718 - 579 - 562  [0.537] 1859
Started game 1872 of 10000 (Magic vs PassedPawnV2)
Finished game 1864 (Magic vs PassedPawnV2): 0-1 {Black wins by adjudication}
Score of PassedPawnV2 vs Magic: 719 - 579 - 562  [0.538] 1860
Started game 1873 of 10000 (PassedPawnV2 vs Magic)
Finished game 1862 (Magic vs PassedPawnV2): 0-1 {Black wins by adjudication}
Score of PassedPawnV2 vs Magic: 720 - 579 - 562  [0.538] 1861
Started game 1874 of 10000 (Magic vs PassedPawnV2)
Finished game 1853 (PassedPawnV2 vs Magic): 1/2-1/2 {Draw by fifty moves rule}
Score of PassedPawnV2 vs Magic: 720 - 579 - 563  [0.538] 1862
Started game 1875 of 10000 (PassedPawnV2 vs Magic)
Finished game 1868 (Magic vs PassedPawnV2): 1-0 {White wins by adjudication}
Score of PassedPawnV2 vs Magic: 720 - 580 - 563  [0.538] 1863
Started game 1876 of 10000 (Magic vs PassedPawnV2)
Finished game 1861 (PassedPawnV2 vs Magic): 0-1 {Black wins by adjudication}
Score of PassedPawnV2 vs Magic: 720 - 581 - 563  [0.537] 1864
Started game 1877 of 10000 (PassedPawnV2 vs Magic)
Finished game 1867 (PassedPawnV2 vs Magic): 1-0 {White wins by adjudication}
Score of PassedPawnV2 vs Magic: 721 - 581 - 563  [0.538] 1865
Started game 1878 of 10000 (Magic vs PassedPawnV2)
Finished game 1865 (PassedPawnV2 vs Magic): 1/2-1/2 {Draw by 3-fold repetition}
Score of PassedPawnV2 vs Magic: 721 - 581 - 564  [0.538] 1866
Started game 1879 of 10000 (PassedPawnV2 vs Magic)
Finished game 1871 (PassedPawnV2 vs Magic): 1-0 {White wins by adjudication}
Score of PassedPawnV2 vs Magic: 722 - 581 - 564  [0.538] 1867
Started game 1880 of 10000 (Magic vs PassedPawnV2)
Finished game 1870 (Magic vs PassedPawnV2): 1-0 {White wins by adjudication}
Score of PassedPawnV2 vs Magic: 722 - 582 - 564  [0.537] 1868
Started game 1881 of 10000 (PassedPawnV2 vs Magic)
Finished game 1869 (PassedPawnV2 vs Magic): 1/2-1/2 {Draw by insufficient mating material}
Score of PassedPawnV2 vs Magic: 722 - 582 - 565  [0.537] 1869
Started game 1882 of 10000 (Magic vs PassedPawnV2)
Finished game 1863 (PassedPawnV2 vs Magic): 1/2-1/2 {Draw by adjudication}
Score of PassedPawnV2 vs Magic: 722 - 582 - 566  [0.537] 1870
Started game 1883 of 10000 (PassedPawnV2 vs Magic)
Finished game 1881 (PassedPawnV2 vs Magic): 1-0 {White wins by adjudication}
Score of PassedPawnV2 vs Magic: 723 - 582 - 566  [0.538] 1871
Started game 1884 of 10000 (Magic vs PassedPawnV2)
Finished game 1875 (PassedPawnV2 vs Magic): 1-0 {White wins by adjudication}
Score of PassedPawnV2 vs Magic: 724 - 582 - 566  [0.538] 1872
Started game 1885 of 10000 (PassedPawnV2 vs Magic)
Finished game 1882 (Magic vs PassedPawnV2): 1-0 {White wins by adjudication}
Score of PassedPawnV2 vs Magic: 724 - 583 - 566  [0.538] 1873
Started game 1886 of 10000 (Magic vs PassedPawnV2)
Finished game 1873 (PassedPawnV2 vs Magic): 1-0 {White wins by adjudication}
Score of PassedPawnV2 vs Magic: 725 - 583 - 566  [0.538] 1874
Started game 1887 of 10000 (PassedPawnV2 vs Magic)
Finished game 1866 (Magic vs PassedPawnV2): 0-1 {Black wins by adjudication}
Score of PassedPawnV2 vs Magic: 726 - 583 - 566  [0.538] 1875
Started game 1888 of 10000 (Magic vs PassedPawnV2)
Finished game 1874 (Magic vs PassedPawnV2): 0-1 {Black wins by adjudication}
Score of PassedPawnV2 vs Magic: 727 - 583 - 566  [0.538] 1876
Started game 1889 of 10000 (PassedPawnV2 vs Magic)
Finished game 1876 (Magic vs PassedPawnV2): 0-1 {Black wins by adjudication}
Score of PassedPawnV2 vs Magic: 728 - 583 - 566  [0.539] 1877
Started game 1890 of 10000 (Magic vs PassedPawnV2)
Finished game 1877 (PassedPawnV2 vs Magic): 1-0 {White wins by adjudication}
Score of PassedPawnV2 vs Magic: 729 - 583 - 566  [0.539] 1878
Started game 1891 of 10000 (PassedPawnV2 vs Magic)
Finished game 1880 (Magic vs PassedPawnV2): 1/2-1/2 {Draw by 3-fold repetition}
Score of PassedPawnV2 vs Magic: 729 - 583 - 567  [0.539] 1879
Started game 1892 of 10000 (Magic vs PassedPawnV2)
Finished game 1878 (Magic vs PassedPawnV2): 0-1 {Black wins by adjudication}
Score of PassedPawnV2 vs Magic: 730 - 583 - 567  [0.539] 1880
Started game 1893 of 10000 (PassedPawnV2 vs Magic)
Finished game 1885 (PassedPawnV2 vs Magic): 1/2-1/2 {Draw by 3-fold repetition}
Score of PassedPawnV2 vs Magic: 730 - 583 - 568  [0.539] 1881
Started game 1894 of 10000 (Magic vs PassedPawnV2)
Finished game 1879 (PassedPawnV2 vs Magic): 1-0 {White wins by adjudication}
Score of PassedPawnV2 vs Magic: 731 - 583 - 568  [0.539] 1882
Started game 1895 of 10000 (PassedPawnV2 vs Magic)
Finished game 1884 (Magic vs PassedPawnV2): 1-0 {White wins by adjudication}
Score of PassedPawnV2 vs Magic: 731 - 584 - 568  [0.539] 1883
Started game 1896 of 10000 (Magic vs PassedPawnV2)
Finished game 1872 (Magic vs PassedPawnV2): 1/2-1/2 {Draw by insufficient mating material}
Score of PassedPawnV2 vs Magic: 731 - 584 - 569  [0.539] 1884
Started game 1897 of 10000 (PassedPawnV2 vs Magic)
Finished game 1886 (Magic vs PassedPawnV2): 0-1 {Black wins by adjudication}
Score of PassedPawnV2 vs Magic: 732 - 584 - 569  [0.539] 1885
Started game 1898 of 10000 (Magic vs PassedPawnV2)
Finished game 1889 (PassedPawnV2 vs Magic): 0-1 {Black wins by adjudication}
Score of PassedPawnV2 vs Magic: 732 - 585 - 569  [0.539] 1886
Started game 1899 of 10000 (PassedPawnV2 vs Magic)
Finished game 1892 (Magic vs PassedPawnV2): 0-1 {Black wins by adjudication}
Score of PassedPawnV2 vs Magic: 733 - 585 - 569  [0.539] 1887
Started game 1900 of 10000 (Magic vs PassedPawnV2)
Finished game 1883 (PassedPawnV2 vs Magic): 0-1 {Black wins by adjudication}
Score of PassedPawnV2 vs Magic: 733 - 586 - 569  [0.539] 1888
Started game 1901 of 10000 (PassedPawnV2 vs Magic)
Finished game 1888 (Magic vs PassedPawnV2): 1/2-1/2 {Draw by insufficient mating material}
Score of PassedPawnV2 vs Magic: 733 - 586 - 570  [0.539] 1889
Started game 1902 of 10000 (Magic vs PassedPawnV2)
Finished game 1887 (PassedPawnV2 vs Magic): 0-1 {Black wins by adjudication}
Score of PassedPawnV2 vs Magic: 733 - 587 - 570  [0.539] 1890
Started game 1903 of 10000 (PassedPawnV2 vs Magic)
Finished game 1890 (Magic vs PassedPawnV2): 1/2-1/2 {Draw by stalemate}
Score of PassedPawnV2 vs Magic: 733 - 587 - 571  [0.539] 1891
Started game 1904 of 10000 (Magic vs PassedPawnV2)
Finished game 1891 (PassedPawnV2 vs Magic): 0-1 {Black wins by adjudication}
Score of PassedPawnV2 vs Magic: 733 - 588 - 571  [0.538] 1892
Started game 1905 of 10000 (PassedPawnV2 vs Magic)
Finished game 1893 (PassedPawnV2 vs Magic): 1-0 {White wins by adjudication}
Score of PassedPawnV2 vs Magic: 734 - 588 - 571  [0.539] 1893
Started game 1906 of 10000 (Magic vs PassedPawnV2)
Finished game 1895 (PassedPawnV2 vs Magic): 1-0 {White wins by adjudication}
Score of PassedPawnV2 vs Magic: 735 - 588 - 571  [0.539] 1894
Started game 1907 of 10000 (PassedPawnV2 vs Magic)
Finished game 1897 (PassedPawnV2 vs Magic): 1/2-1/2 {Draw by 3-fold repetition}
Score of PassedPawnV2 vs Magic: 735 - 588 - 572  [0.539] 1895
Started game 1908 of 10000 (Magic vs PassedPawnV2)
Finished game 1896 (Magic vs PassedPawnV2): 1/2-1/2 {Draw by 3-fold repetition}
Score of PassedPawnV2 vs Magic: 735 - 588 - 573  [0.539] 1896
Started game 1909 of 10000 (PassedPawnV2 vs Magic)
Finished game 1894 (Magic vs PassedPawnV2): 0-1 {Black wins by adjudication}
Score of PassedPawnV2 vs Magic: 736 - 588 - 573  [0.539] 1897
Started game 1910 of 10000 (Magic vs PassedPawnV2)
Finished game 1901 (PassedPawnV2 vs Magic): 1/2-1/2 {Draw by 3-fold repetition}
Score of PassedPawnV2 vs Magic: 736 - 588 - 574  [0.539] 1898
Started game 1911 of 10000 (PassedPawnV2 vs Magic)
Finished game 1899 (PassedPawnV2 vs Magic): 1-0 {White wins by adjudication}
Score of PassedPawnV2 vs Magic: 737 - 588 - 574  [0.539] 1899
Started game 1912 of 10000 (Magic vs PassedPawnV2)
Finished game 1900 (Magic vs PassedPawnV2): 1-0 {White wins by adjudication}
Score of PassedPawnV2 vs Magic: 737 - 589 - 574  [0.539] 1900
Started game 1913 of 10000 (PassedPawnV2 vs Magic)
Finished game 1898 (Magic vs PassedPawnV2): 0-1 {Black wins by adjudication}
Score of PassedPawnV2 vs Magic: 738 - 589 - 574  [0.539] 1901
Started game 1914 of 10000 (Magic vs PassedPawnV2)
Finished game 1902 (Magic vs PassedPawnV2): 1-0 {White wins by adjudication}
Score of PassedPawnV2 vs Magic: 738 - 590 - 574  [0.539] 1902
Started game 1915 of 10000 (PassedPawnV2 vs Magic)
Finished game 1905 (PassedPawnV2 vs Magic): 0-1 {Black wins by adjudication}
Score of PassedPawnV2 vs Magic: 738 - 591 - 574  [0.539] 1903
Started game 1916 of 10000 (Magic vs PassedPawnV2)
Finished game 1904 (Magic vs PassedPawnV2): 0-1 {Black wins by adjudication}
Score of PassedPawnV2 vs Magic: 739 - 591 - 574  [0.539] 1904
Started game 1917 of 10000 (PassedPawnV2 vs Magic)
Finished game 1903 (PassedPawnV2 vs Magic): 1/2-1/2 {Draw by insufficient mating material}
Score of PassedPawnV2 vs Magic: 739 - 591 - 575  [0.539] 1905
Started game 1918 of 10000 (Magic vs PassedPawnV2)
Finished game 1906 (Magic vs PassedPawnV2): 1-0 {White wins by adjudication}
Score of PassedPawnV2 vs Magic: 739 - 592 - 575  [0.539] 1906
Started game 1919 of 10000 (PassedPawnV2 vs Magic)
Finished game 1908 (Magic vs PassedPawnV2): 0-1 {Black wins by adjudication}
Score of PassedPawnV2 vs Magic: 740 - 592 - 575  [0.539] 1907
Started game 1920 of 10000 (Magic vs PassedPawnV2)
Finished game 1909 (PassedPawnV2 vs Magic): 1-0 {White wins by adjudication}
Score of PassedPawnV2 vs Magic: 741 - 592 - 575  [0.539] 1908
Started game 1921 of 10000 (PassedPawnV2 vs Magic)
Finished game 1911 (PassedPawnV2 vs Magic): 1-0 {White wins by adjudication}
Score of PassedPawnV2 vs Magic: 742 - 592 - 575  [0.539] 1909
Started game 1922 of 10000 (Magic vs PassedPawnV2)
Finished game 1910 (Magic vs PassedPawnV2): 1-0 {White wins by adjudication}
Score of PassedPawnV2 vs Magic: 742 - 593 - 575  [0.539] 1910
Started game 1923 of 10000 (PassedPawnV2 vs Magic)
Finished game 1915 (PassedPawnV2 vs Magic): 1/2-1/2 {Draw by 3-fold repetition}
Score of PassedPawnV2 vs Magic: 742 - 593 - 576  [0.539] 1911
Started game 1924 of 10000 (Magic vs PassedPawnV2)
Finished game 1912 (Magic vs PassedPawnV2): 0-1 {Black wins by adjudication}
Score of PassedPawnV2 vs Magic: 743 - 593 - 576  [0.539] 1912
Started game 1925 of 10000 (PassedPawnV2 vs Magic)
Finished game 1916 (Magic vs PassedPawnV2): 0-1 {Black wins by adjudication}
Score of PassedPawnV2 vs Magic: 744 - 593 - 576  [0.539] 1913
Started game 1926 of 10000 (Magic vs PassedPawnV2)
Finished game 1914 (Magic vs PassedPawnV2): 1-0 {White wins by adjudication}
Score of PassedPawnV2 vs Magic: 744 - 594 - 576  [0.539] 1914
Started game 1927 of 10000 (PassedPawnV2 vs Magic)
Finished game 1918 (Magic vs PassedPawnV2): 0-1 {Black wins by adjudication}
Score of PassedPawnV2 vs Magic: 745 - 594 - 576  [0.539] 1915
Started game 1928 of 10000 (Magic vs PassedPawnV2)
Finished game 1919 (PassedPawnV2 vs Magic): 1/2-1/2 {Draw by adjudication}
Score of PassedPawnV2 vs Magic: 745 - 594 - 577  [0.539] 1916
Started game 1929 of 10000 (PassedPawnV2 vs Magic)
Finished game 1917 (PassedPawnV2 vs Magic): 1/2-1/2 {Draw by fifty moves rule}
Score of PassedPawnV2 vs Magic: 745 - 594 - 578  [0.539] 1917
Started game 1930 of 10000 (Magic vs PassedPawnV2)
Finished game 1907 (PassedPawnV2 vs Magic): 1/2-1/2 {Draw by insufficient mating material}
Score of PassedPawnV2 vs Magic: 745 - 594 - 579  [0.539] 1918
Started game 1931 of 10000 (PassedPawnV2 vs Magic)
Finished game 1921 (PassedPawnV2 vs Magic): 1/2-1/2 {Draw by insufficient mating material}
Score of PassedPawnV2 vs Magic: 745 - 594 - 580  [0.539] 1919
Started game 1932 of 10000 (Magic vs PassedPawnV2)
Finished game 1913 (PassedPawnV2 vs Magic): 0-1 {Black wins by adjudication}
Score of PassedPawnV2 vs Magic: 745 - 595 - 580  [0.539] 1920
Started game 1933 of 10000 (PassedPawnV2 vs Magic)
Finished game 1920 (Magic vs PassedPawnV2): 1-0 {White wins by adjudication}
Score of PassedPawnV2 vs Magic: 745 - 596 - 580  [0.539] 1921
Started game 1934 of 10000 (Magic vs PassedPawnV2)
Finished game 1929 (PassedPawnV2 vs Magic): 1-0 {White wins by adjudication}
Score of PassedPawnV2 vs Magic: 746 - 596 - 580  [0.539] 1922
Started game 1935 of 10000 (PassedPawnV2 vs Magic)
Finished game 1927 (PassedPawnV2 vs Magic): 1/2-1/2 {Draw by 3-fold repetition}
Score of PassedPawnV2 vs Magic: 746 - 596 - 581  [0.539] 1923
Started game 1936 of 10000 (Magic vs PassedPawnV2)
Finished game 1922 (Magic vs PassedPawnV2): 1-0 {White wins by adjudication}
Score of PassedPawnV2 vs Magic: 746 - 597 - 581  [0.539] 1924
Started game 1937 of 10000 (PassedPawnV2 vs Magic)
Finished game 1923 (PassedPawnV2 vs Magic): 1/2-1/2 {Draw by 3-fold repetition}
Score of PassedPawnV2 vs Magic: 746 - 597 - 582  [0.539] 1925
Started game 1938 of 10000 (Magic vs PassedPawnV2)
Finished game 1924 (Magic vs PassedPawnV2): 1-0 {White wins by adjudication}
Score of PassedPawnV2 vs Magic: 746 - 598 - 582  [0.538] 1926
Started game 1939 of 10000 (PassedPawnV2 vs Magic)
Finished game 1925 (PassedPawnV2 vs Magic): 1-0 {White wins by adjudication}
Score of PassedPawnV2 vs Magic: 747 - 598 - 582  [0.539] 1927
Started game 1940 of 10000 (Magic vs PassedPawnV2)
Finished game 1926 (Magic vs PassedPawnV2): 1-0 {White wins by adjudication}
Score of PassedPawnV2 vs Magic: 747 - 599 - 582  [0.538] 1928
Started game 1941 of 10000 (PassedPawnV2 vs Magic)
Finished game 1928 (Magic vs PassedPawnV2): 1-0 {White wins by adjudication}
Score of PassedPawnV2 vs Magic: 747 - 600 - 582  [0.538] 1929
Started game 1942 of 10000 (Magic vs PassedPawnV2)
Finished game 1931 (PassedPawnV2 vs Magic): 1-0 {White wins by adjudication}
Score of PassedPawnV2 vs Magic: 748 - 600 - 582  [0.538] 1930
Started game 1943 of 10000 (PassedPawnV2 vs Magic)
Finished game 1930 (Magic vs PassedPawnV2): 1-0 {White wins by adjudication}
Score of PassedPawnV2 vs Magic: 748 - 601 - 582  [0.538] 1931
Started game 1944 of 10000 (Magic vs PassedPawnV2)
Finished game 1932 (Magic vs PassedPawnV2): 1/2-1/2 {Draw by 3-fold repetition}
Score of PassedPawnV2 vs Magic: 748 - 601 - 583  [0.538] 1932
Started game 1945 of 10000 (PassedPawnV2 vs Magic)
Finished game 1934 (Magic vs PassedPawnV2): 1-0 {White wins by adjudication}
Score of PassedPawnV2 vs Magic: 748 - 602 - 583  [0.538] 1933
Started game 1946 of 10000 (Magic vs PassedPawnV2)
Finished game 1933 (PassedPawnV2 vs Magic): 1-0 {White wins by adjudication}
Score of PassedPawnV2 vs Magic: 749 - 602 - 583  [0.538] 1934
Started game 1947 of 10000 (PassedPawnV2 vs Magic)
Finished game 1939 (PassedPawnV2 vs Magic): 0-1 {Black wins by adjudication}
Score of PassedPawnV2 vs Magic: 749 - 603 - 583  [0.538] 1935
Started game 1948 of 10000 (Magic vs PassedPawnV2)
Finished game 1935 (PassedPawnV2 vs Magic): 1-0 {White wins by adjudication}
Score of PassedPawnV2 vs Magic: 750 - 603 - 583  [0.538] 1936
Started game 1949 of 10000 (PassedPawnV2 vs Magic)
Finished game 1936 (Magic vs PassedPawnV2): 0-1 {Black wins by adjudication}
Score of PassedPawnV2 vs Magic: 751 - 603 - 583  [0.538] 1937
Started game 1950 of 10000 (Magic vs PassedPawnV2)
Finished game 1942 (Magic vs PassedPawnV2): 1-0 {White wins by adjudication}
Score of PassedPawnV2 vs Magic: 751 - 604 - 583  [0.538] 1938
Started game 1951 of 10000 (PassedPawnV2 vs Magic)
Finished game 1941 (PassedPawnV2 vs Magic): 0-1 {Black wins by adjudication}
Score of PassedPawnV2 vs Magic: 751 - 605 - 583  [0.538] 1939
Started game 1952 of 10000 (Magic vs PassedPawnV2)
Finished game 1940 (Magic vs PassedPawnV2): 1-0 {White wins by adjudication}
Score of PassedPawnV2 vs Magic: 751 - 606 - 583  [0.537] 1940
Started game 1953 of 10000 (PassedPawnV2 vs Magic)
Finished game 1943 (PassedPawnV2 vs Magic): 1-0 {White wins by adjudication}
Score of PassedPawnV2 vs Magic: 752 - 606 - 583  [0.538] 1941
Started game 1954 of 10000 (Magic vs PassedPawnV2)
Finished game 1944 (Magic vs PassedPawnV2): 0-1 {Black wins by adjudication}
Score of PassedPawnV2 vs Magic: 753 - 606 - 583  [0.538] 1942
Started game 1955 of 10000 (PassedPawnV2 vs Magic)
Finished game 1955 (PassedPawnV2 vs Magic): 0-1 {Black wins by adjudication}
Score of PassedPawnV2 vs Magic: 753 - 607 - 583  [0.538] 1943
Started game 1956 of 10000 (Magic vs PassedPawnV2)
Finished game 1938 (Magic vs PassedPawnV2): 1/2-1/2 {Draw by insufficient mating material}
Score of PassedPawnV2 vs Magic: 753 - 607 - 584  [0.538] 1944
Started game 1957 of 10000 (PassedPawnV2 vs Magic)
Finished game 1956 (Magic vs PassedPawnV2): 0-1 {Black wins by adjudication}
Score of PassedPawnV2 vs Magic: 754 - 607 - 584  [0.538] 1945
Started game 1958 of 10000 (Magic vs PassedPawnV2)
Finished game 1937 (PassedPawnV2 vs Magic): 1/2-1/2 {Draw by fifty moves rule}
Score of PassedPawnV2 vs Magic: 754 - 607 - 585  [0.538] 1946
Started game 1959 of 10000 (PassedPawnV2 vs Magic)
Finished game 1947 (PassedPawnV2 vs Magic): 0-1 {Black wins by adjudication}
Score of PassedPawnV2 vs Magic: 754 - 608 - 585  [0.537] 1947
Started game 1960 of 10000 (Magic vs PassedPawnV2)
Finished game 1949 (PassedPawnV2 vs Magic): 1-0 {White wins by adjudication}
Score of PassedPawnV2 vs Magic: 755 - 608 - 585  [0.538] 1948
Started game 1961 of 10000 (PassedPawnV2 vs Magic)
Finished game 1946 (Magic vs PassedPawnV2): 1/2-1/2 {Draw by insufficient mating material}
Score of PassedPawnV2 vs Magic: 755 - 608 - 586  [0.538] 1949
Started game 1962 of 10000 (Magic vs PassedPawnV2)
Finished game 1952 (Magic vs PassedPawnV2): 0-1 {Black wins by adjudication}
Score of PassedPawnV2 vs Magic: 756 - 608 - 586  [0.538] 1950
Started game 1963 of 10000 (PassedPawnV2 vs Magic)
Finished game 1945 (PassedPawnV2 vs Magic): 1/2-1/2 {Draw by fifty moves rule}
Score of PassedPawnV2 vs Magic: 756 - 608 - 587  [0.538] 1951
Started game 1964 of 10000 (Magic vs PassedPawnV2)
Finished game 1953 (PassedPawnV2 vs Magic): 0-1 {Black wins by adjudication}
Score of PassedPawnV2 vs Magic: 756 - 609 - 587  [0.538] 1952
Started game 1965 of 10000 (PassedPawnV2 vs Magic)
Finished game 1950 (Magic vs PassedPawnV2): 1-0 {White wins by adjudication}
Score of PassedPawnV2 vs Magic: 756 - 610 - 587  [0.537] 1953
Started game 1966 of 10000 (Magic vs PassedPawnV2)
Finished game 1951 (PassedPawnV2 vs Magic): 0-1 {Black wins by adjudication}
Score of PassedPawnV2 vs Magic: 756 - 611 - 587  [0.537] 1954
Started game 1967 of 10000 (PassedPawnV2 vs Magic)
Finished game 1954 (Magic vs PassedPawnV2): 0-1 {Black wins by adjudication}
Score of PassedPawnV2 vs Magic: 757 - 611 - 587  [0.537] 1955
Started game 1968 of 10000 (Magic vs PassedPawnV2)
Finished game 1957 (PassedPawnV2 vs Magic): 1/2-1/2 {Draw by adjudication}
Score of PassedPawnV2 vs Magic: 757 - 611 - 588  [0.537] 1956
Started game 1969 of 10000 (PassedPawnV2 vs Magic)
Finished game 1958 (Magic vs PassedPawnV2): 0-1 {Black wins by adjudication}
Score of PassedPawnV2 vs Magic: 758 - 611 - 588  [0.538] 1957
Started game 1970 of 10000 (Magic vs PassedPawnV2)
Finished game 1948 (Magic vs PassedPawnV2): 1/2-1/2 {Draw by fifty moves rule}
Score of PassedPawnV2 vs Magic: 758 - 611 - 589  [0.538] 1958
Started game 1971 of 10000 (PassedPawnV2 vs Magic)
Finished game 1961 (PassedPawnV2 vs Magic): 1-0 {White wins by adjudication}
Score of PassedPawnV2 vs Magic: 759 - 611 - 589  [0.538] 1959
Started game 1972 of 10000 (Magic vs PassedPawnV2)
Finished game 1960 (Magic vs PassedPawnV2): 1-0 {White wins by adjudication}
Score of PassedPawnV2 vs Magic: 759 - 612 - 589  [0.537] 1960
Started game 1973 of 10000 (PassedPawnV2 vs Magic)
Finished game 1959 (PassedPawnV2 vs Magic): 1/2-1/2 {Draw by fifty moves rule}
Score of PassedPawnV2 vs Magic: 759 - 612 - 590  [0.537] 1961
Started game 1974 of 10000 (Magic vs PassedPawnV2)
Finished game 1962 (Magic vs PassedPawnV2): 0-1 {Black wins by adjudication}
Score of PassedPawnV2 vs Magic: 760 - 612 - 590  [0.538] 1962
Started game 1975 of 10000 (PassedPawnV2 vs Magic)
Finished game 1964 (Magic vs PassedPawnV2): 0-1 {Black wins by adjudication}
Score of PassedPawnV2 vs Magic: 761 - 612 - 590  [0.538] 1963
Started game 1976 of 10000 (Magic vs PassedPawnV2)
Finished game 1963 (PassedPawnV2 vs Magic): 0-1 {Black wins by adjudication}
Score of PassedPawnV2 vs Magic: 761 - 613 - 590  [0.538] 1964
Started game 1977 of 10000 (PassedPawnV2 vs Magic)
Finished game 1967 (PassedPawnV2 vs Magic): 1/2-1/2 {Draw by adjudication}
Score of PassedPawnV2 vs Magic: 761 - 613 - 591  [0.538] 1965
Started game 1978 of 10000 (Magic vs PassedPawnV2)
Finished game 1968 (Magic vs PassedPawnV2): 1-0 {White wins by adjudication}
Score of PassedPawnV2 vs Magic: 761 - 614 - 591  [0.537] 1966
Started game 1979 of 10000 (PassedPawnV2 vs Magic)
Finished game 1970 (Magic vs PassedPawnV2): 1/2-1/2 {Draw by adjudication}
Score of PassedPawnV2 vs Magic: 761 - 614 - 592  [0.537] 1967
Started game 1980 of 10000 (Magic vs PassedPawnV2)
Finished game 1977 (PassedPawnV2 vs Magic): 0-1 {Black wins by adjudication}
Score of PassedPawnV2 vs Magic: 761 - 615 - 592  [0.537] 1968
Started game 1981 of 10000 (PassedPawnV2 vs Magic)
Finished game 1965 (PassedPawnV2 vs Magic): 1/2-1/2 {Draw by fifty moves rule}
Score of PassedPawnV2 vs Magic: 761 - 615 - 593  [0.537] 1969
Started game 1982 of 10000 (Magic vs PassedPawnV2)
Finished game 1969 (PassedPawnV2 vs Magic): 0-1 {Black wins by adjudication}
Score of PassedPawnV2 vs Magic: 761 - 616 - 593  [0.537] 1970
Started game 1983 of 10000 (PassedPawnV2 vs Magic)
Finished game 1971 (PassedPawnV2 vs Magic): 1/2-1/2 {Draw by adjudication}
Score of PassedPawnV2 vs Magic: 761 - 616 - 594  [0.537] 1971
Started game 1984 of 10000 (Magic vs PassedPawnV2)
Finished game 1973 (PassedPawnV2 vs Magic): 1-0 {White wins by adjudication}
Score of PassedPawnV2 vs Magic: 762 - 616 - 594  [0.537] 1972
Started game 1985 of 10000 (PassedPawnV2 vs Magic)
Finished game 1972 (Magic vs PassedPawnV2): 1-0 {White wins by adjudication}
Score of PassedPawnV2 vs Magic: 762 - 617 - 594  [0.537] 1973
Started game 1986 of 10000 (Magic vs PassedPawnV2)
Finished game 1974 (Magic vs PassedPawnV2): 1-0 {White wins by adjudication}
Score of PassedPawnV2 vs Magic: 762 - 618 - 594  [0.536] 1974
Started game 1987 of 10000 (PassedPawnV2 vs Magic)
Finished game 1976 (Magic vs PassedPawnV2): 1/2-1/2 {Draw by 3-fold repetition}
Score of PassedPawnV2 vs Magic: 762 - 618 - 595  [0.536] 1975
Started game 1988 of 10000 (Magic vs PassedPawnV2)
Finished game 1975 (PassedPawnV2 vs Magic): 1/2-1/2 {Draw by insufficient mating material}
Score of PassedPawnV2 vs Magic: 762 - 618 - 596  [0.536] 1976
Started game 1989 of 10000 (PassedPawnV2 vs Magic)
Finished game 1978 (Magic vs PassedPawnV2): 0-1 {Black wins by adjudication}
Score of PassedPawnV2 vs Magic: 763 - 618 - 596  [0.537] 1977
Started game 1990 of 10000 (Magic vs PassedPawnV2)
Finished game 1981 (PassedPawnV2 vs Magic): 1/2-1/2 {Draw by adjudication}
Score of PassedPawnV2 vs Magic: 763 - 618 - 597  [0.537] 1978
Started game 1991 of 10000 (PassedPawnV2 vs Magic)
Finished game 1966 (Magic vs PassedPawnV2): 1/2-1/2 {Draw by fifty moves rule}
Score of PassedPawnV2 vs Magic: 763 - 618 - 598  [0.537] 1979
Started game 1992 of 10000 (Magic vs PassedPawnV2)
Finished game 1985 (PassedPawnV2 vs Magic): 1-0 {White wins by adjudication}
Score of PassedPawnV2 vs Magic: 764 - 618 - 598  [0.537] 1980
Started game 1993 of 10000 (PassedPawnV2 vs Magic)
Finished game 1984 (Magic vs PassedPawnV2): 1-0 {White wins by adjudication}
Score of PassedPawnV2 vs Magic: 764 - 619 - 598  [0.537] 1981
Started game 1994 of 10000 (Magic vs PassedPawnV2)
Finished game 1989 (PassedPawnV2 vs Magic): 1/2-1/2 {Draw by 3-fold repetition}
Score of PassedPawnV2 vs Magic: 764 - 619 - 599  [0.537] 1982
Started game 1995 of 10000 (PassedPawnV2 vs Magic)
Finished game 1983 (PassedPawnV2 vs Magic): 1-0 {White wins by adjudication}
Score of PassedPawnV2 vs Magic: 765 - 619 - 599  [0.537] 1983
Started game 1996 of 10000 (Magic vs PassedPawnV2)
Finished game 1979 (PassedPawnV2 vs Magic): 1/2-1/2 {Draw by 3-fold repetition}
Score of PassedPawnV2 vs Magic: 765 - 619 - 600  [0.537] 1984
Started game 1997 of 10000 (PassedPawnV2 vs Magic)
Finished game 1982 (Magic vs PassedPawnV2): 1-0 {White mates}
Score of PassedPawnV2 vs Magic: 765 - 620 - 600  [0.537] 1985
Started game 1998 of 10000 (Magic vs PassedPawnV2)
Finished game 1980 (Magic vs PassedPawnV2): 1-0 {White wins by adjudication}
Score of PassedPawnV2 vs Magic: 765 - 621 - 600  [0.536] 1986
Started game 1999 of 10000 (PassedPawnV2 vs Magic)
Finished game 1986 (Magic vs PassedPawnV2): 1-0 {White wins by adjudication}
Score of PassedPawnV2 vs Magic: 765 - 622 - 600  [0.536] 1987
Started game 2000 of 10000 (Magic vs PassedPawnV2)
Finished game 1992 (Magic vs PassedPawnV2): 0-1 {Black wins by adjudication}
Score of PassedPawnV2 vs Magic: 766 - 622 - 600  [0.536] 1988
Started game 2001 of 10000 (PassedPawnV2 vs Magic)
Finished game 1987 (PassedPawnV2 vs Magic): 1-0 {White wins by adjudication}
Score of PassedPawnV2 vs Magic: 767 - 622 - 600  [0.536] 1989
Started game 2002 of 10000 (Magic vs PassedPawnV2)
Finished game 1991 (PassedPawnV2 vs Magic): 1-0 {White wins by adjudication}
Score of PassedPawnV2 vs Magic: 768 - 622 - 600  [0.537] 1990
Started game 2003 of 10000 (PassedPawnV2 vs Magic)
Finished game 1994 (Magic vs PassedPawnV2): 1-0 {White wins by adjudication}
Score of PassedPawnV2 vs Magic: 768 - 623 - 600  [0.536] 1991
Started game 2004 of 10000 (Magic vs PassedPawnV2)
Finished game 1997 (PassedPawnV2 vs Magic): 1-0 {White wins by adjudication}
Score of PassedPawnV2 vs Magic: 769 - 623 - 600  [0.537] 1992
Started game 2005 of 10000 (PassedPawnV2 vs Magic)
Finished game 1990 (Magic vs PassedPawnV2): 1/2-1/2 {Draw by 3-fold repetition}
Score of PassedPawnV2 vs Magic: 769 - 623 - 601  [0.537] 1993
Started game 2006 of 10000 (Magic vs PassedPawnV2)
Finished game 1988 (Magic vs PassedPawnV2): 1-0 {White wins by adjudication}
Score of PassedPawnV2 vs Magic: 769 - 624 - 601  [0.536] 1994
Started game 2007 of 10000 (PassedPawnV2 vs Magic)
Finished game 1993 (PassedPawnV2 vs Magic): 1/2-1/2 {Draw by adjudication}
Score of PassedPawnV2 vs Magic: 769 - 624 - 602  [0.536] 1995
Started game 2008 of 10000 (Magic vs PassedPawnV2)
Finished game 1996 (Magic vs PassedPawnV2): 1-0 {White wins by adjudication}
Score of PassedPawnV2 vs Magic: 769 - 625 - 602  [0.536] 1996
Started game 2009 of 10000 (PassedPawnV2 vs Magic)
Finished game 1995 (PassedPawnV2 vs Magic): 1-0 {White wins by adjudication}
Score of PassedPawnV2 vs Magic: 770 - 625 - 602  [0.536] 1997
Started game 2010 of 10000 (Magic vs PassedPawnV2)
Finished game 1999 (PassedPawnV2 vs Magic): 1-0 {White wins by adjudication}
Score of PassedPawnV2 vs Magic: 771 - 625 - 602  [0.537] 1998
Started game 2011 of 10000 (PassedPawnV2 vs Magic)
Finished game 1998 (Magic vs PassedPawnV2): 1/2-1/2 {Draw by adjudication}
Score of PassedPawnV2 vs Magic: 771 - 625 - 603  [0.537] 1999
Started game 2012 of 10000 (Magic vs PassedPawnV2)
Finished game 2001 (PassedPawnV2 vs Magic): 0-1 {Black wins by adjudication}
Score of PassedPawnV2 vs Magic: 771 - 626 - 603  [0.536] 2000
Started game 2013 of 10000 (PassedPawnV2 vs Magic)
Finished game 2002 (Magic vs PassedPawnV2): 0-1 {Black wins by adjudication}
Score of PassedPawnV2 vs Magic: 772 - 626 - 603  [0.536] 2001
Started game 2014 of 10000 (Magic vs PassedPawnV2)
Finished game 2003 (PassedPawnV2 vs Magic): 1-0 {White wins by adjudication}
Score of PassedPawnV2 vs Magic: 773 - 626 - 603  [0.537] 2002
Started game 2015 of 10000 (PassedPawnV2 vs Magic)
Finished game 2007 (PassedPawnV2 vs Magic): 1/2-1/2 {Draw by 3-fold repetition}
Score of PassedPawnV2 vs Magic: 773 - 626 - 604  [0.537] 2003
Started game 2016 of 10000 (Magic vs PassedPawnV2)
Finished game 2000 (Magic vs PassedPawnV2): 1-0 {White wins by adjudication}
Score of PassedPawnV2 vs Magic: 773 - 627 - 604  [0.536] 2004
Started game 2017 of 10000 (PassedPawnV2 vs Magic)
Finished game 2004 (Magic vs PassedPawnV2): 1-0 {White wins by adjudication}
Score of PassedPawnV2 vs Magic: 773 - 628 - 604  [0.536] 2005
Started game 2018 of 10000 (Magic vs PassedPawnV2)
Finished game 2006 (Magic vs PassedPawnV2): 1-0 {White wins by adjudication}
Score of PassedPawnV2 vs Magic: 773 - 629 - 604  [0.536] 2006
Started game 2019 of 10000 (PassedPawnV2 vs Magic)
Finished game 2010 (Magic vs PassedPawnV2): 1-0 {White wins by adjudication}
Score of PassedPawnV2 vs Magic: 773 - 630 - 604  [0.536] 2007
Started game 2020 of 10000 (Magic vs PassedPawnV2)
Finished game 2005 (PassedPawnV2 vs Magic): 1-0 {White wins by adjudication}
Score of PassedPawnV2 vs Magic: 774 - 630 - 604  [0.536] 2008
Started game 2021 of 10000 (PassedPawnV2 vs Magic)
Finished game 2009 (PassedPawnV2 vs Magic): 1-0 {White wins by adjudication}
Score of PassedPawnV2 vs Magic: 775 - 630 - 604  [0.536] 2009
Started game 2022 of 10000 (Magic vs PassedPawnV2)
Finished game 2008 (Magic vs PassedPawnV2): 0-1 {Black wins by adjudication}
Score of PassedPawnV2 vs Magic: 776 - 630 - 604  [0.536] 2010
Started game 2023 of 10000 (PassedPawnV2 vs Magic)
Finished game 2011 (PassedPawnV2 vs Magic): 0-1 {Black wins by adjudication}
Score of PassedPawnV2 vs Magic: 776 - 631 - 604  [0.536] 2011
Started game 2024 of 10000 (Magic vs PassedPawnV2)
Finished game 2018 (Magic vs PassedPawnV2): 0-1 {Black wins by adjudication}
Score of PassedPawnV2 vs Magic: 777 - 631 - 604  [0.536] 2012
Started game 2025 of 10000 (PassedPawnV2 vs Magic)
Finished game 2014 (Magic vs PassedPawnV2): 1-0 {White wins by adjudication}
Score of PassedPawnV2 vs Magic: 777 - 632 - 604  [0.536] 2013
Started game 2026 of 10000 (Magic vs PassedPawnV2)
Finished game 2012 (Magic vs PassedPawnV2): 0-1 {Black wins by adjudication}
Score of PassedPawnV2 vs Magic: 778 - 632 - 604  [0.536] 2014
Started game 2027 of 10000 (PassedPawnV2 vs Magic)
Finished game 2019 (PassedPawnV2 vs Magic): 1/2-1/2 {Draw by 3-fold repetition}
Score of PassedPawnV2 vs Magic: 778 - 632 - 605  [0.536] 2015
Started game 2028 of 10000 (Magic vs PassedPawnV2)
Finished game 2022 (Magic vs PassedPawnV2): 1/2-1/2 {Draw by 3-fold repetition}
Score of PassedPawnV2 vs Magic: 778 - 632 - 606  [0.536] 2016
Started game 2029 of 10000 (PassedPawnV2 vs Magic)
Finished game 2013 (PassedPawnV2 vs Magic): 0-1 {Black wins by adjudication}
Score of PassedPawnV2 vs Magic: 778 - 633 - 606  [0.536] 2017
Started game 2030 of 10000 (Magic vs PassedPawnV2)
Finished game 2017 (PassedPawnV2 vs Magic): 0-1 {Black wins by adjudication}
Score of PassedPawnV2 vs Magic: 778 - 634 - 606  [0.536] 2018
Started game 2031 of 10000 (PassedPawnV2 vs Magic)
Finished game 2023 (PassedPawnV2 vs Magic): 0-1 {Black wins by adjudication}
Score of PassedPawnV2 vs Magic: 778 - 635 - 606  [0.535] 2019
Started game 2032 of 10000 (Magic vs PassedPawnV2)
Finished game 2016 (Magic vs PassedPawnV2): 1-0 {White wins by adjudication}
Score of PassedPawnV2 vs Magic: 778 - 636 - 606  [0.535] 2020
Started game 2033 of 10000 (PassedPawnV2 vs Magic)
Finished game 2020 (Magic vs PassedPawnV2): 1/2-1/2 {Draw by 3-fold repetition}
Score of PassedPawnV2 vs Magic: 778 - 636 - 607  [0.535] 2021
Started game 2034 of 10000 (Magic vs PassedPawnV2)
Finished game 2015 (PassedPawnV2 vs Magic): 1/2-1/2 {Draw by adjudication}
Score of PassedPawnV2 vs Magic: 778 - 636 - 608  [0.535] 2022
Started game 2035 of 10000 (PassedPawnV2 vs Magic)
Finished game 2024 (Magic vs PassedPawnV2): 0-1 {Black wins by adjudication}
Score of PassedPawnV2 vs Magic: 779 - 636 - 608  [0.535] 2023
Started game 2036 of 10000 (Magic vs PassedPawnV2)
Finished game 2025 (PassedPawnV2 vs Magic): 1/2-1/2 {Draw by 3-fold repetition}
Score of PassedPawnV2 vs Magic: 779 - 636 - 609  [0.535] 2024
Started game 2037 of 10000 (PassedPawnV2 vs Magic)
Finished game 2021 (PassedPawnV2 vs Magic): 1-0 {White wins by adjudication}
Score of PassedPawnV2 vs Magic: 780 - 636 - 609  [0.536] 2025
Started game 2038 of 10000 (Magic vs PassedPawnV2)
Finished game 2034 (Magic vs PassedPawnV2): 1/2-1/2 {Draw by 3-fold repetition}
Score of PassedPawnV2 vs Magic: 780 - 636 - 610  [0.536] 2026
Started game 2039 of 10000 (PassedPawnV2 vs Magic)
Finished game 2027 (PassedPawnV2 vs Magic): 0-1 {Black wins by adjudication}
Score of PassedPawnV2 vs Magic: 780 - 637 - 610  [0.535] 2027
Started game 2040 of 10000 (Magic vs PassedPawnV2)
Finished game 2030 (Magic vs PassedPawnV2): 0-1 {Black wins by adjudication}
Score of PassedPawnV2 vs Magic: 781 - 637 - 610  [0.536] 2028
Started game 2041 of 10000 (PassedPawnV2 vs Magic)
Finished game 2033 (PassedPawnV2 vs Magic): 1/2-1/2 {Draw by 3-fold repetition}
Score of PassedPawnV2 vs Magic: 781 - 637 - 611  [0.535] 2029
Started game 2042 of 10000 (Magic vs PassedPawnV2)
Finished game 2031 (PassedPawnV2 vs Magic): 1-0 {White wins by adjudication}
Score of PassedPawnV2 vs Magic: 782 - 637 - 611  [0.536] 2030
Started game 2043 of 10000 (PassedPawnV2 vs Magic)
Finished game 2029 (PassedPawnV2 vs Magic): 0-1 {Black wins by adjudication}
Score of PassedPawnV2 vs Magic: 782 - 638 - 611  [0.535] 2031
Started game 2044 of 10000 (Magic vs PassedPawnV2)
Finished game 2028 (Magic vs PassedPawnV2): 1/2-1/2 {Draw by insufficient mating material}
Score of PassedPawnV2 vs Magic: 782 - 638 - 612  [0.535] 2032
Started game 2045 of 10000 (PassedPawnV2 vs Magic)
Finished game 2037 (PassedPawnV2 vs Magic): 1-0 {White mates}
Score of PassedPawnV2 vs Magic: 783 - 638 - 612  [0.536] 2033
Started game 2046 of 10000 (Magic vs PassedPawnV2)
Finished game 2035 (PassedPawnV2 vs Magic): 1-0 {White wins by adjudication}
Score of PassedPawnV2 vs Magic: 784 - 638 - 612  [0.536] 2034
Started game 2047 of 10000 (PassedPawnV2 vs Magic)
Finished game 2026 (Magic vs PassedPawnV2): 0-1 {Black wins by adjudication}
Score of PassedPawnV2 vs Magic: 785 - 638 - 612  [0.536] 2035
Started game 2048 of 10000 (Magic vs PassedPawnV2)
Finished game 2038 (Magic vs PassedPawnV2): 1-0 {White wins by adjudication}
Score of PassedPawnV2 vs Magic: 785 - 639 - 612  [0.536] 2036
Started game 2049 of 10000 (PassedPawnV2 vs Magic)
Finished game 2036 (Magic vs PassedPawnV2): 0-1 {Black wins by adjudication}
Score of PassedPawnV2 vs Magic: 786 - 639 - 612  [0.536] 2037
Started game 2050 of 10000 (Magic vs PassedPawnV2)
Finished game 2039 (PassedPawnV2 vs Magic): 1/2-1/2 {Draw by 3-fold repetition}
Score of PassedPawnV2 vs Magic: 786 - 639 - 613  [0.536] 2038
Started game 2051 of 10000 (PassedPawnV2 vs Magic)
Finished game 2032 (Magic vs PassedPawnV2): 0-1 {Black wins by adjudication}
Score of PassedPawnV2 vs Magic: 787 - 639 - 613  [0.536] 2039
Started game 2052 of 10000 (Magic vs PassedPawnV2)
Finished game 2041 (PassedPawnV2 vs Magic): 1-0 {White wins by adjudication}
Score of PassedPawnV2 vs Magic: 788 - 639 - 613  [0.537] 2040
Started game 2053 of 10000 (PassedPawnV2 vs Magic)
Finished game 2044 (Magic vs PassedPawnV2): 0-1 {Black wins by adjudication}
Score of PassedPawnV2 vs Magic: 789 - 639 - 613  [0.537] 2041
Started game 2054 of 10000 (Magic vs PassedPawnV2)
Finished game 2042 (Magic vs PassedPawnV2): 0-1 {Black wins by adjudication}
Score of PassedPawnV2 vs Magic: 790 - 639 - 613  [0.537] 2042
Started game 2055 of 10000 (PassedPawnV2 vs Magic)
Finished game 2040 (Magic vs PassedPawnV2): 0-1 {Black wins by adjudication}
Score of PassedPawnV2 vs Magic: 791 - 639 - 613  [0.537] 2043
Started game 2056 of 10000 (Magic vs PassedPawnV2)
Finished game 2045 (PassedPawnV2 vs Magic): 0-1 {Black wins by adjudication}
Score of PassedPawnV2 vs Magic: 791 - 640 - 613  [0.537] 2044
Started game 2057 of 10000 (PassedPawnV2 vs Magic)
Finished game 2049 (PassedPawnV2 vs Magic): 1/2-1/2 {Draw by 3-fold repetition}
Score of PassedPawnV2 vs Magic: 791 - 640 - 614  [0.537] 2045
Started game 2058 of 10000 (Magic vs PassedPawnV2)
Finished game 2051 (PassedPawnV2 vs Magic): 0-1 {Black wins by adjudication}
Score of PassedPawnV2 vs Magic: 791 - 641 - 614  [0.537] 2046
Started game 2059 of 10000 (PassedPawnV2 vs Magic)
Finished game 2050 (Magic vs PassedPawnV2): 0-1 {Black wins by adjudication}
Score of PassedPawnV2 vs Magic: 792 - 641 - 614  [0.537] 2047
Started game 2060 of 10000 (Magic vs PassedPawnV2)
Finished game 2052 (Magic vs PassedPawnV2): 1-0 {White wins by adjudication}
Score of PassedPawnV2 vs Magic: 792 - 642 - 614  [0.537] 2048
Started game 2061 of 10000 (PassedPawnV2 vs Magic)
Finished game 2046 (Magic vs PassedPawnV2): 1/2-1/2 {Draw by insufficient mating material}
Score of PassedPawnV2 vs Magic: 792 - 642 - 615  [0.537] 2049
Started game 2062 of 10000 (Magic vs PassedPawnV2)
Finished game 2048 (Magic vs PassedPawnV2): 1/2-1/2 {Draw by insufficient mating material}
Score of PassedPawnV2 vs Magic: 792 - 642 - 616  [0.537] 2050
Started game 2063 of 10000 (PassedPawnV2 vs Magic)
Finished game 2043 (PassedPawnV2 vs Magic): 0-1 {Black wins by adjudication}
Score of PassedPawnV2 vs Magic: 792 - 643 - 616  [0.536] 2051
Started game 2064 of 10000 (Magic vs PassedPawnV2)
Finished game 2055 (PassedPawnV2 vs Magic): 1/2-1/2 {Draw by 3-fold repetition}
Score of PassedPawnV2 vs Magic: 792 - 643 - 617  [0.536] 2052
Started game 2065 of 10000 (PassedPawnV2 vs Magic)
Finished game 2047 (PassedPawnV2 vs Magic): 1/2-1/2 {Draw by fifty moves rule}
Score of PassedPawnV2 vs Magic: 792 - 643 - 618  [0.536] 2053
Started game 2066 of 10000 (Magic vs PassedPawnV2)
Finished game 2056 (Magic vs PassedPawnV2): 0-1 {Black wins by adjudication}
Score of PassedPawnV2 vs Magic: 793 - 643 - 618  [0.537] 2054
Started game 2067 of 10000 (PassedPawnV2 vs Magic)
Finished game 2054 (Magic vs PassedPawnV2): 1-0 {White wins by adjudication}
Score of PassedPawnV2 vs Magic: 793 - 644 - 618  [0.536] 2055
Started game 2068 of 10000 (Magic vs PassedPawnV2)
Finished game 2063 (PassedPawnV2 vs Magic): 1-0 {White wins by adjudication}
Score of PassedPawnV2 vs Magic: 794 - 644 - 618  [0.536] 2056
Started game 2069 of 10000 (PassedPawnV2 vs Magic)
Finished game 2060 (Magic vs PassedPawnV2): 1/2-1/2 {Draw by 3-fold repetition}
Score of PassedPawnV2 vs Magic: 794 - 644 - 619  [0.536] 2057
Started game 2070 of 10000 (Magic vs PassedPawnV2)
Finished game 2062 (Magic vs PassedPawnV2): 1-0 {White wins by adjudication}
Score of PassedPawnV2 vs Magic: 794 - 645 - 619  [0.536] 2058
Started game 2071 of 10000 (PassedPawnV2 vs Magic)
Finished game 2059 (PassedPawnV2 vs Magic): 1/2-1/2 {Draw by adjudication}
Score of PassedPawnV2 vs Magic: 794 - 645 - 620  [0.536] 2059
Started game 2072 of 10000 (Magic vs PassedPawnV2)
Finished game 2057 (PassedPawnV2 vs Magic): 1/2-1/2 {Draw by insufficient mating material}
Score of PassedPawnV2 vs Magic: 794 - 645 - 621  [0.536] 2060
Started game 2073 of 10000 (PassedPawnV2 vs Magic)
Finished game 2064 (Magic vs PassedPawnV2): 1/2-1/2 {Draw by adjudication}
Score of PassedPawnV2 vs Magic: 794 - 645 - 622  [0.536] 2061
Started game 2074 of 10000 (Magic vs PassedPawnV2)
Finished game 2061 (PassedPawnV2 vs Magic): 1/2-1/2 {Draw by adjudication}
Score of PassedPawnV2 vs Magic: 794 - 645 - 623  [0.536] 2062
Started game 2075 of 10000 (PassedPawnV2 vs Magic)
Finished game 2053 (PassedPawnV2 vs Magic): 1/2-1/2 {Draw by 3-fold repetition}
Score of PassedPawnV2 vs Magic: 794 - 645 - 624  [0.536] 2063
Started game 2076 of 10000 (Magic vs PassedPawnV2)
Finished game 2058 (Magic vs PassedPawnV2): 1/2-1/2 {Draw by insufficient mating material}
Score of PassedPawnV2 vs Magic: 794 - 645 - 625  [0.536] 2064
Started game 2077 of 10000 (PassedPawnV2 vs Magic)
Finished game 2068 (Magic vs PassedPawnV2): 0-1 {Black wins by adjudication}
Score of PassedPawnV2 vs Magic: 795 - 645 - 625  [0.536] 2065
Started game 2078 of 10000 (Magic vs PassedPawnV2)
Finished game 2066 (Magic vs PassedPawnV2): 1-0 {White wins by adjudication}
Score of PassedPawnV2 vs Magic: 795 - 646 - 625  [0.536] 2066
Started game 2079 of 10000 (PassedPawnV2 vs Magic)
Finished game 2071 (PassedPawnV2 vs Magic): 1-0 {White wins by adjudication}
Score of PassedPawnV2 vs Magic: 796 - 646 - 625  [0.536] 2067
Started game 2080 of 10000 (Magic vs PassedPawnV2)
Finished game 2073 (PassedPawnV2 vs Magic): 0-1 {Black wins by adjudication}
Score of PassedPawnV2 vs Magic: 796 - 647 - 625  [0.536] 2068
Started game 2081 of 10000 (PassedPawnV2 vs Magic)
Finished game 2076 (Magic vs PassedPawnV2): 0-1 {Black wins by adjudication}
Score of PassedPawnV2 vs Magic: 797 - 647 - 625  [0.536] 2069
Started game 2082 of 10000 (Magic vs PassedPawnV2)
Finished game 2069 (PassedPawnV2 vs Magic): 1/2-1/2 {Draw by adjudication}
Score of PassedPawnV2 vs Magic: 797 - 647 - 626  [0.536] 2070
Started game 2083 of 10000 (PassedPawnV2 vs Magic)
Finished game 2070 (Magic vs PassedPawnV2): 0-1 {Black wins by adjudication}
Score of PassedPawnV2 vs Magic: 798 - 647 - 626  [0.536] 2071
Started game 2084 of 10000 (Magic vs PassedPawnV2)
Finished game 2072 (Magic vs PassedPawnV2): 1-0 {White wins by adjudication}
Score of PassedPawnV2 vs Magic: 798 - 648 - 626  [0.536] 2072
Started game 2085 of 10000 (PassedPawnV2 vs Magic)
Finished game 2074 (Magic vs PassedPawnV2): 0-1 {Black wins by adjudication}
Score of PassedPawnV2 vs Magic: 799 - 648 - 626  [0.536] 2073
Started game 2086 of 10000 (Magic vs PassedPawnV2)
Finished game 2075 (PassedPawnV2 vs Magic): 1-0 {White wins by adjudication}
Score of PassedPawnV2 vs Magic: 800 - 648 - 626  [0.537] 2074
Started game 2087 of 10000 (PassedPawnV2 vs Magic)
Finished game 2065 (PassedPawnV2 vs Magic): 1/2-1/2 {Draw by insufficient mating material}
Score of PassedPawnV2 vs Magic: 800 - 648 - 627  [0.537] 2075
Started game 2088 of 10000 (Magic vs PassedPawnV2)
Finished game 2067 (PassedPawnV2 vs Magic): 0-1 {Black wins by adjudication}
Score of PassedPawnV2 vs Magic: 800 - 649 - 627  [0.536] 2076
Started game 2089 of 10000 (PassedPawnV2 vs Magic)
Finished game 2079 (PassedPawnV2 vs Magic): 1-0 {White wins by adjudication}
Score of PassedPawnV2 vs Magic: 801 - 649 - 627  [0.537] 2077
Started game 2090 of 10000 (Magic vs PassedPawnV2)
Finished game 2081 (PassedPawnV2 vs Magic): 1-0 {White wins by adjudication}
Score of PassedPawnV2 vs Magic: 802 - 649 - 627  [0.537] 2078
Started game 2091 of 10000 (PassedPawnV2 vs Magic)
Finished game 2078 (Magic vs PassedPawnV2): 1/2-1/2 {Draw by 3-fold repetition}
Score of PassedPawnV2 vs Magic: 802 - 649 - 628  [0.537] 2079
Started game 2092 of 10000 (Magic vs PassedPawnV2)
Finished game 2089 (PassedPawnV2 vs Magic): 1/2-1/2 {Draw by 3-fold repetition}
Score of PassedPawnV2 vs Magic: 802 - 649 - 629  [0.537] 2080
Started game 2093 of 10000 (PassedPawnV2 vs Magic)
Finished game 2084 (Magic vs PassedPawnV2): 1-0 {White wins by adjudication}
Score of PassedPawnV2 vs Magic: 802 - 650 - 629  [0.537] 2081
Started game 2094 of 10000 (Magic vs PassedPawnV2)
Finished game 2077 (PassedPawnV2 vs Magic): 1/2-1/2 {Draw by adjudication}
Score of PassedPawnV2 vs Magic: 802 - 650 - 630  [0.537] 2082
Started game 2095 of 10000 (PassedPawnV2 vs Magic)
Finished game 2080 (Magic vs PassedPawnV2): 0-1 {Black wins by adjudication}
Score of PassedPawnV2 vs Magic: 803 - 650 - 630  [0.537] 2083
Started game 2096 of 10000 (Magic vs PassedPawnV2)
Finished game 2083 (PassedPawnV2 vs Magic): 1/2-1/2 {Draw by 3-fold repetition}
Score of PassedPawnV2 vs Magic: 803 - 650 - 631  [0.537] 2084
Started game 2097 of 10000 (PassedPawnV2 vs Magic)
Finished game 2087 (PassedPawnV2 vs Magic): 0-1 {Black wins by adjudication}
Score of PassedPawnV2 vs Magic: 803 - 651 - 631  [0.536] 2085
Started game 2098 of 10000 (Magic vs PassedPawnV2)
Finished game 2082 (Magic vs PassedPawnV2): 0-1 {Black wins by adjudication}
Score of PassedPawnV2 vs Magic: 804 - 651 - 631  [0.537] 2086
Started game 2099 of 10000 (PassedPawnV2 vs Magic)
Finished game 2086 (Magic vs PassedPawnV2): 0-1 {Black wins by adjudication}
Score of PassedPawnV2 vs Magic: 805 - 651 - 631  [0.537] 2087
Started game 2100 of 10000 (Magic vs PassedPawnV2)
Finished game 2085 (PassedPawnV2 vs Magic): 1-0 {White wins by adjudication}
Score of PassedPawnV2 vs Magic: 806 - 651 - 631  [0.537] 2088
Started game 2101 of 10000 (PassedPawnV2 vs Magic)
Finished game 2088 (Magic vs PassedPawnV2): 1-0 {White wins by adjudication}
Score of PassedPawnV2 vs Magic: 806 - 652 - 631  [0.537] 2089
Started game 2102 of 10000 (Magic vs PassedPawnV2)
Finished game 2090 (Magic vs PassedPawnV2): 1-0 {White wins by adjudication}
Score of PassedPawnV2 vs Magic: 806 - 653 - 631  [0.537] 2090
Started game 2103 of 10000 (PassedPawnV2 vs Magic)
Finished game 2091 (PassedPawnV2 vs Magic): 1/2-1/2 {Draw by insufficient mating material}
Score of PassedPawnV2 vs Magic: 806 - 653 - 632  [0.537] 2091
Started game 2104 of 10000 (Magic vs PassedPawnV2)
Finished game 2094 (Magic vs PassedPawnV2): 1-0 {White wins by adjudication}
Score of PassedPawnV2 vs Magic: 806 - 654 - 632  [0.536] 2092
Started game 2105 of 10000 (PassedPawnV2 vs Magic)
Finished game 2092 (Magic vs PassedPawnV2): 1-0 {White mates}
Score of PassedPawnV2 vs Magic: 806 - 655 - 632  [0.536] 2093
Started game 2106 of 10000 (Magic vs PassedPawnV2)
Finished game 2096 (Magic vs PassedPawnV2): 1-0 {White wins by adjudication}
Score of PassedPawnV2 vs Magic: 806 - 656 - 632  [0.536] 2094
Started game 2107 of 10000 (PassedPawnV2 vs Magic)
Finished game 2095 (PassedPawnV2 vs Magic): 0-1 {Black wins by adjudication}
Score of PassedPawnV2 vs Magic: 806 - 657 - 632  [0.536] 2095
Started game 2108 of 10000 (Magic vs PassedPawnV2)
Finished game 2093 (PassedPawnV2 vs Magic): 1-0 {White wins by adjudication}
Score of PassedPawnV2 vs Magic: 807 - 657 - 632  [0.536] 2096
Started game 2109 of 10000 (PassedPawnV2 vs Magic)
Finished game 2098 (Magic vs PassedPawnV2): 1-0 {White wins by adjudication}
Score of PassedPawnV2 vs Magic: 807 - 658 - 632  [0.536] 2097
Started game 2110 of 10000 (Magic vs PassedPawnV2)
Finished game 2102 (Magic vs PassedPawnV2): 1/2-1/2 {Draw by 3-fold repetition}
Score of PassedPawnV2 vs Magic: 807 - 658 - 633  [0.536] 2098
Started game 2111 of 10000 (PassedPawnV2 vs Magic)
Finished game 2100 (Magic vs PassedPawnV2): 1-0 {White wins by adjudication}
Score of PassedPawnV2 vs Magic: 807 - 659 - 633  [0.535] 2099
Started game 2112 of 10000 (Magic vs PassedPawnV2)
Finished game 2109 (PassedPawnV2 vs Magic): 1/2-1/2 {Draw by 3-fold repetition}
Score of PassedPawnV2 vs Magic: 807 - 659 - 634  [0.535] 2100
Started game 2113 of 10000 (PassedPawnV2 vs Magic)
Finished game 2101 (PassedPawnV2 vs Magic): 0-1 {Black wins by adjudication}
Score of PassedPawnV2 vs Magic: 807 - 660 - 634  [0.535] 2101
Started game 2114 of 10000 (Magic vs PassedPawnV2)
Finished game 2103 (PassedPawnV2 vs Magic): 0-1 {Black wins by adjudication}
Score of PassedPawnV2 vs Magic: 807 - 661 - 634  [0.535] 2102
Started game 2115 of 10000 (PassedPawnV2 vs Magic)
Finished game 2099 (PassedPawnV2 vs Magic): 1/2-1/2 {Draw by insufficient mating material}
Score of PassedPawnV2 vs Magic: 807 - 661 - 635  [0.535] 2103
Started game 2116 of 10000 (Magic vs PassedPawnV2)
Finished game 2106 (Magic vs PassedPawnV2): 0-1 {Black wins by adjudication}
Score of PassedPawnV2 vs Magic: 808 - 661 - 635  [0.535] 2104
Started game 2117 of 10000 (PassedPawnV2 vs Magic)
Finished game 2105 (PassedPawnV2 vs Magic): 1/2-1/2 {Draw by 3-fold repetition}
Score of PassedPawnV2 vs Magic: 808 - 661 - 636  [0.535] 2105
Started game 2118 of 10000 (Magic vs PassedPawnV2)
Finished game 2107 (PassedPawnV2 vs Magic): 0-1 {Black wins by adjudication}
Score of PassedPawnV2 vs Magic: 808 - 662 - 636  [0.535] 2106
Started game 2119 of 10000 (PassedPawnV2 vs Magic)
Finished game 2097 (PassedPawnV2 vs Magic): 1/2-1/2 {Draw by adjudication}
Score of PassedPawnV2 vs Magic: 808 - 662 - 637  [0.535] 2107
Started game 2120 of 10000 (Magic vs PassedPawnV2)
Finished game 2108 (Magic vs PassedPawnV2): 0-1 {Black wins by adjudication}
Score of PassedPawnV2 vs Magic: 809 - 662 - 637  [0.535] 2108
Started game 2121 of 10000 (PassedPawnV2 vs Magic)
Finished game 2110 (Magic vs PassedPawnV2): 1-0 {White wins by adjudication}
Score of PassedPawnV2 vs Magic: 809 - 663 - 637  [0.535] 2109
Started game 2122 of 10000 (Magic vs PassedPawnV2)
Finished game 2104 (Magic vs PassedPawnV2): 0-1 {Black wins by adjudication}
Score of PassedPawnV2 vs Magic: 810 - 663 - 637  [0.535] 2110
Started game 2123 of 10000 (PassedPawnV2 vs Magic)
Finished game 2113 (PassedPawnV2 vs Magic): 1-0 {White wins by adjudication}
Score of PassedPawnV2 vs Magic: 811 - 663 - 637  [0.535] 2111
Started game 2124 of 10000 (Magic vs PassedPawnV2)
Finished game 2111 (PassedPawnV2 vs Magic): 1/2-1/2 {Draw by 3-fold repetition}
Score of PassedPawnV2 vs Magic: 811 - 663 - 638  [0.535] 2112
Started game 2125 of 10000 (PassedPawnV2 vs Magic)
Finished game 2114 (Magic vs PassedPawnV2): 1-0 {White wins by adjudication}
Score of PassedPawnV2 vs Magic: 811 - 664 - 638  [0.535] 2113
Started game 2126 of 10000 (Magic vs PassedPawnV2)
Finished game 2122 (Magic vs PassedPawnV2): 1-0 {White mates}
Score of PassedPawnV2 vs Magic: 811 - 665 - 638  [0.535] 2114
Started game 2127 of 10000 (PassedPawnV2 vs Magic)
Finished game 2123 (PassedPawnV2 vs Magic): 1/2-1/2 {Draw by 3-fold repetition}
Score of PassedPawnV2 vs Magic: 811 - 665 - 639  [0.535] 2115
Started game 2128 of 10000 (Magic vs PassedPawnV2)
Finished game 2124 (Magic vs PassedPawnV2): 1/2-1/2 {Draw by 3-fold repetition}
Score of PassedPawnV2 vs Magic: 811 - 665 - 640  [0.534] 2116
Started game 2129 of 10000 (PassedPawnV2 vs Magic)
Finished game 2112 (Magic vs PassedPawnV2): 0-1 {Black wins by adjudication}
Score of PassedPawnV2 vs Magic: 812 - 665 - 640  [0.535] 2117
Started game 2130 of 10000 (Magic vs PassedPawnV2)
Finished game 2115 (PassedPawnV2 vs Magic): 1/2-1/2 {Draw by adjudication}
Score of PassedPawnV2 vs Magic: 812 - 665 - 641  [0.535] 2118
Started game 2131 of 10000 (PassedPawnV2 vs Magic)
Finished game 2116 (Magic vs PassedPawnV2): 1/2-1/2 {Draw by 3-fold repetition}
Score of PassedPawnV2 vs Magic: 812 - 665 - 642  [0.535] 2119
Started game 2132 of 10000 (Magic vs PassedPawnV2)
Finished game 2118 (Magic vs PassedPawnV2): 0-1 {Black wins by adjudication}
Score of PassedPawnV2 vs Magic: 813 - 665 - 642  [0.535] 2120
Started game 2133 of 10000 (PassedPawnV2 vs Magic)
Finished game 2119 (PassedPawnV2 vs Magic): 1-0 {White wins by adjudication}
Score of PassedPawnV2 vs Magic: 814 - 665 - 642  [0.535] 2121
Started game 2134 of 10000 (Magic vs PassedPawnV2)
Finished game 2125 (PassedPawnV2 vs Magic): 0-1 {Black wins by adjudication}
Score of PassedPawnV2 vs Magic: 814 - 666 - 642  [0.535] 2122
Started game 2135 of 10000 (PassedPawnV2 vs Magic)
Finished game 2121 (PassedPawnV2 vs Magic): 0-1 {Black wins by adjudication}
Score of PassedPawnV2 vs Magic: 814 - 667 - 642  [0.535] 2123
Started game 2136 of 10000 (Magic vs PassedPawnV2)
Finished game 2117 (PassedPawnV2 vs Magic): 1-0 {White wins by adjudication}
Score of PassedPawnV2 vs Magic: 815 - 667 - 642  [0.535] 2124
Started game 2137 of 10000 (PassedPawnV2 vs Magic)
Finished game 2120 (Magic vs PassedPawnV2): 1-0 {White wins by adjudication}
Score of PassedPawnV2 vs Magic: 815 - 668 - 642  [0.535] 2125
Started game 2138 of 10000 (Magic vs PassedPawnV2)
Finished game 2126 (Magic vs PassedPawnV2): 0-1 {Black wins by adjudication}
Score of PassedPawnV2 vs Magic: 816 - 668 - 642  [0.535] 2126
Started game 2139 of 10000 (PassedPawnV2 vs Magic)
Finished game 2127 (PassedPawnV2 vs Magic): 1-0 {White wins by adjudication}
Score of PassedPawnV2 vs Magic: 817 - 668 - 642  [0.535] 2127
Started game 2140 of 10000 (Magic vs PassedPawnV2)
Finished game 2132 (Magic vs PassedPawnV2): 0-1 {Black wins by adjudication}
Score of PassedPawnV2 vs Magic: 818 - 668 - 642  [0.535] 2128
Started game 2141 of 10000 (PassedPawnV2 vs Magic)
Finished game 2133 (PassedPawnV2 vs Magic): 1-0 {White wins by adjudication}
Score of PassedPawnV2 vs Magic: 819 - 668 - 642  [0.535] 2129
Started game 2142 of 10000 (Magic vs PassedPawnV2)
Finished game 2128 (Magic vs PassedPawnV2): 1-0 {White wins by adjudication}
Score of PassedPawnV2 vs Magic: 819 - 669 - 642  [0.535] 2130
Started game 2143 of 10000 (PassedPawnV2 vs Magic)
Finished game 2134 (Magic vs PassedPawnV2): 1/2-1/2 {Draw by 3-fold repetition}
Score of PassedPawnV2 vs Magic: 819 - 669 - 643  [0.535] 2131
Started game 2144 of 10000 (Magic vs PassedPawnV2)
Finished game 2130 (Magic vs PassedPawnV2): 1-0 {White wins by adjudication}
Score of PassedPawnV2 vs Magic: 819 - 670 - 643  [0.535] 2132
Started game 2145 of 10000 (PassedPawnV2 vs Magic)
Finished game 2135 (PassedPawnV2 vs Magic): 0-1 {Black wins by adjudication}
Score of PassedPawnV2 vs Magic: 819 - 671 - 643  [0.535] 2133
Started game 2146 of 10000 (Magic vs PassedPawnV2)
Finished game 2137 (PassedPawnV2 vs Magic): 0-1 {Black wins by adjudication}
Score of PassedPawnV2 vs Magic: 819 - 672 - 643  [0.534] 2134
Started game 2147 of 10000 (PassedPawnV2 vs Magic)
Finished game 2138 (Magic vs PassedPawnV2): 0-1 {Black wins by adjudication}
Score of PassedPawnV2 vs Magic: 820 - 672 - 643  [0.535] 2135
Started game 2148 of 10000 (Magic vs PassedPawnV2)
Finished game 2129 (PassedPawnV2 vs Magic): 1-0 {White mates}
Score of PassedPawnV2 vs Magic: 821 - 672 - 643  [0.535] 2136
Started game 2149 of 10000 (PassedPawnV2 vs Magic)
Finished game 2136 (Magic vs PassedPawnV2): 0-1 {Black wins by adjudication}
Score of PassedPawnV2 vs Magic: 822 - 672 - 643  [0.535] 2137
Started game 2150 of 10000 (Magic vs PassedPawnV2)
Finished game 2147 (PassedPawnV2 vs Magic): 1-0 {White wins by adjudication}
Score of PassedPawnV2 vs Magic: 823 - 672 - 643  [0.535] 2138
Started game 2151 of 10000 (PassedPawnV2 vs Magic)
Finished game 2148 (Magic vs PassedPawnV2): 1-0 {White wins by adjudication}
Score of PassedPawnV2 vs Magic: 823 - 673 - 643  [0.535] 2139
Finished game 2140 (Magic vs PassedPawnV2): 1/2-1/2 {Draw by adjudication}
Score of PassedPawnV2 vs Magic: 823 - 673 - 644  [0.535] 2140
Started game 2152 of 10000 (Magic vs PassedPawnV2)
Started game 2153 of 10000 (PassedPawnV2 vs Magic)
Finished game 2139 (PassedPawnV2 vs Magic): 1-0 {White wins by adjudication}
Score of PassedPawnV2 vs Magic: 824 - 673 - 644  [0.535] 2141
Started game 2154 of 10000 (Magic vs PassedPawnV2)
Finished game 2141 (PassedPawnV2 vs Magic): 1-0 {White wins by adjudication}
Score of PassedPawnV2 vs Magic: 825 - 673 - 644  [0.535] 2142
Started game 2155 of 10000 (PassedPawnV2 vs Magic)
Finished game 2131 (PassedPawnV2 vs Magic): 1/2-1/2 {Draw by stalemate}
Score of PassedPawnV2 vs Magic: 825 - 673 - 645  [0.535] 2143
Started game 2156 of 10000 (Magic vs PassedPawnV2)
Finished game 2142 (Magic vs PassedPawnV2): 1-0 {White wins by adjudication}
Score of PassedPawnV2 vs Magic: 825 - 674 - 645  [0.535] 2144
Started game 2157 of 10000 (PassedPawnV2 vs Magic)
Finished game 2145 (PassedPawnV2 vs Magic): 1-0 {White wins by adjudication}
Score of PassedPawnV2 vs Magic: 826 - 674 - 645  [0.535] 2145
Started game 2158 of 10000 (Magic vs PassedPawnV2)
Finished game 2144 (Magic vs PassedPawnV2): 0-1 {Black wins by adjudication}
Score of PassedPawnV2 vs Magic: 827 - 674 - 645  [0.536] 2146
Started game 2159 of 10000 (PassedPawnV2 vs Magic)
Finished game 2143 (PassedPawnV2 vs Magic): 1/2-1/2 {Draw by adjudication}
Score of PassedPawnV2 vs Magic: 827 - 674 - 646  [0.536] 2147
Started game 2160 of 10000 (Magic vs PassedPawnV2)
Finished game 2152 (Magic vs PassedPawnV2): 0-1 {Black wins by adjudication}
Score of PassedPawnV2 vs Magic: 828 - 674 - 646  [0.536] 2148
Started game 2161 of 10000 (PassedPawnV2 vs Magic)
Finished game 2146 (Magic vs PassedPawnV2): 0-1 {Black wins by adjudication}
Score of PassedPawnV2 vs Magic: 829 - 674 - 646  [0.536] 2149
Started game 2162 of 10000 (Magic vs PassedPawnV2)
Finished game 2149 (PassedPawnV2 vs Magic): 1/2-1/2 {Draw by 3-fold repetition}
Score of PassedPawnV2 vs Magic: 829 - 674 - 647  [0.536] 2150
Started game 2163 of 10000 (PassedPawnV2 vs Magic)
Finished game 2150 (Magic vs PassedPawnV2): 1-0 {White wins by adjudication}
Score of PassedPawnV2 vs Magic: 829 - 675 - 647  [0.536] 2151
Started game 2164 of 10000 (Magic vs PassedPawnV2)
Finished game 2151 (PassedPawnV2 vs Magic): 1-0 {White wins by adjudication}
Score of PassedPawnV2 vs Magic: 830 - 675 - 647  [0.536] 2152
Started game 2165 of 10000 (PassedPawnV2 vs Magic)
Finished game 2153 (PassedPawnV2 vs Magic): 1-0 {White mates}
Score of PassedPawnV2 vs Magic: 831 - 675 - 647  [0.536] 2153
Started game 2166 of 10000 (Magic vs PassedPawnV2)
Finished game 2156 (Magic vs PassedPawnV2): 0-1 {Black wins by adjudication}
Score of PassedPawnV2 vs Magic: 832 - 675 - 647  [0.536] 2154
Started game 2167 of 10000 (PassedPawnV2 vs Magic)
Finished game 2154 (Magic vs PassedPawnV2): 0-1 {Black wins by adjudication}
Score of PassedPawnV2 vs Magic: 833 - 675 - 647  [0.537] 2155
Started game 2168 of 10000 (Magic vs PassedPawnV2)
Finished game 2155 (PassedPawnV2 vs Magic): 1-0 {White wins by adjudication}
Score of PassedPawnV2 vs Magic: 834 - 675 - 647  [0.537] 2156
Finished game 2166 (Magic vs PassedPawnV2): * {No result}
Score of PassedPawnV2 vs Magic: 834 - 675 - 647  [0.537] 2156
Finished game 2159 (PassedPawnV2 vs Magic): * {No result}
Score of PassedPawnV2 vs Magic: 834 - 675 - 647  [0.537] 2156
Finished game 2157 (PassedPawnV2 vs Magic): * {No result}
Score of PassedPawnV2 vs Magic: 834 - 675 - 647  [0.537] 2156
Finished game 2168 (Magic vs PassedPawnV2): * {No result}
Score of PassedPawnV2 vs Magic: 834 - 675 - 647  [0.537] 2156
Finished game 2164 (Magic vs PassedPawnV2): * {No result}
Score of PassedPawnV2 vs Magic: 834 - 675 - 647  [0.537] 2156
Finished game 2163 (PassedPawnV2 vs Magic): * {No result}
Score of PassedPawnV2 vs Magic: 834 - 675 - 647  [0.537] 2156
Finished game 2161 (PassedPawnV2 vs Magic): * {No result}
Score of PassedPawnV2 vs Magic: 834 - 675 - 647  [0.537] 2156
Finished game 2158 (Magic vs PassedPawnV2): * {No result}
Score of PassedPawnV2 vs Magic: 834 - 675 - 647  [0.537] 2156
Finished game 2160 (Magic vs PassedPawnV2): * {No result}
Score of PassedPawnV2 vs Magic: 834 - 675 - 647  [0.537] 2156
Finished game 2167 (PassedPawnV2 vs Magic): * {No result}
Score of PassedPawnV2 vs Magic: 834 - 675 - 647  [0.537] 2156
Finished game 2162 (Magic vs PassedPawnV2): * {No result}
Score of PassedPawnV2 vs Magic: 834 - 675 - 647  [0.537] 2156
Finished game 2165 (PassedPawnV2 vs Magic): * {No result}
Score of PassedPawnV2 vs Magic: 834 - 675 - 647  [0.537] 2156
...      PassedPawnV2 playing White: 450 - 294 - 334  [0.572] 1078
...      PassedPawnV2 playing Black: 384 - 381 - 313  [0.501] 1078
...      White vs Black: 831 - 678 - 647  [0.535] 2156
Elo difference: 25.7 +/- 12.3, LOS: 100.0 %, DrawRatio: 30.0 %
SPRT: llr 2.96 (100.5%), lbound -2.94, ubound 2.94 - H1 was accepted

Player: PassedPawnV2
   "Draw by 3-fold repetition": 293
   "Draw by adjudication": 150
   "Draw by fifty moves rule": 76
   "Draw by insufficient mating material": 119
   "Draw by stalemate": 9
   "Loss: Black mates": 16
   "Loss: Black wins by adjudication": 278
   "Loss: White mates": 14
   "Loss: White wins by adjudication": 367
   "No result": 12
   "Win: Black mates": 16
   "Win: Black wins by adjudication": 368
   "Win: White mates": 22
   "Win: White wins by adjudication": 428
Player: Magic
   "Draw by 3-fold repetition": 293
   "Draw by adjudication": 150
   "Draw by fifty moves rule": 76
   "Draw by insufficient mating material": 119
   "Draw by stalemate": 9
   "Loss: Black mates": 16
   "Loss: Black wins by adjudication": 368
   "Loss: White mates": 22
   "Loss: White wins by adjudication": 428
   "No result": 12
   "Win: Black mates": 16
   "Win: Black wins by adjudication": 278
   "Win: White mates": 14
   "Win: White wins by adjudication": 367
Finished match
