Indexing opening suite...
Started game 6 of 10000 (SeeFutility vs Magic)
Started game 5 of 10000 (Magic vs SeeFutility)
Started game 2 of 10000 (SeeFutility vs Magic)
Started game 9 of 10000 (Magic vs SeeFutility)
Started game 4 of 10000 (SeeFutility vs Magic)
Started game 10 of 10000 (SeeFutility vs Magic)
Started game 8 of 10000 (SeeFutility vs Magic)
Started game 7 of 10000 (Magic vs SeeFutility)
Started game 3 of 10000 (Magic vs SeeFutility)
Started game 1 of 10000 (Magic vs SeeFutility)
Started game 13 of 10000 (Magic vs SeeFutility)
Started game 11 of 10000 (Magic vs SeeFutility)
Started game 12 of 10000 (SeeFutility vs Magic)
Finished game 5 (Magic vs SeeFutility): 1/2-1/2 {Draw by 3-fold repetition}
Score of Magic vs SeeFutility: 0 - 0 - 1  [0.500] 1
Started game 14 of 10000 (SeeFutility vs Magic)
Finished game 9 (Magic vs SeeFutility): 0-1 {Black wins by adjudication}
Score of Magic vs SeeFutility: 0 - 1 - 1  [0.250] 2
Started game 15 of 10000 (Magic vs SeeFutility)
Finished game 2 (SeeFutility vs Magic): 0-1 {Black wins by adjudication}
Score of Magic vs SeeFutility: 1 - 1 - 1  [0.500] 3
Started game 16 of 10000 (SeeFutility vs Magic)
Finished game 11 (Magic vs SeeFutility): 1-0 {White wins by adjudication}
Score of Magic vs SeeFutility: 2 - 1 - 1  [0.625] 4
Started game 17 of 10000 (Magic vs SeeFutility)
Finished game 12 (SeeFutility vs Magic): 1/2-1/2 {Draw by adjudication}
Score of Magic vs SeeFutility: 2 - 1 - 2  [0.600] 5
Started game 18 of 10000 (SeeFutility vs Magic)
Finished game 13 (Magic vs SeeFutility): 1-0 {White wins by adjudication}
Score of Magic vs SeeFutility: 3 - 1 - 2  [0.667] 6
Started game 19 of 10000 (Magic vs SeeFutility)
Finished game 4 (SeeFutility vs Magic): 1/2-1/2 {Draw by insufficient mating material}
Score of Magic vs SeeFutility: 3 - 1 - 3  [0.643] 7
Started game 20 of 10000 (SeeFutility vs Magic)
Finished game 10 (SeeFutility vs Magic): 1-0 {White wins by adjudication}
Score of Magic vs SeeFutility: 3 - 2 - 3  [0.563] 8
Started game 21 of 10000 (Magic vs SeeFutility)
Finished game 6 (SeeFutility vs Magic): 1-0 {White wins by adjudication}
Score of Magic vs SeeFutility: 3 - 3 - 3  [0.500] 9
Started game 22 of 10000 (SeeFutility vs Magic)
Finished game 7 (Magic vs SeeFutility): 1/2-1/2 {Draw by insufficient mating material}
Score of Magic vs SeeFutility: 3 - 3 - 4  [0.500] 10
Started game 23 of 10000 (Magic vs SeeFutility)
Finished game 1 (Magic vs SeeFutility): 1/2-1/2 {Draw by insufficient mating material}
Score of Magic vs SeeFutility: 3 - 3 - 5  [0.500] 11
Started game 24 of 10000 (SeeFutility vs Magic)
Finished game 3 (Magic vs SeeFutility): 0-1 {Black wins by adjudication}
Score of Magic vs SeeFutility: 3 - 4 - 5  [0.458] 12
Started game 25 of 10000 (Magic vs SeeFutility)
Finished game 8 (SeeFutility vs Magic): 0-1 {Black wins by adjudication}
Score of Magic vs SeeFutility: 4 - 4 - 5  [0.500] 13
Started game 26 of 10000 (SeeFutility vs Magic)
Finished game 15 (Magic vs SeeFutility): 1/2-1/2 {Draw by 3-fold repetition}
Score of Magic vs SeeFutility: 4 - 4 - 6  [0.500] 14
Started game 27 of 10000 (Magic vs SeeFutility)
Finished game 16 (SeeFutility vs Magic): 0-1 {Black wins by adjudication}
Score of Magic vs SeeFutility: 5 - 4 - 6  [0.533] 15
Started game 28 of 10000 (SeeFutility vs Magic)
Finished game 18 (SeeFutility vs Magic): 1/2-1/2 {Draw by 3-fold repetition}
Score of Magic vs SeeFutility: 5 - 4 - 7  [0.531] 16
Started game 29 of 10000 (Magic vs SeeFutility)
Finished game 19 (Magic vs SeeFutility): 1-0 {White wins by adjudication}
Score of Magic vs SeeFutility: 6 - 4 - 7  [0.559] 17
Started game 30 of 10000 (SeeFutility vs Magic)
Finished game 17 (Magic vs SeeFutility): 1-0 {White wins by adjudication}
Score of Magic vs SeeFutility: 7 - 4 - 7  [0.583] 18
Started game 31 of 10000 (Magic vs SeeFutility)
Finished game 25 (Magic vs SeeFutility): 1/2-1/2 {Draw by 3-fold repetition}
Score of Magic vs SeeFutility: 7 - 4 - 8  [0.579] 19
Started game 32 of 10000 (SeeFutility vs Magic)
Finished game 23 (Magic vs SeeFutility): 1/2-1/2 {Draw by 3-fold repetition}
Score of Magic vs SeeFutility: 7 - 4 - 9  [0.575] 20
Started game 33 of 10000 (Magic vs SeeFutility)
Finished game 21 (Magic vs SeeFutility): 0-1 {Black mates}
Score of Magic vs SeeFutility: 7 - 5 - 9  [0.548] 21
Started game 34 of 10000 (SeeFutility vs Magic)
Finished game 14 (SeeFutility vs Magic): 0-1 {Black wins by adjudication}
Score of Magic vs SeeFutility: 8 - 5 - 9  [0.568] 22
Started game 35 of 10000 (Magic vs SeeFutility)
Finished game 24 (SeeFutility vs Magic): 1-0 {White wins by adjudication}
Score of Magic vs SeeFutility: 8 - 6 - 9  [0.543] 23
Started game 36 of 10000 (SeeFutility vs Magic)
Finished game 20 (SeeFutility vs Magic): 0-1 {Black wins by adjudication}
Score of Magic vs SeeFutility: 9 - 6 - 9  [0.563] 24
Started game 37 of 10000 (Magic vs SeeFutility)
Finished game 27 (Magic vs SeeFutility): 1-0 {White wins by adjudication}
Score of Magic vs SeeFutility: 10 - 6 - 9  [0.580] 25
Started game 38 of 10000 (SeeFutility vs Magic)
Finished game 28 (SeeFutility vs Magic): 1/2-1/2 {Draw by 3-fold repetition}
Score of Magic vs SeeFutility: 10 - 6 - 10  [0.577] 26
Started game 39 of 10000 (Magic vs SeeFutility)
Finished game 22 (SeeFutility vs Magic): 1/2-1/2 {Draw by fifty moves rule}
Score of Magic vs SeeFutility: 10 - 6 - 11  [0.574] 27
Started game 40 of 10000 (SeeFutility vs Magic)
Finished game 26 (SeeFutility vs Magic): 1/2-1/2 {Draw by adjudication}
Score of Magic vs SeeFutility: 10 - 6 - 12  [0.571] 28
Started game 41 of 10000 (Magic vs SeeFutility)
Finished game 31 (Magic vs SeeFutility): 1/2-1/2 {Draw by 3-fold repetition}
Score of Magic vs SeeFutility: 10 - 6 - 13  [0.569] 29
Started game 42 of 10000 (SeeFutility vs Magic)
Finished game 29 (Magic vs SeeFutility): 1/2-1/2 {Draw by adjudication}
Score of Magic vs SeeFutility: 10 - 6 - 14  [0.567] 30
Started game 43 of 10000 (Magic vs SeeFutility)
Finished game 34 (SeeFutility vs Magic): 1-0 {White wins by adjudication}
Score of Magic vs SeeFutility: 10 - 7 - 14  [0.548] 31
Started game 44 of 10000 (SeeFutility vs Magic)
Finished game 35 (Magic vs SeeFutility): 0-1 {Black wins by adjudication}
Score of Magic vs SeeFutility: 10 - 8 - 14  [0.531] 32
Started game 45 of 10000 (Magic vs SeeFutility)
Finished game 33 (Magic vs SeeFutility): 1-0 {White wins by adjudication}
Score of Magic vs SeeFutility: 11 - 8 - 14  [0.545] 33
Started game 46 of 10000 (SeeFutility vs Magic)
Finished game 32 (SeeFutility vs Magic): 1-0 {White wins by adjudication}
Score of Magic vs SeeFutility: 11 - 9 - 14  [0.529] 34
Started game 47 of 10000 (Magic vs SeeFutility)
Finished game 38 (SeeFutility vs Magic): 0-1 {Black wins by adjudication}
Score of Magic vs SeeFutility: 12 - 9 - 14  [0.543] 35
Started game 48 of 10000 (SeeFutility vs Magic)
Finished game 36 (SeeFutility vs Magic): 1/2-1/2 {Draw by adjudication}
Score of Magic vs SeeFutility: 12 - 9 - 15  [0.542] 36
Started game 49 of 10000 (Magic vs SeeFutility)
Finished game 37 (Magic vs SeeFutility): 0-1 {Black wins by adjudication}
Score of Magic vs SeeFutility: 12 - 10 - 15  [0.527] 37
Started game 50 of 10000 (SeeFutility vs Magic)
Finished game 41 (Magic vs SeeFutility): 1/2-1/2 {Draw by 3-fold repetition}
Score of Magic vs SeeFutility: 12 - 10 - 16  [0.526] 38
Started game 51 of 10000 (Magic vs SeeFutility)
Finished game 30 (SeeFutility vs Magic): 1-0 {White wins by adjudication}
Score of Magic vs SeeFutility: 12 - 11 - 16  [0.513] 39
Started game 52 of 10000 (SeeFutility vs Magic)
Finished game 42 (SeeFutility vs Magic): 1-0 {White wins by adjudication}
Score of Magic vs SeeFutility: 12 - 12 - 16  [0.500] 40
Started game 53 of 10000 (Magic vs SeeFutility)
Finished game 43 (Magic vs SeeFutility): 1-0 {White wins by adjudication}
Score of Magic vs SeeFutility: 13 - 12 - 16  [0.512] 41
Started game 54 of 10000 (SeeFutility vs Magic)
Finished game 40 (SeeFutility vs Magic): 1-0 {White wins by adjudication}
Score of Magic vs SeeFutility: 13 - 13 - 16  [0.500] 42
Started game 55 of 10000 (Magic vs SeeFutility)
Finished game 46 (SeeFutility vs Magic): 1-0 {White wins by adjudication}
Score of Magic vs SeeFutility: 13 - 14 - 16  [0.488] 43
Started game 56 of 10000 (SeeFutility vs Magic)
Finished game 45 (Magic vs SeeFutility): 1-0 {White wins by adjudication}
Score of Magic vs SeeFutility: 14 - 14 - 16  [0.500] 44
Started game 57 of 10000 (Magic vs SeeFutility)
Finished game 39 (Magic vs SeeFutility): 1-0 {White wins by adjudication}
Score of Magic vs SeeFutility: 15 - 14 - 16  [0.511] 45
Started game 58 of 10000 (SeeFutility vs Magic)
Finished game 44 (SeeFutility vs Magic): 1/2-1/2 {Draw by 3-fold repetition}
Score of Magic vs SeeFutility: 15 - 14 - 17  [0.511] 46
Started game 59 of 10000 (Magic vs SeeFutility)
Finished game 51 (Magic vs SeeFutility): 1-0 {White wins by adjudication}
Score of Magic vs SeeFutility: 16 - 14 - 17  [0.521] 47
Started game 60 of 10000 (SeeFutility vs Magic)
Finished game 52 (SeeFutility vs Magic): 1-0 {White wins by adjudication}
Score of Magic vs SeeFutility: 16 - 15 - 17  [0.510] 48
Started game 61 of 10000 (Magic vs SeeFutility)
Finished game 47 (Magic vs SeeFutility): 1-0 {White wins by adjudication}
Score of Magic vs SeeFutility: 17 - 15 - 17  [0.520] 49
Started game 62 of 10000 (SeeFutility vs Magic)
Finished game 49 (Magic vs SeeFutility): 1-0 {White wins by adjudication}
Score of Magic vs SeeFutility: 18 - 15 - 17  [0.530] 50
Started game 63 of 10000 (Magic vs SeeFutility)
Finished game 50 (SeeFutility vs Magic): 1/2-1/2 {Draw by 3-fold repetition}
Score of Magic vs SeeFutility: 18 - 15 - 18  [0.529] 51
Started game 64 of 10000 (SeeFutility vs Magic)
Finished game 48 (SeeFutility vs Magic): 1/2-1/2 {Draw by 3-fold repetition}
Score of Magic vs SeeFutility: 18 - 15 - 19  [0.529] 52
Started game 65 of 10000 (Magic vs SeeFutility)
Finished game 57 (Magic vs SeeFutility): 1/2-1/2 {Draw by 3-fold repetition}
Score of Magic vs SeeFutility: 18 - 15 - 20  [0.528] 53
Started game 66 of 10000 (SeeFutility vs Magic)
Finished game 58 (SeeFutility vs Magic): 1-0 {White wins by adjudication}
Score of Magic vs SeeFutility: 18 - 16 - 20  [0.519] 54
Started game 67 of 10000 (Magic vs SeeFutility)
Finished game 53 (Magic vs SeeFutility): 1/2-1/2 {Draw by 3-fold repetition}
Score of Magic vs SeeFutility: 18 - 16 - 21  [0.518] 55
Started game 68 of 10000 (SeeFutility vs Magic)
Finished game 59 (Magic vs SeeFutility): 1/2-1/2 {Draw by 3-fold repetition}
Score of Magic vs SeeFutility: 18 - 16 - 22  [0.518] 56
Started game 69 of 10000 (Magic vs SeeFutility)
Finished game 55 (Magic vs SeeFutility): 1-0 {White wins by adjudication}
Score of Magic vs SeeFutility: 19 - 16 - 22  [0.526] 57
Started game 70 of 10000 (SeeFutility vs Magic)
Finished game 56 (SeeFutility vs Magic): 0-1 {Black wins by adjudication}
Score of Magic vs SeeFutility: 20 - 16 - 22  [0.534] 58
Started game 71 of 10000 (Magic vs SeeFutility)
Finished game 62 (SeeFutility vs Magic): 0-1 {Black wins by adjudication}
Score of Magic vs SeeFutility: 21 - 16 - 22  [0.542] 59
Started game 72 of 10000 (SeeFutility vs Magic)
Finished game 67 (Magic vs SeeFutility): 1/2-1/2 {Draw by 3-fold repetition}
Score of Magic vs SeeFutility: 21 - 16 - 23  [0.542] 60
Started game 73 of 10000 (Magic vs SeeFutility)
Finished game 66 (SeeFutility vs Magic): 1/2-1/2 {Draw by insufficient mating material}
Score of Magic vs SeeFutility: 21 - 16 - 24  [0.541] 61
Started game 74 of 10000 (SeeFutility vs Magic)
Finished game 63 (Magic vs SeeFutility): 0-1 {Black wins by adjudication}
Score of Magic vs SeeFutility: 21 - 17 - 24  [0.532] 62
Started game 75 of 10000 (Magic vs SeeFutility)
Finished game 61 (Magic vs SeeFutility): 1/2-1/2 {Draw by 3-fold repetition}
Score of Magic vs SeeFutility: 21 - 17 - 25  [0.532] 63
Started game 76 of 10000 (SeeFutility vs Magic)
Finished game 65 (Magic vs SeeFutility): 1-0 {White wins by adjudication}
Score of Magic vs SeeFutility: 22 - 17 - 25  [0.539] 64
Started game 77 of 10000 (Magic vs SeeFutility)
Finished game 54 (SeeFutility vs Magic): 0-1 {Black wins by adjudication}
Score of Magic vs SeeFutility: 23 - 17 - 25  [0.546] 65
Started game 78 of 10000 (SeeFutility vs Magic)
Finished game 64 (SeeFutility vs Magic): 1/2-1/2 {Draw by insufficient mating material}
Score of Magic vs SeeFutility: 23 - 17 - 26  [0.545] 66
Started game 79 of 10000 (Magic vs SeeFutility)
Finished game 71 (Magic vs SeeFutility): 1-0 {White wins by adjudication}
Score of Magic vs SeeFutility: 24 - 17 - 26  [0.552] 67
Started game 80 of 10000 (SeeFutility vs Magic)
Finished game 69 (Magic vs SeeFutility): 1-0 {White wins by adjudication}
Score of Magic vs SeeFutility: 25 - 17 - 26  [0.559] 68
Started game 81 of 10000 (Magic vs SeeFutility)
Finished game 60 (SeeFutility vs Magic): 1/2-1/2 {Draw by fifty moves rule}
Score of Magic vs SeeFutility: 25 - 17 - 27  [0.558] 69
Started game 82 of 10000 (SeeFutility vs Magic)
Finished game 68 (SeeFutility vs Magic): 1-0 {White wins by adjudication}
Score of Magic vs SeeFutility: 25 - 18 - 27  [0.550] 70
Started game 83 of 10000 (Magic vs SeeFutility)
Finished game 75 (Magic vs SeeFutility): 1/2-1/2 {Draw by adjudication}
Score of Magic vs SeeFutility: 25 - 18 - 28  [0.549] 71
Started game 84 of 10000 (SeeFutility vs Magic)
Finished game 70 (SeeFutility vs Magic): 1-0 {White wins by adjudication}
Score of Magic vs SeeFutility: 25 - 19 - 28  [0.542] 72
Started game 85 of 10000 (Magic vs SeeFutility)
Finished game 76 (SeeFutility vs Magic): 1/2-1/2 {Draw by 3-fold repetition}
Score of Magic vs SeeFutility: 25 - 19 - 29  [0.541] 73
Started game 86 of 10000 (SeeFutility vs Magic)
Finished game 74 (SeeFutility vs Magic): 0-1 {Black wins by adjudication}
Score of Magic vs SeeFutility: 26 - 19 - 29  [0.547] 74
Started game 87 of 10000 (Magic vs SeeFutility)
Finished game 78 (SeeFutility vs Magic): 0-1 {Black wins by adjudication}
Score of Magic vs SeeFutility: 27 - 19 - 29  [0.553] 75
Started game 88 of 10000 (SeeFutility vs Magic)
Finished game 79 (Magic vs SeeFutility): 1-0 {White wins by adjudication}
Score of Magic vs SeeFutility: 28 - 19 - 29  [0.559] 76
Started game 89 of 10000 (Magic vs SeeFutility)
Finished game 77 (Magic vs SeeFutility): 1-0 {White wins by adjudication}
Score of Magic vs SeeFutility: 29 - 19 - 29  [0.565] 77
Started game 90 of 10000 (SeeFutility vs Magic)
Finished game 80 (SeeFutility vs Magic): 0-1 {Black wins by adjudication}
Score of Magic vs SeeFutility: 30 - 19 - 29  [0.571] 78
Started game 91 of 10000 (Magic vs SeeFutility)
Finished game 72 (SeeFutility vs Magic): 1-0 {White wins by adjudication}
Score of Magic vs SeeFutility: 30 - 20 - 29  [0.563] 79
Started game 92 of 10000 (SeeFutility vs Magic)
Finished game 86 (SeeFutility vs Magic): 1/2-1/2 {Draw by 3-fold repetition}
Score of Magic vs SeeFutility: 30 - 20 - 30  [0.563] 80
Started game 93 of 10000 (Magic vs SeeFutility)
Finished game 82 (SeeFutility vs Magic): 1/2-1/2 {Draw by insufficient mating material}
Score of Magic vs SeeFutility: 30 - 20 - 31  [0.562] 81
Started game 94 of 10000 (SeeFutility vs Magic)
Finished game 81 (Magic vs SeeFutility): 1-0 {White wins by adjudication}
Score of Magic vs SeeFutility: 31 - 20 - 31  [0.567] 82
Started game 95 of 10000 (Magic vs SeeFutility)
Finished game 73 (Magic vs SeeFutility): 1/2-1/2 {Draw by fifty moves rule}
Score of Magic vs SeeFutility: 31 - 20 - 32  [0.566] 83
Started game 96 of 10000 (SeeFutility vs Magic)
Finished game 83 (Magic vs SeeFutility): 0-1 {Black wins by adjudication}
Score of Magic vs SeeFutility: 31 - 21 - 32  [0.560] 84
Started game 97 of 10000 (Magic vs SeeFutility)
Finished game 87 (Magic vs SeeFutility): 0-1 {Black wins by adjudication}
Score of Magic vs SeeFutility: 31 - 22 - 32  [0.553] 85
Started game 98 of 10000 (SeeFutility vs Magic)
Finished game 84 (SeeFutility vs Magic): 0-1 {Black wins by adjudication}
Score of Magic vs SeeFutility: 32 - 22 - 32  [0.558] 86
Started game 99 of 10000 (Magic vs SeeFutility)
Finished game 92 (SeeFutility vs Magic): 1/2-1/2 {Draw by 3-fold repetition}
Score of Magic vs SeeFutility: 32 - 22 - 33  [0.557] 87
Started game 100 of 10000 (SeeFutility vs Magic)
Finished game 88 (SeeFutility vs Magic): 1-0 {White wins by adjudication}
Score of Magic vs SeeFutility: 32 - 23 - 33  [0.551] 88
Started game 101 of 10000 (Magic vs SeeFutility)
Finished game 89 (Magic vs SeeFutility): 1-0 {White wins by adjudication}
Score of Magic vs SeeFutility: 33 - 23 - 33  [0.556] 89
Started game 102 of 10000 (SeeFutility vs Magic)
Finished game 98 (SeeFutility vs Magic): 1/2-1/2 {Draw by 3-fold repetition}
Score of Magic vs SeeFutility: 33 - 23 - 34  [0.556] 90
Started game 103 of 10000 (Magic vs SeeFutility)
Finished game 85 (Magic vs SeeFutility): 1-0 {White wins by adjudication}
Score of Magic vs SeeFutility: 34 - 23 - 34  [0.560] 91
Started game 104 of 10000 (SeeFutility vs Magic)
Finished game 90 (SeeFutility vs Magic): 1-0 {White wins by adjudication}
Score of Magic vs SeeFutility: 34 - 24 - 34  [0.554] 92
Started game 105 of 10000 (Magic vs SeeFutility)
Finished game 95 (Magic vs SeeFutility): 1-0 {White wins by adjudication}
Score of Magic vs SeeFutility: 35 - 24 - 34  [0.559] 93
Started game 106 of 10000 (SeeFutility vs Magic)
Finished game 96 (SeeFutility vs Magic): 1-0 {White wins by adjudication}
Score of Magic vs SeeFutility: 35 - 25 - 34  [0.553] 94
Started game 107 of 10000 (Magic vs SeeFutility)
Finished game 94 (SeeFutility vs Magic): 0-1 {Black wins by adjudication}
Score of Magic vs SeeFutility: 36 - 25 - 34  [0.558] 95
Started game 108 of 10000 (SeeFutility vs Magic)
Finished game 91 (Magic vs SeeFutility): 1/2-1/2 {Draw by insufficient mating material}
Score of Magic vs SeeFutility: 36 - 25 - 35  [0.557] 96
Started game 109 of 10000 (Magic vs SeeFutility)
Finished game 97 (Magic vs SeeFutility): 1-0 {White wins by adjudication}
Score of Magic vs SeeFutility: 37 - 25 - 35  [0.562] 97
Started game 110 of 10000 (SeeFutility vs Magic)
Finished game 93 (Magic vs SeeFutility): 0-1 {Black wins by adjudication}
Score of Magic vs SeeFutility: 37 - 26 - 35  [0.556] 98
Started game 111 of 10000 (Magic vs SeeFutility)
Finished game 99 (Magic vs SeeFutility): 1/2-1/2 {Draw by 3-fold repetition}
Score of Magic vs SeeFutility: 37 - 26 - 36  [0.556] 99
Started game 112 of 10000 (SeeFutility vs Magic)
Finished game 100 (SeeFutility vs Magic): 1/2-1/2 {Draw by insufficient mating material}
Score of Magic vs SeeFutility: 37 - 26 - 37  [0.555] 100
Started game 113 of 10000 (Magic vs SeeFutility)
Finished game 101 (Magic vs SeeFutility): 1-0 {White wins by adjudication}
Score of Magic vs SeeFutility: 38 - 26 - 37  [0.559] 101
Started game 114 of 10000 (SeeFutility vs Magic)
Finished game 105 (Magic vs SeeFutility): 1-0 {White wins by adjudication}
Score of Magic vs SeeFutility: 39 - 26 - 37  [0.564] 102
Started game 115 of 10000 (Magic vs SeeFutility)
Finished game 102 (SeeFutility vs Magic): 1-0 {White wins by adjudication}
Score of Magic vs SeeFutility: 39 - 27 - 37  [0.558] 103
Started game 116 of 10000 (SeeFutility vs Magic)
Finished game 108 (SeeFutility vs Magic): 1-0 {White wins by adjudication}
Score of Magic vs SeeFutility: 39 - 28 - 37  [0.553] 104
Started game 117 of 10000 (Magic vs SeeFutility)
Finished game 103 (Magic vs SeeFutility): 1-0 {White wins by adjudication}
Score of Magic vs SeeFutility: 40 - 28 - 37  [0.557] 105
Started game 118 of 10000 (SeeFutility vs Magic)
Finished game 107 (Magic vs SeeFutility): 1/2-1/2 {Draw by 3-fold repetition}
Score of Magic vs SeeFutility: 40 - 28 - 38  [0.557] 106
Started game 119 of 10000 (Magic vs SeeFutility)
Finished game 104 (SeeFutility vs Magic): 1-0 {White wins by adjudication}
Score of Magic vs SeeFutility: 40 - 29 - 38  [0.551] 107
Started game 120 of 10000 (SeeFutility vs Magic)
Finished game 110 (SeeFutility vs Magic): 1-0 {White wins by adjudication}
Score of Magic vs SeeFutility: 40 - 30 - 38  [0.546] 108
Started game 121 of 10000 (Magic vs SeeFutility)
Finished game 109 (Magic vs SeeFutility): 1-0 {White wins by adjudication}
Score of Magic vs SeeFutility: 41 - 30 - 38  [0.550] 109
Started game 122 of 10000 (SeeFutility vs Magic)
Finished game 112 (SeeFutility vs Magic): 0-1 {Black wins by adjudication}
Score of Magic vs SeeFutility: 42 - 30 - 38  [0.555] 110
Started game 123 of 10000 (Magic vs SeeFutility)
Finished game 111 (Magic vs SeeFutility): 1/2-1/2 {Draw by 3-fold repetition}
Score of Magic vs SeeFutility: 42 - 30 - 39  [0.554] 111
Started game 124 of 10000 (SeeFutility vs Magic)
Finished game 106 (SeeFutility vs Magic): 1/2-1/2 {Draw by insufficient mating material}
Score of Magic vs SeeFutility: 42 - 30 - 40  [0.554] 112
Started game 125 of 10000 (Magic vs SeeFutility)
Finished game 114 (SeeFutility vs Magic): 1-0 {White wins by adjudication}
Score of Magic vs SeeFutility: 42 - 31 - 40  [0.549] 113
Started game 126 of 10000 (SeeFutility vs Magic)
Finished game 113 (Magic vs SeeFutility): 1/2-1/2 {Draw by adjudication}
Score of Magic vs SeeFutility: 42 - 31 - 41  [0.548] 114
Started game 127 of 10000 (Magic vs SeeFutility)
Finished game 115 (Magic vs SeeFutility): 1/2-1/2 {Draw by 3-fold repetition}
Score of Magic vs SeeFutility: 42 - 31 - 42  [0.548] 115
Started game 128 of 10000 (SeeFutility vs Magic)
Finished game 117 (Magic vs SeeFutility): 1-0 {White wins by adjudication}
Score of Magic vs SeeFutility: 43 - 31 - 42  [0.552] 116
Started game 129 of 10000 (Magic vs SeeFutility)
Finished game 118 (SeeFutility vs Magic): 0-1 {Black wins by adjudication}
Score of Magic vs SeeFutility: 44 - 31 - 42  [0.556] 117
Started game 130 of 10000 (SeeFutility vs Magic)
Finished game 119 (Magic vs SeeFutility): 1/2-1/2 {Draw by 3-fold repetition}
Score of Magic vs SeeFutility: 44 - 31 - 43  [0.555] 118
Started game 131 of 10000 (Magic vs SeeFutility)
Finished game 120 (SeeFutility vs Magic): 1/2-1/2 {Draw by 3-fold repetition}
Score of Magic vs SeeFutility: 44 - 31 - 44  [0.555] 119
Started game 132 of 10000 (SeeFutility vs Magic)
Finished game 121 (Magic vs SeeFutility): 0-1 {Black wins by adjudication}
Score of Magic vs SeeFutility: 44 - 32 - 44  [0.550] 120
Started game 133 of 10000 (Magic vs SeeFutility)
Finished game 116 (SeeFutility vs Magic): 1-0 {White wins by adjudication}
Score of Magic vs SeeFutility: 44 - 33 - 44  [0.545] 121
Started game 134 of 10000 (SeeFutility vs Magic)
Finished game 125 (Magic vs SeeFutility): 1-0 {White wins by adjudication}
Score of Magic vs SeeFutility: 45 - 33 - 44  [0.549] 122
Started game 135 of 10000 (Magic vs SeeFutility)
Finished game 126 (SeeFutility vs Magic): 1-0 {White wins by adjudication}
Score of Magic vs SeeFutility: 45 - 34 - 44  [0.545] 123
Started game 136 of 10000 (SeeFutility vs Magic)
Finished game 122 (SeeFutility vs Magic): 1-0 {White wins by adjudication}
Score of Magic vs SeeFutility: 45 - 35 - 44  [0.540] 124
Started game 137 of 10000 (Magic vs SeeFutility)
Finished game 128 (SeeFutility vs Magic): 1/2-1/2 {Draw by 3-fold repetition}
Score of Magic vs SeeFutility: 45 - 35 - 45  [0.540] 125
Started game 138 of 10000 (SeeFutility vs Magic)
Finished game 123 (Magic vs SeeFutility): 1-0 {White wins by adjudication}
Score of Magic vs SeeFutility: 46 - 35 - 45  [0.544] 126
Started game 139 of 10000 (Magic vs SeeFutility)
Finished game 124 (SeeFutility vs Magic): 0-1 {Black wins by adjudication}
Score of Magic vs SeeFutility: 47 - 35 - 45  [0.547] 127
Started game 140 of 10000 (SeeFutility vs Magic)
Finished game 131 (Magic vs SeeFutility): 1/2-1/2 {Draw by 3-fold repetition}
Score of Magic vs SeeFutility: 47 - 35 - 46  [0.547] 128
Started game 141 of 10000 (Magic vs SeeFutility)
Finished game 133 (Magic vs SeeFutility): 1/2-1/2 {Draw by 3-fold repetition}
Score of Magic vs SeeFutility: 47 - 35 - 47  [0.547] 129
Started game 142 of 10000 (SeeFutility vs Magic)
Finished game 129 (Magic vs SeeFutility): 1-0 {White wins by adjudication}
Score of Magic vs SeeFutility: 48 - 35 - 47  [0.550] 130
Started game 143 of 10000 (Magic vs SeeFutility)
Finished game 130 (SeeFutility vs Magic): 1/2-1/2 {Draw by insufficient mating material}
Score of Magic vs SeeFutility: 48 - 35 - 48  [0.550] 131
Started game 144 of 10000 (SeeFutility vs Magic)
Finished game 132 (SeeFutility vs Magic): 0-1 {Black wins by adjudication}
Score of Magic vs SeeFutility: 49 - 35 - 48  [0.553] 132
Started game 145 of 10000 (Magic vs SeeFutility)
Finished game 136 (SeeFutility vs Magic): 1-0 {White wins by adjudication}
Score of Magic vs SeeFutility: 49 - 36 - 48  [0.549] 133
Started game 146 of 10000 (SeeFutility vs Magic)
Finished game 135 (Magic vs SeeFutility): 1-0 {White wins by adjudication}
Score of Magic vs SeeFutility: 50 - 36 - 48  [0.552] 134
Started game 147 of 10000 (Magic vs SeeFutility)
Finished game 142 (SeeFutility vs Magic): 1/2-1/2 {Draw by 3-fold repetition}
Score of Magic vs SeeFutility: 50 - 36 - 49  [0.552] 135
Started game 148 of 10000 (SeeFutility vs Magic)
Finished game 134 (SeeFutility vs Magic): 0-1 {Black wins by adjudication}
Score of Magic vs SeeFutility: 51 - 36 - 49  [0.555] 136
Started game 149 of 10000 (Magic vs SeeFutility)
Finished game 127 (Magic vs SeeFutility): 1/2-1/2 {Draw by insufficient mating material}
Score of Magic vs SeeFutility: 51 - 36 - 50  [0.555] 137
Started game 150 of 10000 (SeeFutility vs Magic)
Finished game 137 (Magic vs SeeFutility): 0-1 {Black wins by adjudication}
Score of Magic vs SeeFutility: 51 - 37 - 50  [0.551] 138
Started game 151 of 10000 (Magic vs SeeFutility)
Finished game 139 (Magic vs SeeFutility): 1/2-1/2 {Draw by 3-fold repetition}
Score of Magic vs SeeFutility: 51 - 37 - 51  [0.550] 139
Started game 152 of 10000 (SeeFutility vs Magic)
Finished game 138 (SeeFutility vs Magic): 0-1 {Black wins by adjudication}
Score of Magic vs SeeFutility: 52 - 37 - 51  [0.554] 140
Started game 153 of 10000 (Magic vs SeeFutility)
Finished game 140 (SeeFutility vs Magic): 1/2-1/2 {Draw by insufficient mating material}
Score of Magic vs SeeFutility: 52 - 37 - 52  [0.553] 141
Started game 154 of 10000 (SeeFutility vs Magic)
Finished game 141 (Magic vs SeeFutility): 1-0 {White wins by adjudication}
Score of Magic vs SeeFutility: 53 - 37 - 52  [0.556] 142
Started game 155 of 10000 (Magic vs SeeFutility)
Finished game 144 (SeeFutility vs Magic): 1-0 {White wins by adjudication}
Score of Magic vs SeeFutility: 53 - 38 - 52  [0.552] 143
Started game 156 of 10000 (SeeFutility vs Magic)
Finished game 152 (SeeFutility vs Magic): 1/2-1/2 {Draw by 3-fold repetition}
Score of Magic vs SeeFutility: 53 - 38 - 53  [0.552] 144
Started game 157 of 10000 (Magic vs SeeFutility)
Finished game 150 (SeeFutility vs Magic): 1/2-1/2 {Draw by insufficient mating material}
Score of Magic vs SeeFutility: 53 - 38 - 54  [0.552] 145
Started game 158 of 10000 (SeeFutility vs Magic)
Finished game 145 (Magic vs SeeFutility): 1-0 {White wins by adjudication}
Score of Magic vs SeeFutility: 54 - 38 - 54  [0.555] 146
Started game 159 of 10000 (Magic vs SeeFutility)
Finished game 143 (Magic vs SeeFutility): 1/2-1/2 {Draw by adjudication}
Score of Magic vs SeeFutility: 54 - 38 - 55  [0.554] 147
Started game 160 of 10000 (SeeFutility vs Magic)
Finished game 151 (Magic vs SeeFutility): 1/2-1/2 {Draw by stalemate}
Score of Magic vs SeeFutility: 54 - 38 - 56  [0.554] 148
Started game 161 of 10000 (Magic vs SeeFutility)
Finished game 148 (SeeFutility vs Magic): 1-0 {White wins by adjudication}
Score of Magic vs SeeFutility: 54 - 39 - 56  [0.550] 149
Started game 162 of 10000 (SeeFutility vs Magic)
Finished game 146 (SeeFutility vs Magic): 0-1 {Black wins by adjudication}
Score of Magic vs SeeFutility: 55 - 39 - 56  [0.553] 150
Started game 163 of 10000 (Magic vs SeeFutility)
Finished game 149 (Magic vs SeeFutility): 1-0 {White wins by adjudication}
Score of Magic vs SeeFutility: 56 - 39 - 56  [0.556] 151
Started game 164 of 10000 (SeeFutility vs Magic)
Finished game 153 (Magic vs SeeFutility): 1/2-1/2 {Draw by 3-fold repetition}
Score of Magic vs SeeFutility: 56 - 39 - 57  [0.556] 152
Started game 165 of 10000 (Magic vs SeeFutility)
Finished game 154 (SeeFutility vs Magic): 1/2-1/2 {Draw by 3-fold repetition}
Score of Magic vs SeeFutility: 56 - 39 - 58  [0.556] 153
Started game 166 of 10000 (SeeFutility vs Magic)
Finished game 161 (Magic vs SeeFutility): 1-0 {White wins by adjudication}
Score of Magic vs SeeFutility: 57 - 39 - 58  [0.558] 154
Started game 167 of 10000 (Magic vs SeeFutility)
Finished game 156 (SeeFutility vs Magic): 1/2-1/2 {Draw by adjudication}
Score of Magic vs SeeFutility: 57 - 39 - 59  [0.558] 155
Started game 168 of 10000 (SeeFutility vs Magic)
Finished game 147 (Magic vs SeeFutility): 1/2-1/2 {Draw by 3-fold repetition}
Score of Magic vs SeeFutility: 57 - 39 - 60  [0.558] 156
Started game 169 of 10000 (Magic vs SeeFutility)
Finished game 158 (SeeFutility vs Magic): 1/2-1/2 {Draw by 3-fold repetition}
Score of Magic vs SeeFutility: 57 - 39 - 61  [0.557] 157
Started game 170 of 10000 (SeeFutility vs Magic)
Finished game 159 (Magic vs SeeFutility): 0-1 {Black wins by adjudication}
Score of Magic vs SeeFutility: 57 - 40 - 61  [0.554] 158
Started game 171 of 10000 (Magic vs SeeFutility)
Finished game 157 (Magic vs SeeFutility): 1-0 {White wins by adjudication}
Score of Magic vs SeeFutility: 58 - 40 - 61  [0.557] 159
Started game 172 of 10000 (SeeFutility vs Magic)
Finished game 162 (SeeFutility vs Magic): 1-0 {White wins by adjudication}
Score of Magic vs SeeFutility: 58 - 41 - 61  [0.553] 160
Started game 173 of 10000 (Magic vs SeeFutility)
Finished game 155 (Magic vs SeeFutility): 1/2-1/2 {Draw by insufficient mating material}
Score of Magic vs SeeFutility: 58 - 41 - 62  [0.553] 161
Started game 174 of 10000 (SeeFutility vs Magic)
Finished game 173 (Magic vs SeeFutility): 1-0 {White wins by adjudication}
Score of Magic vs SeeFutility: 59 - 41 - 62  [0.556] 162
Started game 175 of 10000 (Magic vs SeeFutility)
Finished game 174 (SeeFutility vs Magic): 1-0 {White wins by adjudication}
Score of Magic vs SeeFutility: 59 - 42 - 62  [0.552] 163
Started game 176 of 10000 (SeeFutility vs Magic)
Finished game 164 (SeeFutility vs Magic): 1-0 {White wins by adjudication}
Score of Magic vs SeeFutility: 59 - 43 - 62  [0.549] 164
Started game 177 of 10000 (Magic vs SeeFutility)
Finished game 163 (Magic vs SeeFutility): 1-0 {White wins by adjudication}
Score of Magic vs SeeFutility: 60 - 43 - 62  [0.552] 165
Started game 178 of 10000 (SeeFutility vs Magic)
Finished game 168 (SeeFutility vs Magic): 0-1 {Black wins by adjudication}
Score of Magic vs SeeFutility: 61 - 43 - 62  [0.554] 166
Started game 179 of 10000 (Magic vs SeeFutility)
Finished game 169 (Magic vs SeeFutility): 1/2-1/2 {Draw by 3-fold repetition}
Score of Magic vs SeeFutility: 61 - 43 - 63  [0.554] 167
Started game 180 of 10000 (SeeFutility vs Magic)
Finished game 170 (SeeFutility vs Magic): 0-1 {Black wins by adjudication}
Score of Magic vs SeeFutility: 62 - 43 - 63  [0.557] 168
Started game 181 of 10000 (Magic vs SeeFutility)
Finished game 166 (SeeFutility vs Magic): 0-1 {Black wins by adjudication}
Score of Magic vs SeeFutility: 63 - 43 - 63  [0.559] 169
Started game 182 of 10000 (SeeFutility vs Magic)
Finished game 160 (SeeFutility vs Magic): 1/2-1/2 {Draw by fifty moves rule}
Score of Magic vs SeeFutility: 63 - 43 - 64  [0.559] 170
Started game 183 of 10000 (Magic vs SeeFutility)
Finished game 175 (Magic vs SeeFutility): 1/2-1/2 {Draw by 3-fold repetition}
Score of Magic vs SeeFutility: 63 - 43 - 65  [0.558] 171
Started game 184 of 10000 (SeeFutility vs Magic)
Finished game 171 (Magic vs SeeFutility): 1/2-1/2 {Draw by adjudication}
Score of Magic vs SeeFutility: 63 - 43 - 66  [0.558] 172
Started game 185 of 10000 (Magic vs SeeFutility)
Finished game 165 (Magic vs SeeFutility): 1/2-1/2 {Draw by fifty moves rule}
Score of Magic vs SeeFutility: 63 - 43 - 67  [0.558] 173
Started game 186 of 10000 (SeeFutility vs Magic)
Finished game 167 (Magic vs SeeFutility): 1/2-1/2 {Draw by insufficient mating material}
Score of Magic vs SeeFutility: 63 - 43 - 68  [0.557] 174
Started game 187 of 10000 (Magic vs SeeFutility)
Finished game 176 (SeeFutility vs Magic): 0-1 {Black wins by adjudication}
Score of Magic vs SeeFutility: 64 - 43 - 68  [0.560] 175
Started game 188 of 10000 (SeeFutility vs Magic)
Finished game 172 (SeeFutility vs Magic): 0-1 {Black wins by adjudication}
Score of Magic vs SeeFutility: 65 - 43 - 68  [0.563] 176
Started game 189 of 10000 (Magic vs SeeFutility)
Finished game 178 (SeeFutility vs Magic): 1-0 {White wins by adjudication}
Score of Magic vs SeeFutility: 65 - 44 - 68  [0.559] 177
Started game 190 of 10000 (SeeFutility vs Magic)
Finished game 183 (Magic vs SeeFutility): 1-0 {White wins by adjudication}
Score of Magic vs SeeFutility: 66 - 44 - 68  [0.562] 178
Started game 191 of 10000 (Magic vs SeeFutility)
Finished game 181 (Magic vs SeeFutility): 1/2-1/2 {Draw by 3-fold repetition}
Score of Magic vs SeeFutility: 66 - 44 - 69  [0.561] 179
Started game 192 of 10000 (SeeFutility vs Magic)
Finished game 179 (Magic vs SeeFutility): 1-0 {White wins by adjudication}
Score of Magic vs SeeFutility: 67 - 44 - 69  [0.564] 180
Started game 193 of 10000 (Magic vs SeeFutility)
Finished game 177 (Magic vs SeeFutility): 1/2-1/2 {Draw by insufficient mating material}
Score of Magic vs SeeFutility: 67 - 44 - 70  [0.564] 181
Started game 194 of 10000 (SeeFutility vs Magic)
Finished game 182 (SeeFutility vs Magic): 1-0 {White wins by adjudication}
Score of Magic vs SeeFutility: 67 - 45 - 70  [0.560] 182
Started game 195 of 10000 (Magic vs SeeFutility)
Finished game 186 (SeeFutility vs Magic): 1-0 {White wins by adjudication}
Score of Magic vs SeeFutility: 67 - 46 - 70  [0.557] 183
Started game 196 of 10000 (SeeFutility vs Magic)
Finished game 180 (SeeFutility vs Magic): 0-1 {Black mates}
Score of Magic vs SeeFutility: 68 - 46 - 70  [0.560] 184
Started game 197 of 10000 (Magic vs SeeFutility)
Finished game 185 (Magic vs SeeFutility): 1-0 {White wins by adjudication}
Score of Magic vs SeeFutility: 69 - 46 - 70  [0.562] 185
Started game 198 of 10000 (SeeFutility vs Magic)
Finished game 188 (SeeFutility vs Magic): 0-1 {Black wins by adjudication}
Score of Magic vs SeeFutility: 70 - 46 - 70  [0.565] 186
Started game 199 of 10000 (Magic vs SeeFutility)
Finished game 192 (SeeFutility vs Magic): 1/2-1/2 {Draw by 3-fold repetition}
Score of Magic vs SeeFutility: 70 - 46 - 71  [0.564] 187
Started game 200 of 10000 (SeeFutility vs Magic)
Finished game 187 (Magic vs SeeFutility): 0-1 {Black wins by adjudication}
Score of Magic vs SeeFutility: 70 - 47 - 71  [0.561] 188
Started game 201 of 10000 (Magic vs SeeFutility)
Finished game 190 (SeeFutility vs Magic): 1/2-1/2 {Draw by 3-fold repetition}
Score of Magic vs SeeFutility: 70 - 47 - 72  [0.561] 189
Started game 202 of 10000 (SeeFutility vs Magic)
Finished game 189 (Magic vs SeeFutility): 1-0 {White wins by adjudication}
Score of Magic vs SeeFutility: 71 - 47 - 72  [0.563] 190
Started game 203 of 10000 (Magic vs SeeFutility)
Finished game 191 (Magic vs SeeFutility): 1-0 {White wins by adjudication}
Score of Magic vs SeeFutility: 72 - 47 - 72  [0.565] 191
Started game 204 of 10000 (SeeFutility vs Magic)
Finished game 184 (SeeFutility vs Magic): 0-1 {Black mates}
Score of Magic vs SeeFutility: 73 - 47 - 72  [0.568] 192
Started game 205 of 10000 (Magic vs SeeFutility)
Finished game 199 (Magic vs SeeFutility): 1/2-1/2 {Draw by 3-fold repetition}
Score of Magic vs SeeFutility: 73 - 47 - 73  [0.567] 193
Started game 206 of 10000 (SeeFutility vs Magic)
Finished game 193 (Magic vs SeeFutility): 1/2-1/2 {Draw by insufficient mating material}
Score of Magic vs SeeFutility: 73 - 47 - 74  [0.567] 194
Started game 207 of 10000 (Magic vs SeeFutility)
Finished game 195 (Magic vs SeeFutility): 1-0 {White wins by adjudication}
Score of Magic vs SeeFutility: 74 - 47 - 74  [0.569] 195
Started game 208 of 10000 (SeeFutility vs Magic)
Finished game 194 (SeeFutility vs Magic): 1/2-1/2 {Draw by adjudication}
Score of Magic vs SeeFutility: 74 - 47 - 75  [0.569] 196
Started game 209 of 10000 (Magic vs SeeFutility)
Finished game 197 (Magic vs SeeFutility): 1/2-1/2 {Draw by 3-fold repetition}
Score of Magic vs SeeFutility: 74 - 47 - 76  [0.569] 197
Started game 210 of 10000 (SeeFutility vs Magic)
Finished game 198 (SeeFutility vs Magic): 1-0 {White wins by adjudication}
Score of Magic vs SeeFutility: 74 - 48 - 76  [0.566] 198
Started game 211 of 10000 (Magic vs SeeFutility)
Finished game 204 (SeeFutility vs Magic): 0-1 {Black wins by adjudication}
Score of Magic vs SeeFutility: 75 - 48 - 76  [0.568] 199
Started game 212 of 10000 (SeeFutility vs Magic)
Finished game 208 (SeeFutility vs Magic): 1/2-1/2 {Draw by 3-fold repetition}
Score of Magic vs SeeFutility: 75 - 48 - 77  [0.568] 200
Started game 213 of 10000 (Magic vs SeeFutility)
Finished game 196 (SeeFutility vs Magic): 1-0 {White wins by adjudication}
Score of Magic vs SeeFutility: 75 - 49 - 77  [0.565] 201
Started game 214 of 10000 (SeeFutility vs Magic)
Finished game 202 (SeeFutility vs Magic): 1-0 {White wins by adjudication}
Score of Magic vs SeeFutility: 75 - 50 - 77  [0.562] 202
Started game 215 of 10000 (Magic vs SeeFutility)
Finished game 201 (Magic vs SeeFutility): 1/2-1/2 {Draw by 3-fold repetition}
Score of Magic vs SeeFutility: 75 - 50 - 78  [0.562] 203
Started game 216 of 10000 (SeeFutility vs Magic)
Finished game 205 (Magic vs SeeFutility): 0-1 {Black wins by adjudication}
Score of Magic vs SeeFutility: 75 - 51 - 78  [0.559] 204
Started game 217 of 10000 (Magic vs SeeFutility)
Finished game 200 (SeeFutility vs Magic): 1/2-1/2 {Draw by insufficient mating material}
Score of Magic vs SeeFutility: 75 - 51 - 79  [0.559] 205
Started game 218 of 10000 (SeeFutility vs Magic)
Finished game 207 (Magic vs SeeFutility): 1/2-1/2 {Draw by adjudication}
Score of Magic vs SeeFutility: 75 - 51 - 80  [0.558] 206
Started game 219 of 10000 (Magic vs SeeFutility)
Finished game 203 (Magic vs SeeFutility): 1/2-1/2 {Draw by 3-fold repetition}
Score of Magic vs SeeFutility: 75 - 51 - 81  [0.558] 207
Started game 220 of 10000 (SeeFutility vs Magic)
Finished game 209 (Magic vs SeeFutility): 1/2-1/2 {Draw by insufficient mating material}
Score of Magic vs SeeFutility: 75 - 51 - 82  [0.558] 208
Started game 221 of 10000 (Magic vs SeeFutility)
Finished game 211 (Magic vs SeeFutility): 1/2-1/2 {Draw by 3-fold repetition}
Score of Magic vs SeeFutility: 75 - 51 - 83  [0.557] 209
Started game 222 of 10000 (SeeFutility vs Magic)
Finished game 206 (SeeFutility vs Magic): 1-0 {White wins by adjudication}
Score of Magic vs SeeFutility: 75 - 52 - 83  [0.555] 210
Started game 223 of 10000 (Magic vs SeeFutility)
Finished game 210 (SeeFutility vs Magic): 0-1 {Black wins by adjudication}
Score of Magic vs SeeFutility: 76 - 52 - 83  [0.557] 211
Started game 224 of 10000 (SeeFutility vs Magic)
Finished game 217 (Magic vs SeeFutility): 1-0 {White wins by adjudication}
Score of Magic vs SeeFutility: 77 - 52 - 83  [0.559] 212
Started game 225 of 10000 (Magic vs SeeFutility)
Finished game 212 (SeeFutility vs Magic): 1-0 {White wins by adjudication}
Score of Magic vs SeeFutility: 77 - 53 - 83  [0.556] 213
Started game 226 of 10000 (SeeFutility vs Magic)
Finished game 218 (SeeFutility vs Magic): 1-0 {White wins by adjudication}
Score of Magic vs SeeFutility: 77 - 54 - 83  [0.554] 214
Started game 227 of 10000 (Magic vs SeeFutility)
Finished game 214 (SeeFutility vs Magic): 1-0 {White wins by adjudication}
Score of Magic vs SeeFutility: 77 - 55 - 83  [0.551] 215
Started game 228 of 10000 (SeeFutility vs Magic)
Finished game 215 (Magic vs SeeFutility): 0-1 {Black wins by adjudication}
Score of Magic vs SeeFutility: 77 - 56 - 83  [0.549] 216
Started game 229 of 10000 (Magic vs SeeFutility)
Finished game 216 (SeeFutility vs Magic): 1/2-1/2 {Draw by insufficient mating material}
Score of Magic vs SeeFutility: 77 - 56 - 84  [0.548] 217
Started game 230 of 10000 (SeeFutility vs Magic)
Finished game 224 (SeeFutility vs Magic): 1/2-1/2 {Draw by 3-fold repetition}
Score of Magic vs SeeFutility: 77 - 56 - 85  [0.548] 218
Started game 231 of 10000 (Magic vs SeeFutility)
Finished game 222 (SeeFutility vs Magic): 0-1 {Black wins by adjudication}
Score of Magic vs SeeFutility: 78 - 56 - 85  [0.550] 219
Started game 232 of 10000 (SeeFutility vs Magic)
Finished game 221 (Magic vs SeeFutility): 0-1 {Black wins by adjudication}
Score of Magic vs SeeFutility: 78 - 57 - 85  [0.548] 220
Started game 233 of 10000 (Magic vs SeeFutility)
Finished game 223 (Magic vs SeeFutility): 1-0 {White wins by adjudication}
Score of Magic vs SeeFutility: 79 - 57 - 85  [0.550] 221
Started game 234 of 10000 (SeeFutility vs Magic)
Finished game 229 (Magic vs SeeFutility): 1/2-1/2 {Draw by 3-fold repetition}
Score of Magic vs SeeFutility: 79 - 57 - 86  [0.550] 222
Started game 235 of 10000 (Magic vs SeeFutility)
Finished game 220 (SeeFutility vs Magic): 1/2-1/2 {Draw by 3-fold repetition}
Score of Magic vs SeeFutility: 79 - 57 - 87  [0.549] 223
Started game 236 of 10000 (SeeFutility vs Magic)
Finished game 226 (SeeFutility vs Magic): 1-0 {White wins by adjudication}
Score of Magic vs SeeFutility: 79 - 58 - 87  [0.547] 224
Started game 237 of 10000 (Magic vs SeeFutility)
Finished game 213 (Magic vs SeeFutility): 1/2-1/2 {Draw by 3-fold repetition}
Score of Magic vs SeeFutility: 79 - 58 - 88  [0.547] 225
Started game 238 of 10000 (SeeFutility vs Magic)
Finished game 225 (Magic vs SeeFutility): 1-0 {White wins by adjudication}
Score of Magic vs SeeFutility: 80 - 58 - 88  [0.549] 226
Started game 239 of 10000 (Magic vs SeeFutility)
Finished game 228 (SeeFutility vs Magic): 1/2-1/2 {Draw by 3-fold repetition}
Score of Magic vs SeeFutility: 80 - 58 - 89  [0.548] 227
Started game 240 of 10000 (SeeFutility vs Magic)
Finished game 219 (Magic vs SeeFutility): 1/2-1/2 {Draw by fifty moves rule}
Score of Magic vs SeeFutility: 80 - 58 - 90  [0.548] 228
Started game 241 of 10000 (Magic vs SeeFutility)
Finished game 227 (Magic vs SeeFutility): 1-0 {White wins by adjudication}
Score of Magic vs SeeFutility: 81 - 58 - 90  [0.550] 229
Started game 242 of 10000 (SeeFutility vs Magic)
Finished game 241 (Magic vs SeeFutility): 1/2-1/2 {Draw by 3-fold repetition}
Score of Magic vs SeeFutility: 81 - 58 - 91  [0.550] 230
Started game 243 of 10000 (Magic vs SeeFutility)
Finished game 231 (Magic vs SeeFutility): 1-0 {White wins by adjudication}
Score of Magic vs SeeFutility: 82 - 58 - 91  [0.552] 231
Started game 244 of 10000 (SeeFutility vs Magic)
Finished game 242 (SeeFutility vs Magic): 1/2-1/2 {Draw by 3-fold repetition}
Score of Magic vs SeeFutility: 82 - 58 - 92  [0.552] 232
Started game 245 of 10000 (Magic vs SeeFutility)
Finished game 230 (SeeFutility vs Magic): 0-1 {Black wins by adjudication}
Score of Magic vs SeeFutility: 83 - 58 - 92  [0.554] 233
Started game 246 of 10000 (SeeFutility vs Magic)
Finished game 234 (SeeFutility vs Magic): 1/2-1/2 {Draw by adjudication}
Score of Magic vs SeeFutility: 83 - 58 - 93  [0.553] 234
Started game 247 of 10000 (Magic vs SeeFutility)
Finished game 235 (Magic vs SeeFutility): 1/2-1/2 {Draw by 3-fold repetition}
Score of Magic vs SeeFutility: 83 - 58 - 94  [0.553] 235
Started game 248 of 10000 (SeeFutility vs Magic)
Finished game 238 (SeeFutility vs Magic): 1/2-1/2 {Draw by 3-fold repetition}
Score of Magic vs SeeFutility: 83 - 58 - 95  [0.553] 236
Started game 249 of 10000 (Magic vs SeeFutility)
Finished game 233 (Magic vs SeeFutility): 0-1 {Black wins by adjudication}
Score of Magic vs SeeFutility: 83 - 59 - 95  [0.551] 237
Started game 250 of 10000 (SeeFutility vs Magic)
Finished game 240 (SeeFutility vs Magic): 0-1 {Black wins by adjudication}
Score of Magic vs SeeFutility: 84 - 59 - 95  [0.553] 238
Started game 251 of 10000 (Magic vs SeeFutility)
Finished game 236 (SeeFutility vs Magic): 0-1 {Black wins by adjudication}
Score of Magic vs SeeFutility: 85 - 59 - 95  [0.554] 239
Started game 252 of 10000 (SeeFutility vs Magic)
Finished game 247 (Magic vs SeeFutility): 1/2-1/2 {Draw by 3-fold repetition}
Score of Magic vs SeeFutility: 85 - 59 - 96  [0.554] 240
Started game 253 of 10000 (Magic vs SeeFutility)
Finished game 237 (Magic vs SeeFutility): 0-1 {Black wins by adjudication}
Score of Magic vs SeeFutility: 85 - 60 - 96  [0.552] 241
Started game 254 of 10000 (SeeFutility vs Magic)
Finished game 239 (Magic vs SeeFutility): 0-1 {Black wins by adjudication}
Score of Magic vs SeeFutility: 85 - 61 - 96  [0.550] 242
Started game 255 of 10000 (Magic vs SeeFutility)
Finished game 243 (Magic vs SeeFutility): 1-0 {White wins by adjudication}
Score of Magic vs SeeFutility: 86 - 61 - 96  [0.551] 243
Started game 256 of 10000 (SeeFutility vs Magic)
Finished game 245 (Magic vs SeeFutility): 1/2-1/2 {Draw by 3-fold repetition}
Score of Magic vs SeeFutility: 86 - 61 - 97  [0.551] 244
Started game 257 of 10000 (Magic vs SeeFutility)
Finished game 244 (SeeFutility vs Magic): 1-0 {White wins by adjudication}
Score of Magic vs SeeFutility: 86 - 62 - 97  [0.549] 245
Started game 258 of 10000 (SeeFutility vs Magic)
Finished game 232 (SeeFutility vs Magic): 1/2-1/2 {Draw by 3-fold repetition}
Score of Magic vs SeeFutility: 86 - 62 - 98  [0.549] 246
Started game 259 of 10000 (Magic vs SeeFutility)
Finished game 246 (SeeFutility vs Magic): 1/2-1/2 {Draw by adjudication}
Score of Magic vs SeeFutility: 86 - 62 - 99  [0.549] 247
Started game 260 of 10000 (SeeFutility vs Magic)
Finished game 249 (Magic vs SeeFutility): 0-1 {Black wins by adjudication}
Score of Magic vs SeeFutility: 86 - 63 - 99  [0.546] 248
Started game 261 of 10000 (Magic vs SeeFutility)
Finished game 252 (SeeFutility vs Magic): 0-1 {Black wins by adjudication}
Score of Magic vs SeeFutility: 87 - 63 - 99  [0.548] 249
Started game 262 of 10000 (SeeFutility vs Magic)
Finished game 251 (Magic vs SeeFutility): 1-0 {White wins by adjudication}
Score of Magic vs SeeFutility: 88 - 63 - 99  [0.550] 250
Started game 263 of 10000 (Magic vs SeeFutility)
Finished game 248 (SeeFutility vs Magic): 0-1 {Black wins by adjudication}
Score of Magic vs SeeFutility: 89 - 63 - 99  [0.552] 251
Started game 264 of 10000 (SeeFutility vs Magic)
Finished game 253 (Magic vs SeeFutility): 1-0 {White wins by adjudication}
Score of Magic vs SeeFutility: 90 - 63 - 99  [0.554] 252
Started game 265 of 10000 (Magic vs SeeFutility)
Finished game 250 (SeeFutility vs Magic): 1/2-1/2 {Draw by adjudication}
Score of Magic vs SeeFutility: 90 - 63 - 100  [0.553] 253
Started game 266 of 10000 (SeeFutility vs Magic)
Finished game 254 (SeeFutility vs Magic): 0-1 {Black wins by adjudication}
Score of Magic vs SeeFutility: 91 - 63 - 100  [0.555] 254
Started game 267 of 10000 (Magic vs SeeFutility)
Finished game 255 (Magic vs SeeFutility): 1-0 {White wins by adjudication}
Score of Magic vs SeeFutility: 92 - 63 - 100  [0.557] 255
Started game 268 of 10000 (SeeFutility vs Magic)
Finished game 261 (Magic vs SeeFutility): 1/2-1/2 {Draw by 3-fold repetition}
Score of Magic vs SeeFutility: 92 - 63 - 101  [0.557] 256
Started game 269 of 10000 (Magic vs SeeFutility)
Finished game 256 (SeeFutility vs Magic): 1-0 {White wins by adjudication}
Score of Magic vs SeeFutility: 92 - 64 - 101  [0.554] 257
Started game 270 of 10000 (SeeFutility vs Magic)
Finished game 257 (Magic vs SeeFutility): 1-0 {White wins by adjudication}
Score of Magic vs SeeFutility: 93 - 64 - 101  [0.556] 258
Started game 271 of 10000 (Magic vs SeeFutility)
Finished game 258 (SeeFutility vs Magic): 0-1 {Black wins by adjudication}
Score of Magic vs SeeFutility: 94 - 64 - 101  [0.558] 259
Started game 272 of 10000 (SeeFutility vs Magic)
Finished game 259 (Magic vs SeeFutility): 1/2-1/2 {Draw by 3-fold repetition}
Score of Magic vs SeeFutility: 94 - 64 - 102  [0.558] 260
Started game 273 of 10000 (Magic vs SeeFutility)
Finished game 260 (SeeFutility vs Magic): 1-0 {White wins by adjudication}
Score of Magic vs SeeFutility: 94 - 65 - 102  [0.556] 261
Started game 274 of 10000 (SeeFutility vs Magic)
Finished game 262 (SeeFutility vs Magic): 1-0 {White wins by adjudication}
Score of Magic vs SeeFutility: 94 - 66 - 102  [0.553] 262
Started game 275 of 10000 (Magic vs SeeFutility)
Finished game 264 (SeeFutility vs Magic): 0-1 {Black wins by adjudication}
Score of Magic vs SeeFutility: 95 - 66 - 102  [0.555] 263
Started game 276 of 10000 (SeeFutility vs Magic)
Finished game 267 (Magic vs SeeFutility): 1-0 {White wins by adjudication}
Score of Magic vs SeeFutility: 96 - 66 - 102  [0.557] 264
Started game 277 of 10000 (Magic vs SeeFutility)
Finished game 265 (Magic vs SeeFutility): 1-0 {White wins by adjudication}
Score of Magic vs SeeFutility: 97 - 66 - 102  [0.558] 265
Started game 278 of 10000 (SeeFutility vs Magic)
Finished game 263 (Magic vs SeeFutility): 0-1 {Black wins by adjudication}
Score of Magic vs SeeFutility: 97 - 67 - 102  [0.556] 266
Started game 279 of 10000 (Magic vs SeeFutility)
Finished game 266 (SeeFutility vs Magic): 1/2-1/2 {Draw by adjudication}
Score of Magic vs SeeFutility: 97 - 67 - 103  [0.556] 267
Started game 280 of 10000 (SeeFutility vs Magic)
Finished game 270 (SeeFutility vs Magic): 1/2-1/2 {Draw by 3-fold repetition}
Score of Magic vs SeeFutility: 97 - 67 - 104  [0.556] 268
Started game 281 of 10000 (Magic vs SeeFutility)
Finished game 268 (SeeFutility vs Magic): 0-1 {Black wins by adjudication}
Score of Magic vs SeeFutility: 98 - 67 - 104  [0.558] 269
Started game 282 of 10000 (SeeFutility vs Magic)
Finished game 271 (Magic vs SeeFutility): 1/2-1/2 {Draw by 3-fold repetition}
Score of Magic vs SeeFutility: 98 - 67 - 105  [0.557] 270
Started game 283 of 10000 (Magic vs SeeFutility)
Finished game 269 (Magic vs SeeFutility): 0-1 {Black wins by adjudication}
Score of Magic vs SeeFutility: 98 - 68 - 105  [0.555] 271
Started game 284 of 10000 (SeeFutility vs Magic)
Finished game 273 (Magic vs SeeFutility): 0-1 {Black wins by adjudication}
Score of Magic vs SeeFutility: 98 - 69 - 105  [0.553] 272
Started game 285 of 10000 (Magic vs SeeFutility)
Finished game 275 (Magic vs SeeFutility): 0-1 {Black wins by adjudication}
Score of Magic vs SeeFutility: 98 - 70 - 105  [0.551] 273
Started game 286 of 10000 (SeeFutility vs Magic)
Finished game 282 (SeeFutility vs Magic): 1/2-1/2 {Draw by 3-fold repetition}
Score of Magic vs SeeFutility: 98 - 70 - 106  [0.551] 274
Started game 287 of 10000 (Magic vs SeeFutility)
Finished game 279 (Magic vs SeeFutility): 1-0 {White wins by adjudication}
Score of Magic vs SeeFutility: 99 - 70 - 106  [0.553] 275
Started game 288 of 10000 (SeeFutility vs Magic)
Finished game 277 (Magic vs SeeFutility): 1-0 {White wins by adjudication}
Score of Magic vs SeeFutility: 100 - 70 - 106  [0.554] 276
Started game 289 of 10000 (Magic vs SeeFutility)
Finished game 276 (SeeFutility vs Magic): 1/2-1/2 {Draw by adjudication}
Score of Magic vs SeeFutility: 100 - 70 - 107  [0.554] 277
Started game 290 of 10000 (SeeFutility vs Magic)
Finished game 272 (SeeFutility vs Magic): 1/2-1/2 {Draw by adjudication}
Score of Magic vs SeeFutility: 100 - 70 - 108  [0.554] 278
Started game 291 of 10000 (Magic vs SeeFutility)
Finished game 278 (SeeFutility vs Magic): 1-0 {White wins by adjudication}
Score of Magic vs SeeFutility: 100 - 71 - 108  [0.552] 279
Started game 292 of 10000 (SeeFutility vs Magic)
Finished game 280 (SeeFutility vs Magic): 1/2-1/2 {Draw by 3-fold repetition}
Score of Magic vs SeeFutility: 100 - 71 - 109  [0.552] 280
Started game 293 of 10000 (Magic vs SeeFutility)
Finished game 283 (Magic vs SeeFutility): 1-0 {White wins by adjudication}
Score of Magic vs SeeFutility: 101 - 71 - 109  [0.553] 281
Started game 294 of 10000 (SeeFutility vs Magic)
Finished game 284 (SeeFutility vs Magic): 1/2-1/2 {Draw by 3-fold repetition}
Score of Magic vs SeeFutility: 101 - 71 - 110  [0.553] 282
Started game 295 of 10000 (Magic vs SeeFutility)
Finished game 281 (Magic vs SeeFutility): 0-1 {Black wins by adjudication}
Score of Magic vs SeeFutility: 101 - 72 - 110  [0.551] 283
Started game 296 of 10000 (SeeFutility vs Magic)
Finished game 274 (SeeFutility vs Magic): 0-1 {Black wins by adjudication}
Score of Magic vs SeeFutility: 102 - 72 - 110  [0.553] 284
Started game 297 of 10000 (Magic vs SeeFutility)
Finished game 289 (Magic vs SeeFutility): 0-1 {Black wins by adjudication}
Score of Magic vs SeeFutility: 102 - 73 - 110  [0.551] 285
Started game 298 of 10000 (SeeFutility vs Magic)
Finished game 288 (SeeFutility vs Magic): 1/2-1/2 {Draw by 3-fold repetition}
Score of Magic vs SeeFutility: 102 - 73 - 111  [0.551] 286
Started game 299 of 10000 (Magic vs SeeFutility)
Finished game 286 (SeeFutility vs Magic): 1-0 {White wins by adjudication}
Score of Magic vs SeeFutility: 102 - 74 - 111  [0.549] 287
Started game 300 of 10000 (SeeFutility vs Magic)
Finished game 292 (SeeFutility vs Magic): 1/2-1/2 {Draw by adjudication}
Score of Magic vs SeeFutility: 102 - 74 - 112  [0.549] 288
Started game 301 of 10000 (Magic vs SeeFutility)
Finished game 285 (Magic vs SeeFutility): 1-0 {White wins by adjudication}
Score of Magic vs SeeFutility: 103 - 74 - 112  [0.550] 289
Started game 302 of 10000 (SeeFutility vs Magic)
Finished game 296 (SeeFutility vs Magic): 1/2-1/2 {Draw by adjudication}
Score of Magic vs SeeFutility: 103 - 74 - 113  [0.550] 290
Started game 303 of 10000 (Magic vs SeeFutility)
Finished game 294 (SeeFutility vs Magic): 0-1 {Black wins by adjudication}
Score of Magic vs SeeFutility: 104 - 74 - 113  [0.552] 291
Started game 304 of 10000 (SeeFutility vs Magic)
Finished game 293 (Magic vs SeeFutility): 0-1 {Black wins by adjudication}
Score of Magic vs SeeFutility: 104 - 75 - 113  [0.550] 292
Started game 305 of 10000 (Magic vs SeeFutility)
Finished game 295 (Magic vs SeeFutility): 1/2-1/2 {Draw by adjudication}
Score of Magic vs SeeFutility: 104 - 75 - 114  [0.549] 293
Started game 306 of 10000 (SeeFutility vs Magic)
Finished game 291 (Magic vs SeeFutility): 1/2-1/2 {Draw by 3-fold repetition}
Score of Magic vs SeeFutility: 104 - 75 - 115  [0.549] 294
Started game 307 of 10000 (Magic vs SeeFutility)
Finished game 297 (Magic vs SeeFutility): 1-0 {White wins by adjudication}
Score of Magic vs SeeFutility: 105 - 75 - 115  [0.551] 295
Started game 308 of 10000 (SeeFutility vs Magic)
Finished game 302 (SeeFutility vs Magic): 1-0 {White wins by adjudication}
Score of Magic vs SeeFutility: 105 - 76 - 115  [0.549] 296
Started game 309 of 10000 (Magic vs SeeFutility)
Finished game 301 (Magic vs SeeFutility): 1/2-1/2 {Draw by 3-fold repetition}
Score of Magic vs SeeFutility: 105 - 76 - 116  [0.549] 297
Started game 310 of 10000 (SeeFutility vs Magic)
Finished game 298 (SeeFutility vs Magic): 1/2-1/2 {Draw by adjudication}
Score of Magic vs SeeFutility: 105 - 76 - 117  [0.549] 298
Started game 311 of 10000 (Magic vs SeeFutility)
Finished game 287 (Magic vs SeeFutility): 1/2-1/2 {Draw by insufficient mating material}
Score of Magic vs SeeFutility: 105 - 76 - 118  [0.548] 299
Started game 312 of 10000 (SeeFutility vs Magic)
Finished game 299 (Magic vs SeeFutility): 1/2-1/2 {Draw by insufficient mating material}
Score of Magic vs SeeFutility: 105 - 76 - 119  [0.548] 300
Started game 313 of 10000 (Magic vs SeeFutility)
Finished game 290 (SeeFutility vs Magic): 1/2-1/2 {Draw by fifty moves rule}
Score of Magic vs SeeFutility: 105 - 76 - 120  [0.548] 301
Started game 314 of 10000 (SeeFutility vs Magic)
Finished game 300 (SeeFutility vs Magic): 1-0 {White wins by adjudication}
Score of Magic vs SeeFutility: 105 - 77 - 120  [0.546] 302
Started game 315 of 10000 (Magic vs SeeFutility)
Finished game 305 (Magic vs SeeFutility): 1-0 {White wins by adjudication}
Score of Magic vs SeeFutility: 106 - 77 - 120  [0.548] 303
Started game 316 of 10000 (SeeFutility vs Magic)
Finished game 307 (Magic vs SeeFutility): 1/2-1/2 {Draw by 3-fold repetition}
Score of Magic vs SeeFutility: 106 - 77 - 121  [0.548] 304
Started game 317 of 10000 (Magic vs SeeFutility)
Finished game 304 (SeeFutility vs Magic): 1-0 {White wins by adjudication}
Score of Magic vs SeeFutility: 106 - 78 - 121  [0.546] 305
Started game 318 of 10000 (SeeFutility vs Magic)
Finished game 306 (SeeFutility vs Magic): 1-0 {White wins by adjudication}
Score of Magic vs SeeFutility: 106 - 79 - 121  [0.544] 306
Started game 319 of 10000 (Magic vs SeeFutility)
Finished game 308 (SeeFutility vs Magic): 1-0 {White wins by adjudication}
Score of Magic vs SeeFutility: 106 - 80 - 121  [0.542] 307
Started game 320 of 10000 (SeeFutility vs Magic)
Finished game 312 (SeeFutility vs Magic): 1/2-1/2 {Draw by 3-fold repetition}
Score of Magic vs SeeFutility: 106 - 80 - 122  [0.542] 308
Started game 321 of 10000 (Magic vs SeeFutility)
Finished game 303 (Magic vs SeeFutility): 1-0 {White wins by adjudication}
Score of Magic vs SeeFutility: 107 - 80 - 122  [0.544] 309
Started game 322 of 10000 (SeeFutility vs Magic)
Finished game 310 (SeeFutility vs Magic): 1-0 {White wins by adjudication}
Score of Magic vs SeeFutility: 107 - 81 - 122  [0.542] 310
Started game 323 of 10000 (Magic vs SeeFutility)
Finished game 311 (Magic vs SeeFutility): 1-0 {White wins by adjudication}
Score of Magic vs SeeFutility: 108 - 81 - 122  [0.543] 311
Started game 324 of 10000 (SeeFutility vs Magic)
Finished game 314 (SeeFutility vs Magic): 1-0 {White wins by adjudication}
Score of Magic vs SeeFutility: 108 - 82 - 122  [0.542] 312
Started game 325 of 10000 (Magic vs SeeFutility)
Finished game 309 (Magic vs SeeFutility): 1/2-1/2 {Draw by insufficient mating material}
Score of Magic vs SeeFutility: 108 - 82 - 123  [0.542] 313
Started game 326 of 10000 (SeeFutility vs Magic)
Finished game 315 (Magic vs SeeFutility): 1/2-1/2 {Draw by adjudication}
Score of Magic vs SeeFutility: 108 - 82 - 124  [0.541] 314
Started game 327 of 10000 (Magic vs SeeFutility)
Finished game 316 (SeeFutility vs Magic): 1/2-1/2 {Draw by 3-fold repetition}
Score of Magic vs SeeFutility: 108 - 82 - 125  [0.541] 315
Started game 328 of 10000 (SeeFutility vs Magic)
Finished game 320 (SeeFutility vs Magic): 1-0 {White wins by adjudication}
Score of Magic vs SeeFutility: 108 - 83 - 125  [0.540] 316
Started game 329 of 10000 (Magic vs SeeFutility)
Finished game 319 (Magic vs SeeFutility): 1/2-1/2 {Draw by 3-fold repetition}
Score of Magic vs SeeFutility: 108 - 83 - 126  [0.539] 317
Started game 330 of 10000 (SeeFutility vs Magic)
Finished game 318 (SeeFutility vs Magic): 1-0 {White wins by adjudication}
Score of Magic vs SeeFutility: 108 - 84 - 126  [0.538] 318
Started game 331 of 10000 (Magic vs SeeFutility)
Finished game 313 (Magic vs SeeFutility): 1-0 {White wins by adjudication}
Score of Magic vs SeeFutility: 109 - 84 - 126  [0.539] 319
Started game 332 of 10000 (SeeFutility vs Magic)
Finished game 322 (SeeFutility vs Magic): 1-0 {White wins by adjudication}
Score of Magic vs SeeFutility: 109 - 85 - 126  [0.537] 320
Started game 333 of 10000 (Magic vs SeeFutility)
Finished game 317 (Magic vs SeeFutility): 1/2-1/2 {Draw by adjudication}
Score of Magic vs SeeFutility: 109 - 85 - 127  [0.537] 321
Started game 334 of 10000 (SeeFutility vs Magic)
Finished game 321 (Magic vs SeeFutility): 0-1 {Black wins by adjudication}
Score of Magic vs SeeFutility: 109 - 86 - 127  [0.536] 322
Started game 335 of 10000 (Magic vs SeeFutility)
Finished game 324 (SeeFutility vs Magic): 0-1 {Black wins by adjudication}
Score of Magic vs SeeFutility: 110 - 86 - 127  [0.537] 323
Started game 336 of 10000 (SeeFutility vs Magic)
Finished game 335 (Magic vs SeeFutility): 1/2-1/2 {Draw by 3-fold repetition}
Score of Magic vs SeeFutility: 110 - 86 - 128  [0.537] 324
Started game 337 of 10000 (Magic vs SeeFutility)
Finished game 323 (Magic vs SeeFutility): 1/2-1/2 {Draw by insufficient mating material}
Score of Magic vs SeeFutility: 110 - 86 - 129  [0.537] 325
Started game 338 of 10000 (SeeFutility vs Magic)
Finished game 325 (Magic vs SeeFutility): 0-1 {Black wins by adjudication}
Score of Magic vs SeeFutility: 110 - 87 - 129  [0.535] 326
Started game 339 of 10000 (Magic vs SeeFutility)
Finished game 329 (Magic vs SeeFutility): 1/2-1/2 {Draw by adjudication}
Score of Magic vs SeeFutility: 110 - 87 - 130  [0.535] 327
Started game 340 of 10000 (SeeFutility vs Magic)
Finished game 328 (SeeFutility vs Magic): 1-0 {White mates}
Score of Magic vs SeeFutility: 110 - 88 - 130  [0.534] 328
Started game 341 of 10000 (Magic vs SeeFutility)
Finished game 330 (SeeFutility vs Magic): 0-1 {Black wins by adjudication}
Score of Magic vs SeeFutility: 111 - 88 - 130  [0.535] 329
Started game 342 of 10000 (SeeFutility vs Magic)
Finished game 332 (SeeFutility vs Magic): 1/2-1/2 {Draw by 3-fold repetition}
Score of Magic vs SeeFutility: 111 - 88 - 131  [0.535] 330
Started game 343 of 10000 (Magic vs SeeFutility)
Finished game 327 (Magic vs SeeFutility): 1-0 {White wins by adjudication}
Score of Magic vs SeeFutility: 112 - 88 - 131  [0.536] 331
Started game 344 of 10000 (SeeFutility vs Magic)
Finished game 334 (SeeFutility vs Magic): 0-1 {Black wins by adjudication}
Score of Magic vs SeeFutility: 113 - 88 - 131  [0.538] 332
Started game 345 of 10000 (Magic vs SeeFutility)
Finished game 326 (SeeFutility vs Magic): 1/2-1/2 {Draw by adjudication}
Score of Magic vs SeeFutility: 113 - 88 - 132  [0.538] 333
Started game 346 of 10000 (SeeFutility vs Magic)
Finished game 333 (Magic vs SeeFutility): 1-0 {White wins by adjudication}
Score of Magic vs SeeFutility: 114 - 88 - 132  [0.539] 334
Started game 347 of 10000 (Magic vs SeeFutility)
Finished game 331 (Magic vs SeeFutility): 0-1 {Black wins by adjudication}
Score of Magic vs SeeFutility: 114 - 89 - 132  [0.537] 335
Started game 348 of 10000 (SeeFutility vs Magic)
Finished game 336 (SeeFutility vs Magic): 1/2-1/2 {Draw by 3-fold repetition}
Score of Magic vs SeeFutility: 114 - 89 - 133  [0.537] 336
Started game 349 of 10000 (Magic vs SeeFutility)
Finished game 340 (SeeFutility vs Magic): 1/2-1/2 {Draw by insufficient mating material}
Score of Magic vs SeeFutility: 114 - 89 - 134  [0.537] 337
Started game 350 of 10000 (SeeFutility vs Magic)
Finished game 339 (Magic vs SeeFutility): 1-0 {White wins by adjudication}
Score of Magic vs SeeFutility: 115 - 89 - 134  [0.538] 338
Started game 351 of 10000 (Magic vs SeeFutility)
Finished game 341 (Magic vs SeeFutility): 1/2-1/2 {Draw by 3-fold repetition}
Score of Magic vs SeeFutility: 115 - 89 - 135  [0.538] 339
Started game 352 of 10000 (SeeFutility vs Magic)
Finished game 338 (SeeFutility vs Magic): 1-0 {White wins by adjudication}
Score of Magic vs SeeFutility: 115 - 90 - 135  [0.537] 340
Started game 353 of 10000 (Magic vs SeeFutility)
Finished game 337 (Magic vs SeeFutility): 1-0 {White wins by adjudication}
Score of Magic vs SeeFutility: 116 - 90 - 135  [0.538] 341
Started game 354 of 10000 (SeeFutility vs Magic)
Finished game 343 (Magic vs SeeFutility): 1-0 {White wins by adjudication}
Score of Magic vs SeeFutility: 117 - 90 - 135  [0.539] 342
Started game 355 of 10000 (Magic vs SeeFutility)
Finished game 348 (SeeFutility vs Magic): 1/2-1/2 {Draw by 3-fold repetition}
Score of Magic vs SeeFutility: 117 - 90 - 136  [0.539] 343
Started game 356 of 10000 (SeeFutility vs Magic)
Finished game 345 (Magic vs SeeFutility): 1/2-1/2 {Draw by 3-fold repetition}
Score of Magic vs SeeFutility: 117 - 90 - 137  [0.539] 344
Started game 357 of 10000 (Magic vs SeeFutility)
Finished game 344 (SeeFutility vs Magic): 1-0 {White wins by adjudication}
Score of Magic vs SeeFutility: 117 - 91 - 137  [0.538] 345
Started game 358 of 10000 (SeeFutility vs Magic)
Finished game 342 (SeeFutility vs Magic): 1-0 {White wins by adjudication}
Score of Magic vs SeeFutility: 117 - 92 - 137  [0.536] 346
Started game 359 of 10000 (Magic vs SeeFutility)
Finished game 347 (Magic vs SeeFutility): 1-0 {White wins by adjudication}
Score of Magic vs SeeFutility: 118 - 92 - 137  [0.537] 347
Started game 360 of 10000 (SeeFutility vs Magic)
Finished game 352 (SeeFutility vs Magic): 1-0 {White wins by adjudication}
Score of Magic vs SeeFutility: 118 - 93 - 137  [0.536] 348
Started game 361 of 10000 (Magic vs SeeFutility)
Finished game 346 (SeeFutility vs Magic): 0-1 {Black wins by adjudication}
Score of Magic vs SeeFutility: 119 - 93 - 137  [0.537] 349
Started game 362 of 10000 (SeeFutility vs Magic)
Finished game 353 (Magic vs SeeFutility): 1/2-1/2 {Draw by 3-fold repetition}
Score of Magic vs SeeFutility: 119 - 93 - 138  [0.537] 350
Started game 363 of 10000 (Magic vs SeeFutility)
Finished game 355 (Magic vs SeeFutility): 1/2-1/2 {Draw by adjudication}
Score of Magic vs SeeFutility: 119 - 93 - 139  [0.537] 351
Started game 364 of 10000 (SeeFutility vs Magic)
Finished game 351 (Magic vs SeeFutility): 1-0 {White wins by adjudication}
Score of Magic vs SeeFutility: 120 - 93 - 139  [0.538] 352
Started game 365 of 10000 (Magic vs SeeFutility)
Finished game 349 (Magic vs SeeFutility): 1/2-1/2 {Draw by 3-fold repetition}
Score of Magic vs SeeFutility: 120 - 93 - 140  [0.538] 353
Started game 366 of 10000 (SeeFutility vs Magic)
Finished game 350 (SeeFutility vs Magic): 1-0 {White wins by adjudication}
Score of Magic vs SeeFutility: 120 - 94 - 140  [0.537] 354
Started game 367 of 10000 (Magic vs SeeFutility)
Finished game 359 (Magic vs SeeFutility): 1/2-1/2 {Draw by 3-fold repetition}
Score of Magic vs SeeFutility: 120 - 94 - 141  [0.537] 355
Started game 368 of 10000 (SeeFutility vs Magic)
Finished game 356 (SeeFutility vs Magic): 1-0 {White wins by adjudication}
Score of Magic vs SeeFutility: 120 - 95 - 141  [0.535] 356
Started game 369 of 10000 (Magic vs SeeFutility)
Finished game 354 (SeeFutility vs Magic): 0-1 {Black wins by adjudication}
Score of Magic vs SeeFutility: 121 - 95 - 141  [0.536] 357
Started game 370 of 10000 (SeeFutility vs Magic)
Finished game 357 (Magic vs SeeFutility): 0-1 {Black wins by adjudication}
Score of Magic vs SeeFutility: 121 - 96 - 141  [0.535] 358
Started game 371 of 10000 (Magic vs SeeFutility)
Finished game 358 (SeeFutility vs Magic): 0-1 {Black wins by adjudication}
Score of Magic vs SeeFutility: 122 - 96 - 141  [0.536] 359
Started game 372 of 10000 (SeeFutility vs Magic)
Finished game 360 (SeeFutility vs Magic): 1/2-1/2 {Draw by 3-fold repetition}
Score of Magic vs SeeFutility: 122 - 96 - 142  [0.536] 360
Started game 373 of 10000 (Magic vs SeeFutility)
Finished game 361 (Magic vs SeeFutility): 0-1 {Black mates}
Score of Magic vs SeeFutility: 122 - 97 - 142  [0.535] 361
Started game 374 of 10000 (SeeFutility vs Magic)
Finished game 362 (SeeFutility vs Magic): 1-0 {White wins by adjudication}
Score of Magic vs SeeFutility: 122 - 98 - 142  [0.533] 362
Started game 375 of 10000 (Magic vs SeeFutility)
Finished game 364 (SeeFutility vs Magic): 0-1 {Black wins by adjudication}
Score of Magic vs SeeFutility: 123 - 98 - 142  [0.534] 363
Started game 376 of 10000 (SeeFutility vs Magic)
Finished game 366 (SeeFutility vs Magic): 1/2-1/2 {Draw by 3-fold repetition}
Score of Magic vs SeeFutility: 123 - 98 - 143  [0.534] 364
Started game 377 of 10000 (Magic vs SeeFutility)
Finished game 367 (Magic vs SeeFutility): 1/2-1/2 {Draw by 3-fold repetition}
Score of Magic vs SeeFutility: 123 - 98 - 144  [0.534] 365
Started game 378 of 10000 (SeeFutility vs Magic)
Finished game 365 (Magic vs SeeFutility): 0-1 {Black wins by adjudication}
Score of Magic vs SeeFutility: 123 - 99 - 144  [0.533] 366
Started game 379 of 10000 (Magic vs SeeFutility)
Finished game 363 (Magic vs SeeFutility): 0-1 {Black wins by adjudication}
Score of Magic vs SeeFutility: 123 - 100 - 144  [0.531] 367
Started game 380 of 10000 (SeeFutility vs Magic)
Finished game 368 (SeeFutility vs Magic): 1/2-1/2 {Draw by 3-fold repetition}
Score of Magic vs SeeFutility: 123 - 100 - 145  [0.531] 368
Started game 381 of 10000 (Magic vs SeeFutility)
Finished game 370 (SeeFutility vs Magic): 1/2-1/2 {Draw by 3-fold repetition}
Score of Magic vs SeeFutility: 123 - 100 - 146  [0.531] 369
Started game 382 of 10000 (SeeFutility vs Magic)
Finished game 369 (Magic vs SeeFutility): 0-1 {Black wins by adjudication}
Score of Magic vs SeeFutility: 123 - 101 - 146  [0.530] 370
Started game 383 of 10000 (Magic vs SeeFutility)
Finished game 371 (Magic vs SeeFutility): 1/2-1/2 {Draw by adjudication}
Score of Magic vs SeeFutility: 123 - 101 - 147  [0.530] 371
Started game 384 of 10000 (SeeFutility vs Magic)
Finished game 373 (Magic vs SeeFutility): 1-0 {White wins by adjudication}
Score of Magic vs SeeFutility: 124 - 101 - 147  [0.531] 372
Started game 385 of 10000 (Magic vs SeeFutility)
Finished game 372 (SeeFutility vs Magic): 0-1 {Black mates}
Score of Magic vs SeeFutility: 125 - 101 - 147  [0.532] 373
Started game 386 of 10000 (SeeFutility vs Magic)
Finished game 375 (Magic vs SeeFutility): 1-0 {White wins by adjudication}
Score of Magic vs SeeFutility: 126 - 101 - 147  [0.533] 374
Started game 387 of 10000 (Magic vs SeeFutility)
Finished game 384 (SeeFutility vs Magic): 1/2-1/2 {Draw by 3-fold repetition}
Score of Magic vs SeeFutility: 126 - 101 - 148  [0.533] 375
Started game 388 of 10000 (SeeFutility vs Magic)
Finished game 378 (SeeFutility vs Magic): 1-0 {White wins by adjudication}
Score of Magic vs SeeFutility: 126 - 102 - 148  [0.532] 376
Started game 389 of 10000 (Magic vs SeeFutility)
Finished game 377 (Magic vs SeeFutility): 1-0 {White wins by adjudication}
Score of Magic vs SeeFutility: 127 - 102 - 148  [0.533] 377
Started game 390 of 10000 (SeeFutility vs Magic)
Finished game 376 (SeeFutility vs Magic): 0-1 {Black wins by adjudication}
Score of Magic vs SeeFutility: 128 - 102 - 148  [0.534] 378
Started game 391 of 10000 (Magic vs SeeFutility)
Finished game 382 (SeeFutility vs Magic): 1-0 {White wins by adjudication}
Score of Magic vs SeeFutility: 128 - 103 - 148  [0.533] 379
Started game 392 of 10000 (SeeFutility vs Magic)
Finished game 380 (SeeFutility vs Magic): 1-0 {White wins by adjudication}
Score of Magic vs SeeFutility: 128 - 104 - 148  [0.532] 380
Started game 393 of 10000 (Magic vs SeeFutility)
Finished game 374 (SeeFutility vs Magic): 0-1 {Black wins by adjudication}
Score of Magic vs SeeFutility: 129 - 104 - 148  [0.533] 381
Started game 394 of 10000 (SeeFutility vs Magic)
Finished game 381 (Magic vs SeeFutility): 1/2-1/2 {Draw by insufficient mating material}
Score of Magic vs SeeFutility: 129 - 104 - 149  [0.533] 382
Started game 395 of 10000 (Magic vs SeeFutility)
Finished game 379 (Magic vs SeeFutility): 1-0 {White wins by adjudication}
Score of Magic vs SeeFutility: 130 - 104 - 149  [0.534] 383
Started game 396 of 10000 (SeeFutility vs Magic)
Finished game 383 (Magic vs SeeFutility): 1/2-1/2 {Draw by insufficient mating material}
Score of Magic vs SeeFutility: 130 - 104 - 150  [0.534] 384
Started game 397 of 10000 (Magic vs SeeFutility)
Finished game 385 (Magic vs SeeFutility): 1/2-1/2 {Draw by adjudication}
Score of Magic vs SeeFutility: 130 - 104 - 151  [0.534] 385
Started game 398 of 10000 (SeeFutility vs Magic)
Finished game 392 (SeeFutility vs Magic): 1/2-1/2 {Draw by 3-fold repetition}
Score of Magic vs SeeFutility: 130 - 104 - 152  [0.534] 386
Started game 399 of 10000 (Magic vs SeeFutility)
Finished game 386 (SeeFutility vs Magic): 0-1 {Black wins by adjudication}
Score of Magic vs SeeFutility: 131 - 104 - 152  [0.535] 387
Started game 400 of 10000 (SeeFutility vs Magic)
Finished game 388 (SeeFutility vs Magic): 0-1 {Black wins by adjudication}
Score of Magic vs SeeFutility: 132 - 104 - 152  [0.536] 388
Started game 401 of 10000 (Magic vs SeeFutility)
Finished game 391 (Magic vs SeeFutility): 1/2-1/2 {Draw by 3-fold repetition}
Score of Magic vs SeeFutility: 132 - 104 - 153  [0.536] 389
Started game 402 of 10000 (SeeFutility vs Magic)
Finished game 389 (Magic vs SeeFutility): 1-0 {White wins by adjudication}
Score of Magic vs SeeFutility: 133 - 104 - 153  [0.537] 390
Started game 403 of 10000 (Magic vs SeeFutility)
Finished game 390 (SeeFutility vs Magic): 1/2-1/2 {Draw by insufficient mating material}
Score of Magic vs SeeFutility: 133 - 104 - 154  [0.537] 391
Started game 404 of 10000 (SeeFutility vs Magic)
Finished game 393 (Magic vs SeeFutility): 1-0 {White wins by adjudication}
Score of Magic vs SeeFutility: 134 - 104 - 154  [0.538] 392
Started game 405 of 10000 (Magic vs SeeFutility)
Finished game 396 (SeeFutility vs Magic): 0-1 {Black wins by adjudication}
Score of Magic vs SeeFutility: 135 - 104 - 154  [0.539] 393
Started game 406 of 10000 (SeeFutility vs Magic)
Finished game 387 (Magic vs SeeFutility): 0-1 {Black mates}
Score of Magic vs SeeFutility: 135 - 105 - 154  [0.538] 394
Started game 407 of 10000 (Magic vs SeeFutility)
Finished game 394 (SeeFutility vs Magic): 1-0 {White wins by adjudication}
Score of Magic vs SeeFutility: 135 - 106 - 154  [0.537] 395
Started game 408 of 10000 (SeeFutility vs Magic)
Finished game 400 (SeeFutility vs Magic): 1/2-1/2 {Draw by 3-fold repetition}
Score of Magic vs SeeFutility: 135 - 106 - 155  [0.537] 396
Started game 409 of 10000 (Magic vs SeeFutility)
Finished game 398 (SeeFutility vs Magic): 1/2-1/2 {Draw by 3-fold repetition}
Score of Magic vs SeeFutility: 135 - 106 - 156  [0.537] 397
Started game 410 of 10000 (SeeFutility vs Magic)
Finished game 397 (Magic vs SeeFutility): 1-0 {White wins by adjudication}
Score of Magic vs SeeFutility: 136 - 106 - 156  [0.538] 398
Started game 411 of 10000 (Magic vs SeeFutility)
Finished game 395 (Magic vs SeeFutility): 0-1 {Black wins by adjudication}
Score of Magic vs SeeFutility: 136 - 107 - 156  [0.536] 399
Started game 412 of 10000 (SeeFutility vs Magic)
Finished game 399 (Magic vs SeeFutility): 1/2-1/2 {Draw by 3-fold repetition}
Score of Magic vs SeeFutility: 136 - 107 - 157  [0.536] 400
Started game 413 of 10000 (Magic vs SeeFutility)
Finished game 401 (Magic vs SeeFutility): 0-1 {Black wins by adjudication}
Score of Magic vs SeeFutility: 136 - 108 - 157  [0.535] 401
Started game 414 of 10000 (SeeFutility vs Magic)
Finished game 404 (SeeFutility vs Magic): 1-0 {White wins by adjudication}
Score of Magic vs SeeFutility: 136 - 109 - 157  [0.534] 402
Started game 415 of 10000 (Magic vs SeeFutility)
Finished game 402 (SeeFutility vs Magic): 1-0 {White wins by adjudication}
Score of Magic vs SeeFutility: 136 - 110 - 157  [0.532] 403
Started game 416 of 10000 (SeeFutility vs Magic)
Finished game 408 (SeeFutility vs Magic): 0-1 {Black wins by adjudication}
Score of Magic vs SeeFutility: 137 - 110 - 157  [0.533] 404
Started game 417 of 10000 (Magic vs SeeFutility)
Finished game 405 (Magic vs SeeFutility): 1/2-1/2 {Draw by 3-fold repetition}
Score of Magic vs SeeFutility: 137 - 110 - 158  [0.533] 405
Started game 418 of 10000 (SeeFutility vs Magic)
Finished game 407 (Magic vs SeeFutility): 1/2-1/2 {Draw by insufficient mating material}
Score of Magic vs SeeFutility: 137 - 110 - 159  [0.533] 406
Started game 419 of 10000 (Magic vs SeeFutility)
Finished game 410 (SeeFutility vs Magic): 0-1 {Black wins by adjudication}
Score of Magic vs SeeFutility: 138 - 110 - 159  [0.534] 407
Started game 420 of 10000 (SeeFutility vs Magic)
Finished game 406 (SeeFutility vs Magic): 1-0 {White wins by adjudication}
Score of Magic vs SeeFutility: 138 - 111 - 159  [0.533] 408
Started game 421 of 10000 (Magic vs SeeFutility)
Finished game 409 (Magic vs SeeFutility): 1-0 {White wins by adjudication}
Score of Magic vs SeeFutility: 139 - 111 - 159  [0.534] 409
Started game 422 of 10000 (SeeFutility vs Magic)
Finished game 403 (Magic vs SeeFutility): 1/2-1/2 {Draw by 3-fold repetition}
Score of Magic vs SeeFutility: 139 - 111 - 160  [0.534] 410
Started game 423 of 10000 (Magic vs SeeFutility)
Finished game 413 (Magic vs SeeFutility): 1/2-1/2 {Draw by 3-fold repetition}
Score of Magic vs SeeFutility: 139 - 111 - 161  [0.534] 411
Started game 424 of 10000 (SeeFutility vs Magic)
Finished game 412 (SeeFutility vs Magic): 0-1 {Black wins by adjudication}
Score of Magic vs SeeFutility: 140 - 111 - 161  [0.535] 412
Started game 425 of 10000 (Magic vs SeeFutility)
Finished game 411 (Magic vs SeeFutility): 1/2-1/2 {Draw by insufficient mating material}
Score of Magic vs SeeFutility: 140 - 111 - 162  [0.535] 413
Started game 426 of 10000 (SeeFutility vs Magic)
Finished game 414 (SeeFutility vs Magic): 1/2-1/2 {Draw by 3-fold repetition}
Score of Magic vs SeeFutility: 140 - 111 - 163  [0.535] 414
Started game 427 of 10000 (Magic vs SeeFutility)
Finished game 416 (SeeFutility vs Magic): 1-0 {White mates}
Score of Magic vs SeeFutility: 140 - 112 - 163  [0.534] 415
Started game 428 of 10000 (SeeFutility vs Magic)
Finished game 420 (SeeFutility vs Magic): 1/2-1/2 {Draw by adjudication}
Score of Magic vs SeeFutility: 140 - 112 - 164  [0.534] 416
Started game 429 of 10000 (Magic vs SeeFutility)
Finished game 417 (Magic vs SeeFutility): 1/2-1/2 {Draw by adjudication}
Score of Magic vs SeeFutility: 140 - 112 - 165  [0.534] 417
Started game 430 of 10000 (SeeFutility vs Magic)
Finished game 418 (SeeFutility vs Magic): 0-1 {Black wins by adjudication}
Score of Magic vs SeeFutility: 141 - 112 - 165  [0.535] 418
Started game 431 of 10000 (Magic vs SeeFutility)
Finished game 419 (Magic vs SeeFutility): 1-0 {White wins by adjudication}
Score of Magic vs SeeFutility: 142 - 112 - 165  [0.536] 419
Started game 432 of 10000 (SeeFutility vs Magic)
Finished game 421 (Magic vs SeeFutility): 1/2-1/2 {Draw by insufficient mating material}
Score of Magic vs SeeFutility: 142 - 112 - 166  [0.536] 420
Started game 433 of 10000 (Magic vs SeeFutility)
Finished game 423 (Magic vs SeeFutility): 1-0 {White wins by adjudication}
Score of Magic vs SeeFutility: 143 - 112 - 166  [0.537] 421
Started game 434 of 10000 (SeeFutility vs Magic)
Finished game 428 (SeeFutility vs Magic): 1/2-1/2 {Draw by 3-fold repetition}
Score of Magic vs SeeFutility: 143 - 112 - 167  [0.537] 422
Started game 435 of 10000 (Magic vs SeeFutility)
Finished game 426 (SeeFutility vs Magic): 1-0 {White wins by adjudication}
Score of Magic vs SeeFutility: 143 - 113 - 167  [0.535] 423
Started game 436 of 10000 (SeeFutility vs Magic)
Finished game 424 (SeeFutility vs Magic): 1-0 {White wins by adjudication}
Score of Magic vs SeeFutility: 143 - 114 - 167  [0.534] 424
Started game 437 of 10000 (Magic vs SeeFutility)
Finished game 422 (SeeFutility vs Magic): 0-1 {Black wins by adjudication}
Score of Magic vs SeeFutility: 144 - 114 - 167  [0.535] 425
Started game 438 of 10000 (SeeFutility vs Magic)
Finished game 427 (Magic vs SeeFutility): 1/2-1/2 {Draw by 3-fold repetition}
Score of Magic vs SeeFutility: 144 - 114 - 168  [0.535] 426
Started game 439 of 10000 (Magic vs SeeFutility)
Finished game 425 (Magic vs SeeFutility): 1-0 {White wins by adjudication}
Score of Magic vs SeeFutility: 145 - 114 - 168  [0.536] 427
Started game 440 of 10000 (SeeFutility vs Magic)
Finished game 429 (Magic vs SeeFutility): 0-1 {Black wins by adjudication}
Score of Magic vs SeeFutility: 145 - 115 - 168  [0.535] 428
Started game 441 of 10000 (Magic vs SeeFutility)
Finished game 415 (Magic vs SeeFutility): 1/2-1/2 {Draw by fifty moves rule}
Score of Magic vs SeeFutility: 145 - 115 - 169  [0.535] 429
Started game 442 of 10000 (SeeFutility vs Magic)
Finished game 431 (Magic vs SeeFutility): 0-1 {Black wins by adjudication}
Score of Magic vs SeeFutility: 145 - 116 - 169  [0.534] 430
Started game 443 of 10000 (Magic vs SeeFutility)
Finished game 436 (SeeFutility vs Magic): 1-0 {White wins by adjudication}
Score of Magic vs SeeFutility: 145 - 117 - 169  [0.532] 431
Started game 444 of 10000 (SeeFutility vs Magic)
Finished game 438 (SeeFutility vs Magic): 1/2-1/2 {Draw by 3-fold repetition}
Score of Magic vs SeeFutility: 145 - 117 - 170  [0.532] 432
Started game 445 of 10000 (Magic vs SeeFutility)
Finished game 434 (SeeFutility vs Magic): 0-1 {Black mates}
Score of Magic vs SeeFutility: 146 - 117 - 170  [0.533] 433
Started game 446 of 10000 (SeeFutility vs Magic)
Finished game 435 (Magic vs SeeFutility): 1/2-1/2 {Draw by insufficient mating material}
Score of Magic vs SeeFutility: 146 - 117 - 171  [0.533] 434
Started game 447 of 10000 (Magic vs SeeFutility)
Finished game 433 (Magic vs SeeFutility): 1/2-1/2 {Draw by insufficient mating material}
Score of Magic vs SeeFutility: 146 - 117 - 172  [0.533] 435
Started game 448 of 10000 (SeeFutility vs Magic)
Finished game 432 (SeeFutility vs Magic): 1/2-1/2 {Draw by stalemate}
Score of Magic vs SeeFutility: 146 - 117 - 173  [0.533] 436
Started game 449 of 10000 (Magic vs SeeFutility)
Finished game 430 (SeeFutility vs Magic): 1-0 {White mates}
Score of Magic vs SeeFutility: 146 - 118 - 173  [0.532] 437
Started game 450 of 10000 (SeeFutility vs Magic)
Finished game 439 (Magic vs SeeFutility): 1/2-1/2 {Draw by 3-fold repetition}
Score of Magic vs SeeFutility: 146 - 118 - 174  [0.532] 438
Started game 451 of 10000 (Magic vs SeeFutility)
Finished game 440 (SeeFutility vs Magic): 0-1 {Black wins by adjudication}
Score of Magic vs SeeFutility: 147 - 118 - 174  [0.533] 439
Started game 452 of 10000 (SeeFutility vs Magic)
Finished game 441 (Magic vs SeeFutility): 1-0 {White mates}
Score of Magic vs SeeFutility: 148 - 118 - 174  [0.534] 440
Started game 453 of 10000 (Magic vs SeeFutility)
Finished game 437 (Magic vs SeeFutility): 1/2-1/2 {Draw by adjudication}
Score of Magic vs SeeFutility: 148 - 118 - 175  [0.534] 441
Started game 454 of 10000 (SeeFutility vs Magic)
Finished game 443 (Magic vs SeeFutility): 0-1 {Black wins by adjudication}
Score of Magic vs SeeFutility: 148 - 119 - 175  [0.533] 442
Started game 455 of 10000 (Magic vs SeeFutility)
Finished game 447 (Magic vs SeeFutility): 1/2-1/2 {Draw by 3-fold repetition}
Score of Magic vs SeeFutility: 148 - 119 - 176  [0.533] 443
Started game 456 of 10000 (SeeFutility vs Magic)
Finished game 444 (SeeFutility vs Magic): 1/2-1/2 {Draw by insufficient mating material}
Score of Magic vs SeeFutility: 148 - 119 - 177  [0.533] 444
Started game 457 of 10000 (Magic vs SeeFutility)
Finished game 446 (SeeFutility vs Magic): 0-1 {Black wins by adjudication}
Score of Magic vs SeeFutility: 149 - 119 - 177  [0.534] 445
Started game 458 of 10000 (SeeFutility vs Magic)
Finished game 445 (Magic vs SeeFutility): 0-1 {Black wins by adjudication}
Score of Magic vs SeeFutility: 149 - 120 - 177  [0.533] 446
Started game 459 of 10000 (Magic vs SeeFutility)
Finished game 449 (Magic vs SeeFutility): 0-1 {Black wins by adjudication}
Score of Magic vs SeeFutility: 149 - 121 - 177  [0.531] 447
Started game 460 of 10000 (SeeFutility vs Magic)
Finished game 450 (SeeFutility vs Magic): 0-1 {Black wins by adjudication}
Score of Magic vs SeeFutility: 150 - 121 - 177  [0.532] 448
Started game 461 of 10000 (Magic vs SeeFutility)
Finished game 457 (Magic vs SeeFutility): 1-0 {White wins by adjudication}
Score of Magic vs SeeFutility: 151 - 121 - 177  [0.533] 449
Started game 462 of 10000 (SeeFutility vs Magic)
Finished game 448 (SeeFutility vs Magic): 1-0 {White wins by adjudication}
Score of Magic vs SeeFutility: 151 - 122 - 177  [0.532] 450
Finished game 451 (Magic vs SeeFutility): 1-0 {White wins by adjudication}
Score of Magic vs SeeFutility: 152 - 122 - 177  [0.533] 451
Started game 464 of 10000 (SeeFutility vs Magic)
Started game 463 of 10000 (Magic vs SeeFutility)
Finished game 442 (SeeFutility vs Magic): 0-1 {Black wins by adjudication}
Score of Magic vs SeeFutility: 153 - 122 - 177  [0.534] 452
Started game 465 of 10000 (Magic vs SeeFutility)
Finished game 452 (SeeFutility vs Magic): 1-0 {White wins by adjudication}
Score of Magic vs SeeFutility: 153 - 123 - 177  [0.533] 453
Started game 466 of 10000 (SeeFutility vs Magic)
Finished game 453 (Magic vs SeeFutility): 0-1 {Black wins by adjudication}
Score of Magic vs SeeFutility: 153 - 124 - 177  [0.532] 454
Started game 467 of 10000 (Magic vs SeeFutility)
Finished game 454 (SeeFutility vs Magic): 1-0 {White wins by adjudication}
Score of Magic vs SeeFutility: 153 - 125 - 177  [0.531] 455
Started game 468 of 10000 (SeeFutility vs Magic)
Finished game 458 (SeeFutility vs Magic): 1/2-1/2 {Draw by adjudication}
Score of Magic vs SeeFutility: 153 - 125 - 178  [0.531] 456
Started game 469 of 10000 (Magic vs SeeFutility)
Finished game 456 (SeeFutility vs Magic): 1-0 {White wins by adjudication}
Score of Magic vs SeeFutility: 153 - 126 - 178  [0.530] 457
Started game 470 of 10000 (SeeFutility vs Magic)
Finished game 460 (SeeFutility vs Magic): 1-0 {White wins by adjudication}
Score of Magic vs SeeFutility: 153 - 127 - 178  [0.528] 458
Started game 471 of 10000 (Magic vs SeeFutility)
Finished game 455 (Magic vs SeeFutility): 0-1 {Black wins by adjudication}
Score of Magic vs SeeFutility: 153 - 128 - 178  [0.527] 459
Started game 472 of 10000 (SeeFutility vs Magic)
Finished game 462 (SeeFutility vs Magic): 1-0 {White wins by adjudication}
Score of Magic vs SeeFutility: 153 - 129 - 178  [0.526] 460
Started game 473 of 10000 (Magic vs SeeFutility)
Finished game 465 (Magic vs SeeFutility): 1/2-1/2 {Draw by 3-fold repetition}
Score of Magic vs SeeFutility: 153 - 129 - 179  [0.526] 461
Started game 474 of 10000 (SeeFutility vs Magic)
Finished game 459 (Magic vs SeeFutility): 1/2-1/2 {Draw by fifty moves rule}
Score of Magic vs SeeFutility: 153 - 129 - 180  [0.526] 462
Started game 475 of 10000 (Magic vs SeeFutility)
Finished game 464 (SeeFutility vs Magic): 1-0 {White mates}
Score of Magic vs SeeFutility: 153 - 130 - 180  [0.525] 463
Started game 476 of 10000 (SeeFutility vs Magic)
Finished game 463 (Magic vs SeeFutility): 1-0 {White wins by adjudication}
Score of Magic vs SeeFutility: 154 - 130 - 180  [0.526] 464
Started game 477 of 10000 (Magic vs SeeFutility)
Finished game 470 (SeeFutility vs Magic): 1/2-1/2 {Draw by 3-fold repetition}
Score of Magic vs SeeFutility: 154 - 130 - 181  [0.526] 465
Started game 478 of 10000 (SeeFutility vs Magic)
Finished game 461 (Magic vs SeeFutility): 0-1 {Black mates}
Score of Magic vs SeeFutility: 154 - 131 - 181  [0.525] 466
Started game 479 of 10000 (Magic vs SeeFutility)
Finished game 466 (SeeFutility vs Magic): 1-0 {White wins by adjudication}
Score of Magic vs SeeFutility: 154 - 132 - 181  [0.524] 467
Started game 480 of 10000 (SeeFutility vs Magic)
Finished game 467 (Magic vs SeeFutility): 1/2-1/2 {Draw by insufficient mating material}
Score of Magic vs SeeFutility: 154 - 132 - 182  [0.524] 468
Started game 481 of 10000 (Magic vs SeeFutility)
Finished game 469 (Magic vs SeeFutility): 1-0 {White wins by adjudication}
Score of Magic vs SeeFutility: 155 - 132 - 182  [0.525] 469
Started game 482 of 10000 (SeeFutility vs Magic)
Finished game 472 (SeeFutility vs Magic): 1/2-1/2 {Draw by 3-fold repetition}
Score of Magic vs SeeFutility: 155 - 132 - 183  [0.524] 470
Started game 483 of 10000 (Magic vs SeeFutility)
Finished game 468 (SeeFutility vs Magic): 1-0 {White wins by adjudication}
Score of Magic vs SeeFutility: 155 - 133 - 183  [0.523] 471
Started game 484 of 10000 (SeeFutility vs Magic)
Finished game 475 (Magic vs SeeFutility): 1-0 {White wins by adjudication}
Score of Magic vs SeeFutility: 156 - 133 - 183  [0.524] 472
Started game 485 of 10000 (Magic vs SeeFutility)
Finished game 471 (Magic vs SeeFutility): 1/2-1/2 {Draw by 3-fold repetition}
Score of Magic vs SeeFutility: 156 - 133 - 184  [0.524] 473
Started game 486 of 10000 (SeeFutility vs Magic)
Finished game 473 (Magic vs SeeFutility): 1-0 {White wins by adjudication}
Score of Magic vs SeeFutility: 157 - 133 - 184  [0.525] 474
Started game 487 of 10000 (Magic vs SeeFutility)
Finished game 477 (Magic vs SeeFutility): 1-0 {White wins by adjudication}
Score of Magic vs SeeFutility: 158 - 133 - 184  [0.526] 475
Started game 488 of 10000 (SeeFutility vs Magic)
Finished game 479 (Magic vs SeeFutility): 0-1 {Black wins by adjudication}
Score of Magic vs SeeFutility: 158 - 134 - 184  [0.525] 476
Started game 489 of 10000 (Magic vs SeeFutility)
Finished game 480 (SeeFutility vs Magic): 1-0 {White wins by adjudication}
Score of Magic vs SeeFutility: 158 - 135 - 184  [0.524] 477
Started game 490 of 10000 (SeeFutility vs Magic)
Finished game 476 (SeeFutility vs Magic): 0-1 {Black wins by adjudication}
Score of Magic vs SeeFutility: 159 - 135 - 184  [0.525] 478
Started game 491 of 10000 (Magic vs SeeFutility)
Finished game 478 (SeeFutility vs Magic): 1-0 {White wins by adjudication}
Score of Magic vs SeeFutility: 159 - 136 - 184  [0.524] 479
Started game 492 of 10000 (SeeFutility vs Magic)
Finished game 482 (SeeFutility vs Magic): 1-0 {White wins by adjudication}
Score of Magic vs SeeFutility: 159 - 137 - 184  [0.523] 480
Started game 493 of 10000 (Magic vs SeeFutility)
Finished game 474 (SeeFutility vs Magic): 1/2-1/2 {Draw by 3-fold repetition}
Score of Magic vs SeeFutility: 159 - 137 - 185  [0.523] 481
Started game 494 of 10000 (SeeFutility vs Magic)
Finished game 485 (Magic vs SeeFutility): 1/2-1/2 {Draw by 3-fold repetition}
Score of Magic vs SeeFutility: 159 - 137 - 186  [0.523] 482
Started game 495 of 10000 (Magic vs SeeFutility)
Finished game 486 (SeeFutility vs Magic): 1/2-1/2 {Draw by 3-fold repetition}
Score of Magic vs SeeFutility: 159 - 137 - 187  [0.523] 483
Started game 496 of 10000 (SeeFutility vs Magic)
Finished game 481 (Magic vs SeeFutility): 0-1 {Black wins by adjudication}
Score of Magic vs SeeFutility: 159 - 138 - 187  [0.522] 484
Started game 497 of 10000 (Magic vs SeeFutility)
Finished game 483 (Magic vs SeeFutility): 1-0 {White wins by adjudication}
Score of Magic vs SeeFutility: 160 - 138 - 187  [0.523] 485
Started game 498 of 10000 (SeeFutility vs Magic)
Finished game 484 (SeeFutility vs Magic): 1/2-1/2 {Draw by stalemate}
Score of Magic vs SeeFutility: 160 - 138 - 188  [0.523] 486
Started game 499 of 10000 (Magic vs SeeFutility)
Finished game 490 (SeeFutility vs Magic): 1/2-1/2 {Draw by 3-fold repetition}
Score of Magic vs SeeFutility: 160 - 138 - 189  [0.523] 487
Started game 500 of 10000 (SeeFutility vs Magic)
Finished game 488 (SeeFutility vs Magic): 1-0 {White wins by adjudication}
Score of Magic vs SeeFutility: 160 - 139 - 189  [0.522] 488
Started game 501 of 10000 (Magic vs SeeFutility)
Finished game 487 (Magic vs SeeFutility): 1/2-1/2 {Draw by adjudication}
Score of Magic vs SeeFutility: 160 - 139 - 190  [0.521] 489
Started game 502 of 10000 (SeeFutility vs Magic)
Finished game 489 (Magic vs SeeFutility): 0-1 {Black wins by adjudication}
Score of Magic vs SeeFutility: 160 - 140 - 190  [0.520] 490
Started game 503 of 10000 (Magic vs SeeFutility)
Finished game 491 (Magic vs SeeFutility): 0-1 {Black wins by adjudication}
Score of Magic vs SeeFutility: 160 - 141 - 190  [0.519] 491
Started game 504 of 10000 (SeeFutility vs Magic)
Finished game 493 (Magic vs SeeFutility): 1-0 {White wins by adjudication}
Score of Magic vs SeeFutility: 161 - 141 - 190  [0.520] 492
Started game 505 of 10000 (Magic vs SeeFutility)
Finished game 492 (SeeFutility vs Magic): 1-0 {White wins by adjudication}
Score of Magic vs SeeFutility: 161 - 142 - 190  [0.519] 493
Started game 506 of 10000 (SeeFutility vs Magic)
Finished game 496 (SeeFutility vs Magic): 0-1 {Black wins by adjudication}
Score of Magic vs SeeFutility: 162 - 142 - 190  [0.520] 494
Started game 507 of 10000 (Magic vs SeeFutility)
Finished game 494 (SeeFutility vs Magic): 1-0 {White wins by adjudication}
Score of Magic vs SeeFutility: 162 - 143 - 190  [0.519] 495
Started game 508 of 10000 (SeeFutility vs Magic)
Finished game 495 (Magic vs SeeFutility): 0-1 {Black wins by adjudication}
Score of Magic vs SeeFutility: 162 - 144 - 190  [0.518] 496
Started game 509 of 10000 (Magic vs SeeFutility)
Finished game 499 (Magic vs SeeFutility): 1-0 {White wins by adjudication}
Score of Magic vs SeeFutility: 163 - 144 - 190  [0.519] 497
Started game 510 of 10000 (SeeFutility vs Magic)
Finished game 498 (SeeFutility vs Magic): 0-1 {Black wins by adjudication}
Score of Magic vs SeeFutility: 164 - 144 - 190  [0.520] 498
Started game 511 of 10000 (Magic vs SeeFutility)
Finished game 501 (Magic vs SeeFutility): 0-1 {Black wins by adjudication}
Score of Magic vs SeeFutility: 164 - 145 - 190  [0.519] 499
Started game 512 of 10000 (SeeFutility vs Magic)
Finished game 500 (SeeFutility vs Magic): 1/2-1/2 {Draw by insufficient mating material}
Score of Magic vs SeeFutility: 164 - 145 - 191  [0.519] 500
Started game 513 of 10000 (Magic vs SeeFutility)
Finished game 504 (SeeFutility vs Magic): 1/2-1/2 {Draw by 3-fold repetition}
Score of Magic vs SeeFutility: 164 - 145 - 192  [0.519] 501
Started game 514 of 10000 (SeeFutility vs Magic)
Finished game 502 (SeeFutility vs Magic): 1-0 {White wins by adjudication}
Score of Magic vs SeeFutility: 164 - 146 - 192  [0.518] 502
Started game 515 of 10000 (Magic vs SeeFutility)
Finished game 505 (Magic vs SeeFutility): 1-0 {White wins by adjudication}
Score of Magic vs SeeFutility: 165 - 146 - 192  [0.519] 503
Started game 516 of 10000 (SeeFutility vs Magic)
Finished game 497 (Magic vs SeeFutility): 1/2-1/2 {Draw by fifty moves rule}
Score of Magic vs SeeFutility: 165 - 146 - 193  [0.519] 504
Started game 517 of 10000 (Magic vs SeeFutility)
Finished game 508 (SeeFutility vs Magic): 0-1 {Black wins by adjudication}
Score of Magic vs SeeFutility: 166 - 146 - 193  [0.520] 505
Started game 518 of 10000 (SeeFutility vs Magic)
Finished game 503 (Magic vs SeeFutility): 0-1 {Black wins by adjudication}
Score of Magic vs SeeFutility: 166 - 147 - 193  [0.519] 506
Started game 519 of 10000 (Magic vs SeeFutility)
Finished game 515 (Magic vs SeeFutility): 1/2-1/2 {Draw by 3-fold repetition}
Score of Magic vs SeeFutility: 166 - 147 - 194  [0.519] 507
Started game 520 of 10000 (SeeFutility vs Magic)
Finished game 507 (Magic vs SeeFutility): 0-1 {Black wins by adjudication}
Score of Magic vs SeeFutility: 166 - 148 - 194  [0.518] 508
Started game 521 of 10000 (Magic vs SeeFutility)
Finished game 509 (Magic vs SeeFutility): 0-1 {Black wins by adjudication}
Score of Magic vs SeeFutility: 166 - 149 - 194  [0.517] 509
Started game 522 of 10000 (SeeFutility vs Magic)
Finished game 512 (SeeFutility vs Magic): 0-1 {Black wins by adjudication}
Score of Magic vs SeeFutility: 167 - 149 - 194  [0.518] 510
Started game 523 of 10000 (Magic vs SeeFutility)
Finished game 510 (SeeFutility vs Magic): 0-1 {Black wins by adjudication}
Score of Magic vs SeeFutility: 168 - 149 - 194  [0.519] 511
Started game 524 of 10000 (SeeFutility vs Magic)
Finished game 513 (Magic vs SeeFutility): 1/2-1/2 {Draw by insufficient mating material}
Score of Magic vs SeeFutility: 168 - 149 - 195  [0.519] 512
Started game 525 of 10000 (Magic vs SeeFutility)
Finished game 517 (Magic vs SeeFutility): 1-0 {White mates}
Score of Magic vs SeeFutility: 169 - 149 - 195  [0.519] 513
Started game 526 of 10000 (SeeFutility vs Magic)
Finished game 511 (Magic vs SeeFutility): 1/2-1/2 {Draw by 3-fold repetition}
Score of Magic vs SeeFutility: 169 - 149 - 196  [0.519] 514
Started game 527 of 10000 (Magic vs SeeFutility)
Finished game 514 (SeeFutility vs Magic): 1/2-1/2 {Draw by 3-fold repetition}
Score of Magic vs SeeFutility: 169 - 149 - 197  [0.519] 515
Started game 528 of 10000 (SeeFutility vs Magic)
Finished game 516 (SeeFutility vs Magic): 1-0 {White wins by adjudication}
Score of Magic vs SeeFutility: 169 - 150 - 197  [0.518] 516
Started game 529 of 10000 (Magic vs SeeFutility)
Finished game 522 (SeeFutility vs Magic): 0-1 {Black wins by adjudication}
Score of Magic vs SeeFutility: 170 - 150 - 197  [0.519] 517
Started game 530 of 10000 (SeeFutility vs Magic)
Finished game 518 (SeeFutility vs Magic): 0-1 {Black wins by adjudication}
Score of Magic vs SeeFutility: 171 - 150 - 197  [0.520] 518
Started game 531 of 10000 (Magic vs SeeFutility)
Finished game 523 (Magic vs SeeFutility): 1/2-1/2 {Draw by 3-fold repetition}
Score of Magic vs SeeFutility: 171 - 150 - 198  [0.520] 519
Started game 532 of 10000 (SeeFutility vs Magic)
Finished game 506 (SeeFutility vs Magic): 1/2-1/2 {Draw by fifty moves rule}
Score of Magic vs SeeFutility: 171 - 150 - 199  [0.520] 520
Started game 533 of 10000 (Magic vs SeeFutility)
Finished game 519 (Magic vs SeeFutility): 1/2-1/2 {Draw by insufficient mating material}
Score of Magic vs SeeFutility: 171 - 150 - 200  [0.520] 521
Started game 534 of 10000 (SeeFutility vs Magic)
Finished game 524 (SeeFutility vs Magic): 1/2-1/2 {Draw by 3-fold repetition}
Score of Magic vs SeeFutility: 171 - 150 - 201  [0.520] 522
Started game 535 of 10000 (Magic vs SeeFutility)
Finished game 521 (Magic vs SeeFutility): 0-1 {Black wins by adjudication}
Score of Magic vs SeeFutility: 171 - 151 - 201  [0.519] 523
Started game 536 of 10000 (SeeFutility vs Magic)
Finished game 520 (SeeFutility vs Magic): 1/2-1/2 {Draw by insufficient mating material}
Score of Magic vs SeeFutility: 171 - 151 - 202  [0.519] 524
Started game 537 of 10000 (Magic vs SeeFutility)
Finished game 525 (Magic vs SeeFutility): 1-0 {White wins by adjudication}
Score of Magic vs SeeFutility: 172 - 151 - 202  [0.520] 525
Started game 538 of 10000 (SeeFutility vs Magic)
Finished game 526 (SeeFutility vs Magic): 1-0 {White wins by adjudication}
Score of Magic vs SeeFutility: 172 - 152 - 202  [0.519] 526
Started game 539 of 10000 (Magic vs SeeFutility)
Finished game 528 (SeeFutility vs Magic): 1/2-1/2 {Draw by 3-fold repetition}
Score of Magic vs SeeFutility: 172 - 152 - 203  [0.519] 527
Started game 540 of 10000 (SeeFutility vs Magic)
Finished game 531 (Magic vs SeeFutility): 1/2-1/2 {Draw by 3-fold repetition}
Score of Magic vs SeeFutility: 172 - 152 - 204  [0.519] 528
Started game 541 of 10000 (Magic vs SeeFutility)
Finished game 532 (SeeFutility vs Magic): 0-1 {Black wins by adjudication}
Score of Magic vs SeeFutility: 173 - 152 - 204  [0.520] 529
Started game 542 of 10000 (SeeFutility vs Magic)
Finished game 535 (Magic vs SeeFutility): 1/2-1/2 {Draw by 3-fold repetition}
Score of Magic vs SeeFutility: 173 - 152 - 205  [0.520] 530
Started game 543 of 10000 (Magic vs SeeFutility)
Finished game 527 (Magic vs SeeFutility): 1/2-1/2 {Draw by adjudication}
Score of Magic vs SeeFutility: 173 - 152 - 206  [0.520] 531
Started game 544 of 10000 (SeeFutility vs Magic)
Finished game 534 (SeeFutility vs Magic): 1-0 {White wins by adjudication}
Score of Magic vs SeeFutility: 173 - 153 - 206  [0.519] 532
Started game 545 of 10000 (Magic vs SeeFutility)
Finished game 529 (Magic vs SeeFutility): 0-1 {Black wins by adjudication}
Score of Magic vs SeeFutility: 173 - 154 - 206  [0.518] 533
Started game 546 of 10000 (SeeFutility vs Magic)
Finished game 533 (Magic vs SeeFutility): 1-0 {White wins by adjudication}
Score of Magic vs SeeFutility: 174 - 154 - 206  [0.519] 534
Started game 547 of 10000 (Magic vs SeeFutility)
Finished game 530 (SeeFutility vs Magic): 0-1 {Black wins by adjudication}
Score of Magic vs SeeFutility: 175 - 154 - 206  [0.520] 535
Started game 548 of 10000 (SeeFutility vs Magic)
Finished game 538 (SeeFutility vs Magic): 1/2-1/2 {Draw by adjudication}
Score of Magic vs SeeFutility: 175 - 154 - 207  [0.520] 536
Started game 549 of 10000 (Magic vs SeeFutility)
Finished game 536 (SeeFutility vs Magic): 0-1 {Black wins by adjudication}
Score of Magic vs SeeFutility: 176 - 154 - 207  [0.520] 537
Started game 550 of 10000 (SeeFutility vs Magic)
Finished game 537 (Magic vs SeeFutility): 1-0 {White wins by adjudication}
Score of Magic vs SeeFutility: 177 - 154 - 207  [0.521] 538
Started game 551 of 10000 (Magic vs SeeFutility)
Finished game 539 (Magic vs SeeFutility): 1/2-1/2 {Draw by insufficient mating material}
Score of Magic vs SeeFutility: 177 - 154 - 208  [0.521] 539
Started game 552 of 10000 (SeeFutility vs Magic)
Finished game 542 (SeeFutility vs Magic): 1/2-1/2 {Draw by 3-fold repetition}
Score of Magic vs SeeFutility: 177 - 154 - 209  [0.521] 540
Started game 553 of 10000 (Magic vs SeeFutility)
Finished game 541 (Magic vs SeeFutility): 1/2-1/2 {Draw by 3-fold repetition}
Score of Magic vs SeeFutility: 177 - 154 - 210  [0.521] 541
Started game 554 of 10000 (SeeFutility vs Magic)
Finished game 540 (SeeFutility vs Magic): 1-0 {White wins by adjudication}
Score of Magic vs SeeFutility: 177 - 155 - 210  [0.520] 542
Started game 555 of 10000 (Magic vs SeeFutility)
Finished game 548 (SeeFutility vs Magic): 1/2-1/2 {Draw by 3-fold repetition}
Score of Magic vs SeeFutility: 177 - 155 - 211  [0.520] 543
Started game 556 of 10000 (SeeFutility vs Magic)
Finished game 543 (Magic vs SeeFutility): 1/2-1/2 {Draw by adjudication}
Score of Magic vs SeeFutility: 177 - 155 - 212  [0.520] 544
Started game 557 of 10000 (Magic vs SeeFutility)
Finished game 546 (SeeFutility vs Magic): 1-0 {White wins by adjudication}
Score of Magic vs SeeFutility: 177 - 156 - 212  [0.519] 545
Started game 558 of 10000 (SeeFutility vs Magic)
Finished game 544 (SeeFutility vs Magic): 1/2-1/2 {Draw by 3-fold repetition}
Score of Magic vs SeeFutility: 177 - 156 - 213  [0.519] 546
Started game 559 of 10000 (Magic vs SeeFutility)
Finished game 547 (Magic vs SeeFutility): 1/2-1/2 {Draw by 3-fold repetition}
Score of Magic vs SeeFutility: 177 - 156 - 214  [0.519] 547
Started game 560 of 10000 (SeeFutility vs Magic)
Finished game 545 (Magic vs SeeFutility): 1-0 {White wins by adjudication}
Score of Magic vs SeeFutility: 178 - 156 - 214  [0.520] 548
Started game 561 of 10000 (Magic vs SeeFutility)
Finished game 549 (Magic vs SeeFutility): 0-1 {Black wins by adjudication}
Score of Magic vs SeeFutility: 178 - 157 - 214  [0.519] 549
Started game 562 of 10000 (SeeFutility vs Magic)
Finished game 550 (SeeFutility vs Magic): 1-0 {White wins by adjudication}
Score of Magic vs SeeFutility: 178 - 158 - 214  [0.518] 550
Started game 563 of 10000 (Magic vs SeeFutility)
Finished game 551 (Magic vs SeeFutility): 1-0 {White wins by adjudication}
Score of Magic vs SeeFutility: 179 - 158 - 214  [0.519] 551
Started game 564 of 10000 (SeeFutility vs Magic)
Finished game 553 (Magic vs SeeFutility): 1-0 {White wins by adjudication}
Score of Magic vs SeeFutility: 180 - 158 - 214  [0.520] 552
Started game 565 of 10000 (Magic vs SeeFutility)
Finished game 557 (Magic vs SeeFutility): 1-0 {White wins by adjudication}
Score of Magic vs SeeFutility: 181 - 158 - 214  [0.521] 553
Started game 566 of 10000 (SeeFutility vs Magic)
Finished game 555 (Magic vs SeeFutility): 0-1 {Black wins by adjudication}
Score of Magic vs SeeFutility: 181 - 159 - 214  [0.520] 554
Started game 567 of 10000 (Magic vs SeeFutility)
Finished game 559 (Magic vs SeeFutility): 0-1 {Black wins by adjudication}
Score of Magic vs SeeFutility: 181 - 160 - 214  [0.519] 555
Started game 568 of 10000 (SeeFutility vs Magic)
Finished game 552 (SeeFutility vs Magic): 0-1 {Black wins by adjudication}
Score of Magic vs SeeFutility: 182 - 160 - 214  [0.520] 556
Started game 569 of 10000 (Magic vs SeeFutility)
Finished game 556 (SeeFutility vs Magic): 0-1 {Black wins by adjudication}
Score of Magic vs SeeFutility: 183 - 160 - 214  [0.521] 557
Started game 570 of 10000 (SeeFutility vs Magic)
Finished game 554 (SeeFutility vs Magic): 1/2-1/2 {Draw by fifty moves rule}
Score of Magic vs SeeFutility: 183 - 160 - 215  [0.521] 558
Started game 571 of 10000 (Magic vs SeeFutility)
Finished game 558 (SeeFutility vs Magic): 0-1 {Black wins by adjudication}
Score of Magic vs SeeFutility: 184 - 160 - 215  [0.521] 559
Started game 572 of 10000 (SeeFutility vs Magic)
Finished game 561 (Magic vs SeeFutility): 1-0 {White wins by adjudication}
Score of Magic vs SeeFutility: 185 - 160 - 215  [0.522] 560
Started game 573 of 10000 (Magic vs SeeFutility)
Finished game 560 (SeeFutility vs Magic): 0-1 {Black wins by adjudication}
Score of Magic vs SeeFutility: 186 - 160 - 215  [0.523] 561
Started game 574 of 10000 (SeeFutility vs Magic)
Finished game 563 (Magic vs SeeFutility): 1/2-1/2 {Draw by 3-fold repetition}
Score of Magic vs SeeFutility: 186 - 160 - 216  [0.523] 562
Started game 575 of 10000 (Magic vs SeeFutility)
Finished game 562 (SeeFutility vs Magic): 1/2-1/2 {Draw by insufficient mating material}
Score of Magic vs SeeFutility: 186 - 160 - 217  [0.523] 563
Started game 576 of 10000 (SeeFutility vs Magic)
Finished game 565 (Magic vs SeeFutility): 1/2-1/2 {Draw by 3-fold repetition}
Score of Magic vs SeeFutility: 186 - 160 - 218  [0.523] 564
Started game 577 of 10000 (Magic vs SeeFutility)
Finished game 572 (SeeFutility vs Magic): 1/2-1/2 {Draw by 3-fold repetition}
Score of Magic vs SeeFutility: 186 - 160 - 219  [0.523] 565
Started game 578 of 10000 (SeeFutility vs Magic)
Finished game 571 (Magic vs SeeFutility): 0-1 {Black wins by adjudication}
Score of Magic vs SeeFutility: 186 - 161 - 219  [0.522] 566
Started game 579 of 10000 (Magic vs SeeFutility)
Finished game 570 (SeeFutility vs Magic): 0-1 {Black wins by adjudication}
Score of Magic vs SeeFutility: 187 - 161 - 219  [0.523] 567
Started game 580 of 10000 (SeeFutility vs Magic)
Finished game 567 (Magic vs SeeFutility): 1/2-1/2 {Draw by adjudication}
Score of Magic vs SeeFutility: 187 - 161 - 220  [0.523] 568
Started game 581 of 10000 (Magic vs SeeFutility)
Finished game 568 (SeeFutility vs Magic): 1-0 {White wins by adjudication}
Score of Magic vs SeeFutility: 187 - 162 - 220  [0.522] 569
Started game 582 of 10000 (SeeFutility vs Magic)
Finished game 566 (SeeFutility vs Magic): 1/2-1/2 {Draw by insufficient mating material}
Score of Magic vs SeeFutility: 187 - 162 - 221  [0.522] 570
Started game 583 of 10000 (Magic vs SeeFutility)
Finished game 574 (SeeFutility vs Magic): 1/2-1/2 {Draw by 3-fold repetition}
Score of Magic vs SeeFutility: 187 - 162 - 222  [0.522] 571
Started game 584 of 10000 (SeeFutility vs Magic)
Finished game 569 (Magic vs SeeFutility): 1-0 {White wins by adjudication}
Score of Magic vs SeeFutility: 188 - 162 - 222  [0.523] 572
Started game 585 of 10000 (Magic vs SeeFutility)
Finished game 578 (SeeFutility vs Magic): 1/2-1/2 {Draw by 3-fold repetition}
Score of Magic vs SeeFutility: 188 - 162 - 223  [0.523] 573
Started game 586 of 10000 (SeeFutility vs Magic)
Finished game 575 (Magic vs SeeFutility): 1/2-1/2 {Draw by 3-fold repetition}
Score of Magic vs SeeFutility: 188 - 162 - 224  [0.523] 574
Started game 587 of 10000 (Magic vs SeeFutility)
Finished game 573 (Magic vs SeeFutility): 1-0 {White wins by adjudication}
Score of Magic vs SeeFutility: 189 - 162 - 224  [0.523] 575
Started game 588 of 10000 (SeeFutility vs Magic)
Finished game 576 (SeeFutility vs Magic): 0-1 {Black mates}
Score of Magic vs SeeFutility: 190 - 162 - 224  [0.524] 576
Started game 589 of 10000 (Magic vs SeeFutility)
Finished game 564 (SeeFutility vs Magic): 1/2-1/2 {Draw by insufficient mating material}
Score of Magic vs SeeFutility: 190 - 162 - 225  [0.524] 577
Started game 590 of 10000 (SeeFutility vs Magic)
Finished game 577 (Magic vs SeeFutility): 1-0 {White wins by adjudication}
Score of Magic vs SeeFutility: 191 - 162 - 225  [0.525] 578
Started game 591 of 10000 (Magic vs SeeFutility)
Finished game 579 (Magic vs SeeFutility): 1-0 {White wins by adjudication}
Score of Magic vs SeeFutility: 192 - 162 - 225  [0.526] 579
Started game 592 of 10000 (SeeFutility vs Magic)
Finished game 580 (SeeFutility vs Magic): 0-1 {Black wins by adjudication}
Score of Magic vs SeeFutility: 193 - 162 - 225  [0.527] 580
Started game 593 of 10000 (Magic vs SeeFutility)
Finished game 584 (SeeFutility vs Magic): 1-0 {White mates}
Score of Magic vs SeeFutility: 193 - 163 - 225  [0.526] 581
Started game 594 of 10000 (SeeFutility vs Magic)
Finished game 583 (Magic vs SeeFutility): 1-0 {White wins by adjudication}
Score of Magic vs SeeFutility: 194 - 163 - 225  [0.527] 582
Started game 595 of 10000 (Magic vs SeeFutility)
Finished game 581 (Magic vs SeeFutility): 1-0 {White wins by adjudication}
Score of Magic vs SeeFutility: 195 - 163 - 225  [0.527] 583
Started game 596 of 10000 (SeeFutility vs Magic)
Finished game 582 (SeeFutility vs Magic): 0-1 {Black wins by adjudication}
Score of Magic vs SeeFutility: 196 - 163 - 225  [0.528] 584
Started game 597 of 10000 (Magic vs SeeFutility)
Finished game 585 (Magic vs SeeFutility): 0-1 {Black wins by adjudication}
Score of Magic vs SeeFutility: 196 - 164 - 225  [0.527] 585
Started game 598 of 10000 (SeeFutility vs Magic)
Finished game 587 (Magic vs SeeFutility): 0-1 {Black wins by adjudication}
Score of Magic vs SeeFutility: 196 - 165 - 225  [0.526] 586
Started game 599 of 10000 (Magic vs SeeFutility)
Finished game 586 (SeeFutility vs Magic): 1-0 {White mates}
Score of Magic vs SeeFutility: 196 - 166 - 225  [0.526] 587
Started game 600 of 10000 (SeeFutility vs Magic)
Finished game 591 (Magic vs SeeFutility): 1-0 {White wins by adjudication}
Score of Magic vs SeeFutility: 197 - 166 - 225  [0.526] 588
Started game 601 of 10000 (Magic vs SeeFutility)
Finished game 588 (SeeFutility vs Magic): 1-0 {White wins by adjudication}
Score of Magic vs SeeFutility: 197 - 167 - 225  [0.525] 589
Started game 602 of 10000 (SeeFutility vs Magic)
Finished game 592 (SeeFutility vs Magic): 1-0 {White wins by adjudication}
Score of Magic vs SeeFutility: 197 - 168 - 225  [0.525] 590
Started game 603 of 10000 (Magic vs SeeFutility)
Finished game 589 (Magic vs SeeFutility): 0-1 {Black wins by adjudication}
Score of Magic vs SeeFutility: 197 - 169 - 225  [0.524] 591
Started game 604 of 10000 (SeeFutility vs Magic)
Finished game 593 (Magic vs SeeFutility): 0-1 {Black wins by adjudication}
Score of Magic vs SeeFutility: 197 - 170 - 225  [0.523] 592
Started game 605 of 10000 (Magic vs SeeFutility)
Finished game 598 (SeeFutility vs Magic): 1-0 {White mates}
Score of Magic vs SeeFutility: 197 - 171 - 225  [0.522] 593
Started game 606 of 10000 (SeeFutility vs Magic)
Finished game 597 (Magic vs SeeFutility): 1/2-1/2 {Draw by 3-fold repetition}
Score of Magic vs SeeFutility: 197 - 171 - 226  [0.522] 594
Started game 607 of 10000 (Magic vs SeeFutility)
Finished game 590 (SeeFutility vs Magic): 1-0 {White mates}
Score of Magic vs SeeFutility: 197 - 172 - 226  [0.521] 595
Started game 608 of 10000 (SeeFutility vs Magic)
Finished game 595 (Magic vs SeeFutility): 0-1 {Black wins by adjudication}
Score of Magic vs SeeFutility: 197 - 173 - 226  [0.520] 596
Started game 609 of 10000 (Magic vs SeeFutility)
Finished game 594 (SeeFutility vs Magic): 0-1 {Black mates}
Score of Magic vs SeeFutility: 198 - 173 - 226  [0.521] 597
Started game 610 of 10000 (SeeFutility vs Magic)
Finished game 596 (SeeFutility vs Magic): 1/2-1/2 {Draw by 3-fold repetition}
Score of Magic vs SeeFutility: 198 - 173 - 227  [0.521] 598
Started game 611 of 10000 (Magic vs SeeFutility)
Finished game 599 (Magic vs SeeFutility): 1/2-1/2 {Draw by adjudication}
Score of Magic vs SeeFutility: 198 - 173 - 228  [0.521] 599
Started game 612 of 10000 (SeeFutility vs Magic)
Finished game 603 (Magic vs SeeFutility): 1-0 {White wins by adjudication}
Score of Magic vs SeeFutility: 199 - 173 - 228  [0.522] 600
Started game 613 of 10000 (Magic vs SeeFutility)
Finished game 600 (SeeFutility vs Magic): 1/2-1/2 {Draw by insufficient mating material}
Score of Magic vs SeeFutility: 199 - 173 - 229  [0.522] 601
Started game 614 of 10000 (SeeFutility vs Magic)
Finished game 604 (SeeFutility vs Magic): 1-0 {White wins by adjudication}
Score of Magic vs SeeFutility: 199 - 174 - 229  [0.521] 602
Started game 615 of 10000 (Magic vs SeeFutility)
Finished game 602 (SeeFutility vs Magic): 0-1 {Black wins by adjudication}
Score of Magic vs SeeFutility: 200 - 174 - 229  [0.522] 603
Started game 616 of 10000 (SeeFutility vs Magic)
Finished game 610 (SeeFutility vs Magic): 1/2-1/2 {Draw by 3-fold repetition}
Score of Magic vs SeeFutility: 200 - 174 - 230  [0.522] 604
Started game 617 of 10000 (Magic vs SeeFutility)
Finished game 611 (Magic vs SeeFutility): 1/2-1/2 {Draw by 3-fold repetition}
Score of Magic vs SeeFutility: 200 - 174 - 231  [0.521] 605
Started game 618 of 10000 (SeeFutility vs Magic)
Finished game 605 (Magic vs SeeFutility): 1-0 {White wins by adjudication}
Score of Magic vs SeeFutility: 201 - 174 - 231  [0.522] 606
Started game 619 of 10000 (Magic vs SeeFutility)
Finished game 606 (SeeFutility vs Magic): 0-1 {Black wins by adjudication}
Score of Magic vs SeeFutility: 202 - 174 - 231  [0.523] 607
Started game 620 of 10000 (SeeFutility vs Magic)
Finished game 609 (Magic vs SeeFutility): 0-1 {Black wins by adjudication}
Score of Magic vs SeeFutility: 202 - 175 - 231  [0.522] 608
Started game 621 of 10000 (Magic vs SeeFutility)
Finished game 608 (SeeFutility vs Magic): 1-0 {White wins by adjudication}
Score of Magic vs SeeFutility: 202 - 176 - 231  [0.521] 609
Started game 622 of 10000 (SeeFutility vs Magic)
Finished game 601 (Magic vs SeeFutility): 1/2-1/2 {Draw by fifty moves rule}
Score of Magic vs SeeFutility: 202 - 176 - 232  [0.521] 610
Started game 623 of 10000 (Magic vs SeeFutility)
Finished game 612 (SeeFutility vs Magic): 0-1 {Black wins by adjudication}
Score of Magic vs SeeFutility: 203 - 176 - 232  [0.522] 611
Started game 624 of 10000 (SeeFutility vs Magic)
Finished game 620 (SeeFutility vs Magic): 1/2-1/2 {Draw by 3-fold repetition}
Score of Magic vs SeeFutility: 203 - 176 - 233  [0.522] 612
Started game 625 of 10000 (Magic vs SeeFutility)
Finished game 615 (Magic vs SeeFutility): 1-0 {White wins by adjudication}
Score of Magic vs SeeFutility: 204 - 176 - 233  [0.523] 613
Started game 626 of 10000 (SeeFutility vs Magic)
Finished game 614 (SeeFutility vs Magic): 1-0 {White wins by adjudication}
Score of Magic vs SeeFutility: 204 - 177 - 233  [0.522] 614
Started game 627 of 10000 (Magic vs SeeFutility)
Finished game 607 (Magic vs SeeFutility): 0-1 {Black wins by adjudication}
Score of Magic vs SeeFutility: 204 - 178 - 233  [0.521] 615
Started game 628 of 10000 (SeeFutility vs Magic)
Finished game 616 (SeeFutility vs Magic): 0-1 {Black wins by adjudication}
Score of Magic vs SeeFutility: 205 - 178 - 233  [0.522] 616
Started game 629 of 10000 (Magic vs SeeFutility)
Finished game 619 (Magic vs SeeFutility): 0-1 {Black wins by adjudication}
Score of Magic vs SeeFutility: 205 - 179 - 233  [0.521] 617
Started game 630 of 10000 (SeeFutility vs Magic)
Finished game 613 (Magic vs SeeFutility): 1-0 {White wins by adjudication}
Score of Magic vs SeeFutility: 206 - 179 - 233  [0.522] 618
Started game 631 of 10000 (Magic vs SeeFutility)
Finished game 617 (Magic vs SeeFutility): 0-1 {Black wins by adjudication}
Score of Magic vs SeeFutility: 206 - 180 - 233  [0.521] 619
Started game 632 of 10000 (SeeFutility vs Magic)
Finished game 618 (SeeFutility vs Magic): 1-0 {White wins by adjudication}
Score of Magic vs SeeFutility: 206 - 181 - 233  [0.520] 620
Started game 633 of 10000 (Magic vs SeeFutility)
Finished game 621 (Magic vs SeeFutility): 1/2-1/2 {Draw by 3-fold repetition}
Score of Magic vs SeeFutility: 206 - 181 - 234  [0.520] 621
Started game 634 of 10000 (SeeFutility vs Magic)
Finished game 624 (SeeFutility vs Magic): 0-1 {Black wins by adjudication}
Score of Magic vs SeeFutility: 207 - 181 - 234  [0.521] 622
Started game 635 of 10000 (Magic vs SeeFutility)
Finished game 622 (SeeFutility vs Magic): 0-1 {Black mates}
Score of Magic vs SeeFutility: 208 - 181 - 234  [0.522] 623
Started game 636 of 10000 (SeeFutility vs Magic)
Finished game 627 (Magic vs SeeFutility): 1-0 {White wins by adjudication}
Score of Magic vs SeeFutility: 209 - 181 - 234  [0.522] 624
Started game 637 of 10000 (Magic vs SeeFutility)
Finished game 626 (SeeFutility vs Magic): 1-0 {White wins by adjudication}
Score of Magic vs SeeFutility: 209 - 182 - 234  [0.522] 625
Started game 638 of 10000 (SeeFutility vs Magic)
Finished game 631 (Magic vs SeeFutility): 1-0 {White wins by adjudication}
Score of Magic vs SeeFutility: 210 - 182 - 234  [0.522] 626
Started game 639 of 10000 (Magic vs SeeFutility)
Finished game 629 (Magic vs SeeFutility): 1-0 {White wins by adjudication}
Score of Magic vs SeeFutility: 211 - 182 - 234  [0.523] 627
Started game 640 of 10000 (SeeFutility vs Magic)
Finished game 633 (Magic vs SeeFutility): 0-1 {Black wins by adjudication}
Score of Magic vs SeeFutility: 211 - 183 - 234  [0.522] 628
Started game 641 of 10000 (Magic vs SeeFutility)
Finished game 623 (Magic vs SeeFutility): 1/2-1/2 {Draw by fifty moves rule}
Score of Magic vs SeeFutility: 211 - 183 - 235  [0.522] 629
Started game 642 of 10000 (SeeFutility vs Magic)
Finished game 630 (SeeFutility vs Magic): 0-1 {Black wins by adjudication}
Score of Magic vs SeeFutility: 212 - 183 - 235  [0.523] 630
Started game 643 of 10000 (Magic vs SeeFutility)
Finished game 634 (SeeFutility vs Magic): 0-1 {Black wins by adjudication}
Score of Magic vs SeeFutility: 213 - 183 - 235  [0.524] 631
Started game 644 of 10000 (SeeFutility vs Magic)
Finished game 635 (Magic vs SeeFutility): 1-0 {White wins by adjudication}
Score of Magic vs SeeFutility: 214 - 183 - 235  [0.525] 632
Started game 645 of 10000 (Magic vs SeeFutility)
Finished game 628 (SeeFutility vs Magic): 1/2-1/2 {Draw by insufficient mating material}
Score of Magic vs SeeFutility: 214 - 183 - 236  [0.524] 633
Started game 646 of 10000 (SeeFutility vs Magic)
Finished game 632 (SeeFutility vs Magic): 1-0 {White mates}
Score of Magic vs SeeFutility: 214 - 184 - 236  [0.524] 634
Started game 647 of 10000 (Magic vs SeeFutility)
Finished game 636 (SeeFutility vs Magic): 0-1 {Black wins by adjudication}
Score of Magic vs SeeFutility: 215 - 184 - 236  [0.524] 635
Started game 648 of 10000 (SeeFutility vs Magic)
Finished game 638 (SeeFutility vs Magic): 1/2-1/2 {Draw by adjudication}
Score of Magic vs SeeFutility: 215 - 184 - 237  [0.524] 636
Started game 649 of 10000 (Magic vs SeeFutility)
Finished game 640 (SeeFutility vs Magic): 1/2-1/2 {Draw by 3-fold repetition}
Score of Magic vs SeeFutility: 215 - 184 - 238  [0.524] 637
Started game 650 of 10000 (SeeFutility vs Magic)
Finished game 637 (Magic vs SeeFutility): 1/2-1/2 {Draw by adjudication}
Score of Magic vs SeeFutility: 215 - 184 - 239  [0.524] 638
Started game 651 of 10000 (Magic vs SeeFutility)
Finished game 642 (SeeFutility vs Magic): 1-0 {White wins by adjudication}
Score of Magic vs SeeFutility: 215 - 185 - 239  [0.523] 639
Started game 652 of 10000 (SeeFutility vs Magic)
Finished game 643 (Magic vs SeeFutility): 1/2-1/2 {Draw by 3-fold repetition}
Score of Magic vs SeeFutility: 215 - 185 - 240  [0.523] 640
Started game 653 of 10000 (Magic vs SeeFutility)
Finished game 639 (Magic vs SeeFutility): 0-1 {Black mates}
Score of Magic vs SeeFutility: 215 - 186 - 240  [0.523] 641
Started game 654 of 10000 (SeeFutility vs Magic)
Finished game 641 (Magic vs SeeFutility): 1/2-1/2 {Draw by insufficient mating material}
Score of Magic vs SeeFutility: 215 - 186 - 241  [0.523] 642
Started game 655 of 10000 (Magic vs SeeFutility)
Finished game 625 (Magic vs SeeFutility): 1/2-1/2 {Draw by fifty moves rule}
Score of Magic vs SeeFutility: 215 - 186 - 242  [0.523] 643
Started game 656 of 10000 (SeeFutility vs Magic)
Finished game 644 (SeeFutility vs Magic): 0-1 {Black wins by adjudication}
Score of Magic vs SeeFutility: 216 - 186 - 242  [0.523] 644
Started game 657 of 10000 (Magic vs SeeFutility)
Finished game 645 (Magic vs SeeFutility): 0-1 {Black wins by adjudication}
Score of Magic vs SeeFutility: 216 - 187 - 242  [0.522] 645
Started game 658 of 10000 (SeeFutility vs Magic)
Finished game 652 (SeeFutility vs Magic): 1/2-1/2 {Draw by adjudication}
Score of Magic vs SeeFutility: 216 - 187 - 243  [0.522] 646
Started game 659 of 10000 (Magic vs SeeFutility)
Finished game 647 (Magic vs SeeFutility): 1-0 {White wins by adjudication}
Score of Magic vs SeeFutility: 217 - 187 - 243  [0.523] 647
Started game 660 of 10000 (SeeFutility vs Magic)
Finished game 649 (Magic vs SeeFutility): 1/2-1/2 {Draw by 3-fold repetition}
Score of Magic vs SeeFutility: 217 - 187 - 244  [0.523] 648
Started game 661 of 10000 (Magic vs SeeFutility)
Finished game 646 (SeeFutility vs Magic): 1-0 {White wins by adjudication}
Score of Magic vs SeeFutility: 217 - 188 - 244  [0.522] 649
Started game 662 of 10000 (SeeFutility vs Magic)
Finished game 651 (Magic vs SeeFutility): 0-1 {Black wins by adjudication}
Score of Magic vs SeeFutility: 217 - 189 - 244  [0.522] 650
Started game 663 of 10000 (Magic vs SeeFutility)
Finished game 650 (SeeFutility vs Magic): 1-0 {White wins by adjudication}
Score of Magic vs SeeFutility: 217 - 190 - 244  [0.521] 651
Started game 664 of 10000 (SeeFutility vs Magic)
Finished game 648 (SeeFutility vs Magic): 1/2-1/2 {Draw by fifty moves rule}
Score of Magic vs SeeFutility: 217 - 190 - 245  [0.521] 652
Started game 665 of 10000 (Magic vs SeeFutility)
Finished game 653 (Magic vs SeeFutility): 1-0 {White wins by adjudication}
Score of Magic vs SeeFutility: 218 - 190 - 245  [0.521] 653
Started game 666 of 10000 (SeeFutility vs Magic)
Finished game 654 (SeeFutility vs Magic): 1-0 {White wins by adjudication}
Score of Magic vs SeeFutility: 218 - 191 - 245  [0.521] 654
Started game 667 of 10000 (Magic vs SeeFutility)
Finished game 657 (Magic vs SeeFutility): 1-0 {White wins by adjudication}
Score of Magic vs SeeFutility: 219 - 191 - 245  [0.521] 655
Started game 668 of 10000 (SeeFutility vs Magic)
Finished game 655 (Magic vs SeeFutility): 1-0 {White wins by adjudication}
Score of Magic vs SeeFutility: 220 - 191 - 245  [0.522] 656
Started game 669 of 10000 (Magic vs SeeFutility)
Finished game 660 (SeeFutility vs Magic): 1/2-1/2 {Draw by 3-fold repetition}
Score of Magic vs SeeFutility: 220 - 191 - 246  [0.522] 657
Started game 670 of 10000 (SeeFutility vs Magic)
Finished game 663 (Magic vs SeeFutility): 0-1 {Black wins by adjudication}
Score of Magic vs SeeFutility: 220 - 192 - 246  [0.521] 658
Started game 671 of 10000 (Magic vs SeeFutility)
Finished game 658 (SeeFutility vs Magic): 1/2-1/2 {Draw by insufficient mating material}
Score of Magic vs SeeFutility: 220 - 192 - 247  [0.521] 659
Started game 672 of 10000 (SeeFutility vs Magic)
Finished game 662 (SeeFutility vs Magic): 0-1 {Black wins by adjudication}
Score of Magic vs SeeFutility: 221 - 192 - 247  [0.522] 660
Started game 673 of 10000 (Magic vs SeeFutility)
Finished game 661 (Magic vs SeeFutility): 1-0 {White wins by adjudication}
Score of Magic vs SeeFutility: 222 - 192 - 247  [0.523] 661
Started game 674 of 10000 (SeeFutility vs Magic)
Finished game 664 (SeeFutility vs Magic): 1/2-1/2 {Draw by adjudication}
Score of Magic vs SeeFutility: 222 - 192 - 248  [0.523] 662
Started game 675 of 10000 (Magic vs SeeFutility)
Finished game 659 (Magic vs SeeFutility): 1/2-1/2 {Draw by adjudication}
Score of Magic vs SeeFutility: 222 - 192 - 249  [0.523] 663
Started game 676 of 10000 (SeeFutility vs Magic)
Finished game 656 (SeeFutility vs Magic): 1/2-1/2 {Draw by fifty moves rule}
Score of Magic vs SeeFutility: 222 - 192 - 250  [0.523] 664
Started game 677 of 10000 (Magic vs SeeFutility)
Finished game 669 (Magic vs SeeFutility): 1/2-1/2 {Draw by 3-fold repetition}
Score of Magic vs SeeFutility: 222 - 192 - 251  [0.523] 665
Started game 678 of 10000 (SeeFutility vs Magic)
Finished game 668 (SeeFutility vs Magic): 1-0 {White wins by adjudication}
Score of Magic vs SeeFutility: 222 - 193 - 251  [0.522] 666
Started game 679 of 10000 (Magic vs SeeFutility)
Finished game 666 (SeeFutility vs Magic): 1-0 {White wins by adjudication}
Score of Magic vs SeeFutility: 222 - 194 - 251  [0.521] 667
Started game 680 of 10000 (SeeFutility vs Magic)
Finished game 665 (Magic vs SeeFutility): 1-0 {White wins by adjudication}
Score of Magic vs SeeFutility: 223 - 194 - 251  [0.522] 668
Started game 681 of 10000 (Magic vs SeeFutility)
Finished game 674 (SeeFutility vs Magic): 1/2-1/2 {Draw by 3-fold repetition}
Score of Magic vs SeeFutility: 223 - 194 - 252  [0.522] 669
Started game 682 of 10000 (SeeFutility vs Magic)
Finished game 667 (Magic vs SeeFutility): 1/2-1/2 {Draw by 3-fold repetition}
Score of Magic vs SeeFutility: 223 - 194 - 253  [0.522] 670
Started game 683 of 10000 (Magic vs SeeFutility)
Finished game 670 (SeeFutility vs Magic): 1/2-1/2 {Draw by adjudication}
Score of Magic vs SeeFutility: 223 - 194 - 254  [0.522] 671
Started game 684 of 10000 (SeeFutility vs Magic)
Finished game 672 (SeeFutility vs Magic): 0-1 {Black wins by adjudication}
Score of Magic vs SeeFutility: 224 - 194 - 254  [0.522] 672
Started game 685 of 10000 (Magic vs SeeFutility)
Finished game 673 (Magic vs SeeFutility): 1-0 {White wins by adjudication}
Score of Magic vs SeeFutility: 225 - 194 - 254  [0.523] 673
Started game 686 of 10000 (SeeFutility vs Magic)
Finished game 677 (Magic vs SeeFutility): 1/2-1/2 {Draw by adjudication}
Score of Magic vs SeeFutility: 225 - 194 - 255  [0.523] 674
Started game 687 of 10000 (Magic vs SeeFutility)
Finished game 679 (Magic vs SeeFutility): 1/2-1/2 {Draw by 3-fold repetition}
Score of Magic vs SeeFutility: 225 - 194 - 256  [0.523] 675
Started game 688 of 10000 (SeeFutility vs Magic)
Finished game 675 (Magic vs SeeFutility): 0-1 {Black wins by adjudication}
Score of Magic vs SeeFutility: 225 - 195 - 256  [0.522] 676
Started game 689 of 10000 (Magic vs SeeFutility)
Finished game 680 (SeeFutility vs Magic): 1-0 {White wins by adjudication}
Score of Magic vs SeeFutility: 225 - 196 - 256  [0.521] 677
Started game 690 of 10000 (SeeFutility vs Magic)
Finished game 678 (SeeFutility vs Magic): 1/2-1/2 {Draw by 3-fold repetition}
Score of Magic vs SeeFutility: 225 - 196 - 257  [0.521] 678
Started game 691 of 10000 (Magic vs SeeFutility)
Finished game 671 (Magic vs SeeFutility): 1-0 {White wins by adjudication}
Score of Magic vs SeeFutility: 226 - 196 - 257  [0.522] 679
Started game 692 of 10000 (SeeFutility vs Magic)
Finished game 676 (SeeFutility vs Magic): 1-0 {White wins by adjudication}
Score of Magic vs SeeFutility: 226 - 197 - 257  [0.521] 680
Started game 693 of 10000 (Magic vs SeeFutility)
Finished game 684 (SeeFutility vs Magic): 0-1 {Black wins by adjudication}
Score of Magic vs SeeFutility: 227 - 197 - 257  [0.522] 681
Started game 694 of 10000 (SeeFutility vs Magic)
Finished game 681 (Magic vs SeeFutility): 1-0 {White wins by adjudication}
Score of Magic vs SeeFutility: 228 - 197 - 257  [0.523] 682
Started game 695 of 10000 (Magic vs SeeFutility)
Finished game 683 (Magic vs SeeFutility): 0-1 {Black wins by adjudication}
Score of Magic vs SeeFutility: 228 - 198 - 257  [0.522] 683
Started game 696 of 10000 (SeeFutility vs Magic)
Finished game 685 (Magic vs SeeFutility): 1/2-1/2 {Draw by adjudication}
Score of Magic vs SeeFutility: 228 - 198 - 258  [0.522] 684
Started game 697 of 10000 (Magic vs SeeFutility)
Finished game 682 (SeeFutility vs Magic): 1/2-1/2 {Draw by fifty moves rule}
Score of Magic vs SeeFutility: 228 - 198 - 259  [0.522] 685
Started game 698 of 10000 (SeeFutility vs Magic)
Finished game 686 (SeeFutility vs Magic): 1/2-1/2 {Draw by stalemate}
Score of Magic vs SeeFutility: 228 - 198 - 260  [0.522] 686
Started game 699 of 10000 (Magic vs SeeFutility)
Finished game 688 (SeeFutility vs Magic): 0-1 {Black wins by adjudication}
Score of Magic vs SeeFutility: 229 - 198 - 260  [0.523] 687
Started game 700 of 10000 (SeeFutility vs Magic)
Finished game 687 (Magic vs SeeFutility): 0-1 {Black wins by adjudication}
Score of Magic vs SeeFutility: 229 - 199 - 260  [0.522] 688
Started game 701 of 10000 (Magic vs SeeFutility)
Finished game 689 (Magic vs SeeFutility): 0-1 {Black wins by adjudication}
Score of Magic vs SeeFutility: 229 - 200 - 260  [0.521] 689
Started game 702 of 10000 (SeeFutility vs Magic)
Finished game 690 (SeeFutility vs Magic): 0-1 {Black wins by adjudication}
Score of Magic vs SeeFutility: 230 - 200 - 260  [0.522] 690
Started game 703 of 10000 (Magic vs SeeFutility)
Finished game 696 (SeeFutility vs Magic): 1/2-1/2 {Draw by 3-fold repetition}
Score of Magic vs SeeFutility: 230 - 200 - 261  [0.522] 691
Started game 704 of 10000 (SeeFutility vs Magic)
Finished game 697 (Magic vs SeeFutility): 1/2-1/2 {Draw by 3-fold repetition}
Score of Magic vs SeeFutility: 230 - 200 - 262  [0.522] 692
Started game 705 of 10000 (Magic vs SeeFutility)
Finished game 693 (Magic vs SeeFutility): 1-0 {White wins by adjudication}
Score of Magic vs SeeFutility: 231 - 200 - 262  [0.522] 693
Started game 706 of 10000 (SeeFutility vs Magic)
Finished game 692 (SeeFutility vs Magic): 0-1 {Black wins by adjudication}
Score of Magic vs SeeFutility: 232 - 200 - 262  [0.523] 694
Started game 707 of 10000 (Magic vs SeeFutility)
Finished game 694 (SeeFutility vs Magic): 1/2-1/2 {Draw by insufficient mating material}
Score of Magic vs SeeFutility: 232 - 200 - 263  [0.523] 695
Started game 708 of 10000 (SeeFutility vs Magic)
Finished game 695 (Magic vs SeeFutility): 1-0 {White wins by adjudication}
Score of Magic vs SeeFutility: 233 - 200 - 263  [0.524] 696
Started game 709 of 10000 (Magic vs SeeFutility)
Finished game 691 (Magic vs SeeFutility): 1/2-1/2 {Draw by insufficient mating material}
Score of Magic vs SeeFutility: 233 - 200 - 264  [0.524] 697
Started game 710 of 10000 (SeeFutility vs Magic)
Finished game 698 (SeeFutility vs Magic): 1-0 {White wins by adjudication}
Score of Magic vs SeeFutility: 233 - 201 - 264  [0.523] 698
Started game 711 of 10000 (Magic vs SeeFutility)
Finished game 706 (SeeFutility vs Magic): 1/2-1/2 {Draw by 3-fold repetition}
Score of Magic vs SeeFutility: 233 - 201 - 265  [0.523] 699
Started game 712 of 10000 (SeeFutility vs Magic)
Finished game 700 (SeeFutility vs Magic): 1/2-1/2 {Draw by 3-fold repetition}
Score of Magic vs SeeFutility: 233 - 201 - 266  [0.523] 700
Started game 713 of 10000 (Magic vs SeeFutility)
Finished game 699 (Magic vs SeeFutility): 1-0 {White wins by adjudication}
Score of Magic vs SeeFutility: 234 - 201 - 266  [0.524] 701
Started game 714 of 10000 (SeeFutility vs Magic)
Finished game 703 (Magic vs SeeFutility): 1-0 {White wins by adjudication}
Score of Magic vs SeeFutility: 235 - 201 - 266  [0.524] 702
Started game 715 of 10000 (Magic vs SeeFutility)
Finished game 702 (SeeFutility vs Magic): 0-1 {Black wins by adjudication}
Score of Magic vs SeeFutility: 236 - 201 - 266  [0.525] 703
Started game 716 of 10000 (SeeFutility vs Magic)
Finished game 704 (SeeFutility vs Magic): 1-0 {White wins by adjudication}
Score of Magic vs SeeFutility: 236 - 202 - 266  [0.524] 704
Started game 717 of 10000 (Magic vs SeeFutility)
Finished game 708 (SeeFutility vs Magic): 1/2-1/2 {Draw by 3-fold repetition}
Score of Magic vs SeeFutility: 236 - 202 - 267  [0.524] 705
Started game 718 of 10000 (SeeFutility vs Magic)
Finished game 705 (Magic vs SeeFutility): 1-0 {White wins by adjudication}
Score of Magic vs SeeFutility: 237 - 202 - 267  [0.525] 706
Started game 719 of 10000 (Magic vs SeeFutility)
Finished game 701 (Magic vs SeeFutility): 0-1 {Black wins by adjudication}
Score of Magic vs SeeFutility: 237 - 203 - 267  [0.524] 707
Started game 720 of 10000 (SeeFutility vs Magic)
Finished game 709 (Magic vs SeeFutility): 1-0 {White wins by adjudication}
Score of Magic vs SeeFutility: 238 - 203 - 267  [0.525] 708
Started game 721 of 10000 (Magic vs SeeFutility)
Finished game 710 (SeeFutility vs Magic): 1-0 {White wins by adjudication}
Score of Magic vs SeeFutility: 238 - 204 - 267  [0.524] 709
Started game 722 of 10000 (SeeFutility vs Magic)
Finished game 714 (SeeFutility vs Magic): 1/2-1/2 {Draw by 3-fold repetition}
Score of Magic vs SeeFutility: 238 - 204 - 268  [0.524] 710
Started game 723 of 10000 (Magic vs SeeFutility)
Finished game 711 (Magic vs SeeFutility): 0-1 {Black wins by adjudication}
Score of Magic vs SeeFutility: 238 - 205 - 268  [0.523] 711
Started game 724 of 10000 (SeeFutility vs Magic)
Finished game 713 (Magic vs SeeFutility): 1-0 {White wins by adjudication}
Score of Magic vs SeeFutility: 239 - 205 - 268  [0.524] 712
Started game 725 of 10000 (Magic vs SeeFutility)
Finished game 712 (SeeFutility vs Magic): 1/2-1/2 {Draw by 3-fold repetition}
Score of Magic vs SeeFutility: 239 - 205 - 269  [0.524] 713
Started game 726 of 10000 (SeeFutility vs Magic)
Finished game 715 (Magic vs SeeFutility): 0-1 {Black wins by adjudication}
Score of Magic vs SeeFutility: 239 - 206 - 269  [0.523] 714
Started game 727 of 10000 (Magic vs SeeFutility)
Finished game 717 (Magic vs SeeFutility): 0-1 {Black wins by adjudication}
Score of Magic vs SeeFutility: 239 - 207 - 269  [0.522] 715
Started game 728 of 10000 (SeeFutility vs Magic)
Finished game 720 (SeeFutility vs Magic): 1-0 {White wins by adjudication}
Score of Magic vs SeeFutility: 239 - 208 - 269  [0.522] 716
Started game 729 of 10000 (Magic vs SeeFutility)
Finished game 707 (Magic vs SeeFutility): 1/2-1/2 {Draw by insufficient mating material}
Score of Magic vs SeeFutility: 239 - 208 - 270  [0.522] 717
Started game 730 of 10000 (SeeFutility vs Magic)
Finished game 718 (SeeFutility vs Magic): 1-0 {White wins by adjudication}
Score of Magic vs SeeFutility: 239 - 209 - 270  [0.521] 718
Started game 731 of 10000 (Magic vs SeeFutility)
Finished game 719 (Magic vs SeeFutility): 1-0 {White wins by adjudication}
Score of Magic vs SeeFutility: 240 - 209 - 270  [0.522] 719
Started game 732 of 10000 (SeeFutility vs Magic)
Finished game 716 (SeeFutility vs Magic): 1-0 {White mates}
Score of Magic vs SeeFutility: 240 - 210 - 270  [0.521] 720
Started game 733 of 10000 (Magic vs SeeFutility)
Finished game 721 (Magic vs SeeFutility): 0-1 {Black wins by adjudication}
Score of Magic vs SeeFutility: 240 - 211 - 270  [0.520] 721
Started game 734 of 10000 (SeeFutility vs Magic)
Finished game 723 (Magic vs SeeFutility): 1-0 {White wins by adjudication}
Score of Magic vs SeeFutility: 241 - 211 - 270  [0.521] 722
Started game 735 of 10000 (Magic vs SeeFutility)
Finished game 722 (SeeFutility vs Magic): 1-0 {White wins by adjudication}
Score of Magic vs SeeFutility: 241 - 212 - 270  [0.520] 723
Started game 736 of 10000 (SeeFutility vs Magic)
Finished game 724 (SeeFutility vs Magic): 1-0 {White wins by adjudication}
Score of Magic vs SeeFutility: 241 - 213 - 270  [0.519] 724
Started game 737 of 10000 (Magic vs SeeFutility)
Finished game 726 (SeeFutility vs Magic): 0-1 {Black wins by adjudication}
Score of Magic vs SeeFutility: 242 - 213 - 270  [0.520] 725
Started game 738 of 10000 (SeeFutility vs Magic)
Finished game 727 (Magic vs SeeFutility): 0-1 {Black wins by adjudication}
Score of Magic vs SeeFutility: 242 - 214 - 270  [0.519] 726
Started game 739 of 10000 (Magic vs SeeFutility)
Finished game 728 (SeeFutility vs Magic): 1-0 {White wins by adjudication}
Score of Magic vs SeeFutility: 242 - 215 - 270  [0.519] 727
Started game 740 of 10000 (SeeFutility vs Magic)
Finished game 729 (Magic vs SeeFutility): 1-0 {White wins by adjudication}
Score of Magic vs SeeFutility: 243 - 215 - 270  [0.519] 728
Started game 741 of 10000 (Magic vs SeeFutility)
Finished game 731 (Magic vs SeeFutility): 1-0 {White wins by adjudication}
Score of Magic vs SeeFutility: 244 - 215 - 270  [0.520] 729
Started game 742 of 10000 (SeeFutility vs Magic)
Finished game 735 (Magic vs SeeFutility): 1-0 {White wins by adjudication}
Score of Magic vs SeeFutility: 245 - 215 - 270  [0.521] 730
Started game 743 of 10000 (Magic vs SeeFutility)
Finished game 725 (Magic vs SeeFutility): 1/2-1/2 {Draw by fifty moves rule}
Score of Magic vs SeeFutility: 245 - 215 - 271  [0.521] 731
Started game 744 of 10000 (SeeFutility vs Magic)
Finished game 730 (SeeFutility vs Magic): 1-0 {White wins by adjudication}
Score of Magic vs SeeFutility: 245 - 216 - 271  [0.520] 732
Started game 745 of 10000 (Magic vs SeeFutility)
Finished game 732 (SeeFutility vs Magic): 1-0 {White wins by adjudication}
Score of Magic vs SeeFutility: 245 - 217 - 271  [0.519] 733
Started game 746 of 10000 (SeeFutility vs Magic)
Finished game 736 (SeeFutility vs Magic): 0-1 {Black wins by adjudication}
Score of Magic vs SeeFutility: 246 - 217 - 271  [0.520] 734
Started game 747 of 10000 (Magic vs SeeFutility)
Finished game 734 (SeeFutility vs Magic): 1-0 {White wins by adjudication}
Score of Magic vs SeeFutility: 246 - 218 - 271  [0.519] 735
Started game 748 of 10000 (SeeFutility vs Magic)
Finished game 733 (Magic vs SeeFutility): 0-1 {Black mates}
Score of Magic vs SeeFutility: 246 - 219 - 271  [0.518] 736
Started game 749 of 10000 (Magic vs SeeFutility)
Finished game 737 (Magic vs SeeFutility): 1/2-1/2 {Draw by 3-fold repetition}
Score of Magic vs SeeFutility: 246 - 219 - 272  [0.518] 737
Started game 750 of 10000 (SeeFutility vs Magic)
Finished game 739 (Magic vs SeeFutility): 0-1 {Black wins by adjudication}
Score of Magic vs SeeFutility: 246 - 220 - 272  [0.518] 738
Started game 751 of 10000 (Magic vs SeeFutility)
Finished game 738 (SeeFutility vs Magic): 1/2-1/2 {Draw by insufficient mating material}
Score of Magic vs SeeFutility: 246 - 220 - 273  [0.518] 739
Started game 752 of 10000 (SeeFutility vs Magic)
Finished game 745 (Magic vs SeeFutility): 1/2-1/2 {Draw by 3-fold repetition}
Score of Magic vs SeeFutility: 246 - 220 - 274  [0.518] 740
Started game 753 of 10000 (Magic vs SeeFutility)
Finished game 741 (Magic vs SeeFutility): 0-1 {Black wins by adjudication}
Score of Magic vs SeeFutility: 246 - 221 - 274  [0.517] 741
Started game 754 of 10000 (SeeFutility vs Magic)
Finished game 740 (SeeFutility vs Magic): 1-0 {White wins by adjudication}
Score of Magic vs SeeFutility: 246 - 222 - 274  [0.516] 742
Started game 755 of 10000 (Magic vs SeeFutility)
Finished game 743 (Magic vs SeeFutility): 0-1 {Black wins by adjudication}
Score of Magic vs SeeFutility: 246 - 223 - 274  [0.515] 743
Started game 756 of 10000 (SeeFutility vs Magic)
Finished game 746 (SeeFutility vs Magic): 0-1 {Black wins by adjudication}
Score of Magic vs SeeFutility: 247 - 223 - 274  [0.516] 744
Started game 757 of 10000 (Magic vs SeeFutility)
Finished game 748 (SeeFutility vs Magic): 0-1 {Black wins by adjudication}
Score of Magic vs SeeFutility: 248 - 223 - 274  [0.517] 745
Started game 758 of 10000 (SeeFutility vs Magic)
Finished game 749 (Magic vs SeeFutility): 1/2-1/2 {Draw by insufficient mating material}
Score of Magic vs SeeFutility: 248 - 223 - 275  [0.517] 746
Started game 759 of 10000 (Magic vs SeeFutility)
Finished game 742 (SeeFutility vs Magic): 1/2-1/2 {Draw by insufficient mating material}
Score of Magic vs SeeFutility: 248 - 223 - 276  [0.517] 747
Started game 760 of 10000 (SeeFutility vs Magic)
Finished game 755 (Magic vs SeeFutility): 1-0 {White wins by adjudication}
Score of Magic vs SeeFutility: 249 - 223 - 276  [0.517] 748
Started game 761 of 10000 (Magic vs SeeFutility)
Finished game 747 (Magic vs SeeFutility): 1-0 {White wins by adjudication}
Score of Magic vs SeeFutility: 250 - 223 - 276  [0.518] 749
Started game 762 of 10000 (SeeFutility vs Magic)
Finished game 751 (Magic vs SeeFutility): 1/2-1/2 {Draw by insufficient mating material}
Score of Magic vs SeeFutility: 250 - 223 - 277  [0.518] 750
Started game 763 of 10000 (Magic vs SeeFutility)
Finished game 750 (SeeFutility vs Magic): 0-1 {Black wins by adjudication}
Score of Magic vs SeeFutility: 251 - 223 - 277  [0.519] 751
Started game 764 of 10000 (SeeFutility vs Magic)
Finished game 744 (SeeFutility vs Magic): 1/2-1/2 {Draw by fifty moves rule}
Score of Magic vs SeeFutility: 251 - 223 - 278  [0.519] 752
Started game 765 of 10000 (Magic vs SeeFutility)
Finished game 752 (SeeFutility vs Magic): 1-0 {White wins by adjudication}
Score of Magic vs SeeFutility: 251 - 224 - 278  [0.518] 753
Started game 766 of 10000 (SeeFutility vs Magic)
Finished game 754 (SeeFutility vs Magic): 0-1 {Black wins by adjudication}
Score of Magic vs SeeFutility: 252 - 224 - 278  [0.519] 754
Started game 767 of 10000 (Magic vs SeeFutility)
Finished game 753 (Magic vs SeeFutility): 1/2-1/2 {Draw by 3-fold repetition}
Score of Magic vs SeeFutility: 252 - 224 - 279  [0.519] 755
Started game 768 of 10000 (SeeFutility vs Magic)
Finished game 758 (SeeFutility vs Magic): 0-1 {Black wins by adjudication}
Score of Magic vs SeeFutility: 253 - 224 - 279  [0.519] 756
Started game 769 of 10000 (Magic vs SeeFutility)
Finished game 759 (Magic vs SeeFutility): 1-0 {White wins by adjudication}
Score of Magic vs SeeFutility: 254 - 224 - 279  [0.520] 757
Started game 770 of 10000 (SeeFutility vs Magic)
Finished game 761 (Magic vs SeeFutility): 1-0 {White wins by adjudication}
Score of Magic vs SeeFutility: 255 - 224 - 279  [0.520] 758
Started game 771 of 10000 (Magic vs SeeFutility)
Finished game 757 (Magic vs SeeFutility): 1-0 {White wins by adjudication}
Score of Magic vs SeeFutility: 256 - 224 - 279  [0.521] 759
Started game 772 of 10000 (SeeFutility vs Magic)
Finished game 756 (SeeFutility vs Magic): 0-1 {Black wins by adjudication}
Score of Magic vs SeeFutility: 257 - 224 - 279  [0.522] 760
Started game 773 of 10000 (Magic vs SeeFutility)
Finished game 763 (Magic vs SeeFutility): 1/2-1/2 {Draw by 3-fold repetition}
Score of Magic vs SeeFutility: 257 - 224 - 280  [0.522] 761
Started game 774 of 10000 (SeeFutility vs Magic)
Finished game 762 (SeeFutility vs Magic): 0-1 {Black wins by adjudication}
Score of Magic vs SeeFutility: 258 - 224 - 280  [0.522] 762
Started game 775 of 10000 (Magic vs SeeFutility)
Finished game 765 (Magic vs SeeFutility): 0-1 {Black wins by adjudication}
Score of Magic vs SeeFutility: 258 - 225 - 280  [0.522] 763
Started game 776 of 10000 (SeeFutility vs Magic)
Finished game 770 (SeeFutility vs Magic): 1/2-1/2 {Draw by 3-fold repetition}
Score of Magic vs SeeFutility: 258 - 225 - 281  [0.522] 764
Started game 777 of 10000 (Magic vs SeeFutility)
Finished game 764 (SeeFutility vs Magic): 1/2-1/2 {Draw by insufficient mating material}
Score of Magic vs SeeFutility: 258 - 225 - 282  [0.522] 765
Started game 778 of 10000 (SeeFutility vs Magic)
Finished game 766 (SeeFutility vs Magic): 0-1 {Black wins by adjudication}
Score of Magic vs SeeFutility: 259 - 225 - 282  [0.522] 766
Started game 779 of 10000 (Magic vs SeeFutility)
Finished game 760 (SeeFutility vs Magic): 1-0 {White mates}
Score of Magic vs SeeFutility: 259 - 226 - 282  [0.522] 767
Started game 780 of 10000 (SeeFutility vs Magic)
Finished game 769 (Magic vs SeeFutility): 1/2-1/2 {Draw by 3-fold repetition}
Score of Magic vs SeeFutility: 259 - 226 - 283  [0.521] 768
Started game 781 of 10000 (Magic vs SeeFutility)
Finished game 767 (Magic vs SeeFutility): 1-0 {White wins by adjudication}
Score of Magic vs SeeFutility: 260 - 226 - 283  [0.522] 769
Started game 782 of 10000 (SeeFutility vs Magic)
Finished game 771 (Magic vs SeeFutility): 1/2-1/2 {Draw by 3-fold repetition}
Score of Magic vs SeeFutility: 260 - 226 - 284  [0.522] 770
Started game 783 of 10000 (Magic vs SeeFutility)
Finished game 773 (Magic vs SeeFutility): 1-0 {White wins by adjudication}
Score of Magic vs SeeFutility: 261 - 226 - 284  [0.523] 771
Started game 784 of 10000 (SeeFutility vs Magic)
Finished game 774 (SeeFutility vs Magic): 1/2-1/2 {Draw by adjudication}
Score of Magic vs SeeFutility: 261 - 226 - 285  [0.523] 772
Started game 785 of 10000 (Magic vs SeeFutility)
Finished game 775 (Magic vs SeeFutility): 1-0 {White wins by adjudication}
Score of Magic vs SeeFutility: 262 - 226 - 285  [0.523] 773
Started game 786 of 10000 (SeeFutility vs Magic)
Finished game 779 (Magic vs SeeFutility): 0-1 {Black wins by adjudication}
Score of Magic vs SeeFutility: 262 - 227 - 285  [0.523] 774
Started game 787 of 10000 (Magic vs SeeFutility)
Finished game 772 (SeeFutility vs Magic): 1-0 {White wins by adjudication}
Score of Magic vs SeeFutility: 262 - 228 - 285  [0.522] 775
Started game 788 of 10000 (SeeFutility vs Magic)
Finished game 778 (SeeFutility vs Magic): 0-1 {Black wins by adjudication}
Score of Magic vs SeeFutility: 263 - 228 - 285  [0.523] 776
Started game 789 of 10000 (Magic vs SeeFutility)
Finished game 777 (Magic vs SeeFutility): 0-1 {Black wins by adjudication}
Score of Magic vs SeeFutility: 263 - 229 - 285  [0.522] 777
Started game 790 of 10000 (SeeFutility vs Magic)
Finished game 776 (SeeFutility vs Magic): 0-1 {Black wins by adjudication}
Score of Magic vs SeeFutility: 264 - 229 - 285  [0.522] 778
Started game 791 of 10000 (Magic vs SeeFutility)
Finished game 768 (SeeFutility vs Magic): 1/2-1/2 {Draw by 3-fold repetition}
Score of Magic vs SeeFutility: 264 - 229 - 286  [0.522] 779
Started game 792 of 10000 (SeeFutility vs Magic)
Finished game 780 (SeeFutility vs Magic): 0-1 {Black wins by adjudication}
Score of Magic vs SeeFutility: 265 - 229 - 286  [0.523] 780
Started game 793 of 10000 (Magic vs SeeFutility)
Finished game 783 (Magic vs SeeFutility): 1/2-1/2 {Draw by 3-fold repetition}
Score of Magic vs SeeFutility: 265 - 229 - 287  [0.523] 781
Started game 794 of 10000 (SeeFutility vs Magic)
Finished game 782 (SeeFutility vs Magic): 1-0 {White wins by adjudication}
Score of Magic vs SeeFutility: 265 - 230 - 287  [0.522] 782
Started game 795 of 10000 (Magic vs SeeFutility)
Finished game 781 (Magic vs SeeFutility): 1/2-1/2 {Draw by adjudication}
Score of Magic vs SeeFutility: 265 - 230 - 288  [0.522] 783
Started game 796 of 10000 (SeeFutility vs Magic)
Finished game 785 (Magic vs SeeFutility): 1/2-1/2 {Draw by insufficient mating material}
Score of Magic vs SeeFutility: 265 - 230 - 289  [0.522] 784
Started game 797 of 10000 (Magic vs SeeFutility)
Finished game 786 (SeeFutility vs Magic): 1/2-1/2 {Draw by adjudication}
Score of Magic vs SeeFutility: 265 - 230 - 290  [0.522] 785
Started game 798 of 10000 (SeeFutility vs Magic)
Finished game 790 (SeeFutility vs Magic): 1-0 {White wins by adjudication}
Score of Magic vs SeeFutility: 265 - 231 - 290  [0.522] 786
Started game 799 of 10000 (Magic vs SeeFutility)
Finished game 793 (Magic vs SeeFutility): 1/2-1/2 {Draw by 3-fold repetition}
Score of Magic vs SeeFutility: 265 - 231 - 291  [0.522] 787
Started game 800 of 10000 (SeeFutility vs Magic)
Finished game 788 (SeeFutility vs Magic): 1-0 {White wins by adjudication}
Score of Magic vs SeeFutility: 265 - 232 - 291  [0.521] 788
Started game 801 of 10000 (Magic vs SeeFutility)
Finished game 791 (Magic vs SeeFutility): 0-1 {Black wins by adjudication}
Score of Magic vs SeeFutility: 265 - 233 - 291  [0.520] 789
Started game 802 of 10000 (SeeFutility vs Magic)
Finished game 784 (SeeFutility vs Magic): 1-0 {White wins by adjudication}
Score of Magic vs SeeFutility: 265 - 234 - 291  [0.520] 790
Started game 803 of 10000 (Magic vs SeeFutility)
Finished game 796 (SeeFutility vs Magic): 1/2-1/2 {Draw by 3-fold repetition}
Score of Magic vs SeeFutility: 265 - 234 - 292  [0.520] 791
Started game 804 of 10000 (SeeFutility vs Magic)
Finished game 789 (Magic vs SeeFutility): 1/2-1/2 {Draw by adjudication}
Score of Magic vs SeeFutility: 265 - 234 - 293  [0.520] 792
Started game 805 of 10000 (Magic vs SeeFutility)
Finished game 794 (SeeFutility vs Magic): 1/2-1/2 {Draw by insufficient mating material}
Score of Magic vs SeeFutility: 265 - 234 - 294  [0.520] 793
Started game 806 of 10000 (SeeFutility vs Magic)
Finished game 792 (SeeFutility vs Magic): 0-1 {Black wins by adjudication}
Score of Magic vs SeeFutility: 266 - 234 - 294  [0.520] 794
Started game 807 of 10000 (Magic vs SeeFutility)
Finished game 798 (SeeFutility vs Magic): 0-1 {Black wins by adjudication}
Score of Magic vs SeeFutility: 267 - 234 - 294  [0.521] 795
Started game 808 of 10000 (SeeFutility vs Magic)
Finished game 795 (Magic vs SeeFutility): 0-1 {Black wins by adjudication}
Score of Magic vs SeeFutility: 267 - 235 - 294  [0.520] 796
Started game 809 of 10000 (Magic vs SeeFutility)
Finished game 799 (Magic vs SeeFutility): 1-0 {White wins by adjudication}
Score of Magic vs SeeFutility: 268 - 235 - 294  [0.521] 797
Started game 810 of 10000 (SeeFutility vs Magic)
Finished game 801 (Magic vs SeeFutility): 1-0 {White wins by adjudication}
Score of Magic vs SeeFutility: 269 - 235 - 294  [0.521] 798
Started game 811 of 10000 (Magic vs SeeFutility)
Finished game 787 (Magic vs SeeFutility): 1/2-1/2 {Draw by fifty moves rule}
Score of Magic vs SeeFutility: 269 - 235 - 295  [0.521] 799
Started game 812 of 10000 (SeeFutility vs Magic)
Finished game 797 (Magic vs SeeFutility): 1-0 {White wins by adjudication}
Score of Magic vs SeeFutility: 270 - 235 - 295  [0.522] 800
Started game 813 of 10000 (Magic vs SeeFutility)
Finished game 804 (SeeFutility vs Magic): 1-0 {White wins by adjudication}
Score of Magic vs SeeFutility: 270 - 236 - 295  [0.521] 801
Started game 814 of 10000 (SeeFutility vs Magic)
Finished game 800 (SeeFutility vs Magic): 0-1 {Black wins by adjudication}
Score of Magic vs SeeFutility: 271 - 236 - 295  [0.522] 802
Started game 815 of 10000 (Magic vs SeeFutility)
Finished game 803 (Magic vs SeeFutility): 1/2-1/2 {Draw by 3-fold repetition}
Score of Magic vs SeeFutility: 271 - 236 - 296  [0.522] 803
Started game 816 of 10000 (SeeFutility vs Magic)
Finished game 805 (Magic vs SeeFutility): 1/2-1/2 {Draw by insufficient mating material}
Score of Magic vs SeeFutility: 271 - 236 - 297  [0.522] 804
Started game 817 of 10000 (Magic vs SeeFutility)
Finished game 807 (Magic vs SeeFutility): 1/2-1/2 {Draw by insufficient mating material}
Score of Magic vs SeeFutility: 271 - 236 - 298  [0.522] 805
Started game 818 of 10000 (SeeFutility vs Magic)
Finished game 809 (Magic vs SeeFutility): 1-0 {White wins by adjudication}
Score of Magic vs SeeFutility: 272 - 236 - 298  [0.522] 806
Started game 819 of 10000 (Magic vs SeeFutility)
Finished game 806 (SeeFutility vs Magic): 1-0 {White wins by adjudication}
Score of Magic vs SeeFutility: 272 - 237 - 298  [0.522] 807
Started game 820 of 10000 (SeeFutility vs Magic)
Finished game 802 (SeeFutility vs Magic): 1/2-1/2 {Draw by adjudication}
Score of Magic vs SeeFutility: 272 - 237 - 299  [0.522] 808
Started game 821 of 10000 (Magic vs SeeFutility)
Finished game 811 (Magic vs SeeFutility): 1/2-1/2 {Draw by 3-fold repetition}
Score of Magic vs SeeFutility: 272 - 237 - 300  [0.522] 809
Started game 822 of 10000 (SeeFutility vs Magic)
Finished game 810 (SeeFutility vs Magic): 1/2-1/2 {Draw by adjudication}
Score of Magic vs SeeFutility: 272 - 237 - 301  [0.522] 810
Started game 823 of 10000 (Magic vs SeeFutility)
Finished game 812 (SeeFutility vs Magic): 1/2-1/2 {Draw by insufficient mating material}
Score of Magic vs SeeFutility: 272 - 237 - 302  [0.522] 811
Started game 824 of 10000 (SeeFutility vs Magic)
Finished game 808 (SeeFutility vs Magic): 1/2-1/2 {Draw by adjudication}
Score of Magic vs SeeFutility: 272 - 237 - 303  [0.522] 812
Started game 825 of 10000 (Magic vs SeeFutility)
Finished game 814 (SeeFutility vs Magic): 1/2-1/2 {Draw by adjudication}
Score of Magic vs SeeFutility: 272 - 237 - 304  [0.522] 813
Started game 826 of 10000 (SeeFutility vs Magic)
Finished game 818 (SeeFutility vs Magic): 1/2-1/2 {Draw by 3-fold repetition}
Score of Magic vs SeeFutility: 272 - 237 - 305  [0.521] 814
Started game 827 of 10000 (Magic vs SeeFutility)
Finished game 813 (Magic vs SeeFutility): 1-0 {White wins by adjudication}
Score of Magic vs SeeFutility: 273 - 237 - 305  [0.522] 815
Started game 828 of 10000 (SeeFutility vs Magic)
Finished game 815 (Magic vs SeeFutility): 1-0 {White wins by adjudication}
Score of Magic vs SeeFutility: 274 - 237 - 305  [0.523] 816
Started game 829 of 10000 (Magic vs SeeFutility)
Finished game 816 (SeeFutility vs Magic): 0-1 {Black wins by adjudication}
Score of Magic vs SeeFutility: 275 - 237 - 305  [0.523] 817
Started game 830 of 10000 (SeeFutility vs Magic)
Finished game 822 (SeeFutility vs Magic): 1-0 {White wins by adjudication}
Score of Magic vs SeeFutility: 275 - 238 - 305  [0.523] 818
Started game 831 of 10000 (Magic vs SeeFutility)
Finished game 820 (SeeFutility vs Magic): 0-1 {Black wins by adjudication}
Score of Magic vs SeeFutility: 276 - 238 - 305  [0.523] 819
Started game 832 of 10000 (SeeFutility vs Magic)
Finished game 823 (Magic vs SeeFutility): 1-0 {White wins by adjudication}
Score of Magic vs SeeFutility: 277 - 238 - 305  [0.524] 820
Started game 833 of 10000 (Magic vs SeeFutility)
Finished game 819 (Magic vs SeeFutility): 1-0 {White wins by adjudication}
Score of Magic vs SeeFutility: 278 - 238 - 305  [0.524] 821
Started game 834 of 10000 (SeeFutility vs Magic)
Finished game 817 (Magic vs SeeFutility): 1/2-1/2 {Draw by fifty moves rule}
Score of Magic vs SeeFutility: 278 - 238 - 306  [0.524] 822
Started game 835 of 10000 (Magic vs SeeFutility)
Finished game 821 (Magic vs SeeFutility): 0-1 {Black wins by adjudication}
Score of Magic vs SeeFutility: 278 - 239 - 306  [0.524] 823
Started game 836 of 10000 (SeeFutility vs Magic)
Finished game 825 (Magic vs SeeFutility): 1/2-1/2 {Draw by 3-fold repetition}
Score of Magic vs SeeFutility: 278 - 239 - 307  [0.524] 824
Started game 837 of 10000 (Magic vs SeeFutility)
Finished game 824 (SeeFutility vs Magic): 1-0 {White wins by adjudication}
Score of Magic vs SeeFutility: 278 - 240 - 307  [0.523] 825
Started game 838 of 10000 (SeeFutility vs Magic)
Finished game 828 (SeeFutility vs Magic): 1/2-1/2 {Draw by 3-fold repetition}
Score of Magic vs SeeFutility: 278 - 240 - 308  [0.523] 826
Started game 839 of 10000 (Magic vs SeeFutility)
Finished game 826 (SeeFutility vs Magic): 0-1 {Black wins by adjudication}
Score of Magic vs SeeFutility: 279 - 240 - 308  [0.524] 827
Started game 840 of 10000 (SeeFutility vs Magic)
Finished game 827 (Magic vs SeeFutility): 0-1 {Black wins by adjudication}
Score of Magic vs SeeFutility: 279 - 241 - 308  [0.523] 828
Started game 841 of 10000 (Magic vs SeeFutility)
Finished game 836 (SeeFutility vs Magic): 1/2-1/2 {Draw by 3-fold repetition}
Score of Magic vs SeeFutility: 279 - 241 - 309  [0.523] 829
Started game 842 of 10000 (SeeFutility vs Magic)
Finished game 830 (SeeFutility vs Magic): 0-1 {Black wins by adjudication}
Score of Magic vs SeeFutility: 280 - 241 - 309  [0.523] 830
Started game 843 of 10000 (Magic vs SeeFutility)
Finished game 843 (Magic vs SeeFutility): 1-0 {White mates}
Score of Magic vs SeeFutility: 281 - 241 - 309  [0.524] 831
Started game 844 of 10000 (SeeFutility vs Magic)
Finished game 844 (SeeFutility vs Magic): 1-0 {White mates}
Score of Magic vs SeeFutility: 281 - 242 - 309  [0.523] 832
Started game 845 of 10000 (Magic vs SeeFutility)
Finished game 831 (Magic vs SeeFutility): 1/2-1/2 {Draw by adjudication}
Score of Magic vs SeeFutility: 281 - 242 - 310  [0.523] 833
Started game 846 of 10000 (SeeFutility vs Magic)
Finished game 829 (Magic vs SeeFutility): 1-0 {White wins by adjudication}
Score of Magic vs SeeFutility: 282 - 242 - 310  [0.524] 834
Started game 847 of 10000 (Magic vs SeeFutility)
Finished game 832 (SeeFutility vs Magic): 1-0 {White wins by adjudication}
Score of Magic vs SeeFutility: 282 - 243 - 310  [0.523] 835
Started game 848 of 10000 (SeeFutility vs Magic)
Finished game 833 (Magic vs SeeFutility): 1/2-1/2 {Draw by insufficient mating material}
Score of Magic vs SeeFutility: 282 - 243 - 311  [0.523] 836
Started game 849 of 10000 (Magic vs SeeFutility)
Finished game 840 (SeeFutility vs Magic): 0-1 {Black wins by adjudication}
Score of Magic vs SeeFutility: 283 - 243 - 311  [0.524] 837
Started game 850 of 10000 (SeeFutility vs Magic)
Finished game 835 (Magic vs SeeFutility): 1/2-1/2 {Draw by insufficient mating material}
Score of Magic vs SeeFutility: 283 - 243 - 312  [0.524] 838
Started game 851 of 10000 (Magic vs SeeFutility)
Finished game 839 (Magic vs SeeFutility): 1-0 {White wins by adjudication}
Score of Magic vs SeeFutility: 284 - 243 - 312  [0.524] 839
Started game 852 of 10000 (SeeFutility vs Magic)
Finished game 838 (SeeFutility vs Magic): 1-0 {White wins by adjudication}
Score of Magic vs SeeFutility: 284 - 244 - 312  [0.524] 840
Started game 853 of 10000 (Magic vs SeeFutility)
Finished game 841 (Magic vs SeeFutility): 1-0 {White wins by adjudication}
Score of Magic vs SeeFutility: 285 - 244 - 312  [0.524] 841
Started game 854 of 10000 (SeeFutility vs Magic)
Finished game 845 (Magic vs SeeFutility): 1/2-1/2 {Draw by 3-fold repetition}
Score of Magic vs SeeFutility: 285 - 244 - 313  [0.524] 842
Started game 855 of 10000 (Magic vs SeeFutility)
Finished game 846 (SeeFutility vs Magic): 1/2-1/2 {Draw by 3-fold repetition}
Score of Magic vs SeeFutility: 285 - 244 - 314  [0.524] 843
Started game 856 of 10000 (SeeFutility vs Magic)
Finished game 837 (Magic vs SeeFutility): 1-0 {White wins by adjudication}
Score of Magic vs SeeFutility: 286 - 244 - 314  [0.525] 844
Started game 857 of 10000 (Magic vs SeeFutility)
Finished game 834 (SeeFutility vs Magic): 1/2-1/2 {Draw by fifty moves rule}
Score of Magic vs SeeFutility: 286 - 244 - 315  [0.525] 845
Started game 858 of 10000 (SeeFutility vs Magic)
Finished game 842 (SeeFutility vs Magic): 0-1 {Black wins by adjudication}
Score of Magic vs SeeFutility: 287 - 244 - 315  [0.525] 846
Started game 859 of 10000 (Magic vs SeeFutility)
Finished game 848 (SeeFutility vs Magic): 1-0 {White wins by adjudication}
Score of Magic vs SeeFutility: 287 - 245 - 315  [0.525] 847
Started game 860 of 10000 (SeeFutility vs Magic)
Finished game 847 (Magic vs SeeFutility): 1-0 {White wins by adjudication}
Score of Magic vs SeeFutility: 288 - 245 - 315  [0.525] 848
Started game 861 of 10000 (Magic vs SeeFutility)
Finished game 850 (SeeFutility vs Magic): 0-1 {Black wins by adjudication}
Score of Magic vs SeeFutility: 289 - 245 - 315  [0.526] 849
Started game 862 of 10000 (SeeFutility vs Magic)
Finished game 849 (Magic vs SeeFutility): 1-0 {White wins by adjudication}
Score of Magic vs SeeFutility: 290 - 245 - 315  [0.526] 850
Started game 863 of 10000 (Magic vs SeeFutility)
Finished game 852 (SeeFutility vs Magic): 0-1 {Black wins by adjudication}
Score of Magic vs SeeFutility: 291 - 245 - 315  [0.527] 851
Started game 864 of 10000 (SeeFutility vs Magic)
Finished game 853 (Magic vs SeeFutility): 1-0 {White wins by adjudication}
Score of Magic vs SeeFutility: 292 - 245 - 315  [0.528] 852
Started game 865 of 10000 (Magic vs SeeFutility)
Finished game 854 (SeeFutility vs Magic): 0-1 {Black wins by adjudication}
Score of Magic vs SeeFutility: 293 - 245 - 315  [0.528] 853
Started game 866 of 10000 (SeeFutility vs Magic)
Finished game 856 (SeeFutility vs Magic): 1-0 {White wins by adjudication}
Score of Magic vs SeeFutility: 293 - 246 - 315  [0.528] 854
Started game 867 of 10000 (Magic vs SeeFutility)
Finished game 859 (Magic vs SeeFutility): 0-1 {Black wins by adjudication}
Score of Magic vs SeeFutility: 293 - 247 - 315  [0.527] 855
Started game 868 of 10000 (SeeFutility vs Magic)
Finished game 851 (Magic vs SeeFutility): 1/2-1/2 {Draw by 3-fold repetition}
Score of Magic vs SeeFutility: 293 - 247 - 316  [0.527] 856
Started game 869 of 10000 (Magic vs SeeFutility)
Finished game 855 (Magic vs SeeFutility): 1-0 {White wins by adjudication}
Score of Magic vs SeeFutility: 294 - 247 - 316  [0.527] 857
Started game 870 of 10000 (SeeFutility vs Magic)
Finished game 864 (SeeFutility vs Magic): 1/2-1/2 {Draw by 3-fold repetition}
Score of Magic vs SeeFutility: 294 - 247 - 317  [0.527] 858
Started game 871 of 10000 (Magic vs SeeFutility)
Finished game 860 (SeeFutility vs Magic): 0-1 {Black wins by adjudication}
Score of Magic vs SeeFutility: 295 - 247 - 317  [0.528] 859
Started game 872 of 10000 (SeeFutility vs Magic)
Finished game 862 (SeeFutility vs Magic): 1-0 {White wins by adjudication}
Score of Magic vs SeeFutility: 295 - 248 - 317  [0.527] 860
Started game 873 of 10000 (Magic vs SeeFutility)
Finished game 861 (Magic vs SeeFutility): 1/2-1/2 {Draw by 3-fold repetition}
Score of Magic vs SeeFutility: 295 - 248 - 318  [0.527] 861
Started game 874 of 10000 (SeeFutility vs Magic)
Finished game 857 (Magic vs SeeFutility): 0-1 {Black wins by adjudication}
Score of Magic vs SeeFutility: 295 - 249 - 318  [0.527] 862
Started game 875 of 10000 (Magic vs SeeFutility)
Finished game 858 (SeeFutility vs Magic): 1/2-1/2 {Draw by fifty moves rule}
Score of Magic vs SeeFutility: 295 - 249 - 319  [0.527] 863
Started game 876 of 10000 (SeeFutility vs Magic)
Finished game 863 (Magic vs SeeFutility): 1-0 {White wins by adjudication}
Score of Magic vs SeeFutility: 296 - 249 - 319  [0.527] 864
Started game 877 of 10000 (Magic vs SeeFutility)
Finished game 866 (SeeFutility vs Magic): 0-1 {Black wins by adjudication}
Score of Magic vs SeeFutility: 297 - 249 - 319  [0.528] 865
Started game 878 of 10000 (SeeFutility vs Magic)
Finished game 865 (Magic vs SeeFutility): 1/2-1/2 {Draw by insufficient mating material}
Score of Magic vs SeeFutility: 297 - 249 - 320  [0.528] 866
Started game 879 of 10000 (Magic vs SeeFutility)
Finished game 870 (SeeFutility vs Magic): 0-1 {Black wins by adjudication}
Score of Magic vs SeeFutility: 298 - 249 - 320  [0.528] 867
Started game 880 of 10000 (SeeFutility vs Magic)
Finished game 871 (Magic vs SeeFutility): 0-1 {Black wins by adjudication}
Score of Magic vs SeeFutility: 298 - 250 - 320  [0.528] 868
Started game 881 of 10000 (Magic vs SeeFutility)
Finished game 873 (Magic vs SeeFutility): 0-1 {Black wins by adjudication}
Score of Magic vs SeeFutility: 298 - 251 - 320  [0.527] 869
Started game 882 of 10000 (SeeFutility vs Magic)
Finished game 869 (Magic vs SeeFutility): 1-0 {White wins by adjudication}
Score of Magic vs SeeFutility: 299 - 251 - 320  [0.528] 870
Started game 883 of 10000 (Magic vs SeeFutility)
Finished game 868 (SeeFutility vs Magic): 0-1 {Black wins by adjudication}
Score of Magic vs SeeFutility: 300 - 251 - 320  [0.528] 871
Started game 884 of 10000 (SeeFutility vs Magic)
Finished game 867 (Magic vs SeeFutility): 1-0 {White wins by adjudication}
Score of Magic vs SeeFutility: 301 - 251 - 320  [0.529] 872
Started game 885 of 10000 (Magic vs SeeFutility)
Finished game 872 (SeeFutility vs Magic): 0-1 {Black wins by adjudication}
Score of Magic vs SeeFutility: 302 - 251 - 320  [0.529] 873
Started game 886 of 10000 (SeeFutility vs Magic)
Finished game 876 (SeeFutility vs Magic): 1/2-1/2 {Draw by 3-fold repetition}
Score of Magic vs SeeFutility: 302 - 251 - 321  [0.529] 874
Started game 887 of 10000 (Magic vs SeeFutility)
Finished game 878 (SeeFutility vs Magic): 0-1 {Black wins by adjudication}
Score of Magic vs SeeFutility: 303 - 251 - 321  [0.530] 875
Started game 888 of 10000 (SeeFutility vs Magic)
Finished game 874 (SeeFutility vs Magic): 0-1 {Black wins by adjudication}
Score of Magic vs SeeFutility: 304 - 251 - 321  [0.530] 876
Started game 889 of 10000 (Magic vs SeeFutility)
Finished game 877 (Magic vs SeeFutility): 1/2-1/2 {Draw by adjudication}
Score of Magic vs SeeFutility: 304 - 251 - 322  [0.530] 877
Started game 890 of 10000 (SeeFutility vs Magic)
Finished game 879 (Magic vs SeeFutility): 0-1 {Black wins by adjudication}
Score of Magic vs SeeFutility: 304 - 252 - 322  [0.530] 878
Started game 891 of 10000 (Magic vs SeeFutility)
Finished game 883 (Magic vs SeeFutility): 1-0 {White wins by adjudication}
Score of Magic vs SeeFutility: 305 - 252 - 322  [0.530] 879
Started game 892 of 10000 (SeeFutility vs Magic)
Finished game 875 (Magic vs SeeFutility): 1/2-1/2 {Draw by adjudication}
Score of Magic vs SeeFutility: 305 - 252 - 323  [0.530] 880
Started game 893 of 10000 (Magic vs SeeFutility)
Finished game 884 (SeeFutility vs Magic): 0-1 {Black wins by adjudication}
Score of Magic vs SeeFutility: 306 - 252 - 323  [0.531] 881
Started game 894 of 10000 (SeeFutility vs Magic)
Finished game 887 (Magic vs SeeFutility): 1/2-1/2 {Draw by 3-fold repetition}
Score of Magic vs SeeFutility: 306 - 252 - 324  [0.531] 882
Started game 895 of 10000 (Magic vs SeeFutility)
Finished game 886 (SeeFutility vs Magic): 0-1 {Black wins by adjudication}
Score of Magic vs SeeFutility: 307 - 252 - 324  [0.531] 883
Started game 896 of 10000 (SeeFutility vs Magic)
Finished game 880 (SeeFutility vs Magic): 0-1 {Black wins by adjudication}
Score of Magic vs SeeFutility: 308 - 252 - 324  [0.532] 884
Started game 897 of 10000 (Magic vs SeeFutility)
Finished game 885 (Magic vs SeeFutility): 0-1 {Black wins by adjudication}
Score of Magic vs SeeFutility: 308 - 253 - 324  [0.531] 885
Started game 898 of 10000 (SeeFutility vs Magic)
Finished game 882 (SeeFutility vs Magic): 1-0 {White wins by adjudication}
Score of Magic vs SeeFutility: 308 - 254 - 324  [0.530] 886
Started game 899 of 10000 (Magic vs SeeFutility)
Finished game 881 (Magic vs SeeFutility): 1/2-1/2 {Draw by insufficient mating material}
Score of Magic vs SeeFutility: 308 - 254 - 325  [0.530] 887
Started game 900 of 10000 (SeeFutility vs Magic)
Finished game 892 (SeeFutility vs Magic): 1/2-1/2 {Draw by 3-fold repetition}
Score of Magic vs SeeFutility: 308 - 254 - 326  [0.530] 888
Started game 901 of 10000 (Magic vs SeeFutility)
Finished game 889 (Magic vs SeeFutility): 1-0 {White wins by adjudication}
Score of Magic vs SeeFutility: 309 - 254 - 326  [0.531] 889
Started game 902 of 10000 (SeeFutility vs Magic)
Finished game 890 (SeeFutility vs Magic): 0-1 {Black wins by adjudication}
Score of Magic vs SeeFutility: 310 - 254 - 326  [0.531] 890
Started game 903 of 10000 (Magic vs SeeFutility)
Finished game 888 (SeeFutility vs Magic): 0-1 {Black wins by adjudication}
Score of Magic vs SeeFutility: 311 - 254 - 326  [0.532] 891
Started game 904 of 10000 (SeeFutility vs Magic)
Finished game 900 (SeeFutility vs Magic): 0-1 {Black wins by adjudication}
Score of Magic vs SeeFutility: 312 - 254 - 326  [0.533] 892
Started game 905 of 10000 (Magic vs SeeFutility)
Finished game 899 (Magic vs SeeFutility): 0-1 {Black wins by adjudication}
Score of Magic vs SeeFutility: 312 - 255 - 326  [0.532] 893
Started game 906 of 10000 (SeeFutility vs Magic)
Finished game 895 (Magic vs SeeFutility): 1/2-1/2 {Draw by 3-fold repetition}
Score of Magic vs SeeFutility: 312 - 255 - 327  [0.532] 894
Started game 907 of 10000 (Magic vs SeeFutility)
Finished game 894 (SeeFutility vs Magic): 1-0 {White wins by adjudication}
Score of Magic vs SeeFutility: 312 - 256 - 327  [0.531] 895
Started game 908 of 10000 (SeeFutility vs Magic)
Finished game 896 (SeeFutility vs Magic): 1-0 {White wins by adjudication}
Score of Magic vs SeeFutility: 312 - 257 - 327  [0.531] 896
Started game 909 of 10000 (Magic vs SeeFutility)
Finished game 893 (Magic vs SeeFutility): 1-0 {White wins by adjudication}
Score of Magic vs SeeFutility: 313 - 257 - 327  [0.531] 897
Started game 910 of 10000 (SeeFutility vs Magic)
Finished game 901 (Magic vs SeeFutility): 1/2-1/2 {Draw by 3-fold repetition}
Score of Magic vs SeeFutility: 313 - 257 - 328  [0.531] 898
Started game 911 of 10000 (Magic vs SeeFutility)
Finished game 891 (Magic vs SeeFutility): 1-0 {White wins by adjudication}
Score of Magic vs SeeFutility: 314 - 257 - 328  [0.532] 899
Started game 912 of 10000 (SeeFutility vs Magic)
Finished game 904 (SeeFutility vs Magic): 0-1 {Black wins by adjudication}
Score of Magic vs SeeFutility: 315 - 257 - 328  [0.532] 900
Started game 913 of 10000 (Magic vs SeeFutility)
Finished game 903 (Magic vs SeeFutility): 0-1 {Black wins by adjudication}
Score of Magic vs SeeFutility: 315 - 258 - 328  [0.532] 901
Started game 914 of 10000 (SeeFutility vs Magic)
Finished game 897 (Magic vs SeeFutility): 1/2-1/2 {Draw by insufficient mating material}
Score of Magic vs SeeFutility: 315 - 258 - 329  [0.532] 902
Started game 915 of 10000 (Magic vs SeeFutility)
Finished game 898 (SeeFutility vs Magic): 0-1 {Black wins by adjudication}
Score of Magic vs SeeFutility: 316 - 258 - 329  [0.532] 903
Started game 916 of 10000 (SeeFutility vs Magic)
Finished game 902 (SeeFutility vs Magic): 0-1 {Black wins by adjudication}
Score of Magic vs SeeFutility: 317 - 258 - 329  [0.533] 904
Started game 917 of 10000 (Magic vs SeeFutility)
Finished game 905 (Magic vs SeeFutility): 1-0 {White wins by adjudication}
Score of Magic vs SeeFutility: 318 - 258 - 329  [0.533] 905
Started game 918 of 10000 (SeeFutility vs Magic)
Finished game 908 (SeeFutility vs Magic): 0-1 {Black wins by adjudication}
Score of Magic vs SeeFutility: 319 - 258 - 329  [0.534] 906
Started game 919 of 10000 (Magic vs SeeFutility)
Finished game 909 (Magic vs SeeFutility): 1-0 {White wins by adjudication}
Score of Magic vs SeeFutility: 320 - 258 - 329  [0.534] 907
Started game 920 of 10000 (SeeFutility vs Magic)
Finished game 906 (SeeFutility vs Magic): 1-0 {White wins by adjudication}
Score of Magic vs SeeFutility: 320 - 259 - 329  [0.534] 908
Started game 921 of 10000 (Magic vs SeeFutility)
Finished game 912 (SeeFutility vs Magic): 1-0 {White wins by adjudication}
Score of Magic vs SeeFutility: 320 - 260 - 329  [0.533] 909
Started game 922 of 10000 (SeeFutility vs Magic)
Finished game 907 (Magic vs SeeFutility): 1-0 {White wins by adjudication}
Score of Magic vs SeeFutility: 321 - 260 - 329  [0.534] 910
Started game 923 of 10000 (Magic vs SeeFutility)
Finished game 910 (SeeFutility vs Magic): 0-1 {Black wins by adjudication}
Score of Magic vs SeeFutility: 322 - 260 - 329  [0.534] 911
Started game 924 of 10000 (SeeFutility vs Magic)
Finished game 917 (Magic vs SeeFutility): 1-0 {White wins by adjudication}
Score of Magic vs SeeFutility: 323 - 260 - 329  [0.535] 912
Started game 925 of 10000 (Magic vs SeeFutility)
Finished game 911 (Magic vs SeeFutility): 1-0 {White mates}
Score of Magic vs SeeFutility: 324 - 260 - 329  [0.535] 913
Started game 926 of 10000 (SeeFutility vs Magic)
Finished game 913 (Magic vs SeeFutility): 1/2-1/2 {Draw by adjudication}
Score of Magic vs SeeFutility: 324 - 260 - 330  [0.535] 914
Started game 927 of 10000 (Magic vs SeeFutility)
Finished game 921 (Magic vs SeeFutility): 1-0 {White wins by adjudication}
Score of Magic vs SeeFutility: 325 - 260 - 330  [0.536] 915
Started game 928 of 10000 (SeeFutility vs Magic)
Finished game 914 (SeeFutility vs Magic): 1/2-1/2 {Draw by insufficient mating material}
Score of Magic vs SeeFutility: 325 - 260 - 331  [0.535] 916
Started game 929 of 10000 (Magic vs SeeFutility)
Finished game 916 (SeeFutility vs Magic): 0-1 {Black mates}
Score of Magic vs SeeFutility: 326 - 260 - 331  [0.536] 917
Started game 930 of 10000 (SeeFutility vs Magic)
Finished game 918 (SeeFutility vs Magic): 1-0 {White wins by adjudication}
Score of Magic vs SeeFutility: 326 - 261 - 331  [0.535] 918
Started game 931 of 10000 (Magic vs SeeFutility)
Finished game 922 (SeeFutility vs Magic): 1/2-1/2 {Draw by 3-fold repetition}
Score of Magic vs SeeFutility: 326 - 261 - 332  [0.535] 919
Started game 932 of 10000 (SeeFutility vs Magic)
Finished game 920 (SeeFutility vs Magic): 0-1 {Black wins by adjudication}
Score of Magic vs SeeFutility: 327 - 261 - 332  [0.536] 920
Started game 933 of 10000 (Magic vs SeeFutility)
Finished game 919 (Magic vs SeeFutility): 1-0 {White wins by adjudication}
Score of Magic vs SeeFutility: 328 - 261 - 332  [0.536] 921
Started game 934 of 10000 (SeeFutility vs Magic)
Finished game 915 (Magic vs SeeFutility): 0-1 {Black wins by adjudication}
Score of Magic vs SeeFutility: 328 - 262 - 332  [0.536] 922
Started game 935 of 10000 (Magic vs SeeFutility)
Finished game 931 (Magic vs SeeFutility): 1-0 {White wins by adjudication}
Score of Magic vs SeeFutility: 329 - 262 - 332  [0.536] 923
Started game 936 of 10000 (SeeFutility vs Magic)
Finished game 923 (Magic vs SeeFutility): 1-0 {White wins by adjudication}
Score of Magic vs SeeFutility: 330 - 262 - 332  [0.537] 924
Started game 937 of 10000 (Magic vs SeeFutility)
Finished game 924 (SeeFutility vs Magic): 0-1 {Black wins by adjudication}
Score of Magic vs SeeFutility: 331 - 262 - 332  [0.537] 925
Started game 938 of 10000 (SeeFutility vs Magic)
Finished game 926 (SeeFutility vs Magic): 1/2-1/2 {Draw by insufficient mating material}
Score of Magic vs SeeFutility: 331 - 262 - 333  [0.537] 926
Started game 939 of 10000 (Magic vs SeeFutility)
Finished game 928 (SeeFutility vs Magic): 0-1 {Black wins by adjudication}
Score of Magic vs SeeFutility: 332 - 262 - 333  [0.538] 927
Started game 940 of 10000 (SeeFutility vs Magic)
Finished game 929 (Magic vs SeeFutility): 0-1 {Black wins by adjudication}
Score of Magic vs SeeFutility: 332 - 263 - 333  [0.537] 928
Started game 941 of 10000 (Magic vs SeeFutility)
Finished game 930 (SeeFutility vs Magic): 0-1 {Black wins by adjudication}
Score of Magic vs SeeFutility: 333 - 263 - 333  [0.538] 929
Started game 942 of 10000 (SeeFutility vs Magic)
Finished game 932 (SeeFutility vs Magic): 1-0 {White wins by adjudication}
Score of Magic vs SeeFutility: 333 - 264 - 333  [0.537] 930
Started game 943 of 10000 (Magic vs SeeFutility)
Finished game 934 (SeeFutility vs Magic): 0-1 {Black wins by adjudication}
Score of Magic vs SeeFutility: 334 - 264 - 333  [0.538] 931
Started game 944 of 10000 (SeeFutility vs Magic)
Finished game 925 (Magic vs SeeFutility): 0-1 {Black wins by adjudication}
Score of Magic vs SeeFutility: 334 - 265 - 333  [0.537] 932
Started game 945 of 10000 (Magic vs SeeFutility)
Finished game 933 (Magic vs SeeFutility): 1-0 {White wins by adjudication}
Score of Magic vs SeeFutility: 335 - 265 - 333  [0.538] 933
Started game 946 of 10000 (SeeFutility vs Magic)
Finished game 927 (Magic vs SeeFutility): 0-1 {Black wins by adjudication}
Score of Magic vs SeeFutility: 335 - 266 - 333  [0.537] 934
Started game 947 of 10000 (Magic vs SeeFutility)
Finished game 938 (SeeFutility vs Magic): 1-0 {White wins by adjudication}
Score of Magic vs SeeFutility: 335 - 267 - 333  [0.536] 935
Started game 948 of 10000 (SeeFutility vs Magic)
Finished game 935 (Magic vs SeeFutility): 0-1 {Black wins by adjudication}
Score of Magic vs SeeFutility: 335 - 268 - 333  [0.536] 936
Started game 949 of 10000 (Magic vs SeeFutility)
Finished game 936 (SeeFutility vs Magic): 1-0 {White wins by adjudication}
Score of Magic vs SeeFutility: 335 - 269 - 333  [0.535] 937
Started game 950 of 10000 (SeeFutility vs Magic)
Finished game 937 (Magic vs SeeFutility): 1-0 {White wins by adjudication}
Score of Magic vs SeeFutility: 336 - 269 - 333  [0.536] 938
Started game 951 of 10000 (Magic vs SeeFutility)
Finished game 939 (Magic vs SeeFutility): 1-0 {White wins by adjudication}
Score of Magic vs SeeFutility: 337 - 269 - 333  [0.536] 939
Started game 952 of 10000 (SeeFutility vs Magic)
Finished game 942 (SeeFutility vs Magic): 0-1 {Black wins by adjudication}
Score of Magic vs SeeFutility: 338 - 269 - 333  [0.537] 940
Started game 953 of 10000 (Magic vs SeeFutility)
Finished game 940 (SeeFutility vs Magic): 0-1 {Black wins by adjudication}
Score of Magic vs SeeFutility: 339 - 269 - 333  [0.537] 941
Started game 954 of 10000 (SeeFutility vs Magic)
Finished game 945 (Magic vs SeeFutility): 1/2-1/2 {Draw by 3-fold repetition}
Score of Magic vs SeeFutility: 339 - 269 - 334  [0.537] 942
Started game 955 of 10000 (Magic vs SeeFutility)
Finished game 943 (Magic vs SeeFutility): 1/2-1/2 {Draw by insufficient mating material}
Score of Magic vs SeeFutility: 339 - 269 - 335  [0.537] 943
Started game 956 of 10000 (SeeFutility vs Magic)
Finished game 949 (Magic vs SeeFutility): 1-0 {White wins by adjudication}
Score of Magic vs SeeFutility: 340 - 269 - 335  [0.538] 944
Started game 957 of 10000 (Magic vs SeeFutility)
Finished game 946 (SeeFutility vs Magic): 0-1 {Black wins by adjudication}
Score of Magic vs SeeFutility: 341 - 269 - 335  [0.538] 945
Started game 958 of 10000 (SeeFutility vs Magic)
Finished game 947 (Magic vs SeeFutility): 1-0 {White wins by adjudication}
Score of Magic vs SeeFutility: 342 - 269 - 335  [0.539] 946
Started game 959 of 10000 (Magic vs SeeFutility)
Finished game 941 (Magic vs SeeFutility): 0-1 {Black wins by adjudication}
Score of Magic vs SeeFutility: 342 - 270 - 335  [0.538] 947
Started game 960 of 10000 (SeeFutility vs Magic)
Finished game 944 (SeeFutility vs Magic): 0-1 {Black mates}
Score of Magic vs SeeFutility: 343 - 270 - 335  [0.539] 948
Started game 961 of 10000 (Magic vs SeeFutility)
Finished game 951 (Magic vs SeeFutility): 1/2-1/2 {Draw by adjudication}
Score of Magic vs SeeFutility: 343 - 270 - 336  [0.538] 949
Started game 962 of 10000 (SeeFutility vs Magic)
Finished game 950 (SeeFutility vs Magic): 0-1 {Black wins by adjudication}
Score of Magic vs SeeFutility: 344 - 270 - 336  [0.539] 950
Started game 963 of 10000 (Magic vs SeeFutility)
Finished game 948 (SeeFutility vs Magic): 1-0 {White wins by adjudication}
Score of Magic vs SeeFutility: 344 - 271 - 336  [0.538] 951
Started game 964 of 10000 (SeeFutility vs Magic)
Finished game 954 (SeeFutility vs Magic): 1/2-1/2 {Draw by 3-fold repetition}
Score of Magic vs SeeFutility: 344 - 271 - 337  [0.538] 952
Started game 965 of 10000 (Magic vs SeeFutility)
Finished game 953 (Magic vs SeeFutility): 1-0 {White wins by adjudication}
Score of Magic vs SeeFutility: 345 - 271 - 337  [0.539] 953
Started game 966 of 10000 (SeeFutility vs Magic)
Finished game 952 (SeeFutility vs Magic): 1/2-1/2 {Draw by insufficient mating material}
Score of Magic vs SeeFutility: 345 - 271 - 338  [0.539] 954
Started game 967 of 10000 (Magic vs SeeFutility)
Finished game 955 (Magic vs SeeFutility): 1-0 {White wins by adjudication}
Score of Magic vs SeeFutility: 346 - 271 - 338  [0.539] 955
Started game 968 of 10000 (SeeFutility vs Magic)
Finished game 961 (Magic vs SeeFutility): 1-0 {White wins by adjudication}
Score of Magic vs SeeFutility: 347 - 271 - 338  [0.540] 956
Started game 969 of 10000 (Magic vs SeeFutility)
Finished game 960 (SeeFutility vs Magic): 1/2-1/2 {Draw by insufficient mating material}
Score of Magic vs SeeFutility: 347 - 271 - 339  [0.540] 957
Started game 970 of 10000 (SeeFutility vs Magic)
Finished game 959 (Magic vs SeeFutility): 1/2-1/2 {Draw by insufficient mating material}
Score of Magic vs SeeFutility: 347 - 271 - 340  [0.540] 958
Started game 971 of 10000 (Magic vs SeeFutility)
Finished game 958 (SeeFutility vs Magic): 1/2-1/2 {Draw by adjudication}
Score of Magic vs SeeFutility: 347 - 271 - 341  [0.540] 959
Started game 972 of 10000 (SeeFutility vs Magic)
Finished game 956 (SeeFutility vs Magic): 0-1 {Black wins by adjudication}
Score of Magic vs SeeFutility: 348 - 271 - 341  [0.540] 960
Started game 973 of 10000 (Magic vs SeeFutility)
Finished game 965 (Magic vs SeeFutility): 1/2-1/2 {Draw by adjudication}
Score of Magic vs SeeFutility: 348 - 271 - 342  [0.540] 961
Started game 974 of 10000 (SeeFutility vs Magic)
Finished game 962 (SeeFutility vs Magic): 0-1 {Black wins by adjudication}
Score of Magic vs SeeFutility: 349 - 271 - 342  [0.541] 962
Started game 975 of 10000 (Magic vs SeeFutility)
Finished game 957 (Magic vs SeeFutility): 1/2-1/2 {Draw by insufficient mating material}
Score of Magic vs SeeFutility: 349 - 271 - 343  [0.540] 963
Started game 976 of 10000 (SeeFutility vs Magic)
Finished game 964 (SeeFutility vs Magic): 1/2-1/2 {Draw by insufficient mating material}
Score of Magic vs SeeFutility: 349 - 271 - 344  [0.540] 964
Started game 977 of 10000 (Magic vs SeeFutility)
Finished game 963 (Magic vs SeeFutility): 1/2-1/2 {Draw by insufficient mating material}
Score of Magic vs SeeFutility: 349 - 271 - 345  [0.540] 965
Started game 978 of 10000 (SeeFutility vs Magic)
Finished game 967 (Magic vs SeeFutility): 1-0 {White wins by adjudication}
Score of Magic vs SeeFutility: 350 - 271 - 345  [0.541] 966
Started game 979 of 10000 (Magic vs SeeFutility)
Finished game 966 (SeeFutility vs Magic): 1-0 {White wins by adjudication}
Score of Magic vs SeeFutility: 350 - 272 - 345  [0.540] 967
Started game 980 of 10000 (SeeFutility vs Magic)
Finished game 973 (Magic vs SeeFutility): 0-1 {Black wins by adjudication}
Score of Magic vs SeeFutility: 350 - 273 - 345  [0.540] 968
Started game 981 of 10000 (Magic vs SeeFutility)
Finished game 970 (SeeFutility vs Magic): 1-0 {White wins by adjudication}
Score of Magic vs SeeFutility: 350 - 274 - 345  [0.539] 969
Started game 982 of 10000 (SeeFutility vs Magic)
Finished game 972 (SeeFutility vs Magic): 1/2-1/2 {Draw by adjudication}
Score of Magic vs SeeFutility: 350 - 274 - 346  [0.539] 970
Started game 983 of 10000 (Magic vs SeeFutility)
Finished game 971 (Magic vs SeeFutility): 1-0 {White wins by adjudication}
Score of Magic vs SeeFutility: 351 - 274 - 346  [0.540] 971
Started game 984 of 10000 (SeeFutility vs Magic)
Finished game 975 (Magic vs SeeFutility): 1/2-1/2 {Draw by adjudication}
Score of Magic vs SeeFutility: 351 - 274 - 347  [0.540] 972
Started game 985 of 10000 (Magic vs SeeFutility)
Finished game 976 (SeeFutility vs Magic): 1/2-1/2 {Draw by 3-fold repetition}
Score of Magic vs SeeFutility: 351 - 274 - 348  [0.540] 973
Started game 986 of 10000 (SeeFutility vs Magic)
Finished game 974 (SeeFutility vs Magic): 1/2-1/2 {Draw by insufficient mating material}
Score of Magic vs SeeFutility: 351 - 274 - 349  [0.540] 974
Started game 987 of 10000 (Magic vs SeeFutility)
Finished game 968 (SeeFutility vs Magic): 1-0 {White wins by adjudication}
Score of Magic vs SeeFutility: 351 - 275 - 349  [0.539] 975
Started game 988 of 10000 (SeeFutility vs Magic)
Finished game 969 (Magic vs SeeFutility): 0-1 {Black wins by adjudication}
Score of Magic vs SeeFutility: 351 - 276 - 349  [0.538] 976
Started game 989 of 10000 (Magic vs SeeFutility)
Finished game 977 (Magic vs SeeFutility): 1-0 {White wins by adjudication}
Score of Magic vs SeeFutility: 352 - 276 - 349  [0.539] 977
Started game 990 of 10000 (SeeFutility vs Magic)
Finished game 978 (SeeFutility vs Magic): 1-0 {White wins by adjudication}
Score of Magic vs SeeFutility: 352 - 277 - 349  [0.538] 978
Started game 991 of 10000 (Magic vs SeeFutility)
Finished game 979 (Magic vs SeeFutility): 1/2-1/2 {Draw by adjudication}
Score of Magic vs SeeFutility: 352 - 277 - 350  [0.538] 979
Started game 992 of 10000 (SeeFutility vs Magic)
Finished game 980 (SeeFutility vs Magic): 1/2-1/2 {Draw by insufficient mating material}
Score of Magic vs SeeFutility: 352 - 277 - 351  [0.538] 980
Started game 993 of 10000 (Magic vs SeeFutility)
Finished game 988 (SeeFutility vs Magic): 0-1 {Black wins by adjudication}
Score of Magic vs SeeFutility: 353 - 277 - 351  [0.539] 981
Started game 994 of 10000 (SeeFutility vs Magic)
Finished game 985 (Magic vs SeeFutility): 1-0 {White wins by adjudication}
Score of Magic vs SeeFutility: 354 - 277 - 351  [0.539] 982
Started game 995 of 10000 (Magic vs SeeFutility)
Finished game 987 (Magic vs SeeFutility): 0-1 {Black wins by adjudication}
Score of Magic vs SeeFutility: 354 - 278 - 351  [0.539] 983
Started game 996 of 10000 (SeeFutility vs Magic)
Finished game 983 (Magic vs SeeFutility): 1-0 {White wins by adjudication}
Score of Magic vs SeeFutility: 355 - 278 - 351  [0.539] 984
Started game 997 of 10000 (Magic vs SeeFutility)
Finished game 982 (SeeFutility vs Magic): 0-1 {Black wins by adjudication}
Score of Magic vs SeeFutility: 356 - 278 - 351  [0.540] 985
Started game 998 of 10000 (SeeFutility vs Magic)
Finished game 989 (Magic vs SeeFutility): 1/2-1/2 {Draw by 3-fold repetition}
Score of Magic vs SeeFutility: 356 - 278 - 352  [0.540] 986
Started game 999 of 10000 (Magic vs SeeFutility)
Finished game 986 (SeeFutility vs Magic): 1/2-1/2 {Draw by adjudication}
Score of Magic vs SeeFutility: 356 - 278 - 353  [0.540] 987
Started game 1000 of 10000 (SeeFutility vs Magic)
Finished game 984 (SeeFutility vs Magic): 1-0 {White wins by adjudication}
Score of Magic vs SeeFutility: 356 - 279 - 353  [0.539] 988
Started game 1001 of 10000 (Magic vs SeeFutility)
Finished game 990 (SeeFutility vs Magic): 1-0 {White wins by adjudication}
Score of Magic vs SeeFutility: 356 - 280 - 353  [0.538] 989
Started game 1002 of 10000 (SeeFutility vs Magic)
Finished game 981 (Magic vs SeeFutility): 1/2-1/2 {Draw by fifty moves rule}
Score of Magic vs SeeFutility: 356 - 280 - 354  [0.538] 990
Started game 1003 of 10000 (Magic vs SeeFutility)
Finished game 991 (Magic vs SeeFutility): 1-0 {White wins by adjudication}
Score of Magic vs SeeFutility: 357 - 280 - 354  [0.539] 991
Started game 1004 of 10000 (SeeFutility vs Magic)
Finished game 992 (SeeFutility vs Magic): 1-0 {White wins by adjudication}
Score of Magic vs SeeFutility: 357 - 281 - 354  [0.538] 992
Started game 1005 of 10000 (Magic vs SeeFutility)
Finished game 993 (Magic vs SeeFutility): 1-0 {White wins by adjudication}
Score of Magic vs SeeFutility: 358 - 281 - 354  [0.539] 993
Started game 1006 of 10000 (SeeFutility vs Magic)
Finished game 994 (SeeFutility vs Magic): 1-0 {White wins by adjudication}
Score of Magic vs SeeFutility: 358 - 282 - 354  [0.538] 994
Started game 1007 of 10000 (Magic vs SeeFutility)
Finished game 995 (Magic vs SeeFutility): 1-0 {White wins by adjudication}
Score of Magic vs SeeFutility: 359 - 282 - 354  [0.539] 995
Started game 1008 of 10000 (SeeFutility vs Magic)
Finished game 996 (SeeFutility vs Magic): 1-0 {White wins by adjudication}
Score of Magic vs SeeFutility: 359 - 283 - 354  [0.538] 996
Started game 1009 of 10000 (Magic vs SeeFutility)
Finished game 999 (Magic vs SeeFutility): 1-0 {White wins by adjudication}
Score of Magic vs SeeFutility: 360 - 283 - 354  [0.539] 997
Started game 1010 of 10000 (SeeFutility vs Magic)
Finished game 1000 (SeeFutility vs Magic): 1-0 {White wins by adjudication}
Score of Magic vs SeeFutility: 360 - 284 - 354  [0.538] 998
Started game 1011 of 10000 (Magic vs SeeFutility)
Finished game 1004 (SeeFutility vs Magic): 1/2-1/2 {Draw by 3-fold repetition}
Score of Magic vs SeeFutility: 360 - 284 - 355  [0.538] 999
Started game 1012 of 10000 (SeeFutility vs Magic)
Finished game 1001 (Magic vs SeeFutility): 1/2-1/2 {Draw by insufficient mating material}
Score of Magic vs SeeFutility: 360 - 284 - 356  [0.538] 1000
Started game 1013 of 10000 (Magic vs SeeFutility)
Finished game 1005 (Magic vs SeeFutility): 1-0 {White wins by adjudication}
Score of Magic vs SeeFutility: 361 - 284 - 356  [0.538] 1001
Started game 1014 of 10000 (SeeFutility vs Magic)
Finished game 1003 (Magic vs SeeFutility): 1-0 {White wins by adjudication}
Score of Magic vs SeeFutility: 362 - 284 - 356  [0.539] 1002
Started game 1015 of 10000 (Magic vs SeeFutility)
Finished game 998 (SeeFutility vs Magic): 1/2-1/2 {Draw by insufficient mating material}
Score of Magic vs SeeFutility: 362 - 284 - 357  [0.539] 1003
Started game 1016 of 10000 (SeeFutility vs Magic)
Finished game 997 (Magic vs SeeFutility): 0-1 {Black wins by adjudication}
Score of Magic vs SeeFutility: 362 - 285 - 357  [0.538] 1004
Started game 1017 of 10000 (Magic vs SeeFutility)
Finished game 1009 (Magic vs SeeFutility): 1-0 {White wins by adjudication}
Score of Magic vs SeeFutility: 363 - 285 - 357  [0.539] 1005
Started game 1018 of 10000 (SeeFutility vs Magic)
Finished game 1006 (SeeFutility vs Magic): 1-0 {White wins by adjudication}
Score of Magic vs SeeFutility: 363 - 286 - 357  [0.538] 1006
Started game 1019 of 10000 (Magic vs SeeFutility)
Finished game 1008 (SeeFutility vs Magic): 1-0 {White wins by adjudication}
Score of Magic vs SeeFutility: 363 - 287 - 357  [0.538] 1007
Started game 1020 of 10000 (SeeFutility vs Magic)
Finished game 1002 (SeeFutility vs Magic): 0-1 {Black wins by adjudication}
Score of Magic vs SeeFutility: 364 - 287 - 357  [0.538] 1008
Started game 1021 of 10000 (Magic vs SeeFutility)
Finished game 1010 (SeeFutility vs Magic): 0-1 {Black wins by adjudication}
Score of Magic vs SeeFutility: 365 - 287 - 357  [0.539] 1009
Started game 1022 of 10000 (SeeFutility vs Magic)
Finished game 1011 (Magic vs SeeFutility): 1-0 {White wins by adjudication}
Score of Magic vs SeeFutility: 366 - 287 - 357  [0.539] 1010
Started game 1023 of 10000 (Magic vs SeeFutility)
Finished game 1015 (Magic vs SeeFutility): 1/2-1/2 {Draw by adjudication}
Score of Magic vs SeeFutility: 366 - 287 - 358  [0.539] 1011
Started game 1024 of 10000 (SeeFutility vs Magic)
Finished game 1018 (SeeFutility vs Magic): 1/2-1/2 {Draw by 3-fold repetition}
Score of Magic vs SeeFutility: 366 - 287 - 359  [0.539] 1012
Started game 1025 of 10000 (Magic vs SeeFutility)
Finished game 1007 (Magic vs SeeFutility): 1/2-1/2 {Draw by fifty moves rule}
Score of Magic vs SeeFutility: 366 - 287 - 360  [0.539] 1013
Started game 1026 of 10000 (SeeFutility vs Magic)
Finished game 1014 (SeeFutility vs Magic): 1/2-1/2 {Draw by 3-fold repetition}
Score of Magic vs SeeFutility: 366 - 287 - 361  [0.539] 1014
Started game 1027 of 10000 (Magic vs SeeFutility)
Finished game 1013 (Magic vs SeeFutility): 1-0 {White wins by adjudication}
Score of Magic vs SeeFutility: 367 - 287 - 361  [0.539] 1015
Started game 1028 of 10000 (SeeFutility vs Magic)
Finished game 1016 (SeeFutility vs Magic): 1/2-1/2 {Draw by 3-fold repetition}
Score of Magic vs SeeFutility: 367 - 287 - 362  [0.539] 1016
Started game 1029 of 10000 (Magic vs SeeFutility)
Finished game 1017 (Magic vs SeeFutility): 1-0 {White wins by adjudication}
Score of Magic vs SeeFutility: 368 - 287 - 362  [0.540] 1017
Started game 1030 of 10000 (SeeFutility vs Magic)
Finished game 1012 (SeeFutility vs Magic): 1/2-1/2 {Draw by adjudication}
Score of Magic vs SeeFutility: 368 - 287 - 363  [0.540] 1018
Started game 1031 of 10000 (Magic vs SeeFutility)
Finished game 1019 (Magic vs SeeFutility): 0-1 {Black wins by adjudication}
Score of Magic vs SeeFutility: 368 - 288 - 363  [0.539] 1019
Started game 1032 of 10000 (SeeFutility vs Magic)
Finished game 1021 (Magic vs SeeFutility): 1-0 {White wins by adjudication}
Score of Magic vs SeeFutility: 369 - 288 - 363  [0.540] 1020
Started game 1033 of 10000 (Magic vs SeeFutility)
Finished game 1020 (SeeFutility vs Magic): 1-0 {White wins by adjudication}
Score of Magic vs SeeFutility: 369 - 289 - 363  [0.539] 1021
Started game 1034 of 10000 (SeeFutility vs Magic)
Finished game 1024 (SeeFutility vs Magic): 1-0 {White wins by adjudication}
Score of Magic vs SeeFutility: 369 - 290 - 363  [0.539] 1022
Started game 1035 of 10000 (Magic vs SeeFutility)
Finished game 1022 (SeeFutility vs Magic): 0-1 {Black wins by adjudication}
Score of Magic vs SeeFutility: 370 - 290 - 363  [0.539] 1023
Started game 1036 of 10000 (SeeFutility vs Magic)
Finished game 1025 (Magic vs SeeFutility): 1-0 {White wins by adjudication}
Score of Magic vs SeeFutility: 371 - 290 - 363  [0.540] 1024
Started game 1037 of 10000 (Magic vs SeeFutility)
Finished game 1028 (SeeFutility vs Magic): 1-0 {White wins by adjudication}
Score of Magic vs SeeFutility: 371 - 291 - 363  [0.539] 1025
Started game 1038 of 10000 (SeeFutility vs Magic)
Finished game 1027 (Magic vs SeeFutility): 0-1 {Black wins by adjudication}
Score of Magic vs SeeFutility: 371 - 292 - 363  [0.538] 1026
Started game 1039 of 10000 (Magic vs SeeFutility)
Finished game 1029 (Magic vs SeeFutility): 0-1 {Black wins by adjudication}
Score of Magic vs SeeFutility: 371 - 293 - 363  [0.538] 1027
Started game 1040 of 10000 (SeeFutility vs Magic)
Finished game 1030 (SeeFutility vs Magic): 1/2-1/2 {Draw by insufficient mating material}
Score of Magic vs SeeFutility: 371 - 293 - 364  [0.538] 1028
Started game 1041 of 10000 (Magic vs SeeFutility)
Finished game 1026 (SeeFutility vs Magic): 1/2-1/2 {Draw by fifty moves rule}
Score of Magic vs SeeFutility: 371 - 293 - 365  [0.538] 1029
Started game 1042 of 10000 (SeeFutility vs Magic)
Finished game 1023 (Magic vs SeeFutility): 1/2-1/2 {Draw by insufficient mating material}
Score of Magic vs SeeFutility: 371 - 293 - 366  [0.538] 1030
Started game 1043 of 10000 (Magic vs SeeFutility)
Finished game 1037 (Magic vs SeeFutility): 1-0 {White wins by adjudication}
Score of Magic vs SeeFutility: 372 - 293 - 366  [0.538] 1031
Started game 1044 of 10000 (SeeFutility vs Magic)
Finished game 1031 (Magic vs SeeFutility): 1/2-1/2 {Draw by adjudication}
Score of Magic vs SeeFutility: 372 - 293 - 367  [0.538] 1032
Started game 1045 of 10000 (Magic vs SeeFutility)
Finished game 1033 (Magic vs SeeFutility): 1/2-1/2 {Draw by adjudication}
Score of Magic vs SeeFutility: 372 - 293 - 368  [0.538] 1033
Started game 1046 of 10000 (SeeFutility vs Magic)
Finished game 1032 (SeeFutility vs Magic): 1-0 {White wins by adjudication}
Score of Magic vs SeeFutility: 372 - 294 - 368  [0.538] 1034
Started game 1047 of 10000 (Magic vs SeeFutility)
Finished game 1034 (SeeFutility vs Magic): 1-0 {White wins by adjudication}
Score of Magic vs SeeFutility: 372 - 295 - 368  [0.537] 1035
Started game 1048 of 10000 (SeeFutility vs Magic)
Finished game 1036 (SeeFutility vs Magic): 1/2-1/2 {Draw by 3-fold repetition}
Score of Magic vs SeeFutility: 372 - 295 - 369  [0.537] 1036
Started game 1049 of 10000 (Magic vs SeeFutility)
Finished game 1035 (Magic vs SeeFutility): 1/2-1/2 {Draw by fifty moves rule}
Score of Magic vs SeeFutility: 372 - 295 - 370  [0.537] 1037
Started game 1050 of 10000 (SeeFutility vs Magic)
Finished game 1038 (SeeFutility vs Magic): 1/2-1/2 {Draw by adjudication}
Score of Magic vs SeeFutility: 372 - 295 - 371  [0.537] 1038
Started game 1051 of 10000 (Magic vs SeeFutility)
Finished game 1041 (Magic vs SeeFutility): 1-0 {White wins by adjudication}
Score of Magic vs SeeFutility: 373 - 295 - 371  [0.538] 1039
Started game 1052 of 10000 (SeeFutility vs Magic)
Finished game 1039 (Magic vs SeeFutility): 1-0 {White wins by adjudication}
Score of Magic vs SeeFutility: 374 - 295 - 371  [0.538] 1040
Started game 1053 of 10000 (Magic vs SeeFutility)
Finished game 1040 (SeeFutility vs Magic): 0-1 {Black wins by adjudication}
Score of Magic vs SeeFutility: 375 - 295 - 371  [0.538] 1041
Started game 1054 of 10000 (SeeFutility vs Magic)
Finished game 1042 (SeeFutility vs Magic): 1/2-1/2 {Draw by 3-fold repetition}
Score of Magic vs SeeFutility: 375 - 295 - 372  [0.538] 1042
Started game 1055 of 10000 (Magic vs SeeFutility)
Finished game 1055 (Magic vs SeeFutility): 0-1 {Black wins by adjudication}
Score of Magic vs SeeFutility: 375 - 296 - 372  [0.538] 1043
Started game 1056 of 10000 (SeeFutility vs Magic)
Finished game 1044 (SeeFutility vs Magic): 1-0 {White wins by adjudication}
Score of Magic vs SeeFutility: 375 - 297 - 372  [0.537] 1044
Started game 1057 of 10000 (Magic vs SeeFutility)
Finished game 1043 (Magic vs SeeFutility): 1-0 {White wins by adjudication}
Score of Magic vs SeeFutility: 376 - 297 - 372  [0.538] 1045
Started game 1058 of 10000 (SeeFutility vs Magic)
Finished game 1056 (SeeFutility vs Magic): 0-1 {Black wins by adjudication}
Score of Magic vs SeeFutility: 377 - 297 - 372  [0.538] 1046
Started game 1059 of 10000 (Magic vs SeeFutility)
Finished game 1049 (Magic vs SeeFutility): 1-0 {White wins by adjudication}
Score of Magic vs SeeFutility: 378 - 297 - 372  [0.539] 1047
Started game 1060 of 10000 (SeeFutility vs Magic)
Finished game 1048 (SeeFutility vs Magic): 1/2-1/2 {Draw by 3-fold repetition}
Score of Magic vs SeeFutility: 378 - 297 - 373  [0.539] 1048
Started game 1061 of 10000 (Magic vs SeeFutility)
Finished game 1047 (Magic vs SeeFutility): 1-0 {White wins by adjudication}
Score of Magic vs SeeFutility: 379 - 297 - 373  [0.539] 1049
Started game 1062 of 10000 (SeeFutility vs Magic)
Finished game 1045 (Magic vs SeeFutility): 0-1 {Black mates}
Score of Magic vs SeeFutility: 379 - 298 - 373  [0.539] 1050
Started game 1063 of 10000 (Magic vs SeeFutility)
Finished game 1046 (SeeFutility vs Magic): 1/2-1/2 {Draw by insufficient mating material}
Score of Magic vs SeeFutility: 379 - 298 - 374  [0.539] 1051
Started game 1064 of 10000 (SeeFutility vs Magic)
Finished game 1058 (SeeFutility vs Magic): 1/2-1/2 {Draw by 3-fold repetition}
Score of Magic vs SeeFutility: 379 - 298 - 375  [0.538] 1052
Started game 1065 of 10000 (Magic vs SeeFutility)
Finished game 1050 (SeeFutility vs Magic): 1/2-1/2 {Draw by adjudication}
Score of Magic vs SeeFutility: 379 - 298 - 376  [0.538] 1053
Started game 1066 of 10000 (SeeFutility vs Magic)
Finished game 1063 (Magic vs SeeFutility): 1-0 {White wins by adjudication}
Score of Magic vs SeeFutility: 380 - 298 - 376  [0.539] 1054
Started game 1067 of 10000 (Magic vs SeeFutility)
Finished game 1064 (SeeFutility vs Magic): 1-0 {White wins by adjudication}
Score of Magic vs SeeFutility: 380 - 299 - 376  [0.538] 1055
Started game 1068 of 10000 (SeeFutility vs Magic)
Finished game 1054 (SeeFutility vs Magic): 0-1 {Black wins by adjudication}
Score of Magic vs SeeFutility: 381 - 299 - 376  [0.539] 1056
Started game 1069 of 10000 (Magic vs SeeFutility)
Finished game 1053 (Magic vs SeeFutility): 0-1 {Black wins by adjudication}
Score of Magic vs SeeFutility: 381 - 300 - 376  [0.538] 1057
Started game 1070 of 10000 (SeeFutility vs Magic)
Finished game 1059 (Magic vs SeeFutility): 0-1 {Black wins by adjudication}
Score of Magic vs SeeFutility: 381 - 301 - 376  [0.538] 1058
Started game 1071 of 10000 (Magic vs SeeFutility)
Finished game 1051 (Magic vs SeeFutility): 1/2-1/2 {Draw by adjudication}
Score of Magic vs SeeFutility: 381 - 301 - 377  [0.538] 1059
Started game 1072 of 10000 (SeeFutility vs Magic)
Finished game 1052 (SeeFutility vs Magic): 1-0 {White wins by adjudication}
Score of Magic vs SeeFutility: 381 - 302 - 377  [0.537] 1060
Started game 1073 of 10000 (Magic vs SeeFutility)
Finished game 1062 (SeeFutility vs Magic): 0-1 {Black mates}
Score of Magic vs SeeFutility: 382 - 302 - 377  [0.538] 1061
Started game 1074 of 10000 (SeeFutility vs Magic)
Finished game 1071 (Magic vs SeeFutility): 1/2-1/2 {Draw by 3-fold repetition}
Score of Magic vs SeeFutility: 382 - 302 - 378  [0.538] 1062
Started game 1075 of 10000 (Magic vs SeeFutility)
Finished game 1057 (Magic vs SeeFutility): 0-1 {Black wins by adjudication}
Score of Magic vs SeeFutility: 382 - 303 - 378  [0.537] 1063
Started game 1076 of 10000 (SeeFutility vs Magic)
Finished game 1061 (Magic vs SeeFutility): 0-1 {Black wins by adjudication}
Score of Magic vs SeeFutility: 382 - 304 - 378  [0.537] 1064
Started game 1077 of 10000 (Magic vs SeeFutility)
Finished game 1060 (SeeFutility vs Magic): 1/2-1/2 {Draw by adjudication}
Score of Magic vs SeeFutility: 382 - 304 - 379  [0.537] 1065
Started game 1078 of 10000 (SeeFutility vs Magic)
Finished game 1065 (Magic vs SeeFutility): 1/2-1/2 {Draw by 3-fold repetition}
Score of Magic vs SeeFutility: 382 - 304 - 380  [0.537] 1066
Started game 1079 of 10000 (Magic vs SeeFutility)
Finished game 1066 (SeeFutility vs Magic): 0-1 {Black wins by adjudication}
Score of Magic vs SeeFutility: 383 - 304 - 380  [0.537] 1067
Started game 1080 of 10000 (SeeFutility vs Magic)
Finished game 1070 (SeeFutility vs Magic): 1/2-1/2 {Draw by insufficient mating material}
Score of Magic vs SeeFutility: 383 - 304 - 381  [0.537] 1068
Started game 1081 of 10000 (Magic vs SeeFutility)
Finished game 1067 (Magic vs SeeFutility): 1/2-1/2 {Draw by adjudication}
Score of Magic vs SeeFutility: 383 - 304 - 382  [0.537] 1069
Started game 1082 of 10000 (SeeFutility vs Magic)
Finished game 1077 (Magic vs SeeFutility): 1/2-1/2 {Draw by 3-fold repetition}
Score of Magic vs SeeFutility: 383 - 304 - 383  [0.537] 1070
Started game 1083 of 10000 (Magic vs SeeFutility)
Finished game 1068 (SeeFutility vs Magic): 1-0 {White wins by adjudication}
Score of Magic vs SeeFutility: 383 - 305 - 383  [0.536] 1071
Started game 1084 of 10000 (SeeFutility vs Magic)
Finished game 1074 (SeeFutility vs Magic): 1/2-1/2 {Draw by 3-fold repetition}
Score of Magic vs SeeFutility: 383 - 305 - 384  [0.536] 1072
Started game 1085 of 10000 (Magic vs SeeFutility)
Finished game 1072 (SeeFutility vs Magic): 1/2-1/2 {Draw by adjudication}
Score of Magic vs SeeFutility: 383 - 305 - 385  [0.536] 1073
Started game 1086 of 10000 (SeeFutility vs Magic)
Finished game 1073 (Magic vs SeeFutility): 1/2-1/2 {Draw by insufficient mating material}
Score of Magic vs SeeFutility: 383 - 305 - 386  [0.536] 1074
Started game 1087 of 10000 (Magic vs SeeFutility)
Finished game 1069 (Magic vs SeeFutility): 1/2-1/2 {Draw by adjudication}
Score of Magic vs SeeFutility: 383 - 305 - 387  [0.536] 1075
Started game 1088 of 10000 (SeeFutility vs Magic)
Finished game 1075 (Magic vs SeeFutility): 1-0 {White wins by adjudication}
Score of Magic vs SeeFutility: 384 - 305 - 387  [0.537] 1076
Started game 1089 of 10000 (Magic vs SeeFutility)
Finished game 1076 (SeeFutility vs Magic): 0-1 {Black wins by adjudication}
Score of Magic vs SeeFutility: 385 - 305 - 387  [0.537] 1077
Started game 1090 of 10000 (SeeFutility vs Magic)
Finished game 1078 (SeeFutility vs Magic): 1-0 {White wins by adjudication}
Score of Magic vs SeeFutility: 385 - 306 - 387  [0.537] 1078
Started game 1091 of 10000 (Magic vs SeeFutility)
Finished game 1082 (SeeFutility vs Magic): 1-0 {White wins by adjudication}
Score of Magic vs SeeFutility: 385 - 307 - 387  [0.536] 1079
Started game 1092 of 10000 (SeeFutility vs Magic)
Finished game 1084 (SeeFutility vs Magic): 0-1 {Black wins by adjudication}
Score of Magic vs SeeFutility: 386 - 307 - 387  [0.537] 1080
Started game 1093 of 10000 (Magic vs SeeFutility)
Finished game 1079 (Magic vs SeeFutility): 1-0 {White wins by adjudication}
Score of Magic vs SeeFutility: 387 - 307 - 387  [0.537] 1081
Started game 1094 of 10000 (SeeFutility vs Magic)
Finished game 1089 (Magic vs SeeFutility): 0-1 {Black wins by adjudication}
Score of Magic vs SeeFutility: 387 - 308 - 387  [0.537] 1082
Started game 1095 of 10000 (Magic vs SeeFutility)
Finished game 1080 (SeeFutility vs Magic): 1-0 {White wins by adjudication}
Score of Magic vs SeeFutility: 387 - 309 - 387  [0.536] 1083
Started game 1096 of 10000 (SeeFutility vs Magic)
Finished game 1081 (Magic vs SeeFutility): 1/2-1/2 {Draw by insufficient mating material}
Score of Magic vs SeeFutility: 387 - 309 - 388  [0.536] 1084
Started game 1097 of 10000 (Magic vs SeeFutility)
Finished game 1087 (Magic vs SeeFutility): 0-1 {Black wins by adjudication}
Score of Magic vs SeeFutility: 387 - 310 - 388  [0.535] 1085
Started game 1098 of 10000 (SeeFutility vs Magic)
Finished game 1085 (Magic vs SeeFutility): 0-1 {Black wins by adjudication}
Score of Magic vs SeeFutility: 387 - 311 - 388  [0.535] 1086
Started game 1099 of 10000 (Magic vs SeeFutility)
Finished game 1083 (Magic vs SeeFutility): 1/2-1/2 {Draw by insufficient mating material}
Score of Magic vs SeeFutility: 387 - 311 - 389  [0.535] 1087
Started game 1100 of 10000 (SeeFutility vs Magic)
Finished game 1092 (SeeFutility vs Magic): 1/2-1/2 {Draw by 3-fold repetition}
Score of Magic vs SeeFutility: 387 - 311 - 390  [0.535] 1088
Started game 1101 of 10000 (Magic vs SeeFutility)
Finished game 1088 (SeeFutility vs Magic): 1/2-1/2 {Draw by 3-fold repetition}
Score of Magic vs SeeFutility: 387 - 311 - 391  [0.535] 1089
Started game 1102 of 10000 (SeeFutility vs Magic)
Finished game 1090 (SeeFutility vs Magic): 0-1 {Black wins by adjudication}
Score of Magic vs SeeFutility: 388 - 311 - 391  [0.535] 1090
Started game 1103 of 10000 (Magic vs SeeFutility)
Finished game 1086 (SeeFutility vs Magic): 1/2-1/2 {Draw by 3-fold repetition}
Score of Magic vs SeeFutility: 388 - 311 - 392  [0.535] 1091
Started game 1104 of 10000 (SeeFutility vs Magic)
Finished game 1102 (SeeFutility vs Magic): 1/2-1/2 {Draw by 3-fold repetition}
Score of Magic vs SeeFutility: 388 - 311 - 393  [0.535] 1092
Started game 1105 of 10000 (Magic vs SeeFutility)
Finished game 1096 (SeeFutility vs Magic): 1/2-1/2 {Draw by 3-fold repetition}
Score of Magic vs SeeFutility: 388 - 311 - 394  [0.535] 1093
Started game 1106 of 10000 (SeeFutility vs Magic)
Finished game 1099 (Magic vs SeeFutility): 1/2-1/2 {Draw by 3-fold repetition}
Score of Magic vs SeeFutility: 388 - 311 - 395  [0.535] 1094
Started game 1107 of 10000 (Magic vs SeeFutility)
Finished game 1091 (Magic vs SeeFutility): 1/2-1/2 {Draw by fifty moves rule}
Score of Magic vs SeeFutility: 388 - 311 - 396  [0.535] 1095
Started game 1108 of 10000 (SeeFutility vs Magic)
Finished game 1101 (Magic vs SeeFutility): 1/2-1/2 {Draw by 3-fold repetition}
Score of Magic vs SeeFutility: 388 - 311 - 397  [0.535] 1096
Started game 1109 of 10000 (Magic vs SeeFutility)
Finished game 1094 (SeeFutility vs Magic): 1/2-1/2 {Draw by 3-fold repetition}
Score of Magic vs SeeFutility: 388 - 311 - 398  [0.535] 1097
Started game 1110 of 10000 (SeeFutility vs Magic)
Finished game 1097 (Magic vs SeeFutility): 1-0 {White wins by adjudication}
Score of Magic vs SeeFutility: 389 - 311 - 398  [0.536] 1098
Started game 1111 of 10000 (Magic vs SeeFutility)
Finished game 1098 (SeeFutility vs Magic): 1-0 {White wins by adjudication}
Score of Magic vs SeeFutility: 389 - 312 - 398  [0.535] 1099
Started game 1112 of 10000 (SeeFutility vs Magic)
Finished game 1095 (Magic vs SeeFutility): 0-1 {Black wins by adjudication}
Score of Magic vs SeeFutility: 389 - 313 - 398  [0.535] 1100
Started game 1113 of 10000 (Magic vs SeeFutility)
Finished game 1100 (SeeFutility vs Magic): 1/2-1/2 {Draw by adjudication}
Score of Magic vs SeeFutility: 389 - 313 - 399  [0.535] 1101
Started game 1114 of 10000 (SeeFutility vs Magic)
Finished game 1093 (Magic vs SeeFutility): 0-1 {Black wins by adjudication}
Score of Magic vs SeeFutility: 389 - 314 - 399  [0.534] 1102
Started game 1115 of 10000 (Magic vs SeeFutility)
Finished game 1104 (SeeFutility vs Magic): 1-0 {White wins by adjudication}
Score of Magic vs SeeFutility: 389 - 315 - 399  [0.534] 1103
Started game 1116 of 10000 (SeeFutility vs Magic)
Finished game 1103 (Magic vs SeeFutility): 0-1 {Black wins by adjudication}
Score of Magic vs SeeFutility: 389 - 316 - 399  [0.533] 1104
Started game 1117 of 10000 (Magic vs SeeFutility)
Finished game 1106 (SeeFutility vs Magic): 1/2-1/2 {Draw by adjudication}
Score of Magic vs SeeFutility: 389 - 316 - 400  [0.533] 1105
Started game 1118 of 10000 (SeeFutility vs Magic)
Finished game 1105 (Magic vs SeeFutility): 1/2-1/2 {Draw by adjudication}
Score of Magic vs SeeFutility: 389 - 316 - 401  [0.533] 1106
Started game 1119 of 10000 (Magic vs SeeFutility)
Finished game 1110 (SeeFutility vs Magic): 0-1 {Black wins by adjudication}
Score of Magic vs SeeFutility: 390 - 316 - 401  [0.533] 1107
Started game 1120 of 10000 (SeeFutility vs Magic)
Finished game 1108 (SeeFutility vs Magic): 1/2-1/2 {Draw by adjudication}
Score of Magic vs SeeFutility: 390 - 316 - 402  [0.533] 1108
Started game 1121 of 10000 (Magic vs SeeFutility)
Finished game 1109 (Magic vs SeeFutility): 0-1 {Black wins by adjudication}
Score of Magic vs SeeFutility: 390 - 317 - 402  [0.533] 1109
Started game 1122 of 10000 (SeeFutility vs Magic)
Finished game 1112 (SeeFutility vs Magic): 1-0 {White wins by adjudication}
Score of Magic vs SeeFutility: 390 - 318 - 402  [0.532] 1110
Started game 1123 of 10000 (Magic vs SeeFutility)
Finished game 1113 (Magic vs SeeFutility): 1-0 {White wins by adjudication}
Score of Magic vs SeeFutility: 391 - 318 - 402  [0.533] 1111
Started game 1124 of 10000 (SeeFutility vs Magic)
Finished game 1114 (SeeFutility vs Magic): 0-1 {Black wins by adjudication}
Score of Magic vs SeeFutility: 392 - 318 - 402  [0.533] 1112
Started game 1125 of 10000 (Magic vs SeeFutility)
Finished game 1118 (SeeFutility vs Magic): 0-1 {Black wins by adjudication}
Score of Magic vs SeeFutility: 393 - 318 - 402  [0.534] 1113
Started game 1126 of 10000 (SeeFutility vs Magic)
Finished game 1116 (SeeFutility vs Magic): 1/2-1/2 {Draw by insufficient mating material}
Score of Magic vs SeeFutility: 393 - 318 - 403  [0.534] 1114
Started game 1127 of 10000 (Magic vs SeeFutility)
Finished game 1107 (Magic vs SeeFutility): 1/2-1/2 {Draw by adjudication}
Score of Magic vs SeeFutility: 393 - 318 - 404  [0.534] 1115
Started game 1128 of 10000 (SeeFutility vs Magic)
Finished game 1115 (Magic vs SeeFutility): 1-0 {White wins by adjudication}
Score of Magic vs SeeFutility: 394 - 318 - 404  [0.534] 1116
Started game 1129 of 10000 (Magic vs SeeFutility)
Finished game 1117 (Magic vs SeeFutility): 1-0 {White wins by adjudication}
Score of Magic vs SeeFutility: 395 - 318 - 404  [0.534] 1117
Started game 1130 of 10000 (SeeFutility vs Magic)
Finished game 1119 (Magic vs SeeFutility): 1-0 {White wins by adjudication}
Score of Magic vs SeeFutility: 396 - 318 - 404  [0.535] 1118
Started game 1131 of 10000 (Magic vs SeeFutility)
Finished game 1121 (Magic vs SeeFutility): 1-0 {White wins by adjudication}
Score of Magic vs SeeFutility: 397 - 318 - 404  [0.535] 1119
Started game 1132 of 10000 (SeeFutility vs Magic)
Finished game 1111 (Magic vs SeeFutility): 1/2-1/2 {Draw by fifty moves rule}
Score of Magic vs SeeFutility: 397 - 318 - 405  [0.535] 1120
Started game 1133 of 10000 (Magic vs SeeFutility)
Finished game 1122 (SeeFutility vs Magic): 1-0 {White wins by adjudication}
Score of Magic vs SeeFutility: 397 - 319 - 405  [0.535] 1121
Started game 1134 of 10000 (SeeFutility vs Magic)
Finished game 1129 (Magic vs SeeFutility): 1-0 {White wins by adjudication}
Score of Magic vs SeeFutility: 398 - 319 - 405  [0.535] 1122
Started game 1135 of 10000 (Magic vs SeeFutility)
Finished game 1123 (Magic vs SeeFutility): 0-1 {Black wins by adjudication}
Score of Magic vs SeeFutility: 398 - 320 - 405  [0.535] 1123
Started game 1136 of 10000 (SeeFutility vs Magic)
Finished game 1120 (SeeFutility vs Magic): 1/2-1/2 {Draw by fifty moves rule}
Score of Magic vs SeeFutility: 398 - 320 - 406  [0.535] 1124
Started game 1137 of 10000 (Magic vs SeeFutility)
Finished game 1125 (Magic vs SeeFutility): 1-0 {White wins by adjudication}
Score of Magic vs SeeFutility: 399 - 320 - 406  [0.535] 1125
Started game 1138 of 10000 (SeeFutility vs Magic)
Finished game 1130 (SeeFutility vs Magic): 1/2-1/2 {Draw by 3-fold repetition}
Score of Magic vs SeeFutility: 399 - 320 - 407  [0.535] 1126
Started game 1139 of 10000 (Magic vs SeeFutility)
Finished game 1126 (SeeFutility vs Magic): 1/2-1/2 {Draw by insufficient mating material}
Score of Magic vs SeeFutility: 399 - 320 - 408  [0.535] 1127
Started game 1140 of 10000 (SeeFutility vs Magic)
Finished game 1128 (SeeFutility vs Magic): 1-0 {White wins by adjudication}
Score of Magic vs SeeFutility: 399 - 321 - 408  [0.535] 1128
Started game 1141 of 10000 (Magic vs SeeFutility)
Finished game 1127 (Magic vs SeeFutility): 1-0 {White wins by adjudication}
Score of Magic vs SeeFutility: 400 - 321 - 408  [0.535] 1129
Started game 1142 of 10000 (SeeFutility vs Magic)
Finished game 1124 (SeeFutility vs Magic): 0-1 {Black mates}
Score of Magic vs SeeFutility: 401 - 321 - 408  [0.535] 1130
Started game 1143 of 10000 (Magic vs SeeFutility)
Finished game 1131 (Magic vs SeeFutility): 0-1 {Black wins by adjudication}
Score of Magic vs SeeFutility: 401 - 322 - 408  [0.535] 1131
Started game 1144 of 10000 (SeeFutility vs Magic)
Finished game 1135 (Magic vs SeeFutility): 1/2-1/2 {Draw by 3-fold repetition}
Score of Magic vs SeeFutility: 401 - 322 - 409  [0.535] 1132
Started game 1145 of 10000 (Magic vs SeeFutility)
Finished game 1132 (SeeFutility vs Magic): 1-0 {White wins by adjudication}
Score of Magic vs SeeFutility: 401 - 323 - 409  [0.534] 1133
Started game 1146 of 10000 (SeeFutility vs Magic)
Finished game 1133 (Magic vs SeeFutility): 0-1 {Black wins by adjudication}
Score of Magic vs SeeFutility: 401 - 324 - 409  [0.534] 1134
Started game 1147 of 10000 (Magic vs SeeFutility)
Finished game 1140 (SeeFutility vs Magic): 1/2-1/2 {Draw by 3-fold repetition}
Score of Magic vs SeeFutility: 401 - 324 - 410  [0.534] 1135
Started game 1148 of 10000 (SeeFutility vs Magic)
Finished game 1139 (Magic vs SeeFutility): 0-1 {Black wins by adjudication}
Score of Magic vs SeeFutility: 401 - 325 - 410  [0.533] 1136
Started game 1149 of 10000 (Magic vs SeeFutility)
Finished game 1134 (SeeFutility vs Magic): 1/2-1/2 {Draw by 3-fold repetition}
Score of Magic vs SeeFutility: 401 - 325 - 411  [0.533] 1137
Started game 1150 of 10000 (SeeFutility vs Magic)
Finished game 1136 (SeeFutility vs Magic): 1/2-1/2 {Draw by adjudication}
Score of Magic vs SeeFutility: 401 - 325 - 412  [0.533] 1138
Started game 1151 of 10000 (Magic vs SeeFutility)
Finished game 1142 (SeeFutility vs Magic): 0-1 {Black wins by adjudication}
Score of Magic vs SeeFutility: 402 - 325 - 412  [0.534] 1139
Started game 1152 of 10000 (SeeFutility vs Magic)
Finished game 1137 (Magic vs SeeFutility): 1/2-1/2 {Draw by insufficient mating material}
Score of Magic vs SeeFutility: 402 - 325 - 413  [0.534] 1140
Started game 1153 of 10000 (Magic vs SeeFutility)
Finished game 1138 (SeeFutility vs Magic): 1/2-1/2 {Draw by insufficient mating material}
Score of Magic vs SeeFutility: 402 - 325 - 414  [0.534] 1141
Started game 1154 of 10000 (SeeFutility vs Magic)
Finished game 1145 (Magic vs SeeFutility): 1-0 {White wins by adjudication}
Score of Magic vs SeeFutility: 403 - 325 - 414  [0.534] 1142
Started game 1155 of 10000 (Magic vs SeeFutility)
Finished game 1143 (Magic vs SeeFutility): 1/2-1/2 {Draw by 3-fold repetition}
Score of Magic vs SeeFutility: 403 - 325 - 415  [0.534] 1143
Started game 1156 of 10000 (SeeFutility vs Magic)
Finished game 1144 (SeeFutility vs Magic): 1-0 {White mates}
Score of Magic vs SeeFutility: 403 - 326 - 415  [0.534] 1144
Started game 1157 of 10000 (Magic vs SeeFutility)
Finished game 1141 (Magic vs SeeFutility): 1/2-1/2 {Draw by 3-fold repetition}
Score of Magic vs SeeFutility: 403 - 326 - 416  [0.534] 1145
Started game 1158 of 10000 (SeeFutility vs Magic)
Finished game 1148 (SeeFutility vs Magic): 1/2-1/2 {Draw by 3-fold repetition}
Score of Magic vs SeeFutility: 403 - 326 - 417  [0.534] 1146
Started game 1159 of 10000 (Magic vs SeeFutility)
Finished game 1147 (Magic vs SeeFutility): 0-1 {Black wins by adjudication}
Score of Magic vs SeeFutility: 403 - 327 - 417  [0.533] 1147
Started game 1160 of 10000 (SeeFutility vs Magic)
Finished game 1146 (SeeFutility vs Magic): 1-0 {White wins by adjudication}
Score of Magic vs SeeFutility: 403 - 328 - 417  [0.533] 1148
Started game 1161 of 10000 (Magic vs SeeFutility)
Finished game 1150 (SeeFutility vs Magic): 1-0 {White wins by adjudication}
Score of Magic vs SeeFutility: 403 - 329 - 417  [0.532] 1149
Started game 1162 of 10000 (SeeFutility vs Magic)
Finished game 1149 (Magic vs SeeFutility): 0-1 {Black wins by adjudication}
Score of Magic vs SeeFutility: 403 - 330 - 417  [0.532] 1150
Started game 1163 of 10000 (Magic vs SeeFutility)
Finished game 1153 (Magic vs SeeFutility): 1-0 {White wins by adjudication}
Score of Magic vs SeeFutility: 404 - 330 - 417  [0.532] 1151
Started game 1164 of 10000 (SeeFutility vs Magic)
Finished game 1152 (SeeFutility vs Magic): 0-1 {Black wins by adjudication}
Score of Magic vs SeeFutility: 405 - 330 - 417  [0.533] 1152
Started game 1165 of 10000 (Magic vs SeeFutility)
Finished game 1154 (SeeFutility vs Magic): 0-1 {Black wins by adjudication}
Score of Magic vs SeeFutility: 406 - 330 - 417  [0.533] 1153
Started game 1166 of 10000 (SeeFutility vs Magic)
Finished game 1159 (Magic vs SeeFutility): 1/2-1/2 {Draw by 3-fold repetition}
Score of Magic vs SeeFutility: 406 - 330 - 418  [0.533] 1154
Started game 1167 of 10000 (Magic vs SeeFutility)
Finished game 1156 (SeeFutility vs Magic): 1/2-1/2 {Draw by insufficient mating material}
Score of Magic vs SeeFutility: 406 - 330 - 419  [0.533] 1155
Started game 1168 of 10000 (SeeFutility vs Magic)
Finished game 1151 (Magic vs SeeFutility): 1-0 {White wins by adjudication}
Score of Magic vs SeeFutility: 407 - 330 - 419  [0.533] 1156
Started game 1169 of 10000 (Magic vs SeeFutility)
Finished game 1155 (Magic vs SeeFutility): 1-0 {White wins by adjudication}
Score of Magic vs SeeFutility: 408 - 330 - 419  [0.534] 1157
Started game 1170 of 10000 (SeeFutility vs Magic)
Finished game 1166 (SeeFutility vs Magic): 1/2-1/2 {Draw by 3-fold repetition}
Score of Magic vs SeeFutility: 408 - 330 - 420  [0.534] 1158
Started game 1171 of 10000 (Magic vs SeeFutility)
Finished game 1157 (Magic vs SeeFutility): 0-1 {Black wins by adjudication}
Score of Magic vs SeeFutility: 408 - 331 - 420  [0.533] 1159
Started game 1172 of 10000 (SeeFutility vs Magic)
Finished game 1161 (Magic vs SeeFutility): 1-0 {White wins by adjudication}
Score of Magic vs SeeFutility: 409 - 331 - 420  [0.534] 1160
Started game 1173 of 10000 (Magic vs SeeFutility)
Finished game 1160 (SeeFutility vs Magic): 0-1 {Black wins by adjudication}
Score of Magic vs SeeFutility: 410 - 331 - 420  [0.534] 1161
Started game 1174 of 10000 (SeeFutility vs Magic)
Finished game 1158 (SeeFutility vs Magic): 0-1 {Black wins by adjudication}
Score of Magic vs SeeFutility: 411 - 331 - 420  [0.534] 1162
Started game 1175 of 10000 (Magic vs SeeFutility)
Finished game 1164 (SeeFutility vs Magic): 1-0 {White wins by adjudication}
Score of Magic vs SeeFutility: 411 - 332 - 420  [0.534] 1163
Started game 1176 of 10000 (SeeFutility vs Magic)
Finished game 1167 (Magic vs SeeFutility): 1/2-1/2 {Draw by 3-fold repetition}
Score of Magic vs SeeFutility: 411 - 332 - 421  [0.534] 1164
Started game 1177 of 10000 (Magic vs SeeFutility)
Finished game 1162 (SeeFutility vs Magic): 1-0 {White wins by adjudication}
Score of Magic vs SeeFutility: 411 - 333 - 421  [0.533] 1165
Started game 1178 of 10000 (SeeFutility vs Magic)
Finished game 1163 (Magic vs SeeFutility): 0-1 {Black wins by adjudication}
Score of Magic vs SeeFutility: 411 - 334 - 421  [0.533] 1166
Started game 1179 of 10000 (Magic vs SeeFutility)
Finished game 1165 (Magic vs SeeFutility): 0-1 {Black wins by adjudication}
Score of Magic vs SeeFutility: 411 - 335 - 421  [0.533] 1167
Started game 1180 of 10000 (SeeFutility vs Magic)
Finished game 1168 (SeeFutility vs Magic): 1/2-1/2 {Draw by insufficient mating material}
Score of Magic vs SeeFutility: 411 - 335 - 422  [0.533] 1168
Started game 1181 of 10000 (Magic vs SeeFutility)
Finished game 1170 (SeeFutility vs Magic): 1-0 {White wins by adjudication}
Score of Magic vs SeeFutility: 411 - 336 - 422  [0.532] 1169
Started game 1182 of 10000 (SeeFutility vs Magic)
Finished game 1174 (SeeFutility vs Magic): 1-0 {White wins by adjudication}
Score of Magic vs SeeFutility: 411 - 337 - 422  [0.532] 1170
Started game 1183 of 10000 (Magic vs SeeFutility)
Finished game 1175 (Magic vs SeeFutility): 1-0 {White wins by adjudication}
Score of Magic vs SeeFutility: 412 - 337 - 422  [0.532] 1171
Started game 1184 of 10000 (SeeFutility vs Magic)
Finished game 1169 (Magic vs SeeFutility): 1/2-1/2 {Draw by 3-fold repetition}
Score of Magic vs SeeFutility: 412 - 337 - 423  [0.532] 1172
Started game 1185 of 10000 (Magic vs SeeFutility)
Finished game 1171 (Magic vs SeeFutility): 1/2-1/2 {Draw by adjudication}
Score of Magic vs SeeFutility: 412 - 337 - 424  [0.532] 1173
Started game 1186 of 10000 (SeeFutility vs Magic)
Finished game 1173 (Magic vs SeeFutility): 1-0 {White wins by adjudication}
Score of Magic vs SeeFutility: 413 - 337 - 424  [0.532] 1174
Started game 1187 of 10000 (Magic vs SeeFutility)
Finished game 1176 (SeeFutility vs Magic): 0-1 {Black wins by adjudication}
Score of Magic vs SeeFutility: 414 - 337 - 424  [0.533] 1175
Started game 1188 of 10000 (SeeFutility vs Magic)
Finished game 1172 (SeeFutility vs Magic): 1-0 {White mates}
Score of Magic vs SeeFutility: 414 - 338 - 424  [0.532] 1176
Started game 1189 of 10000 (Magic vs SeeFutility)
Finished game 1177 (Magic vs SeeFutility): 0-1 {Black mates}
Score of Magic vs SeeFutility: 414 - 339 - 424  [0.532] 1177
Started game 1190 of 10000 (SeeFutility vs Magic)
Finished game 1179 (Magic vs SeeFutility): 1/2-1/2 {Draw by insufficient mating material}
Score of Magic vs SeeFutility: 414 - 339 - 425  [0.532] 1178
Started game 1191 of 10000 (Magic vs SeeFutility)
Finished game 1178 (SeeFutility vs Magic): 0-1 {Black wins by adjudication}
Score of Magic vs SeeFutility: 415 - 339 - 425  [0.532] 1179
Started game 1192 of 10000 (SeeFutility vs Magic)
Finished game 1180 (SeeFutility vs Magic): 1-0 {White wins by adjudication}
Score of Magic vs SeeFutility: 415 - 340 - 425  [0.532] 1180
Started game 1193 of 10000 (Magic vs SeeFutility)
Finished game 1181 (Magic vs SeeFutility): 1-0 {White wins by adjudication}
Score of Magic vs SeeFutility: 416 - 340 - 425  [0.532] 1181
Started game 1194 of 10000 (SeeFutility vs Magic)
Finished game 1184 (SeeFutility vs Magic): 1-0 {White wins by adjudication}
Score of Magic vs SeeFutility: 416 - 341 - 425  [0.532] 1182
Started game 1195 of 10000 (Magic vs SeeFutility)
Finished game 1183 (Magic vs SeeFutility): 1-0 {White wins by adjudication}
Score of Magic vs SeeFutility: 417 - 341 - 425  [0.532] 1183
Started game 1196 of 10000 (SeeFutility vs Magic)
Finished game 1182 (SeeFutility vs Magic): 1-0 {White wins by adjudication}
Score of Magic vs SeeFutility: 417 - 342 - 425  [0.532] 1184
Started game 1197 of 10000 (Magic vs SeeFutility)
Finished game 1186 (SeeFutility vs Magic): 0-1 {Black wins by adjudication}
Score of Magic vs SeeFutility: 418 - 342 - 425  [0.532] 1185
Started game 1198 of 10000 (SeeFutility vs Magic)
Finished game 1187 (Magic vs SeeFutility): 1-0 {White wins by adjudication}
Score of Magic vs SeeFutility: 419 - 342 - 425  [0.532] 1186
Started game 1199 of 10000 (Magic vs SeeFutility)
Finished game 1192 (SeeFutility vs Magic): 1/2-1/2 {Draw by insufficient mating material}
Score of Magic vs SeeFutility: 419 - 342 - 426  [0.532] 1187
Started game 1200 of 10000 (SeeFutility vs Magic)
Finished game 1191 (Magic vs SeeFutility): 1-0 {White wins by adjudication}
Score of Magic vs SeeFutility: 420 - 342 - 426  [0.533] 1188
Started game 1201 of 10000 (Magic vs SeeFutility)
Finished game 1188 (SeeFutility vs Magic): 1/2-1/2 {Draw by adjudication}
Score of Magic vs SeeFutility: 420 - 342 - 427  [0.533] 1189
Started game 1202 of 10000 (SeeFutility vs Magic)
Finished game 1185 (Magic vs SeeFutility): 1-0 {White wins by adjudication}
Score of Magic vs SeeFutility: 421 - 342 - 427  [0.533] 1190
Started game 1203 of 10000 (Magic vs SeeFutility)
Finished game 1190 (SeeFutility vs Magic): 1/2-1/2 {Draw by insufficient mating material}
Score of Magic vs SeeFutility: 421 - 342 - 428  [0.533] 1191
Started game 1204 of 10000 (SeeFutility vs Magic)
Finished game 1193 (Magic vs SeeFutility): 1/2-1/2 {Draw by 3-fold repetition}
Score of Magic vs SeeFutility: 421 - 342 - 429  [0.533] 1192
Started game 1205 of 10000 (Magic vs SeeFutility)
Finished game 1194 (SeeFutility vs Magic): 0-1 {Black wins by adjudication}
Score of Magic vs SeeFutility: 422 - 342 - 429  [0.534] 1193
Started game 1206 of 10000 (SeeFutility vs Magic)
Finished game 1189 (Magic vs SeeFutility): 0-1 {Black wins by adjudication}
Score of Magic vs SeeFutility: 422 - 343 - 429  [0.533] 1194
Started game 1207 of 10000 (Magic vs SeeFutility)
Finished game 1195 (Magic vs SeeFutility): 0-1 {Black wins by adjudication}
Score of Magic vs SeeFutility: 422 - 344 - 429  [0.533] 1195
Started game 1208 of 10000 (SeeFutility vs Magic)
Finished game 1201 (Magic vs SeeFutility): 1-0 {White wins by adjudication}
Score of Magic vs SeeFutility: 423 - 344 - 429  [0.533] 1196
Started game 1209 of 10000 (Magic vs SeeFutility)
Finished game 1199 (Magic vs SeeFutility): 1/2-1/2 {Draw by 3-fold repetition}
Score of Magic vs SeeFutility: 423 - 344 - 430  [0.533] 1197
Started game 1210 of 10000 (SeeFutility vs Magic)
Finished game 1203 (Magic vs SeeFutility): 1/2-1/2 {Draw by 3-fold repetition}
Score of Magic vs SeeFutility: 423 - 344 - 431  [0.533] 1198
Started game 1211 of 10000 (Magic vs SeeFutility)
Finished game 1202 (SeeFutility vs Magic): 1-0 {White wins by adjudication}
Score of Magic vs SeeFutility: 423 - 345 - 431  [0.533] 1199
Started game 1212 of 10000 (SeeFutility vs Magic)
Finished game 1197 (Magic vs SeeFutility): 1-0 {White wins by adjudication}
Score of Magic vs SeeFutility: 424 - 345 - 431  [0.533] 1200
Started game 1213 of 10000 (Magic vs SeeFutility)
Finished game 1204 (SeeFutility vs Magic): 1/2-1/2 {Draw by 3-fold repetition}
Score of Magic vs SeeFutility: 424 - 345 - 432  [0.533] 1201
Started game 1214 of 10000 (SeeFutility vs Magic)
Finished game 1200 (SeeFutility vs Magic): 0-1 {Black wins by adjudication}
Score of Magic vs SeeFutility: 425 - 345 - 432  [0.533] 1202
Started game 1215 of 10000 (Magic vs SeeFutility)
Finished game 1198 (SeeFutility vs Magic): 1/2-1/2 {Draw by 3-fold repetition}
Score of Magic vs SeeFutility: 425 - 345 - 433  [0.533] 1203
Started game 1216 of 10000 (SeeFutility vs Magic)
Finished game 1207 (Magic vs SeeFutility): 1/2-1/2 {Draw by 3-fold repetition}
Score of Magic vs SeeFutility: 425 - 345 - 434  [0.533] 1204
Started game 1217 of 10000 (Magic vs SeeFutility)
Finished game 1196 (SeeFutility vs Magic): 1-0 {White wins by adjudication}
Score of Magic vs SeeFutility: 425 - 346 - 434  [0.533] 1205
Started game 1218 of 10000 (SeeFutility vs Magic)
Finished game 1205 (Magic vs SeeFutility): 0-1 {Black wins by adjudication}
Score of Magic vs SeeFutility: 425 - 347 - 434  [0.532] 1206
Started game 1219 of 10000 (Magic vs SeeFutility)
Finished game 1208 (SeeFutility vs Magic): 1-0 {White wins by adjudication}
Score of Magic vs SeeFutility: 425 - 348 - 434  [0.532] 1207
Started game 1220 of 10000 (SeeFutility vs Magic)
Finished game 1206 (SeeFutility vs Magic): 1-0 {White wins by adjudication}
Score of Magic vs SeeFutility: 425 - 349 - 434  [0.531] 1208
Started game 1221 of 10000 (Magic vs SeeFutility)
Finished game 1211 (Magic vs SeeFutility): 1/2-1/2 {Draw by 3-fold repetition}
Score of Magic vs SeeFutility: 425 - 349 - 435  [0.531] 1209
Started game 1222 of 10000 (SeeFutility vs Magic)
Finished game 1210 (SeeFutility vs Magic): 0-1 {Black wins by adjudication}
Score of Magic vs SeeFutility: 426 - 349 - 435  [0.532] 1210
Started game 1223 of 10000 (Magic vs SeeFutility)
Finished game 1213 (Magic vs SeeFutility): 1-0 {White wins by adjudication}
Score of Magic vs SeeFutility: 427 - 349 - 435  [0.532] 1211
Started game 1224 of 10000 (SeeFutility vs Magic)
Finished game 1212 (SeeFutility vs Magic): 0-1 {Black wins by adjudication}
Score of Magic vs SeeFutility: 428 - 349 - 435  [0.533] 1212
Started game 1225 of 10000 (Magic vs SeeFutility)
Finished game 1216 (SeeFutility vs Magic): 1-0 {White wins by adjudication}
Score of Magic vs SeeFutility: 428 - 350 - 435  [0.532] 1213
Started game 1226 of 10000 (SeeFutility vs Magic)
Finished game 1218 (SeeFutility vs Magic): 1/2-1/2 {Draw by adjudication}
Score of Magic vs SeeFutility: 428 - 350 - 436  [0.532] 1214
Started game 1227 of 10000 (Magic vs SeeFutility)
Finished game 1215 (Magic vs SeeFutility): 1-0 {White wins by adjudication}
Score of Magic vs SeeFutility: 429 - 350 - 436  [0.533] 1215
Started game 1228 of 10000 (SeeFutility vs Magic)
Finished game 1214 (SeeFutility vs Magic): 1-0 {White wins by adjudication}
Score of Magic vs SeeFutility: 429 - 351 - 436  [0.532] 1216
Started game 1229 of 10000 (Magic vs SeeFutility)
Finished game 1222 (SeeFutility vs Magic): 0-1 {Black wins by adjudication}
Score of Magic vs SeeFutility: 430 - 351 - 436  [0.532] 1217
Started game 1230 of 10000 (SeeFutility vs Magic)
Finished game 1217 (Magic vs SeeFutility): 1/2-1/2 {Draw by insufficient mating material}
Score of Magic vs SeeFutility: 430 - 351 - 437  [0.532] 1218
Started game 1231 of 10000 (Magic vs SeeFutility)
Finished game 1220 (SeeFutility vs Magic): 1/2-1/2 {Draw by adjudication}
Score of Magic vs SeeFutility: 430 - 351 - 438  [0.532] 1219
Started game 1232 of 10000 (SeeFutility vs Magic)
Finished game 1209 (Magic vs SeeFutility): 0-1 {Black wins by adjudication}
Score of Magic vs SeeFutility: 430 - 352 - 438  [0.532] 1220
Started game 1233 of 10000 (Magic vs SeeFutility)
Finished game 1226 (SeeFutility vs Magic): 1-0 {White wins by adjudication}
Score of Magic vs SeeFutility: 430 - 353 - 438  [0.532] 1221
Started game 1234 of 10000 (SeeFutility vs Magic)
Finished game 1219 (Magic vs SeeFutility): 1/2-1/2 {Draw by insufficient mating material}
Score of Magic vs SeeFutility: 430 - 353 - 439  [0.532] 1222
Started game 1235 of 10000 (Magic vs SeeFutility)
Finished game 1221 (Magic vs SeeFutility): 1-0 {White wins by adjudication}
Score of Magic vs SeeFutility: 431 - 353 - 439  [0.532] 1223
Started game 1236 of 10000 (SeeFutility vs Magic)
Finished game 1224 (SeeFutility vs Magic): 0-1 {Black wins by adjudication}
Score of Magic vs SeeFutility: 432 - 353 - 439  [0.532] 1224
Started game 1237 of 10000 (Magic vs SeeFutility)
Finished game 1225 (Magic vs SeeFutility): 1-0 {White wins by adjudication}
Score of Magic vs SeeFutility: 433 - 353 - 439  [0.533] 1225
Started game 1238 of 10000 (SeeFutility vs Magic)
Finished game 1227 (Magic vs SeeFutility): 0-1 {Black wins by adjudication}
Score of Magic vs SeeFutility: 433 - 354 - 439  [0.532] 1226
Started game 1239 of 10000 (Magic vs SeeFutility)
Finished game 1228 (SeeFutility vs Magic): 0-1 {Black wins by adjudication}
Score of Magic vs SeeFutility: 434 - 354 - 439  [0.533] 1227
Started game 1240 of 10000 (SeeFutility vs Magic)
Finished game 1231 (Magic vs SeeFutility): 1/2-1/2 {Draw by adjudication}
Score of Magic vs SeeFutility: 434 - 354 - 440  [0.533] 1228
Started game 1241 of 10000 (Magic vs SeeFutility)
Finished game 1235 (Magic vs SeeFutility): 0-1 {Black wins by adjudication}
Score of Magic vs SeeFutility: 434 - 355 - 440  [0.532] 1229
Started game 1242 of 10000 (SeeFutility vs Magic)
Finished game 1230 (SeeFutility vs Magic): 1-0 {White wins by adjudication}
Score of Magic vs SeeFutility: 434 - 356 - 440  [0.532] 1230
Started game 1243 of 10000 (Magic vs SeeFutility)
Finished game 1233 (Magic vs SeeFutility): 1-0 {White wins by adjudication}
Score of Magic vs SeeFutility: 435 - 356 - 440  [0.532] 1231
Started game 1244 of 10000 (SeeFutility vs Magic)
Finished game 1223 (Magic vs SeeFutility): 1-0 {White mates}
Score of Magic vs SeeFutility: 436 - 356 - 440  [0.532] 1232
Started game 1245 of 10000 (Magic vs SeeFutility)
Finished game 1234 (SeeFutility vs Magic): 1-0 {White wins by adjudication}
Score of Magic vs SeeFutility: 436 - 357 - 440  [0.532] 1233
Started game 1246 of 10000 (SeeFutility vs Magic)
Finished game 1229 (Magic vs SeeFutility): 1/2-1/2 {Draw by fifty moves rule}
Score of Magic vs SeeFutility: 436 - 357 - 441  [0.532] 1234
Started game 1247 of 10000 (Magic vs SeeFutility)
Finished game 1236 (SeeFutility vs Magic): 0-1 {Black wins by adjudication}
Score of Magic vs SeeFutility: 437 - 357 - 441  [0.532] 1235
Started game 1248 of 10000 (SeeFutility vs Magic)
Finished game 1237 (Magic vs SeeFutility): 1-0 {White wins by adjudication}
Score of Magic vs SeeFutility: 438 - 357 - 441  [0.533] 1236
Started game 1249 of 10000 (Magic vs SeeFutility)
Finished game 1232 (SeeFutility vs Magic): 1-0 {White wins by adjudication}
Score of Magic vs SeeFutility: 438 - 358 - 441  [0.532] 1237
Started game 1250 of 10000 (SeeFutility vs Magic)
Finished game 1238 (SeeFutility vs Magic): 0-1 {Black wins by adjudication}
Score of Magic vs SeeFutility: 439 - 358 - 441  [0.533] 1238
Started game 1251 of 10000 (Magic vs SeeFutility)
Finished game 1244 (SeeFutility vs Magic): 1-0 {White wins by adjudication}
Score of Magic vs SeeFutility: 439 - 359 - 441  [0.532] 1239
Started game 1252 of 10000 (SeeFutility vs Magic)
Finished game 1240 (SeeFutility vs Magic): 1-0 {White wins by adjudication}
Score of Magic vs SeeFutility: 439 - 360 - 441  [0.532] 1240
Started game 1253 of 10000 (Magic vs SeeFutility)
Finished game 1243 (Magic vs SeeFutility): 1-0 {White wins by adjudication}
Score of Magic vs SeeFutility: 440 - 360 - 441  [0.532] 1241
Started game 1254 of 10000 (SeeFutility vs Magic)
Finished game 1241 (Magic vs SeeFutility): 0-1 {Black wins by adjudication}
Score of Magic vs SeeFutility: 440 - 361 - 441  [0.532] 1242
Started game 1255 of 10000 (Magic vs SeeFutility)
Finished game 1242 (SeeFutility vs Magic): 0-1 {Black wins by adjudication}
Score of Magic vs SeeFutility: 441 - 361 - 441  [0.532] 1243
Started game 1256 of 10000 (SeeFutility vs Magic)
Finished game 1253 (Magic vs SeeFutility): 1/2-1/2 {Draw by 3-fold repetition}
Score of Magic vs SeeFutility: 441 - 361 - 442  [0.532] 1244
Started game 1257 of 10000 (Magic vs SeeFutility)
Finished game 1248 (SeeFutility vs Magic): 1/2-1/2 {Draw by 3-fold repetition}
Score of Magic vs SeeFutility: 441 - 361 - 443  [0.532] 1245
Started game 1258 of 10000 (SeeFutility vs Magic)
Finished game 1239 (Magic vs SeeFutility): 1-0 {White wins by adjudication}
Score of Magic vs SeeFutility: 442 - 361 - 443  [0.533] 1246
Started game 1259 of 10000 (Magic vs SeeFutility)
Finished game 1246 (SeeFutility vs Magic): 1-0 {White wins by adjudication}
Score of Magic vs SeeFutility: 442 - 362 - 443  [0.532] 1247
Started game 1260 of 10000 (SeeFutility vs Magic)
Finished game 1247 (Magic vs SeeFutility): 1/2-1/2 {Draw by stalemate}
Score of Magic vs SeeFutility: 442 - 362 - 444  [0.532] 1248
Started game 1261 of 10000 (Magic vs SeeFutility)
Finished game 1245 (Magic vs SeeFutility): 0-1 {Black wins by adjudication}
Score of Magic vs SeeFutility: 442 - 363 - 444  [0.532] 1249
Started game 1262 of 10000 (SeeFutility vs Magic)
Finished game 1249 (Magic vs SeeFutility): 0-1 {Black wins by adjudication}
Score of Magic vs SeeFutility: 442 - 364 - 444  [0.531] 1250
Started game 1263 of 10000 (Magic vs SeeFutility)
Finished game 1251 (Magic vs SeeFutility): 1/2-1/2 {Draw by 3-fold repetition}
Score of Magic vs SeeFutility: 442 - 364 - 445  [0.531] 1251
Started game 1264 of 10000 (SeeFutility vs Magic)
Finished game 1250 (SeeFutility vs Magic): 0-1 {Black wins by adjudication}
Score of Magic vs SeeFutility: 443 - 364 - 445  [0.532] 1252
Started game 1265 of 10000 (Magic vs SeeFutility)
Finished game 1252 (SeeFutility vs Magic): 0-1 {Black wins by adjudication}
Score of Magic vs SeeFutility: 444 - 364 - 445  [0.532] 1253
Started game 1266 of 10000 (SeeFutility vs Magic)
Finished game 1255 (Magic vs SeeFutility): 0-1 {Black wins by adjudication}
Score of Magic vs SeeFutility: 444 - 365 - 445  [0.531] 1254
Started game 1267 of 10000 (Magic vs SeeFutility)
Finished game 1254 (SeeFutility vs Magic): 0-1 {Black wins by adjudication}
Score of Magic vs SeeFutility: 445 - 365 - 445  [0.532] 1255
Started game 1268 of 10000 (SeeFutility vs Magic)
Finished game 1258 (SeeFutility vs Magic): 0-1 {Black wins by adjudication}
Score of Magic vs SeeFutility: 446 - 365 - 445  [0.532] 1256
Started game 1269 of 10000 (Magic vs SeeFutility)
Finished game 1257 (Magic vs SeeFutility): 1/2-1/2 {Draw by 3-fold repetition}
Score of Magic vs SeeFutility: 446 - 365 - 446  [0.532] 1257
Started game 1270 of 10000 (SeeFutility vs Magic)
Finished game 1256 (SeeFutility vs Magic): 1-0 {White wins by adjudication}
Score of Magic vs SeeFutility: 446 - 366 - 446  [0.532] 1258
Started game 1271 of 10000 (Magic vs SeeFutility)
Finished game 1263 (Magic vs SeeFutility): 0-1 {Black wins by adjudication}
Score of Magic vs SeeFutility: 446 - 367 - 446  [0.531] 1259
Started game 1272 of 10000 (SeeFutility vs Magic)
Finished game 1261 (Magic vs SeeFutility): 1-0 {White wins by adjudication}
Score of Magic vs SeeFutility: 447 - 367 - 446  [0.532] 1260
Started game 1273 of 10000 (Magic vs SeeFutility)
Finished game 1268 (SeeFutility vs Magic): 1/2-1/2 {Draw by 3-fold repetition}
Score of Magic vs SeeFutility: 447 - 367 - 447  [0.532] 1261
Started game 1274 of 10000 (SeeFutility vs Magic)
Finished game 1264 (SeeFutility vs Magic): 0-1 {Black wins by adjudication}
Score of Magic vs SeeFutility: 448 - 367 - 447  [0.532] 1262
Started game 1275 of 10000 (Magic vs SeeFutility)
Finished game 1262 (SeeFutility vs Magic): 1/2-1/2 {Draw by 3-fold repetition}
Score of Magic vs SeeFutility: 448 - 367 - 448  [0.532] 1263
Started game 1276 of 10000 (SeeFutility vs Magic)
Finished game 1260 (SeeFutility vs Magic): 1/2-1/2 {Draw by insufficient mating material}
Score of Magic vs SeeFutility: 448 - 367 - 449  [0.532] 1264
Started game 1277 of 10000 (Magic vs SeeFutility)
Finished game 1259 (Magic vs SeeFutility): 1/2-1/2 {Draw by fifty moves rule}
Score of Magic vs SeeFutility: 448 - 367 - 450  [0.532] 1265
Started game 1278 of 10000 (SeeFutility vs Magic)
Finished game 1267 (Magic vs SeeFutility): 1-0 {White wins by adjudication}
Score of Magic vs SeeFutility: 449 - 367 - 450  [0.532] 1266
Started game 1279 of 10000 (Magic vs SeeFutility)
Finished game 1266 (SeeFutility vs Magic): 1/2-1/2 {Draw by 3-fold repetition}
Score of Magic vs SeeFutility: 449 - 367 - 451  [0.532] 1267
Started game 1280 of 10000 (SeeFutility vs Magic)
Finished game 1265 (Magic vs SeeFutility): 0-1 {Black wins by adjudication}
Score of Magic vs SeeFutility: 449 - 368 - 451  [0.532] 1268
Started game 1281 of 10000 (Magic vs SeeFutility)
Finished game 1270 (SeeFutility vs Magic): 1-0 {White wins by adjudication}
Score of Magic vs SeeFutility: 449 - 369 - 451  [0.532] 1269
Started game 1282 of 10000 (SeeFutility vs Magic)
Finished game 1274 (SeeFutility vs Magic): 1/2-1/2 {Draw by 3-fold repetition}
Score of Magic vs SeeFutility: 449 - 369 - 452  [0.531] 1270
Started game 1283 of 10000 (Magic vs SeeFutility)
Finished game 1269 (Magic vs SeeFutility): 1-0 {White wins by adjudication}
Score of Magic vs SeeFutility: 450 - 369 - 452  [0.532] 1271
Started game 1284 of 10000 (SeeFutility vs Magic)
Finished game 1273 (Magic vs SeeFutility): 1-0 {White wins by adjudication}
Score of Magic vs SeeFutility: 451 - 369 - 452  [0.532] 1272
Started game 1285 of 10000 (Magic vs SeeFutility)
Finished game 1275 (Magic vs SeeFutility): 0-1 {Black wins by adjudication}
Score of Magic vs SeeFutility: 451 - 370 - 452  [0.532] 1273
Started game 1286 of 10000 (SeeFutility vs Magic)
Finished game 1272 (SeeFutility vs Magic): 0-1 {Black wins by adjudication}
Score of Magic vs SeeFutility: 452 - 370 - 452  [0.532] 1274
Started game 1287 of 10000 (Magic vs SeeFutility)
Finished game 1271 (Magic vs SeeFutility): 1-0 {White wins by adjudication}
Score of Magic vs SeeFutility: 453 - 370 - 452  [0.533] 1275
Started game 1288 of 10000 (SeeFutility vs Magic)
Finished game 1279 (Magic vs SeeFutility): 1/2-1/2 {Draw by 3-fold repetition}
Score of Magic vs SeeFutility: 453 - 370 - 453  [0.533] 1276
Started game 1289 of 10000 (Magic vs SeeFutility)
Finished game 1277 (Magic vs SeeFutility): 1/2-1/2 {Draw by insufficient mating material}
Score of Magic vs SeeFutility: 453 - 370 - 454  [0.532] 1277
Started game 1290 of 10000 (SeeFutility vs Magic)
Finished game 1278 (SeeFutility vs Magic): 1/2-1/2 {Draw by insufficient mating material}
Score of Magic vs SeeFutility: 453 - 370 - 455  [0.532] 1278
Started game 1291 of 10000 (Magic vs SeeFutility)
Finished game 1276 (SeeFutility vs Magic): 1-0 {White wins by adjudication}
Score of Magic vs SeeFutility: 453 - 371 - 455  [0.532] 1279
Started game 1292 of 10000 (SeeFutility vs Magic)
Finished game 1281 (Magic vs SeeFutility): 0-1 {Black wins by adjudication}
Score of Magic vs SeeFutility: 453 - 372 - 455  [0.532] 1280
Started game 1293 of 10000 (Magic vs SeeFutility)
Finished game 1280 (SeeFutility vs Magic): 1/2-1/2 {Draw by adjudication}
Score of Magic vs SeeFutility: 453 - 372 - 456  [0.532] 1281
Started game 1294 of 10000 (SeeFutility vs Magic)
Finished game 1282 (SeeFutility vs Magic): 1/2-1/2 {Draw by 3-fold repetition}
Score of Magic vs SeeFutility: 453 - 372 - 457  [0.532] 1282
Started game 1295 of 10000 (Magic vs SeeFutility)
Finished game 1284 (SeeFutility vs Magic): 1-0 {White wins by adjudication}
Score of Magic vs SeeFutility: 453 - 373 - 457  [0.531] 1283
Started game 1296 of 10000 (SeeFutility vs Magic)
Finished game 1287 (Magic vs SeeFutility): 1-0 {White wins by adjudication}
Score of Magic vs SeeFutility: 454 - 373 - 457  [0.532] 1284
Started game 1297 of 10000 (Magic vs SeeFutility)
Finished game 1290 (SeeFutility vs Magic): 0-1 {Black wins by adjudication}
Score of Magic vs SeeFutility: 455 - 373 - 457  [0.532] 1285
Started game 1298 of 10000 (SeeFutility vs Magic)
Finished game 1292 (SeeFutility vs Magic): 0-1 {Black wins by adjudication}
Score of Magic vs SeeFutility: 456 - 373 - 457  [0.532] 1286
Started game 1299 of 10000 (Magic vs SeeFutility)
Finished game 1289 (Magic vs SeeFutility): 0-1 {Black wins by adjudication}
Score of Magic vs SeeFutility: 456 - 374 - 457  [0.532] 1287
Started game 1300 of 10000 (SeeFutility vs Magic)
Finished game 1285 (Magic vs SeeFutility): 1/2-1/2 {Draw by insufficient mating material}
Score of Magic vs SeeFutility: 456 - 374 - 458  [0.532] 1288
Started game 1301 of 10000 (Magic vs SeeFutility)
Finished game 1288 (SeeFutility vs Magic): 1/2-1/2 {Draw by insufficient mating material}
Score of Magic vs SeeFutility: 456 - 374 - 459  [0.532] 1289
Started game 1302 of 10000 (SeeFutility vs Magic)
Finished game 1286 (SeeFutility vs Magic): 0-1 {Black wins by adjudication}
Score of Magic vs SeeFutility: 457 - 374 - 459  [0.532] 1290
Started game 1303 of 10000 (Magic vs SeeFutility)
Finished game 1283 (Magic vs SeeFutility): 1/2-1/2 {Draw by fifty moves rule}
Score of Magic vs SeeFutility: 457 - 374 - 460  [0.532] 1291
Started game 1304 of 10000 (SeeFutility vs Magic)
Finished game 1293 (Magic vs SeeFutility): 1-0 {White wins by adjudication}
Score of Magic vs SeeFutility: 458 - 374 - 460  [0.533] 1292
Started game 1305 of 10000 (Magic vs SeeFutility)
Finished game 1291 (Magic vs SeeFutility): 0-1 {Black wins by adjudication}
Score of Magic vs SeeFutility: 458 - 375 - 460  [0.532] 1293
Started game 1306 of 10000 (SeeFutility vs Magic)
Finished game 1294 (SeeFutility vs Magic): 1/2-1/2 {Draw by insufficient mating material}
Score of Magic vs SeeFutility: 458 - 375 - 461  [0.532] 1294
Started game 1307 of 10000 (Magic vs SeeFutility)
Finished game 1303 (Magic vs SeeFutility): 1/2-1/2 {Draw by 3-fold repetition}
Score of Magic vs SeeFutility: 458 - 375 - 462  [0.532] 1295
Started game 1308 of 10000 (SeeFutility vs Magic)
Finished game 1301 (Magic vs SeeFutility): 1-0 {White wins by adjudication}
Score of Magic vs SeeFutility: 459 - 375 - 462  [0.532] 1296
Started game 1309 of 10000 (Magic vs SeeFutility)
Finished game 1295 (Magic vs SeeFutility): 1-0 {White mates}
Score of Magic vs SeeFutility: 460 - 375 - 462  [0.533] 1297
Started game 1310 of 10000 (SeeFutility vs Magic)
Finished game 1300 (SeeFutility vs Magic): 1-0 {White wins by adjudication}
Score of Magic vs SeeFutility: 460 - 376 - 462  [0.532] 1298
Started game 1311 of 10000 (Magic vs SeeFutility)
Finished game 1297 (Magic vs SeeFutility): 1/2-1/2 {Draw by adjudication}
Score of Magic vs SeeFutility: 460 - 376 - 463  [0.532] 1299
Started game 1312 of 10000 (SeeFutility vs Magic)
Finished game 1299 (Magic vs SeeFutility): 1-0 {White wins by adjudication}
Score of Magic vs SeeFutility: 461 - 376 - 463  [0.533] 1300
Started game 1313 of 10000 (Magic vs SeeFutility)
Finished game 1298 (SeeFutility vs Magic): 1-0 {White wins by adjudication}
Score of Magic vs SeeFutility: 461 - 377 - 463  [0.532] 1301
Started game 1314 of 10000 (SeeFutility vs Magic)
Finished game 1296 (SeeFutility vs Magic): 0-1 {Black wins by adjudication}
Score of Magic vs SeeFutility: 462 - 377 - 463  [0.533] 1302
Started game 1315 of 10000 (Magic vs SeeFutility)
Finished game 1302 (SeeFutility vs Magic): 1/2-1/2 {Draw by adjudication}
Score of Magic vs SeeFutility: 462 - 377 - 464  [0.533] 1303
Started game 1316 of 10000 (SeeFutility vs Magic)
Finished game 1306 (SeeFutility vs Magic): 1-0 {White wins by adjudication}
Score of Magic vs SeeFutility: 462 - 378 - 464  [0.532] 1304
Started game 1317 of 10000 (Magic vs SeeFutility)
Finished game 1305 (Magic vs SeeFutility): 1-0 {White wins by adjudication}
Score of Magic vs SeeFutility: 463 - 378 - 464  [0.533] 1305
Started game 1318 of 10000 (SeeFutility vs Magic)
Finished game 1304 (SeeFutility vs Magic): 1/2-1/2 {Draw by 3-fold repetition}
Score of Magic vs SeeFutility: 463 - 378 - 465  [0.533] 1306
Started game 1319 of 10000 (Magic vs SeeFutility)
Finished game 1308 (SeeFutility vs Magic): 1/2-1/2 {Draw by 3-fold repetition}
Score of Magic vs SeeFutility: 463 - 378 - 466  [0.533] 1307
Started game 1320 of 10000 (SeeFutility vs Magic)
Finished game 1307 (Magic vs SeeFutility): 1/2-1/2 {Draw by stalemate}
Score of Magic vs SeeFutility: 463 - 378 - 467  [0.532] 1308
Started game 1321 of 10000 (Magic vs SeeFutility)
Finished game 1312 (SeeFutility vs Magic): 1/2-1/2 {Draw by 3-fold repetition}
Score of Magic vs SeeFutility: 463 - 378 - 468  [0.532] 1309
Started game 1322 of 10000 (SeeFutility vs Magic)
Finished game 1311 (Magic vs SeeFutility): 1-0 {White wins by adjudication}
Score of Magic vs SeeFutility: 464 - 378 - 468  [0.533] 1310
Started game 1323 of 10000 (Magic vs SeeFutility)
Finished game 1309 (Magic vs SeeFutility): 1-0 {White wins by adjudication}
Score of Magic vs SeeFutility: 465 - 378 - 468  [0.533] 1311
Started game 1324 of 10000 (SeeFutility vs Magic)
Finished game 1320 (SeeFutility vs Magic): 1/2-1/2 {Draw by 3-fold repetition}
Score of Magic vs SeeFutility: 465 - 378 - 469  [0.533] 1312
Started game 1325 of 10000 (Magic vs SeeFutility)
Finished game 1310 (SeeFutility vs Magic): 1/2-1/2 {Draw by 3-fold repetition}
Score of Magic vs SeeFutility: 465 - 378 - 470  [0.533] 1313
Started game 1326 of 10000 (SeeFutility vs Magic)
Finished game 1315 (Magic vs SeeFutility): 1-0 {White wins by adjudication}
Score of Magic vs SeeFutility: 466 - 378 - 470  [0.533] 1314
Started game 1327 of 10000 (Magic vs SeeFutility)
Finished game 1316 (SeeFutility vs Magic): 1-0 {White wins by adjudication}
Score of Magic vs SeeFutility: 466 - 379 - 470  [0.533] 1315
Started game 1328 of 10000 (SeeFutility vs Magic)
Finished game 1314 (SeeFutility vs Magic): 0-1 {Black wins by adjudication}
Score of Magic vs SeeFutility: 467 - 379 - 470  [0.533] 1316
Started game 1329 of 10000 (Magic vs SeeFutility)
Finished game 1317 (Magic vs SeeFutility): 1-0 {White mates}
Score of Magic vs SeeFutility: 468 - 379 - 470  [0.534] 1317
Started game 1330 of 10000 (SeeFutility vs Magic)
Finished game 1322 (SeeFutility vs Magic): 1-0 {White wins by adjudication}
Score of Magic vs SeeFutility: 468 - 380 - 470  [0.533] 1318
Started game 1331 of 10000 (Magic vs SeeFutility)
Finished game 1321 (Magic vs SeeFutility): 1-0 {White wins by adjudication}
Score of Magic vs SeeFutility: 469 - 380 - 470  [0.534] 1319
Started game 1332 of 10000 (SeeFutility vs Magic)
Finished game 1313 (Magic vs SeeFutility): 1/2-1/2 {Draw by fifty moves rule}
Score of Magic vs SeeFutility: 469 - 380 - 471  [0.534] 1320
Started game 1333 of 10000 (Magic vs SeeFutility)
Finished game 1319 (Magic vs SeeFutility): 1/2-1/2 {Draw by insufficient mating material}
Score of Magic vs SeeFutility: 469 - 380 - 472  [0.534] 1321
Started game 1334 of 10000 (SeeFutility vs Magic)
Finished game 1323 (Magic vs SeeFutility): 1-0 {White wins by adjudication}
Score of Magic vs SeeFutility: 470 - 380 - 472  [0.534] 1322
Started game 1335 of 10000 (Magic vs SeeFutility)
Finished game 1324 (SeeFutility vs Magic): 1/2-1/2 {Draw by 3-fold repetition}
Score of Magic vs SeeFutility: 470 - 380 - 473  [0.534] 1323
Started game 1336 of 10000 (SeeFutility vs Magic)
Finished game 1325 (Magic vs SeeFutility): 0-1 {Black wins by adjudication}
Score of Magic vs SeeFutility: 470 - 381 - 473  [0.534] 1324
Started game 1337 of 10000 (Magic vs SeeFutility)
Finished game 1318 (SeeFutility vs Magic): 0-1 {Black wins by adjudication}
Score of Magic vs SeeFutility: 471 - 381 - 473  [0.534] 1325
Started game 1338 of 10000 (SeeFutility vs Magic)
Finished game 1328 (SeeFutility vs Magic): 1-0 {White wins by adjudication}
Score of Magic vs SeeFutility: 471 - 382 - 473  [0.534] 1326
Started game 1339 of 10000 (Magic vs SeeFutility)
Finished game 1326 (SeeFutility vs Magic): 0-1 {Black wins by adjudication}
Score of Magic vs SeeFutility: 472 - 382 - 473  [0.534] 1327
Started game 1340 of 10000 (SeeFutility vs Magic)
Finished game 1329 (Magic vs SeeFutility): 1/2-1/2 {Draw by adjudication}
Score of Magic vs SeeFutility: 472 - 382 - 474  [0.534] 1328
Started game 1341 of 10000 (Magic vs SeeFutility)
Finished game 1330 (SeeFutility vs Magic): 0-1 {Black wins by adjudication}
Score of Magic vs SeeFutility: 473 - 382 - 474  [0.534] 1329
Started game 1342 of 10000 (SeeFutility vs Magic)
Finished game 1327 (Magic vs SeeFutility): 0-1 {Black wins by adjudication}
Score of Magic vs SeeFutility: 473 - 383 - 474  [0.534] 1330
Started game 1343 of 10000 (Magic vs SeeFutility)
Finished game 1331 (Magic vs SeeFutility): 0-1 {Black wins by adjudication}
Score of Magic vs SeeFutility: 473 - 384 - 474  [0.533] 1331
Started game 1344 of 10000 (SeeFutility vs Magic)
Finished game 1332 (SeeFutility vs Magic): 0-1 {Black wins by adjudication}
Score of Magic vs SeeFutility: 474 - 384 - 474  [0.534] 1332
Started game 1345 of 10000 (Magic vs SeeFutility)
Finished game 1336 (SeeFutility vs Magic): 1-0 {White wins by adjudication}
Score of Magic vs SeeFutility: 474 - 385 - 474  [0.533] 1333
Started game 1346 of 10000 (SeeFutility vs Magic)
Finished game 1335 (Magic vs SeeFutility): 0-1 {Black wins by adjudication}
Score of Magic vs SeeFutility: 474 - 386 - 474  [0.533] 1334
Started game 1347 of 10000 (Magic vs SeeFutility)
Finished game 1337 (Magic vs SeeFutility): 1/2-1/2 {Draw by 3-fold repetition}
Score of Magic vs SeeFutility: 474 - 386 - 475  [0.533] 1335
Started game 1348 of 10000 (SeeFutility vs Magic)
Finished game 1338 (SeeFutility vs Magic): 1-0 {White wins by adjudication}
Score of Magic vs SeeFutility: 474 - 387 - 475  [0.533] 1336
Started game 1349 of 10000 (Magic vs SeeFutility)
Finished game 1334 (SeeFutility vs Magic): 1/2-1/2 {Draw by insufficient mating material}
Score of Magic vs SeeFutility: 474 - 387 - 476  [0.533] 1337
Started game 1350 of 10000 (SeeFutility vs Magic)
Finished game 1339 (Magic vs SeeFutility): 1/2-1/2 {Draw by 3-fold repetition}
Score of Magic vs SeeFutility: 474 - 387 - 477  [0.533] 1338
Started game 1351 of 10000 (Magic vs SeeFutility)
Finished game 1333 (Magic vs SeeFutility): 1/2-1/2 {Draw by fifty moves rule}
Score of Magic vs SeeFutility: 474 - 387 - 478  [0.532] 1339
Started game 1352 of 10000 (SeeFutility vs Magic)
Finished game 1340 (SeeFutility vs Magic): 1/2-1/2 {Draw by insufficient mating material}
Score of Magic vs SeeFutility: 474 - 387 - 479  [0.532] 1340
Started game 1353 of 10000 (Magic vs SeeFutility)
Finished game 1342 (SeeFutility vs Magic): 1-0 {White wins by adjudication}
Score of Magic vs SeeFutility: 474 - 388 - 479  [0.532] 1341
Started game 1354 of 10000 (SeeFutility vs Magic)
Finished game 1341 (Magic vs SeeFutility): 1-0 {White wins by adjudication}
Score of Magic vs SeeFutility: 475 - 388 - 479  [0.532] 1342
Started game 1355 of 10000 (Magic vs SeeFutility)
Finished game 1346 (SeeFutility vs Magic): 1-0 {White wins by adjudication}
Score of Magic vs SeeFutility: 475 - 389 - 479  [0.532] 1343
Started game 1356 of 10000 (SeeFutility vs Magic)
Finished game 1345 (Magic vs SeeFutility): 0-1 {Black wins by adjudication}
Score of Magic vs SeeFutility: 475 - 390 - 479  [0.532] 1344
Started game 1357 of 10000 (Magic vs SeeFutility)
Finished game 1344 (SeeFutility vs Magic): 1-0 {White wins by adjudication}
Score of Magic vs SeeFutility: 475 - 391 - 479  [0.531] 1345
Started game 1358 of 10000 (SeeFutility vs Magic)
Finished game 1351 (Magic vs SeeFutility): 1-0 {White wins by adjudication}
Score of Magic vs SeeFutility: 476 - 391 - 479  [0.532] 1346
Started game 1359 of 10000 (Magic vs SeeFutility)
Finished game 1350 (SeeFutility vs Magic): 1-0 {White wins by adjudication}
Score of Magic vs SeeFutility: 476 - 392 - 479  [0.531] 1347
Started game 1360 of 10000 (SeeFutility vs Magic)
Finished game 1353 (Magic vs SeeFutility): 1/2-1/2 {Draw by 3-fold repetition}
Score of Magic vs SeeFutility: 476 - 392 - 480  [0.531] 1348
Started game 1361 of 10000 (Magic vs SeeFutility)
Finished game 1348 (SeeFutility vs Magic): 1-0 {White wins by adjudication}
Score of Magic vs SeeFutility: 476 - 393 - 480  [0.531] 1349
Started game 1362 of 10000 (SeeFutility vs Magic)
Finished game 1349 (Magic vs SeeFutility): 1-0 {White wins by adjudication}
Score of Magic vs SeeFutility: 477 - 393 - 480  [0.531] 1350
Started game 1363 of 10000 (Magic vs SeeFutility)
Finished game 1347 (Magic vs SeeFutility): 0-1 {Black wins by adjudication}
Score of Magic vs SeeFutility: 477 - 394 - 480  [0.531] 1351
Started game 1364 of 10000 (SeeFutility vs Magic)
Finished game 1354 (SeeFutility vs Magic): 0-1 {Black wins by adjudication}
Score of Magic vs SeeFutility: 478 - 394 - 480  [0.531] 1352
Started game 1365 of 10000 (Magic vs SeeFutility)
Finished game 1343 (Magic vs SeeFutility): 1/2-1/2 {Draw by fifty moves rule}
Score of Magic vs SeeFutility: 478 - 394 - 481  [0.531] 1353
Started game 1366 of 10000 (SeeFutility vs Magic)
Finished game 1352 (SeeFutility vs Magic): 1-0 {White wins by adjudication}
Score of Magic vs SeeFutility: 478 - 395 - 481  [0.531] 1354
Started game 1367 of 10000 (Magic vs SeeFutility)
Finished game 1355 (Magic vs SeeFutility): 1-0 {White wins by adjudication}
Score of Magic vs SeeFutility: 479 - 395 - 481  [0.531] 1355
Started game 1368 of 10000 (SeeFutility vs Magic)
Finished game 1359 (Magic vs SeeFutility): 0-1 {Black wins by adjudication}
Score of Magic vs SeeFutility: 479 - 396 - 481  [0.531] 1356
Started game 1369 of 10000 (Magic vs SeeFutility)
Finished game 1356 (SeeFutility vs Magic): 0-1 {Black wins by adjudication}
Score of Magic vs SeeFutility: 480 - 396 - 481  [0.531] 1357
Started game 1370 of 10000 (SeeFutility vs Magic)
Finished game 1357 (Magic vs SeeFutility): 0-1 {Black wins by adjudication}
Score of Magic vs SeeFutility: 480 - 397 - 481  [0.531] 1358
Started game 1371 of 10000 (Magic vs SeeFutility)
Finished game 1363 (Magic vs SeeFutility): 1/2-1/2 {Draw by 3-fold repetition}
Score of Magic vs SeeFutility: 480 - 397 - 482  [0.531] 1359
Started game 1372 of 10000 (SeeFutility vs Magic)
Finished game 1358 (SeeFutility vs Magic): 1/2-1/2 {Draw by adjudication}
Score of Magic vs SeeFutility: 480 - 397 - 483  [0.531] 1360
Started game 1373 of 10000 (Magic vs SeeFutility)
Finished game 1366 (SeeFutility vs Magic): 1/2-1/2 {Draw by 3-fold repetition}
Score of Magic vs SeeFutility: 480 - 397 - 484  [0.530] 1361
Started game 1374 of 10000 (SeeFutility vs Magic)
Finished game 1361 (Magic vs SeeFutility): 0-1 {Black wins by adjudication}
Score of Magic vs SeeFutility: 480 - 398 - 484  [0.530] 1362
Started game 1375 of 10000 (Magic vs SeeFutility)
Finished game 1360 (SeeFutility vs Magic): 1/2-1/2 {Draw by 3-fold repetition}
Score of Magic vs SeeFutility: 480 - 398 - 485  [0.530] 1363
Started game 1376 of 10000 (SeeFutility vs Magic)
Finished game 1362 (SeeFutility vs Magic): 1-0 {White wins by adjudication}
Score of Magic vs SeeFutility: 480 - 399 - 485  [0.530] 1364
Started game 1377 of 10000 (Magic vs SeeFutility)
Finished game 1365 (Magic vs SeeFutility): 1-0 {White wins by adjudication}
Score of Magic vs SeeFutility: 481 - 399 - 485  [0.530] 1365
Started game 1378 of 10000 (SeeFutility vs Magic)
Finished game 1368 (SeeFutility vs Magic): 1-0 {White wins by adjudication}
Score of Magic vs SeeFutility: 481 - 400 - 485  [0.530] 1366
Started game 1379 of 10000 (Magic vs SeeFutility)
Finished game 1369 (Magic vs SeeFutility): 1/2-1/2 {Draw by 3-fold repetition}
Score of Magic vs SeeFutility: 481 - 400 - 486  [0.530] 1367
Started game 1380 of 10000 (SeeFutility vs Magic)
Finished game 1371 (Magic vs SeeFutility): 0-1 {Black wins by adjudication}
Score of Magic vs SeeFutility: 481 - 401 - 486  [0.529] 1368
Started game 1381 of 10000 (Magic vs SeeFutility)
Finished game 1364 (SeeFutility vs Magic): 1/2-1/2 {Draw by 3-fold repetition}
Score of Magic vs SeeFutility: 481 - 401 - 487  [0.529] 1369
Started game 1382 of 10000 (SeeFutility vs Magic)
Finished game 1367 (Magic vs SeeFutility): 0-1 {Black wins by adjudication}
Score of Magic vs SeeFutility: 481 - 402 - 487  [0.529] 1370
Started game 1383 of 10000 (Magic vs SeeFutility)
Finished game 1373 (Magic vs SeeFutility): 0-1 {Black wins by adjudication}
Score of Magic vs SeeFutility: 481 - 403 - 487  [0.528] 1371
Started game 1384 of 10000 (SeeFutility vs Magic)
Finished game 1370 (SeeFutility vs Magic): 0-1 {Black wins by adjudication}
Score of Magic vs SeeFutility: 482 - 403 - 487  [0.529] 1372
Started game 1385 of 10000 (Magic vs SeeFutility)
Finished game 1374 (SeeFutility vs Magic): 1-0 {White wins by adjudication}
Score of Magic vs SeeFutility: 482 - 404 - 487  [0.528] 1373
Started game 1386 of 10000 (SeeFutility vs Magic)
Finished game 1376 (SeeFutility vs Magic): 0-1 {Black wins by adjudication}
Score of Magic vs SeeFutility: 483 - 404 - 487  [0.529] 1374
Started game 1387 of 10000 (Magic vs SeeFutility)
Finished game 1379 (Magic vs SeeFutility): 1-0 {White wins by adjudication}
Score of Magic vs SeeFutility: 484 - 404 - 487  [0.529] 1375
Started game 1388 of 10000 (SeeFutility vs Magic)
Finished game 1380 (SeeFutility vs Magic): 0-1 {Black wins by adjudication}
Score of Magic vs SeeFutility: 485 - 404 - 487  [0.529] 1376
Started game 1389 of 10000 (Magic vs SeeFutility)
Finished game 1372 (SeeFutility vs Magic): 1/2-1/2 {Draw by fifty moves rule}
Score of Magic vs SeeFutility: 485 - 404 - 488  [0.529] 1377
Started game 1390 of 10000 (SeeFutility vs Magic)
Finished game 1375 (Magic vs SeeFutility): 1/2-1/2 {Draw by adjudication}
Score of Magic vs SeeFutility: 485 - 404 - 489  [0.529] 1378
Started game 1391 of 10000 (Magic vs SeeFutility)
Finished game 1381 (Magic vs SeeFutility): 1/2-1/2 {Draw by insufficient mating material}
Score of Magic vs SeeFutility: 485 - 404 - 490  [0.529] 1379
Started game 1392 of 10000 (SeeFutility vs Magic)
Finished game 1377 (Magic vs SeeFutility): 1/2-1/2 {Draw by fifty moves rule}
Score of Magic vs SeeFutility: 485 - 404 - 491  [0.529] 1380
Started game 1393 of 10000 (Magic vs SeeFutility)
Finished game 1378 (SeeFutility vs Magic): 1-0 {White wins by adjudication}
Score of Magic vs SeeFutility: 485 - 405 - 491  [0.529] 1381
Started game 1394 of 10000 (SeeFutility vs Magic)
Finished game 1382 (SeeFutility vs Magic): 0-1 {Black mates}
Score of Magic vs SeeFutility: 486 - 405 - 491  [0.529] 1382
Started game 1395 of 10000 (Magic vs SeeFutility)
Finished game 1385 (Magic vs SeeFutility): 1-0 {White wins by adjudication}
Score of Magic vs SeeFutility: 487 - 405 - 491  [0.530] 1383
Started game 1396 of 10000 (SeeFutility vs Magic)
Finished game 1386 (SeeFutility vs Magic): 1-0 {White wins by adjudication}
Score of Magic vs SeeFutility: 487 - 406 - 491  [0.529] 1384
Started game 1397 of 10000 (Magic vs SeeFutility)
Finished game 1383 (Magic vs SeeFutility): 1/2-1/2 {Draw by adjudication}
Score of Magic vs SeeFutility: 487 - 406 - 492  [0.529] 1385
Started game 1398 of 10000 (SeeFutility vs Magic)
Finished game 1384 (SeeFutility vs Magic): 1/2-1/2 {Draw by 3-fold repetition}
Score of Magic vs SeeFutility: 487 - 406 - 493  [0.529] 1386
Started game 1399 of 10000 (Magic vs SeeFutility)
Finished game 1387 (Magic vs SeeFutility): 1-0 {White wins by adjudication}
Score of Magic vs SeeFutility: 488 - 406 - 493  [0.530] 1387
Started game 1400 of 10000 (SeeFutility vs Magic)
Finished game 1390 (SeeFutility vs Magic): 1-0 {White wins by adjudication}
Score of Magic vs SeeFutility: 488 - 407 - 493  [0.529] 1388
Started game 1401 of 10000 (Magic vs SeeFutility)
Finished game 1388 (SeeFutility vs Magic): 1-0 {White wins by adjudication}
Score of Magic vs SeeFutility: 488 - 408 - 493  [0.529] 1389
Started game 1402 of 10000 (SeeFutility vs Magic)
Finished game 1389 (Magic vs SeeFutility): 1-0 {White wins by adjudication}
Score of Magic vs SeeFutility: 489 - 408 - 493  [0.529] 1390
Started game 1403 of 10000 (Magic vs SeeFutility)
Finished game 1393 (Magic vs SeeFutility): 1/2-1/2 {Draw by 3-fold repetition}
Score of Magic vs SeeFutility: 489 - 408 - 494  [0.529] 1391
Started game 1404 of 10000 (SeeFutility vs Magic)
Finished game 1392 (SeeFutility vs Magic): 1-0 {White mates}
Score of Magic vs SeeFutility: 489 - 409 - 494  [0.529] 1392
Started game 1405 of 10000 (Magic vs SeeFutility)
Finished game 1397 (Magic vs SeeFutility): 1/2-1/2 {Draw by 3-fold repetition}
Score of Magic vs SeeFutility: 489 - 409 - 495  [0.529] 1393
Started game 1406 of 10000 (SeeFutility vs Magic)
Finished game 1391 (Magic vs SeeFutility): 0-1 {Black wins by adjudication}
Score of Magic vs SeeFutility: 489 - 410 - 495  [0.528] 1394
Started game 1407 of 10000 (Magic vs SeeFutility)
Finished game 1401 (Magic vs SeeFutility): 1/2-1/2 {Draw by 3-fold repetition}
Score of Magic vs SeeFutility: 489 - 410 - 496  [0.528] 1395
Started game 1408 of 10000 (SeeFutility vs Magic)
Finished game 1398 (SeeFutility vs Magic): 1/2-1/2 {Draw by 3-fold repetition}
Score of Magic vs SeeFutility: 489 - 410 - 497  [0.528] 1396
Started game 1409 of 10000 (Magic vs SeeFutility)
Finished game 1394 (SeeFutility vs Magic): 1-0 {White wins by adjudication}
Score of Magic vs SeeFutility: 489 - 411 - 497  [0.528] 1397
Started game 1410 of 10000 (SeeFutility vs Magic)
Finished game 1395 (Magic vs SeeFutility): 1-0 {White wins by adjudication}
Score of Magic vs SeeFutility: 490 - 411 - 497  [0.528] 1398
Started game 1411 of 10000 (Magic vs SeeFutility)
Finished game 1396 (SeeFutility vs Magic): 1-0 {White wins by adjudication}
Score of Magic vs SeeFutility: 490 - 412 - 497  [0.528] 1399
Started game 1412 of 10000 (SeeFutility vs Magic)
Finished game 1399 (Magic vs SeeFutility): 1-0 {White wins by adjudication}
Score of Magic vs SeeFutility: 491 - 412 - 497  [0.528] 1400
Started game 1413 of 10000 (Magic vs SeeFutility)
Finished game 1402 (SeeFutility vs Magic): 1-0 {White wins by adjudication}
Score of Magic vs SeeFutility: 491 - 413 - 497  [0.528] 1401
Started game 1414 of 10000 (SeeFutility vs Magic)
Finished game 1404 (SeeFutility vs Magic): 1-0 {White wins by adjudication}
Score of Magic vs SeeFutility: 491 - 414 - 497  [0.527] 1402
Started game 1415 of 10000 (Magic vs SeeFutility)
Finished game 1400 (SeeFutility vs Magic): 1-0 {White wins by adjudication}
Score of Magic vs SeeFutility: 491 - 415 - 497  [0.527] 1403
Started game 1416 of 10000 (SeeFutility vs Magic)
Finished game 1408 (SeeFutility vs Magic): 0-1 {Black wins by adjudication}
Score of Magic vs SeeFutility: 492 - 415 - 497  [0.527] 1404
Started game 1417 of 10000 (Magic vs SeeFutility)
Finished game 1403 (Magic vs SeeFutility): 1-0 {White wins by adjudication}
Score of Magic vs SeeFutility: 493 - 415 - 497  [0.528] 1405
Started game 1418 of 10000 (SeeFutility vs Magic)
Finished game 1405 (Magic vs SeeFutility): 0-1 {Black wins by adjudication}
Score of Magic vs SeeFutility: 493 - 416 - 497  [0.527] 1406
Started game 1419 of 10000 (Magic vs SeeFutility)
Finished game 1410 (SeeFutility vs Magic): 0-1 {Black wins by adjudication}
Score of Magic vs SeeFutility: 494 - 416 - 497  [0.528] 1407
Started game 1420 of 10000 (SeeFutility vs Magic)
Finished game 1411 (Magic vs SeeFutility): 1/2-1/2 {Draw by 3-fold repetition}
Score of Magic vs SeeFutility: 494 - 416 - 498  [0.528] 1408
Started game 1421 of 10000 (Magic vs SeeFutility)
Finished game 1409 (Magic vs SeeFutility): 1/2-1/2 {Draw by adjudication}
Score of Magic vs SeeFutility: 494 - 416 - 499  [0.528] 1409
Started game 1422 of 10000 (SeeFutility vs Magic)
Finished game 1407 (Magic vs SeeFutility): 0-1 {Black wins by adjudication}
Score of Magic vs SeeFutility: 494 - 417 - 499  [0.527] 1410
Started game 1423 of 10000 (Magic vs SeeFutility)
Finished game 1412 (SeeFutility vs Magic): 0-1 {Black wins by adjudication}
Score of Magic vs SeeFutility: 495 - 417 - 499  [0.528] 1411
Started game 1424 of 10000 (SeeFutility vs Magic)
Finished game 1421 (Magic vs SeeFutility): 1/2-1/2 {Draw by 3-fold repetition}
Score of Magic vs SeeFutility: 495 - 417 - 500  [0.528] 1412
Started game 1425 of 10000 (Magic vs SeeFutility)
Finished game 1406 (SeeFutility vs Magic): 1/2-1/2 {Draw by fifty moves rule}
Score of Magic vs SeeFutility: 495 - 417 - 501  [0.528] 1413
Started game 1426 of 10000 (SeeFutility vs Magic)
Finished game 1416 (SeeFutility vs Magic): 1/2-1/2 {Draw by 3-fold repetition}
Score of Magic vs SeeFutility: 495 - 417 - 502  [0.528] 1414
Started game 1427 of 10000 (Magic vs SeeFutility)
Finished game 1414 (SeeFutility vs Magic): 1/2-1/2 {Draw by 3-fold repetition}
Score of Magic vs SeeFutility: 495 - 417 - 503  [0.528] 1415
Started game 1428 of 10000 (SeeFutility vs Magic)
Finished game 1413 (Magic vs SeeFutility): 0-1 {Black wins by adjudication}
Score of Magic vs SeeFutility: 495 - 418 - 503  [0.527] 1416
Started game 1429 of 10000 (Magic vs SeeFutility)
Finished game 1420 (SeeFutility vs Magic): 1/2-1/2 {Draw by 3-fold repetition}
Score of Magic vs SeeFutility: 495 - 418 - 504  [0.527] 1417
Started game 1430 of 10000 (SeeFutility vs Magic)
Finished game 1418 (SeeFutility vs Magic): 1/2-1/2 {Draw by 3-fold repetition}
Score of Magic vs SeeFutility: 495 - 418 - 505  [0.527] 1418
Started game 1431 of 10000 (Magic vs SeeFutility)
Finished game 1415 (Magic vs SeeFutility): 1/2-1/2 {Draw by adjudication}
Score of Magic vs SeeFutility: 495 - 418 - 506  [0.527] 1419
Started game 1432 of 10000 (SeeFutility vs Magic)
Finished game 1417 (Magic vs SeeFutility): 1-0 {White wins by adjudication}
Score of Magic vs SeeFutility: 496 - 418 - 506  [0.527] 1420
Started game 1433 of 10000 (Magic vs SeeFutility)
Finished game 1422 (SeeFutility vs Magic): 1-0 {White wins by adjudication}
Score of Magic vs SeeFutility: 496 - 419 - 506  [0.527] 1421
Started game 1434 of 10000 (SeeFutility vs Magic)
Finished game 1419 (Magic vs SeeFutility): 1/2-1/2 {Draw by 3-fold repetition}
Score of Magic vs SeeFutility: 496 - 419 - 507  [0.527] 1422
Started game 1435 of 10000 (Magic vs SeeFutility)
Finished game 1423 (Magic vs SeeFutility): 0-1 {Black wins by adjudication}
Score of Magic vs SeeFutility: 496 - 420 - 507  [0.527] 1423
Started game 1436 of 10000 (SeeFutility vs Magic)
Finished game 1425 (Magic vs SeeFutility): 0-1 {Black wins by adjudication}
Score of Magic vs SeeFutility: 496 - 421 - 507  [0.526] 1424
Started game 1437 of 10000 (Magic vs SeeFutility)
Finished game 1426 (SeeFutility vs Magic): 1/2-1/2 {Draw by insufficient mating material}
Score of Magic vs SeeFutility: 496 - 421 - 508  [0.526] 1425
Started game 1438 of 10000 (SeeFutility vs Magic)
Finished game 1427 (Magic vs SeeFutility): 1-0 {White wins by adjudication}
Score of Magic vs SeeFutility: 497 - 421 - 508  [0.527] 1426
Started game 1439 of 10000 (Magic vs SeeFutility)
Finished game 1430 (SeeFutility vs Magic): 0-1 {Black wins by adjudication}
Score of Magic vs SeeFutility: 498 - 421 - 508  [0.527] 1427
Started game 1440 of 10000 (SeeFutility vs Magic)
Finished game 1428 (SeeFutility vs Magic): 1-0 {White wins by adjudication}
Score of Magic vs SeeFutility: 498 - 422 - 508  [0.527] 1428
Started game 1441 of 10000 (Magic vs SeeFutility)
Finished game 1424 (SeeFutility vs Magic): 1/2-1/2 {Draw by fifty moves rule}
Score of Magic vs SeeFutility: 498 - 422 - 509  [0.527] 1429
Started game 1442 of 10000 (SeeFutility vs Magic)
Finished game 1429 (Magic vs SeeFutility): 1/2-1/2 {Draw by insufficient mating material}
Score of Magic vs SeeFutility: 498 - 422 - 510  [0.527] 1430
Started game 1443 of 10000 (Magic vs SeeFutility)
Finished game 1434 (SeeFutility vs Magic): 0-1 {Black wins by adjudication}
Score of Magic vs SeeFutility: 499 - 422 - 510  [0.527] 1431
Started game 1444 of 10000 (SeeFutility vs Magic)
Finished game 1436 (SeeFutility vs Magic): 1/2-1/2 {Draw by 3-fold repetition}
Score of Magic vs SeeFutility: 499 - 422 - 511  [0.527] 1432
Started game 1445 of 10000 (Magic vs SeeFutility)
Finished game 1439 (Magic vs SeeFutility): 1-0 {White wins by adjudication}
Score of Magic vs SeeFutility: 500 - 422 - 511  [0.527] 1433
Started game 1446 of 10000 (SeeFutility vs Magic)
Finished game 1433 (Magic vs SeeFutility): 0-1 {Black wins by adjudication}
Score of Magic vs SeeFutility: 500 - 423 - 511  [0.527] 1434
Started game 1447 of 10000 (Magic vs SeeFutility)
Finished game 1432 (SeeFutility vs Magic): 0-1 {Black wins by adjudication}
Score of Magic vs SeeFutility: 501 - 423 - 511  [0.527] 1435
Started game 1448 of 10000 (SeeFutility vs Magic)
Finished game 1431 (Magic vs SeeFutility): 1-0 {White wins by adjudication}
Score of Magic vs SeeFutility: 502 - 423 - 511  [0.528] 1436
Started game 1449 of 10000 (Magic vs SeeFutility)
Finished game 1435 (Magic vs SeeFutility): 0-1 {Black wins by adjudication}
Score of Magic vs SeeFutility: 502 - 424 - 511  [0.527] 1437
Started game 1450 of 10000 (SeeFutility vs Magic)
Finished game 1438 (SeeFutility vs Magic): 1/2-1/2 {Draw by 3-fold repetition}
Score of Magic vs SeeFutility: 502 - 424 - 512  [0.527] 1438
Started game 1451 of 10000 (Magic vs SeeFutility)
Finished game 1441 (Magic vs SeeFutility): 1-0 {White wins by adjudication}
Score of Magic vs SeeFutility: 503 - 424 - 512  [0.527] 1439
Started game 1452 of 10000 (SeeFutility vs Magic)
Finished game 1442 (SeeFutility vs Magic): 1/2-1/2 {Draw by 3-fold repetition}
Score of Magic vs SeeFutility: 503 - 424 - 513  [0.527] 1440
Started game 1453 of 10000 (Magic vs SeeFutility)
Finished game 1448 (SeeFutility vs Magic): 0-1 {Black wins by adjudication}
Score of Magic vs SeeFutility: 504 - 424 - 513  [0.528] 1441
Started game 1454 of 10000 (SeeFutility vs Magic)
Finished game 1437 (Magic vs SeeFutility): 1/2-1/2 {Draw by 3-fold repetition}
Score of Magic vs SeeFutility: 504 - 424 - 514  [0.528] 1442
Started game 1455 of 10000 (Magic vs SeeFutility)
Finished game 1447 (Magic vs SeeFutility): 1/2-1/2 {Draw by 3-fold repetition}
Score of Magic vs SeeFutility: 504 - 424 - 515  [0.528] 1443
Started game 1456 of 10000 (SeeFutility vs Magic)
Finished game 1443 (Magic vs SeeFutility): 0-1 {Black wins by adjudication}
Score of Magic vs SeeFutility: 504 - 425 - 515  [0.527] 1444
Started game 1457 of 10000 (Magic vs SeeFutility)
Finished game 1440 (SeeFutility vs Magic): 1/2-1/2 {Draw by insufficient mating material}
Score of Magic vs SeeFutility: 504 - 425 - 516  [0.527] 1445
Started game 1458 of 10000 (SeeFutility vs Magic)
Finished game 1449 (Magic vs SeeFutility): 0-1 {Black wins by adjudication}
Score of Magic vs SeeFutility: 504 - 426 - 516  [0.527] 1446
Started game 1459 of 10000 (Magic vs SeeFutility)
Finished game 1450 (SeeFutility vs Magic): 1/2-1/2 {Draw by adjudication}
Score of Magic vs SeeFutility: 504 - 426 - 517  [0.527] 1447
Started game 1460 of 10000 (SeeFutility vs Magic)
Finished game 1445 (Magic vs SeeFutility): 1/2-1/2 {Draw by adjudication}
Score of Magic vs SeeFutility: 504 - 426 - 518  [0.527] 1448
Started game 1461 of 10000 (Magic vs SeeFutility)
Finished game 1451 (Magic vs SeeFutility): 0-1 {Black wins by adjudication}
Score of Magic vs SeeFutility: 504 - 427 - 518  [0.527] 1449
Started game 1462 of 10000 (SeeFutility vs Magic)
Finished game 1446 (SeeFutility vs Magic): 1/2-1/2 {Draw by adjudication}
Score of Magic vs SeeFutility: 504 - 427 - 519  [0.527] 1450
Started game 1463 of 10000 (Magic vs SeeFutility)
Finished game 1444 (SeeFutility vs Magic): 1/2-1/2 {Draw by adjudication}
Score of Magic vs SeeFutility: 504 - 427 - 520  [0.527] 1451
Started game 1464 of 10000 (SeeFutility vs Magic)
Finished game 1455 (Magic vs SeeFutility): 1/2-1/2 {Draw by 3-fold repetition}
Score of Magic vs SeeFutility: 504 - 427 - 521  [0.527] 1452
Started game 1465 of 10000 (Magic vs SeeFutility)
Finished game 1453 (Magic vs SeeFutility): 0-1 {Black wins by adjudication}
Score of Magic vs SeeFutility: 504 - 428 - 521  [0.526] 1453
Started game 1466 of 10000 (SeeFutility vs Magic)
Finished game 1452 (SeeFutility vs Magic): 0-1 {Black wins by adjudication}
Score of Magic vs SeeFutility: 505 - 428 - 521  [0.526] 1454
Started game 1467 of 10000 (Magic vs SeeFutility)
Finished game 1458 (SeeFutility vs Magic): 0-1 {Black wins by adjudication}
Score of Magic vs SeeFutility: 506 - 428 - 521  [0.527] 1455
Started game 1468 of 10000 (SeeFutility vs Magic)
Finished game 1454 (SeeFutility vs Magic): 0-1 {Black wins by adjudication}
Score of Magic vs SeeFutility: 507 - 428 - 521  [0.527] 1456
Started game 1469 of 10000 (Magic vs SeeFutility)
Finished game 1457 (Magic vs SeeFutility): 1/2-1/2 {Draw by 3-fold repetition}
Score of Magic vs SeeFutility: 507 - 428 - 522  [0.527] 1457
Started game 1470 of 10000 (SeeFutility vs Magic)
Finished game 1456 (SeeFutility vs Magic): 1-0 {White wins by adjudication}
Score of Magic vs SeeFutility: 507 - 429 - 522  [0.527] 1458
Started game 1471 of 10000 (Magic vs SeeFutility)
Finished game 1463 (Magic vs SeeFutility): 1-0 {White wins by adjudication}
Score of Magic vs SeeFutility: 508 - 429 - 522  [0.527] 1459
Started game 1472 of 10000 (SeeFutility vs Magic)
Finished game 1462 (SeeFutility vs Magic): 0-1 {Black wins by adjudication}
Score of Magic vs SeeFutility: 509 - 429 - 522  [0.527] 1460
Started game 1473 of 10000 (Magic vs SeeFutility)
Finished game 1459 (Magic vs SeeFutility): 0-1 {Black wins by adjudication}
Score of Magic vs SeeFutility: 509 - 430 - 522  [0.527] 1461
Started game 1474 of 10000 (SeeFutility vs Magic)
Finished game 1465 (Magic vs SeeFutility): 1/2-1/2 {Draw by 3-fold repetition}
Score of Magic vs SeeFutility: 509 - 430 - 523  [0.527] 1462
Started game 1475 of 10000 (Magic vs SeeFutility)
Finished game 1460 (SeeFutility vs Magic): 1/2-1/2 {Draw by insufficient mating material}
Score of Magic vs SeeFutility: 509 - 430 - 524  [0.527] 1463
Started game 1476 of 10000 (SeeFutility vs Magic)
Finished game 1466 (SeeFutility vs Magic): 1/2-1/2 {Draw by 3-fold repetition}
Score of Magic vs SeeFutility: 509 - 430 - 525  [0.527] 1464
Started game 1477 of 10000 (Magic vs SeeFutility)
Finished game 1464 (SeeFutility vs Magic): 1-0 {White wins by adjudication}
Score of Magic vs SeeFutility: 509 - 431 - 525  [0.527] 1465
Started game 1478 of 10000 (SeeFutility vs Magic)
Finished game 1461 (Magic vs SeeFutility): 1/2-1/2 {Draw by adjudication}
Score of Magic vs SeeFutility: 509 - 431 - 526  [0.527] 1466
Started game 1479 of 10000 (Magic vs SeeFutility)
Finished game 1467 (Magic vs SeeFutility): 0-1 {Black wins by adjudication}
Score of Magic vs SeeFutility: 509 - 432 - 526  [0.526] 1467
Started game 1480 of 10000 (SeeFutility vs Magic)
Finished game 1468 (SeeFutility vs Magic): 0-1 {Black wins by adjudication}
Score of Magic vs SeeFutility: 510 - 432 - 526  [0.527] 1468
Started game 1481 of 10000 (Magic vs SeeFutility)
Finished game 1470 (SeeFutility vs Magic): 1/2-1/2 {Draw by adjudication}
Score of Magic vs SeeFutility: 510 - 432 - 527  [0.527] 1469
Started game 1482 of 10000 (SeeFutility vs Magic)
Finished game 1469 (Magic vs SeeFutility): 0-1 {Black wins by adjudication}
Score of Magic vs SeeFutility: 510 - 433 - 527  [0.526] 1470
Started game 1483 of 10000 (Magic vs SeeFutility)
Finished game 1471 (Magic vs SeeFutility): 1-0 {White wins by adjudication}
Score of Magic vs SeeFutility: 511 - 433 - 527  [0.527] 1471
Started game 1484 of 10000 (SeeFutility vs Magic)
Finished game 1476 (SeeFutility vs Magic): 1/2-1/2 {Draw by 3-fold repetition}
Score of Magic vs SeeFutility: 511 - 433 - 528  [0.526] 1472
Started game 1485 of 10000 (Magic vs SeeFutility)
Finished game 1473 (Magic vs SeeFutility): 1-0 {White wins by adjudication}
Score of Magic vs SeeFutility: 512 - 433 - 528  [0.527] 1473
Started game 1486 of 10000 (SeeFutility vs Magic)
Finished game 1474 (SeeFutility vs Magic): 1-0 {White wins by adjudication}
Score of Magic vs SeeFutility: 512 - 434 - 528  [0.526] 1474
Started game 1487 of 10000 (Magic vs SeeFutility)
Finished game 1477 (Magic vs SeeFutility): 1-0 {White wins by adjudication}
Score of Magic vs SeeFutility: 513 - 434 - 528  [0.527] 1475
Started game 1488 of 10000 (SeeFutility vs Magic)
Finished game 1478 (SeeFutility vs Magic): 1/2-1/2 {Draw by insufficient mating material}
Score of Magic vs SeeFutility: 513 - 434 - 529  [0.527] 1476
Started game 1489 of 10000 (Magic vs SeeFutility)
Finished game 1472 (SeeFutility vs Magic): 1/2-1/2 {Draw by fifty moves rule}
Score of Magic vs SeeFutility: 513 - 434 - 530  [0.527] 1477
Started game 1490 of 10000 (SeeFutility vs Magic)
Finished game 1475 (Magic vs SeeFutility): 1/2-1/2 {Draw by adjudication}
Score of Magic vs SeeFutility: 513 - 434 - 531  [0.527] 1478
Started game 1491 of 10000 (Magic vs SeeFutility)
Finished game 1481 (Magic vs SeeFutility): 1/2-1/2 {Draw by 3-fold repetition}
Score of Magic vs SeeFutility: 513 - 434 - 532  [0.527] 1479
Started game 1492 of 10000 (SeeFutility vs Magic)
Finished game 1479 (Magic vs SeeFutility): 0-1 {Black wins by adjudication}
Score of Magic vs SeeFutility: 513 - 435 - 532  [0.526] 1480
Started game 1493 of 10000 (Magic vs SeeFutility)
Finished game 1484 (SeeFutility vs Magic): 1-0 {White wins by adjudication}
Score of Magic vs SeeFutility: 513 - 436 - 532  [0.526] 1481
Started game 1494 of 10000 (SeeFutility vs Magic)
Finished game 1483 (Magic vs SeeFutility): 0-1 {Black wins by adjudication}
Score of Magic vs SeeFutility: 513 - 437 - 532  [0.526] 1482
Started game 1495 of 10000 (Magic vs SeeFutility)
Finished game 1482 (SeeFutility vs Magic): 1-0 {White wins by adjudication}
Score of Magic vs SeeFutility: 513 - 438 - 532  [0.525] 1483
Started game 1496 of 10000 (SeeFutility vs Magic)
Finished game 1489 (Magic vs SeeFutility): 0-1 {Black wins by adjudication}
Score of Magic vs SeeFutility: 513 - 439 - 532  [0.525] 1484
Started game 1497 of 10000 (Magic vs SeeFutility)
Finished game 1490 (SeeFutility vs Magic): 0-1 {Black wins by adjudication}
Score of Magic vs SeeFutility: 514 - 439 - 532  [0.525] 1485
Started game 1498 of 10000 (SeeFutility vs Magic)
Finished game 1485 (Magic vs SeeFutility): 0-1 {Black wins by adjudication}
Score of Magic vs SeeFutility: 514 - 440 - 532  [0.525] 1486
Started game 1499 of 10000 (Magic vs SeeFutility)
Finished game 1487 (Magic vs SeeFutility): 0-1 {Black wins by adjudication}
Score of Magic vs SeeFutility: 514 - 441 - 532  [0.525] 1487
Started game 1500 of 10000 (SeeFutility vs Magic)
Finished game 1486 (SeeFutility vs Magic): 1/2-1/2 {Draw by insufficient mating material}
Score of Magic vs SeeFutility: 514 - 441 - 533  [0.525] 1488
Started game 1501 of 10000 (Magic vs SeeFutility)
Finished game 1488 (SeeFutility vs Magic): 1-0 {White wins by adjudication}
Score of Magic vs SeeFutility: 514 - 442 - 533  [0.524] 1489
Started game 1502 of 10000 (SeeFutility vs Magic)
Finished game 1480 (SeeFutility vs Magic): 0-1 {Black wins by adjudication}
Score of Magic vs SeeFutility: 515 - 442 - 533  [0.524] 1490
Started game 1503 of 10000 (Magic vs SeeFutility)
Finished game 1499 (Magic vs SeeFutility): 1/2-1/2 {Draw by 3-fold repetition}
Score of Magic vs SeeFutility: 515 - 442 - 534  [0.524] 1491
Started game 1504 of 10000 (SeeFutility vs Magic)
Finished game 1493 (Magic vs SeeFutility): 0-1 {Black wins by adjudication}
Score of Magic vs SeeFutility: 515 - 443 - 534  [0.524] 1492
Started game 1505 of 10000 (Magic vs SeeFutility)
Finished game 1491 (Magic vs SeeFutility): 1-0 {White wins by adjudication}
Score of Magic vs SeeFutility: 516 - 443 - 534  [0.524] 1493
Started game 1506 of 10000 (SeeFutility vs Magic)
Finished game 1494 (SeeFutility vs Magic): 0-1 {Black wins by adjudication}
Score of Magic vs SeeFutility: 517 - 443 - 534  [0.525] 1494
Started game 1507 of 10000 (Magic vs SeeFutility)
Finished game 1495 (Magic vs SeeFutility): 1/2-1/2 {Draw by 3-fold repetition}
Score of Magic vs SeeFutility: 517 - 443 - 535  [0.525] 1495
Started game 1508 of 10000 (SeeFutility vs Magic)
Finished game 1496 (SeeFutility vs Magic): 1-0 {White wins by adjudication}
Score of Magic vs SeeFutility: 517 - 444 - 535  [0.524] 1496
Started game 1509 of 10000 (Magic vs SeeFutility)
Finished game 1498 (SeeFutility vs Magic): 1-0 {White wins by adjudication}
Score of Magic vs SeeFutility: 517 - 445 - 535  [0.524] 1497
Started game 1510 of 10000 (SeeFutility vs Magic)
Finished game 1501 (Magic vs SeeFutility): 1-0 {White mates}
Score of Magic vs SeeFutility: 518 - 445 - 535  [0.524] 1498
Started game 1511 of 10000 (Magic vs SeeFutility)
Finished game 1503 (Magic vs SeeFutility): 1-0 {White wins by adjudication}
Score of Magic vs SeeFutility: 519 - 445 - 535  [0.525] 1499
Started game 1512 of 10000 (SeeFutility vs Magic)
Finished game 1497 (Magic vs SeeFutility): 1/2-1/2 {Draw by insufficient mating material}
Score of Magic vs SeeFutility: 519 - 445 - 536  [0.525] 1500
Started game 1513 of 10000 (Magic vs SeeFutility)
Finished game 1502 (SeeFutility vs Magic): 1-0 {White wins by adjudication}
Score of Magic vs SeeFutility: 519 - 446 - 536  [0.524] 1501
Started game 1514 of 10000 (SeeFutility vs Magic)
Finished game 1500 (SeeFutility vs Magic): 1-0 {White mates}
Score of Magic vs SeeFutility: 519 - 447 - 536  [0.524] 1502
Started game 1515 of 10000 (Magic vs SeeFutility)
Finished game 1492 (SeeFutility vs Magic): 1/2-1/2 {Draw by adjudication}
Score of Magic vs SeeFutility: 519 - 447 - 537  [0.524] 1503
Started game 1516 of 10000 (SeeFutility vs Magic)
Finished game 1505 (Magic vs SeeFutility): 0-1 {Black wins by adjudication}
Score of Magic vs SeeFutility: 519 - 448 - 537  [0.524] 1504
Started game 1517 of 10000 (Magic vs SeeFutility)
Finished game 1508 (SeeFutility vs Magic): 0-1 {Black wins by adjudication}
Score of Magic vs SeeFutility: 520 - 448 - 537  [0.524] 1505
Started game 1518 of 10000 (SeeFutility vs Magic)
Finished game 1504 (SeeFutility vs Magic): 1-0 {White wins by adjudication}
Score of Magic vs SeeFutility: 520 - 449 - 537  [0.524] 1506
Started game 1519 of 10000 (Magic vs SeeFutility)
Finished game 1506 (SeeFutility vs Magic): 1/2-1/2 {Draw by 3-fold repetition}
Score of Magic vs SeeFutility: 520 - 449 - 538  [0.524] 1507
Started game 1520 of 10000 (SeeFutility vs Magic)
Finished game 1507 (Magic vs SeeFutility): 1/2-1/2 {Draw by adjudication}
Score of Magic vs SeeFutility: 520 - 449 - 539  [0.524] 1508
Started game 1521 of 10000 (Magic vs SeeFutility)
Finished game 1509 (Magic vs SeeFutility): 1-0 {White wins by adjudication}
Score of Magic vs SeeFutility: 521 - 449 - 539  [0.524] 1509
Started game 1522 of 10000 (SeeFutility vs Magic)
Finished game 1510 (SeeFutility vs Magic): 1/2-1/2 {Draw by 3-fold repetition}
Score of Magic vs SeeFutility: 521 - 449 - 540  [0.524] 1510
Started game 1523 of 10000 (Magic vs SeeFutility)
Finished game 1519 (Magic vs SeeFutility): 1-0 {White wins by adjudication}
Score of Magic vs SeeFutility: 522 - 449 - 540  [0.524] 1511
Started game 1524 of 10000 (SeeFutility vs Magic)
Finished game 1518 (SeeFutility vs Magic): 0-1 {Black wins by adjudication}
Score of Magic vs SeeFutility: 523 - 449 - 540  [0.524] 1512
Started game 1525 of 10000 (Magic vs SeeFutility)
Finished game 1513 (Magic vs SeeFutility): 1/2-1/2 {Draw by adjudication}
Score of Magic vs SeeFutility: 523 - 449 - 541  [0.524] 1513
Started game 1526 of 10000 (SeeFutility vs Magic)
Finished game 1515 (Magic vs SeeFutility): 0-1 {Black wins by adjudication}
Score of Magic vs SeeFutility: 523 - 450 - 541  [0.524] 1514
Started game 1527 of 10000 (Magic vs SeeFutility)
Finished game 1517 (Magic vs SeeFutility): 0-1 {Black wins by adjudication}
Score of Magic vs SeeFutility: 523 - 451 - 541  [0.524] 1515
Started game 1528 of 10000 (SeeFutility vs Magic)
Finished game 1516 (SeeFutility vs Magic): 1/2-1/2 {Draw by adjudication}
Score of Magic vs SeeFutility: 523 - 451 - 542  [0.524] 1516
Started game 1529 of 10000 (Magic vs SeeFutility)
Finished game 1511 (Magic vs SeeFutility): 1/2-1/2 {Draw by insufficient mating material}
Score of Magic vs SeeFutility: 523 - 451 - 543  [0.524] 1517
Started game 1530 of 10000 (SeeFutility vs Magic)
Finished game 1520 (SeeFutility vs Magic): 0-1 {Black wins by adjudication}
Score of Magic vs SeeFutility: 524 - 451 - 543  [0.524] 1518
Started game 1531 of 10000 (Magic vs SeeFutility)
Finished game 1514 (SeeFutility vs Magic): 1-0 {White wins by adjudication}
Score of Magic vs SeeFutility: 524 - 452 - 543  [0.524] 1519
Started game 1532 of 10000 (SeeFutility vs Magic)
Finished game 1521 (Magic vs SeeFutility): 1-0 {White wins by adjudication}
Score of Magic vs SeeFutility: 525 - 452 - 543  [0.524] 1520
Started game 1533 of 10000 (Magic vs SeeFutility)
Finished game 1512 (SeeFutility vs Magic): 1/2-1/2 {Draw by fifty moves rule}
Score of Magic vs SeeFutility: 525 - 452 - 544  [0.524] 1521
Started game 1534 of 10000 (SeeFutility vs Magic)
Finished game 1523 (Magic vs SeeFutility): 1/2-1/2 {Draw by 3-fold repetition}
Score of Magic vs SeeFutility: 525 - 452 - 545  [0.524] 1522
Started game 1535 of 10000 (Magic vs SeeFutility)
Finished game 1522 (SeeFutility vs Magic): 0-1 {Black wins by adjudication}
Score of Magic vs SeeFutility: 526 - 452 - 545  [0.524] 1523
Started game 1536 of 10000 (SeeFutility vs Magic)
Finished game 1524 (SeeFutility vs Magic): 1-0 {White wins by adjudication}
Score of Magic vs SeeFutility: 526 - 453 - 545  [0.524] 1524
Started game 1537 of 10000 (Magic vs SeeFutility)
Finished game 1531 (Magic vs SeeFutility): 1-0 {White wins by adjudication}
Score of Magic vs SeeFutility: 527 - 453 - 545  [0.524] 1525
Started game 1538 of 10000 (SeeFutility vs Magic)
Finished game 1526 (SeeFutility vs Magic): 0-1 {Black wins by adjudication}
Score of Magic vs SeeFutility: 528 - 453 - 545  [0.525] 1526
Started game 1539 of 10000 (Magic vs SeeFutility)
Finished game 1525 (Magic vs SeeFutility): 0-1 {Black wins by adjudication}
Score of Magic vs SeeFutility: 528 - 454 - 545  [0.524] 1527
Started game 1540 of 10000 (SeeFutility vs Magic)
Finished game 1529 (Magic vs SeeFutility): 1/2-1/2 {Draw by insufficient mating material}
Score of Magic vs SeeFutility: 528 - 454 - 546  [0.524] 1528
Started game 1541 of 10000 (Magic vs SeeFutility)
Finished game 1528 (SeeFutility vs Magic): 1/2-1/2 {Draw by insufficient mating material}
Score of Magic vs SeeFutility: 528 - 454 - 547  [0.524] 1529
Started game 1542 of 10000 (SeeFutility vs Magic)
Finished game 1533 (Magic vs SeeFutility): 0-1 {Black wins by adjudication}
Score of Magic vs SeeFutility: 528 - 455 - 547  [0.524] 1530
Started game 1543 of 10000 (Magic vs SeeFutility)
Finished game 1527 (Magic vs SeeFutility): 1-0 {White wins by adjudication}
Score of Magic vs SeeFutility: 529 - 455 - 547  [0.524] 1531
Started game 1544 of 10000 (SeeFutility vs Magic)
Finished game 1532 (SeeFutility vs Magic): 0-1 {Black wins by adjudication}
Score of Magic vs SeeFutility: 530 - 455 - 547  [0.524] 1532
Started game 1545 of 10000 (Magic vs SeeFutility)
Finished game 1535 (Magic vs SeeFutility): 1-0 {White wins by adjudication}
Score of Magic vs SeeFutility: 531 - 455 - 547  [0.525] 1533
Started game 1546 of 10000 (SeeFutility vs Magic)
Finished game 1530 (SeeFutility vs Magic): 0-1 {Black wins by adjudication}
Score of Magic vs SeeFutility: 532 - 455 - 547  [0.525] 1534
Started game 1547 of 10000 (Magic vs SeeFutility)
Finished game 1538 (SeeFutility vs Magic): 1-0 {White wins by adjudication}
Score of Magic vs SeeFutility: 532 - 456 - 547  [0.525] 1535
Started game 1548 of 10000 (SeeFutility vs Magic)
Finished game 1534 (SeeFutility vs Magic): 1/2-1/2 {Draw by adjudication}
Score of Magic vs SeeFutility: 532 - 456 - 548  [0.525] 1536
Started game 1549 of 10000 (Magic vs SeeFutility)
Finished game 1539 (Magic vs SeeFutility): 0-1 {Black wins by adjudication}
Score of Magic vs SeeFutility: 532 - 457 - 548  [0.524] 1537
Started game 1550 of 10000 (SeeFutility vs Magic)
Finished game 1540 (SeeFutility vs Magic): 1-0 {White wins by adjudication}
Score of Magic vs SeeFutility: 532 - 458 - 548  [0.524] 1538
Started game 1551 of 10000 (Magic vs SeeFutility)
Finished game 1541 (Magic vs SeeFutility): 1-0 {White wins by adjudication}
Score of Magic vs SeeFutility: 533 - 458 - 548  [0.524] 1539
Started game 1552 of 10000 (SeeFutility vs Magic)
Finished game 1537 (Magic vs SeeFutility): 0-1 {Black wins by adjudication}
Score of Magic vs SeeFutility: 533 - 459 - 548  [0.524] 1540
Started game 1553 of 10000 (Magic vs SeeFutility)
Finished game 1544 (SeeFutility vs Magic): 1/2-1/2 {Draw by 3-fold repetition}
Score of Magic vs SeeFutility: 533 - 459 - 549  [0.524] 1541
Started game 1554 of 10000 (SeeFutility vs Magic)
Finished game 1542 (SeeFutility vs Magic): 1/2-1/2 {Draw by 3-fold repetition}
Score of Magic vs SeeFutility: 533 - 459 - 550  [0.524] 1542
Started game 1555 of 10000 (Magic vs SeeFutility)
Finished game 1536 (SeeFutility vs Magic): 1/2-1/2 {Draw by fifty moves rule}
Score of Magic vs SeeFutility: 533 - 459 - 551  [0.524] 1543
Started game 1556 of 10000 (SeeFutility vs Magic)
Finished game 1547 (Magic vs SeeFutility): 1-0 {White wins by adjudication}
Score of Magic vs SeeFutility: 534 - 459 - 551  [0.524] 1544
Started game 1557 of 10000 (Magic vs SeeFutility)
Finished game 1543 (Magic vs SeeFutility): 1/2-1/2 {Draw by adjudication}
Score of Magic vs SeeFutility: 534 - 459 - 552  [0.524] 1545
Started game 1558 of 10000 (SeeFutility vs Magic)
Finished game 1545 (Magic vs SeeFutility): 0-1 {Black wins by adjudication}
Score of Magic vs SeeFutility: 534 - 460 - 552  [0.524] 1546
Started game 1559 of 10000 (Magic vs SeeFutility)
Finished game 1546 (SeeFutility vs Magic): 0-1 {Black wins by adjudication}
Score of Magic vs SeeFutility: 535 - 460 - 552  [0.524] 1547
Started game 1560 of 10000 (SeeFutility vs Magic)
Finished game 1548 (SeeFutility vs Magic): 1-0 {White wins by adjudication}
Score of Magic vs SeeFutility: 535 - 461 - 552  [0.524] 1548
Started game 1561 of 10000 (Magic vs SeeFutility)
Finished game 1551 (Magic vs SeeFutility): 1-0 {White wins by adjudication}
Score of Magic vs SeeFutility: 536 - 461 - 552  [0.524] 1549
Started game 1562 of 10000 (SeeFutility vs Magic)
Finished game 1552 (SeeFutility vs Magic): 1-0 {White wins by adjudication}
Score of Magic vs SeeFutility: 536 - 462 - 552  [0.524] 1550
Started game 1563 of 10000 (Magic vs SeeFutility)
Finished game 1554 (SeeFutility vs Magic): 1/2-1/2 {Draw by 3-fold repetition}
Score of Magic vs SeeFutility: 536 - 462 - 553  [0.524] 1551
Started game 1564 of 10000 (SeeFutility vs Magic)
Finished game 1553 (Magic vs SeeFutility): 1/2-1/2 {Draw by 3-fold repetition}
Score of Magic vs SeeFutility: 536 - 462 - 554  [0.524] 1552
Started game 1565 of 10000 (Magic vs SeeFutility)
Finished game 1556 (SeeFutility vs Magic): 1-0 {White wins by adjudication}
Score of Magic vs SeeFutility: 536 - 463 - 554  [0.524] 1553
Started game 1566 of 10000 (SeeFutility vs Magic)
Finished game 1550 (SeeFutility vs Magic): 1/2-1/2 {Draw by insufficient mating material}
Score of Magic vs SeeFutility: 536 - 463 - 555  [0.523] 1554
Started game 1567 of 10000 (Magic vs SeeFutility)
Finished game 1555 (Magic vs SeeFutility): 1-0 {White wins by adjudication}
Score of Magic vs SeeFutility: 537 - 463 - 555  [0.524] 1555
Started game 1568 of 10000 (SeeFutility vs Magic)
Finished game 1558 (SeeFutility vs Magic): 0-1 {Black wins by adjudication}
Score of Magic vs SeeFutility: 538 - 463 - 555  [0.524] 1556
Started game 1569 of 10000 (Magic vs SeeFutility)
Finished game 1557 (Magic vs SeeFutility): 1-0 {White wins by adjudication}
Score of Magic vs SeeFutility: 539 - 463 - 555  [0.524] 1557
Started game 1570 of 10000 (SeeFutility vs Magic)
Finished game 1562 (SeeFutility vs Magic): 1-0 {White wins by adjudication}
Score of Magic vs SeeFutility: 539 - 464 - 555  [0.524] 1558
Started game 1571 of 10000 (Magic vs SeeFutility)
Finished game 1549 (Magic vs SeeFutility): 0-1 {Black wins by adjudication}
Score of Magic vs SeeFutility: 539 - 465 - 555  [0.524] 1559
Started game 1572 of 10000 (SeeFutility vs Magic)
Finished game 1559 (Magic vs SeeFutility): 0-1 {Black wins by adjudication}
Score of Magic vs SeeFutility: 539 - 466 - 555  [0.523] 1560
Started game 1573 of 10000 (Magic vs SeeFutility)
Finished game 1567 (Magic vs SeeFutility): 1/2-1/2 {Draw by 3-fold repetition}
Score of Magic vs SeeFutility: 539 - 466 - 556  [0.523] 1561
Started game 1574 of 10000 (SeeFutility vs Magic)
Finished game 1561 (Magic vs SeeFutility): 1-0 {White wins by adjudication}
Score of Magic vs SeeFutility: 540 - 466 - 556  [0.524] 1562
Started game 1575 of 10000 (Magic vs SeeFutility)
Finished game 1565 (Magic vs SeeFutility): 1/2-1/2 {Draw by adjudication}
Score of Magic vs SeeFutility: 540 - 466 - 557  [0.524] 1563
Started game 1576 of 10000 (SeeFutility vs Magic)
Finished game 1563 (Magic vs SeeFutility): 1-0 {White mates}
Score of Magic vs SeeFutility: 541 - 466 - 557  [0.524] 1564
Started game 1577 of 10000 (Magic vs SeeFutility)
Finished game 1560 (SeeFutility vs Magic): 1/2-1/2 {Draw by insufficient mating material}
Score of Magic vs SeeFutility: 541 - 466 - 558  [0.524] 1565
Started game 1578 of 10000 (SeeFutility vs Magic)
Finished game 1572 (SeeFutility vs Magic): 1/2-1/2 {Draw by 3-fold repetition}
Score of Magic vs SeeFutility: 541 - 466 - 559  [0.524] 1566
Started game 1579 of 10000 (Magic vs SeeFutility)
Finished game 1566 (SeeFutility vs Magic): 1/2-1/2 {Draw by insufficient mating material}
Score of Magic vs SeeFutility: 541 - 466 - 560  [0.524] 1567
Started game 1580 of 10000 (SeeFutility vs Magic)
Finished game 1571 (Magic vs SeeFutility): 1-0 {White wins by adjudication}
Score of Magic vs SeeFutility: 542 - 466 - 560  [0.524] 1568
Started game 1581 of 10000 (Magic vs SeeFutility)
Finished game 1573 (Magic vs SeeFutility): 1/2-1/2 {Draw by 3-fold repetition}
Score of Magic vs SeeFutility: 542 - 466 - 561  [0.524] 1569
Started game 1582 of 10000 (SeeFutility vs Magic)
Finished game 1569 (Magic vs SeeFutility): 1-0 {White wins by adjudication}
Score of Magic vs SeeFutility: 543 - 466 - 561  [0.525] 1570
Started game 1583 of 10000 (Magic vs SeeFutility)
Finished game 1574 (SeeFutility vs Magic): 1/2-1/2 {Draw by 3-fold repetition}
Score of Magic vs SeeFutility: 543 - 466 - 562  [0.525] 1571
Started game 1584 of 10000 (SeeFutility vs Magic)
Finished game 1568 (SeeFutility vs Magic): 1/2-1/2 {Draw by fifty moves rule}
Score of Magic vs SeeFutility: 543 - 466 - 563  [0.524] 1572
Started game 1585 of 10000 (Magic vs SeeFutility)
Finished game 1575 (Magic vs SeeFutility): 1/2-1/2 {Draw by adjudication}
Score of Magic vs SeeFutility: 543 - 466 - 564  [0.524] 1573
Started game 1586 of 10000 (SeeFutility vs Magic)
Finished game 1564 (SeeFutility vs Magic): 1/2-1/2 {Draw by fifty moves rule}
Score of Magic vs SeeFutility: 543 - 466 - 565  [0.524] 1574
Started game 1587 of 10000 (Magic vs SeeFutility)
Finished game 1570 (SeeFutility vs Magic): 1-0 {White mates}
Score of Magic vs SeeFutility: 543 - 467 - 565  [0.524] 1575
Started game 1588 of 10000 (SeeFutility vs Magic)
Finished game 1576 (SeeFutility vs Magic): 1-0 {White wins by adjudication}
Score of Magic vs SeeFutility: 543 - 468 - 565  [0.524] 1576
Started game 1589 of 10000 (Magic vs SeeFutility)
Finished game 1577 (Magic vs SeeFutility): 0-1 {Black wins by adjudication}
Score of Magic vs SeeFutility: 543 - 469 - 565  [0.523] 1577
Started game 1590 of 10000 (SeeFutility vs Magic)
Finished game 1580 (SeeFutility vs Magic): 0-1 {Black wins by adjudication}
Score of Magic vs SeeFutility: 544 - 469 - 565  [0.524] 1578
Started game 1591 of 10000 (Magic vs SeeFutility)
Finished game 1581 (Magic vs SeeFutility): 1-0 {White wins by adjudication}
Score of Magic vs SeeFutility: 545 - 469 - 565  [0.524] 1579
Started game 1592 of 10000 (SeeFutility vs Magic)
Finished game 1584 (SeeFutility vs Magic): 1/2-1/2 {Draw by adjudication}
Score of Magic vs SeeFutility: 545 - 469 - 566  [0.524] 1580
Started game 1593 of 10000 (Magic vs SeeFutility)
Finished game 1578 (SeeFutility vs Magic): 0-1 {Black wins by adjudication}
Score of Magic vs SeeFutility: 546 - 469 - 566  [0.524] 1581
Started game 1594 of 10000 (SeeFutility vs Magic)
Finished game 1582 (SeeFutility vs Magic): 1-0 {White wins by adjudication}
Score of Magic vs SeeFutility: 546 - 470 - 566  [0.524] 1582
Started game 1595 of 10000 (Magic vs SeeFutility)
Finished game 1579 (Magic vs SeeFutility): 0-1 {Black wins by adjudication}
Score of Magic vs SeeFutility: 546 - 471 - 566  [0.524] 1583
Started game 1596 of 10000 (SeeFutility vs Magic)
Finished game 1587 (Magic vs SeeFutility): 1-0 {White wins by adjudication}
Score of Magic vs SeeFutility: 547 - 471 - 566  [0.524] 1584
Started game 1597 of 10000 (Magic vs SeeFutility)
Finished game 1583 (Magic vs SeeFutility): 1-0 {White wins by adjudication}
Score of Magic vs SeeFutility: 548 - 471 - 566  [0.524] 1585
Started game 1598 of 10000 (SeeFutility vs Magic)
Finished game 1585 (Magic vs SeeFutility): 1/2-1/2 {Draw by adjudication}
Score of Magic vs SeeFutility: 548 - 471 - 567  [0.524] 1586
Started game 1599 of 10000 (Magic vs SeeFutility)
Finished game 1586 (SeeFutility vs Magic): 1/2-1/2 {Draw by 3-fold repetition}
Score of Magic vs SeeFutility: 548 - 471 - 568  [0.524] 1587
Started game 1600 of 10000 (SeeFutility vs Magic)
Finished game 1588 (SeeFutility vs Magic): 0-1 {Black wins by adjudication}
Score of Magic vs SeeFutility: 549 - 471 - 568  [0.525] 1588
Started game 1601 of 10000 (Magic vs SeeFutility)
Finished game 1589 (Magic vs SeeFutility): 1-0 {White wins by adjudication}
Score of Magic vs SeeFutility: 550 - 471 - 568  [0.525] 1589
Started game 1602 of 10000 (SeeFutility vs Magic)
Finished game 1590 (SeeFutility vs Magic): 1/2-1/2 {Draw by 3-fold repetition}
Score of Magic vs SeeFutility: 550 - 471 - 569  [0.525] 1590
Started game 1603 of 10000 (Magic vs SeeFutility)
Finished game 1600 (SeeFutility vs Magic): 1/2-1/2 {Draw by 3-fold repetition}
Score of Magic vs SeeFutility: 550 - 471 - 570  [0.525] 1591
Started game 1604 of 10000 (SeeFutility vs Magic)
Finished game 1595 (Magic vs SeeFutility): 1-0 {White wins by adjudication}
Score of Magic vs SeeFutility: 551 - 471 - 570  [0.525] 1592
Started game 1605 of 10000 (Magic vs SeeFutility)
Finished game 1598 (SeeFutility vs Magic): 1-0 {White wins by adjudication}
Score of Magic vs SeeFutility: 551 - 472 - 570  [0.525] 1593
Started game 1606 of 10000 (SeeFutility vs Magic)
Finished game 1591 (Magic vs SeeFutility): 1/2-1/2 {Draw by adjudication}
Score of Magic vs SeeFutility: 551 - 472 - 571  [0.525] 1594
Started game 1607 of 10000 (Magic vs SeeFutility)
Finished game 1597 (Magic vs SeeFutility): 1-0 {White wins by adjudication}
Score of Magic vs SeeFutility: 552 - 472 - 571  [0.525] 1595
Started game 1608 of 10000 (SeeFutility vs Magic)
Finished game 1593 (Magic vs SeeFutility): 1-0 {White wins by adjudication}
Score of Magic vs SeeFutility: 553 - 472 - 571  [0.525] 1596
Started game 1609 of 10000 (Magic vs SeeFutility)
Finished game 1596 (SeeFutility vs Magic): 0-1 {Black wins by adjudication}
Score of Magic vs SeeFutility: 554 - 472 - 571  [0.526] 1597
Started game 1610 of 10000 (SeeFutility vs Magic)
Finished game 1594 (SeeFutility vs Magic): 1/2-1/2 {Draw by insufficient mating material}
Score of Magic vs SeeFutility: 554 - 472 - 572  [0.526] 1598
Started game 1611 of 10000 (Magic vs SeeFutility)
Finished game 1603 (Magic vs SeeFutility): 1-0 {White wins by adjudication}
Score of Magic vs SeeFutility: 555 - 472 - 572  [0.526] 1599
Started game 1612 of 10000 (SeeFutility vs Magic)
Finished game 1592 (SeeFutility vs Magic): 1/2-1/2 {Draw by fifty moves rule}
Score of Magic vs SeeFutility: 555 - 472 - 573  [0.526] 1600
Started game 1613 of 10000 (Magic vs SeeFutility)
Finished game 1602 (SeeFutility vs Magic): 1/2-1/2 {Draw by 3-fold repetition}
Score of Magic vs SeeFutility: 555 - 472 - 574  [0.526] 1601
Started game 1614 of 10000 (SeeFutility vs Magic)
Finished game 1601 (Magic vs SeeFutility): 0-1 {Black wins by adjudication}
Score of Magic vs SeeFutility: 555 - 473 - 574  [0.526] 1602
Started game 1615 of 10000 (Magic vs SeeFutility)
Finished game 1599 (Magic vs SeeFutility): 1-0 {White mates}
Score of Magic vs SeeFutility: 556 - 473 - 574  [0.526] 1603
Started game 1616 of 10000 (SeeFutility vs Magic)
Finished game 1607 (Magic vs SeeFutility): 1-0 {White wins by adjudication}
Score of Magic vs SeeFutility: 557 - 473 - 574  [0.526] 1604
Started game 1617 of 10000 (Magic vs SeeFutility)
Finished game 1604 (SeeFutility vs Magic): 1-0 {White wins by adjudication}
Score of Magic vs SeeFutility: 557 - 474 - 574  [0.526] 1605
Started game 1618 of 10000 (SeeFutility vs Magic)
Finished game 1611 (Magic vs SeeFutility): 1-0 {White wins by adjudication}
Score of Magic vs SeeFutility: 558 - 474 - 574  [0.526] 1606
Started game 1619 of 10000 (Magic vs SeeFutility)
Finished game 1610 (SeeFutility vs Magic): 0-1 {Black wins by adjudication}
Score of Magic vs SeeFutility: 559 - 474 - 574  [0.526] 1607
Started game 1620 of 10000 (SeeFutility vs Magic)
Finished game 1605 (Magic vs SeeFutility): 1-0 {White wins by adjudication}
Score of Magic vs SeeFutility: 560 - 474 - 574  [0.527] 1608
Started game 1621 of 10000 (Magic vs SeeFutility)
Finished game 1608 (SeeFutility vs Magic): 1-0 {White wins by adjudication}
Score of Magic vs SeeFutility: 560 - 475 - 574  [0.526] 1609
Started game 1622 of 10000 (SeeFutility vs Magic)
Finished game 1609 (Magic vs SeeFutility): 1-0 {White wins by adjudication}
Score of Magic vs SeeFutility: 561 - 475 - 574  [0.527] 1610
Started game 1623 of 10000 (Magic vs SeeFutility)
Finished game 1606 (SeeFutility vs Magic): 1/2-1/2 {Draw by adjudication}
Score of Magic vs SeeFutility: 561 - 475 - 575  [0.527] 1611
Started game 1624 of 10000 (SeeFutility vs Magic)
Finished game 1615 (Magic vs SeeFutility): 1/2-1/2 {Draw by 3-fold repetition}
Score of Magic vs SeeFutility: 561 - 475 - 576  [0.527] 1612
Started game 1625 of 10000 (Magic vs SeeFutility)
Finished game 1613 (Magic vs SeeFutility): 1/2-1/2 {Draw by adjudication}
Score of Magic vs SeeFutility: 561 - 475 - 577  [0.527] 1613
Started game 1626 of 10000 (SeeFutility vs Magic)
Finished game 1612 (SeeFutility vs Magic): 1-0 {White wins by adjudication}
Score of Magic vs SeeFutility: 561 - 476 - 577  [0.526] 1614
Started game 1627 of 10000 (Magic vs SeeFutility)
Finished game 1614 (SeeFutility vs Magic): 0-1 {Black wins by adjudication}
Score of Magic vs SeeFutility: 562 - 476 - 577  [0.527] 1615
Started game 1628 of 10000 (SeeFutility vs Magic)
Finished game 1617 (Magic vs SeeFutility): 1/2-1/2 {Draw by 3-fold repetition}
Score of Magic vs SeeFutility: 562 - 476 - 578  [0.527] 1616
Started game 1629 of 10000 (Magic vs SeeFutility)
Finished game 1618 (SeeFutility vs Magic): 1/2-1/2 {Draw by insufficient mating material}
Score of Magic vs SeeFutility: 562 - 476 - 579  [0.527] 1617
Started game 1630 of 10000 (SeeFutility vs Magic)
Finished game 1619 (Magic vs SeeFutility): 0-1 {Black wins by adjudication}
Score of Magic vs SeeFutility: 562 - 477 - 579  [0.526] 1618
Started game 1631 of 10000 (Magic vs SeeFutility)
Finished game 1622 (SeeFutility vs Magic): 1-0 {White wins by adjudication}
Score of Magic vs SeeFutility: 562 - 478 - 579  [0.526] 1619
Started game 1632 of 10000 (SeeFutility vs Magic)
Finished game 1623 (Magic vs SeeFutility): 0-1 {Black wins by adjudication}
Score of Magic vs SeeFutility: 562 - 479 - 579  [0.526] 1620
Started game 1633 of 10000 (Magic vs SeeFutility)
Finished game 1621 (Magic vs SeeFutility): 1-0 {White wins by adjudication}
Score of Magic vs SeeFutility: 563 - 479 - 579  [0.526] 1621
Started game 1634 of 10000 (SeeFutility vs Magic)
Finished game 1626 (SeeFutility vs Magic): 1-0 {White wins by adjudication}
Score of Magic vs SeeFutility: 563 - 480 - 579  [0.526] 1622
Started game 1635 of 10000 (Magic vs SeeFutility)
Finished game 1616 (SeeFutility vs Magic): 1-0 {White wins by adjudication}
Score of Magic vs SeeFutility: 563 - 481 - 579  [0.525] 1623
Started game 1636 of 10000 (SeeFutility vs Magic)
Finished game 1620 (SeeFutility vs Magic): 1/2-1/2 {Draw by 3-fold repetition}
Score of Magic vs SeeFutility: 563 - 481 - 580  [0.525] 1624
Started game 1637 of 10000 (Magic vs SeeFutility)
Finished game 1625 (Magic vs SeeFutility): 1-0 {White wins by adjudication}
Score of Magic vs SeeFutility: 564 - 481 - 580  [0.526] 1625
Started game 1638 of 10000 (SeeFutility vs Magic)
Finished game 1624 (SeeFutility vs Magic): 1/2-1/2 {Draw by insufficient mating material}
Score of Magic vs SeeFutility: 564 - 481 - 581  [0.526] 1626
Started game 1639 of 10000 (Magic vs SeeFutility)
Finished game 1627 (Magic vs SeeFutility): 0-1 {Black wins by adjudication}
Score of Magic vs SeeFutility: 564 - 482 - 581  [0.525] 1627
Started game 1640 of 10000 (SeeFutility vs Magic)
Finished game 1629 (Magic vs SeeFutility): 1/2-1/2 {Draw by 3-fold repetition}
Score of Magic vs SeeFutility: 564 - 482 - 582  [0.525] 1628
Started game 1641 of 10000 (Magic vs SeeFutility)
Finished game 1628 (SeeFutility vs Magic): 1/2-1/2 {Draw by 3-fold repetition}
Score of Magic vs SeeFutility: 564 - 482 - 583  [0.525] 1629
Started game 1642 of 10000 (SeeFutility vs Magic)
Finished game 1630 (SeeFutility vs Magic): 0-1 {Black wins by adjudication}
Score of Magic vs SeeFutility: 565 - 482 - 583  [0.525] 1630
Started game 1643 of 10000 (Magic vs SeeFutility)
Finished game 1637 (Magic vs SeeFutility): 1/2-1/2 {Draw by 3-fold repetition}
Score of Magic vs SeeFutility: 565 - 482 - 584  [0.525] 1631
Started game 1644 of 10000 (SeeFutility vs Magic)
Finished game 1633 (Magic vs SeeFutility): 0-1 {Black wins by adjudication}
Score of Magic vs SeeFutility: 565 - 483 - 584  [0.525] 1632
Started game 1645 of 10000 (Magic vs SeeFutility)
Finished game 1632 (SeeFutility vs Magic): 0-1 {Black wins by adjudication}
Score of Magic vs SeeFutility: 566 - 483 - 584  [0.525] 1633
Started game 1646 of 10000 (SeeFutility vs Magic)
Finished game 1636 (SeeFutility vs Magic): 1/2-1/2 {Draw by 3-fold repetition}
Score of Magic vs SeeFutility: 566 - 483 - 585  [0.525] 1634
Started game 1647 of 10000 (Magic vs SeeFutility)
Finished game 1631 (Magic vs SeeFutility): 1-0 {White wins by adjudication}
Score of Magic vs SeeFutility: 567 - 483 - 585  [0.526] 1635
Started game 1648 of 10000 (SeeFutility vs Magic)
Finished game 1634 (SeeFutility vs Magic): 1-0 {White mates}
Score of Magic vs SeeFutility: 567 - 484 - 585  [0.525] 1636
Started game 1649 of 10000 (Magic vs SeeFutility)
Finished game 1635 (Magic vs SeeFutility): 1-0 {White wins by adjudication}
Score of Magic vs SeeFutility: 568 - 484 - 585  [0.526] 1637
Started game 1650 of 10000 (SeeFutility vs Magic)
Finished game 1638 (SeeFutility vs Magic): 0-1 {Black wins by adjudication}
Score of Magic vs SeeFutility: 569 - 484 - 585  [0.526] 1638
Started game 1651 of 10000 (Magic vs SeeFutility)
Finished game 1639 (Magic vs SeeFutility): 1/2-1/2 {Draw by insufficient mating material}
Score of Magic vs SeeFutility: 569 - 484 - 586  [0.526] 1639
Started game 1652 of 10000 (SeeFutility vs Magic)
Finished game 1640 (SeeFutility vs Magic): 1/2-1/2 {Draw by insufficient mating material}
Score of Magic vs SeeFutility: 569 - 484 - 587  [0.526] 1640
Started game 1653 of 10000 (Magic vs SeeFutility)
Finished game 1641 (Magic vs SeeFutility): 1/2-1/2 {Draw by 3-fold repetition}
Score of Magic vs SeeFutility: 569 - 484 - 588  [0.526] 1641
Started game 1654 of 10000 (SeeFutility vs Magic)
Finished game 1643 (Magic vs SeeFutility): 1-0 {White wins by adjudication}
Score of Magic vs SeeFutility: 570 - 484 - 588  [0.526] 1642
Started game 1655 of 10000 (Magic vs SeeFutility)
Finished game 1642 (SeeFutility vs Magic): 1-0 {White wins by adjudication}
Score of Magic vs SeeFutility: 570 - 485 - 588  [0.526] 1643
Started game 1656 of 10000 (SeeFutility vs Magic)
Finished game 1644 (SeeFutility vs Magic): 1-0 {White wins by adjudication}
Score of Magic vs SeeFutility: 570 - 486 - 588  [0.526] 1644
Started game 1657 of 10000 (Magic vs SeeFutility)
Finished game 1646 (SeeFutility vs Magic): 1/2-1/2 {Draw by insufficient mating material}
Score of Magic vs SeeFutility: 570 - 486 - 589  [0.526] 1645
Started game 1658 of 10000 (SeeFutility vs Magic)
Finished game 1650 (SeeFutility vs Magic): 0-1 {Black wins by adjudication}
Score of Magic vs SeeFutility: 571 - 486 - 589  [0.526] 1646
Started game 1659 of 10000 (Magic vs SeeFutility)
Finished game 1645 (Magic vs SeeFutility): 0-1 {Black wins by adjudication}
Score of Magic vs SeeFutility: 571 - 487 - 589  [0.526] 1647
Started game 1660 of 10000 (SeeFutility vs Magic)
Finished game 1648 (SeeFutility vs Magic): 1/2-1/2 {Draw by 3-fold repetition}
Score of Magic vs SeeFutility: 571 - 487 - 590  [0.525] 1648
Started game 1661 of 10000 (Magic vs SeeFutility)
Finished game 1653 (Magic vs SeeFutility): 1/2-1/2 {Draw by insufficient mating material}
Score of Magic vs SeeFutility: 571 - 487 - 591  [0.525] 1649
Started game 1662 of 10000 (SeeFutility vs Magic)
Finished game 1651 (Magic vs SeeFutility): 0-1 {Black wins by adjudication}
Score of Magic vs SeeFutility: 571 - 488 - 591  [0.525] 1650
Started game 1663 of 10000 (Magic vs SeeFutility)
Finished game 1652 (SeeFutility vs Magic): 0-1 {Black wins by adjudication}
Score of Magic vs SeeFutility: 572 - 488 - 591  [0.525] 1651
Started game 1664 of 10000 (SeeFutility vs Magic)
Finished game 1657 (Magic vs SeeFutility): 1-0 {White wins by adjudication}
Score of Magic vs SeeFutility: 573 - 488 - 591  [0.526] 1652
Started game 1665 of 10000 (Magic vs SeeFutility)
Finished game 1647 (Magic vs SeeFutility): 1/2-1/2 {Draw by adjudication}
Score of Magic vs SeeFutility: 573 - 488 - 592  [0.526] 1653
Started game 1666 of 10000 (SeeFutility vs Magic)
Finished game 1654 (SeeFutility vs Magic): 0-1 {Black wins by adjudication}
Score of Magic vs SeeFutility: 574 - 488 - 592  [0.526] 1654
Started game 1667 of 10000 (Magic vs SeeFutility)
Finished game 1655 (Magic vs SeeFutility): 0-1 {Black wins by adjudication}
Score of Magic vs SeeFutility: 574 - 489 - 592  [0.526] 1655
Started game 1668 of 10000 (SeeFutility vs Magic)
Finished game 1649 (Magic vs SeeFutility): 1/2-1/2 {Draw by insufficient mating material}
Score of Magic vs SeeFutility: 574 - 489 - 593  [0.526] 1656
Started game 1669 of 10000 (Magic vs SeeFutility)
Finished game 1656 (SeeFutility vs Magic): 0-1 {Black wins by adjudication}
Score of Magic vs SeeFutility: 575 - 489 - 593  [0.526] 1657
Started game 1670 of 10000 (SeeFutility vs Magic)
Finished game 1658 (SeeFutility vs Magic): 0-1 {Black wins by adjudication}
Score of Magic vs SeeFutility: 576 - 489 - 593  [0.526] 1658
Started game 1671 of 10000 (Magic vs SeeFutility)
Finished game 1660 (SeeFutility vs Magic): 1-0 {White wins by adjudication}
Score of Magic vs SeeFutility: 576 - 490 - 593  [0.526] 1659
Started game 1672 of 10000 (SeeFutility vs Magic)
Finished game 1659 (Magic vs SeeFutility): 0-1 {Black wins by adjudication}
Score of Magic vs SeeFutility: 576 - 491 - 593  [0.526] 1660
Started game 1673 of 10000 (Magic vs SeeFutility)
Finished game 1661 (Magic vs SeeFutility): 1/2-1/2 {Draw by insufficient mating material}
Score of Magic vs SeeFutility: 576 - 491 - 594  [0.526] 1661
Started game 1674 of 10000 (SeeFutility vs Magic)
Finished game 1662 (SeeFutility vs Magic): 1-0 {White wins by adjudication}
Score of Magic vs SeeFutility: 576 - 492 - 594  [0.525] 1662
Started game 1675 of 10000 (Magic vs SeeFutility)
Finished game 1664 (SeeFutility vs Magic): 1/2-1/2 {Draw by insufficient mating material}
Score of Magic vs SeeFutility: 576 - 492 - 595  [0.525] 1663
Started game 1676 of 10000 (SeeFutility vs Magic)
Finished game 1667 (Magic vs SeeFutility): 1-0 {White wins by adjudication}
Score of Magic vs SeeFutility: 577 - 492 - 595  [0.526] 1664
Started game 1677 of 10000 (Magic vs SeeFutility)
Finished game 1670 (SeeFutility vs Magic): 1/2-1/2 {Draw by insufficient mating material}
Score of Magic vs SeeFutility: 577 - 492 - 596  [0.526] 1665
Started game 1678 of 10000 (SeeFutility vs Magic)
Finished game 1668 (SeeFutility vs Magic): 1/2-1/2 {Draw by 3-fold repetition}
Score of Magic vs SeeFutility: 577 - 492 - 597  [0.526] 1666
Started game 1679 of 10000 (Magic vs SeeFutility)
Finished game 1672 (SeeFutility vs Magic): 1/2-1/2 {Draw by 3-fold repetition}
Score of Magic vs SeeFutility: 577 - 492 - 598  [0.525] 1667
Started game 1680 of 10000 (SeeFutility vs Magic)
Finished game 1665 (Magic vs SeeFutility): 0-1 {Black wins by adjudication}
Score of Magic vs SeeFutility: 577 - 493 - 598  [0.525] 1668
Started game 1681 of 10000 (Magic vs SeeFutility)
Finished game 1673 (Magic vs SeeFutility): 1/2-1/2 {Draw by 3-fold repetition}
Score of Magic vs SeeFutility: 577 - 493 - 599  [0.525] 1669
Started game 1682 of 10000 (SeeFutility vs Magic)
Finished game 1675 (Magic vs SeeFutility): 1/2-1/2 {Draw by 3-fold repetition}
Score of Magic vs SeeFutility: 577 - 493 - 600  [0.525] 1670
Started game 1683 of 10000 (Magic vs SeeFutility)
Finished game 1671 (Magic vs SeeFutility): 1-0 {White mates}
Score of Magic vs SeeFutility: 578 - 493 - 600  [0.525] 1671
Started game 1684 of 10000 (SeeFutility vs Magic)
Finished game 1666 (SeeFutility vs Magic): 0-1 {Black wins by adjudication}
Score of Magic vs SeeFutility: 579 - 493 - 600  [0.526] 1672
Started game 1685 of 10000 (Magic vs SeeFutility)
Finished game 1663 (Magic vs SeeFutility): 0-1 {Black wins by adjudication}
Score of Magic vs SeeFutility: 579 - 494 - 600  [0.525] 1673
Started game 1686 of 10000 (SeeFutility vs Magic)
Finished game 1674 (SeeFutility vs Magic): 1/2-1/2 {Draw by 3-fold repetition}
Score of Magic vs SeeFutility: 579 - 494 - 601  [0.525] 1674
Started game 1687 of 10000 (Magic vs SeeFutility)
Finished game 1683 (Magic vs SeeFutility): 0-1 {Black mates}
Score of Magic vs SeeFutility: 579 - 495 - 601  [0.525] 1675
Started game 1688 of 10000 (SeeFutility vs Magic)
Finished game 1669 (Magic vs SeeFutility): 1/2-1/2 {Draw by fifty moves rule}
Score of Magic vs SeeFutility: 579 - 495 - 602  [0.525] 1676
Started game 1689 of 10000 (Magic vs SeeFutility)
Finished game 1676 (SeeFutility vs Magic): 1-0 {White wins by adjudication}
Score of Magic vs SeeFutility: 579 - 496 - 602  [0.525] 1677
Started game 1690 of 10000 (SeeFutility vs Magic)
Finished game 1679 (Magic vs SeeFutility): 1/2-1/2 {Draw by adjudication}
Score of Magic vs SeeFutility: 579 - 496 - 603  [0.525] 1678
Started game 1691 of 10000 (Magic vs SeeFutility)
Finished game 1677 (Magic vs SeeFutility): 1/2-1/2 {Draw by insufficient mating material}
Score of Magic vs SeeFutility: 579 - 496 - 604  [0.525] 1679
Started game 1692 of 10000 (SeeFutility vs Magic)
Finished game 1686 (SeeFutility vs Magic): 1/2-1/2 {Draw by 3-fold repetition}
Score of Magic vs SeeFutility: 579 - 496 - 605  [0.525] 1680
Started game 1693 of 10000 (Magic vs SeeFutility)
Finished game 1685 (Magic vs SeeFutility): 1/2-1/2 {Draw by 3-fold repetition}
Score of Magic vs SeeFutility: 579 - 496 - 606  [0.525] 1681
Started game 1694 of 10000 (SeeFutility vs Magic)
Finished game 1681 (Magic vs SeeFutility): 0-1 {Black wins by adjudication}
Score of Magic vs SeeFutility: 579 - 497 - 606  [0.524] 1682
Started game 1695 of 10000 (Magic vs SeeFutility)
Finished game 1684 (SeeFutility vs Magic): 0-1 {Black wins by adjudication}
Score of Magic vs SeeFutility: 580 - 497 - 606  [0.525] 1683
Started game 1696 of 10000 (SeeFutility vs Magic)
Finished game 1678 (SeeFutility vs Magic): 1-0 {White wins by adjudication}
Score of Magic vs SeeFutility: 580 - 498 - 606  [0.524] 1684
Started game 1697 of 10000 (Magic vs SeeFutility)
Finished game 1682 (SeeFutility vs Magic): 0-1 {Black wins by adjudication}
Score of Magic vs SeeFutility: 581 - 498 - 606  [0.525] 1685
Started game 1698 of 10000 (SeeFutility vs Magic)
Finished game 1687 (Magic vs SeeFutility): 0-1 {Black wins by adjudication}
Score of Magic vs SeeFutility: 581 - 499 - 606  [0.524] 1686
Started game 1699 of 10000 (Magic vs SeeFutility)
Finished game 1691 (Magic vs SeeFutility): 1/2-1/2 {Draw by 3-fold repetition}
Score of Magic vs SeeFutility: 581 - 499 - 607  [0.524] 1687
Started game 1700 of 10000 (SeeFutility vs Magic)
Finished game 1680 (SeeFutility vs Magic): 1/2-1/2 {Draw by adjudication}
Score of Magic vs SeeFutility: 581 - 499 - 608  [0.524] 1688
Started game 1701 of 10000 (Magic vs SeeFutility)
Finished game 1688 (SeeFutility vs Magic): 0-1 {Black wins by adjudication}
Score of Magic vs SeeFutility: 582 - 499 - 608  [0.525] 1689
Started game 1702 of 10000 (SeeFutility vs Magic)
Finished game 1689 (Magic vs SeeFutility): 1-0 {White wins by adjudication}
Score of Magic vs SeeFutility: 583 - 499 - 608  [0.525] 1690
Started game 1703 of 10000 (Magic vs SeeFutility)
Finished game 1690 (SeeFutility vs Magic): 1/2-1/2 {Draw by insufficient mating material}
Score of Magic vs SeeFutility: 583 - 499 - 609  [0.525] 1691
Started game 1704 of 10000 (SeeFutility vs Magic)
Finished game 1695 (Magic vs SeeFutility): 0-1 {Black wins by adjudication}
Score of Magic vs SeeFutility: 583 - 500 - 609  [0.525] 1692
Started game 1705 of 10000 (Magic vs SeeFutility)
Finished game 1694 (SeeFutility vs Magic): 0-1 {Black wins by adjudication}
Score of Magic vs SeeFutility: 584 - 500 - 609  [0.525] 1693
Started game 1706 of 10000 (SeeFutility vs Magic)
Finished game 1692 (SeeFutility vs Magic): 0-1 {Black wins by adjudication}
Score of Magic vs SeeFutility: 585 - 500 - 609  [0.525] 1694
Started game 1707 of 10000 (Magic vs SeeFutility)
Finished game 1698 (SeeFutility vs Magic): 0-1 {Black wins by adjudication}
Score of Magic vs SeeFutility: 586 - 500 - 609  [0.525] 1695
Started game 1708 of 10000 (SeeFutility vs Magic)
Finished game 1700 (SeeFutility vs Magic): 1-0 {White wins by adjudication}
Score of Magic vs SeeFutility: 586 - 501 - 609  [0.525] 1696
Started game 1709 of 10000 (Magic vs SeeFutility)
Finished game 1699 (Magic vs SeeFutility): 0-1 {Black wins by adjudication}
Score of Magic vs SeeFutility: 586 - 502 - 609  [0.525] 1697
Started game 1710 of 10000 (SeeFutility vs Magic)
Finished game 1696 (SeeFutility vs Magic): 1/2-1/2 {Draw by insufficient mating material}
Score of Magic vs SeeFutility: 586 - 502 - 610  [0.525] 1698
Started game 1711 of 10000 (Magic vs SeeFutility)
Finished game 1703 (Magic vs SeeFutility): 0-1 {Black wins by adjudication}
Score of Magic vs SeeFutility: 586 - 503 - 610  [0.524] 1699
Started game 1712 of 10000 (SeeFutility vs Magic)
Finished game 1702 (SeeFutility vs Magic): 1-0 {White wins by adjudication}
Score of Magic vs SeeFutility: 586 - 504 - 610  [0.524] 1700
Started game 1713 of 10000 (Magic vs SeeFutility)
Finished game 1704 (SeeFutility vs Magic): 1/2-1/2 {Draw by 3-fold repetition}
Score of Magic vs SeeFutility: 586 - 504 - 611  [0.524] 1701
Started game 1714 of 10000 (SeeFutility vs Magic)
Finished game 1701 (Magic vs SeeFutility): 1-0 {White wins by adjudication}
Score of Magic vs SeeFutility: 587 - 504 - 611  [0.524] 1702
Started game 1715 of 10000 (Magic vs SeeFutility)
Finished game 1693 (Magic vs SeeFutility): 0-1 {Black wins by adjudication}
Score of Magic vs SeeFutility: 587 - 505 - 611  [0.524] 1703
Started game 1716 of 10000 (SeeFutility vs Magic)
Finished game 1697 (Magic vs SeeFutility): 1/2-1/2 {Draw by insufficient mating material}
Score of Magic vs SeeFutility: 587 - 505 - 612  [0.524] 1704
Started game 1717 of 10000 (Magic vs SeeFutility)
Finished game 1707 (Magic vs SeeFutility): 0-1 {Black wins by adjudication}
Score of Magic vs SeeFutility: 587 - 506 - 612  [0.524] 1705
Started game 1718 of 10000 (SeeFutility vs Magic)
Finished game 1705 (Magic vs SeeFutility): 1-0 {White mates}
Score of Magic vs SeeFutility: 588 - 506 - 612  [0.524] 1706
Started game 1719 of 10000 (Magic vs SeeFutility)
Finished game 1706 (SeeFutility vs Magic): 0-1 {Black wins by adjudication}
Score of Magic vs SeeFutility: 589 - 506 - 612  [0.524] 1707
Started game 1720 of 10000 (SeeFutility vs Magic)
Finished game 1708 (SeeFutility vs Magic): 0-1 {Black wins by adjudication}
Score of Magic vs SeeFutility: 590 - 506 - 612  [0.525] 1708
Started game 1721 of 10000 (Magic vs SeeFutility)
Finished game 1709 (Magic vs SeeFutility): 1/2-1/2 {Draw by 3-fold repetition}
Score of Magic vs SeeFutility: 590 - 506 - 613  [0.525] 1709
Started game 1722 of 10000 (SeeFutility vs Magic)
Finished game 1718 (SeeFutility vs Magic): 1/2-1/2 {Draw by 3-fold repetition}
Score of Magic vs SeeFutility: 590 - 506 - 614  [0.525] 1710
Started game 1723 of 10000 (Magic vs SeeFutility)
Finished game 1716 (SeeFutility vs Magic): 1/2-1/2 {Draw by 3-fold repetition}
Score of Magic vs SeeFutility: 590 - 506 - 615  [0.525] 1711
Started game 1724 of 10000 (SeeFutility vs Magic)
Finished game 1710 (SeeFutility vs Magic): 0-1 {Black mates}
Score of Magic vs SeeFutility: 591 - 506 - 615  [0.525] 1712
Started game 1725 of 10000 (Magic vs SeeFutility)
Finished game 1711 (Magic vs SeeFutility): 1-0 {White wins by adjudication}
Score of Magic vs SeeFutility: 592 - 506 - 615  [0.525] 1713
Started game 1726 of 10000 (SeeFutility vs Magic)
Finished game 1719 (Magic vs SeeFutility): 1-0 {White wins by adjudication}
Score of Magic vs SeeFutility: 593 - 506 - 615  [0.525] 1714
Started game 1727 of 10000 (Magic vs SeeFutility)
Finished game 1713 (Magic vs SeeFutility): 0-1 {Black wins by adjudication}
Score of Magic vs SeeFutility: 593 - 507 - 615  [0.525] 1715
Started game 1728 of 10000 (SeeFutility vs Magic)
Finished game 1715 (Magic vs SeeFutility): 1/2-1/2 {Draw by adjudication}
Score of Magic vs SeeFutility: 593 - 507 - 616  [0.525] 1716
Started game 1729 of 10000 (Magic vs SeeFutility)
Finished game 1714 (SeeFutility vs Magic): 1-0 {White wins by adjudication}
Score of Magic vs SeeFutility: 593 - 508 - 616  [0.525] 1717
Started game 1730 of 10000 (SeeFutility vs Magic)
Finished game 1720 (SeeFutility vs Magic): 1-0 {White wins by adjudication}
Score of Magic vs SeeFutility: 593 - 509 - 616  [0.524] 1718
Started game 1731 of 10000 (Magic vs SeeFutility)
Finished game 1712 (SeeFutility vs Magic): 0-1 {Black wins by adjudication}
Score of Magic vs SeeFutility: 594 - 509 - 616  [0.525] 1719
Started game 1732 of 10000 (SeeFutility vs Magic)
Finished game 1717 (Magic vs SeeFutility): 1-0 {White wins by adjudication}
Score of Magic vs SeeFutility: 595 - 509 - 616  [0.525] 1720
Started game 1733 of 10000 (Magic vs SeeFutility)
Finished game 1723 (Magic vs SeeFutility): 0-1 {Black wins by adjudication}
Score of Magic vs SeeFutility: 595 - 510 - 616  [0.525] 1721
Started game 1734 of 10000 (SeeFutility vs Magic)
Finished game 1724 (SeeFutility vs Magic): 1/2-1/2 {Draw by insufficient mating material}
Score of Magic vs SeeFutility: 595 - 510 - 617  [0.525] 1722
Started game 1735 of 10000 (Magic vs SeeFutility)
Finished game 1722 (SeeFutility vs Magic): 1-0 {White wins by adjudication}
Score of Magic vs SeeFutility: 595 - 511 - 617  [0.524] 1723
Started game 1736 of 10000 (SeeFutility vs Magic)
Finished game 1725 (Magic vs SeeFutility): 1/2-1/2 {Draw by 3-fold repetition}
Score of Magic vs SeeFutility: 595 - 511 - 618  [0.524] 1724
Started game 1737 of 10000 (Magic vs SeeFutility)
Finished game 1728 (SeeFutility vs Magic): 1/2-1/2 {Draw by 3-fold repetition}
Score of Magic vs SeeFutility: 595 - 511 - 619  [0.524] 1725
Started game 1738 of 10000 (SeeFutility vs Magic)
Finished game 1721 (Magic vs SeeFutility): 1/2-1/2 {Draw by insufficient mating material}
Score of Magic vs SeeFutility: 595 - 511 - 620  [0.524] 1726
Started game 1739 of 10000 (Magic vs SeeFutility)
Finished game 1731 (Magic vs SeeFutility): 1/2-1/2 {Draw by adjudication}
Score of Magic vs SeeFutility: 595 - 511 - 621  [0.524] 1727
Started game 1740 of 10000 (SeeFutility vs Magic)
Finished game 1730 (SeeFutility vs Magic): 0-1 {Black wins by adjudication}
Score of Magic vs SeeFutility: 596 - 511 - 621  [0.525] 1728
Started game 1741 of 10000 (Magic vs SeeFutility)
Finished game 1729 (Magic vs SeeFutility): 1/2-1/2 {Draw by 3-fold repetition}
Score of Magic vs SeeFutility: 596 - 511 - 622  [0.525] 1729
Started game 1742 of 10000 (SeeFutility vs Magic)
Finished game 1726 (SeeFutility vs Magic): 1/2-1/2 {Draw by adjudication}
Score of Magic vs SeeFutility: 596 - 511 - 623  [0.525] 1730
Started game 1743 of 10000 (Magic vs SeeFutility)
Finished game 1732 (SeeFutility vs Magic): 1-0 {White wins by adjudication}
Score of Magic vs SeeFutility: 596 - 512 - 623  [0.524] 1731
Started game 1744 of 10000 (SeeFutility vs Magic)
Finished game 1727 (Magic vs SeeFutility): 1/2-1/2 {Draw by 3-fold repetition}
Score of Magic vs SeeFutility: 596 - 512 - 624  [0.524] 1732
Started game 1745 of 10000 (Magic vs SeeFutility)
Finished game 1735 (Magic vs SeeFutility): 1/2-1/2 {Draw by 3-fold repetition}
Score of Magic vs SeeFutility: 596 - 512 - 625  [0.524] 1733
Started game 1746 of 10000 (SeeFutility vs Magic)
Finished game 1734 (SeeFutility vs Magic): 1/2-1/2 {Draw by 3-fold repetition}
Score of Magic vs SeeFutility: 596 - 512 - 626  [0.524] 1734
Started game 1747 of 10000 (Magic vs SeeFutility)
Finished game 1737 (Magic vs SeeFutility): 0-1 {Black wins by adjudication}
Score of Magic vs SeeFutility: 596 - 513 - 626  [0.524] 1735
Started game 1748 of 10000 (SeeFutility vs Magic)
Finished game 1733 (Magic vs SeeFutility): 1/2-1/2 {Draw by insufficient mating material}
Score of Magic vs SeeFutility: 596 - 513 - 627  [0.524] 1736
Started game 1749 of 10000 (Magic vs SeeFutility)
Finished game 1736 (SeeFutility vs Magic): 1/2-1/2 {Draw by insufficient mating material}
Score of Magic vs SeeFutility: 596 - 513 - 628  [0.524] 1737
Started game 1750 of 10000 (SeeFutility vs Magic)
Finished game 1738 (SeeFutility vs Magic): 0-1 {Black wins by adjudication}
Score of Magic vs SeeFutility: 597 - 513 - 628  [0.524] 1738
Started game 1751 of 10000 (Magic vs SeeFutility)
Finished game 1739 (Magic vs SeeFutility): 1/2-1/2 {Draw by 3-fold repetition}
Score of Magic vs SeeFutility: 597 - 513 - 629  [0.524] 1739
Started game 1752 of 10000 (SeeFutility vs Magic)
Finished game 1742 (SeeFutility vs Magic): 1-0 {White wins by adjudication}
Score of Magic vs SeeFutility: 597 - 514 - 629  [0.524] 1740
Started game 1753 of 10000 (Magic vs SeeFutility)
Finished game 1740 (SeeFutility vs Magic): 1-0 {White wins by adjudication}
Score of Magic vs SeeFutility: 597 - 515 - 629  [0.524] 1741
Started game 1754 of 10000 (SeeFutility vs Magic)
Finished game 1741 (Magic vs SeeFutility): 1/2-1/2 {Draw by fifty moves rule}
Score of Magic vs SeeFutility: 597 - 515 - 630  [0.524] 1742
Started game 1755 of 10000 (Magic vs SeeFutility)
Finished game 1745 (Magic vs SeeFutility): 1-0 {White wins by adjudication}
Score of Magic vs SeeFutility: 598 - 515 - 630  [0.524] 1743
Started game 1756 of 10000 (SeeFutility vs Magic)
Finished game 1743 (Magic vs SeeFutility): 0-1 {Black wins by adjudication}
Score of Magic vs SeeFutility: 598 - 516 - 630  [0.524] 1744
Started game 1757 of 10000 (Magic vs SeeFutility)
Finished game 1744 (SeeFutility vs Magic): 0-1 {Black wins by adjudication}
Score of Magic vs SeeFutility: 599 - 516 - 630  [0.524] 1745
Started game 1758 of 10000 (SeeFutility vs Magic)
Finished game 1749 (Magic vs SeeFutility): 1/2-1/2 {Draw by 3-fold repetition}
Score of Magic vs SeeFutility: 599 - 516 - 631  [0.524] 1746
Started game 1759 of 10000 (Magic vs SeeFutility)
Finished game 1750 (SeeFutility vs Magic): 1-0 {White wins by adjudication}
Score of Magic vs SeeFutility: 599 - 517 - 631  [0.523] 1747
Started game 1760 of 10000 (SeeFutility vs Magic)
Finished game 1746 (SeeFutility vs Magic): 0-1 {Black wins by adjudication}
Score of Magic vs SeeFutility: 600 - 517 - 631  [0.524] 1748
Started game 1761 of 10000 (Magic vs SeeFutility)
Finished game 1748 (SeeFutility vs Magic): 0-1 {Black wins by adjudication}
Score of Magic vs SeeFutility: 601 - 517 - 631  [0.524] 1749
Started game 1762 of 10000 (SeeFutility vs Magic)
Finished game 1751 (Magic vs SeeFutility): 1-0 {White wins by adjudication}
Score of Magic vs SeeFutility: 602 - 517 - 631  [0.524] 1750
Started game 1763 of 10000 (Magic vs SeeFutility)
Finished game 1754 (SeeFutility vs Magic): 1-0 {White wins by adjudication}
Score of Magic vs SeeFutility: 602 - 518 - 631  [0.524] 1751
Started game 1764 of 10000 (SeeFutility vs Magic)
Finished game 1747 (Magic vs SeeFutility): 0-1 {Black wins by adjudication}
Score of Magic vs SeeFutility: 602 - 519 - 631  [0.524] 1752
Started game 1765 of 10000 (Magic vs SeeFutility)
Finished game 1755 (Magic vs SeeFutility): 1-0 {White wins by adjudication}
Score of Magic vs SeeFutility: 603 - 519 - 631  [0.524] 1753
Started game 1766 of 10000 (SeeFutility vs Magic)
Finished game 1758 (SeeFutility vs Magic): 0-1 {Black wins by adjudication}
Score of Magic vs SeeFutility: 604 - 519 - 631  [0.524] 1754
Started game 1767 of 10000 (Magic vs SeeFutility)
Finished game 1756 (SeeFutility vs Magic): 1-0 {White wins by adjudication}
Score of Magic vs SeeFutility: 604 - 520 - 631  [0.524] 1755
Started game 1768 of 10000 (SeeFutility vs Magic)
Finished game 1759 (Magic vs SeeFutility): 1-0 {White wins by adjudication}
Score of Magic vs SeeFutility: 605 - 520 - 631  [0.524] 1756
Started game 1769 of 10000 (Magic vs SeeFutility)
Finished game 1757 (Magic vs SeeFutility): 0-1 {Black mates}
Score of Magic vs SeeFutility: 605 - 521 - 631  [0.524] 1757
Started game 1770 of 10000 (SeeFutility vs Magic)
Finished game 1762 (SeeFutility vs Magic): 0-1 {Black wins by adjudication}
Score of Magic vs SeeFutility: 606 - 521 - 631  [0.524] 1758
Started game 1771 of 10000 (Magic vs SeeFutility)
Finished game 1753 (Magic vs SeeFutility): 1-0 {White mates}
Score of Magic vs SeeFutility: 607 - 521 - 631  [0.524] 1759
Started game 1772 of 10000 (SeeFutility vs Magic)
Finished game 1760 (SeeFutility vs Magic): 1-0 {White wins by adjudication}
Score of Magic vs SeeFutility: 607 - 522 - 631  [0.524] 1760
Started game 1773 of 10000 (Magic vs SeeFutility)
Finished game 1770 (SeeFutility vs Magic): 1/2-1/2 {Draw by 3-fold repetition}
Score of Magic vs SeeFutility: 607 - 522 - 632  [0.524] 1761
Started game 1774 of 10000 (SeeFutility vs Magic)
Finished game 1752 (SeeFutility vs Magic): 1/2-1/2 {Draw by insufficient mating material}
Score of Magic vs SeeFutility: 607 - 522 - 633  [0.524] 1762
Started game 1775 of 10000 (Magic vs SeeFutility)
Finished game 1766 (SeeFutility vs Magic): 0-1 {Black wins by adjudication}
Score of Magic vs SeeFutility: 608 - 522 - 633  [0.524] 1763
Started game 1776 of 10000 (SeeFutility vs Magic)
Finished game 1764 (SeeFutility vs Magic): 1-0 {White wins by adjudication}
Score of Magic vs SeeFutility: 608 - 523 - 633  [0.524] 1764
Started game 1777 of 10000 (Magic vs SeeFutility)
Finished game 1761 (Magic vs SeeFutility): 0-1 {Black wins by adjudication}
Score of Magic vs SeeFutility: 608 - 524 - 633  [0.524] 1765
Started game 1778 of 10000 (SeeFutility vs Magic)
Finished game 1765 (Magic vs SeeFutility): 0-1 {Black wins by adjudication}
Score of Magic vs SeeFutility: 608 - 525 - 633  [0.523] 1766
Started game 1779 of 10000 (Magic vs SeeFutility)
Finished game 1769 (Magic vs SeeFutility): 1-0 {White wins by adjudication}
Score of Magic vs SeeFutility: 609 - 525 - 633  [0.524] 1767
Started game 1780 of 10000 (SeeFutility vs Magic)
Finished game 1767 (Magic vs SeeFutility): 1-0 {White wins by adjudication}
Score of Magic vs SeeFutility: 610 - 525 - 633  [0.524] 1768
Started game 1781 of 10000 (Magic vs SeeFutility)
Finished game 1763 (Magic vs SeeFutility): 1/2-1/2 {Draw by adjudication}
Score of Magic vs SeeFutility: 610 - 525 - 634  [0.524] 1769
Started game 1782 of 10000 (SeeFutility vs Magic)
Finished game 1772 (SeeFutility vs Magic): 1/2-1/2 {Draw by 3-fold repetition}
Score of Magic vs SeeFutility: 610 - 525 - 635  [0.524] 1770
Started game 1783 of 10000 (Magic vs SeeFutility)
Finished game 1776 (SeeFutility vs Magic): 1-0 {White wins by adjudication}
Score of Magic vs SeeFutility: 610 - 526 - 635  [0.524] 1771
Started game 1784 of 10000 (SeeFutility vs Magic)
Finished game 1768 (SeeFutility vs Magic): 1-0 {White wins by adjudication}
Score of Magic vs SeeFutility: 610 - 527 - 635  [0.523] 1772
Started game 1785 of 10000 (Magic vs SeeFutility)
Finished game 1771 (Magic vs SeeFutility): 1/2-1/2 {Draw by insufficient mating material}
Score of Magic vs SeeFutility: 610 - 527 - 636  [0.523] 1773
Started game 1786 of 10000 (SeeFutility vs Magic)
Finished game 1773 (Magic vs SeeFutility): 0-1 {Black wins by adjudication}
Score of Magic vs SeeFutility: 610 - 528 - 636  [0.523] 1774
Started game 1787 of 10000 (Magic vs SeeFutility)
Finished game 1774 (SeeFutility vs Magic): 1-0 {White wins by adjudication}
Score of Magic vs SeeFutility: 610 - 529 - 636  [0.523] 1775
Started game 1788 of 10000 (SeeFutility vs Magic)
Finished game 1778 (SeeFutility vs Magic): 1-0 {White wins by adjudication}
Score of Magic vs SeeFutility: 610 - 530 - 636  [0.523] 1776
Started game 1789 of 10000 (Magic vs SeeFutility)
Finished game 1775 (Magic vs SeeFutility): 1-0 {White wins by adjudication}
Score of Magic vs SeeFutility: 611 - 530 - 636  [0.523] 1777
Started game 1790 of 10000 (SeeFutility vs Magic)
Finished game 1777 (Magic vs SeeFutility): 1-0 {White wins by adjudication}
Score of Magic vs SeeFutility: 612 - 530 - 636  [0.523] 1778
Started game 1791 of 10000 (Magic vs SeeFutility)
Finished game 1782 (SeeFutility vs Magic): 1/2-1/2 {Draw by adjudication}
Score of Magic vs SeeFutility: 612 - 530 - 637  [0.523] 1779
Started game 1792 of 10000 (SeeFutility vs Magic)
Finished game 1779 (Magic vs SeeFutility): 0-1 {Black wins by adjudication}
Score of Magic vs SeeFutility: 612 - 531 - 637  [0.523] 1780
Started game 1793 of 10000 (Magic vs SeeFutility)
Finished game 1780 (SeeFutility vs Magic): 1/2-1/2 {Draw by insufficient mating material}
Score of Magic vs SeeFutility: 612 - 531 - 638  [0.523] 1781
Started game 1794 of 10000 (SeeFutility vs Magic)
Finished game 1781 (Magic vs SeeFutility): 1-0 {White wins by adjudication}
Score of Magic vs SeeFutility: 613 - 531 - 638  [0.523] 1782
Started game 1795 of 10000 (Magic vs SeeFutility)
Finished game 1783 (Magic vs SeeFutility): 0-1 {Black wins by adjudication}
Score of Magic vs SeeFutility: 613 - 532 - 638  [0.523] 1783
Started game 1796 of 10000 (SeeFutility vs Magic)
Finished game 1788 (SeeFutility vs Magic): 1/2-1/2 {Draw by 3-fold repetition}
Score of Magic vs SeeFutility: 613 - 532 - 639  [0.523] 1784
Started game 1797 of 10000 (Magic vs SeeFutility)
Finished game 1784 (SeeFutility vs Magic): 1-0 {White wins by adjudication}
Score of Magic vs SeeFutility: 613 - 533 - 639  [0.522] 1785
Started game 1798 of 10000 (SeeFutility vs Magic)
Finished game 1785 (Magic vs SeeFutility): 0-1 {Black wins by adjudication}
Score of Magic vs SeeFutility: 613 - 534 - 639  [0.522] 1786
Started game 1799 of 10000 (Magic vs SeeFutility)
Finished game 1786 (SeeFutility vs Magic): 0-1 {Black wins by adjudication}
Score of Magic vs SeeFutility: 614 - 534 - 639  [0.522] 1787
Started game 1800 of 10000 (SeeFutility vs Magic)
Finished game 1787 (Magic vs SeeFutility): 0-1 {Black wins by adjudication}
Score of Magic vs SeeFutility: 614 - 535 - 639  [0.522] 1788
Started game 1801 of 10000 (Magic vs SeeFutility)
Finished game 1792 (SeeFutility vs Magic): 1/2-1/2 {Draw by adjudication}
Score of Magic vs SeeFutility: 614 - 535 - 640  [0.522] 1789
Started game 1802 of 10000 (SeeFutility vs Magic)
Finished game 1789 (Magic vs SeeFutility): 0-1 {Black wins by adjudication}
Score of Magic vs SeeFutility: 614 - 536 - 640  [0.522] 1790
Started game 1803 of 10000 (Magic vs SeeFutility)
Finished game 1794 (SeeFutility vs Magic): 1-0 {White wins by adjudication}
Score of Magic vs SeeFutility: 614 - 537 - 640  [0.521] 1791
Started game 1804 of 10000 (SeeFutility vs Magic)
Finished game 1793 (Magic vs SeeFutility): 1-0 {White wins by adjudication}
Score of Magic vs SeeFutility: 615 - 537 - 640  [0.522] 1792
Started game 1805 of 10000 (Magic vs SeeFutility)
Finished game 1796 (SeeFutility vs Magic): 0-1 {Black wins by adjudication}
Score of Magic vs SeeFutility: 616 - 537 - 640  [0.522] 1793
Started game 1806 of 10000 (SeeFutility vs Magic)
Finished game 1799 (Magic vs SeeFutility): 1/2-1/2 {Draw by 3-fold repetition}
Score of Magic vs SeeFutility: 616 - 537 - 641  [0.522] 1794
Started game 1807 of 10000 (Magic vs SeeFutility)
Finished game 1795 (Magic vs SeeFutility): 1/2-1/2 {Draw by adjudication}
Score of Magic vs SeeFutility: 616 - 537 - 642  [0.522] 1795
Started game 1808 of 10000 (SeeFutility vs Magic)
Finished game 1791 (Magic vs SeeFutility): 1-0 {White wins by adjudication}
Score of Magic vs SeeFutility: 617 - 537 - 642  [0.522] 1796
Started game 1809 of 10000 (Magic vs SeeFutility)
Finished game 1800 (SeeFutility vs Magic): 1/2-1/2 {Draw by adjudication}
Score of Magic vs SeeFutility: 617 - 537 - 643  [0.522] 1797
Started game 1810 of 10000 (SeeFutility vs Magic)
Finished game 1790 (SeeFutility vs Magic): 1/2-1/2 {Draw by fifty moves rule}
Score of Magic vs SeeFutility: 617 - 537 - 644  [0.522] 1798
Started game 1811 of 10000 (Magic vs SeeFutility)
Finished game 1797 (Magic vs SeeFutility): 1/2-1/2 {Draw by insufficient mating material}
Score of Magic vs SeeFutility: 617 - 537 - 645  [0.522] 1799
Started game 1812 of 10000 (SeeFutility vs Magic)
Finished game 1802 (SeeFutility vs Magic): 0-1 {Black wins by adjudication}
Score of Magic vs SeeFutility: 618 - 537 - 645  [0.522] 1800
Started game 1813 of 10000 (Magic vs SeeFutility)
Finished game 1803 (Magic vs SeeFutility): 1/2-1/2 {Draw by 3-fold repetition}
Score of Magic vs SeeFutility: 618 - 537 - 646  [0.522] 1801
Started game 1814 of 10000 (SeeFutility vs Magic)
Finished game 1806 (SeeFutility vs Magic): 1/2-1/2 {Draw by 3-fold repetition}
Score of Magic vs SeeFutility: 618 - 537 - 647  [0.522] 1802
Started game 1815 of 10000 (Magic vs SeeFutility)
Finished game 1798 (SeeFutility vs Magic): 1/2-1/2 {Draw by fifty moves rule}
Score of Magic vs SeeFutility: 618 - 537 - 648  [0.522] 1803
Started game 1816 of 10000 (SeeFutility vs Magic)
Finished game 1801 (Magic vs SeeFutility): 1-0 {White mates}
Score of Magic vs SeeFutility: 619 - 537 - 648  [0.523] 1804
Started game 1817 of 10000 (Magic vs SeeFutility)
Finished game 1812 (SeeFutility vs Magic): 1/2-1/2 {Draw by 3-fold repetition}
Score of Magic vs SeeFutility: 619 - 537 - 649  [0.523] 1805
Started game 1818 of 10000 (SeeFutility vs Magic)
Finished game 1808 (SeeFutility vs Magic): 0-1 {Black wins by adjudication}
Score of Magic vs SeeFutility: 620 - 537 - 649  [0.523] 1806
Started game 1819 of 10000 (Magic vs SeeFutility)
Finished game 1807 (Magic vs SeeFutility): 0-1 {Black wins by adjudication}
Score of Magic vs SeeFutility: 620 - 538 - 649  [0.523] 1807
Started game 1820 of 10000 (SeeFutility vs Magic)
Finished game 1805 (Magic vs SeeFutility): 0-1 {Black wins by adjudication}
Score of Magic vs SeeFutility: 620 - 539 - 649  [0.522] 1808
Started game 1821 of 10000 (Magic vs SeeFutility)
Finished game 1804 (SeeFutility vs Magic): 0-1 {Black wins by adjudication}
Score of Magic vs SeeFutility: 621 - 539 - 649  [0.523] 1809
Started game 1822 of 10000 (SeeFutility vs Magic)
Finished game 1815 (Magic vs SeeFutility): 1/2-1/2 {Draw by 3-fold repetition}
Score of Magic vs SeeFutility: 621 - 539 - 650  [0.523] 1810
Started game 1823 of 10000 (Magic vs SeeFutility)
Finished game 1810 (SeeFutility vs Magic): 1-0 {White wins by adjudication}
Score of Magic vs SeeFutility: 621 - 540 - 650  [0.522] 1811
Started game 1824 of 10000 (SeeFutility vs Magic)
Finished game 1813 (Magic vs SeeFutility): 1-0 {White wins by adjudication}
Score of Magic vs SeeFutility: 622 - 540 - 650  [0.523] 1812
Started game 1825 of 10000 (Magic vs SeeFutility)
Finished game 1818 (SeeFutility vs Magic): 1-0 {White wins by adjudication}
Score of Magic vs SeeFutility: 622 - 541 - 650  [0.522] 1813
Started game 1826 of 10000 (SeeFutility vs Magic)
Finished game 1811 (Magic vs SeeFutility): 1-0 {White wins by adjudication}
Score of Magic vs SeeFutility: 623 - 541 - 650  [0.523] 1814
Started game 1827 of 10000 (Magic vs SeeFutility)
Finished game 1814 (SeeFutility vs Magic): 1-0 {White wins by adjudication}
Score of Magic vs SeeFutility: 623 - 542 - 650  [0.522] 1815
Started game 1828 of 10000 (SeeFutility vs Magic)
Finished game 1817 (Magic vs SeeFutility): 1-0 {White wins by adjudication}
Score of Magic vs SeeFutility: 624 - 542 - 650  [0.523] 1816
Started game 1829 of 10000 (Magic vs SeeFutility)
Finished game 1816 (SeeFutility vs Magic): 1/2-1/2 {Draw by insufficient mating material}
Score of Magic vs SeeFutility: 624 - 542 - 651  [0.523] 1817
Started game 1830 of 10000 (SeeFutility vs Magic)
Finished game 1809 (Magic vs SeeFutility): 1/2-1/2 {Draw by fifty moves rule}
Score of Magic vs SeeFutility: 624 - 542 - 652  [0.523] 1818
Started game 1831 of 10000 (Magic vs SeeFutility)
Finished game 1821 (Magic vs SeeFutility): 1-0 {White wins by adjudication}
Score of Magic vs SeeFutility: 625 - 542 - 652  [0.523] 1819
Started game 1832 of 10000 (SeeFutility vs Magic)
Finished game 1819 (Magic vs SeeFutility): 1/2-1/2 {Draw by insufficient mating material}
Score of Magic vs SeeFutility: 625 - 542 - 653  [0.523] 1820
Started game 1833 of 10000 (Magic vs SeeFutility)
Finished game 1820 (SeeFutility vs Magic): 1/2-1/2 {Draw by insufficient mating material}
Score of Magic vs SeeFutility: 625 - 542 - 654  [0.523] 1821
Started game 1834 of 10000 (SeeFutility vs Magic)
Finished game 1823 (Magic vs SeeFutility): 1-0 {White wins by adjudication}
Score of Magic vs SeeFutility: 626 - 542 - 654  [0.523] 1822
Started game 1835 of 10000 (Magic vs SeeFutility)
Finished game 1822 (SeeFutility vs Magic): 0-1 {Black wins by adjudication}
Score of Magic vs SeeFutility: 627 - 542 - 654  [0.523] 1823
Started game 1836 of 10000 (SeeFutility vs Magic)
Finished game 1826 (SeeFutility vs Magic): 0-1 {Black wins by adjudication}
Score of Magic vs SeeFutility: 628 - 542 - 654  [0.524] 1824
Started game 1837 of 10000 (Magic vs SeeFutility)
Finished game 1824 (SeeFutility vs Magic): 0-1 {Black wins by adjudication}
Score of Magic vs SeeFutility: 629 - 542 - 654  [0.524] 1825
Started game 1838 of 10000 (SeeFutility vs Magic)
Finished game 1825 (Magic vs SeeFutility): 1-0 {White wins by adjudication}
Score of Magic vs SeeFutility: 630 - 542 - 654  [0.524] 1826
Started game 1839 of 10000 (Magic vs SeeFutility)
Finished game 1827 (Magic vs SeeFutility): 1-0 {White wins by adjudication}
Score of Magic vs SeeFutility: 631 - 542 - 654  [0.524] 1827
Started game 1840 of 10000 (SeeFutility vs Magic)
Finished game 1829 (Magic vs SeeFutility): 1-0 {White wins by adjudication}
Score of Magic vs SeeFutility: 632 - 542 - 654  [0.525] 1828
Started game 1841 of 10000 (Magic vs SeeFutility)
Finished game 1832 (SeeFutility vs Magic): 1/2-1/2 {Draw by adjudication}
Score of Magic vs SeeFutility: 632 - 542 - 655  [0.525] 1829
Started game 1842 of 10000 (SeeFutility vs Magic)
Finished game 1830 (SeeFutility vs Magic): 1/2-1/2 {Draw by 3-fold repetition}
Score of Magic vs SeeFutility: 632 - 542 - 656  [0.525] 1830
Started game 1843 of 10000 (Magic vs SeeFutility)
Finished game 1834 (SeeFutility vs Magic): 1-0 {White wins by adjudication}
Score of Magic vs SeeFutility: 632 - 543 - 656  [0.524] 1831
Started game 1844 of 10000 (SeeFutility vs Magic)
Finished game 1833 (Magic vs SeeFutility): 1-0 {White wins by adjudication}
Score of Magic vs SeeFutility: 633 - 543 - 656  [0.525] 1832
Started game 1845 of 10000 (Magic vs SeeFutility)
Finished game 1828 (SeeFutility vs Magic): 1-0 {White wins by adjudication}
Score of Magic vs SeeFutility: 633 - 544 - 656  [0.524] 1833
Started game 1846 of 10000 (SeeFutility vs Magic)
Finished game 1835 (Magic vs SeeFutility): 1-0 {White wins by adjudication}
Score of Magic vs SeeFutility: 634 - 544 - 656  [0.525] 1834
Started game 1847 of 10000 (Magic vs SeeFutility)
Finished game 1836 (SeeFutility vs Magic): 1/2-1/2 {Draw by adjudication}
Score of Magic vs SeeFutility: 634 - 544 - 657  [0.525] 1835
Started game 1848 of 10000 (SeeFutility vs Magic)
Finished game 1839 (Magic vs SeeFutility): 0-1 {Black wins by adjudication}
Score of Magic vs SeeFutility: 634 - 545 - 657  [0.524] 1836
Started game 1849 of 10000 (Magic vs SeeFutility)
Finished game 1840 (SeeFutility vs Magic): 1-0 {White wins by adjudication}
Score of Magic vs SeeFutility: 634 - 546 - 657  [0.524] 1837
Started game 1850 of 10000 (SeeFutility vs Magic)
Finished game 1841 (Magic vs SeeFutility): 1-0 {White wins by adjudication}
Score of Magic vs SeeFutility: 635 - 546 - 657  [0.524] 1838
Started game 1851 of 10000 (Magic vs SeeFutility)
Finished game 1831 (Magic vs SeeFutility): 1-0 {White wins by adjudication}
Score of Magic vs SeeFutility: 636 - 546 - 657  [0.524] 1839
Started game 1852 of 10000 (SeeFutility vs Magic)
Finished game 1838 (SeeFutility vs Magic): 1-0 {White wins by adjudication}
Score of Magic vs SeeFutility: 636 - 547 - 657  [0.524] 1840
Started game 1853 of 10000 (Magic vs SeeFutility)
Finished game 1837 (Magic vs SeeFutility): 1/2-1/2 {Draw by fifty moves rule}
Score of Magic vs SeeFutility: 636 - 547 - 658  [0.524] 1841
Started game 1854 of 10000 (SeeFutility vs Magic)
Finished game 1848 (SeeFutility vs Magic): 1-0 {White wins by adjudication}
Score of Magic vs SeeFutility: 636 - 548 - 658  [0.524] 1842
Started game 1855 of 10000 (Magic vs SeeFutility)
Finished game 1846 (SeeFutility vs Magic): 1/2-1/2 {Draw by adjudication}
Score of Magic vs SeeFutility: 636 - 548 - 659  [0.524] 1843
Started game 1856 of 10000 (SeeFutility vs Magic)
Finished game 1843 (Magic vs SeeFutility): 1/2-1/2 {Draw by adjudication}
Score of Magic vs SeeFutility: 636 - 548 - 660  [0.524] 1844
Started game 1857 of 10000 (Magic vs SeeFutility)
Finished game 1845 (Magic vs SeeFutility): 1/2-1/2 {Draw by adjudication}
Score of Magic vs SeeFutility: 636 - 548 - 661  [0.524] 1845
Started game 1858 of 10000 (SeeFutility vs Magic)
Finished game 1850 (SeeFutility vs Magic): 1-0 {White wins by adjudication}
Score of Magic vs SeeFutility: 636 - 549 - 661  [0.524] 1846
Started game 1859 of 10000 (Magic vs SeeFutility)
Finished game 1844 (SeeFutility vs Magic): 1/2-1/2 {Draw by adjudication}
Score of Magic vs SeeFutility: 636 - 549 - 662  [0.524] 1847
Started game 1860 of 10000 (SeeFutility vs Magic)
Finished game 1847 (Magic vs SeeFutility): 0-1 {Black wins by adjudication}
Score of Magic vs SeeFutility: 636 - 550 - 662  [0.523] 1848
Started game 1861 of 10000 (Magic vs SeeFutility)
Finished game 1853 (Magic vs SeeFutility): 0-1 {Black wins by adjudication}
Score of Magic vs SeeFutility: 636 - 551 - 662  [0.523] 1849
Started game 1862 of 10000 (SeeFutility vs Magic)
Finished game 1854 (SeeFutility vs Magic): 0-1 {Black wins by adjudication}
Score of Magic vs SeeFutility: 637 - 551 - 662  [0.523] 1850
Started game 1863 of 10000 (Magic vs SeeFutility)
Finished game 1858 (SeeFutility vs Magic): 0-1 {Black wins by adjudication}
Score of Magic vs SeeFutility: 638 - 551 - 662  [0.524] 1851
Started game 1864 of 10000 (SeeFutility vs Magic)
Finished game 1842 (SeeFutility vs Magic): 1/2-1/2 {Draw by fifty moves rule}
Score of Magic vs SeeFutility: 638 - 551 - 663  [0.523] 1852
Started game 1865 of 10000 (Magic vs SeeFutility)
Finished game 1851 (Magic vs SeeFutility): 1/2-1/2 {Draw by 3-fold repetition}
Score of Magic vs SeeFutility: 638 - 551 - 664  [0.523] 1853
Started game 1866 of 10000 (SeeFutility vs Magic)
Finished game 1855 (Magic vs SeeFutility): 1-0 {White wins by adjudication}
Score of Magic vs SeeFutility: 639 - 551 - 664  [0.524] 1854
Started game 1867 of 10000 (Magic vs SeeFutility)
Finished game 1849 (Magic vs SeeFutility): 1/2-1/2 {Draw by fifty moves rule}
Score of Magic vs SeeFutility: 639 - 551 - 665  [0.524] 1855
Started game 1868 of 10000 (SeeFutility vs Magic)
Finished game 1856 (SeeFutility vs Magic): 1-0 {White wins by adjudication}
Score of Magic vs SeeFutility: 639 - 552 - 665  [0.523] 1856
Started game 1869 of 10000 (Magic vs SeeFutility)
Finished game 1852 (SeeFutility vs Magic): 1/2-1/2 {Draw by 3-fold repetition}
Score of Magic vs SeeFutility: 639 - 552 - 666  [0.523] 1857
Started game 1870 of 10000 (SeeFutility vs Magic)
Finished game 1859 (Magic vs SeeFutility): 1/2-1/2 {Draw by 3-fold repetition}
Score of Magic vs SeeFutility: 639 - 552 - 667  [0.523] 1858
Started game 1871 of 10000 (Magic vs SeeFutility)
Finished game 1860 (SeeFutility vs Magic): 0-1 {Black wins by adjudication}
Score of Magic vs SeeFutility: 640 - 552 - 667  [0.524] 1859
Started game 1872 of 10000 (SeeFutility vs Magic)
Finished game 1857 (Magic vs SeeFutility): 0-1 {Black wins by adjudication}
Score of Magic vs SeeFutility: 640 - 553 - 667  [0.523] 1860
Started game 1873 of 10000 (Magic vs SeeFutility)
Finished game 1861 (Magic vs SeeFutility): 0-1 {Black wins by adjudication}
Score of Magic vs SeeFutility: 640 - 554 - 667  [0.523] 1861
Started game 1874 of 10000 (SeeFutility vs Magic)
Finished game 1866 (SeeFutility vs Magic): 1/2-1/2 {Draw by 3-fold repetition}
Score of Magic vs SeeFutility: 640 - 554 - 668  [0.523] 1862
Started game 1875 of 10000 (Magic vs SeeFutility)
Finished game 1863 (Magic vs SeeFutility): 1-0 {White wins by adjudication}
Score of Magic vs SeeFutility: 641 - 554 - 668  [0.523] 1863
Started game 1876 of 10000 (SeeFutility vs Magic)
Finished game 1868 (SeeFutility vs Magic): 1-0 {White wins by adjudication}
Score of Magic vs SeeFutility: 641 - 555 - 668  [0.523] 1864
Started game 1877 of 10000 (Magic vs SeeFutility)
Finished game 1864 (SeeFutility vs Magic): 1-0 {White wins by adjudication}
Score of Magic vs SeeFutility: 641 - 556 - 668  [0.523] 1865
Started game 1878 of 10000 (SeeFutility vs Magic)
Finished game 1865 (Magic vs SeeFutility): 1-0 {White wins by adjudication}
Score of Magic vs SeeFutility: 642 - 556 - 668  [0.523] 1866
Started game 1879 of 10000 (Magic vs SeeFutility)
Finished game 1867 (Magic vs SeeFutility): 1-0 {White wins by adjudication}
Score of Magic vs SeeFutility: 643 - 556 - 668  [0.523] 1867
Started game 1880 of 10000 (SeeFutility vs Magic)
Finished game 1871 (Magic vs SeeFutility): 1/2-1/2 {Draw by 3-fold repetition}
Score of Magic vs SeeFutility: 643 - 556 - 669  [0.523] 1868
Started game 1881 of 10000 (Magic vs SeeFutility)
Finished game 1862 (SeeFutility vs Magic): 1/2-1/2 {Draw by fifty moves rule}
Score of Magic vs SeeFutility: 643 - 556 - 670  [0.523] 1869
Started game 1882 of 10000 (SeeFutility vs Magic)
Finished game 1870 (SeeFutility vs Magic): 0-1 {Black wins by adjudication}
Score of Magic vs SeeFutility: 644 - 556 - 670  [0.524] 1870
Started game 1883 of 10000 (Magic vs SeeFutility)
Finished game 1873 (Magic vs SeeFutility): 0-1 {Black wins by adjudication}
Score of Magic vs SeeFutility: 644 - 557 - 670  [0.523] 1871
Started game 1884 of 10000 (SeeFutility vs Magic)
Finished game 1869 (Magic vs SeeFutility): 1-0 {White wins by adjudication}
Score of Magic vs SeeFutility: 645 - 557 - 670  [0.524] 1872
Started game 1885 of 10000 (Magic vs SeeFutility)
Finished game 1874 (SeeFutility vs Magic): 1/2-1/2 {Draw by adjudication}
Score of Magic vs SeeFutility: 645 - 557 - 671  [0.523] 1873
Started game 1886 of 10000 (SeeFutility vs Magic)
Finished game 1876 (SeeFutility vs Magic): 1-0 {White wins by adjudication}
Score of Magic vs SeeFutility: 645 - 558 - 671  [0.523] 1874
Started game 1887 of 10000 (Magic vs SeeFutility)
Finished game 1875 (Magic vs SeeFutility): 1-0 {White wins by adjudication}
Score of Magic vs SeeFutility: 646 - 558 - 671  [0.523] 1875
Started game 1888 of 10000 (SeeFutility vs Magic)
Finished game 1872 (SeeFutility vs Magic): 1-0 {White wins by adjudication}
Score of Magic vs SeeFutility: 646 - 559 - 671  [0.523] 1876
Started game 1889 of 10000 (Magic vs SeeFutility)
Finished game 1877 (Magic vs SeeFutility): 1-0 {White wins by adjudication}
Score of Magic vs SeeFutility: 647 - 559 - 671  [0.523] 1877
Started game 1890 of 10000 (SeeFutility vs Magic)
Finished game 1880 (SeeFutility vs Magic): 1/2-1/2 {Draw by insufficient mating material}
Score of Magic vs SeeFutility: 647 - 559 - 672  [0.523] 1878
Started game 1891 of 10000 (Magic vs SeeFutility)
Finished game 1882 (SeeFutility vs Magic): 1/2-1/2 {Draw by 3-fold repetition}
Score of Magic vs SeeFutility: 647 - 559 - 673  [0.523] 1879
Started game 1892 of 10000 (SeeFutility vs Magic)
Finished game 1878 (SeeFutility vs Magic): 1-0 {White wins by adjudication}
Score of Magic vs SeeFutility: 647 - 560 - 673  [0.523] 1880
Started game 1893 of 10000 (Magic vs SeeFutility)
Finished game 1884 (SeeFutility vs Magic): 0-1 {Black wins by adjudication}
Score of Magic vs SeeFutility: 648 - 560 - 673  [0.523] 1881
Started game 1894 of 10000 (SeeFutility vs Magic)
Finished game 1879 (Magic vs SeeFutility): 0-1 {Black wins by adjudication}
Score of Magic vs SeeFutility: 648 - 561 - 673  [0.523] 1882
Started game 1895 of 10000 (Magic vs SeeFutility)
Finished game 1886 (SeeFutility vs Magic): 1/2-1/2 {Draw by insufficient mating material}
Score of Magic vs SeeFutility: 648 - 561 - 674  [0.523] 1883
Started game 1896 of 10000 (SeeFutility vs Magic)
Finished game 1883 (Magic vs SeeFutility): 1/2-1/2 {Draw by 3-fold repetition}
Score of Magic vs SeeFutility: 648 - 561 - 675  [0.523] 1884
Started game 1897 of 10000 (Magic vs SeeFutility)
Finished game 1881 (Magic vs SeeFutility): 0-1 {Black wins by adjudication}
Score of Magic vs SeeFutility: 648 - 562 - 675  [0.523] 1885
Started game 1898 of 10000 (SeeFutility vs Magic)
Finished game 1885 (Magic vs SeeFutility): 0-1 {Black wins by adjudication}
Score of Magic vs SeeFutility: 648 - 563 - 675  [0.523] 1886
Started game 1899 of 10000 (Magic vs SeeFutility)
Finished game 1891 (Magic vs SeeFutility): 0-1 {Black wins by adjudication}
Score of Magic vs SeeFutility: 648 - 564 - 675  [0.522] 1887
Started game 1900 of 10000 (SeeFutility vs Magic)
Finished game 1888 (SeeFutility vs Magic): 1/2-1/2 {Draw by 3-fold repetition}
Score of Magic vs SeeFutility: 648 - 564 - 676  [0.522] 1888
Started game 1901 of 10000 (Magic vs SeeFutility)
Finished game 1887 (Magic vs SeeFutility): 0-1 {Black mates}
Score of Magic vs SeeFutility: 648 - 565 - 676  [0.522] 1889
Started game 1902 of 10000 (SeeFutility vs Magic)
Finished game 1895 (Magic vs SeeFutility): 1-0 {White wins by adjudication}
Score of Magic vs SeeFutility: 649 - 565 - 676  [0.522] 1890
Started game 1903 of 10000 (Magic vs SeeFutility)
Finished game 1892 (SeeFutility vs Magic): 1/2-1/2 {Draw by 3-fold repetition}
Score of Magic vs SeeFutility: 649 - 565 - 677  [0.522] 1891
Started game 1904 of 10000 (SeeFutility vs Magic)
Finished game 1890 (SeeFutility vs Magic): 0-1 {Black wins by adjudication}
Score of Magic vs SeeFutility: 650 - 565 - 677  [0.522] 1892
Started game 1905 of 10000 (Magic vs SeeFutility)
Finished game 1889 (Magic vs SeeFutility): 1/2-1/2 {Draw by adjudication}
Score of Magic vs SeeFutility: 650 - 565 - 678  [0.522] 1893
Started game 1906 of 10000 (SeeFutility vs Magic)
Finished game 1898 (SeeFutility vs Magic): 1-0 {White wins by adjudication}
Score of Magic vs SeeFutility: 650 - 566 - 678  [0.522] 1894
Started game 1907 of 10000 (Magic vs SeeFutility)
Finished game 1896 (SeeFutility vs Magic): 0-1 {Black wins by adjudication}
Score of Magic vs SeeFutility: 651 - 566 - 678  [0.522] 1895
Started game 1908 of 10000 (SeeFutility vs Magic)
Finished game 1893 (Magic vs SeeFutility): 1-0 {White wins by adjudication}
Score of Magic vs SeeFutility: 652 - 566 - 678  [0.523] 1896
Started game 1909 of 10000 (Magic vs SeeFutility)
Finished game 1897 (Magic vs SeeFutility): 0-1 {Black wins by adjudication}
Score of Magic vs SeeFutility: 652 - 567 - 678  [0.522] 1897
Started game 1910 of 10000 (SeeFutility vs Magic)
Finished game 1894 (SeeFutility vs Magic): 1/2-1/2 {Draw by insufficient mating material}
Score of Magic vs SeeFutility: 652 - 567 - 679  [0.522] 1898
Started game 1911 of 10000 (Magic vs SeeFutility)
Finished game 1899 (Magic vs SeeFutility): 1-0 {White wins by adjudication}
Score of Magic vs SeeFutility: 653 - 567 - 679  [0.523] 1899
Started game 1912 of 10000 (SeeFutility vs Magic)
Finished game 1901 (Magic vs SeeFutility): 0-1 {Black wins by adjudication}
Score of Magic vs SeeFutility: 653 - 568 - 679  [0.522] 1900
Started game 1913 of 10000 (Magic vs SeeFutility)
Finished game 1900 (SeeFutility vs Magic): 1-0 {White wins by adjudication}
Score of Magic vs SeeFutility: 653 - 569 - 679  [0.522] 1901
Started game 1914 of 10000 (SeeFutility vs Magic)
Finished game 1903 (Magic vs SeeFutility): 1-0 {White wins by adjudication}
Score of Magic vs SeeFutility: 654 - 569 - 679  [0.522] 1902
Started game 1915 of 10000 (Magic vs SeeFutility)
Finished game 1905 (Magic vs SeeFutility): 1-0 {White wins by adjudication}
Score of Magic vs SeeFutility: 655 - 569 - 679  [0.523] 1903
Started game 1916 of 10000 (SeeFutility vs Magic)
Finished game 1904 (SeeFutility vs Magic): 0-1 {Black wins by adjudication}
Score of Magic vs SeeFutility: 656 - 569 - 679  [0.523] 1904
Started game 1917 of 10000 (Magic vs SeeFutility)
Finished game 1906 (SeeFutility vs Magic): 0-1 {Black wins by adjudication}
Score of Magic vs SeeFutility: 657 - 569 - 679  [0.523] 1905
Started game 1918 of 10000 (SeeFutility vs Magic)
Finished game 1902 (SeeFutility vs Magic): 0-1 {Black mates}
Score of Magic vs SeeFutility: 658 - 569 - 679  [0.523] 1906
Started game 1919 of 10000 (Magic vs SeeFutility)
Finished game 1914 (SeeFutility vs Magic): 1/2-1/2 {Draw by 3-fold repetition}
Score of Magic vs SeeFutility: 658 - 569 - 680  [0.523] 1907
Started game 1920 of 10000 (SeeFutility vs Magic)
Finished game 1907 (Magic vs SeeFutility): 1-0 {White wins by adjudication}
Score of Magic vs SeeFutility: 659 - 569 - 680  [0.524] 1908
Started game 1921 of 10000 (Magic vs SeeFutility)
Finished game 1910 (SeeFutility vs Magic): 1-0 {White wins by adjudication}
Score of Magic vs SeeFutility: 659 - 570 - 680  [0.523] 1909
Started game 1922 of 10000 (SeeFutility vs Magic)
Finished game 1909 (Magic vs SeeFutility): 1-0 {White wins by adjudication}
Score of Magic vs SeeFutility: 660 - 570 - 680  [0.524] 1910
Started game 1923 of 10000 (Magic vs SeeFutility)
Finished game 1912 (SeeFutility vs Magic): 1-0 {White wins by adjudication}
Score of Magic vs SeeFutility: 660 - 571 - 680  [0.523] 1911
Started game 1924 of 10000 (SeeFutility vs Magic)
Finished game 1908 (SeeFutility vs Magic): 0-1 {Black wins by adjudication}
Score of Magic vs SeeFutility: 661 - 571 - 680  [0.524] 1912
Started game 1925 of 10000 (Magic vs SeeFutility)
Finished game 1911 (Magic vs SeeFutility): 1/2-1/2 {Draw by insufficient mating material}
Score of Magic vs SeeFutility: 661 - 571 - 681  [0.524] 1913
Started game 1926 of 10000 (SeeFutility vs Magic)
Finished game 1917 (Magic vs SeeFutility): 1-0 {White wins by adjudication}
Score of Magic vs SeeFutility: 662 - 571 - 681  [0.524] 1914
Started game 1927 of 10000 (Magic vs SeeFutility)
Finished game 1916 (SeeFutility vs Magic): 0-1 {Black wins by adjudication}
Score of Magic vs SeeFutility: 663 - 571 - 681  [0.524] 1915
Started game 1928 of 10000 (SeeFutility vs Magic)
Finished game 1918 (SeeFutility vs Magic): 1/2-1/2 {Draw by 3-fold repetition}
Score of Magic vs SeeFutility: 663 - 571 - 682  [0.524] 1916
Started game 1929 of 10000 (Magic vs SeeFutility)
Finished game 1913 (Magic vs SeeFutility): 1/2-1/2 {Draw by insufficient mating material}
Score of Magic vs SeeFutility: 663 - 571 - 683  [0.524] 1917
Started game 1930 of 10000 (SeeFutility vs Magic)
Finished game 1915 (Magic vs SeeFutility): 1-0 {White wins by adjudication}
Score of Magic vs SeeFutility: 664 - 571 - 683  [0.524] 1918
Started game 1931 of 10000 (Magic vs SeeFutility)
Finished game 1919 (Magic vs SeeFutility): 0-1 {Black wins by adjudication}
Score of Magic vs SeeFutility: 664 - 572 - 683  [0.524] 1919
Started game 1932 of 10000 (SeeFutility vs Magic)
Finished game 1920 (SeeFutility vs Magic): 1-0 {White wins by adjudication}
Score of Magic vs SeeFutility: 664 - 573 - 683  [0.524] 1920
Started game 1933 of 10000 (Magic vs SeeFutility)
Finished game 1922 (SeeFutility vs Magic): 1/2-1/2 {Draw by insufficient mating material}
Score of Magic vs SeeFutility: 664 - 573 - 684  [0.524] 1921
Started game 1934 of 10000 (SeeFutility vs Magic)
Finished game 1929 (Magic vs SeeFutility): 1/2-1/2 {Draw by 3-fold repetition}
Score of Magic vs SeeFutility: 664 - 573 - 685  [0.524] 1922
Started game 1935 of 10000 (Magic vs SeeFutility)
Finished game 1924 (SeeFutility vs Magic): 1/2-1/2 {Draw by 3-fold repetition}
Score of Magic vs SeeFutility: 664 - 573 - 686  [0.524] 1923
Started game 1936 of 10000 (SeeFutility vs Magic)
Finished game 1925 (Magic vs SeeFutility): 1-0 {White wins by adjudication}
Score of Magic vs SeeFutility: 665 - 573 - 686  [0.524] 1924
Started game 1937 of 10000 (Magic vs SeeFutility)
Finished game 1927 (Magic vs SeeFutility): 1/2-1/2 {Draw by 3-fold repetition}
Score of Magic vs SeeFutility: 665 - 573 - 687  [0.524] 1925
Started game 1938 of 10000 (SeeFutility vs Magic)
Finished game 1923 (Magic vs SeeFutility): 1/2-1/2 {Draw by 3-fold repetition}
Score of Magic vs SeeFutility: 665 - 573 - 688  [0.524] 1926
Started game 1939 of 10000 (Magic vs SeeFutility)
Finished game 1921 (Magic vs SeeFutility): 1/2-1/2 {Draw by insufficient mating material}
Score of Magic vs SeeFutility: 665 - 573 - 689  [0.524] 1927
Started game 1940 of 10000 (SeeFutility vs Magic)
Finished game 1930 (SeeFutility vs Magic): 1-0 {White wins by adjudication}
Score of Magic vs SeeFutility: 665 - 574 - 689  [0.524] 1928
Started game 1941 of 10000 (Magic vs SeeFutility)
Finished game 1931 (Magic vs SeeFutility): 1/2-1/2 {Draw by 3-fold repetition}
Score of Magic vs SeeFutility: 665 - 574 - 690  [0.524] 1929
Started game 1942 of 10000 (SeeFutility vs Magic)
Finished game 1926 (SeeFutility vs Magic): 1/2-1/2 {Draw by fifty moves rule}
Score of Magic vs SeeFutility: 665 - 574 - 691  [0.524] 1930
Started game 1943 of 10000 (Magic vs SeeFutility)
Finished game 1932 (SeeFutility vs Magic): 0-1 {Black wins by adjudication}
Score of Magic vs SeeFutility: 666 - 574 - 691  [0.524] 1931
Started game 1944 of 10000 (SeeFutility vs Magic)
Finished game 1933 (Magic vs SeeFutility): 1-0 {White wins by adjudication}
Score of Magic vs SeeFutility: 667 - 574 - 691  [0.524] 1932
Started game 1945 of 10000 (Magic vs SeeFutility)
Finished game 1935 (Magic vs SeeFutility): 1-0 {White wins by adjudication}
Score of Magic vs SeeFutility: 668 - 574 - 691  [0.524] 1933
Started game 1946 of 10000 (SeeFutility vs Magic)
Finished game 1928 (SeeFutility vs Magic): 1/2-1/2 {Draw by fifty moves rule}
Score of Magic vs SeeFutility: 668 - 574 - 692  [0.524] 1934
Started game 1947 of 10000 (Magic vs SeeFutility)
Finished game 1938 (SeeFutility vs Magic): 0-1 {Black wins by adjudication}
Score of Magic vs SeeFutility: 669 - 574 - 692  [0.525] 1935
Started game 1948 of 10000 (SeeFutility vs Magic)
Finished game 1937 (Magic vs SeeFutility): 0-1 {Black wins by adjudication}
Score of Magic vs SeeFutility: 669 - 575 - 692  [0.524] 1936
Started game 1949 of 10000 (Magic vs SeeFutility)
Finished game 1939 (Magic vs SeeFutility): 0-1 {Black wins by adjudication}
Score of Magic vs SeeFutility: 669 - 576 - 692  [0.524] 1937
Started game 1950 of 10000 (SeeFutility vs Magic)
Finished game 1936 (SeeFutility vs Magic): 1-0 {White wins by adjudication}
Score of Magic vs SeeFutility: 669 - 577 - 692  [0.524] 1938
Started game 1951 of 10000 (Magic vs SeeFutility)
Finished game 1940 (SeeFutility vs Magic): 1/2-1/2 {Draw by insufficient mating material}
Score of Magic vs SeeFutility: 669 - 577 - 693  [0.524] 1939
Started game 1952 of 10000 (SeeFutility vs Magic)
Finished game 1942 (SeeFutility vs Magic): 1-0 {White wins by adjudication}
Score of Magic vs SeeFutility: 669 - 578 - 693  [0.523] 1940
Started game 1953 of 10000 (Magic vs SeeFutility)
Finished game 1934 (SeeFutility vs Magic): 1/2-1/2 {Draw by 3-fold repetition}
Score of Magic vs SeeFutility: 669 - 578 - 694  [0.523] 1941
Started game 1954 of 10000 (SeeFutility vs Magic)
Finished game 1941 (Magic vs SeeFutility): 1-0 {White wins by adjudication}
Score of Magic vs SeeFutility: 670 - 578 - 694  [0.524] 1942
Started game 1955 of 10000 (Magic vs SeeFutility)
Finished game 1945 (Magic vs SeeFutility): 1/2-1/2 {Draw by 3-fold repetition}
Score of Magic vs SeeFutility: 670 - 578 - 695  [0.524] 1943
Started game 1956 of 10000 (SeeFutility vs Magic)
Finished game 1946 (SeeFutility vs Magic): 1-0 {White wins by adjudication}
Score of Magic vs SeeFutility: 670 - 579 - 695  [0.523] 1944
Started game 1957 of 10000 (Magic vs SeeFutility)
Finished game 1943 (Magic vs SeeFutility): 1-0 {White wins by adjudication}
Score of Magic vs SeeFutility: 671 - 579 - 695  [0.524] 1945
Started game 1958 of 10000 (SeeFutility vs Magic)
Finished game 1947 (Magic vs SeeFutility): 1-0 {White wins by adjudication}
Score of Magic vs SeeFutility: 672 - 579 - 695  [0.524] 1946
Started game 1959 of 10000 (Magic vs SeeFutility)
Finished game 1948 (SeeFutility vs Magic): 0-1 {Black wins by adjudication}
Score of Magic vs SeeFutility: 673 - 579 - 695  [0.524] 1947
Started game 1960 of 10000 (SeeFutility vs Magic)
Finished game 1949 (Magic vs SeeFutility): 1/2-1/2 {Draw by adjudication}
Score of Magic vs SeeFutility: 673 - 579 - 696  [0.524] 1948
Started game 1961 of 10000 (Magic vs SeeFutility)
Finished game 1956 (SeeFutility vs Magic): 1/2-1/2 {Draw by 3-fold repetition}
Score of Magic vs SeeFutility: 673 - 579 - 697  [0.524] 1949
Started game 1962 of 10000 (SeeFutility vs Magic)
Finished game 1952 (SeeFutility vs Magic): 0-1 {Black wins by adjudication}
Score of Magic vs SeeFutility: 674 - 579 - 697  [0.524] 1950
Started game 1963 of 10000 (Magic vs SeeFutility)
Finished game 1944 (SeeFutility vs Magic): 1/2-1/2 {Draw by insufficient mating material}
Score of Magic vs SeeFutility: 674 - 579 - 698  [0.524] 1951
Started game 1964 of 10000 (SeeFutility vs Magic)
Finished game 1958 (SeeFutility vs Magic): 0-1 {Black wins by adjudication}
Score of Magic vs SeeFutility: 675 - 579 - 698  [0.525] 1952
Started game 1965 of 10000 (Magic vs SeeFutility)
Finished game 1953 (Magic vs SeeFutility): 1/2-1/2 {Draw by 3-fold repetition}
Score of Magic vs SeeFutility: 675 - 579 - 699  [0.525] 1953
Started game 1966 of 10000 (SeeFutility vs Magic)
Finished game 1955 (Magic vs SeeFutility): 0-1 {Black wins by adjudication}
Score of Magic vs SeeFutility: 675 - 580 - 699  [0.524] 1954
Started game 1967 of 10000 (Magic vs SeeFutility)
Finished game 1954 (SeeFutility vs Magic): 1-0 {White wins by adjudication}
Score of Magic vs SeeFutility: 675 - 581 - 699  [0.524] 1955
Started game 1968 of 10000 (SeeFutility vs Magic)
Finished game 1950 (SeeFutility vs Magic): 1/2-1/2 {Draw by fifty moves rule}
Score of Magic vs SeeFutility: 675 - 581 - 700  [0.524] 1956
Started game 1969 of 10000 (Magic vs SeeFutility)
Finished game 1951 (Magic vs SeeFutility): 0-1 {Black wins by adjudication}
Score of Magic vs SeeFutility: 675 - 582 - 700  [0.524] 1957
Started game 1970 of 10000 (SeeFutility vs Magic)
Finished game 1960 (SeeFutility vs Magic): 0-1 {Black wins by adjudication}
Score of Magic vs SeeFutility: 676 - 582 - 700  [0.524] 1958
Started game 1971 of 10000 (Magic vs SeeFutility)
Finished game 1957 (Magic vs SeeFutility): 1-0 {White wins by adjudication}
Score of Magic vs SeeFutility: 677 - 582 - 700  [0.524] 1959
Started game 1972 of 10000 (SeeFutility vs Magic)
Finished game 1964 (SeeFutility vs Magic): 1/2-1/2 {Draw by 3-fold repetition}
Score of Magic vs SeeFutility: 677 - 582 - 701  [0.524] 1960
Started game 1973 of 10000 (Magic vs SeeFutility)
Finished game 1961 (Magic vs SeeFutility): 1-0 {White wins by adjudication}
Score of Magic vs SeeFutility: 678 - 582 - 701  [0.524] 1961
Started game 1974 of 10000 (SeeFutility vs Magic)
Finished game 1959 (Magic vs SeeFutility): 1/2-1/2 {Draw by 3-fold repetition}
Score of Magic vs SeeFutility: 678 - 582 - 702  [0.524] 1962
Started game 1975 of 10000 (Magic vs SeeFutility)
Finished game 1962 (SeeFutility vs Magic): 0-1 {Black wins by adjudication}
Score of Magic vs SeeFutility: 679 - 582 - 702  [0.525] 1963
Started game 1976 of 10000 (SeeFutility vs Magic)
Finished game 1965 (Magic vs SeeFutility): 1-0 {White wins by adjudication}
Score of Magic vs SeeFutility: 680 - 582 - 702  [0.525] 1964
Started game 1977 of 10000 (Magic vs SeeFutility)
Finished game 1968 (SeeFutility vs Magic): 1-0 {White wins by adjudication}
Score of Magic vs SeeFutility: 680 - 583 - 702  [0.525] 1965
Started game 1978 of 10000 (SeeFutility vs Magic)
Finished game 1963 (Magic vs SeeFutility): 1-0 {White wins by adjudication}
Score of Magic vs SeeFutility: 681 - 583 - 702  [0.525] 1966
Started game 1979 of 10000 (Magic vs SeeFutility)
Finished game 1969 (Magic vs SeeFutility): 1/2-1/2 {Draw by 3-fold repetition}
Score of Magic vs SeeFutility: 681 - 583 - 703  [0.525] 1967
Started game 1980 of 10000 (SeeFutility vs Magic)
Finished game 1966 (SeeFutility vs Magic): 0-1 {Black wins by adjudication}
Score of Magic vs SeeFutility: 682 - 583 - 703  [0.525] 1968
Started game 1981 of 10000 (Magic vs SeeFutility)
Finished game 1967 (Magic vs SeeFutility): 1-0 {White wins by adjudication}
Score of Magic vs SeeFutility: 683 - 583 - 703  [0.525] 1969
Started game 1982 of 10000 (SeeFutility vs Magic)
Finished game 1981 (Magic vs SeeFutility): 1/2-1/2 {Draw by 3-fold repetition}
Score of Magic vs SeeFutility: 683 - 583 - 704  [0.525] 1970
Started game 1983 of 10000 (Magic vs SeeFutility)
Finished game 1971 (Magic vs SeeFutility): 1/2-1/2 {Draw by 3-fold repetition}
Score of Magic vs SeeFutility: 683 - 583 - 705  [0.525] 1971
Started game 1984 of 10000 (SeeFutility vs Magic)
Finished game 1972 (SeeFutility vs Magic): 1/2-1/2 {Draw by adjudication}
Score of Magic vs SeeFutility: 683 - 583 - 706  [0.525] 1972
Started game 1985 of 10000 (Magic vs SeeFutility)
Finished game 1970 (SeeFutility vs Magic): 0-1 {Black wins by adjudication}
Score of Magic vs SeeFutility: 684 - 583 - 706  [0.526] 1973
Started game 1986 of 10000 (SeeFutility vs Magic)
Finished game 1975 (Magic vs SeeFutility): 1/2-1/2 {Draw by adjudication}
Score of Magic vs SeeFutility: 684 - 583 - 707  [0.526] 1974
Started game 1987 of 10000 (Magic vs SeeFutility)
Finished game 1973 (Magic vs SeeFutility): 1/2-1/2 {Draw by 3-fold repetition}
Score of Magic vs SeeFutility: 684 - 583 - 708  [0.526] 1975
Started game 1988 of 10000 (SeeFutility vs Magic)
Finished game 1977 (Magic vs SeeFutility): 1/2-1/2 {Draw by insufficient mating material}
Score of Magic vs SeeFutility: 684 - 583 - 709  [0.526] 1976
Started game 1989 of 10000 (Magic vs SeeFutility)
Finished game 1976 (SeeFutility vs Magic): 0-1 {Black wins by adjudication}
Score of Magic vs SeeFutility: 685 - 583 - 709  [0.526] 1977
Started game 1990 of 10000 (SeeFutility vs Magic)
Finished game 1978 (SeeFutility vs Magic): 0-1 {Black wins by adjudication}
Score of Magic vs SeeFutility: 686 - 583 - 709  [0.526] 1978
Started game 1991 of 10000 (Magic vs SeeFutility)
Finished game 1974 (SeeFutility vs Magic): 1/2-1/2 {Draw by insufficient mating material}
Score of Magic vs SeeFutility: 686 - 583 - 710  [0.526] 1979
Started game 1992 of 10000 (SeeFutility vs Magic)
Finished game 1982 (SeeFutility vs Magic): 0-1 {Black wins by adjudication}
Score of Magic vs SeeFutility: 687 - 583 - 710  [0.526] 1980
Started game 1993 of 10000 (Magic vs SeeFutility)
Finished game 1979 (Magic vs SeeFutility): 0-1 {Black wins by adjudication}
Score of Magic vs SeeFutility: 687 - 584 - 710  [0.526] 1981
Started game 1994 of 10000 (SeeFutility vs Magic)
Finished game 1980 (SeeFutility vs Magic): 0-1 {Black wins by adjudication}
Score of Magic vs SeeFutility: 688 - 584 - 710  [0.526] 1982
Started game 1995 of 10000 (Magic vs SeeFutility)
Finished game 1983 (Magic vs SeeFutility): 1-0 {White wins by adjudication}
Score of Magic vs SeeFutility: 689 - 584 - 710  [0.526] 1983
Started game 1996 of 10000 (SeeFutility vs Magic)
Finished game 1993 (Magic vs SeeFutility): 1/2-1/2 {Draw by 3-fold repetition}
Score of Magic vs SeeFutility: 689 - 584 - 711  [0.526] 1984
Started game 1997 of 10000 (Magic vs SeeFutility)
Finished game 1988 (SeeFutility vs Magic): 1/2-1/2 {Draw by 3-fold repetition}
Score of Magic vs SeeFutility: 689 - 584 - 712  [0.526] 1985
Started game 1998 of 10000 (SeeFutility vs Magic)
Finished game 1986 (SeeFutility vs Magic): 1/2-1/2 {Draw by stalemate}
Score of Magic vs SeeFutility: 689 - 584 - 713  [0.526] 1986
Started game 1999 of 10000 (Magic vs SeeFutility)
Finished game 1985 (Magic vs SeeFutility): 1-0 {White wins by adjudication}
Score of Magic vs SeeFutility: 690 - 584 - 713  [0.527] 1987
Started game 2000 of 10000 (SeeFutility vs Magic)
Finished game 1992 (SeeFutility vs Magic): 0-1 {Black wins by adjudication}
Score of Magic vs SeeFutility: 691 - 584 - 713  [0.527] 1988
Started game 2001 of 10000 (Magic vs SeeFutility)
Finished game 1987 (Magic vs SeeFutility): 1/2-1/2 {Draw by insufficient mating material}
Score of Magic vs SeeFutility: 691 - 584 - 714  [0.527] 1989
Started game 2002 of 10000 (SeeFutility vs Magic)
Finished game 1989 (Magic vs SeeFutility): 1-0 {White wins by adjudication}
Score of Magic vs SeeFutility: 692 - 584 - 714  [0.527] 1990
Started game 2003 of 10000 (Magic vs SeeFutility)
Finished game 1994 (SeeFutility vs Magic): 1/2-1/2 {Draw by adjudication}
Score of Magic vs SeeFutility: 692 - 584 - 715  [0.527] 1991
Started game 2004 of 10000 (SeeFutility vs Magic)
Finished game 1990 (SeeFutility vs Magic): 1/2-1/2 {Draw by adjudication}
Score of Magic vs SeeFutility: 692 - 584 - 716  [0.527] 1992
Started game 2005 of 10000 (Magic vs SeeFutility)
Finished game 1995 (Magic vs SeeFutility): 1/2-1/2 {Draw by 3-fold repetition}
Score of Magic vs SeeFutility: 692 - 584 - 717  [0.527] 1993
Started game 2006 of 10000 (SeeFutility vs Magic)
Finished game 1991 (Magic vs SeeFutility): 0-1 {Black wins by adjudication}
Score of Magic vs SeeFutility: 692 - 585 - 717  [0.527] 1994
Started game 2007 of 10000 (Magic vs SeeFutility)
Finished game 1984 (SeeFutility vs Magic): 1/2-1/2 {Draw by fifty moves rule}
Score of Magic vs SeeFutility: 692 - 585 - 718  [0.527] 1995
Started game 2008 of 10000 (SeeFutility vs Magic)
Finished game 1997 (Magic vs SeeFutility): 1-0 {White wins by adjudication}
Score of Magic vs SeeFutility: 693 - 585 - 718  [0.527] 1996
Started game 2009 of 10000 (Magic vs SeeFutility)
Finished game 1999 (Magic vs SeeFutility): 1-0 {White wins by adjudication}
Score of Magic vs SeeFutility: 694 - 585 - 718  [0.527] 1997
Started game 2010 of 10000 (SeeFutility vs Magic)
Finished game 2004 (SeeFutility vs Magic): 1/2-1/2 {Draw by 3-fold repetition}
Score of Magic vs SeeFutility: 694 - 585 - 719  [0.527] 1998
Started game 2011 of 10000 (Magic vs SeeFutility)
Finished game 1996 (SeeFutility vs Magic): 0-1 {Black wins by adjudication}
Score of Magic vs SeeFutility: 695 - 585 - 719  [0.528] 1999
Started game 2012 of 10000 (SeeFutility vs Magic)
Finished game 2000 (SeeFutility vs Magic): 1/2-1/2 {Draw by adjudication}
Score of Magic vs SeeFutility: 695 - 585 - 720  [0.527] 2000
Started game 2013 of 10000 (Magic vs SeeFutility)
Finished game 2001 (Magic vs SeeFutility): 1-0 {White wins by adjudication}
Score of Magic vs SeeFutility: 696 - 585 - 720  [0.528] 2001
Started game 2014 of 10000 (SeeFutility vs Magic)
Finished game 1998 (SeeFutility vs Magic): 0-1 {Black wins by adjudication}
Score of Magic vs SeeFutility: 697 - 585 - 720  [0.528] 2002
Started game 2015 of 10000 (Magic vs SeeFutility)
Finished game 2008 (SeeFutility vs Magic): 1-0 {White wins by adjudication}
Score of Magic vs SeeFutility: 697 - 586 - 720  [0.528] 2003
Started game 2016 of 10000 (SeeFutility vs Magic)
Finished game 2002 (SeeFutility vs Magic): 0-1 {Black wins by adjudication}
Score of Magic vs SeeFutility: 698 - 586 - 720  [0.528] 2004
Started game 2017 of 10000 (Magic vs SeeFutility)
Finished game 2007 (Magic vs SeeFutility): 1/2-1/2 {Draw by 3-fold repetition}
Score of Magic vs SeeFutility: 698 - 586 - 721  [0.528] 2005
Started game 2018 of 10000 (SeeFutility vs Magic)
Finished game 2005 (Magic vs SeeFutility): 1/2-1/2 {Draw by adjudication}
Score of Magic vs SeeFutility: 698 - 586 - 722  [0.528] 2006
Started game 2019 of 10000 (Magic vs SeeFutility)
Finished game 2010 (SeeFutility vs Magic): 1-0 {White wins by adjudication}
Score of Magic vs SeeFutility: 698 - 587 - 722  [0.528] 2007
Started game 2020 of 10000 (SeeFutility vs Magic)
Finished game 2006 (SeeFutility vs Magic): 1/2-1/2 {Draw by 3-fold repetition}
Score of Magic vs SeeFutility: 698 - 587 - 723  [0.528] 2008
Started game 2021 of 10000 (Magic vs SeeFutility)
Finished game 2015 (Magic vs SeeFutility): 1-0 {White wins by adjudication}
Score of Magic vs SeeFutility: 699 - 587 - 723  [0.528] 2009
Started game 2022 of 10000 (SeeFutility vs Magic)
Finished game 2003 (Magic vs SeeFutility): 1/2-1/2 {Draw by fifty moves rule}
Score of Magic vs SeeFutility: 699 - 587 - 724  [0.528] 2010
Started game 2023 of 10000 (Magic vs SeeFutility)
Finished game 2013 (Magic vs SeeFutility): 1/2-1/2 {Draw by 3-fold repetition}
Score of Magic vs SeeFutility: 699 - 587 - 725  [0.528] 2011
Started game 2024 of 10000 (SeeFutility vs Magic)
Finished game 2011 (Magic vs SeeFutility): 1-0 {White wins by adjudication}
Score of Magic vs SeeFutility: 700 - 587 - 725  [0.528] 2012
Started game 2025 of 10000 (Magic vs SeeFutility)
Finished game 2014 (SeeFutility vs Magic): 1-0 {White wins by adjudication}
Score of Magic vs SeeFutility: 700 - 588 - 725  [0.528] 2013
Started game 2026 of 10000 (SeeFutility vs Magic)
Finished game 2009 (Magic vs SeeFutility): 1/2-1/2 {Draw by insufficient mating material}
Score of Magic vs SeeFutility: 700 - 588 - 726  [0.528] 2014
Started game 2027 of 10000 (Magic vs SeeFutility)
Finished game 2017 (Magic vs SeeFutility): 0-1 {Black wins by adjudication}
Score of Magic vs SeeFutility: 700 - 589 - 726  [0.528] 2015
Started game 2028 of 10000 (SeeFutility vs Magic)
Finished game 2016 (SeeFutility vs Magic): 1-0 {White wins by adjudication}
Score of Magic vs SeeFutility: 700 - 590 - 726  [0.527] 2016
Started game 2029 of 10000 (Magic vs SeeFutility)
Finished game 2012 (SeeFutility vs Magic): 1/2-1/2 {Draw by adjudication}
Score of Magic vs SeeFutility: 700 - 590 - 727  [0.527] 2017
Started game 2030 of 10000 (SeeFutility vs Magic)
Finished game 2018 (SeeFutility vs Magic): 1/2-1/2 {Draw by 3-fold repetition}
Score of Magic vs SeeFutility: 700 - 590 - 728  [0.527] 2018
Started game 2031 of 10000 (Magic vs SeeFutility)
Finished game 2019 (Magic vs SeeFutility): 1-0 {White wins by adjudication}
Score of Magic vs SeeFutility: 701 - 590 - 728  [0.527] 2019
Started game 2032 of 10000 (SeeFutility vs Magic)
Finished game 2020 (SeeFutility vs Magic): 1-0 {White wins by adjudication}
Score of Magic vs SeeFutility: 701 - 591 - 728  [0.527] 2020
Started game 2033 of 10000 (Magic vs SeeFutility)
Finished game 2024 (SeeFutility vs Magic): 1/2-1/2 {Draw by adjudication}
Score of Magic vs SeeFutility: 701 - 591 - 729  [0.527] 2021
Started game 2034 of 10000 (SeeFutility vs Magic)
Finished game 2023 (Magic vs SeeFutility): 1-0 {White wins by adjudication}
Score of Magic vs SeeFutility: 702 - 591 - 729  [0.527] 2022
Started game 2035 of 10000 (Magic vs SeeFutility)
Finished game 2035 (Magic vs SeeFutility): 1-0 {White mates}
Score of Magic vs SeeFutility: 703 - 591 - 729  [0.528] 2023
Started game 2036 of 10000 (SeeFutility vs Magic)
Finished game 2036 (SeeFutility vs Magic): 1-0 {White mates}
Score of Magic vs SeeFutility: 703 - 592 - 729  [0.527] 2024
Started game 2037 of 10000 (Magic vs SeeFutility)
Finished game 2025 (Magic vs SeeFutility): 1-0 {White mates}
Score of Magic vs SeeFutility: 704 - 592 - 729  [0.528] 2025
Started game 2038 of 10000 (SeeFutility vs Magic)
Finished game 2030 (SeeFutility vs Magic): 0-1 {Black wins by adjudication}
Score of Magic vs SeeFutility: 705 - 592 - 729  [0.528] 2026
Started game 2039 of 10000 (Magic vs SeeFutility)
Finished game 2029 (Magic vs SeeFutility): 1/2-1/2 {Draw by 3-fold repetition}
Score of Magic vs SeeFutility: 705 - 592 - 730  [0.528] 2027
Started game 2040 of 10000 (SeeFutility vs Magic)
Finished game 2021 (Magic vs SeeFutility): 0-1 {Black wins by adjudication}
Score of Magic vs SeeFutility: 705 - 593 - 730  [0.528] 2028
Started game 2041 of 10000 (Magic vs SeeFutility)
Finished game 2028 (SeeFutility vs Magic): 0-1 {Black wins by adjudication}
Score of Magic vs SeeFutility: 706 - 593 - 730  [0.528] 2029
Started game 2042 of 10000 (SeeFutility vs Magic)
Finished game 2022 (SeeFutility vs Magic): 1-0 {White wins by adjudication}
Score of Magic vs SeeFutility: 706 - 594 - 730  [0.528] 2030
Started game 2043 of 10000 (Magic vs SeeFutility)
Finished game 2031 (Magic vs SeeFutility): 1-0 {White wins by adjudication}
Score of Magic vs SeeFutility: 707 - 594 - 730  [0.528] 2031
Started game 2044 of 10000 (SeeFutility vs Magic)
Finished game 2026 (SeeFutility vs Magic): 1/2-1/2 {Draw by insufficient mating material}
Score of Magic vs SeeFutility: 707 - 594 - 731  [0.528] 2032
Started game 2045 of 10000 (Magic vs SeeFutility)
Finished game 2027 (Magic vs SeeFutility): 0-1 {Black wins by adjudication}
Score of Magic vs SeeFutility: 707 - 595 - 731  [0.528] 2033
Started game 2046 of 10000 (SeeFutility vs Magic)
Finished game 2038 (SeeFutility vs Magic): 1/2-1/2 {Draw by 3-fold repetition}
Score of Magic vs SeeFutility: 707 - 595 - 732  [0.528] 2034
Started game 2047 of 10000 (Magic vs SeeFutility)
Finished game 2032 (SeeFutility vs Magic): 1/2-1/2 {Draw by 3-fold repetition}
Score of Magic vs SeeFutility: 707 - 595 - 733  [0.528] 2035
Started game 2048 of 10000 (SeeFutility vs Magic)
Finished game 2034 (SeeFutility vs Magic): 1-0 {White wins by adjudication}
Score of Magic vs SeeFutility: 707 - 596 - 733  [0.527] 2036
Started game 2049 of 10000 (Magic vs SeeFutility)
Finished game 2037 (Magic vs SeeFutility): 1/2-1/2 {Draw by 3-fold repetition}
Score of Magic vs SeeFutility: 707 - 596 - 734  [0.527] 2037
Started game 2050 of 10000 (SeeFutility vs Magic)
Finished game 2039 (Magic vs SeeFutility): 1-0 {White wins by adjudication}
Score of Magic vs SeeFutility: 708 - 596 - 734  [0.527] 2038
Started game 2051 of 10000 (Magic vs SeeFutility)
Finished game 2042 (SeeFutility vs Magic): 1-0 {White wins by adjudication}
Score of Magic vs SeeFutility: 708 - 597 - 734  [0.527] 2039
Started game 2052 of 10000 (SeeFutility vs Magic)
Finished game 2046 (SeeFutility vs Magic): 0-1 {Black wins by adjudication}
Score of Magic vs SeeFutility: 709 - 597 - 734  [0.527] 2040
Started game 2053 of 10000 (Magic vs SeeFutility)
Finished game 2045 (Magic vs SeeFutility): 1-0 {White wins by adjudication}
Score of Magic vs SeeFutility: 710 - 597 - 734  [0.528] 2041
Started game 2054 of 10000 (SeeFutility vs Magic)
Finished game 2041 (Magic vs SeeFutility): 1-0 {White wins by adjudication}
Score of Magic vs SeeFutility: 711 - 597 - 734  [0.528] 2042
Started game 2055 of 10000 (Magic vs SeeFutility)
Finished game 2033 (Magic vs SeeFutility): 1/2-1/2 {Draw by fifty moves rule}
Score of Magic vs SeeFutility: 711 - 597 - 735  [0.528] 2043
Started game 2056 of 10000 (SeeFutility vs Magic)
Finished game 2040 (SeeFutility vs Magic): 1-0 {White wins by adjudication}
Score of Magic vs SeeFutility: 711 - 598 - 735  [0.528] 2044
Started game 2057 of 10000 (Magic vs SeeFutility)
Finished game 2043 (Magic vs SeeFutility): 0-1 {Black wins by adjudication}
Score of Magic vs SeeFutility: 711 - 599 - 735  [0.527] 2045
Started game 2058 of 10000 (SeeFutility vs Magic)
Finished game 2049 (Magic vs SeeFutility): 0-1 {Black wins by adjudication}
Score of Magic vs SeeFutility: 711 - 600 - 735  [0.527] 2046
Started game 2059 of 10000 (Magic vs SeeFutility)
Finished game 2048 (SeeFutility vs Magic): 1/2-1/2 {Draw by adjudication}
Score of Magic vs SeeFutility: 711 - 600 - 736  [0.527] 2047
Started game 2060 of 10000 (SeeFutility vs Magic)
Finished game 2050 (SeeFutility vs Magic): 1/2-1/2 {Draw by adjudication}
Score of Magic vs SeeFutility: 711 - 600 - 737  [0.527] 2048
Started game 2061 of 10000 (Magic vs SeeFutility)
Finished game 2047 (Magic vs SeeFutility): 0-1 {Black wins by adjudication}
Score of Magic vs SeeFutility: 711 - 601 - 737  [0.527] 2049
Started game 2062 of 10000 (SeeFutility vs Magic)
Finished game 2044 (SeeFutility vs Magic): 1/2-1/2 {Draw by fifty moves rule}
Score of Magic vs SeeFutility: 711 - 601 - 738  [0.527] 2050
Started game 2063 of 10000 (Magic vs SeeFutility)
Finished game 2052 (SeeFutility vs Magic): 0-1 {Black wins by adjudication}
Score of Magic vs SeeFutility: 712 - 601 - 738  [0.527] 2051
Started game 2064 of 10000 (SeeFutility vs Magic)
Finished game 2054 (SeeFutility vs Magic): 1/2-1/2 {Draw by 3-fold repetition}
Score of Magic vs SeeFutility: 712 - 601 - 739  [0.527] 2052
Started game 2065 of 10000 (Magic vs SeeFutility)
Finished game 2057 (Magic vs SeeFutility): 1/2-1/2 {Draw by 3-fold repetition}
Score of Magic vs SeeFutility: 712 - 601 - 740  [0.527] 2053
Started game 2066 of 10000 (SeeFutility vs Magic)
Finished game 2055 (Magic vs SeeFutility): 1-0 {White wins by adjudication}
Score of Magic vs SeeFutility: 713 - 601 - 740  [0.527] 2054
Started game 2067 of 10000 (Magic vs SeeFutility)
Finished game 2053 (Magic vs SeeFutility): 1/2-1/2 {Draw by fifty moves rule}
Score of Magic vs SeeFutility: 713 - 601 - 741  [0.527] 2055
Started game 2068 of 10000 (SeeFutility vs Magic)
Finished game 2060 (SeeFutility vs Magic): 0-1 {Black wins by adjudication}
Score of Magic vs SeeFutility: 714 - 601 - 741  [0.527] 2056
Started game 2069 of 10000 (Magic vs SeeFutility)
Finished game 2062 (SeeFutility vs Magic): 1/2-1/2 {Draw by adjudication}
Score of Magic vs SeeFutility: 714 - 601 - 742  [0.527] 2057
Started game 2070 of 10000 (SeeFutility vs Magic)
Finished game 2051 (Magic vs SeeFutility): 1/2-1/2 {Draw by adjudication}
Score of Magic vs SeeFutility: 714 - 601 - 743  [0.527] 2058
Started game 2071 of 10000 (Magic vs SeeFutility)
Finished game 2059 (Magic vs SeeFutility): 1-0 {White wins by adjudication}
Score of Magic vs SeeFutility: 715 - 601 - 743  [0.528] 2059
Started game 2072 of 10000 (SeeFutility vs Magic)
Finished game 2058 (SeeFutility vs Magic): 1/2-1/2 {Draw by insufficient mating material}
Score of Magic vs SeeFutility: 715 - 601 - 744  [0.528] 2060
Started game 2073 of 10000 (Magic vs SeeFutility)
Finished game 2061 (Magic vs SeeFutility): 0-1 {Black wins by adjudication}
Score of Magic vs SeeFutility: 715 - 602 - 744  [0.527] 2061
Started game 2074 of 10000 (SeeFutility vs Magic)
Finished game 2063 (Magic vs SeeFutility): 1/2-1/2 {Draw by adjudication}
Score of Magic vs SeeFutility: 715 - 602 - 745  [0.527] 2062
Started game 2075 of 10000 (Magic vs SeeFutility)
Finished game 2056 (SeeFutility vs Magic): 0-1 {Black wins by adjudication}
Score of Magic vs SeeFutility: 716 - 602 - 745  [0.528] 2063
Started game 2076 of 10000 (SeeFutility vs Magic)
Finished game 2069 (Magic vs SeeFutility): 1/2-1/2 {Draw by 3-fold repetition}
Score of Magic vs SeeFutility: 716 - 602 - 746  [0.528] 2064
Started game 2077 of 10000 (Magic vs SeeFutility)
Finished game 2064 (SeeFutility vs Magic): 0-1 {Black wins by adjudication}
Score of Magic vs SeeFutility: 717 - 602 - 746  [0.528] 2065
Started game 2078 of 10000 (SeeFutility vs Magic)
Finished game 2071 (Magic vs SeeFutility): 1/2-1/2 {Draw by 3-fold repetition}
Score of Magic vs SeeFutility: 717 - 602 - 747  [0.528] 2066
Started game 2079 of 10000 (Magic vs SeeFutility)
Finished game 2072 (SeeFutility vs Magic): 0-1 {Black wins by adjudication}
Score of Magic vs SeeFutility: 718 - 602 - 747  [0.528] 2067
Started game 2080 of 10000 (SeeFutility vs Magic)
Finished game 2065 (Magic vs SeeFutility): 1-0 {White wins by adjudication}
Score of Magic vs SeeFutility: 719 - 602 - 747  [0.528] 2068
Started game 2081 of 10000 (Magic vs SeeFutility)
Finished game 2066 (SeeFutility vs Magic): 0-1 {Black wins by adjudication}
Score of Magic vs SeeFutility: 720 - 602 - 747  [0.529] 2069
Started game 2082 of 10000 (SeeFutility vs Magic)
Finished game 2070 (SeeFutility vs Magic): 0-1 {Black wins by adjudication}
Score of Magic vs SeeFutility: 721 - 602 - 747  [0.529] 2070
Started game 2083 of 10000 (Magic vs SeeFutility)
Finished game 2067 (Magic vs SeeFutility): 0-1 {Black wins by adjudication}
Score of Magic vs SeeFutility: 721 - 603 - 747  [0.528] 2071
Started game 2084 of 10000 (SeeFutility vs Magic)
Finished game 2068 (SeeFutility vs Magic): 1/2-1/2 {Draw by adjudication}
Score of Magic vs SeeFutility: 721 - 603 - 748  [0.528] 2072
Started game 2085 of 10000 (Magic vs SeeFutility)
Finished game 2073 (Magic vs SeeFutility): 0-1 {Black wins by adjudication}
Score of Magic vs SeeFutility: 721 - 604 - 748  [0.528] 2073
Started game 2086 of 10000 (SeeFutility vs Magic)
Finished game 2074 (SeeFutility vs Magic): 1/2-1/2 {Draw by 3-fold repetition}
Score of Magic vs SeeFutility: 721 - 604 - 749  [0.528] 2074
Started game 2087 of 10000 (Magic vs SeeFutility)
Finished game 2082 (SeeFutility vs Magic): 0-1 {Black wins by adjudication}
Score of Magic vs SeeFutility: 722 - 604 - 749  [0.528] 2075
Started game 2088 of 10000 (SeeFutility vs Magic)
Finished game 2075 (Magic vs SeeFutility): 1-0 {White wins by adjudication}
Score of Magic vs SeeFutility: 723 - 604 - 749  [0.529] 2076
Started game 2089 of 10000 (Magic vs SeeFutility)
Finished game 2081 (Magic vs SeeFutility): 1/2-1/2 {Draw by 3-fold repetition}
Score of Magic vs SeeFutility: 723 - 604 - 750  [0.529] 2077
Started game 2090 of 10000 (SeeFutility vs Magic)
Finished game 2077 (Magic vs SeeFutility): 1-0 {White wins by adjudication}
Score of Magic vs SeeFutility: 724 - 604 - 750  [0.529] 2078
Started game 2091 of 10000 (Magic vs SeeFutility)
Finished game 2076 (SeeFutility vs Magic): 1-0 {White wins by adjudication}
Score of Magic vs SeeFutility: 724 - 605 - 750  [0.529] 2079
Started game 2092 of 10000 (SeeFutility vs Magic)
Finished game 2083 (Magic vs SeeFutility): 1-0 {White mates}
Score of Magic vs SeeFutility: 725 - 605 - 750  [0.529] 2080
Started game 2093 of 10000 (Magic vs SeeFutility)
Finished game 2078 (SeeFutility vs Magic): 1/2-1/2 {Draw by insufficient mating material}
Score of Magic vs SeeFutility: 725 - 605 - 751  [0.529] 2081
Started game 2094 of 10000 (SeeFutility vs Magic)
Finished game 2079 (Magic vs SeeFutility): 1/2-1/2 {Draw by 3-fold repetition}
Score of Magic vs SeeFutility: 725 - 605 - 752  [0.529] 2082
Started game 2095 of 10000 (Magic vs SeeFutility)
Finished game 2084 (SeeFutility vs Magic): 1-0 {White wins by adjudication}
Score of Magic vs SeeFutility: 725 - 606 - 752  [0.529] 2083
Started game 2096 of 10000 (SeeFutility vs Magic)
Finished game 2080 (SeeFutility vs Magic): 1-0 {White wins by adjudication}
Score of Magic vs SeeFutility: 725 - 607 - 752  [0.528] 2084
Started game 2097 of 10000 (Magic vs SeeFutility)
Finished game 2085 (Magic vs SeeFutility): 1-0 {White wins by adjudication}
Score of Magic vs SeeFutility: 726 - 607 - 752  [0.529] 2085
Started game 2098 of 10000 (SeeFutility vs Magic)
Finished game 2087 (Magic vs SeeFutility): 1-0 {White wins by adjudication}
Score of Magic vs SeeFutility: 727 - 607 - 752  [0.529] 2086
Started game 2099 of 10000 (Magic vs SeeFutility)
Finished game 2086 (SeeFutility vs Magic): 1/2-1/2 {Draw by adjudication}
Score of Magic vs SeeFutility: 727 - 607 - 753  [0.529] 2087
Started game 2100 of 10000 (SeeFutility vs Magic)
Finished game 2091 (Magic vs SeeFutility): 1/2-1/2 {Draw by adjudication}
Score of Magic vs SeeFutility: 727 - 607 - 754  [0.529] 2088
Started game 2101 of 10000 (Magic vs SeeFutility)
Finished game 2088 (SeeFutility vs Magic): 0-1 {Black wins by adjudication}
Score of Magic vs SeeFutility: 728 - 607 - 754  [0.529] 2089
Started game 2102 of 10000 (SeeFutility vs Magic)
Finished game 2089 (Magic vs SeeFutility): 1/2-1/2 {Draw by 3-fold repetition}
Score of Magic vs SeeFutility: 728 - 607 - 755  [0.529] 2090
Started game 2103 of 10000 (Magic vs SeeFutility)
Finished game 2093 (Magic vs SeeFutility): 1/2-1/2 {Draw by 3-fold repetition}
Score of Magic vs SeeFutility: 728 - 607 - 756  [0.529] 2091
Started game 2104 of 10000 (SeeFutility vs Magic)
Finished game 2098 (SeeFutility vs Magic): 1/2-1/2 {Draw by 3-fold repetition}
Score of Magic vs SeeFutility: 728 - 607 - 757  [0.529] 2092
Started game 2105 of 10000 (Magic vs SeeFutility)
Finished game 2092 (SeeFutility vs Magic): 1-0 {White wins by adjudication}
Score of Magic vs SeeFutility: 728 - 608 - 757  [0.529] 2093
Started game 2106 of 10000 (SeeFutility vs Magic)
Finished game 2094 (SeeFutility vs Magic): 0-1 {Black wins by adjudication}
Score of Magic vs SeeFutility: 729 - 608 - 757  [0.529] 2094
Started game 2107 of 10000 (Magic vs SeeFutility)
Finished game 2090 (SeeFutility vs Magic): 0-1 {Black wins by adjudication}
Score of Magic vs SeeFutility: 730 - 608 - 757  [0.529] 2095
Started game 2108 of 10000 (SeeFutility vs Magic)
Finished game 2095 (Magic vs SeeFutility): 1/2-1/2 {Draw by 3-fold repetition}
Score of Magic vs SeeFutility: 730 - 608 - 758  [0.529] 2096
Started game 2109 of 10000 (Magic vs SeeFutility)
Finished game 2097 (Magic vs SeeFutility): 1/2-1/2 {Draw by 3-fold repetition}
Score of Magic vs SeeFutility: 730 - 608 - 759  [0.529] 2097
Started game 2110 of 10000 (SeeFutility vs Magic)
Finished game 2096 (SeeFutility vs Magic): 1-0 {White wins by adjudication}
Score of Magic vs SeeFutility: 730 - 609 - 759  [0.529] 2098
Started game 2111 of 10000 (Magic vs SeeFutility)
Finished game 2099 (Magic vs SeeFutility): 1-0 {White wins by adjudication}
Score of Magic vs SeeFutility: 731 - 609 - 759  [0.529] 2099
Started game 2112 of 10000 (SeeFutility vs Magic)
Finished game 2103 (Magic vs SeeFutility): 1/2-1/2 {Draw by adjudication}
Score of Magic vs SeeFutility: 731 - 609 - 760  [0.529] 2100
Started game 2113 of 10000 (Magic vs SeeFutility)
Finished game 2102 (SeeFutility vs Magic): 1/2-1/2 {Draw by 3-fold repetition}
Score of Magic vs SeeFutility: 731 - 609 - 761  [0.529] 2101
Started game 2114 of 10000 (SeeFutility vs Magic)
Finished game 2101 (Magic vs SeeFutility): 1/2-1/2 {Draw by 3-fold repetition}
Score of Magic vs SeeFutility: 731 - 609 - 762  [0.529] 2102
Started game 2115 of 10000 (Magic vs SeeFutility)
Finished game 2105 (Magic vs SeeFutility): 1/2-1/2 {Draw by 3-fold repetition}
Score of Magic vs SeeFutility: 731 - 609 - 763  [0.529] 2103
Started game 2116 of 10000 (SeeFutility vs Magic)
Finished game 2100 (SeeFutility vs Magic): 1-0 {White wins by adjudication}
Score of Magic vs SeeFutility: 731 - 610 - 763  [0.529] 2104
Started game 2117 of 10000 (Magic vs SeeFutility)
Finished game 2106 (SeeFutility vs Magic): 1/2-1/2 {Draw by 3-fold repetition}
Score of Magic vs SeeFutility: 731 - 610 - 764  [0.529] 2105
Started game 2118 of 10000 (SeeFutility vs Magic)
Finished game 2107 (Magic vs SeeFutility): 0-1 {Black wins by adjudication}
Score of Magic vs SeeFutility: 731 - 611 - 764  [0.528] 2106
Started game 2119 of 10000 (Magic vs SeeFutility)
Finished game 2108 (SeeFutility vs Magic): 1-0 {White wins by adjudication}
Score of Magic vs SeeFutility: 731 - 612 - 764  [0.528] 2107
Started game 2120 of 10000 (SeeFutility vs Magic)
Finished game 2104 (SeeFutility vs Magic): 1/2-1/2 {Draw by adjudication}
Score of Magic vs SeeFutility: 731 - 612 - 765  [0.528] 2108
Started game 2121 of 10000 (Magic vs SeeFutility)
Finished game 2109 (Magic vs SeeFutility): 1/2-1/2 {Draw by adjudication}
Score of Magic vs SeeFutility: 731 - 612 - 766  [0.528] 2109
Started game 2122 of 10000 (SeeFutility vs Magic)
Finished game 2118 (SeeFutility vs Magic): 1-0 {White wins by adjudication}
Score of Magic vs SeeFutility: 731 - 613 - 766  [0.528] 2110
Started game 2123 of 10000 (Magic vs SeeFutility)
Finished game 2114 (SeeFutility vs Magic): 1-0 {White wins by adjudication}
Score of Magic vs SeeFutility: 731 - 614 - 766  [0.528] 2111
Started game 2124 of 10000 (SeeFutility vs Magic)
Finished game 2115 (Magic vs SeeFutility): 1/2-1/2 {Draw by 3-fold repetition}
Score of Magic vs SeeFutility: 731 - 614 - 767  [0.528] 2112
Started game 2125 of 10000 (Magic vs SeeFutility)
Finished game 2113 (Magic vs SeeFutility): 0-1 {Black wins by adjudication}
Score of Magic vs SeeFutility: 731 - 615 - 767  [0.527] 2113
Started game 2126 of 10000 (SeeFutility vs Magic)
Finished game 2111 (Magic vs SeeFutility): 1/2-1/2 {Draw by insufficient mating material}
Score of Magic vs SeeFutility: 731 - 615 - 768  [0.527] 2114
Started game 2127 of 10000 (Magic vs SeeFutility)
Finished game 2117 (Magic vs SeeFutility): 0-1 {Black wins by adjudication}
Score of Magic vs SeeFutility: 731 - 616 - 768  [0.527] 2115
Started game 2128 of 10000 (SeeFutility vs Magic)
Finished game 2116 (SeeFutility vs Magic): 0-1 {Black wins by adjudication}
Score of Magic vs SeeFutility: 732 - 616 - 768  [0.527] 2116
Started game 2129 of 10000 (Magic vs SeeFutility)
Finished game 2112 (SeeFutility vs Magic): 1/2-1/2 {Draw by adjudication}
Score of Magic vs SeeFutility: 732 - 616 - 769  [0.527] 2117
Started game 2130 of 10000 (SeeFutility vs Magic)
Finished game 2110 (SeeFutility vs Magic): 1/2-1/2 {Draw by fifty moves rule}
Score of Magic vs SeeFutility: 732 - 616 - 770  [0.527] 2118
Started game 2131 of 10000 (Magic vs SeeFutility)
Finished game 2121 (Magic vs SeeFutility): 1-0 {White wins by adjudication}
Score of Magic vs SeeFutility: 733 - 616 - 770  [0.528] 2119
Started game 2132 of 10000 (SeeFutility vs Magic)
Finished game 2122 (SeeFutility vs Magic): 1-0 {White wins by adjudication}
Score of Magic vs SeeFutility: 733 - 617 - 770  [0.527] 2120
Started game 2133 of 10000 (Magic vs SeeFutility)
Finished game 2119 (Magic vs SeeFutility): 0-1 {Black wins by adjudication}
Score of Magic vs SeeFutility: 733 - 618 - 770  [0.527] 2121
Started game 2134 of 10000 (SeeFutility vs Magic)
Finished game 2120 (SeeFutility vs Magic): 1/2-1/2 {Draw by adjudication}
Score of Magic vs SeeFutility: 733 - 618 - 771  [0.527] 2122
Started game 2135 of 10000 (Magic vs SeeFutility)
Finished game 2128 (SeeFutility vs Magic): 1/2-1/2 {Draw by 3-fold repetition}
Score of Magic vs SeeFutility: 733 - 618 - 772  [0.527] 2123
Started game 2136 of 10000 (SeeFutility vs Magic)
Finished game 2126 (SeeFutility vs Magic): 1/2-1/2 {Draw by 3-fold repetition}
Score of Magic vs SeeFutility: 733 - 618 - 773  [0.527] 2124
Started game 2137 of 10000 (Magic vs SeeFutility)
Finished game 2123 (Magic vs SeeFutility): 1/2-1/2 {Draw by insufficient mating material}
Score of Magic vs SeeFutility: 733 - 618 - 774  [0.527] 2125
Started game 2138 of 10000 (SeeFutility vs Magic)
Finished game 2127 (Magic vs SeeFutility): 1-0 {White wins by adjudication}
Score of Magic vs SeeFutility: 734 - 618 - 774  [0.527] 2126
Started game 2139 of 10000 (Magic vs SeeFutility)
Finished game 2124 (SeeFutility vs Magic): 1/2-1/2 {Draw by fifty moves rule}
Score of Magic vs SeeFutility: 734 - 618 - 775  [0.527] 2127
Started game 2140 of 10000 (SeeFutility vs Magic)
Finished game 2131 (Magic vs SeeFutility): 0-1 {Black wins by adjudication}
Score of Magic vs SeeFutility: 734 - 619 - 775  [0.527] 2128
Started game 2141 of 10000 (Magic vs SeeFutility)
Finished game 2133 (Magic vs SeeFutility): 1-0 {White wins by adjudication}
Score of Magic vs SeeFutility: 735 - 619 - 775  [0.527] 2129
Started game 2142 of 10000 (SeeFutility vs Magic)
Finished game 2125 (Magic vs SeeFutility): 0-1 {Black wins by adjudication}
Score of Magic vs SeeFutility: 735 - 620 - 775  [0.527] 2130
Started game 2143 of 10000 (Magic vs SeeFutility)
Finished game 2135 (Magic vs SeeFutility): 1/2-1/2 {Draw by 3-fold repetition}
Score of Magic vs SeeFutility: 735 - 620 - 776  [0.527] 2131
Started game 2144 of 10000 (SeeFutility vs Magic)
Finished game 2129 (Magic vs SeeFutility): 1/2-1/2 {Draw by adjudication}
Score of Magic vs SeeFutility: 735 - 620 - 777  [0.527] 2132
Finished game 2134 (SeeFutility vs Magic): 0-1 {Black wins by adjudication}
Score of Magic vs SeeFutility: 736 - 620 - 777  [0.527] 2133
Started game 2146 of 10000 (SeeFutility vs Magic)
Started game 2145 of 10000 (Magic vs SeeFutility)
Finished game 2130 (SeeFutility vs Magic): 1/2-1/2 {Draw by 3-fold repetition}
Score of Magic vs SeeFutility: 736 - 620 - 778  [0.527] 2134
Started game 2147 of 10000 (Magic vs SeeFutility)
Finished game 2136 (SeeFutility vs Magic): 0-1 {Black wins by adjudication}
Score of Magic vs SeeFutility: 737 - 620 - 778  [0.527] 2135
Started game 2148 of 10000 (SeeFutility vs Magic)
Finished game 2138 (SeeFutility vs Magic): 1-0 {White wins by adjudication}
Score of Magic vs SeeFutility: 737 - 621 - 778  [0.527] 2136
Started game 2149 of 10000 (Magic vs SeeFutility)
Finished game 2132 (SeeFutility vs Magic): 0-1 {Black wins by adjudication}
Score of Magic vs SeeFutility: 738 - 621 - 778  [0.527] 2137
Started game 2150 of 10000 (SeeFutility vs Magic)
Finished game 2140 (SeeFutility vs Magic): 0-1 {Black mates}
Score of Magic vs SeeFutility: 739 - 621 - 778  [0.528] 2138
Started game 2151 of 10000 (Magic vs SeeFutility)
Finished game 2139 (Magic vs SeeFutility): 0-1 {Black wins by adjudication}
Score of Magic vs SeeFutility: 739 - 622 - 778  [0.527] 2139
Started game 2152 of 10000 (SeeFutility vs Magic)
Finished game 2137 (Magic vs SeeFutility): 1-0 {White wins by adjudication}
Score of Magic vs SeeFutility: 740 - 622 - 778  [0.528] 2140
Started game 2153 of 10000 (Magic vs SeeFutility)
Finished game 2143 (Magic vs SeeFutility): 1-0 {White wins by adjudication}
Score of Magic vs SeeFutility: 741 - 622 - 778  [0.528] 2141
Started game 2154 of 10000 (SeeFutility vs Magic)
Finished game 2142 (SeeFutility vs Magic): 0-1 {Black wins by adjudication}
Score of Magic vs SeeFutility: 742 - 622 - 778  [0.528] 2142
Started game 2155 of 10000 (Magic vs SeeFutility)
Finished game 2148 (SeeFutility vs Magic): 1/2-1/2 {Draw by 3-fold repetition}
Score of Magic vs SeeFutility: 742 - 622 - 779  [0.528] 2143
Started game 2156 of 10000 (SeeFutility vs Magic)
Finished game 2144 (SeeFutility vs Magic): 1-0 {White wins by adjudication}
Score of Magic vs SeeFutility: 742 - 623 - 779  [0.528] 2144
Started game 2157 of 10000 (Magic vs SeeFutility)
Finished game 2145 (Magic vs SeeFutility): 1/2-1/2 {Draw by insufficient mating material}
Score of Magic vs SeeFutility: 742 - 623 - 780  [0.528] 2145
Started game 2158 of 10000 (SeeFutility vs Magic)
Finished game 2146 (SeeFutility vs Magic): 0-1 {Black wins by adjudication}
Score of Magic vs SeeFutility: 743 - 623 - 780  [0.528] 2146
Started game 2159 of 10000 (Magic vs SeeFutility)
Finished game 2152 (SeeFutility vs Magic): 1/2-1/2 {Draw by 3-fold repetition}
Score of Magic vs SeeFutility: 743 - 623 - 781  [0.528] 2147
Started game 2160 of 10000 (SeeFutility vs Magic)
Finished game 2147 (Magic vs SeeFutility): 0-1 {Black wins by adjudication}
Score of Magic vs SeeFutility: 743 - 624 - 781  [0.528] 2148
Started game 2161 of 10000 (Magic vs SeeFutility)
Finished game 2150 (SeeFutility vs Magic): 1/2-1/2 {Draw by adjudication}
Score of Magic vs SeeFutility: 743 - 624 - 782  [0.528] 2149
Started game 2162 of 10000 (SeeFutility vs Magic)
Finished game 2141 (Magic vs SeeFutility): 1/2-1/2 {Draw by insufficient mating material}
Score of Magic vs SeeFutility: 743 - 624 - 783  [0.528] 2150
Started game 2163 of 10000 (Magic vs SeeFutility)
Finished game 2151 (Magic vs SeeFutility): 0-1 {Black wins by adjudication}
Score of Magic vs SeeFutility: 743 - 625 - 783  [0.527] 2151
Started game 2164 of 10000 (SeeFutility vs Magic)
Finished game 2149 (Magic vs SeeFutility): 1/2-1/2 {Draw by insufficient mating material}
Score of Magic vs SeeFutility: 743 - 625 - 784  [0.527] 2152
Started game 2165 of 10000 (Magic vs SeeFutility)
Finished game 2153 (Magic vs SeeFutility): 1-0 {White wins by adjudication}
Score of Magic vs SeeFutility: 744 - 625 - 784  [0.528] 2153
Finished game 2165 (Magic vs SeeFutility): 1-0 {White mates}
Score of Magic vs SeeFutility: 745 - 625 - 784  [0.528] 2154
Started game 2167 of 10000 (Magic vs SeeFutility)
Started game 2166 of 10000 (SeeFutility vs Magic)
Finished game 2166 (SeeFutility vs Magic): 1-0 {White mates}
Score of Magic vs SeeFutility: 745 - 626 - 784  [0.528] 2155
Started game 2168 of 10000 (SeeFutility vs Magic)
Finished game 2154 (SeeFutility vs Magic): 1-0 {White wins by adjudication}
Score of Magic vs SeeFutility: 745 - 627 - 784  [0.527] 2156
Started game 2169 of 10000 (Magic vs SeeFutility)
Finished game 2157 (Magic vs SeeFutility): 0-1 {Black wins by adjudication}
Score of Magic vs SeeFutility: 745 - 628 - 784  [0.527] 2157
Started game 2170 of 10000 (SeeFutility vs Magic)
Finished game 2158 (SeeFutility vs Magic): 1/2-1/2 {Draw by insufficient mating material}
Score of Magic vs SeeFutility: 745 - 628 - 785  [0.527] 2158
Started game 2171 of 10000 (Magic vs SeeFutility)
Finished game 2161 (Magic vs SeeFutility): 1-0 {White wins by adjudication}
Score of Magic vs SeeFutility: 746 - 628 - 785  [0.527] 2159
Started game 2172 of 10000 (SeeFutility vs Magic)
Finished game 2156 (SeeFutility vs Magic): 1/2-1/2 {Draw by insufficient mating material}
Score of Magic vs SeeFutility: 746 - 628 - 786  [0.527] 2160
Started game 2173 of 10000 (Magic vs SeeFutility)
Finished game 2160 (SeeFutility vs Magic): 1-0 {White wins by adjudication}
Score of Magic vs SeeFutility: 746 - 629 - 786  [0.527] 2161
Started game 2174 of 10000 (SeeFutility vs Magic)
Finished game 2159 (Magic vs SeeFutility): 1-0 {White wins by adjudication}
Score of Magic vs SeeFutility: 747 - 629 - 786  [0.527] 2162
Started game 2175 of 10000 (Magic vs SeeFutility)
Finished game 2163 (Magic vs SeeFutility): 0-1 {Black wins by adjudication}
Score of Magic vs SeeFutility: 747 - 630 - 786  [0.527] 2163
Started game 2176 of 10000 (SeeFutility vs Magic)
Finished game 2155 (Magic vs SeeFutility): 1/2-1/2 {Draw by 3-fold repetition}
Score of Magic vs SeeFutility: 747 - 630 - 787  [0.527] 2164
Started game 2177 of 10000 (Magic vs SeeFutility)
Finished game 2162 (SeeFutility vs Magic): 0-1 {Black wins by adjudication}
Score of Magic vs SeeFutility: 748 - 630 - 787  [0.527] 2165
Started game 2178 of 10000 (SeeFutility vs Magic)
Finished game 2164 (SeeFutility vs Magic): 1/2-1/2 {Draw by adjudication}
Score of Magic vs SeeFutility: 748 - 630 - 788  [0.527] 2166
Started game 2179 of 10000 (Magic vs SeeFutility)
Finished game 2169 (Magic vs SeeFutility): 0-1 {Black wins by adjudication}
Score of Magic vs SeeFutility: 748 - 631 - 788  [0.527] 2167
Started game 2180 of 10000 (SeeFutility vs Magic)
Finished game 2167 (Magic vs SeeFutility): 1-0 {White wins by adjudication}
Score of Magic vs SeeFutility: 749 - 631 - 788  [0.527] 2168
Started game 2181 of 10000 (Magic vs SeeFutility)
Finished game 2174 (SeeFutility vs Magic): 1-0 {White wins by adjudication}
Score of Magic vs SeeFutility: 749 - 632 - 788  [0.527] 2169
Started game 2182 of 10000 (SeeFutility vs Magic)
Finished game 2181 (Magic vs SeeFutility): 1-0 {White wins by adjudication}
Score of Magic vs SeeFutility: 750 - 632 - 788  [0.527] 2170
Started game 2183 of 10000 (Magic vs SeeFutility)
Finished game 2172 (SeeFutility vs Magic): 1-0 {White wins by adjudication}
Score of Magic vs SeeFutility: 750 - 633 - 788  [0.527] 2171
Started game 2184 of 10000 (SeeFutility vs Magic)
Finished game 2168 (SeeFutility vs Magic): 0-1 {Black wins by adjudication}
Score of Magic vs SeeFutility: 751 - 633 - 788  [0.527] 2172
Started game 2185 of 10000 (Magic vs SeeFutility)
Finished game 2170 (SeeFutility vs Magic): 0-1 {Black wins by adjudication}
Score of Magic vs SeeFutility: 752 - 633 - 788  [0.527] 2173
Started game 2186 of 10000 (SeeFutility vs Magic)
Finished game 2182 (SeeFutility vs Magic): 1-0 {White wins by adjudication}
Score of Magic vs SeeFutility: 752 - 634 - 788  [0.527] 2174
Started game 2187 of 10000 (Magic vs SeeFutility)
Finished game 2175 (Magic vs SeeFutility): 1-0 {White wins by adjudication}
Score of Magic vs SeeFutility: 753 - 634 - 788  [0.527] 2175
Started game 2188 of 10000 (SeeFutility vs Magic)
Finished game 2171 (Magic vs SeeFutility): 1-0 {White wins by adjudication}
Score of Magic vs SeeFutility: 754 - 634 - 788  [0.528] 2176
Started game 2189 of 10000 (Magic vs SeeFutility)
Finished game 2176 (SeeFutility vs Magic): 1/2-1/2 {Draw by 3-fold repetition}
Score of Magic vs SeeFutility: 754 - 634 - 789  [0.528] 2177
Started game 2190 of 10000 (SeeFutility vs Magic)
Finished game 2173 (Magic vs SeeFutility): 1-0 {White mates}
Score of Magic vs SeeFutility: 755 - 634 - 789  [0.528] 2178
Started game 2191 of 10000 (Magic vs SeeFutility)
Finished game 2178 (SeeFutility vs Magic): 0-1 {Black wins by adjudication}
Score of Magic vs SeeFutility: 756 - 634 - 789  [0.528] 2179
Started game 2192 of 10000 (SeeFutility vs Magic)
Finished game 2179 (Magic vs SeeFutility): 0-1 {Black wins by adjudication}
Score of Magic vs SeeFutility: 756 - 635 - 789  [0.528] 2180
Started game 2193 of 10000 (Magic vs SeeFutility)
Finished game 2177 (Magic vs SeeFutility): 1/2-1/2 {Draw by insufficient mating material}
Score of Magic vs SeeFutility: 756 - 635 - 790  [0.528] 2181
Started game 2194 of 10000 (SeeFutility vs Magic)
Finished game 2180 (SeeFutility vs Magic): 1/2-1/2 {Draw by insufficient mating material}
Score of Magic vs SeeFutility: 756 - 635 - 791  [0.528] 2182
Started game 2195 of 10000 (Magic vs SeeFutility)
Finished game 2185 (Magic vs SeeFutility): 1-0 {White wins by adjudication}
Score of Magic vs SeeFutility: 757 - 635 - 791  [0.528] 2183
Started game 2196 of 10000 (SeeFutility vs Magic)
Finished game 2184 (SeeFutility vs Magic): 1-0 {White wins by adjudication}
Score of Magic vs SeeFutility: 757 - 636 - 791  [0.528] 2184
Started game 2197 of 10000 (Magic vs SeeFutility)
Finished game 2186 (SeeFutility vs Magic): 1-0 {White wins by adjudication}
Score of Magic vs SeeFutility: 757 - 637 - 791  [0.527] 2185
Started game 2198 of 10000 (SeeFutility vs Magic)
Finished game 2188 (SeeFutility vs Magic): 1-0 {White wins by adjudication}
Score of Magic vs SeeFutility: 757 - 638 - 791  [0.527] 2186
Started game 2199 of 10000 (Magic vs SeeFutility)
Finished game 2183 (Magic vs SeeFutility): 0-1 {Black wins by adjudication}
Score of Magic vs SeeFutility: 757 - 639 - 791  [0.527] 2187
Started game 2200 of 10000 (SeeFutility vs Magic)
Finished game 2190 (SeeFutility vs Magic): 0-1 {Black wins by adjudication}
Score of Magic vs SeeFutility: 758 - 639 - 791  [0.527] 2188
Started game 2201 of 10000 (Magic vs SeeFutility)
Finished game 2187 (Magic vs SeeFutility): 1-0 {White wins by adjudication}
Score of Magic vs SeeFutility: 759 - 639 - 791  [0.527] 2189
Started game 2202 of 10000 (SeeFutility vs Magic)
Finished game 2193 (Magic vs SeeFutility): 1/2-1/2 {Draw by insufficient mating material}
Score of Magic vs SeeFutility: 759 - 639 - 792  [0.527] 2190
Started game 2203 of 10000 (Magic vs SeeFutility)
Finished game 2189 (Magic vs SeeFutility): 0-1 {Black wins by adjudication}
Score of Magic vs SeeFutility: 759 - 640 - 792  [0.527] 2191
Started game 2204 of 10000 (SeeFutility vs Magic)
Finished game 2192 (SeeFutility vs Magic): 0-1 {Black wins by adjudication}
Score of Magic vs SeeFutility: 760 - 640 - 792  [0.527] 2192
Started game 2205 of 10000 (Magic vs SeeFutility)
Finished game 2198 (SeeFutility vs Magic): 1/2-1/2 {Draw by 3-fold repetition}
Score of Magic vs SeeFutility: 760 - 640 - 793  [0.527] 2193
Started game 2206 of 10000 (SeeFutility vs Magic)
Finished game 2191 (Magic vs SeeFutility): 1/2-1/2 {Draw by fifty moves rule}
Score of Magic vs SeeFutility: 760 - 640 - 794  [0.527] 2194
Started game 2207 of 10000 (Magic vs SeeFutility)
Finished game 2196 (SeeFutility vs Magic): 1/2-1/2 {Draw by 3-fold repetition}
Score of Magic vs SeeFutility: 760 - 640 - 795  [0.527] 2195
Started game 2208 of 10000 (SeeFutility vs Magic)
Finished game 2195 (Magic vs SeeFutility): 1/2-1/2 {Draw by adjudication}
Score of Magic vs SeeFutility: 760 - 640 - 796  [0.527] 2196
Started game 2209 of 10000 (Magic vs SeeFutility)
Finished game 2197 (Magic vs SeeFutility): 0-1 {Black wins by adjudication}
Score of Magic vs SeeFutility: 760 - 641 - 796  [0.527] 2197
Started game 2210 of 10000 (SeeFutility vs Magic)
Finished game 2194 (SeeFutility vs Magic): 1/2-1/2 {Draw by insufficient mating material}
Score of Magic vs SeeFutility: 760 - 641 - 797  [0.527] 2198
Started game 2211 of 10000 (Magic vs SeeFutility)
Finished game 2204 (SeeFutility vs Magic): 0-1 {Black wins by adjudication}
Score of Magic vs SeeFutility: 761 - 641 - 797  [0.527] 2199
Started game 2212 of 10000 (SeeFutility vs Magic)
Finished game 2200 (SeeFutility vs Magic): 0-1 {Black wins by adjudication}
Score of Magic vs SeeFutility: 762 - 641 - 797  [0.527] 2200
Started game 2213 of 10000 (Magic vs SeeFutility)
Finished game 2199 (Magic vs SeeFutility): 1-0 {White wins by adjudication}
Score of Magic vs SeeFutility: 763 - 641 - 797  [0.528] 2201
Started game 2214 of 10000 (SeeFutility vs Magic)
Finished game 2202 (SeeFutility vs Magic): 0-1 {Black wins by adjudication}
Score of Magic vs SeeFutility: 764 - 641 - 797  [0.528] 2202
Started game 2215 of 10000 (Magic vs SeeFutility)
Finished game 2203 (Magic vs SeeFutility): 1-0 {White wins by adjudication}
Score of Magic vs SeeFutility: 765 - 641 - 797  [0.528] 2203
Started game 2216 of 10000 (SeeFutility vs Magic)
Finished game 2208 (SeeFutility vs Magic): 1/2-1/2 {Draw by 3-fold repetition}
Score of Magic vs SeeFutility: 765 - 641 - 798  [0.528] 2204
Started game 2217 of 10000 (Magic vs SeeFutility)
Finished game 2201 (Magic vs SeeFutility): 1/2-1/2 {Draw by insufficient mating material}
Score of Magic vs SeeFutility: 765 - 641 - 799  [0.528] 2205
Started game 2218 of 10000 (SeeFutility vs Magic)
Finished game 2206 (SeeFutility vs Magic): 0-1 {Black wins by adjudication}
Score of Magic vs SeeFutility: 766 - 641 - 799  [0.528] 2206
Started game 2219 of 10000 (Magic vs SeeFutility)
Finished game 2207 (Magic vs SeeFutility): 1-0 {White wins by adjudication}
Score of Magic vs SeeFutility: 767 - 641 - 799  [0.529] 2207
Started game 2220 of 10000 (SeeFutility vs Magic)
Finished game 2211 (Magic vs SeeFutility): 0-1 {Black wins by adjudication}
Score of Magic vs SeeFutility: 767 - 642 - 799  [0.528] 2208
Started game 2221 of 10000 (Magic vs SeeFutility)
Finished game 2205 (Magic vs SeeFutility): 1-0 {White wins by adjudication}
Score of Magic vs SeeFutility: 768 - 642 - 799  [0.529] 2209
Started game 2222 of 10000 (SeeFutility vs Magic)
Finished game 2214 (SeeFutility vs Magic): 0-1 {Black wins by adjudication}
Score of Magic vs SeeFutility: 769 - 642 - 799  [0.529] 2210
Started game 2223 of 10000 (Magic vs SeeFutility)
Finished game 2213 (Magic vs SeeFutility): 0-1 {Black wins by adjudication}
Score of Magic vs SeeFutility: 769 - 643 - 799  [0.528] 2211
Started game 2224 of 10000 (SeeFutility vs Magic)
Finished game 2210 (SeeFutility vs Magic): 1/2-1/2 {Draw by adjudication}
Score of Magic vs SeeFutility: 769 - 643 - 800  [0.528] 2212
Started game 2225 of 10000 (Magic vs SeeFutility)
Finished game 2209 (Magic vs SeeFutility): 1/2-1/2 {Draw by fifty moves rule}
Score of Magic vs SeeFutility: 769 - 643 - 801  [0.528] 2213
Started game 2226 of 10000 (SeeFutility vs Magic)
Finished game 2216 (SeeFutility vs Magic): 1-0 {White wins by adjudication}
Score of Magic vs SeeFutility: 769 - 644 - 801  [0.528] 2214
Started game 2227 of 10000 (Magic vs SeeFutility)
Finished game 2217 (Magic vs SeeFutility): 0-1 {Black wins by adjudication}
Score of Magic vs SeeFutility: 769 - 645 - 801  [0.528] 2215
Started game 2228 of 10000 (SeeFutility vs Magic)
Finished game 2212 (SeeFutility vs Magic): 1/2-1/2 {Draw by fifty moves rule}
Score of Magic vs SeeFutility: 769 - 645 - 802  [0.528] 2216
Started game 2229 of 10000 (Magic vs SeeFutility)
Finished game 2215 (Magic vs SeeFutility): 1-0 {White wins by adjudication}
Score of Magic vs SeeFutility: 770 - 645 - 802  [0.528] 2217
Started game 2230 of 10000 (SeeFutility vs Magic)
Finished game 2218 (SeeFutility vs Magic): 0-1 {Black wins by adjudication}
Score of Magic vs SeeFutility: 771 - 645 - 802  [0.528] 2218
Started game 2231 of 10000 (Magic vs SeeFutility)
Finished game 2219 (Magic vs SeeFutility): 0-1 {Black wins by adjudication}
Score of Magic vs SeeFutility: 771 - 646 - 802  [0.528] 2219
Started game 2232 of 10000 (SeeFutility vs Magic)
Finished game 2223 (Magic vs SeeFutility): 0-1 {Black wins by adjudication}
Score of Magic vs SeeFutility: 771 - 647 - 802  [0.528] 2220
Started game 2233 of 10000 (Magic vs SeeFutility)
Finished game 2222 (SeeFutility vs Magic): 1-0 {White wins by adjudication}
Score of Magic vs SeeFutility: 771 - 648 - 802  [0.528] 2221
Started game 2234 of 10000 (SeeFutility vs Magic)
Finished game 2220 (SeeFutility vs Magic): 1/2-1/2 {Draw by 3-fold repetition}
Score of Magic vs SeeFutility: 771 - 648 - 803  [0.528] 2222
Started game 2235 of 10000 (Magic vs SeeFutility)
Finished game 2221 (Magic vs SeeFutility): 1-0 {White wins by adjudication}
Score of Magic vs SeeFutility: 772 - 648 - 803  [0.528] 2223
Started game 2236 of 10000 (SeeFutility vs Magic)
Finished game 2224 (SeeFutility vs Magic): 0-1 {Black wins by adjudication}
Score of Magic vs SeeFutility: 773 - 648 - 803  [0.528] 2224
Started game 2237 of 10000 (Magic vs SeeFutility)
Finished game 2227 (Magic vs SeeFutility): 0-1 {Black wins by adjudication}
Score of Magic vs SeeFutility: 773 - 649 - 803  [0.528] 2225
Started game 2238 of 10000 (SeeFutility vs Magic)
Finished game 2230 (SeeFutility vs Magic): 0-1 {Black wins by adjudication}
Score of Magic vs SeeFutility: 774 - 649 - 803  [0.528] 2226
Started game 2239 of 10000 (Magic vs SeeFutility)
Finished game 2228 (SeeFutility vs Magic): 1/2-1/2 {Draw by 3-fold repetition}
Score of Magic vs SeeFutility: 774 - 649 - 804  [0.528] 2227
Started game 2240 of 10000 (SeeFutility vs Magic)
Finished game 2225 (Magic vs SeeFutility): 0-1 {Black mates}
Score of Magic vs SeeFutility: 774 - 650 - 804  [0.528] 2228
Started game 2241 of 10000 (Magic vs SeeFutility)
Finished game 2226 (SeeFutility vs Magic): 0-1 {Black wins by adjudication}
Score of Magic vs SeeFutility: 775 - 650 - 804  [0.528] 2229
Started game 2242 of 10000 (SeeFutility vs Magic)
Finished game 2232 (SeeFutility vs Magic): 1-0 {White wins by adjudication}
Score of Magic vs SeeFutility: 775 - 651 - 804  [0.528] 2230
Started game 2243 of 10000 (Magic vs SeeFutility)
Finished game 2234 (SeeFutility vs Magic): 1/2-1/2 {Draw by 3-fold repetition}
Score of Magic vs SeeFutility: 775 - 651 - 805  [0.528] 2231
Started game 2244 of 10000 (SeeFutility vs Magic)
Finished game 2235 (Magic vs SeeFutility): 1/2-1/2 {Draw by 3-fold repetition}
Score of Magic vs SeeFutility: 775 - 651 - 806  [0.528] 2232
Started game 2245 of 10000 (Magic vs SeeFutility)
Finished game 2231 (Magic vs SeeFutility): 0-1 {Black wins by adjudication}
Score of Magic vs SeeFutility: 775 - 652 - 806  [0.528] 2233
Started game 2246 of 10000 (SeeFutility vs Magic)
Finished game 2229 (Magic vs SeeFutility): 1-0 {White wins by adjudication}
Score of Magic vs SeeFutility: 776 - 652 - 806  [0.528] 2234
Started game 2247 of 10000 (Magic vs SeeFutility)
Finished game 2241 (Magic vs SeeFutility): 1-0 {White wins by adjudication}
Score of Magic vs SeeFutility: 777 - 652 - 806  [0.528] 2235
Started game 2248 of 10000 (SeeFutility vs Magic)
Finished game 2238 (SeeFutility vs Magic): 1-0 {White wins by adjudication}
Score of Magic vs SeeFutility: 777 - 653 - 806  [0.528] 2236
Started game 2249 of 10000 (Magic vs SeeFutility)
Finished game 2233 (Magic vs SeeFutility): 0-1 {Black mates}
Score of Magic vs SeeFutility: 777 - 654 - 806  [0.527] 2237
Started game 2250 of 10000 (SeeFutility vs Magic)
Finished game 2239 (Magic vs SeeFutility): 1-0 {White wins by adjudication}
Score of Magic vs SeeFutility: 778 - 654 - 806  [0.528] 2238
Started game 2251 of 10000 (Magic vs SeeFutility)
Finished game 2237 (Magic vs SeeFutility): 1-0 {White wins by adjudication}
Score of Magic vs SeeFutility: 779 - 654 - 806  [0.528] 2239
Started game 2252 of 10000 (SeeFutility vs Magic)
Finished game 2236 (SeeFutility vs Magic): 1-0 {White wins by adjudication}
Score of Magic vs SeeFutility: 779 - 655 - 806  [0.528] 2240
Started game 2253 of 10000 (Magic vs SeeFutility)
Finished game 2240 (SeeFutility vs Magic): 1/2-1/2 {Draw by adjudication}
Score of Magic vs SeeFutility: 779 - 655 - 807  [0.528] 2241
Started game 2254 of 10000 (SeeFutility vs Magic)
Finished game 2243 (Magic vs SeeFutility): 0-1 {Black wins by adjudication}
Score of Magic vs SeeFutility: 779 - 656 - 807  [0.527] 2242
Started game 2255 of 10000 (Magic vs SeeFutility)
Finished game 2246 (SeeFutility vs Magic): 1/2-1/2 {Draw by 3-fold repetition}
Score of Magic vs SeeFutility: 779 - 656 - 808  [0.527] 2243
Started game 2256 of 10000 (SeeFutility vs Magic)
Finished game 2242 (SeeFutility vs Magic): 1/2-1/2 {Draw by 3-fold repetition}
Score of Magic vs SeeFutility: 779 - 656 - 809  [0.527] 2244
Started game 2257 of 10000 (Magic vs SeeFutility)
Finished game 2244 (SeeFutility vs Magic): 0-1 {Black wins by adjudication}
Score of Magic vs SeeFutility: 780 - 656 - 809  [0.528] 2245
Started game 2258 of 10000 (SeeFutility vs Magic)
Finished game 2247 (Magic vs SeeFutility): 1-0 {White wins by adjudication}
Score of Magic vs SeeFutility: 781 - 656 - 809  [0.528] 2246
Started game 2259 of 10000 (Magic vs SeeFutility)
Finished game 2249 (Magic vs SeeFutility): 0-1 {Black wins by adjudication}
Score of Magic vs SeeFutility: 781 - 657 - 809  [0.528] 2247
Started game 2260 of 10000 (SeeFutility vs Magic)
Finished game 2245 (Magic vs SeeFutility): 0-1 {Black wins by adjudication}
Score of Magic vs SeeFutility: 781 - 658 - 809  [0.527] 2248
Started game 2261 of 10000 (Magic vs SeeFutility)
Finished game 2251 (Magic vs SeeFutility): 1/2-1/2 {Draw by 3-fold repetition}
Score of Magic vs SeeFutility: 781 - 658 - 810  [0.527] 2249
Started game 2262 of 10000 (SeeFutility vs Magic)
Finished game 2250 (SeeFutility vs Magic): 0-1 {Black wins by adjudication}
Score of Magic vs SeeFutility: 782 - 658 - 810  [0.528] 2250
Started game 2263 of 10000 (Magic vs SeeFutility)
Finished game 2253 (Magic vs SeeFutility): 1/2-1/2 {Draw by 3-fold repetition}
Score of Magic vs SeeFutility: 782 - 658 - 811  [0.528] 2251
Started game 2264 of 10000 (SeeFutility vs Magic)
Finished game 2248 (SeeFutility vs Magic): 1/2-1/2 {Draw by stalemate}
Score of Magic vs SeeFutility: 782 - 658 - 812  [0.528] 2252
Started game 2265 of 10000 (Magic vs SeeFutility)
Finished game 2256 (SeeFutility vs Magic): 1-0 {White wins by adjudication}
Score of Magic vs SeeFutility: 782 - 659 - 812  [0.527] 2253
Started game 2266 of 10000 (SeeFutility vs Magic)
Finished game 2252 (SeeFutility vs Magic): 1/2-1/2 {Draw by adjudication}
Score of Magic vs SeeFutility: 782 - 659 - 813  [0.527] 2254
Started game 2267 of 10000 (Magic vs SeeFutility)
Finished game 2258 (SeeFutility vs Magic): 1-0 {White wins by adjudication}
Score of Magic vs SeeFutility: 782 - 660 - 813  [0.527] 2255
Started game 2268 of 10000 (SeeFutility vs Magic)
Finished game 2257 (Magic vs SeeFutility): 1-0 {White wins by adjudication}
Score of Magic vs SeeFutility: 783 - 660 - 813  [0.527] 2256
Started game 2269 of 10000 (Magic vs SeeFutility)
Finished game 2255 (Magic vs SeeFutility): 0-1 {Black wins by adjudication}
Score of Magic vs SeeFutility: 783 - 661 - 813  [0.527] 2257
Started game 2270 of 10000 (SeeFutility vs Magic)
Finished game 2263 (Magic vs SeeFutility): 1-0 {White wins by adjudication}
Score of Magic vs SeeFutility: 784 - 661 - 813  [0.527] 2258
Started game 2271 of 10000 (Magic vs SeeFutility)
Finished game 2254 (SeeFutility vs Magic): 1-0 {White wins by adjudication}
Score of Magic vs SeeFutility: 784 - 662 - 813  [0.527] 2259
Started game 2272 of 10000 (SeeFutility vs Magic)
Finished game 2259 (Magic vs SeeFutility): 1/2-1/2 {Draw by insufficient mating material}
Score of Magic vs SeeFutility: 784 - 662 - 814  [0.527] 2260
Started game 2273 of 10000 (Magic vs SeeFutility)
Finished game 2261 (Magic vs SeeFutility): 1/2-1/2 {Draw by 3-fold repetition}
Score of Magic vs SeeFutility: 784 - 662 - 815  [0.527] 2261
Started game 2274 of 10000 (SeeFutility vs Magic)
Finished game 2260 (SeeFutility vs Magic): 1-0 {White wins by adjudication}
Score of Magic vs SeeFutility: 784 - 663 - 815  [0.527] 2262
Started game 2275 of 10000 (Magic vs SeeFutility)
Finished game 2262 (SeeFutility vs Magic): 0-1 {Black wins by adjudication}
Score of Magic vs SeeFutility: 785 - 663 - 815  [0.527] 2263
Started game 2276 of 10000 (SeeFutility vs Magic)
Finished game 2265 (Magic vs SeeFutility): 1-0 {White wins by adjudication}
Score of Magic vs SeeFutility: 786 - 663 - 815  [0.527] 2264
Started game 2277 of 10000 (Magic vs SeeFutility)
Finished game 2264 (SeeFutility vs Magic): 0-1 {Black wins by adjudication}
Score of Magic vs SeeFutility: 787 - 663 - 815  [0.527] 2265
Started game 2278 of 10000 (SeeFutility vs Magic)
Finished game 2266 (SeeFutility vs Magic): 1/2-1/2 {Draw by 3-fold repetition}
Score of Magic vs SeeFutility: 787 - 663 - 816  [0.527] 2266
Started game 2279 of 10000 (Magic vs SeeFutility)
Finished game 2270 (SeeFutility vs Magic): 0-1 {Black wins by adjudication}
Score of Magic vs SeeFutility: 788 - 663 - 816  [0.528] 2267
Started game 2280 of 10000 (SeeFutility vs Magic)
Finished game 2269 (Magic vs SeeFutility): 1-0 {White mates}
Score of Magic vs SeeFutility: 789 - 663 - 816  [0.528] 2268
Started game 2281 of 10000 (Magic vs SeeFutility)
Finished game 2268 (SeeFutility vs Magic): 1/2-1/2 {Draw by insufficient mating material}
Score of Magic vs SeeFutility: 789 - 663 - 817  [0.528] 2269
Started game 2282 of 10000 (SeeFutility vs Magic)
Finished game 2271 (Magic vs SeeFutility): 0-1 {Black wins by adjudication}
Score of Magic vs SeeFutility: 789 - 664 - 817  [0.528] 2270
Started game 2283 of 10000 (Magic vs SeeFutility)
Finished game 2274 (SeeFutility vs Magic): 1-0 {White wins by adjudication}
Score of Magic vs SeeFutility: 789 - 665 - 817  [0.527] 2271
Started game 2284 of 10000 (SeeFutility vs Magic)
Finished game 2267 (Magic vs SeeFutility): 1-0 {White wins by adjudication}
Score of Magic vs SeeFutility: 790 - 665 - 817  [0.528] 2272
Started game 2285 of 10000 (Magic vs SeeFutility)
Finished game 2276 (SeeFutility vs Magic): 1/2-1/2 {Draw by 3-fold repetition}
Score of Magic vs SeeFutility: 790 - 665 - 818  [0.527] 2273
Started game 2286 of 10000 (SeeFutility vs Magic)
Finished game 2273 (Magic vs SeeFutility): 1-0 {White wins by adjudication}
Score of Magic vs SeeFutility: 791 - 665 - 818  [0.528] 2274
Started game 2287 of 10000 (Magic vs SeeFutility)
Finished game 2275 (Magic vs SeeFutility): 1-0 {White wins by adjudication}
Score of Magic vs SeeFutility: 792 - 665 - 818  [0.528] 2275
Started game 2288 of 10000 (SeeFutility vs Magic)
Finished game 2272 (SeeFutility vs Magic): 0-1 {Black wins by adjudication}
Score of Magic vs SeeFutility: 793 - 665 - 818  [0.528] 2276
Started game 2289 of 10000 (Magic vs SeeFutility)
Finished game 2278 (SeeFutility vs Magic): 1-0 {White wins by adjudication}
Score of Magic vs SeeFutility: 793 - 666 - 818  [0.528] 2277
Started game 2290 of 10000 (SeeFutility vs Magic)
Finished game 2284 (SeeFutility vs Magic): 1-0 {White wins by adjudication}
Score of Magic vs SeeFutility: 793 - 667 - 818  [0.528] 2278
Started game 2291 of 10000 (Magic vs SeeFutility)
Finished game 2282 (SeeFutility vs Magic): 1-0 {White wins by adjudication}
Score of Magic vs SeeFutility: 793 - 668 - 818  [0.527] 2279
Started game 2292 of 10000 (SeeFutility vs Magic)
Finished game 2279 (Magic vs SeeFutility): 0-1 {Black wins by adjudication}
Score of Magic vs SeeFutility: 793 - 669 - 818  [0.527] 2280
Started game 2293 of 10000 (Magic vs SeeFutility)
Finished game 2277 (Magic vs SeeFutility): 1-0 {White wins by adjudication}
Score of Magic vs SeeFutility: 794 - 669 - 818  [0.527] 2281
Started game 2294 of 10000 (SeeFutility vs Magic)
Finished game 2280 (SeeFutility vs Magic): 1-0 {White wins by adjudication}
Score of Magic vs SeeFutility: 794 - 670 - 818  [0.527] 2282
Started game 2295 of 10000 (Magic vs SeeFutility)
Finished game 2283 (Magic vs SeeFutility): 1-0 {White wins by adjudication}
Score of Magic vs SeeFutility: 795 - 670 - 818  [0.527] 2283
Started game 2296 of 10000 (SeeFutility vs Magic)
Finished game 2281 (Magic vs SeeFutility): 0-1 {Black wins by adjudication}
Score of Magic vs SeeFutility: 795 - 671 - 818  [0.527] 2284
Started game 2297 of 10000 (Magic vs SeeFutility)
Finished game 2285 (Magic vs SeeFutility): 0-1 {Black wins by adjudication}
Score of Magic vs SeeFutility: 795 - 672 - 818  [0.527] 2285
Started game 2298 of 10000 (SeeFutility vs Magic)
Finished game 2286 (SeeFutility vs Magic): 0-1 {Black wins by adjudication}
Score of Magic vs SeeFutility: 796 - 672 - 818  [0.527] 2286
Started game 2299 of 10000 (Magic vs SeeFutility)
Finished game 2287 (Magic vs SeeFutility): 1/2-1/2 {Draw by adjudication}
Score of Magic vs SeeFutility: 796 - 672 - 819  [0.527] 2287
Started game 2300 of 10000 (SeeFutility vs Magic)
Finished game 2289 (Magic vs SeeFutility): 1/2-1/2 {Draw by 3-fold repetition}
Score of Magic vs SeeFutility: 796 - 672 - 820  [0.527] 2288
Started game 2301 of 10000 (Magic vs SeeFutility)
Finished game 2290 (SeeFutility vs Magic): 0-1 {Black wins by adjudication}
Score of Magic vs SeeFutility: 797 - 672 - 820  [0.527] 2289
Started game 2302 of 10000 (SeeFutility vs Magic)
Finished game 2292 (SeeFutility vs Magic): 0-1 {Black wins by adjudication}
Score of Magic vs SeeFutility: 798 - 672 - 820  [0.528] 2290
Started game 2303 of 10000 (Magic vs SeeFutility)
Finished game 2295 (Magic vs SeeFutility): 1/2-1/2 {Draw by adjudication}
Score of Magic vs SeeFutility: 798 - 672 - 821  [0.527] 2291
Started game 2304 of 10000 (SeeFutility vs Magic)
Finished game 2294 (SeeFutility vs Magic): 0-1 {Black wins by adjudication}
Score of Magic vs SeeFutility: 799 - 672 - 821  [0.528] 2292
Started game 2305 of 10000 (Magic vs SeeFutility)
Finished game 2291 (Magic vs SeeFutility): 1/2-1/2 {Draw by 3-fold repetition}
Score of Magic vs SeeFutility: 799 - 672 - 822  [0.528] 2293
Started game 2306 of 10000 (SeeFutility vs Magic)
Finished game 2298 (SeeFutility vs Magic): 1-0 {White wins by adjudication}
Score of Magic vs SeeFutility: 799 - 673 - 822  [0.527] 2294
Started game 2307 of 10000 (Magic vs SeeFutility)
Finished game 2299 (Magic vs SeeFutility): 0-1 {Black wins by adjudication}
Score of Magic vs SeeFutility: 799 - 674 - 822  [0.527] 2295
Started game 2308 of 10000 (SeeFutility vs Magic)
Finished game 2296 (SeeFutility vs Magic): 1-0 {White wins by adjudication}
Score of Magic vs SeeFutility: 799 - 675 - 822  [0.527] 2296
Started game 2309 of 10000 (Magic vs SeeFutility)
Finished game 2297 (Magic vs SeeFutility): 1-0 {White wins by adjudication}
Score of Magic vs SeeFutility: 800 - 675 - 822  [0.527] 2297
Started game 2310 of 10000 (SeeFutility vs Magic)
Finished game 2288 (SeeFutility vs Magic): 1-0 {White wins by adjudication}
Score of Magic vs SeeFutility: 800 - 676 - 822  [0.527] 2298
Started game 2311 of 10000 (Magic vs SeeFutility)
Finished game 2293 (Magic vs SeeFutility): 1/2-1/2 {Draw by 3-fold repetition}
Score of Magic vs SeeFutility: 800 - 676 - 823  [0.527] 2299
Started game 2312 of 10000 (SeeFutility vs Magic)
Finished game 2302 (SeeFutility vs Magic): 0-1 {Black wins by adjudication}
Score of Magic vs SeeFutility: 801 - 676 - 823  [0.527] 2300
Started game 2313 of 10000 (Magic vs SeeFutility)
Finished game 2301 (Magic vs SeeFutility): 0-1 {Black wins by adjudication}
Score of Magic vs SeeFutility: 801 - 677 - 823  [0.527] 2301
Started game 2314 of 10000 (SeeFutility vs Magic)
Finished game 2300 (SeeFutility vs Magic): 1/2-1/2 {Draw by adjudication}
Score of Magic vs SeeFutility: 801 - 677 - 824  [0.527] 2302
Started game 2315 of 10000 (Magic vs SeeFutility)
Finished game 2306 (SeeFutility vs Magic): 1-0 {White wins by adjudication}
Score of Magic vs SeeFutility: 801 - 678 - 824  [0.527] 2303
Started game 2316 of 10000 (SeeFutility vs Magic)
Finished game 2303 (Magic vs SeeFutility): 1-0 {White wins by adjudication}
Score of Magic vs SeeFutility: 802 - 678 - 824  [0.527] 2304
Started game 2317 of 10000 (Magic vs SeeFutility)
Finished game 2305 (Magic vs SeeFutility): 1-0 {White wins by adjudication}
Score of Magic vs SeeFutility: 803 - 678 - 824  [0.527] 2305
Finished game 2307 (Magic vs SeeFutility): 1/2-1/2 {Draw by 3-fold repetition}
Score of Magic vs SeeFutility: 803 - 678 - 825  [0.527] 2306
Started game 2318 of 10000 (SeeFutility vs Magic)
Started game 2319 of 10000 (Magic vs SeeFutility)
Finished game 2304 (SeeFutility vs Magic): 1-0 {White wins by adjudication}
Score of Magic vs SeeFutility: 803 - 679 - 825  [0.527] 2307
Started game 2320 of 10000 (SeeFutility vs Magic)
Finished game 2308 (SeeFutility vs Magic): 1/2-1/2 {Draw by 3-fold repetition}
Score of Magic vs SeeFutility: 803 - 679 - 826  [0.527] 2308
Started game 2321 of 10000 (Magic vs SeeFutility)
Finished game 2312 (SeeFutility vs Magic): 1/2-1/2 {Draw by 3-fold repetition}
Score of Magic vs SeeFutility: 803 - 679 - 827  [0.527] 2309
Started game 2322 of 10000 (SeeFutility vs Magic)
Finished game 2311 (Magic vs SeeFutility): 1/2-1/2 {Draw by 3-fold repetition}
Score of Magic vs SeeFutility: 803 - 679 - 828  [0.527] 2310
Started game 2323 of 10000 (Magic vs SeeFutility)
Finished game 2310 (SeeFutility vs Magic): 1/2-1/2 {Draw by 3-fold repetition}
Score of Magic vs SeeFutility: 803 - 679 - 829  [0.527] 2311
Started game 2324 of 10000 (SeeFutility vs Magic)
Finished game 2309 (Magic vs SeeFutility): 1/2-1/2 {Draw by adjudication}
Score of Magic vs SeeFutility: 803 - 679 - 830  [0.527] 2312
Started game 2325 of 10000 (Magic vs SeeFutility)
Finished game 2317 (Magic vs SeeFutility): 1/2-1/2 {Draw by 3-fold repetition}
Score of Magic vs SeeFutility: 803 - 679 - 831  [0.527] 2313
Started game 2326 of 10000 (SeeFutility vs Magic)
Finished game 2314 (SeeFutility vs Magic): 1/2-1/2 {Draw by adjudication}
Score of Magic vs SeeFutility: 803 - 679 - 832  [0.527] 2314
Started game 2327 of 10000 (Magic vs SeeFutility)
Finished game 2313 (Magic vs SeeFutility): 1/2-1/2 {Draw by 3-fold repetition}
Score of Magic vs SeeFutility: 803 - 679 - 833  [0.527] 2315
Started game 2328 of 10000 (SeeFutility vs Magic)
Finished game 2315 (Magic vs SeeFutility): 1-0 {White wins by adjudication}
Score of Magic vs SeeFutility: 804 - 679 - 833  [0.527] 2316
Started game 2329 of 10000 (Magic vs SeeFutility)
Finished game 2318 (SeeFutility vs Magic): 0-1 {Black wins by adjudication}
Score of Magic vs SeeFutility: 805 - 679 - 833  [0.527] 2317
Started game 2330 of 10000 (SeeFutility vs Magic)
Finished game 2320 (SeeFutility vs Magic): 1-0 {White wins by adjudication}
Score of Magic vs SeeFutility: 805 - 680 - 833  [0.527] 2318
Started game 2331 of 10000 (Magic vs SeeFutility)
Finished game 2321 (Magic vs SeeFutility): 1-0 {White wins by adjudication}
Score of Magic vs SeeFutility: 806 - 680 - 833  [0.527] 2319
Started game 2332 of 10000 (SeeFutility vs Magic)
Finished game 2316 (SeeFutility vs Magic): 0-1 {Black wins by adjudication}
Score of Magic vs SeeFutility: 807 - 680 - 833  [0.527] 2320
Started game 2333 of 10000 (Magic vs SeeFutility)
Finished game 2325 (Magic vs SeeFutility): 1-0 {White wins by adjudication}
Score of Magic vs SeeFutility: 808 - 680 - 833  [0.528] 2321
Started game 2334 of 10000 (SeeFutility vs Magic)
Finished game 2323 (Magic vs SeeFutility): 1-0 {White wins by adjudication}
Score of Magic vs SeeFutility: 809 - 680 - 833  [0.528] 2322
Started game 2335 of 10000 (Magic vs SeeFutility)
Finished game 2319 (Magic vs SeeFutility): 1-0 {White wins by adjudication}
Score of Magic vs SeeFutility: 810 - 680 - 833  [0.528] 2323
Started game 2336 of 10000 (SeeFutility vs Magic)
Finished game 2322 (SeeFutility vs Magic): 1/2-1/2 {Draw by insufficient mating material}
Score of Magic vs SeeFutility: 810 - 680 - 834  [0.528] 2324
Started game 2337 of 10000 (Magic vs SeeFutility)
Finished game 2331 (Magic vs SeeFutility): 1/2-1/2 {Draw by 3-fold repetition}
Score of Magic vs SeeFutility: 810 - 680 - 835  [0.528] 2325
Started game 2338 of 10000 (SeeFutility vs Magic)
Finished game 2326 (SeeFutility vs Magic): 1-0 {White wins by adjudication}
Score of Magic vs SeeFutility: 810 - 681 - 835  [0.528] 2326
Started game 2339 of 10000 (Magic vs SeeFutility)
Finished game 2327 (Magic vs SeeFutility): 1-0 {White wins by adjudication}
Score of Magic vs SeeFutility: 811 - 681 - 835  [0.528] 2327
Started game 2340 of 10000 (SeeFutility vs Magic)
Finished game 2324 (SeeFutility vs Magic): 1-0 {White wins by adjudication}
Score of Magic vs SeeFutility: 811 - 682 - 835  [0.528] 2328
Started game 2341 of 10000 (Magic vs SeeFutility)
Finished game 2333 (Magic vs SeeFutility): 1/2-1/2 {Draw by 3-fold repetition}
Score of Magic vs SeeFutility: 811 - 682 - 836  [0.528] 2329
Started game 2342 of 10000 (SeeFutility vs Magic)
Finished game 2329 (Magic vs SeeFutility): 1-0 {White wins by adjudication}
Score of Magic vs SeeFutility: 812 - 682 - 836  [0.528] 2330
Started game 2343 of 10000 (Magic vs SeeFutility)
Finished game 2330 (SeeFutility vs Magic): 1/2-1/2 {Draw by 3-fold repetition}
Score of Magic vs SeeFutility: 812 - 682 - 837  [0.528] 2331
Started game 2344 of 10000 (SeeFutility vs Magic)
Finished game 2328 (SeeFutility vs Magic): 1/2-1/2 {Draw by 3-fold repetition}
Score of Magic vs SeeFutility: 812 - 682 - 838  [0.528] 2332
Started game 2345 of 10000 (Magic vs SeeFutility)
Finished game 2332 (SeeFutility vs Magic): 0-1 {Black wins by adjudication}
Score of Magic vs SeeFutility: 813 - 682 - 838  [0.528] 2333
Started game 2346 of 10000 (SeeFutility vs Magic)
Finished game 2335 (Magic vs SeeFutility): 1-0 {White wins by adjudication}
Score of Magic vs SeeFutility: 814 - 682 - 838  [0.528] 2334
Started game 2347 of 10000 (Magic vs SeeFutility)
Finished game 2336 (SeeFutility vs Magic): 1-0 {White wins by adjudication}
Score of Magic vs SeeFutility: 814 - 683 - 838  [0.528] 2335
Started game 2348 of 10000 (SeeFutility vs Magic)
Finished game 2341 (Magic vs SeeFutility): 1-0 {White wins by adjudication}
Score of Magic vs SeeFutility: 815 - 683 - 838  [0.528] 2336
Started game 2349 of 10000 (Magic vs SeeFutility)
Finished game 2334 (SeeFutility vs Magic): 1/2-1/2 {Draw by fifty moves rule}
Score of Magic vs SeeFutility: 815 - 683 - 839  [0.528] 2337
Started game 2350 of 10000 (SeeFutility vs Magic)
Finished game 2337 (Magic vs SeeFutility): 1-0 {White wins by adjudication}
Score of Magic vs SeeFutility: 816 - 683 - 839  [0.528] 2338
Started game 2351 of 10000 (Magic vs SeeFutility)
Finished game 2338 (SeeFutility vs Magic): 1-0 {White wins by adjudication}
Score of Magic vs SeeFutility: 816 - 684 - 839  [0.528] 2339
Started game 2352 of 10000 (SeeFutility vs Magic)
Finished game 2344 (SeeFutility vs Magic): 1-0 {White wins by adjudication}
Score of Magic vs SeeFutility: 816 - 685 - 839  [0.528] 2340
Started game 2353 of 10000 (Magic vs SeeFutility)
Finished game 2340 (SeeFutility vs Magic): 1-0 {White wins by adjudication}
Score of Magic vs SeeFutility: 816 - 686 - 839  [0.528] 2341
Started game 2354 of 10000 (SeeFutility vs Magic)
Finished game 2343 (Magic vs SeeFutility): 1-0 {White wins by adjudication}
Score of Magic vs SeeFutility: 817 - 686 - 839  [0.528] 2342
Started game 2355 of 10000 (Magic vs SeeFutility)
Finished game 2342 (SeeFutility vs Magic): 0-1 {Black wins by adjudication}
Score of Magic vs SeeFutility: 818 - 686 - 839  [0.528] 2343
Started game 2356 of 10000 (SeeFutility vs Magic)
Finished game 2339 (Magic vs SeeFutility): 1-0 {White wins by adjudication}
Score of Magic vs SeeFutility: 819 - 686 - 839  [0.528] 2344
Started game 2357 of 10000 (Magic vs SeeFutility)
Finished game 2347 (Magic vs SeeFutility): 1/2-1/2 {Draw by adjudication}
Score of Magic vs SeeFutility: 819 - 686 - 840  [0.528] 2345
Started game 2358 of 10000 (SeeFutility vs Magic)
Finished game 2345 (Magic vs SeeFutility): 1-0 {White wins by adjudication}
Score of Magic vs SeeFutility: 820 - 686 - 840  [0.529] 2346
Started game 2359 of 10000 (Magic vs SeeFutility)
Finished game 2349 (Magic vs SeeFutility): 0-1 {Black mates}
Score of Magic vs SeeFutility: 820 - 687 - 840  [0.528] 2347
Started game 2360 of 10000 (SeeFutility vs Magic)
Finished game 2348 (SeeFutility vs Magic): 0-1 {Black wins by adjudication}
Score of Magic vs SeeFutility: 821 - 687 - 840  [0.529] 2348
Started game 2361 of 10000 (Magic vs SeeFutility)
Finished game 2350 (SeeFutility vs Magic): 1/2-1/2 {Draw by adjudication}
Score of Magic vs SeeFutility: 821 - 687 - 841  [0.529] 2349
Started game 2362 of 10000 (SeeFutility vs Magic)
Finished game 2351 (Magic vs SeeFutility): 1/2-1/2 {Draw by adjudication}
Score of Magic vs SeeFutility: 821 - 687 - 842  [0.529] 2350
Started game 2363 of 10000 (Magic vs SeeFutility)
Finished game 2346 (SeeFutility vs Magic): 1-0 {White wins by adjudication}
Score of Magic vs SeeFutility: 821 - 688 - 842  [0.528] 2351
Started game 2364 of 10000 (SeeFutility vs Magic)
Finished game 2353 (Magic vs SeeFutility): 1-0 {White wins by adjudication}
Score of Magic vs SeeFutility: 822 - 688 - 842  [0.528] 2352
Started game 2365 of 10000 (Magic vs SeeFutility)
Finished game 2354 (SeeFutility vs Magic): 1-0 {White wins by adjudication}
Score of Magic vs SeeFutility: 822 - 689 - 842  [0.528] 2353
Started game 2366 of 10000 (SeeFutility vs Magic)
Finished game 2356 (SeeFutility vs Magic): 1-0 {White wins by adjudication}
Score of Magic vs SeeFutility: 822 - 690 - 842  [0.528] 2354
Started game 2367 of 10000 (Magic vs SeeFutility)
Finished game 2357 (Magic vs SeeFutility): 1/2-1/2 {Draw by insufficient mating material}
Score of Magic vs SeeFutility: 822 - 690 - 843  [0.528] 2355
Started game 2368 of 10000 (SeeFutility vs Magic)
Finished game 2355 (Magic vs SeeFutility): 1-0 {White wins by adjudication}
Score of Magic vs SeeFutility: 823 - 690 - 843  [0.528] 2356
Started game 2369 of 10000 (Magic vs SeeFutility)
Finished game 2359 (Magic vs SeeFutility): 0-1 {Black wins by adjudication}
Score of Magic vs SeeFutility: 823 - 691 - 843  [0.528] 2357
Started game 2370 of 10000 (SeeFutility vs Magic)
Finished game 2352 (SeeFutility vs Magic): 1-0 {White wins by adjudication}
Score of Magic vs SeeFutility: 823 - 692 - 843  [0.528] 2358
Finished game 2361 (Magic vs SeeFutility): 1-0 {White wins by adjudication}
Score of Magic vs SeeFutility: 824 - 692 - 843  [0.528] 2359
Started game 2372 of 10000 (SeeFutility vs Magic)
Started game 2371 of 10000 (Magic vs SeeFutility)
Finished game 2364 (SeeFutility vs Magic): 0-1 {Black wins by adjudication}
Score of Magic vs SeeFutility: 825 - 692 - 843  [0.528] 2360
Started game 2373 of 10000 (Magic vs SeeFutility)
Finished game 2360 (SeeFutility vs Magic): 0-1 {Black wins by adjudication}
Score of Magic vs SeeFutility: 826 - 692 - 843  [0.528] 2361
Started game 2374 of 10000 (SeeFutility vs Magic)
Finished game 2363 (Magic vs SeeFutility): 1-0 {White wins by adjudication}
Score of Magic vs SeeFutility: 827 - 692 - 843  [0.529] 2362
Started game 2375 of 10000 (Magic vs SeeFutility)
Finished game 2368 (SeeFutility vs Magic): 0-1 {Black wins by adjudication}
Score of Magic vs SeeFutility: 828 - 692 - 843  [0.529] 2363
Started game 2376 of 10000 (SeeFutility vs Magic)
Finished game 2369 (Magic vs SeeFutility): 1/2-1/2 {Draw by 3-fold repetition}
Score of Magic vs SeeFutility: 828 - 692 - 844  [0.529] 2364
Started game 2377 of 10000 (Magic vs SeeFutility)
Finished game 2370 (SeeFutility vs Magic): 1/2-1/2 {Draw by 3-fold repetition}
Score of Magic vs SeeFutility: 828 - 692 - 845  [0.529] 2365
Started game 2378 of 10000 (SeeFutility vs Magic)
Finished game 2366 (SeeFutility vs Magic): 1/2-1/2 {Draw by 3-fold repetition}
Score of Magic vs SeeFutility: 828 - 692 - 846  [0.529] 2366
Started game 2379 of 10000 (Magic vs SeeFutility)
Finished game 2365 (Magic vs SeeFutility): 1-0 {White wins by adjudication}
Score of Magic vs SeeFutility: 829 - 692 - 846  [0.529] 2367
Started game 2380 of 10000 (SeeFutility vs Magic)
Finished game 2367 (Magic vs SeeFutility): 1-0 {White wins by adjudication}
Score of Magic vs SeeFutility: 830 - 692 - 846  [0.529] 2368
Started game 2381 of 10000 (Magic vs SeeFutility)
Finished game 2362 (SeeFutility vs Magic): 1/2-1/2 {Draw by fifty moves rule}
Score of Magic vs SeeFutility: 830 - 692 - 847  [0.529] 2369
Started game 2382 of 10000 (SeeFutility vs Magic)
Finished game 2373 (Magic vs SeeFutility): 0-1 {Black wins by adjudication}
Score of Magic vs SeeFutility: 830 - 693 - 847  [0.529] 2370
Started game 2383 of 10000 (Magic vs SeeFutility)
Finished game 2358 (SeeFutility vs Magic): 1/2-1/2 {Draw by adjudication}
Score of Magic vs SeeFutility: 830 - 693 - 848  [0.529] 2371
Started game 2384 of 10000 (SeeFutility vs Magic)
Finished game 2371 (Magic vs SeeFutility): 1/2-1/2 {Draw by adjudication}
Score of Magic vs SeeFutility: 830 - 693 - 849  [0.529] 2372
Started game 2385 of 10000 (Magic vs SeeFutility)
Finished game 2374 (SeeFutility vs Magic): 1-0 {White wins by adjudication}
Score of Magic vs SeeFutility: 830 - 694 - 849  [0.529] 2373
Started game 2386 of 10000 (SeeFutility vs Magic)
Finished game 2375 (Magic vs SeeFutility): 0-1 {Black wins by adjudication}
Score of Magic vs SeeFutility: 830 - 695 - 849  [0.528] 2374
Started game 2387 of 10000 (Magic vs SeeFutility)
Finished game 2372 (SeeFutility vs Magic): 1-0 {White wins by adjudication}
Score of Magic vs SeeFutility: 830 - 696 - 849  [0.528] 2375
Started game 2388 of 10000 (SeeFutility vs Magic)
Finished game 2383 (Magic vs SeeFutility): 0-1 {Black wins by adjudication}
Score of Magic vs SeeFutility: 830 - 697 - 849  [0.528] 2376
Started game 2389 of 10000 (Magic vs SeeFutility)
Finished game 2376 (SeeFutility vs Magic): 0-1 {Black wins by adjudication}
Score of Magic vs SeeFutility: 831 - 697 - 849  [0.528] 2377
Started game 2390 of 10000 (SeeFutility vs Magic)
Finished game 2377 (Magic vs SeeFutility): 1-0 {White wins by adjudication}
Score of Magic vs SeeFutility: 832 - 697 - 849  [0.528] 2378
Started game 2391 of 10000 (Magic vs SeeFutility)
Finished game 2384 (SeeFutility vs Magic): 1/2-1/2 {Draw by 3-fold repetition}
Score of Magic vs SeeFutility: 832 - 697 - 850  [0.528] 2379
Started game 2392 of 10000 (SeeFutility vs Magic)
Finished game 2379 (Magic vs SeeFutility): 1/2-1/2 {Draw by 3-fold repetition}
Score of Magic vs SeeFutility: 832 - 697 - 851  [0.528] 2380
Started game 2393 of 10000 (Magic vs SeeFutility)
Finished game 2378 (SeeFutility vs Magic): 1-0 {White wins by adjudication}
Score of Magic vs SeeFutility: 832 - 698 - 851  [0.528] 2381
Started game 2394 of 10000 (SeeFutility vs Magic)
Finished game 2380 (SeeFutility vs Magic): 1-0 {White wins by adjudication}
Score of Magic vs SeeFutility: 832 - 699 - 851  [0.528] 2382
Started game 2395 of 10000 (Magic vs SeeFutility)
Finished game 2385 (Magic vs SeeFutility): 1-0 {White wins by adjudication}
Score of Magic vs SeeFutility: 833 - 699 - 851  [0.528] 2383
Started game 2396 of 10000 (SeeFutility vs Magic)
Finished game 2382 (SeeFutility vs Magic): 0-1 {Black wins by adjudication}
Score of Magic vs SeeFutility: 834 - 699 - 851  [0.528] 2384
Started game 2397 of 10000 (Magic vs SeeFutility)
Finished game 2386 (SeeFutility vs Magic): 1/2-1/2 {Draw by adjudication}
Score of Magic vs SeeFutility: 834 - 699 - 852  [0.528] 2385
Started game 2398 of 10000 (SeeFutility vs Magic)
Finished game 2381 (Magic vs SeeFutility): 1/2-1/2 {Draw by insufficient mating material}
Score of Magic vs SeeFutility: 834 - 699 - 853  [0.528] 2386
Started game 2399 of 10000 (Magic vs SeeFutility)
Finished game 2388 (SeeFutility vs Magic): 1/2-1/2 {Draw by 3-fold repetition}
Score of Magic vs SeeFutility: 834 - 699 - 854  [0.528] 2387
Started game 2400 of 10000 (SeeFutility vs Magic)
Finished game 2392 (SeeFutility vs Magic): 1-0 {White wins by adjudication}
Score of Magic vs SeeFutility: 834 - 700 - 854  [0.528] 2388
Started game 2401 of 10000 (Magic vs SeeFutility)
Finished game 2394 (SeeFutility vs Magic): 1-0 {White wins by adjudication}
Score of Magic vs SeeFutility: 834 - 701 - 854  [0.528] 2389
Started game 2402 of 10000 (SeeFutility vs Magic)
Finished game 2387 (Magic vs SeeFutility): 1/2-1/2 {Draw by 3-fold repetition}
Score of Magic vs SeeFutility: 834 - 701 - 855  [0.528] 2390
Started game 2403 of 10000 (Magic vs SeeFutility)
Finished game 2391 (Magic vs SeeFutility): 1-0 {White wins by adjudication}
Score of Magic vs SeeFutility: 835 - 701 - 855  [0.528] 2391
Started game 2404 of 10000 (SeeFutility vs Magic)
Finished game 2389 (Magic vs SeeFutility): 1/2-1/2 {Draw by insufficient mating material}
Score of Magic vs SeeFutility: 835 - 701 - 856  [0.528] 2392
Started game 2405 of 10000 (Magic vs SeeFutility)
Finished game 2390 (SeeFutility vs Magic): 0-1 {Black wins by adjudication}
Score of Magic vs SeeFutility: 836 - 701 - 856  [0.528] 2393
Started game 2406 of 10000 (SeeFutility vs Magic)
Finished game 2396 (SeeFutility vs Magic): 1/2-1/2 {Draw by 3-fold repetition}
Score of Magic vs SeeFutility: 836 - 701 - 857  [0.528] 2394
Started game 2407 of 10000 (Magic vs SeeFutility)
Finished game 2397 (Magic vs SeeFutility): 1/2-1/2 {Draw by 3-fold repetition}
Score of Magic vs SeeFutility: 836 - 701 - 858  [0.528] 2395
Started game 2408 of 10000 (SeeFutility vs Magic)
Finished game 2393 (Magic vs SeeFutility): 1/2-1/2 {Draw by 3-fold repetition}
Score of Magic vs SeeFutility: 836 - 701 - 859  [0.528] 2396
Started game 2409 of 10000 (Magic vs SeeFutility)
Finished game 2398 (SeeFutility vs Magic): 1/2-1/2 {Draw by 3-fold repetition}
Score of Magic vs SeeFutility: 836 - 701 - 860  [0.528] 2397
Started game 2410 of 10000 (SeeFutility vs Magic)
Finished game 2395 (Magic vs SeeFutility): 1/2-1/2 {Draw by fifty moves rule}
Score of Magic vs SeeFutility: 836 - 701 - 861  [0.528] 2398
Started game 2411 of 10000 (Magic vs SeeFutility)
Finished game 2405 (Magic vs SeeFutility): 0-1 {Black mates}
Score of Magic vs SeeFutility: 836 - 702 - 861  [0.528] 2399
Started game 2412 of 10000 (SeeFutility vs Magic)
Finished game 2403 (Magic vs SeeFutility): 1/2-1/2 {Draw by 3-fold repetition}
Score of Magic vs SeeFutility: 836 - 702 - 862  [0.528] 2400
Started game 2413 of 10000 (Magic vs SeeFutility)
Finished game 2406 (SeeFutility vs Magic): 1-0 {White wins by adjudication}
Score of Magic vs SeeFutility: 836 - 703 - 862  [0.528] 2401
Started game 2414 of 10000 (SeeFutility vs Magic)
Finished game 2401 (Magic vs SeeFutility): 1/2-1/2 {Draw by 3-fold repetition}
Score of Magic vs SeeFutility: 836 - 703 - 863  [0.528] 2402
Started game 2415 of 10000 (Magic vs SeeFutility)
Finished game 2400 (SeeFutility vs Magic): 1/2-1/2 {Draw by adjudication}
Score of Magic vs SeeFutility: 836 - 703 - 864  [0.528] 2403
Started game 2416 of 10000 (SeeFutility vs Magic)
Finished game 2402 (SeeFutility vs Magic): 0-1 {Black wins by adjudication}
Score of Magic vs SeeFutility: 837 - 703 - 864  [0.528] 2404
Started game 2417 of 10000 (Magic vs SeeFutility)
Finished game 2399 (Magic vs SeeFutility): 1-0 {White wins by adjudication}
Score of Magic vs SeeFutility: 838 - 703 - 864  [0.528] 2405
Started game 2418 of 10000 (SeeFutility vs Magic)
Finished game 2404 (SeeFutility vs Magic): 0-1 {Black wins by adjudication}
Score of Magic vs SeeFutility: 839 - 703 - 864  [0.528] 2406
Started game 2419 of 10000 (Magic vs SeeFutility)
Finished game 2407 (Magic vs SeeFutility): 0-1 {Black wins by adjudication}
Score of Magic vs SeeFutility: 839 - 704 - 864  [0.528] 2407
Started game 2420 of 10000 (SeeFutility vs Magic)
Finished game 2412 (SeeFutility vs Magic): 1/2-1/2 {Draw by 3-fold repetition}
Score of Magic vs SeeFutility: 839 - 704 - 865  [0.528] 2408
Started game 2421 of 10000 (Magic vs SeeFutility)
Finished game 2410 (SeeFutility vs Magic): 0-1 {Black wins by adjudication}
Score of Magic vs SeeFutility: 840 - 704 - 865  [0.528] 2409
Started game 2422 of 10000 (SeeFutility vs Magic)
Finished game 2417 (Magic vs SeeFutility): 1-0 {White wins by adjudication}
Score of Magic vs SeeFutility: 841 - 704 - 865  [0.528] 2410
Started game 2423 of 10000 (Magic vs SeeFutility)
Finished game 2408 (SeeFutility vs Magic): 0-1 {Black wins by adjudication}
Score of Magic vs SeeFutility: 842 - 704 - 865  [0.529] 2411
Started game 2424 of 10000 (SeeFutility vs Magic)
Finished game 2418 (SeeFutility vs Magic): 1-0 {White wins by adjudication}
Score of Magic vs SeeFutility: 842 - 705 - 865  [0.528] 2412
Started game 2425 of 10000 (Magic vs SeeFutility)
Finished game 2413 (Magic vs SeeFutility): 0-1 {Black wins by adjudication}
Score of Magic vs SeeFutility: 842 - 706 - 865  [0.528] 2413
Started game 2426 of 10000 (SeeFutility vs Magic)
Finished game 2411 (Magic vs SeeFutility): 1-0 {White mates}
Score of Magic vs SeeFutility: 843 - 706 - 865  [0.528] 2414
Started game 2427 of 10000 (Magic vs SeeFutility)
Finished game 2415 (Magic vs SeeFutility): 0-1 {Black wins by adjudication}
Score of Magic vs SeeFutility: 843 - 707 - 865  [0.528] 2415
Started game 2428 of 10000 (SeeFutility vs Magic)
Finished game 2414 (SeeFutility vs Magic): 1-0 {White wins by adjudication}
Score of Magic vs SeeFutility: 843 - 708 - 865  [0.528] 2416
Started game 2429 of 10000 (Magic vs SeeFutility)
Finished game 2409 (Magic vs SeeFutility): 1/2-1/2 {Draw by fifty moves rule}
Score of Magic vs SeeFutility: 843 - 708 - 866  [0.528] 2417
Started game 2430 of 10000 (SeeFutility vs Magic)
Finished game 2419 (Magic vs SeeFutility): 0-1 {Black wins by adjudication}
Score of Magic vs SeeFutility: 843 - 709 - 866  [0.528] 2418
Started game 2431 of 10000 (Magic vs SeeFutility)
Finished game 2420 (SeeFutility vs Magic): 0-1 {Black wins by adjudication}
Score of Magic vs SeeFutility: 844 - 709 - 866  [0.528] 2419
Started game 2432 of 10000 (SeeFutility vs Magic)
Finished game 2422 (SeeFutility vs Magic): 0-1 {Black wins by adjudication}
Score of Magic vs SeeFutility: 845 - 709 - 866  [0.528] 2420
Started game 2433 of 10000 (Magic vs SeeFutility)
Finished game 2421 (Magic vs SeeFutility): 0-1 {Black wins by adjudication}
Score of Magic vs SeeFutility: 845 - 710 - 866  [0.528] 2421
Started game 2434 of 10000 (SeeFutility vs Magic)
Finished game 2423 (Magic vs SeeFutility): 1/2-1/2 {Draw by insufficient mating material}
Score of Magic vs SeeFutility: 845 - 710 - 867  [0.528] 2422
Started game 2435 of 10000 (Magic vs SeeFutility)
Finished game 2424 (SeeFutility vs Magic): 1-0 {White wins by adjudication}
Score of Magic vs SeeFutility: 845 - 711 - 867  [0.528] 2423
Started game 2436 of 10000 (SeeFutility vs Magic)
Finished game 2429 (Magic vs SeeFutility): 0-1 {Black wins by adjudication}
Score of Magic vs SeeFutility: 845 - 712 - 867  [0.527] 2424
Started game 2437 of 10000 (Magic vs SeeFutility)
Finished game 2425 (Magic vs SeeFutility): 1/2-1/2 {Draw by 3-fold repetition}
Score of Magic vs SeeFutility: 845 - 712 - 868  [0.527] 2425
Started game 2438 of 10000 (SeeFutility vs Magic)
Finished game 2428 (SeeFutility vs Magic): 0-1 {Black wins by adjudication}
Score of Magic vs SeeFutility: 846 - 712 - 868  [0.528] 2426
Started game 2439 of 10000 (Magic vs SeeFutility)
Finished game 2427 (Magic vs SeeFutility): 1-0 {White wins by adjudication}
Score of Magic vs SeeFutility: 847 - 712 - 868  [0.528] 2427
Started game 2440 of 10000 (SeeFutility vs Magic)
Finished game 2426 (SeeFutility vs Magic): 0-1 {Black mates}
Score of Magic vs SeeFutility: 848 - 712 - 868  [0.528] 2428
Started game 2441 of 10000 (Magic vs SeeFutility)
Finished game 2430 (SeeFutility vs Magic): 0-1 {Black wins by adjudication}
Score of Magic vs SeeFutility: 849 - 712 - 868  [0.528] 2429
Started game 2442 of 10000 (SeeFutility vs Magic)
Finished game 2433 (Magic vs SeeFutility): 1/2-1/2 {Draw by adjudication}
Score of Magic vs SeeFutility: 849 - 712 - 869  [0.528] 2430
Started game 2443 of 10000 (Magic vs SeeFutility)
Finished game 2432 (SeeFutility vs Magic): 0-1 {Black wins by adjudication}
Score of Magic vs SeeFutility: 850 - 712 - 869  [0.528] 2431
Started game 2444 of 10000 (SeeFutility vs Magic)
Finished game 2416 (SeeFutility vs Magic): 1/2-1/2 {Draw by adjudication}
Score of Magic vs SeeFutility: 850 - 712 - 870  [0.528] 2432
Started game 2445 of 10000 (Magic vs SeeFutility)
Finished game 2435 (Magic vs SeeFutility): 0-1 {Black wins by adjudication}
Score of Magic vs SeeFutility: 850 - 713 - 870  [0.528] 2433
Started game 2446 of 10000 (SeeFutility vs Magic)
Finished game 2434 (SeeFutility vs Magic): 0-1 {Black wins by adjudication}
Score of Magic vs SeeFutility: 851 - 713 - 870  [0.528] 2434
Started game 2447 of 10000 (Magic vs SeeFutility)
Finished game 2439 (Magic vs SeeFutility): 1/2-1/2 {Draw by 3-fold repetition}
Score of Magic vs SeeFutility: 851 - 713 - 871  [0.528] 2435
Started game 2448 of 10000 (SeeFutility vs Magic)
Finished game 2431 (Magic vs SeeFutility): 1/2-1/2 {Draw by fifty moves rule}
Score of Magic vs SeeFutility: 851 - 713 - 872  [0.528] 2436
Started game 2449 of 10000 (Magic vs SeeFutility)
Finished game 2436 (SeeFutility vs Magic): 1-0 {White wins by adjudication}
Score of Magic vs SeeFutility: 851 - 714 - 872  [0.528] 2437
Started game 2450 of 10000 (SeeFutility vs Magic)
Finished game 2437 (Magic vs SeeFutility): 1-0 {White wins by adjudication}
Score of Magic vs SeeFutility: 852 - 714 - 872  [0.528] 2438
Started game 2451 of 10000 (Magic vs SeeFutility)
Finished game 2440 (SeeFutility vs Magic): 1-0 {White wins by adjudication}
Score of Magic vs SeeFutility: 852 - 715 - 872  [0.528] 2439
Started game 2452 of 10000 (SeeFutility vs Magic)
Finished game 2443 (Magic vs SeeFutility): 0-1 {Black wins by adjudication}
Score of Magic vs SeeFutility: 852 - 716 - 872  [0.528] 2440
Started game 2453 of 10000 (Magic vs SeeFutility)
Finished game 2442 (SeeFutility vs Magic): 1-0 {White wins by adjudication}
Score of Magic vs SeeFutility: 852 - 717 - 872  [0.528] 2441
Started game 2454 of 10000 (SeeFutility vs Magic)
Finished game 2441 (Magic vs SeeFutility): 1-0 {White wins by adjudication}
Score of Magic vs SeeFutility: 853 - 717 - 872  [0.528] 2442
Started game 2455 of 10000 (Magic vs SeeFutility)
Finished game 2444 (SeeFutility vs Magic): 1/2-1/2 {Draw by 3-fold repetition}
Score of Magic vs SeeFutility: 853 - 717 - 873  [0.528] 2443
Started game 2456 of 10000 (SeeFutility vs Magic)
Finished game 2446 (SeeFutility vs Magic): 0-1 {Black wins by adjudication}
Score of Magic vs SeeFutility: 854 - 717 - 873  [0.528] 2444
Started game 2457 of 10000 (Magic vs SeeFutility)
Finished game 2445 (Magic vs SeeFutility): 1-0 {White wins by adjudication}
Score of Magic vs SeeFutility: 855 - 717 - 873  [0.528] 2445
Started game 2458 of 10000 (SeeFutility vs Magic)
Finished game 2438 (SeeFutility vs Magic): 0-1 {Black wins by adjudication}
Score of Magic vs SeeFutility: 856 - 717 - 873  [0.528] 2446
Started game 2459 of 10000 (Magic vs SeeFutility)
Finished game 2453 (Magic vs SeeFutility): 1/2-1/2 {Draw by 3-fold repetition}
Score of Magic vs SeeFutility: 856 - 717 - 874  [0.528] 2447
Started game 2460 of 10000 (SeeFutility vs Magic)
Finished game 2452 (SeeFutility vs Magic): 1/2-1/2 {Draw by 3-fold repetition}
Score of Magic vs SeeFutility: 856 - 717 - 875  [0.528] 2448
Started game 2461 of 10000 (Magic vs SeeFutility)
Finished game 2448 (SeeFutility vs Magic): 1-0 {White wins by adjudication}
Score of Magic vs SeeFutility: 856 - 718 - 875  [0.528] 2449
Started game 2462 of 10000 (SeeFutility vs Magic)
Finished game 2450 (SeeFutility vs Magic): 0-1 {Black wins by adjudication}
Score of Magic vs SeeFutility: 857 - 718 - 875  [0.528] 2450
Started game 2463 of 10000 (Magic vs SeeFutility)
Finished game 2447 (Magic vs SeeFutility): 1-0 {White wins by adjudication}
Score of Magic vs SeeFutility: 858 - 718 - 875  [0.529] 2451
Started game 2464 of 10000 (SeeFutility vs Magic)
Finished game 2455 (Magic vs SeeFutility): 1/2-1/2 {Draw by adjudication}
Score of Magic vs SeeFutility: 858 - 718 - 876  [0.529] 2452
Started game 2465 of 10000 (Magic vs SeeFutility)
Finished game 2451 (Magic vs SeeFutility): 0-1 {Black wins by adjudication}
Score of Magic vs SeeFutility: 858 - 719 - 876  [0.528] 2453
Started game 2466 of 10000 (SeeFutility vs Magic)
Finished game 2454 (SeeFutility vs Magic): 0-1 {Black wins by adjudication}
Score of Magic vs SeeFutility: 859 - 719 - 876  [0.529] 2454
Started game 2467 of 10000 (Magic vs SeeFutility)
Finished game 2457 (Magic vs SeeFutility): 0-1 {Black wins by adjudication}
Score of Magic vs SeeFutility: 859 - 720 - 876  [0.528] 2455
Started game 2468 of 10000 (SeeFutility vs Magic)
Finished game 2461 (Magic vs SeeFutility): 1-0 {White wins by adjudication}
Score of Magic vs SeeFutility: 860 - 720 - 876  [0.529] 2456
Started game 2469 of 10000 (Magic vs SeeFutility)
Finished game 2456 (SeeFutility vs Magic): 0-1 {Black wins by adjudication}
Score of Magic vs SeeFutility: 861 - 720 - 876  [0.529] 2457
Started game 2470 of 10000 (SeeFutility vs Magic)
Finished game 2449 (Magic vs SeeFutility): 1/2-1/2 {Draw by fifty moves rule}
Score of Magic vs SeeFutility: 861 - 720 - 877  [0.529] 2458
Started game 2471 of 10000 (Magic vs SeeFutility)
Finished game 2459 (Magic vs SeeFutility): 0-1 {Black wins by adjudication}
Score of Magic vs SeeFutility: 861 - 721 - 877  [0.528] 2459
Started game 2472 of 10000 (SeeFutility vs Magic)
Finished game 2458 (SeeFutility vs Magic): 0-1 {Black mates}
Score of Magic vs SeeFutility: 862 - 721 - 877  [0.529] 2460
Started game 2473 of 10000 (Magic vs SeeFutility)
Finished game 2463 (Magic vs SeeFutility): 0-1 {Black wins by adjudication}
Score of Magic vs SeeFutility: 862 - 722 - 877  [0.528] 2461
Started game 2474 of 10000 (SeeFutility vs Magic)
Finished game 2462 (SeeFutility vs Magic): 1-0 {White wins by adjudication}
Score of Magic vs SeeFutility: 862 - 723 - 877  [0.528] 2462
Started game 2475 of 10000 (Magic vs SeeFutility)
Finished game 2460 (SeeFutility vs Magic): 0-1 {Black wins by adjudication}
Score of Magic vs SeeFutility: 863 - 723 - 877  [0.528] 2463
Started game 2476 of 10000 (SeeFutility vs Magic)
Finished game 2465 (Magic vs SeeFutility): 1-0 {White wins by adjudication}
Score of Magic vs SeeFutility: 864 - 723 - 877  [0.529] 2464
Started game 2477 of 10000 (Magic vs SeeFutility)
Finished game 2466 (SeeFutility vs Magic): 1-0 {White wins by adjudication}
Score of Magic vs SeeFutility: 864 - 724 - 877  [0.528] 2465
Started game 2478 of 10000 (SeeFutility vs Magic)
Finished game 2468 (SeeFutility vs Magic): 0-1 {Black wins by adjudication}
Score of Magic vs SeeFutility: 865 - 724 - 877  [0.529] 2466
Started game 2479 of 10000 (Magic vs SeeFutility)
Finished game 2464 (SeeFutility vs Magic): 0-1 {Black mates}
Score of Magic vs SeeFutility: 866 - 724 - 877  [0.529] 2467
Started game 2480 of 10000 (SeeFutility vs Magic)
Finished game 2469 (Magic vs SeeFutility): 0-1 {Black wins by adjudication}
Score of Magic vs SeeFutility: 866 - 725 - 877  [0.529] 2468
Started game 2481 of 10000 (Magic vs SeeFutility)
Finished game 2470 (SeeFutility vs Magic): 1/2-1/2 {Draw by insufficient mating material}
Score of Magic vs SeeFutility: 866 - 725 - 878  [0.529] 2469
Started game 2482 of 10000 (SeeFutility vs Magic)
Finished game 2476 (SeeFutility vs Magic): 1-0 {White wins by adjudication}
Score of Magic vs SeeFutility: 866 - 726 - 878  [0.528] 2470
Started game 2483 of 10000 (Magic vs SeeFutility)
Finished game 2474 (SeeFutility vs Magic): 1-0 {White wins by adjudication}
Score of Magic vs SeeFutility: 866 - 727 - 878  [0.528] 2471
Started game 2484 of 10000 (SeeFutility vs Magic)
Finished game 2472 (SeeFutility vs Magic): 0-1 {Black mates}
Score of Magic vs SeeFutility: 867 - 727 - 878  [0.528] 2472
Started game 2485 of 10000 (Magic vs SeeFutility)
Finished game 2467 (Magic vs SeeFutility): 1/2-1/2 {Draw by insufficient mating material}
Score of Magic vs SeeFutility: 867 - 727 - 879  [0.528] 2473
Started game 2486 of 10000 (SeeFutility vs Magic)
Finished game 2479 (Magic vs SeeFutility): 1/2-1/2 {Draw by 3-fold repetition}
Score of Magic vs SeeFutility: 867 - 727 - 880  [0.528] 2474
Started game 2487 of 10000 (Magic vs SeeFutility)
Finished game 2473 (Magic vs SeeFutility): 1-0 {White wins by adjudication}
Score of Magic vs SeeFutility: 868 - 727 - 880  [0.528] 2475
Started game 2488 of 10000 (SeeFutility vs Magic)
Finished game 2477 (Magic vs SeeFutility): 1/2-1/2 {Draw by insufficient mating material}
Score of Magic vs SeeFutility: 868 - 727 - 881  [0.528] 2476
Started game 2489 of 10000 (Magic vs SeeFutility)
Finished game 2475 (Magic vs SeeFutility): 1-0 {White wins by adjudication}
Score of Magic vs SeeFutility: 869 - 727 - 881  [0.529] 2477
Started game 2490 of 10000 (SeeFutility vs Magic)
Finished game 2478 (SeeFutility vs Magic): 1/2-1/2 {Draw by 3-fold repetition}
Score of Magic vs SeeFutility: 869 - 727 - 882  [0.529] 2478
Started game 2491 of 10000 (Magic vs SeeFutility)
Finished game 2480 (SeeFutility vs Magic): 1/2-1/2 {Draw by adjudication}
Score of Magic vs SeeFutility: 869 - 727 - 883  [0.529] 2479
Started game 2492 of 10000 (SeeFutility vs Magic)
Finished game 2471 (Magic vs SeeFutility): 1/2-1/2 {Draw by fifty moves rule}
Score of Magic vs SeeFutility: 869 - 727 - 884  [0.529] 2480
Started game 2493 of 10000 (Magic vs SeeFutility)
Finished game 2481 (Magic vs SeeFutility): 1/2-1/2 {Draw by 3-fold repetition}
Score of Magic vs SeeFutility: 869 - 727 - 885  [0.529] 2481
Started game 2494 of 10000 (SeeFutility vs Magic)
Finished game 2484 (SeeFutility vs Magic): 1/2-1/2 {Draw by 3-fold repetition}
Score of Magic vs SeeFutility: 869 - 727 - 886  [0.529] 2482
Started game 2495 of 10000 (Magic vs SeeFutility)
Finished game 2483 (Magic vs SeeFutility): 1/2-1/2 {Draw by 3-fold repetition}
Score of Magic vs SeeFutility: 869 - 727 - 887  [0.529] 2483
Started game 2496 of 10000 (SeeFutility vs Magic)
Finished game 2486 (SeeFutility vs Magic): 1-0 {White wins by adjudication}
Score of Magic vs SeeFutility: 869 - 728 - 887  [0.528] 2484
Started game 2497 of 10000 (Magic vs SeeFutility)
Finished game 2485 (Magic vs SeeFutility): 1/2-1/2 {Draw by 3-fold repetition}
Score of Magic vs SeeFutility: 869 - 728 - 888  [0.528] 2485
Started game 2498 of 10000 (SeeFutility vs Magic)
Finished game 2482 (SeeFutility vs Magic): 1/2-1/2 {Draw by 3-fold repetition}
Score of Magic vs SeeFutility: 869 - 728 - 889  [0.528] 2486
Started game 2499 of 10000 (Magic vs SeeFutility)
Finished game 2490 (SeeFutility vs Magic): 1/2-1/2 {Draw by adjudication}
Score of Magic vs SeeFutility: 869 - 728 - 890  [0.528] 2487
Started game 2500 of 10000 (SeeFutility vs Magic)
Finished game 2488 (SeeFutility vs Magic): 1-0 {White wins by adjudication}
Score of Magic vs SeeFutility: 869 - 729 - 890  [0.528] 2488
Started game 2501 of 10000 (Magic vs SeeFutility)
Finished game 2487 (Magic vs SeeFutility): 1/2-1/2 {Draw by adjudication}
Score of Magic vs SeeFutility: 869 - 729 - 891  [0.528] 2489
Started game 2502 of 10000 (SeeFutility vs Magic)
Finished game 2489 (Magic vs SeeFutility): 1-0 {White wins by adjudication}
Score of Magic vs SeeFutility: 870 - 729 - 891  [0.528] 2490
Started game 2503 of 10000 (Magic vs SeeFutility)
Finished game 2492 (SeeFutility vs Magic): 0-1 {Black wins by adjudication}
Score of Magic vs SeeFutility: 871 - 729 - 891  [0.529] 2491
Started game 2504 of 10000 (SeeFutility vs Magic)
Finished game 2496 (SeeFutility vs Magic): 0-1 {Black wins by adjudication}
Score of Magic vs SeeFutility: 872 - 729 - 891  [0.529] 2492
Started game 2505 of 10000 (Magic vs SeeFutility)
Finished game 2494 (SeeFutility vs Magic): 0-1 {Black wins by adjudication}
Score of Magic vs SeeFutility: 873 - 729 - 891  [0.529] 2493
Started game 2506 of 10000 (SeeFutility vs Magic)
Finished game 2491 (Magic vs SeeFutility): 0-1 {Black wins by adjudication}
Score of Magic vs SeeFutility: 873 - 730 - 891  [0.529] 2494
Started game 2507 of 10000 (Magic vs SeeFutility)
Finished game 2500 (SeeFutility vs Magic): 1-0 {White wins by adjudication}
Score of Magic vs SeeFutility: 873 - 731 - 891  [0.528] 2495
Started game 2508 of 10000 (SeeFutility vs Magic)
Finished game 2493 (Magic vs SeeFutility): 1/2-1/2 {Draw by 3-fold repetition}
Score of Magic vs SeeFutility: 873 - 731 - 892  [0.528] 2496
Started game 2509 of 10000 (Magic vs SeeFutility)
Finished game 2495 (Magic vs SeeFutility): 1-0 {White wins by adjudication}
Score of Magic vs SeeFutility: 874 - 731 - 892  [0.529] 2497
Started game 2510 of 10000 (SeeFutility vs Magic)
Finished game 2501 (Magic vs SeeFutility): 1-0 {White wins by adjudication}
Score of Magic vs SeeFutility: 875 - 731 - 892  [0.529] 2498
Started game 2511 of 10000 (Magic vs SeeFutility)
Finished game 2502 (SeeFutility vs Magic): 1/2-1/2 {Draw by 3-fold repetition}
Score of Magic vs SeeFutility: 875 - 731 - 893  [0.529] 2499
Started game 2512 of 10000 (SeeFutility vs Magic)
Finished game 2498 (SeeFutility vs Magic): 1/2-1/2 {Draw by 3-fold repetition}
Score of Magic vs SeeFutility: 875 - 731 - 894  [0.529] 2500
Started game 2513 of 10000 (Magic vs SeeFutility)
Finished game 2503 (Magic vs SeeFutility): 1-0 {White wins by adjudication}
Score of Magic vs SeeFutility: 876 - 731 - 894  [0.529] 2501
Started game 2514 of 10000 (SeeFutility vs Magic)
Finished game 2499 (Magic vs SeeFutility): 1/2-1/2 {Draw by insufficient mating material}
Score of Magic vs SeeFutility: 876 - 731 - 895  [0.529] 2502
Started game 2515 of 10000 (Magic vs SeeFutility)
Finished game 2497 (Magic vs SeeFutility): 1/2-1/2 {Draw by adjudication}
Score of Magic vs SeeFutility: 876 - 731 - 896  [0.529] 2503
Started game 2516 of 10000 (SeeFutility vs Magic)
Finished game 2504 (SeeFutility vs Magic): 1-0 {White wins by adjudication}
Score of Magic vs SeeFutility: 876 - 732 - 896  [0.529] 2504
Started game 2517 of 10000 (Magic vs SeeFutility)
Finished game 2507 (Magic vs SeeFutility): 1/2-1/2 {Draw by adjudication}
Score of Magic vs SeeFutility: 876 - 732 - 897  [0.529] 2505
Started game 2518 of 10000 (SeeFutility vs Magic)
Finished game 2510 (SeeFutility vs Magic): 1-0 {White wins by adjudication}
Score of Magic vs SeeFutility: 876 - 733 - 897  [0.529] 2506
Started game 2519 of 10000 (Magic vs SeeFutility)
Finished game 2508 (SeeFutility vs Magic): 1/2-1/2 {Draw by adjudication}
Score of Magic vs SeeFutility: 876 - 733 - 898  [0.529] 2507
Started game 2520 of 10000 (SeeFutility vs Magic)
Finished game 2506 (SeeFutility vs Magic): 1-0 {White wins by adjudication}
Score of Magic vs SeeFutility: 876 - 734 - 898  [0.528] 2508
Started game 2521 of 10000 (Magic vs SeeFutility)
Finished game 2511 (Magic vs SeeFutility): 1-0 {White wins by adjudication}
Score of Magic vs SeeFutility: 877 - 734 - 898  [0.528] 2509
Started game 2522 of 10000 (SeeFutility vs Magic)
Finished game 2509 (Magic vs SeeFutility): 1/2-1/2 {Draw by 3-fold repetition}
Score of Magic vs SeeFutility: 877 - 734 - 899  [0.528] 2510
Started game 2523 of 10000 (Magic vs SeeFutility)
Finished game 2505 (Magic vs SeeFutility): 1/2-1/2 {Draw by 3-fold repetition}
Score of Magic vs SeeFutility: 877 - 734 - 900  [0.528] 2511
Started game 2524 of 10000 (SeeFutility vs Magic)
Finished game 2515 (Magic vs SeeFutility): 1/2-1/2 {Draw by 3-fold repetition}
Score of Magic vs SeeFutility: 877 - 734 - 901  [0.528] 2512
Started game 2525 of 10000 (Magic vs SeeFutility)
Finished game 2512 (SeeFutility vs Magic): 1-0 {White wins by adjudication}
Score of Magic vs SeeFutility: 877 - 735 - 901  [0.528] 2513
Started game 2526 of 10000 (SeeFutility vs Magic)
Finished game 2513 (Magic vs SeeFutility): 1-0 {White wins by adjudication}
Score of Magic vs SeeFutility: 878 - 735 - 901  [0.528] 2514
Started game 2527 of 10000 (Magic vs SeeFutility)
Finished game 2525 (Magic vs SeeFutility): 1/2-1/2 {Draw by 3-fold repetition}
Score of Magic vs SeeFutility: 878 - 735 - 902  [0.528] 2515
Started game 2528 of 10000 (SeeFutility vs Magic)
Finished game 2514 (SeeFutility vs Magic): 1/2-1/2 {Draw by insufficient mating material}
Score of Magic vs SeeFutility: 878 - 735 - 903  [0.528] 2516
Started game 2529 of 10000 (Magic vs SeeFutility)
Finished game 2517 (Magic vs SeeFutility): 1-0 {White wins by adjudication}
Score of Magic vs SeeFutility: 879 - 735 - 903  [0.529] 2517
Started game 2530 of 10000 (SeeFutility vs Magic)
Finished game 2516 (SeeFutility vs Magic): 0-1 {Black wins by adjudication}
Score of Magic vs SeeFutility: 880 - 735 - 903  [0.529] 2518
Started game 2531 of 10000 (Magic vs SeeFutility)
Finished game 2522 (SeeFutility vs Magic): 0-1 {Black wins by adjudication}
Score of Magic vs SeeFutility: 881 - 735 - 903  [0.529] 2519
Started game 2532 of 10000 (SeeFutility vs Magic)
Finished game 2520 (SeeFutility vs Magic): 0-1 {Black wins by adjudication}
Score of Magic vs SeeFutility: 882 - 735 - 903  [0.529] 2520
Started game 2533 of 10000 (Magic vs SeeFutility)
Finished game 2518 (SeeFutility vs Magic): 1/2-1/2 {Draw by insufficient mating material}
Score of Magic vs SeeFutility: 882 - 735 - 904  [0.529] 2521
Started game 2534 of 10000 (SeeFutility vs Magic)
Finished game 2519 (Magic vs SeeFutility): 1-0 {White wins by adjudication}
Score of Magic vs SeeFutility: 883 - 735 - 904  [0.529] 2522
Started game 2535 of 10000 (Magic vs SeeFutility)
Finished game 2523 (Magic vs SeeFutility): 0-1 {Black wins by adjudication}
Score of Magic vs SeeFutility: 883 - 736 - 904  [0.529] 2523
Started game 2536 of 10000 (SeeFutility vs Magic)
Finished game 2521 (Magic vs SeeFutility): 1-0 {White wins by adjudication}
Score of Magic vs SeeFutility: 884 - 736 - 904  [0.529] 2524
Started game 2537 of 10000 (Magic vs SeeFutility)
Finished game 2527 (Magic vs SeeFutility): 1/2-1/2 {Draw by 3-fold repetition}
Score of Magic vs SeeFutility: 884 - 736 - 905  [0.529] 2525
Started game 2538 of 10000 (SeeFutility vs Magic)
Finished game 2524 (SeeFutility vs Magic): 1/2-1/2 {Draw by insufficient mating material}
Score of Magic vs SeeFutility: 884 - 736 - 906  [0.529] 2526
Started game 2539 of 10000 (Magic vs SeeFutility)
Finished game 2529 (Magic vs SeeFutility): 0-1 {Black wins by adjudication}
Score of Magic vs SeeFutility: 884 - 737 - 906  [0.529] 2527
Started game 2540 of 10000 (SeeFutility vs Magic)
Finished game 2530 (SeeFutility vs Magic): 0-1 {Black wins by adjudication}
Score of Magic vs SeeFutility: 885 - 737 - 906  [0.529] 2528
Started game 2541 of 10000 (Magic vs SeeFutility)
Finished game 2526 (SeeFutility vs Magic): 1/2-1/2 {Draw by insufficient mating material}
Score of Magic vs SeeFutility: 885 - 737 - 907  [0.529] 2529
Started game 2542 of 10000 (SeeFutility vs Magic)
Finished game 2533 (Magic vs SeeFutility): 1-0 {White wins by adjudication}
Score of Magic vs SeeFutility: 886 - 737 - 907  [0.529] 2530
Started game 2543 of 10000 (Magic vs SeeFutility)
Finished game 2534 (SeeFutility vs Magic): 1-0 {White wins by adjudication}
Score of Magic vs SeeFutility: 886 - 738 - 907  [0.529] 2531
Started game 2544 of 10000 (SeeFutility vs Magic)
Finished game 2531 (Magic vs SeeFutility): 1/2-1/2 {Draw by stalemate}
Score of Magic vs SeeFutility: 886 - 738 - 908  [0.529] 2532
Started game 2545 of 10000 (Magic vs SeeFutility)
Finished game 2536 (SeeFutility vs Magic): 1/2-1/2 {Draw by 3-fold repetition}
Score of Magic vs SeeFutility: 886 - 738 - 909  [0.529] 2533
Started game 2546 of 10000 (SeeFutility vs Magic)
Finished game 2532 (SeeFutility vs Magic): 1-0 {White mates}
Score of Magic vs SeeFutility: 886 - 739 - 909  [0.529] 2534
Started game 2547 of 10000 (Magic vs SeeFutility)
Finished game 2535 (Magic vs SeeFutility): 1-0 {White mates}
Score of Magic vs SeeFutility: 887 - 739 - 909  [0.529] 2535
Started game 2548 of 10000 (SeeFutility vs Magic)
Finished game 2539 (Magic vs SeeFutility): 1-0 {White wins by adjudication}
Score of Magic vs SeeFutility: 888 - 739 - 909  [0.529] 2536
Started game 2549 of 10000 (Magic vs SeeFutility)
Finished game 2538 (SeeFutility vs Magic): 1/2-1/2 {Draw by 3-fold repetition}
Score of Magic vs SeeFutility: 888 - 739 - 910  [0.529] 2537
Started game 2550 of 10000 (SeeFutility vs Magic)
Finished game 2537 (Magic vs SeeFutility): 1-0 {White wins by adjudication}
Score of Magic vs SeeFutility: 889 - 739 - 910  [0.530] 2538
Finished game 2546 (SeeFutility vs Magic): * {No result}
Score of Magic vs SeeFutility: 889 - 739 - 910  [0.530] 2538
Finished game 2549 (Magic vs SeeFutility): * {No result}
Score of Magic vs SeeFutility: 889 - 739 - 910  [0.530] 2538
Finished game 2542 (SeeFutility vs Magic): * {No result}
Score of Magic vs SeeFutility: 889 - 739 - 910  [0.530] 2538
Finished game 2550 (SeeFutility vs Magic): * {No result}
Score of Magic vs SeeFutility: 889 - 739 - 910  [0.530] 2538
Finished game 2548 (SeeFutility vs Magic): * {No result}
Score of Magic vs SeeFutility: 889 - 739 - 910  [0.530] 2538
Finished game 2544 (SeeFutility vs Magic): * {No result}
Score of Magic vs SeeFutility: 889 - 739 - 910  [0.530] 2538
Finished game 2547 (Magic vs SeeFutility): * {No result}
Score of Magic vs SeeFutility: 889 - 739 - 910  [0.530] 2538
Finished game 2543 (Magic vs SeeFutility): * {No result}
Score of Magic vs SeeFutility: 889 - 739 - 910  [0.530] 2538
Finished game 2540 (SeeFutility vs Magic): * {No result}
Score of Magic vs SeeFutility: 889 - 739 - 910  [0.530] 2538
Finished game 2528 (SeeFutility vs Magic): * {No result}
Score of Magic vs SeeFutility: 889 - 739 - 910  [0.530] 2538
Finished game 2545 (Magic vs SeeFutility): * {No result}
Score of Magic vs SeeFutility: 889 - 739 - 910  [0.530] 2538
Finished game 2541 (Magic vs SeeFutility): * {No result}
Score of Magic vs SeeFutility: 889 - 739 - 910  [0.530] 2538
...      Magic playing White: 494 - 322 - 454  [0.568] 1270
...      Magic playing Black: 395 - 417 - 456  [0.491] 1268
...      White vs Black: 911 - 717 - 910  [0.538] 2538
Elo difference: 20.6 +/- 10.8, LOS: 100.0 %, DrawRatio: 35.9 %
SPRT: llr 2.96 (100.6%), lbound -2.94, ubound 2.94 - H1 was accepted

Player: Magic
   "Draw by 3-fold repetition": 452
   "Draw by adjudication": 185
   "Draw by fifty moves rule": 76
   "Draw by insufficient mating material": 188
   "Draw by stalemate": 9
   "Loss: Black mates": 15
   "Loss: Black wins by adjudication": 307
   "Loss: White mates": 21
   "Loss: White wins by adjudication": 396
   "No result": 12
   "Win: Black mates": 19
   "Win: Black wins by adjudication": 376
   "Win: White mates": 22
   "Win: White wins by adjudication": 472
Player: SeeFutility
   "Draw by 3-fold repetition": 452
   "Draw by adjudication": 185
   "Draw by fifty moves rule": 76
   "Draw by insufficient mating material": 188
   "Draw by stalemate": 9
   "Loss: Black mates": 19
   "Loss: Black wins by adjudication": 376
   "Loss: White mates": 22
   "Loss: White wins by adjudication": 472
   "No result": 12
   "Win: Black mates": 15
   "Win: Black wins by adjudication": 307
   "Win: White mates": 21
   "Win: White wins by adjudication": 396
Finished match
