Indexing opening suite...
Started game 4 of 10000 (Magic vs PassedPawn)
Started game 5 of 10000 (PassedPawn vs Magic)
Started game 2 of 10000 (Magic vs PassedPawn)
Started game 7 of 10000 (PassedPawn vs Magic)
Started game 10 of 10000 (Magic vs PassedPawn)
Started game 12 of 10000 (Magic vs PassedPawn)
Started game 11 of 10000 (PassedPawn vs Magic)
Started game 8 of 10000 (Magic vs PassedPawn)
Started game 3 of 10000 (PassedPawn vs Magic)
Started game 9 of 10000 (PassedPawn vs Magic)
Started game 1 of 10000 (PassedPawn vs Magic)
Started game 6 of 10000 (Magic vs PassedPawn)
Started game 13 of 10000 (PassedPawn vs Magic)
Finished game 13 (PassedPawn vs Magic): 1/2-1/2 {Draw by 3-fold repetition}
Score of PassedPawn vs Magic: 0 - 0 - 1  [0.500] 1
Started game 14 of 10000 (Magic vs PassedPawn)
Finished game 3 (PassedPawn vs Magic): 0-1 {Black wins by adjudication}
Score of PassedPawn vs Magic: 0 - 1 - 1  [0.250] 2
Started game 15 of 10000 (PassedPawn vs Magic)
Finished game 5 (PassedPawn vs Magic): 0-1 {Black wins by adjudication}
Score of PassedPawn vs Magic: 0 - 2 - 1  [0.167] 3
Started game 16 of 10000 (Magic vs PassedPawn)
Finished game 1 (PassedPawn vs Magic): 1-0 {White wins by adjudication}
Score of PassedPawn vs Magic: 1 - 2 - 1  [0.375] 4
Started game 17 of 10000 (PassedPawn vs Magic)
Finished game 12 (Magic vs PassedPawn): 1-0 {White wins by adjudication}
Score of PassedPawn vs Magic: 1 - 3 - 1  [0.300] 5
Started game 18 of 10000 (Magic vs PassedPawn)
Finished game 4 (Magic vs PassedPawn): 1-0 {White wins by adjudication}
Score of PassedPawn vs Magic: 1 - 4 - 1  [0.250] 6
Started game 19 of 10000 (PassedPawn vs Magic)
Finished game 10 (Magic vs PassedPawn): 1-0 {White mates}
Score of PassedPawn vs Magic: 1 - 5 - 1  [0.214] 7
Started game 20 of 10000 (Magic vs PassedPawn)
Finished game 7 (PassedPawn vs Magic): 0-1 {Black wins by adjudication}
Score of PassedPawn vs Magic: 1 - 6 - 1  [0.188] 8
Started game 21 of 10000 (PassedPawn vs Magic)
Finished game 11 (PassedPawn vs Magic): 1-0 {White wins by adjudication}
Score of PassedPawn vs Magic: 2 - 6 - 1  [0.278] 9
Started game 22 of 10000 (Magic vs PassedPawn)
Finished game 6 (Magic vs PassedPawn): 1/2-1/2 {Draw by insufficient mating material}
Score of PassedPawn vs Magic: 2 - 6 - 2  [0.300] 10
Started game 23 of 10000 (PassedPawn vs Magic)
Finished game 8 (Magic vs PassedPawn): 1/2-1/2 {Draw by stalemate}
Score of PassedPawn vs Magic: 2 - 6 - 3  [0.318] 11
Started game 24 of 10000 (Magic vs PassedPawn)
Finished game 9 (PassedPawn vs Magic): 0-1 {Black wins by adjudication}
Score of PassedPawn vs Magic: 2 - 7 - 3  [0.292] 12
Started game 25 of 10000 (PassedPawn vs Magic)
Finished game 2 (Magic vs PassedPawn): 1-0 {White wins by adjudication}
Score of PassedPawn vs Magic: 2 - 8 - 3  [0.269] 13
Started game 26 of 10000 (Magic vs PassedPawn)
Finished game 14 (Magic vs PassedPawn): 1/2-1/2 {Draw by 3-fold repetition}
Score of PassedPawn vs Magic: 2 - 8 - 4  [0.286] 14
Started game 27 of 10000 (PassedPawn vs Magic)
Finished game 15 (PassedPawn vs Magic): 1-0 {White wins by adjudication}
Score of PassedPawn vs Magic: 3 - 8 - 4  [0.333] 15
Started game 28 of 10000 (Magic vs PassedPawn)
Finished game 19 (PassedPawn vs Magic): 1-0 {White wins by adjudication}
Score of PassedPawn vs Magic: 4 - 8 - 4  [0.375] 16
Started game 29 of 10000 (PassedPawn vs Magic)
Finished game 17 (PassedPawn vs Magic): 0-1 {Black wins by adjudication}
Score of PassedPawn vs Magic: 4 - 9 - 4  [0.353] 17
Started game 30 of 10000 (Magic vs PassedPawn)
Finished game 16 (Magic vs PassedPawn): 1/2-1/2 {Draw by insufficient mating material}
Score of PassedPawn vs Magic: 4 - 9 - 5  [0.361] 18
Started game 31 of 10000 (PassedPawn vs Magic)
Finished game 18 (Magic vs PassedPawn): 0-1 {Black wins by adjudication}
Score of PassedPawn vs Magic: 5 - 9 - 5  [0.395] 19
Started game 32 of 10000 (Magic vs PassedPawn)
Finished game 24 (Magic vs PassedPawn): 1/2-1/2 {Draw by 3-fold repetition}
Score of PassedPawn vs Magic: 5 - 9 - 6  [0.400] 20
Started game 33 of 10000 (PassedPawn vs Magic)
Finished game 29 (PassedPawn vs Magic): 1/2-1/2 {Draw by 3-fold repetition}
Score of PassedPawn vs Magic: 5 - 9 - 7  [0.405] 21
Started game 34 of 10000 (Magic vs PassedPawn)
Finished game 25 (PassedPawn vs Magic): 1/2-1/2 {Draw by insufficient mating material}
Score of PassedPawn vs Magic: 5 - 9 - 8  [0.409] 22
Started game 35 of 10000 (PassedPawn vs Magic)
Finished game 20 (Magic vs PassedPawn): 1/2-1/2 {Draw by insufficient mating material}
Score of PassedPawn vs Magic: 5 - 9 - 9  [0.413] 23
Started game 36 of 10000 (Magic vs PassedPawn)
Finished game 28 (Magic vs PassedPawn): 1/2-1/2 {Draw by 3-fold repetition}
Score of PassedPawn vs Magic: 5 - 9 - 10  [0.417] 24
Started game 37 of 10000 (PassedPawn vs Magic)
Finished game 34 (Magic vs PassedPawn): 1/2-1/2 {Draw by 3-fold repetition}
Score of PassedPawn vs Magic: 5 - 9 - 11  [0.420] 25
Started game 38 of 10000 (Magic vs PassedPawn)
Finished game 26 (Magic vs PassedPawn): 1-0 {White wins by adjudication}
Score of PassedPawn vs Magic: 5 - 10 - 11  [0.404] 26
Started game 39 of 10000 (PassedPawn vs Magic)
Finished game 21 (PassedPawn vs Magic): 1/2-1/2 {Draw by insufficient mating material}
Score of PassedPawn vs Magic: 5 - 10 - 12  [0.407] 27
Started game 40 of 10000 (Magic vs PassedPawn)
Finished game 23 (PassedPawn vs Magic): 0-1 {Black wins by adjudication}
Score of PassedPawn vs Magic: 5 - 11 - 12  [0.393] 28
Started game 41 of 10000 (PassedPawn vs Magic)
Finished game 31 (PassedPawn vs Magic): 1-0 {White wins by adjudication}
Score of PassedPawn vs Magic: 6 - 11 - 12  [0.414] 29
Started game 42 of 10000 (Magic vs PassedPawn)
Finished game 27 (PassedPawn vs Magic): 1/2-1/2 {Draw by 3-fold repetition}
Score of PassedPawn vs Magic: 6 - 11 - 13  [0.417] 30
Started game 43 of 10000 (PassedPawn vs Magic)
Finished game 22 (Magic vs PassedPawn): 1/2-1/2 {Draw by fifty moves rule}
Score of PassedPawn vs Magic: 6 - 11 - 14  [0.419] 31
Started game 44 of 10000 (Magic vs PassedPawn)
Finished game 32 (Magic vs PassedPawn): 0-1 {Black wins by adjudication}
Score of PassedPawn vs Magic: 7 - 11 - 14  [0.438] 32
Started game 45 of 10000 (PassedPawn vs Magic)
Finished game 35 (PassedPawn vs Magic): 1-0 {White wins by adjudication}
Score of PassedPawn vs Magic: 8 - 11 - 14  [0.455] 33
Started game 46 of 10000 (Magic vs PassedPawn)
Finished game 30 (Magic vs PassedPawn): 1/2-1/2 {Draw by 3-fold repetition}
Score of PassedPawn vs Magic: 8 - 11 - 15  [0.456] 34
Started game 47 of 10000 (PassedPawn vs Magic)
Finished game 36 (Magic vs PassedPawn): 1-0 {White wins by adjudication}
Score of PassedPawn vs Magic: 8 - 12 - 15  [0.443] 35
Started game 48 of 10000 (Magic vs PassedPawn)
Finished game 33 (PassedPawn vs Magic): 0-1 {Black wins by adjudication}
Score of PassedPawn vs Magic: 8 - 13 - 15  [0.431] 36
Started game 49 of 10000 (PassedPawn vs Magic)
Finished game 39 (PassedPawn vs Magic): 1-0 {White wins by adjudication}
Score of PassedPawn vs Magic: 9 - 13 - 15  [0.446] 37
Started game 50 of 10000 (Magic vs PassedPawn)
Finished game 37 (PassedPawn vs Magic): 1-0 {White wins by adjudication}
Score of PassedPawn vs Magic: 10 - 13 - 15  [0.461] 38
Started game 51 of 10000 (PassedPawn vs Magic)
Finished game 42 (Magic vs PassedPawn): 0-1 {Black wins by adjudication}
Score of PassedPawn vs Magic: 11 - 13 - 15  [0.474] 39
Started game 52 of 10000 (Magic vs PassedPawn)
Finished game 40 (Magic vs PassedPawn): 1/2-1/2 {Draw by insufficient mating material}
Score of PassedPawn vs Magic: 11 - 13 - 16  [0.475] 40
Started game 53 of 10000 (PassedPawn vs Magic)
Finished game 44 (Magic vs PassedPawn): 1/2-1/2 {Draw by insufficient mating material}
Score of PassedPawn vs Magic: 11 - 13 - 17  [0.476] 41
Started game 54 of 10000 (Magic vs PassedPawn)
Finished game 38 (Magic vs PassedPawn): 1/2-1/2 {Draw by adjudication}
Score of PassedPawn vs Magic: 11 - 13 - 18  [0.476] 42
Started game 55 of 10000 (PassedPawn vs Magic)
Finished game 45 (PassedPawn vs Magic): 1/2-1/2 {Draw by stalemate}
Score of PassedPawn vs Magic: 11 - 13 - 19  [0.477] 43
Started game 56 of 10000 (Magic vs PassedPawn)
Finished game 46 (Magic vs PassedPawn): 1-0 {White wins by adjudication}
Score of PassedPawn vs Magic: 11 - 14 - 19  [0.466] 44
Started game 57 of 10000 (PassedPawn vs Magic)
Finished game 41 (PassedPawn vs Magic): 1/2-1/2 {Draw by fifty moves rule}
Score of PassedPawn vs Magic: 11 - 14 - 20  [0.467] 45
Started game 58 of 10000 (Magic vs PassedPawn)
Finished game 43 (PassedPawn vs Magic): 1/2-1/2 {Draw by insufficient mating material}
Score of PassedPawn vs Magic: 11 - 14 - 21  [0.467] 46
Started game 59 of 10000 (PassedPawn vs Magic)
Finished game 49 (PassedPawn vs Magic): 1/2-1/2 {Draw by adjudication}
Score of PassedPawn vs Magic: 11 - 14 - 22  [0.468] 47
Started game 60 of 10000 (Magic vs PassedPawn)
Finished game 48 (Magic vs PassedPawn): 1-0 {White wins by adjudication}
Score of PassedPawn vs Magic: 11 - 15 - 22  [0.458] 48
Started game 61 of 10000 (PassedPawn vs Magic)
Finished game 47 (PassedPawn vs Magic): 0-1 {Black wins by adjudication}
Score of PassedPawn vs Magic: 11 - 16 - 22  [0.449] 49
Started game 62 of 10000 (Magic vs PassedPawn)
Finished game 51 (PassedPawn vs Magic): 1-0 {White wins by adjudication}
Score of PassedPawn vs Magic: 12 - 16 - 22  [0.460] 50
Started game 63 of 10000 (PassedPawn vs Magic)
Finished game 50 (Magic vs PassedPawn): 1/2-1/2 {Draw by 3-fold repetition}
Score of PassedPawn vs Magic: 12 - 16 - 23  [0.461] 51
Started game 64 of 10000 (Magic vs PassedPawn)
Finished game 53 (PassedPawn vs Magic): 0-1 {Black wins by adjudication}
Score of PassedPawn vs Magic: 12 - 17 - 23  [0.452] 52
Started game 65 of 10000 (PassedPawn vs Magic)
Finished game 55 (PassedPawn vs Magic): 0-1 {Black wins by adjudication}
Score of PassedPawn vs Magic: 12 - 18 - 23  [0.443] 53
Started game 66 of 10000 (Magic vs PassedPawn)
Finished game 52 (Magic vs PassedPawn): 1/2-1/2 {Draw by 3-fold repetition}
Score of PassedPawn vs Magic: 12 - 18 - 24  [0.444] 54
Started game 67 of 10000 (PassedPawn vs Magic)
Finished game 57 (PassedPawn vs Magic): 1-0 {White wins by adjudication}
Score of PassedPawn vs Magic: 13 - 18 - 24  [0.455] 55
Started game 68 of 10000 (Magic vs PassedPawn)
Finished game 58 (Magic vs PassedPawn): 1-0 {White wins by adjudication}
Score of PassedPawn vs Magic: 13 - 19 - 24  [0.446] 56
Started game 69 of 10000 (PassedPawn vs Magic)
Finished game 54 (Magic vs PassedPawn): 0-1 {Black wins by adjudication}
Score of PassedPawn vs Magic: 14 - 19 - 24  [0.456] 57
Started game 70 of 10000 (Magic vs PassedPawn)
Finished game 63 (PassedPawn vs Magic): 1/2-1/2 {Draw by 3-fold repetition}
Score of PassedPawn vs Magic: 14 - 19 - 25  [0.457] 58
Started game 71 of 10000 (PassedPawn vs Magic)
Finished game 59 (PassedPawn vs Magic): 0-1 {Black wins by adjudication}
Score of PassedPawn vs Magic: 14 - 20 - 25  [0.449] 59
Started game 72 of 10000 (Magic vs PassedPawn)
Finished game 60 (Magic vs PassedPawn): 0-1 {Black wins by adjudication}
Score of PassedPawn vs Magic: 15 - 20 - 25  [0.458] 60
Started game 73 of 10000 (PassedPawn vs Magic)
Finished game 56 (Magic vs PassedPawn): 1-0 {White wins by adjudication}
Score of PassedPawn vs Magic: 15 - 21 - 25  [0.451] 61
Started game 74 of 10000 (Magic vs PassedPawn)
Finished game 62 (Magic vs PassedPawn): 0-1 {Black wins by adjudication}
Score of PassedPawn vs Magic: 16 - 21 - 25  [0.460] 62
Started game 75 of 10000 (PassedPawn vs Magic)
Finished game 64 (Magic vs PassedPawn): 1-0 {White wins by adjudication}
Score of PassedPawn vs Magic: 16 - 22 - 25  [0.452] 63
Started game 76 of 10000 (Magic vs PassedPawn)
Finished game 61 (PassedPawn vs Magic): 1-0 {White wins by adjudication}
Score of PassedPawn vs Magic: 17 - 22 - 25  [0.461] 64
Started game 77 of 10000 (PassedPawn vs Magic)
Finished game 72 (Magic vs PassedPawn): 0-1 {Black wins by adjudication}
Score of PassedPawn vs Magic: 18 - 22 - 25  [0.469] 65
Started game 78 of 10000 (Magic vs PassedPawn)
Finished game 69 (PassedPawn vs Magic): 1-0 {White wins by adjudication}
Score of PassedPawn vs Magic: 19 - 22 - 25  [0.477] 66
Started game 79 of 10000 (PassedPawn vs Magic)
Finished game 65 (PassedPawn vs Magic): 1/2-1/2 {Draw by fifty moves rule}
Score of PassedPawn vs Magic: 19 - 22 - 26  [0.478] 67
Started game 80 of 10000 (Magic vs PassedPawn)
Finished game 70 (Magic vs PassedPawn): 1-0 {White wins by adjudication}
Score of PassedPawn vs Magic: 19 - 23 - 26  [0.471] 68
Started game 81 of 10000 (PassedPawn vs Magic)
Finished game 75 (PassedPawn vs Magic): 1-0 {White wins by adjudication}
Score of PassedPawn vs Magic: 20 - 23 - 26  [0.478] 69
Started game 82 of 10000 (Magic vs PassedPawn)
Finished game 73 (PassedPawn vs Magic): 0-1 {Black wins by adjudication}
Score of PassedPawn vs Magic: 20 - 24 - 26  [0.471] 70
Started game 83 of 10000 (PassedPawn vs Magic)
Finished game 67 (PassedPawn vs Magic): 0-1 {Black wins by adjudication}
Score of PassedPawn vs Magic: 20 - 25 - 26  [0.465] 71
Started game 84 of 10000 (Magic vs PassedPawn)
Finished game 76 (Magic vs PassedPawn): 1/2-1/2 {Draw by 3-fold repetition}
Score of PassedPawn vs Magic: 20 - 25 - 27  [0.465] 72
Started game 85 of 10000 (PassedPawn vs Magic)
Finished game 68 (Magic vs PassedPawn): 1/2-1/2 {Draw by 3-fold repetition}
Score of PassedPawn vs Magic: 20 - 25 - 28  [0.466] 73
Started game 86 of 10000 (Magic vs PassedPawn)
Finished game 74 (Magic vs PassedPawn): 1-0 {White wins by adjudication}
Score of PassedPawn vs Magic: 20 - 26 - 28  [0.459] 74
Started game 87 of 10000 (PassedPawn vs Magic)
Finished game 77 (PassedPawn vs Magic): 1-0 {White wins by adjudication}
Score of PassedPawn vs Magic: 21 - 26 - 28  [0.467] 75
Started game 88 of 10000 (Magic vs PassedPawn)
Finished game 71 (PassedPawn vs Magic): 1-0 {White wins by adjudication}
Score of PassedPawn vs Magic: 22 - 26 - 28  [0.474] 76
Started game 89 of 10000 (PassedPawn vs Magic)
Finished game 66 (Magic vs PassedPawn): 1/2-1/2 {Draw by fifty moves rule}
Score of PassedPawn vs Magic: 22 - 26 - 29  [0.474] 77
Started game 90 of 10000 (Magic vs PassedPawn)
Finished game 81 (PassedPawn vs Magic): 1/2-1/2 {Draw by adjudication}
Score of PassedPawn vs Magic: 22 - 26 - 30  [0.474] 78
Started game 91 of 10000 (PassedPawn vs Magic)
Finished game 82 (Magic vs PassedPawn): 1-0 {White wins by adjudication}
Score of PassedPawn vs Magic: 22 - 27 - 30  [0.468] 79
Started game 92 of 10000 (Magic vs PassedPawn)
Finished game 79 (PassedPawn vs Magic): 0-1 {Black wins by adjudication}
Score of PassedPawn vs Magic: 22 - 28 - 30  [0.463] 80
Started game 93 of 10000 (PassedPawn vs Magic)
Finished game 85 (PassedPawn vs Magic): 1/2-1/2 {Draw by 3-fold repetition}
Score of PassedPawn vs Magic: 22 - 28 - 31  [0.463] 81
Started game 94 of 10000 (Magic vs PassedPawn)
Finished game 78 (Magic vs PassedPawn): 1-0 {White wins by adjudication}
Score of PassedPawn vs Magic: 22 - 29 - 31  [0.457] 82
Started game 95 of 10000 (PassedPawn vs Magic)
Finished game 86 (Magic vs PassedPawn): 1-0 {White wins by adjudication}
Score of PassedPawn vs Magic: 22 - 30 - 31  [0.452] 83
Started game 96 of 10000 (Magic vs PassedPawn)
Finished game 87 (PassedPawn vs Magic): 1-0 {White wins by adjudication}
Score of PassedPawn vs Magic: 23 - 30 - 31  [0.458] 84
Started game 97 of 10000 (PassedPawn vs Magic)
Finished game 89 (PassedPawn vs Magic): 0-1 {Black wins by adjudication}
Score of PassedPawn vs Magic: 23 - 31 - 31  [0.453] 85
Started game 98 of 10000 (Magic vs PassedPawn)
Finished game 83 (PassedPawn vs Magic): 1/2-1/2 {Draw by stalemate}
Score of PassedPawn vs Magic: 23 - 31 - 32  [0.453] 86
Started game 99 of 10000 (PassedPawn vs Magic)
Finished game 84 (Magic vs PassedPawn): 1-0 {White wins by adjudication}
Score of PassedPawn vs Magic: 23 - 32 - 32  [0.448] 87
Started game 100 of 10000 (Magic vs PassedPawn)
Finished game 90 (Magic vs PassedPawn): 1/2-1/2 {Draw by 3-fold repetition}
Score of PassedPawn vs Magic: 23 - 32 - 33  [0.449] 88
Started game 101 of 10000 (PassedPawn vs Magic)
Finished game 80 (Magic vs PassedPawn): 1/2-1/2 {Draw by fifty moves rule}
Score of PassedPawn vs Magic: 23 - 32 - 34  [0.449] 89
Started game 102 of 10000 (Magic vs PassedPawn)
Finished game 88 (Magic vs PassedPawn): 1/2-1/2 {Draw by stalemate}
Score of PassedPawn vs Magic: 23 - 32 - 35  [0.450] 90
Started game 103 of 10000 (PassedPawn vs Magic)
Finished game 91 (PassedPawn vs Magic): 0-1 {Black wins by adjudication}
Score of PassedPawn vs Magic: 23 - 33 - 35  [0.445] 91
Started game 104 of 10000 (Magic vs PassedPawn)
Finished game 93 (PassedPawn vs Magic): 0-1 {Black wins by adjudication}
Score of PassedPawn vs Magic: 23 - 34 - 35  [0.440] 92
Started game 105 of 10000 (PassedPawn vs Magic)
Finished game 95 (PassedPawn vs Magic): 1-0 {White wins by adjudication}
Score of PassedPawn vs Magic: 24 - 34 - 35  [0.446] 93
Started game 106 of 10000 (Magic vs PassedPawn)
Finished game 92 (Magic vs PassedPawn): 1/2-1/2 {Draw by stalemate}
Score of PassedPawn vs Magic: 24 - 34 - 36  [0.447] 94
Started game 107 of 10000 (PassedPawn vs Magic)
Finished game 96 (Magic vs PassedPawn): 1-0 {White wins by adjudication}
Score of PassedPawn vs Magic: 24 - 35 - 36  [0.442] 95
Started game 108 of 10000 (Magic vs PassedPawn)
Finished game 100 (Magic vs PassedPawn): 0-1 {Black wins by adjudication}
Score of PassedPawn vs Magic: 25 - 35 - 36  [0.448] 96
Started game 109 of 10000 (PassedPawn vs Magic)
Finished game 98 (Magic vs PassedPawn): 1-0 {White wins by adjudication}
Score of PassedPawn vs Magic: 25 - 36 - 36  [0.443] 97
Started game 110 of 10000 (Magic vs PassedPawn)
Finished game 97 (PassedPawn vs Magic): 0-1 {Black wins by adjudication}
Score of PassedPawn vs Magic: 25 - 37 - 36  [0.439] 98
Started game 111 of 10000 (PassedPawn vs Magic)
Finished game 99 (PassedPawn vs Magic): 0-1 {Black wins by adjudication}
Score of PassedPawn vs Magic: 25 - 38 - 36  [0.434] 99
Started game 112 of 10000 (Magic vs PassedPawn)
Finished game 101 (PassedPawn vs Magic): 1/2-1/2 {Draw by 3-fold repetition}
Score of PassedPawn vs Magic: 25 - 38 - 37  [0.435] 100
Started game 113 of 10000 (PassedPawn vs Magic)
Finished game 103 (PassedPawn vs Magic): 0-1 {Black wins by adjudication}
Score of PassedPawn vs Magic: 25 - 39 - 37  [0.431] 101
Started game 114 of 10000 (Magic vs PassedPawn)
Finished game 94 (Magic vs PassedPawn): 1/2-1/2 {Draw by fifty moves rule}
Score of PassedPawn vs Magic: 25 - 39 - 38  [0.431] 102
Started game 115 of 10000 (PassedPawn vs Magic)
Finished game 107 (PassedPawn vs Magic): 1/2-1/2 {Draw by 3-fold repetition}
Score of PassedPawn vs Magic: 25 - 39 - 39  [0.432] 103
Started game 116 of 10000 (Magic vs PassedPawn)
Finished game 104 (Magic vs PassedPawn): 0-1 {Black wins by adjudication}
Score of PassedPawn vs Magic: 26 - 39 - 39  [0.438] 104
Started game 117 of 10000 (PassedPawn vs Magic)
Finished game 102 (Magic vs PassedPawn): 1-0 {White wins by adjudication}
Score of PassedPawn vs Magic: 26 - 40 - 39  [0.433] 105
Started game 118 of 10000 (Magic vs PassedPawn)
Finished game 106 (Magic vs PassedPawn): 1-0 {White wins by adjudication}
Score of PassedPawn vs Magic: 26 - 41 - 39  [0.429] 106
Started game 119 of 10000 (PassedPawn vs Magic)
Finished game 105 (PassedPawn vs Magic): 0-1 {Black wins by adjudication}
Score of PassedPawn vs Magic: 26 - 42 - 39  [0.425] 107
Started game 120 of 10000 (Magic vs PassedPawn)
Finished game 109 (PassedPawn vs Magic): 0-1 {Black wins by adjudication}
Score of PassedPawn vs Magic: 26 - 43 - 39  [0.421] 108
Started game 121 of 10000 (PassedPawn vs Magic)
Finished game 110 (Magic vs PassedPawn): 1-0 {White wins by adjudication}
Score of PassedPawn vs Magic: 26 - 44 - 39  [0.417] 109
Started game 122 of 10000 (Magic vs PassedPawn)
Finished game 111 (PassedPawn vs Magic): 1-0 {White wins by adjudication}
Score of PassedPawn vs Magic: 27 - 44 - 39  [0.423] 110
Started game 123 of 10000 (PassedPawn vs Magic)
Finished game 108 (Magic vs PassedPawn): 1/2-1/2 {Draw by adjudication}
Score of PassedPawn vs Magic: 27 - 44 - 40  [0.423] 111
Started game 124 of 10000 (Magic vs PassedPawn)
Finished game 115 (PassedPawn vs Magic): 1-0 {White wins by adjudication}
Score of PassedPawn vs Magic: 28 - 44 - 40  [0.429] 112
Started game 125 of 10000 (PassedPawn vs Magic)
Finished game 116 (Magic vs PassedPawn): 0-1 {Black wins by adjudication}
Score of PassedPawn vs Magic: 29 - 44 - 40  [0.434] 113
Started game 126 of 10000 (Magic vs PassedPawn)
Finished game 114 (Magic vs PassedPawn): 1-0 {White wins by adjudication}
Score of PassedPawn vs Magic: 29 - 45 - 40  [0.430] 114
Started game 127 of 10000 (PassedPawn vs Magic)
Finished game 113 (PassedPawn vs Magic): 1-0 {White wins by adjudication}
Score of PassedPawn vs Magic: 30 - 45 - 40  [0.435] 115
Started game 128 of 10000 (Magic vs PassedPawn)
Finished game 112 (Magic vs PassedPawn): 0-1 {Black wins by adjudication}
Score of PassedPawn vs Magic: 31 - 45 - 40  [0.440] 116
Started game 129 of 10000 (PassedPawn vs Magic)
Finished game 117 (PassedPawn vs Magic): 0-1 {Black wins by adjudication}
Score of PassedPawn vs Magic: 31 - 46 - 40  [0.436] 117
Started game 130 of 10000 (Magic vs PassedPawn)
Finished game 122 (Magic vs PassedPawn): 1-0 {White wins by adjudication}
Score of PassedPawn vs Magic: 31 - 47 - 40  [0.432] 118
Started game 131 of 10000 (PassedPawn vs Magic)
Finished game 120 (Magic vs PassedPawn): 0-1 {Black wins by adjudication}
Score of PassedPawn vs Magic: 32 - 47 - 40  [0.437] 119
Started game 132 of 10000 (Magic vs PassedPawn)
Finished game 121 (PassedPawn vs Magic): 0-1 {Black wins by adjudication}
Score of PassedPawn vs Magic: 32 - 48 - 40  [0.433] 120
Started game 133 of 10000 (PassedPawn vs Magic)
Finished game 128 (Magic vs PassedPawn): 1-0 {White wins by adjudication}
Score of PassedPawn vs Magic: 32 - 49 - 40  [0.430] 121
Started game 134 of 10000 (Magic vs PassedPawn)
Finished game 125 (PassedPawn vs Magic): 0-1 {Black wins by adjudication}
Score of PassedPawn vs Magic: 32 - 50 - 40  [0.426] 122
Started game 135 of 10000 (PassedPawn vs Magic)
Finished game 127 (PassedPawn vs Magic): 1/2-1/2 {Draw by 3-fold repetition}
Score of PassedPawn vs Magic: 32 - 50 - 41  [0.427] 123
Started game 136 of 10000 (Magic vs PassedPawn)
Finished game 124 (Magic vs PassedPawn): 1-0 {White wins by adjudication}
Score of PassedPawn vs Magic: 32 - 51 - 41  [0.423] 124
Started game 137 of 10000 (PassedPawn vs Magic)
Finished game 119 (PassedPawn vs Magic): 0-1 {Black wins by adjudication}
Score of PassedPawn vs Magic: 32 - 52 - 41  [0.420] 125
Started game 138 of 10000 (Magic vs PassedPawn)
Finished game 118 (Magic vs PassedPawn): 1/2-1/2 {Draw by 3-fold repetition}
Score of PassedPawn vs Magic: 32 - 52 - 42  [0.421] 126
Started game 139 of 10000 (PassedPawn vs Magic)
Finished game 126 (Magic vs PassedPawn): 1/2-1/2 {Draw by adjudication}
Score of PassedPawn vs Magic: 32 - 52 - 43  [0.421] 127
Started game 140 of 10000 (Magic vs PassedPawn)
Finished game 131 (PassedPawn vs Magic): 1-0 {White wins by adjudication}
Score of PassedPawn vs Magic: 33 - 52 - 43  [0.426] 128
Started game 141 of 10000 (PassedPawn vs Magic)
Finished game 133 (PassedPawn vs Magic): 1/2-1/2 {Draw by 3-fold repetition}
Score of PassedPawn vs Magic: 33 - 52 - 44  [0.426] 129
Started game 142 of 10000 (Magic vs PassedPawn)
Finished game 130 (Magic vs PassedPawn): 1-0 {White wins by adjudication}
Score of PassedPawn vs Magic: 33 - 53 - 44  [0.423] 130
Started game 143 of 10000 (PassedPawn vs Magic)
Finished game 129 (PassedPawn vs Magic): 1/2-1/2 {Draw by 3-fold repetition}
Score of PassedPawn vs Magic: 33 - 53 - 45  [0.424] 131
Started game 144 of 10000 (Magic vs PassedPawn)
Finished game 123 (PassedPawn vs Magic): 1/2-1/2 {Draw by fifty moves rule}
Score of PassedPawn vs Magic: 33 - 53 - 46  [0.424] 132
Started game 145 of 10000 (PassedPawn vs Magic)
Finished game 142 (Magic vs PassedPawn): 1/2-1/2 {Draw by 3-fold repetition}
Score of PassedPawn vs Magic: 33 - 53 - 47  [0.425] 133
Started game 146 of 10000 (Magic vs PassedPawn)
Finished game 139 (PassedPawn vs Magic): 1-0 {White wins by adjudication}
Score of PassedPawn vs Magic: 34 - 53 - 47  [0.429] 134
Started game 147 of 10000 (PassedPawn vs Magic)
Finished game 136 (Magic vs PassedPawn): 0-1 {Black mates}
Score of PassedPawn vs Magic: 35 - 53 - 47  [0.433] 135
Started game 148 of 10000 (Magic vs PassedPawn)
Finished game 135 (PassedPawn vs Magic): 1/2-1/2 {Draw by 3-fold repetition}
Score of PassedPawn vs Magic: 35 - 53 - 48  [0.434] 136
Started game 149 of 10000 (PassedPawn vs Magic)
Finished game 132 (Magic vs PassedPawn): 1-0 {White wins by adjudication}
Score of PassedPawn vs Magic: 35 - 54 - 48  [0.431] 137
Started game 150 of 10000 (Magic vs PassedPawn)
Finished game 134 (Magic vs PassedPawn): 1-0 {White wins by adjudication}
Score of PassedPawn vs Magic: 35 - 55 - 48  [0.428] 138
Started game 151 of 10000 (PassedPawn vs Magic)
Finished game 140 (Magic vs PassedPawn): 0-1 {Black wins by adjudication}
Score of PassedPawn vs Magic: 36 - 55 - 48  [0.432] 139
Started game 152 of 10000 (Magic vs PassedPawn)
Finished game 137 (PassedPawn vs Magic): 1/2-1/2 {Draw by adjudication}
Score of PassedPawn vs Magic: 36 - 55 - 49  [0.432] 140
Started game 153 of 10000 (PassedPawn vs Magic)
Finished game 141 (PassedPawn vs Magic): 0-1 {Black wins by adjudication}
Score of PassedPawn vs Magic: 36 - 56 - 49  [0.429] 141
Started game 154 of 10000 (Magic vs PassedPawn)
Finished game 144 (Magic vs PassedPawn): 0-1 {Black wins by adjudication}
Score of PassedPawn vs Magic: 37 - 56 - 49  [0.433] 142
Started game 155 of 10000 (PassedPawn vs Magic)
Finished game 138 (Magic vs PassedPawn): 1-0 {White wins by adjudication}
Score of PassedPawn vs Magic: 37 - 57 - 49  [0.430] 143
Started game 156 of 10000 (Magic vs PassedPawn)
Finished game 146 (Magic vs PassedPawn): 0-1 {Black wins by adjudication}
Score of PassedPawn vs Magic: 38 - 57 - 49  [0.434] 144
Started game 157 of 10000 (PassedPawn vs Magic)
Finished game 147 (PassedPawn vs Magic): 0-1 {Black wins by adjudication}
Score of PassedPawn vs Magic: 38 - 58 - 49  [0.431] 145
Started game 158 of 10000 (Magic vs PassedPawn)
Finished game 145 (PassedPawn vs Magic): 1-0 {White wins by adjudication}
Score of PassedPawn vs Magic: 39 - 58 - 49  [0.435] 146
Started game 159 of 10000 (PassedPawn vs Magic)
Finished game 148 (Magic vs PassedPawn): 1-0 {White wins by adjudication}
Score of PassedPawn vs Magic: 39 - 59 - 49  [0.432] 147
Started game 160 of 10000 (Magic vs PassedPawn)
Finished game 143 (PassedPawn vs Magic): 0-1 {Black wins by adjudication}
Score of PassedPawn vs Magic: 39 - 60 - 49  [0.429] 148
Started game 161 of 10000 (PassedPawn vs Magic)
Finished game 151 (PassedPawn vs Magic): 0-1 {Black wins by adjudication}
Score of PassedPawn vs Magic: 39 - 61 - 49  [0.426] 149
Started game 162 of 10000 (Magic vs PassedPawn)
Finished game 158 (Magic vs PassedPawn): 1/2-1/2 {Draw by 3-fold repetition}
Score of PassedPawn vs Magic: 39 - 61 - 50  [0.427] 150
Started game 163 of 10000 (PassedPawn vs Magic)
Finished game 149 (PassedPawn vs Magic): 1/2-1/2 {Draw by 3-fold repetition}
Score of PassedPawn vs Magic: 39 - 61 - 51  [0.427] 151
Started game 164 of 10000 (Magic vs PassedPawn)
Finished game 154 (Magic vs PassedPawn): 0-1 {Black wins by adjudication}
Score of PassedPawn vs Magic: 40 - 61 - 51  [0.431] 152
Started game 165 of 10000 (PassedPawn vs Magic)
Finished game 152 (Magic vs PassedPawn): 1/2-1/2 {Draw by adjudication}
Score of PassedPawn vs Magic: 40 - 61 - 52  [0.431] 153
Started game 166 of 10000 (Magic vs PassedPawn)
Finished game 153 (PassedPawn vs Magic): 1/2-1/2 {Draw by insufficient mating material}
Score of PassedPawn vs Magic: 40 - 61 - 53  [0.432] 154
Started game 167 of 10000 (PassedPawn vs Magic)
Finished game 155 (PassedPawn vs Magic): 1/2-1/2 {Draw by adjudication}
Score of PassedPawn vs Magic: 40 - 61 - 54  [0.432] 155
Started game 168 of 10000 (Magic vs PassedPawn)
Finished game 157 (PassedPawn vs Magic): 1-0 {White wins by adjudication}
Score of PassedPawn vs Magic: 41 - 61 - 54  [0.436] 156
Started game 169 of 10000 (PassedPawn vs Magic)
Finished game 159 (PassedPawn vs Magic): 0-1 {Black wins by adjudication}
Score of PassedPawn vs Magic: 41 - 62 - 54  [0.433] 157
Started game 170 of 10000 (Magic vs PassedPawn)
Finished game 160 (Magic vs PassedPawn): 0-1 {Black wins by adjudication}
Score of PassedPawn vs Magic: 42 - 62 - 54  [0.437] 158
Started game 171 of 10000 (PassedPawn vs Magic)
Finished game 150 (Magic vs PassedPawn): 1/2-1/2 {Draw by 3-fold repetition}
Score of PassedPawn vs Magic: 42 - 62 - 55  [0.437] 159
Started game 172 of 10000 (Magic vs PassedPawn)
Finished game 163 (PassedPawn vs Magic): 1/2-1/2 {Draw by 3-fold repetition}
Score of PassedPawn vs Magic: 42 - 62 - 56  [0.438] 160
Started game 173 of 10000 (PassedPawn vs Magic)
Finished game 165 (PassedPawn vs Magic): 1-0 {White wins by adjudication}
Score of PassedPawn vs Magic: 43 - 62 - 56  [0.441] 161
Started game 174 of 10000 (Magic vs PassedPawn)
Finished game 162 (Magic vs PassedPawn): 1-0 {White wins by adjudication}
Score of PassedPawn vs Magic: 43 - 63 - 56  [0.438] 162
Started game 175 of 10000 (PassedPawn vs Magic)
Finished game 164 (Magic vs PassedPawn): 0-1 {Black wins by adjudication}
Score of PassedPawn vs Magic: 44 - 63 - 56  [0.442] 163
Started game 176 of 10000 (Magic vs PassedPawn)
Finished game 161 (PassedPawn vs Magic): 0-1 {Black wins by adjudication}
Score of PassedPawn vs Magic: 44 - 64 - 56  [0.439] 164
Started game 177 of 10000 (PassedPawn vs Magic)
Finished game 166 (Magic vs PassedPawn): 1-0 {White wins by adjudication}
Score of PassedPawn vs Magic: 44 - 65 - 56  [0.436] 165
Started game 178 of 10000 (Magic vs PassedPawn)
Finished game 156 (Magic vs PassedPawn): 0-1 {Black wins by adjudication}
Score of PassedPawn vs Magic: 45 - 65 - 56  [0.440] 166
Started game 179 of 10000 (PassedPawn vs Magic)
Finished game 167 (PassedPawn vs Magic): 1/2-1/2 {Draw by 3-fold repetition}
Score of PassedPawn vs Magic: 45 - 65 - 57  [0.440] 167
Started game 180 of 10000 (Magic vs PassedPawn)
Finished game 177 (PassedPawn vs Magic): 1-0 {White wins by adjudication}
Score of PassedPawn vs Magic: 46 - 65 - 57  [0.443] 168
Started game 181 of 10000 (PassedPawn vs Magic)
Finished game 168 (Magic vs PassedPawn): 1-0 {White wins by adjudication}
Score of PassedPawn vs Magic: 46 - 66 - 57  [0.441] 169
Started game 182 of 10000 (Magic vs PassedPawn)
Finished game 175 (PassedPawn vs Magic): 1-0 {White wins by adjudication}
Score of PassedPawn vs Magic: 47 - 66 - 57  [0.444] 170
Started game 183 of 10000 (PassedPawn vs Magic)
Finished game 170 (Magic vs PassedPawn): 0-1 {Black wins by adjudication}
Score of PassedPawn vs Magic: 48 - 66 - 57  [0.447] 171
Started game 184 of 10000 (Magic vs PassedPawn)
Finished game 171 (PassedPawn vs Magic): 1-0 {White wins by adjudication}
Score of PassedPawn vs Magic: 49 - 66 - 57  [0.451] 172
Started game 185 of 10000 (PassedPawn vs Magic)
Finished game 179 (PassedPawn vs Magic): 1-0 {White wins by adjudication}
Score of PassedPawn vs Magic: 50 - 66 - 57  [0.454] 173
Started game 186 of 10000 (Magic vs PassedPawn)
Finished game 176 (Magic vs PassedPawn): 0-1 {Black wins by adjudication}
Score of PassedPawn vs Magic: 51 - 66 - 57  [0.457] 174
Started game 187 of 10000 (PassedPawn vs Magic)
Finished game 173 (PassedPawn vs Magic): 1/2-1/2 {Draw by 3-fold repetition}
Score of PassedPawn vs Magic: 51 - 66 - 58  [0.457] 175
Started game 188 of 10000 (Magic vs PassedPawn)
Finished game 169 (PassedPawn vs Magic): 1-0 {White wins by adjudication}
Score of PassedPawn vs Magic: 52 - 66 - 58  [0.460] 176
Started game 189 of 10000 (PassedPawn vs Magic)
Finished game 178 (Magic vs PassedPawn): 1/2-1/2 {Draw by 3-fold repetition}
Score of PassedPawn vs Magic: 52 - 66 - 59  [0.460] 177
Started game 190 of 10000 (Magic vs PassedPawn)
Finished game 174 (Magic vs PassedPawn): 1/2-1/2 {Draw by insufficient mating material}
Score of PassedPawn vs Magic: 52 - 66 - 60  [0.461] 178
Started game 191 of 10000 (PassedPawn vs Magic)
Finished game 172 (Magic vs PassedPawn): 0-1 {Black wins by adjudication}
Score of PassedPawn vs Magic: 53 - 66 - 60  [0.464] 179
Started game 192 of 10000 (Magic vs PassedPawn)
Finished game 184 (Magic vs PassedPawn): 1-0 {White wins by adjudication}
Score of PassedPawn vs Magic: 53 - 67 - 60  [0.461] 180
Started game 193 of 10000 (PassedPawn vs Magic)
Finished game 183 (PassedPawn vs Magic): 0-1 {Black wins by adjudication}
Score of PassedPawn vs Magic: 53 - 68 - 60  [0.459] 181
Started game 194 of 10000 (Magic vs PassedPawn)
Finished game 180 (Magic vs PassedPawn): 1/2-1/2 {Draw by 3-fold repetition}
Score of PassedPawn vs Magic: 53 - 68 - 61  [0.459] 182
Started game 195 of 10000 (PassedPawn vs Magic)
Finished game 182 (Magic vs PassedPawn): 1-0 {White wins by adjudication}
Score of PassedPawn vs Magic: 53 - 69 - 61  [0.456] 183
Started game 196 of 10000 (Magic vs PassedPawn)
Finished game 188 (Magic vs PassedPawn): 0-1 {Black wins by adjudication}
Score of PassedPawn vs Magic: 54 - 69 - 61  [0.459] 184
Started game 197 of 10000 (PassedPawn vs Magic)
Finished game 189 (PassedPawn vs Magic): 0-1 {Black wins by adjudication}
Score of PassedPawn vs Magic: 54 - 70 - 61  [0.457] 185
Started game 198 of 10000 (Magic vs PassedPawn)
Finished game 186 (Magic vs PassedPawn): 0-1 {Black wins by adjudication}
Score of PassedPawn vs Magic: 55 - 70 - 61  [0.460] 186
Started game 199 of 10000 (PassedPawn vs Magic)
Finished game 191 (PassedPawn vs Magic): 1-0 {White wins by adjudication}
Score of PassedPawn vs Magic: 56 - 70 - 61  [0.463] 187
Started game 200 of 10000 (Magic vs PassedPawn)
Finished game 181 (PassedPawn vs Magic): 0-1 {Black wins by adjudication}
Score of PassedPawn vs Magic: 56 - 71 - 61  [0.460] 188
Started game 201 of 10000 (PassedPawn vs Magic)
Finished game 185 (PassedPawn vs Magic): 1-0 {White wins by adjudication}
Score of PassedPawn vs Magic: 57 - 71 - 61  [0.463] 189
Started game 202 of 10000 (Magic vs PassedPawn)
Finished game 187 (PassedPawn vs Magic): 1-0 {White wins by adjudication}
Score of PassedPawn vs Magic: 58 - 71 - 61  [0.466] 190
Started game 203 of 10000 (PassedPawn vs Magic)
Finished game 190 (Magic vs PassedPawn): 1-0 {White wins by adjudication}
Score of PassedPawn vs Magic: 58 - 72 - 61  [0.463] 191
Started game 204 of 10000 (Magic vs PassedPawn)
Finished game 192 (Magic vs PassedPawn): 1-0 {White wins by adjudication}
Score of PassedPawn vs Magic: 58 - 73 - 61  [0.461] 192
Started game 205 of 10000 (PassedPawn vs Magic)
Finished game 195 (PassedPawn vs Magic): 0-1 {Black wins by adjudication}
Score of PassedPawn vs Magic: 58 - 74 - 61  [0.459] 193
Started game 206 of 10000 (Magic vs PassedPawn)
Finished game 193 (PassedPawn vs Magic): 1-0 {White wins by adjudication}
Score of PassedPawn vs Magic: 59 - 74 - 61  [0.461] 194
Started game 207 of 10000 (PassedPawn vs Magic)
Finished game 199 (PassedPawn vs Magic): 1-0 {White wins by adjudication}
Score of PassedPawn vs Magic: 60 - 74 - 61  [0.464] 195
Started game 208 of 10000 (Magic vs PassedPawn)
Finished game 196 (Magic vs PassedPawn): 0-1 {Black wins by adjudication}
Score of PassedPawn vs Magic: 61 - 74 - 61  [0.467] 196
Started game 209 of 10000 (PassedPawn vs Magic)
Finished game 203 (PassedPawn vs Magic): 0-1 {Black wins by adjudication}
Score of PassedPawn vs Magic: 61 - 75 - 61  [0.464] 197
Started game 210 of 10000 (Magic vs PassedPawn)
Finished game 201 (PassedPawn vs Magic): 0-1 {Black wins by adjudication}
Score of PassedPawn vs Magic: 61 - 76 - 61  [0.462] 198
Started game 211 of 10000 (PassedPawn vs Magic)
Finished game 200 (Magic vs PassedPawn): 1-0 {White wins by adjudication}
Score of PassedPawn vs Magic: 61 - 77 - 61  [0.460] 199
Started game 212 of 10000 (Magic vs PassedPawn)
Finished game 202 (Magic vs PassedPawn): 0-1 {Black wins by adjudication}
Score of PassedPawn vs Magic: 62 - 77 - 61  [0.463] 200
Started game 213 of 10000 (PassedPawn vs Magic)
Finished game 197 (PassedPawn vs Magic): 1/2-1/2 {Draw by adjudication}
Score of PassedPawn vs Magic: 62 - 77 - 62  [0.463] 201
Started game 214 of 10000 (Magic vs PassedPawn)
Finished game 204 (Magic vs PassedPawn): 1-0 {White wins by adjudication}
Score of PassedPawn vs Magic: 62 - 78 - 62  [0.460] 202
Started game 215 of 10000 (PassedPawn vs Magic)
Finished game 194 (Magic vs PassedPawn): 1/2-1/2 {Draw by fifty moves rule}
Score of PassedPawn vs Magic: 62 - 78 - 63  [0.461] 203
Started game 216 of 10000 (Magic vs PassedPawn)
Finished game 198 (Magic vs PassedPawn): 0-1 {Black wins by adjudication}
Score of PassedPawn vs Magic: 63 - 78 - 63  [0.463] 204
Started game 217 of 10000 (PassedPawn vs Magic)
Finished game 209 (PassedPawn vs Magic): 0-1 {Black wins by adjudication}
Score of PassedPawn vs Magic: 63 - 79 - 63  [0.461] 205
Started game 218 of 10000 (Magic vs PassedPawn)
Finished game 205 (PassedPawn vs Magic): 0-1 {Black wins by adjudication}
Score of PassedPawn vs Magic: 63 - 80 - 63  [0.459] 206
Started game 219 of 10000 (PassedPawn vs Magic)
Finished game 207 (PassedPawn vs Magic): 0-1 {Black wins by adjudication}
Score of PassedPawn vs Magic: 63 - 81 - 63  [0.457] 207
Started game 220 of 10000 (Magic vs PassedPawn)
Finished game 215 (PassedPawn vs Magic): 0-1 {Black wins by adjudication}
Score of PassedPawn vs Magic: 63 - 82 - 63  [0.454] 208
Started game 221 of 10000 (PassedPawn vs Magic)
Finished game 206 (Magic vs PassedPawn): 1-0 {White wins by adjudication}
Score of PassedPawn vs Magic: 63 - 83 - 63  [0.452] 209
Started game 222 of 10000 (Magic vs PassedPawn)
Finished game 213 (PassedPawn vs Magic): 1/2-1/2 {Draw by adjudication}
Score of PassedPawn vs Magic: 63 - 83 - 64  [0.452] 210
Started game 223 of 10000 (PassedPawn vs Magic)
Finished game 210 (Magic vs PassedPawn): 0-1 {Black wins by adjudication}
Score of PassedPawn vs Magic: 64 - 83 - 64  [0.455] 211
Started game 224 of 10000 (Magic vs PassedPawn)
Finished game 214 (Magic vs PassedPawn): 1-0 {White wins by adjudication}
Score of PassedPawn vs Magic: 64 - 84 - 64  [0.453] 212
Started game 225 of 10000 (PassedPawn vs Magic)
Finished game 212 (Magic vs PassedPawn): 0-1 {Black wins by adjudication}
Score of PassedPawn vs Magic: 65 - 84 - 64  [0.455] 213
Started game 226 of 10000 (Magic vs PassedPawn)
Finished game 217 (PassedPawn vs Magic): 1-0 {White wins by adjudication}
Score of PassedPawn vs Magic: 66 - 84 - 64  [0.458] 214
Started game 227 of 10000 (PassedPawn vs Magic)
Finished game 216 (Magic vs PassedPawn): 0-1 {Black wins by adjudication}
Score of PassedPawn vs Magic: 67 - 84 - 64  [0.460] 215
Started game 228 of 10000 (Magic vs PassedPawn)
Finished game 219 (PassedPawn vs Magic): 0-1 {Black wins by adjudication}
Score of PassedPawn vs Magic: 67 - 85 - 64  [0.458] 216
Started game 229 of 10000 (PassedPawn vs Magic)
Finished game 218 (Magic vs PassedPawn): 0-1 {Black wins by adjudication}
Score of PassedPawn vs Magic: 68 - 85 - 64  [0.461] 217
Started game 230 of 10000 (Magic vs PassedPawn)
Finished game 224 (Magic vs PassedPawn): 1/2-1/2 {Draw by 3-fold repetition}
Score of PassedPawn vs Magic: 68 - 85 - 65  [0.461] 218
Started game 231 of 10000 (PassedPawn vs Magic)
Finished game 211 (PassedPawn vs Magic): 1/2-1/2 {Draw by fifty moves rule}
Score of PassedPawn vs Magic: 68 - 85 - 66  [0.461] 219
Started game 232 of 10000 (Magic vs PassedPawn)
Finished game 221 (PassedPawn vs Magic): 1/2-1/2 {Draw by 3-fold repetition}
Score of PassedPawn vs Magic: 68 - 85 - 67  [0.461] 220
Started game 233 of 10000 (PassedPawn vs Magic)
Finished game 222 (Magic vs PassedPawn): 0-1 {Black wins by adjudication}
Score of PassedPawn vs Magic: 69 - 85 - 67  [0.464] 221
Started game 234 of 10000 (Magic vs PassedPawn)
Finished game 220 (Magic vs PassedPawn): 1/2-1/2 {Draw by insufficient mating material}
Score of PassedPawn vs Magic: 69 - 85 - 68  [0.464] 222
Started game 235 of 10000 (PassedPawn vs Magic)
Finished game 223 (PassedPawn vs Magic): 1/2-1/2 {Draw by 3-fold repetition}
Score of PassedPawn vs Magic: 69 - 85 - 69  [0.464] 223
Started game 236 of 10000 (Magic vs PassedPawn)
Finished game 208 (Magic vs PassedPawn): 1/2-1/2 {Draw by insufficient mating material}
Score of PassedPawn vs Magic: 69 - 85 - 70  [0.464] 224
Started game 237 of 10000 (PassedPawn vs Magic)
Finished game 226 (Magic vs PassedPawn): 1-0 {White wins by adjudication}
Score of PassedPawn vs Magic: 69 - 86 - 70  [0.462] 225
Started game 238 of 10000 (Magic vs PassedPawn)
Finished game 225 (PassedPawn vs Magic): 1/2-1/2 {Draw by insufficient mating material}
Score of PassedPawn vs Magic: 69 - 86 - 71  [0.462] 226
Started game 239 of 10000 (PassedPawn vs Magic)
Finished game 228 (Magic vs PassedPawn): 1/2-1/2 {Draw by 3-fold repetition}
Score of PassedPawn vs Magic: 69 - 86 - 72  [0.463] 227
Started game 240 of 10000 (Magic vs PassedPawn)
Finished game 232 (Magic vs PassedPawn): 1-0 {White wins by adjudication}
Score of PassedPawn vs Magic: 69 - 87 - 72  [0.461] 228
Started game 241 of 10000 (PassedPawn vs Magic)
Finished game 227 (PassedPawn vs Magic): 0-1 {Black mates}
Score of PassedPawn vs Magic: 69 - 88 - 72  [0.459] 229
Started game 242 of 10000 (Magic vs PassedPawn)
Finished game 237 (PassedPawn vs Magic): 0-1 {Black wins by adjudication}
Score of PassedPawn vs Magic: 69 - 89 - 72  [0.457] 230
Started game 243 of 10000 (PassedPawn vs Magic)
Finished game 233 (PassedPawn vs Magic): 1-0 {White wins by adjudication}
Score of PassedPawn vs Magic: 70 - 89 - 72  [0.459] 231
Started game 244 of 10000 (Magic vs PassedPawn)
Finished game 229 (PassedPawn vs Magic): 1-0 {White mates}
Score of PassedPawn vs Magic: 71 - 89 - 72  [0.461] 232
Started game 245 of 10000 (PassedPawn vs Magic)
Finished game 230 (Magic vs PassedPawn): 1-0 {White wins by adjudication}
Score of PassedPawn vs Magic: 71 - 90 - 72  [0.459] 233
Started game 246 of 10000 (Magic vs PassedPawn)
Finished game 239 (PassedPawn vs Magic): 1-0 {White wins by adjudication}
Score of PassedPawn vs Magic: 72 - 90 - 72  [0.462] 234
Started game 247 of 10000 (PassedPawn vs Magic)
Finished game 238 (Magic vs PassedPawn): 1-0 {White wins by adjudication}
Score of PassedPawn vs Magic: 72 - 91 - 72  [0.460] 235
Started game 248 of 10000 (Magic vs PassedPawn)
Finished game 235 (PassedPawn vs Magic): 1/2-1/2 {Draw by insufficient mating material}
Score of PassedPawn vs Magic: 72 - 91 - 73  [0.460] 236
Started game 249 of 10000 (PassedPawn vs Magic)
Finished game 236 (Magic vs PassedPawn): 1/2-1/2 {Draw by adjudication}
Score of PassedPawn vs Magic: 72 - 91 - 74  [0.460] 237
Started game 250 of 10000 (Magic vs PassedPawn)
Finished game 234 (Magic vs PassedPawn): 0-1 {Black wins by adjudication}
Score of PassedPawn vs Magic: 73 - 91 - 74  [0.462] 238
Started game 251 of 10000 (PassedPawn vs Magic)
Finished game 244 (Magic vs PassedPawn): 1-0 {White wins by adjudication}
Score of PassedPawn vs Magic: 73 - 92 - 74  [0.460] 239
Started game 252 of 10000 (Magic vs PassedPawn)
Finished game 246 (Magic vs PassedPawn): 1/2-1/2 {Draw by 3-fold repetition}
Score of PassedPawn vs Magic: 73 - 92 - 75  [0.460] 240
Started game 253 of 10000 (PassedPawn vs Magic)
Finished game 243 (PassedPawn vs Magic): 1-0 {White wins by adjudication}
Score of PassedPawn vs Magic: 74 - 92 - 75  [0.463] 241
Started game 254 of 10000 (Magic vs PassedPawn)
Finished game 241 (PassedPawn vs Magic): 0-1 {Black wins by adjudication}
Score of PassedPawn vs Magic: 74 - 93 - 75  [0.461] 242
Started game 255 of 10000 (PassedPawn vs Magic)
Finished game 231 (PassedPawn vs Magic): 1/2-1/2 {Draw by adjudication}
Score of PassedPawn vs Magic: 74 - 93 - 76  [0.461] 243
Started game 256 of 10000 (Magic vs PassedPawn)
Finished game 245 (PassedPawn vs Magic): 0-1 {Black wins by adjudication}
Score of PassedPawn vs Magic: 74 - 94 - 76  [0.459] 244
Started game 257 of 10000 (PassedPawn vs Magic)
Finished game 240 (Magic vs PassedPawn): 1-0 {White wins by adjudication}
Score of PassedPawn vs Magic: 74 - 95 - 76  [0.457] 245
Started game 258 of 10000 (Magic vs PassedPawn)
Finished game 242 (Magic vs PassedPawn): 1/2-1/2 {Draw by insufficient mating material}
Score of PassedPawn vs Magic: 74 - 95 - 77  [0.457] 246
Started game 259 of 10000 (PassedPawn vs Magic)
Finished game 249 (PassedPawn vs Magic): 1/2-1/2 {Draw by insufficient mating material}
Score of PassedPawn vs Magic: 74 - 95 - 78  [0.457] 247
Started game 260 of 10000 (Magic vs PassedPawn)
Finished game 253 (PassedPawn vs Magic): 1-0 {White wins by adjudication}
Score of PassedPawn vs Magic: 75 - 95 - 78  [0.460] 248
Started game 261 of 10000 (PassedPawn vs Magic)
Finished game 250 (Magic vs PassedPawn): 1-0 {White wins by adjudication}
Score of PassedPawn vs Magic: 75 - 96 - 78  [0.458] 249
Started game 262 of 10000 (Magic vs PassedPawn)
Finished game 248 (Magic vs PassedPawn): 1-0 {White wins by adjudication}
Score of PassedPawn vs Magic: 75 - 97 - 78  [0.456] 250
Started game 263 of 10000 (PassedPawn vs Magic)
Finished game 251 (PassedPawn vs Magic): 1-0 {White wins by adjudication}
Score of PassedPawn vs Magic: 76 - 97 - 78  [0.458] 251
Started game 264 of 10000 (Magic vs PassedPawn)
Finished game 252 (Magic vs PassedPawn): 0-1 {Black wins by adjudication}
Score of PassedPawn vs Magic: 77 - 97 - 78  [0.460] 252
Started game 265 of 10000 (PassedPawn vs Magic)
Finished game 247 (PassedPawn vs Magic): 1/2-1/2 {Draw by fifty moves rule}
Score of PassedPawn vs Magic: 77 - 97 - 79  [0.460] 253
Started game 266 of 10000 (Magic vs PassedPawn)
Finished game 264 (Magic vs PassedPawn): 1/2-1/2 {Draw by 3-fold repetition}
Score of PassedPawn vs Magic: 77 - 97 - 80  [0.461] 254
Started game 267 of 10000 (PassedPawn vs Magic)
Finished game 255 (PassedPawn vs Magic): 1-0 {White wins by adjudication}
Score of PassedPawn vs Magic: 78 - 97 - 80  [0.463] 255
Started game 268 of 10000 (Magic vs PassedPawn)
Finished game 254 (Magic vs PassedPawn): 0-1 {Black wins by adjudication}
Score of PassedPawn vs Magic: 79 - 97 - 80  [0.465] 256
Started game 269 of 10000 (PassedPawn vs Magic)
Finished game 256 (Magic vs PassedPawn): 0-1 {Black wins by adjudication}
Score of PassedPawn vs Magic: 80 - 97 - 80  [0.467] 257
Started game 270 of 10000 (Magic vs PassedPawn)
Finished game 259 (PassedPawn vs Magic): 1-0 {White wins by adjudication}
Score of PassedPawn vs Magic: 81 - 97 - 80  [0.469] 258
Started game 271 of 10000 (PassedPawn vs Magic)
Finished game 262 (Magic vs PassedPawn): 0-1 {Black wins by adjudication}
Score of PassedPawn vs Magic: 82 - 97 - 80  [0.471] 259
Started game 272 of 10000 (Magic vs PassedPawn)
Finished game 258 (Magic vs PassedPawn): 0-1 {Black wins by adjudication}
Score of PassedPawn vs Magic: 83 - 97 - 80  [0.473] 260
Started game 273 of 10000 (PassedPawn vs Magic)
Finished game 261 (PassedPawn vs Magic): 0-1 {Black wins by adjudication}
Score of PassedPawn vs Magic: 83 - 98 - 80  [0.471] 261
Started game 274 of 10000 (Magic vs PassedPawn)
Finished game 263 (PassedPawn vs Magic): 1-0 {White wins by adjudication}
Score of PassedPawn vs Magic: 84 - 98 - 80  [0.473] 262
Started game 275 of 10000 (PassedPawn vs Magic)
Finished game 257 (PassedPawn vs Magic): 0-1 {Black wins by adjudication}
Score of PassedPawn vs Magic: 84 - 99 - 80  [0.471] 263
Started game 276 of 10000 (Magic vs PassedPawn)
Finished game 260 (Magic vs PassedPawn): 0-1 {Black wins by adjudication}
Score of PassedPawn vs Magic: 85 - 99 - 80  [0.473] 264
Started game 277 of 10000 (PassedPawn vs Magic)
Finished game 265 (PassedPawn vs Magic): 0-1 {Black wins by adjudication}
Score of PassedPawn vs Magic: 85 - 100 - 80  [0.472] 265
Started game 278 of 10000 (Magic vs PassedPawn)
Finished game 266 (Magic vs PassedPawn): 1-0 {White wins by adjudication}
Score of PassedPawn vs Magic: 85 - 101 - 80  [0.470] 266
Started game 279 of 10000 (PassedPawn vs Magic)
Finished game 270 (Magic vs PassedPawn): 1-0 {White wins by adjudication}
Score of PassedPawn vs Magic: 85 - 102 - 80  [0.468] 267
Started game 280 of 10000 (Magic vs PassedPawn)
Finished game 278 (Magic vs PassedPawn): 1/2-1/2 {Draw by 3-fold repetition}
Score of PassedPawn vs Magic: 85 - 102 - 81  [0.468] 268
Started game 281 of 10000 (PassedPawn vs Magic)
Finished game 272 (Magic vs PassedPawn): 0-1 {Black wins by adjudication}
Score of PassedPawn vs Magic: 86 - 102 - 81  [0.470] 269
Started game 282 of 10000 (Magic vs PassedPawn)
Finished game 271 (PassedPawn vs Magic): 0-1 {Black mates}
Score of PassedPawn vs Magic: 86 - 103 - 81  [0.469] 270
Started game 283 of 10000 (PassedPawn vs Magic)
Finished game 281 (PassedPawn vs Magic): 1-0 {White wins by adjudication}
Score of PassedPawn vs Magic: 87 - 103 - 81  [0.470] 271
Started game 284 of 10000 (Magic vs PassedPawn)
Finished game 268 (Magic vs PassedPawn): 0-1 {Black wins by adjudication}
Score of PassedPawn vs Magic: 88 - 103 - 81  [0.472] 272
Started game 285 of 10000 (PassedPawn vs Magic)
Finished game 275 (PassedPawn vs Magic): 1-0 {White wins by adjudication}
Score of PassedPawn vs Magic: 89 - 103 - 81  [0.474] 273
Started game 286 of 10000 (Magic vs PassedPawn)
Finished game 277 (PassedPawn vs Magic): 1/2-1/2 {Draw by 3-fold repetition}
Score of PassedPawn vs Magic: 89 - 103 - 82  [0.474] 274
Started game 287 of 10000 (PassedPawn vs Magic)
Finished game 267 (PassedPawn vs Magic): 0-1 {Black wins by adjudication}
Score of PassedPawn vs Magic: 89 - 104 - 82  [0.473] 275
Started game 288 of 10000 (Magic vs PassedPawn)
Finished game 276 (Magic vs PassedPawn): 0-1 {Black wins by adjudication}
Score of PassedPawn vs Magic: 90 - 104 - 82  [0.475] 276
Started game 289 of 10000 (PassedPawn vs Magic)
Finished game 282 (Magic vs PassedPawn): 1-0 {White wins by adjudication}
Score of PassedPawn vs Magic: 90 - 105 - 82  [0.473] 277
Started game 290 of 10000 (Magic vs PassedPawn)
Finished game 273 (PassedPawn vs Magic): 0-1 {Black wins by adjudication}
Score of PassedPawn vs Magic: 90 - 106 - 82  [0.471] 278
Started game 291 of 10000 (PassedPawn vs Magic)
Finished game 289 (PassedPawn vs Magic): 1/2-1/2 {Draw by 3-fold repetition}
Score of PassedPawn vs Magic: 90 - 106 - 83  [0.471] 279
Started game 292 of 10000 (Magic vs PassedPawn)
Finished game 290 (Magic vs PassedPawn): 1/2-1/2 {Draw by 3-fold repetition}
Score of PassedPawn vs Magic: 90 - 106 - 84  [0.471] 280
Started game 293 of 10000 (PassedPawn vs Magic)
Finished game 274 (Magic vs PassedPawn): 0-1 {Black wins by adjudication}
Score of PassedPawn vs Magic: 91 - 106 - 84  [0.473] 281
Started game 294 of 10000 (Magic vs PassedPawn)
Finished game 280 (Magic vs PassedPawn): 0-1 {Black wins by adjudication}
Score of PassedPawn vs Magic: 92 - 106 - 84  [0.475] 282
Started game 295 of 10000 (PassedPawn vs Magic)
Finished game 279 (PassedPawn vs Magic): 1-0 {White wins by adjudication}
Score of PassedPawn vs Magic: 93 - 106 - 84  [0.477] 283
Started game 296 of 10000 (Magic vs PassedPawn)
Finished game 269 (PassedPawn vs Magic): 0-1 {Black wins by adjudication}
Score of PassedPawn vs Magic: 93 - 107 - 84  [0.475] 284
Started game 297 of 10000 (PassedPawn vs Magic)
Finished game 287 (PassedPawn vs Magic): 1-0 {White wins by adjudication}
Score of PassedPawn vs Magic: 94 - 107 - 84  [0.477] 285
Started game 298 of 10000 (Magic vs PassedPawn)
Finished game 284 (Magic vs PassedPawn): 1-0 {White wins by adjudication}
Score of PassedPawn vs Magic: 94 - 108 - 84  [0.476] 286
Started game 299 of 10000 (PassedPawn vs Magic)
Finished game 285 (PassedPawn vs Magic): 1-0 {White wins by adjudication}
Score of PassedPawn vs Magic: 95 - 108 - 84  [0.477] 287
Started game 300 of 10000 (Magic vs PassedPawn)
Finished game 283 (PassedPawn vs Magic): 1-0 {White wins by adjudication}
Score of PassedPawn vs Magic: 96 - 108 - 84  [0.479] 288
Started game 301 of 10000 (PassedPawn vs Magic)
Finished game 292 (Magic vs PassedPawn): 0-1 {Black wins by adjudication}
Score of PassedPawn vs Magic: 97 - 108 - 84  [0.481] 289
Started game 302 of 10000 (Magic vs PassedPawn)
Finished game 288 (Magic vs PassedPawn): 1/2-1/2 {Draw by adjudication}
Score of PassedPawn vs Magic: 97 - 108 - 85  [0.481] 290
Started game 303 of 10000 (PassedPawn vs Magic)
Finished game 286 (Magic vs PassedPawn): 1-0 {White mates}
Score of PassedPawn vs Magic: 97 - 109 - 85  [0.479] 291
Started game 304 of 10000 (Magic vs PassedPawn)
Finished game 294 (Magic vs PassedPawn): 1-0 {White mates}
Score of PassedPawn vs Magic: 97 - 110 - 85  [0.478] 292
Started game 305 of 10000 (PassedPawn vs Magic)
Finished game 295 (PassedPawn vs Magic): 1-0 {White wins by adjudication}
Score of PassedPawn vs Magic: 98 - 110 - 85  [0.480] 293
Started game 306 of 10000 (Magic vs PassedPawn)
Finished game 293 (PassedPawn vs Magic): 1/2-1/2 {Draw by 3-fold repetition}
Score of PassedPawn vs Magic: 98 - 110 - 86  [0.480] 294
Started game 307 of 10000 (PassedPawn vs Magic)
Finished game 297 (PassedPawn vs Magic): 0-1 {Black wins by adjudication}
Score of PassedPawn vs Magic: 98 - 111 - 86  [0.478] 295
Started game 308 of 10000 (Magic vs PassedPawn)
Finished game 291 (PassedPawn vs Magic): 1/2-1/2 {Draw by adjudication}
Score of PassedPawn vs Magic: 98 - 111 - 87  [0.478] 296
Started game 309 of 10000 (PassedPawn vs Magic)
Finished game 307 (PassedPawn vs Magic): 1/2-1/2 {Draw by 3-fold repetition}
Score of PassedPawn vs Magic: 98 - 111 - 88  [0.478] 297
Started game 310 of 10000 (Magic vs PassedPawn)
Finished game 296 (Magic vs PassedPawn): 1/2-1/2 {Draw by 3-fold repetition}
Score of PassedPawn vs Magic: 98 - 111 - 89  [0.478] 298
Started game 311 of 10000 (PassedPawn vs Magic)
Finished game 300 (Magic vs PassedPawn): 1/2-1/2 {Draw by insufficient mating material}
Score of PassedPawn vs Magic: 98 - 111 - 90  [0.478] 299
Started game 312 of 10000 (Magic vs PassedPawn)
Finished game 303 (PassedPawn vs Magic): 0-1 {Black wins by adjudication}
Score of PassedPawn vs Magic: 98 - 112 - 90  [0.477] 300
Started game 313 of 10000 (PassedPawn vs Magic)
Finished game 302 (Magic vs PassedPawn): 0-1 {Black wins by adjudication}
Score of PassedPawn vs Magic: 99 - 112 - 90  [0.478] 301
Started game 314 of 10000 (Magic vs PassedPawn)
Finished game 299 (PassedPawn vs Magic): 0-1 {Black wins by adjudication}
Score of PassedPawn vs Magic: 99 - 113 - 90  [0.477] 302
Started game 315 of 10000 (PassedPawn vs Magic)
Finished game 298 (Magic vs PassedPawn): 1/2-1/2 {Draw by adjudication}
Score of PassedPawn vs Magic: 99 - 113 - 91  [0.477] 303
Started game 316 of 10000 (Magic vs PassedPawn)
Finished game 304 (Magic vs PassedPawn): 0-1 {Black wins by adjudication}
Score of PassedPawn vs Magic: 100 - 113 - 91  [0.479] 304
Started game 317 of 10000 (PassedPawn vs Magic)
Finished game 305 (PassedPawn vs Magic): 1-0 {White wins by adjudication}
Score of PassedPawn vs Magic: 101 - 113 - 91  [0.480] 305
Started game 318 of 10000 (Magic vs PassedPawn)
Finished game 301 (PassedPawn vs Magic): 1/2-1/2 {Draw by 3-fold repetition}
Score of PassedPawn vs Magic: 101 - 113 - 92  [0.480] 306
Started game 319 of 10000 (PassedPawn vs Magic)
Finished game 308 (Magic vs PassedPawn): 1-0 {White wins by adjudication}
Score of PassedPawn vs Magic: 101 - 114 - 92  [0.479] 307
Started game 320 of 10000 (Magic vs PassedPawn)
Finished game 306 (Magic vs PassedPawn): 1/2-1/2 {Draw by insufficient mating material}
Score of PassedPawn vs Magic: 101 - 114 - 93  [0.479] 308
Started game 321 of 10000 (PassedPawn vs Magic)
Finished game 315 (PassedPawn vs Magic): 0-1 {Black wins by adjudication}
Score of PassedPawn vs Magic: 101 - 115 - 93  [0.477] 309
Started game 322 of 10000 (Magic vs PassedPawn)
Finished game 311 (PassedPawn vs Magic): 0-1 {Black wins by adjudication}
Score of PassedPawn vs Magic: 101 - 116 - 93  [0.476] 310
Started game 323 of 10000 (PassedPawn vs Magic)
Finished game 313 (PassedPawn vs Magic): 0-1 {Black wins by adjudication}
Score of PassedPawn vs Magic: 101 - 117 - 93  [0.474] 311
Started game 324 of 10000 (Magic vs PassedPawn)
Finished game 310 (Magic vs PassedPawn): 1-0 {White mates}
Score of PassedPawn vs Magic: 101 - 118 - 93  [0.473] 312
Started game 325 of 10000 (PassedPawn vs Magic)
Finished game 312 (Magic vs PassedPawn): 0-1 {Black wins by adjudication}
Score of PassedPawn vs Magic: 102 - 118 - 93  [0.474] 313
Started game 326 of 10000 (Magic vs PassedPawn)
Finished game 314 (Magic vs PassedPawn): 1-0 {White wins by adjudication}
Score of PassedPawn vs Magic: 102 - 119 - 93  [0.473] 314
Started game 327 of 10000 (PassedPawn vs Magic)
Finished game 317 (PassedPawn vs Magic): 0-1 {Black wins by adjudication}
Score of PassedPawn vs Magic: 102 - 120 - 93  [0.471] 315
Started game 328 of 10000 (Magic vs PassedPawn)
Finished game 319 (PassedPawn vs Magic): 1-0 {White wins by adjudication}
Score of PassedPawn vs Magic: 103 - 120 - 93  [0.473] 316
Started game 329 of 10000 (PassedPawn vs Magic)
Finished game 309 (PassedPawn vs Magic): 1-0 {White wins by adjudication}
Score of PassedPawn vs Magic: 104 - 120 - 93  [0.475] 317
Started game 330 of 10000 (Magic vs PassedPawn)
Finished game 316 (Magic vs PassedPawn): 1-0 {White wins by adjudication}
Score of PassedPawn vs Magic: 104 - 121 - 93  [0.473] 318
Started game 331 of 10000 (PassedPawn vs Magic)
Finished game 318 (Magic vs PassedPawn): 1-0 {White wins by adjudication}
Score of PassedPawn vs Magic: 104 - 122 - 93  [0.472] 319
Started game 332 of 10000 (Magic vs PassedPawn)
Finished game 320 (Magic vs PassedPawn): 0-1 {Black wins by adjudication}
Score of PassedPawn vs Magic: 105 - 122 - 93  [0.473] 320
Started game 333 of 10000 (PassedPawn vs Magic)
Finished game 327 (PassedPawn vs Magic): 0-1 {Black wins by adjudication}
Score of PassedPawn vs Magic: 105 - 123 - 93  [0.472] 321
Started game 334 of 10000 (Magic vs PassedPawn)
Finished game 322 (Magic vs PassedPawn): 0-1 {Black wins by adjudication}
Score of PassedPawn vs Magic: 106 - 123 - 93  [0.474] 322
Started game 335 of 10000 (PassedPawn vs Magic)
Finished game 324 (Magic vs PassedPawn): 1-0 {White wins by adjudication}
Score of PassedPawn vs Magic: 106 - 124 - 93  [0.472] 323
Started game 336 of 10000 (Magic vs PassedPawn)
Finished game 325 (PassedPawn vs Magic): 1-0 {White wins by adjudication}
Score of PassedPawn vs Magic: 107 - 124 - 93  [0.474] 324
Started game 337 of 10000 (PassedPawn vs Magic)
Finished game 321 (PassedPawn vs Magic): 1/2-1/2 {Draw by insufficient mating material}
Score of PassedPawn vs Magic: 107 - 124 - 94  [0.474] 325
Started game 338 of 10000 (Magic vs PassedPawn)
Finished game 328 (Magic vs PassedPawn): 0-1 {Black wins by adjudication}
Score of PassedPawn vs Magic: 108 - 124 - 94  [0.475] 326
Started game 339 of 10000 (PassedPawn vs Magic)
Finished game 323 (PassedPawn vs Magic): 0-1 {Black wins by adjudication}
Score of PassedPawn vs Magic: 108 - 125 - 94  [0.474] 327
Started game 340 of 10000 (Magic vs PassedPawn)
Finished game 326 (Magic vs PassedPawn): 1-0 {White wins by adjudication}
Score of PassedPawn vs Magic: 108 - 126 - 94  [0.473] 328
Started game 341 of 10000 (PassedPawn vs Magic)
Finished game 330 (Magic vs PassedPawn): 0-1 {Black wins by adjudication}
Score of PassedPawn vs Magic: 109 - 126 - 94  [0.474] 329
Started game 342 of 10000 (Magic vs PassedPawn)
Finished game 329 (PassedPawn vs Magic): 1-0 {White wins by adjudication}
Score of PassedPawn vs Magic: 110 - 126 - 94  [0.476] 330
Started game 343 of 10000 (PassedPawn vs Magic)
Finished game 341 (PassedPawn vs Magic): 1-0 {White wins by adjudication}
Score of PassedPawn vs Magic: 111 - 126 - 94  [0.477] 331
Started game 344 of 10000 (Magic vs PassedPawn)
Finished game 342 (Magic vs PassedPawn): 1-0 {White wins by adjudication}
Score of PassedPawn vs Magic: 111 - 127 - 94  [0.476] 332
Started game 345 of 10000 (PassedPawn vs Magic)
Finished game 331 (PassedPawn vs Magic): 0-1 {Black wins by adjudication}
Score of PassedPawn vs Magic: 111 - 128 - 94  [0.474] 333
Started game 346 of 10000 (Magic vs PassedPawn)
Finished game 332 (Magic vs PassedPawn): 1-0 {White wins by adjudication}
Score of PassedPawn vs Magic: 111 - 129 - 94  [0.473] 334
Started game 347 of 10000 (PassedPawn vs Magic)
Finished game 333 (PassedPawn vs Magic): 1-0 {White wins by adjudication}
Score of PassedPawn vs Magic: 112 - 129 - 94  [0.475] 335
Started game 348 of 10000 (Magic vs PassedPawn)
Finished game 337 (PassedPawn vs Magic): 1/2-1/2 {Draw by 3-fold repetition}
Score of PassedPawn vs Magic: 112 - 129 - 95  [0.475] 336
Started game 349 of 10000 (PassedPawn vs Magic)
Finished game 335 (PassedPawn vs Magic): 1-0 {White wins by adjudication}
Score of PassedPawn vs Magic: 113 - 129 - 95  [0.476] 337
Started game 350 of 10000 (Magic vs PassedPawn)
Finished game 349 (PassedPawn vs Magic): 1-0 {White wins by adjudication}
Score of PassedPawn vs Magic: 114 - 129 - 95  [0.478] 338
Started game 351 of 10000 (PassedPawn vs Magic)
Finished game 350 (Magic vs PassedPawn): 1-0 {White wins by adjudication}
Score of PassedPawn vs Magic: 114 - 130 - 95  [0.476] 339
Started game 352 of 10000 (Magic vs PassedPawn)
Finished game 336 (Magic vs PassedPawn): 1-0 {White wins by adjudication}
Score of PassedPawn vs Magic: 114 - 131 - 95  [0.475] 340
Started game 353 of 10000 (PassedPawn vs Magic)
Finished game 340 (Magic vs PassedPawn): 1-0 {White wins by adjudication}
Score of PassedPawn vs Magic: 114 - 132 - 95  [0.474] 341
Started game 354 of 10000 (Magic vs PassedPawn)
Finished game 338 (Magic vs PassedPawn): 1-0 {White wins by adjudication}
Score of PassedPawn vs Magic: 114 - 133 - 95  [0.472] 342
Started game 355 of 10000 (PassedPawn vs Magic)
Finished game 334 (Magic vs PassedPawn): 1/2-1/2 {Draw by insufficient mating material}
Score of PassedPawn vs Magic: 114 - 133 - 96  [0.472] 343
Started game 356 of 10000 (Magic vs PassedPawn)
Finished game 344 (Magic vs PassedPawn): 1/2-1/2 {Draw by adjudication}
Score of PassedPawn vs Magic: 114 - 133 - 97  [0.472] 344
Started game 357 of 10000 (PassedPawn vs Magic)
Finished game 346 (Magic vs PassedPawn): 1-0 {White mates}
Score of PassedPawn vs Magic: 114 - 134 - 97  [0.471] 345
Started game 358 of 10000 (Magic vs PassedPawn)
Finished game 347 (PassedPawn vs Magic): 1-0 {White wins by adjudication}
Score of PassedPawn vs Magic: 115 - 134 - 97  [0.473] 346
Started game 359 of 10000 (PassedPawn vs Magic)
Finished game 339 (PassedPawn vs Magic): 1-0 {White wins by adjudication}
Score of PassedPawn vs Magic: 116 - 134 - 97  [0.474] 347
Started game 360 of 10000 (Magic vs PassedPawn)
Finished game 345 (PassedPawn vs Magic): 1-0 {White wins by adjudication}
Score of PassedPawn vs Magic: 117 - 134 - 97  [0.476] 348
Started game 361 of 10000 (PassedPawn vs Magic)
Finished game 343 (PassedPawn vs Magic): 0-1 {Black wins by adjudication}
Score of PassedPawn vs Magic: 117 - 135 - 97  [0.474] 349
Started game 362 of 10000 (Magic vs PassedPawn)
Finished game 351 (PassedPawn vs Magic): 1-0 {White wins by adjudication}
Score of PassedPawn vs Magic: 118 - 135 - 97  [0.476] 350
Started game 363 of 10000 (PassedPawn vs Magic)
Finished game 348 (Magic vs PassedPawn): 0-1 {Black wins by adjudication}
Score of PassedPawn vs Magic: 119 - 135 - 97  [0.477] 351
Started game 364 of 10000 (Magic vs PassedPawn)
Finished game 355 (PassedPawn vs Magic): 1-0 {White wins by adjudication}
Score of PassedPawn vs Magic: 120 - 135 - 97  [0.479] 352
Started game 365 of 10000 (PassedPawn vs Magic)
Finished game 352 (Magic vs PassedPawn): 1-0 {White wins by adjudication}
Score of PassedPawn vs Magic: 120 - 136 - 97  [0.477] 353
Started game 366 of 10000 (Magic vs PassedPawn)
Finished game 353 (PassedPawn vs Magic): 0-1 {Black wins by adjudication}
Score of PassedPawn vs Magic: 120 - 137 - 97  [0.476] 354
Started game 367 of 10000 (PassedPawn vs Magic)
Finished game 359 (PassedPawn vs Magic): 1/2-1/2 {Draw by 3-fold repetition}
Score of PassedPawn vs Magic: 120 - 137 - 98  [0.476] 355
Started game 368 of 10000 (Magic vs PassedPawn)
Finished game 354 (Magic vs PassedPawn): 1/2-1/2 {Draw by adjudication}
Score of PassedPawn vs Magic: 120 - 137 - 99  [0.476] 356
Started game 369 of 10000 (PassedPawn vs Magic)
Finished game 358 (Magic vs PassedPawn): 0-1 {Black wins by adjudication}
Score of PassedPawn vs Magic: 121 - 137 - 99  [0.478] 357
Started game 370 of 10000 (Magic vs PassedPawn)
Finished game 357 (PassedPawn vs Magic): 0-1 {Black wins by adjudication}
Score of PassedPawn vs Magic: 121 - 138 - 99  [0.476] 358
Started game 371 of 10000 (PassedPawn vs Magic)
Finished game 360 (Magic vs PassedPawn): 0-1 {Black wins by adjudication}
Score of PassedPawn vs Magic: 122 - 138 - 99  [0.478] 359
Started game 372 of 10000 (Magic vs PassedPawn)
Finished game 356 (Magic vs PassedPawn): 1/2-1/2 {Draw by adjudication}
Score of PassedPawn vs Magic: 122 - 138 - 100  [0.478] 360
Started game 373 of 10000 (PassedPawn vs Magic)
Finished game 364 (Magic vs PassedPawn): 1-0 {White wins by adjudication}
Score of PassedPawn vs Magic: 122 - 139 - 100  [0.476] 361
Started game 374 of 10000 (Magic vs PassedPawn)
Finished game 361 (PassedPawn vs Magic): 1-0 {White wins by adjudication}
Score of PassedPawn vs Magic: 123 - 139 - 100  [0.478] 362
Started game 375 of 10000 (PassedPawn vs Magic)
Finished game 366 (Magic vs PassedPawn): 1-0 {White wins by adjudication}
Score of PassedPawn vs Magic: 123 - 140 - 100  [0.477] 363
Started game 376 of 10000 (Magic vs PassedPawn)
Finished game 362 (Magic vs PassedPawn): 1-0 {White wins by adjudication}
Score of PassedPawn vs Magic: 123 - 141 - 100  [0.475] 364
Started game 377 of 10000 (PassedPawn vs Magic)
Finished game 363 (PassedPawn vs Magic): 1/2-1/2 {Draw by 3-fold repetition}
Score of PassedPawn vs Magic: 123 - 141 - 101  [0.475] 365
Started game 378 of 10000 (Magic vs PassedPawn)
Finished game 367 (PassedPawn vs Magic): 1-0 {White wins by adjudication}
Score of PassedPawn vs Magic: 124 - 141 - 101  [0.477] 366
Started game 379 of 10000 (PassedPawn vs Magic)
Finished game 365 (PassedPawn vs Magic): 1/2-1/2 {Draw by 3-fold repetition}
Score of PassedPawn vs Magic: 124 - 141 - 102  [0.477] 367
Started game 380 of 10000 (Magic vs PassedPawn)
Finished game 369 (PassedPawn vs Magic): 0-1 {Black wins by adjudication}
Score of PassedPawn vs Magic: 124 - 142 - 102  [0.476] 368
Started game 381 of 10000 (PassedPawn vs Magic)
Finished game 377 (PassedPawn vs Magic): 1/2-1/2 {Draw by 3-fold repetition}
Score of PassedPawn vs Magic: 124 - 142 - 103  [0.476] 369
Started game 382 of 10000 (Magic vs PassedPawn)
Finished game 371 (PassedPawn vs Magic): 1/2-1/2 {Draw by 3-fold repetition}
Score of PassedPawn vs Magic: 124 - 142 - 104  [0.476] 370
Started game 383 of 10000 (PassedPawn vs Magic)
Finished game 368 (Magic vs PassedPawn): 1/2-1/2 {Draw by adjudication}
Score of PassedPawn vs Magic: 124 - 142 - 105  [0.476] 371
Started game 384 of 10000 (Magic vs PassedPawn)
Finished game 373 (PassedPawn vs Magic): 1/2-1/2 {Draw by insufficient mating material}
Score of PassedPawn vs Magic: 124 - 142 - 106  [0.476] 372
Started game 385 of 10000 (PassedPawn vs Magic)
Finished game 370 (Magic vs PassedPawn): 0-1 {Black wins by adjudication}
Score of PassedPawn vs Magic: 125 - 142 - 106  [0.477] 373
Started game 386 of 10000 (Magic vs PassedPawn)
Finished game 374 (Magic vs PassedPawn): 1-0 {White wins by adjudication}
Score of PassedPawn vs Magic: 125 - 143 - 106  [0.476] 374
Started game 387 of 10000 (PassedPawn vs Magic)
Finished game 372 (Magic vs PassedPawn): 0-1 {Black wins by adjudication}
Score of PassedPawn vs Magic: 126 - 143 - 106  [0.477] 375
Started game 388 of 10000 (Magic vs PassedPawn)
Finished game 375 (PassedPawn vs Magic): 1-0 {White wins by adjudication}
Score of PassedPawn vs Magic: 127 - 143 - 106  [0.479] 376
Started game 389 of 10000 (PassedPawn vs Magic)
Finished game 376 (Magic vs PassedPawn): 0-1 {Black wins by adjudication}
Score of PassedPawn vs Magic: 128 - 143 - 106  [0.480] 377
Started game 390 of 10000 (Magic vs PassedPawn)
Finished game 381 (PassedPawn vs Magic): 1-0 {White wins by adjudication}
Score of PassedPawn vs Magic: 129 - 143 - 106  [0.481] 378
Started game 391 of 10000 (PassedPawn vs Magic)
Finished game 379 (PassedPawn vs Magic): 1/2-1/2 {Draw by insufficient mating material}
Score of PassedPawn vs Magic: 129 - 143 - 107  [0.482] 379
Started game 392 of 10000 (Magic vs PassedPawn)
Finished game 378 (Magic vs PassedPawn): 1-0 {White wins by adjudication}
Score of PassedPawn vs Magic: 129 - 144 - 107  [0.480] 380
Started game 393 of 10000 (PassedPawn vs Magic)
Finished game 380 (Magic vs PassedPawn): 1-0 {White wins by adjudication}
Score of PassedPawn vs Magic: 129 - 145 - 107  [0.479] 381
Started game 394 of 10000 (Magic vs PassedPawn)
Finished game 384 (Magic vs PassedPawn): 0-1 {Black wins by adjudication}
Score of PassedPawn vs Magic: 130 - 145 - 107  [0.480] 382
Started game 395 of 10000 (PassedPawn vs Magic)
Finished game 385 (PassedPawn vs Magic): 1-0 {White wins by adjudication}
Score of PassedPawn vs Magic: 131 - 145 - 107  [0.482] 383
Started game 396 of 10000 (Magic vs PassedPawn)
Finished game 382 (Magic vs PassedPawn): 1-0 {White wins by adjudication}
Score of PassedPawn vs Magic: 131 - 146 - 107  [0.480] 384
Started game 397 of 10000 (PassedPawn vs Magic)
Finished game 383 (PassedPawn vs Magic): 1-0 {White wins by adjudication}
Score of PassedPawn vs Magic: 132 - 146 - 107  [0.482] 385
Started game 398 of 10000 (Magic vs PassedPawn)
Finished game 386 (Magic vs PassedPawn): 1-0 {White wins by adjudication}
Score of PassedPawn vs Magic: 132 - 147 - 107  [0.481] 386
Started game 399 of 10000 (PassedPawn vs Magic)
Finished game 387 (PassedPawn vs Magic): 1-0 {White wins by adjudication}
Score of PassedPawn vs Magic: 133 - 147 - 107  [0.482] 387
Started game 400 of 10000 (Magic vs PassedPawn)
Finished game 389 (PassedPawn vs Magic): 1/2-1/2 {Draw by adjudication}
Score of PassedPawn vs Magic: 133 - 147 - 108  [0.482] 388
Started game 401 of 10000 (PassedPawn vs Magic)
Finished game 388 (Magic vs PassedPawn): 1-0 {White wins by adjudication}
Score of PassedPawn vs Magic: 133 - 148 - 108  [0.481] 389
Started game 402 of 10000 (Magic vs PassedPawn)
Finished game 391 (PassedPawn vs Magic): 0-1 {Black wins by adjudication}
Score of PassedPawn vs Magic: 133 - 149 - 108  [0.479] 390
Started game 403 of 10000 (PassedPawn vs Magic)
Finished game 392 (Magic vs PassedPawn): 0-1 {Black wins by adjudication}
Score of PassedPawn vs Magic: 134 - 149 - 108  [0.481] 391
Started game 404 of 10000 (Magic vs PassedPawn)
Finished game 393 (PassedPawn vs Magic): 1/2-1/2 {Draw by 3-fold repetition}
Score of PassedPawn vs Magic: 134 - 149 - 109  [0.481] 392
Started game 405 of 10000 (PassedPawn vs Magic)
Finished game 390 (Magic vs PassedPawn): 1-0 {White wins by adjudication}
Score of PassedPawn vs Magic: 134 - 150 - 109  [0.480] 393
Started game 406 of 10000 (Magic vs PassedPawn)
Finished game 394 (Magic vs PassedPawn): 0-1 {Black wins by adjudication}
Score of PassedPawn vs Magic: 135 - 150 - 109  [0.481] 394
Started game 407 of 10000 (PassedPawn vs Magic)
Finished game 398 (Magic vs PassedPawn): 0-1 {Black wins by adjudication}
Score of PassedPawn vs Magic: 136 - 150 - 109  [0.482] 395
Started game 408 of 10000 (Magic vs PassedPawn)
Finished game 395 (PassedPawn vs Magic): 1/2-1/2 {Draw by 3-fold repetition}
Score of PassedPawn vs Magic: 136 - 150 - 110  [0.482] 396
Started game 409 of 10000 (PassedPawn vs Magic)
Finished game 397 (PassedPawn vs Magic): 0-1 {Black wins by adjudication}
Score of PassedPawn vs Magic: 136 - 151 - 110  [0.481] 397
Started game 410 of 10000 (Magic vs PassedPawn)
Finished game 396 (Magic vs PassedPawn): 1-0 {White wins by adjudication}
Score of PassedPawn vs Magic: 136 - 152 - 110  [0.480] 398
Started game 411 of 10000 (PassedPawn vs Magic)
Finished game 401 (PassedPawn vs Magic): 0-1 {Black wins by adjudication}
Score of PassedPawn vs Magic: 136 - 153 - 110  [0.479] 399
Started game 412 of 10000 (Magic vs PassedPawn)
Finished game 400 (Magic vs PassedPawn): 1/2-1/2 {Draw by adjudication}
Score of PassedPawn vs Magic: 136 - 153 - 111  [0.479] 400
Started game 413 of 10000 (PassedPawn vs Magic)
Finished game 403 (PassedPawn vs Magic): 1-0 {White wins by adjudication}
Score of PassedPawn vs Magic: 137 - 153 - 111  [0.480] 401
Started game 414 of 10000 (Magic vs PassedPawn)
Finished game 404 (Magic vs PassedPawn): 1/2-1/2 {Draw by insufficient mating material}
Score of PassedPawn vs Magic: 137 - 153 - 112  [0.480] 402
Started game 415 of 10000 (PassedPawn vs Magic)
Finished game 402 (Magic vs PassedPawn): 1/2-1/2 {Draw by 3-fold repetition}
Score of PassedPawn vs Magic: 137 - 153 - 113  [0.480] 403
Started game 416 of 10000 (Magic vs PassedPawn)
Finished game 407 (PassedPawn vs Magic): 1-0 {White wins by adjudication}
Score of PassedPawn vs Magic: 138 - 153 - 113  [0.481] 404
Started game 417 of 10000 (PassedPawn vs Magic)
Finished game 399 (PassedPawn vs Magic): 1-0 {White wins by adjudication}
Score of PassedPawn vs Magic: 139 - 153 - 113  [0.483] 405
Started game 418 of 10000 (Magic vs PassedPawn)
Finished game 405 (PassedPawn vs Magic): 1/2-1/2 {Draw by 3-fold repetition}
Score of PassedPawn vs Magic: 139 - 153 - 114  [0.483] 406
Started game 419 of 10000 (PassedPawn vs Magic)
Finished game 408 (Magic vs PassedPawn): 1/2-1/2 {Draw by 3-fold repetition}
Score of PassedPawn vs Magic: 139 - 153 - 115  [0.483] 407
Started game 420 of 10000 (Magic vs PassedPawn)
Finished game 411 (PassedPawn vs Magic): 1-0 {White wins by adjudication}
Score of PassedPawn vs Magic: 140 - 153 - 115  [0.484] 408
Started game 421 of 10000 (PassedPawn vs Magic)
Finished game 409 (PassedPawn vs Magic): 0-1 {Black wins by adjudication}
Score of PassedPawn vs Magic: 140 - 154 - 115  [0.483] 409
Started game 422 of 10000 (Magic vs PassedPawn)
Finished game 410 (Magic vs PassedPawn): 1/2-1/2 {Draw by insufficient mating material}
Score of PassedPawn vs Magic: 140 - 154 - 116  [0.483] 410
Started game 423 of 10000 (PassedPawn vs Magic)
Finished game 412 (Magic vs PassedPawn): 0-1 {Black wins by adjudication}
Score of PassedPawn vs Magic: 141 - 154 - 116  [0.484] 411
Started game 424 of 10000 (Magic vs PassedPawn)
Finished game 413 (PassedPawn vs Magic): 0-1 {Black wins by adjudication}
Score of PassedPawn vs Magic: 141 - 155 - 116  [0.483] 412
Started game 425 of 10000 (PassedPawn vs Magic)
Finished game 418 (Magic vs PassedPawn): 1/2-1/2 {Draw by 3-fold repetition}
Score of PassedPawn vs Magic: 141 - 155 - 117  [0.483] 413
Started game 426 of 10000 (Magic vs PassedPawn)
Finished game 416 (Magic vs PassedPawn): 1/2-1/2 {Draw by adjudication}
Score of PassedPawn vs Magic: 141 - 155 - 118  [0.483] 414
Started game 427 of 10000 (PassedPawn vs Magic)
Finished game 414 (Magic vs PassedPawn): 1-0 {White wins by adjudication}
Score of PassedPawn vs Magic: 141 - 156 - 118  [0.482] 415
Started game 428 of 10000 (Magic vs PassedPawn)
Finished game 415 (PassedPawn vs Magic): 0-1 {Black wins by adjudication}
Score of PassedPawn vs Magic: 141 - 157 - 118  [0.481] 416
Started game 429 of 10000 (PassedPawn vs Magic)
Finished game 419 (PassedPawn vs Magic): 1/2-1/2 {Draw by 3-fold repetition}
Score of PassedPawn vs Magic: 141 - 157 - 119  [0.481] 417
Started game 430 of 10000 (Magic vs PassedPawn)
Finished game 420 (Magic vs PassedPawn): 1/2-1/2 {Draw by 3-fold repetition}
Score of PassedPawn vs Magic: 141 - 157 - 120  [0.481] 418
Started game 431 of 10000 (PassedPawn vs Magic)
Finished game 417 (PassedPawn vs Magic): 1-0 {White wins by adjudication}
Score of PassedPawn vs Magic: 142 - 157 - 120  [0.482] 419
Started game 432 of 10000 (Magic vs PassedPawn)
Finished game 423 (PassedPawn vs Magic): 1/2-1/2 {Draw by insufficient mating material}
Score of PassedPawn vs Magic: 142 - 157 - 121  [0.482] 420
Started game 433 of 10000 (PassedPawn vs Magic)
Finished game 421 (PassedPawn vs Magic): 0-1 {Black wins by adjudication}
Score of PassedPawn vs Magic: 142 - 158 - 121  [0.481] 421
Started game 434 of 10000 (Magic vs PassedPawn)
Finished game 422 (Magic vs PassedPawn): 0-1 {Black wins by adjudication}
Score of PassedPawn vs Magic: 143 - 158 - 121  [0.482] 422
Started game 435 of 10000 (PassedPawn vs Magic)
Finished game 425 (PassedPawn vs Magic): 1-0 {White wins by adjudication}
Score of PassedPawn vs Magic: 144 - 158 - 121  [0.483] 423
Started game 436 of 10000 (Magic vs PassedPawn)
Finished game 424 (Magic vs PassedPawn): 0-1 {Black wins by adjudication}
Score of PassedPawn vs Magic: 145 - 158 - 121  [0.485] 424
Started game 437 of 10000 (PassedPawn vs Magic)
Finished game 406 (Magic vs PassedPawn): 1-0 {White wins by adjudication}
Score of PassedPawn vs Magic: 145 - 159 - 121  [0.484] 425
Started game 438 of 10000 (Magic vs PassedPawn)
Finished game 426 (Magic vs PassedPawn): 1-0 {White wins by adjudication}
Score of PassedPawn vs Magic: 145 - 160 - 121  [0.482] 426
Started game 439 of 10000 (PassedPawn vs Magic)
Finished game 431 (PassedPawn vs Magic): 0-1 {Black wins by adjudication}
Score of PassedPawn vs Magic: 145 - 161 - 121  [0.481] 427
Started game 440 of 10000 (Magic vs PassedPawn)
Finished game 427 (PassedPawn vs Magic): 0-1 {Black wins by adjudication}
Score of PassedPawn vs Magic: 145 - 162 - 121  [0.480] 428
Started game 441 of 10000 (PassedPawn vs Magic)
Finished game 429 (PassedPawn vs Magic): 1/2-1/2 {Draw by insufficient mating material}
Score of PassedPawn vs Magic: 145 - 162 - 122  [0.480] 429
Started game 442 of 10000 (Magic vs PassedPawn)
Finished game 428 (Magic vs PassedPawn): 1-0 {White wins by adjudication}
Score of PassedPawn vs Magic: 145 - 163 - 122  [0.479] 430
Started game 443 of 10000 (PassedPawn vs Magic)
Finished game 432 (Magic vs PassedPawn): 1-0 {White wins by adjudication}
Score of PassedPawn vs Magic: 145 - 164 - 122  [0.478] 431
Started game 444 of 10000 (Magic vs PassedPawn)
Finished game 430 (Magic vs PassedPawn): 1-0 {White wins by adjudication}
Score of PassedPawn vs Magic: 145 - 165 - 122  [0.477] 432
Started game 445 of 10000 (PassedPawn vs Magic)
Finished game 433 (PassedPawn vs Magic): 1-0 {White wins by adjudication}
Score of PassedPawn vs Magic: 146 - 165 - 122  [0.478] 433
Started game 446 of 10000 (Magic vs PassedPawn)
Finished game 434 (Magic vs PassedPawn): 1-0 {White wins by adjudication}
Score of PassedPawn vs Magic: 146 - 166 - 122  [0.477] 434
Started game 447 of 10000 (PassedPawn vs Magic)
Finished game 438 (Magic vs PassedPawn): 0-1 {Black wins by adjudication}
Score of PassedPawn vs Magic: 147 - 166 - 122  [0.478] 435
Started game 448 of 10000 (Magic vs PassedPawn)
Finished game 440 (Magic vs PassedPawn): 1-0 {White mates}
Score of PassedPawn vs Magic: 147 - 167 - 122  [0.477] 436
Started game 449 of 10000 (PassedPawn vs Magic)
Finished game 439 (PassedPawn vs Magic): 1-0 {White wins by adjudication}
Score of PassedPawn vs Magic: 148 - 167 - 122  [0.478] 437
Started game 450 of 10000 (Magic vs PassedPawn)
Finished game 437 (PassedPawn vs Magic): 0-1 {Black wins by adjudication}
Score of PassedPawn vs Magic: 148 - 168 - 122  [0.477] 438
Started game 451 of 10000 (PassedPawn vs Magic)
Finished game 443 (PassedPawn vs Magic): 1/2-1/2 {Draw by 3-fold repetition}
Score of PassedPawn vs Magic: 148 - 168 - 123  [0.477] 439
Started game 452 of 10000 (Magic vs PassedPawn)
Finished game 436 (Magic vs PassedPawn): 1/2-1/2 {Draw by insufficient mating material}
Score of PassedPawn vs Magic: 148 - 168 - 124  [0.477] 440
Started game 453 of 10000 (PassedPawn vs Magic)
Finished game 445 (PassedPawn vs Magic): 1-0 {White wins by adjudication}
Score of PassedPawn vs Magic: 149 - 168 - 124  [0.478] 441
Started game 454 of 10000 (Magic vs PassedPawn)
Finished game 444 (Magic vs PassedPawn): 0-1 {Black wins by adjudication}
Score of PassedPawn vs Magic: 150 - 168 - 124  [0.480] 442
Started game 455 of 10000 (PassedPawn vs Magic)
Finished game 441 (PassedPawn vs Magic): 1/2-1/2 {Draw by stalemate}
Score of PassedPawn vs Magic: 150 - 168 - 125  [0.480] 443
Started game 456 of 10000 (Magic vs PassedPawn)
Finished game 442 (Magic vs PassedPawn): 1/2-1/2 {Draw by 3-fold repetition}
Score of PassedPawn vs Magic: 150 - 168 - 126  [0.480] 444
Started game 457 of 10000 (PassedPawn vs Magic)
Finished game 451 (PassedPawn vs Magic): 0-1 {Black wins by adjudication}
Score of PassedPawn vs Magic: 150 - 169 - 126  [0.479] 445
Started game 458 of 10000 (Magic vs PassedPawn)
Finished game 446 (Magic vs PassedPawn): 1-0 {White wins by adjudication}
Score of PassedPawn vs Magic: 150 - 170 - 126  [0.478] 446
Started game 459 of 10000 (PassedPawn vs Magic)
Finished game 447 (PassedPawn vs Magic): 1-0 {White wins by adjudication}
Score of PassedPawn vs Magic: 151 - 170 - 126  [0.479] 447
Started game 460 of 10000 (Magic vs PassedPawn)
Finished game 448 (Magic vs PassedPawn): 1/2-1/2 {Draw by insufficient mating material}
Score of PassedPawn vs Magic: 151 - 170 - 127  [0.479] 448
Started game 461 of 10000 (PassedPawn vs Magic)
Finished game 452 (Magic vs PassedPawn): 0-1 {Black wins by adjudication}
Score of PassedPawn vs Magic: 152 - 170 - 127  [0.480] 449
Started game 462 of 10000 (Magic vs PassedPawn)
Finished game 435 (PassedPawn vs Magic): 1/2-1/2 {Draw by adjudication}
Score of PassedPawn vs Magic: 152 - 170 - 128  [0.480] 450
Started game 463 of 10000 (PassedPawn vs Magic)
Finished game 450 (Magic vs PassedPawn): 1-0 {White wins by adjudication}
Score of PassedPawn vs Magic: 152 - 171 - 128  [0.479] 451
Started game 464 of 10000 (Magic vs PassedPawn)
Finished game 449 (PassedPawn vs Magic): 0-1 {Black wins by adjudication}
Score of PassedPawn vs Magic: 152 - 172 - 128  [0.478] 452
Started game 465 of 10000 (PassedPawn vs Magic)
Finished game 453 (PassedPawn vs Magic): 1-0 {White wins by adjudication}
Score of PassedPawn vs Magic: 153 - 172 - 128  [0.479] 453
Started game 466 of 10000 (Magic vs PassedPawn)
Finished game 459 (PassedPawn vs Magic): 1/2-1/2 {Draw by 3-fold repetition}
Score of PassedPawn vs Magic: 153 - 172 - 129  [0.479] 454
Started game 467 of 10000 (PassedPawn vs Magic)
Finished game 454 (Magic vs PassedPawn): 1-0 {White wins by adjudication}
Score of PassedPawn vs Magic: 153 - 173 - 129  [0.478] 455
Started game 468 of 10000 (Magic vs PassedPawn)
Finished game 458 (Magic vs PassedPawn): 0-1 {Black wins by adjudication}
Score of PassedPawn vs Magic: 154 - 173 - 129  [0.479] 456
Started game 469 of 10000 (PassedPawn vs Magic)
Finished game 457 (PassedPawn vs Magic): 0-1 {Black wins by adjudication}
Score of PassedPawn vs Magic: 154 - 174 - 129  [0.478] 457
Started game 470 of 10000 (Magic vs PassedPawn)
Finished game 460 (Magic vs PassedPawn): 1/2-1/2 {Draw by 3-fold repetition}
Score of PassedPawn vs Magic: 154 - 174 - 130  [0.478] 458
Started game 471 of 10000 (PassedPawn vs Magic)
Finished game 455 (PassedPawn vs Magic): 0-1 {Black wins by adjudication}
Score of PassedPawn vs Magic: 154 - 175 - 130  [0.477] 459
Started game 472 of 10000 (Magic vs PassedPawn)
Finished game 456 (Magic vs PassedPawn): 0-1 {Black wins by adjudication}
Score of PassedPawn vs Magic: 155 - 175 - 130  [0.478] 460
Started game 473 of 10000 (PassedPawn vs Magic)
Finished game 464 (Magic vs PassedPawn): 0-1 {Black wins by adjudication}
Score of PassedPawn vs Magic: 156 - 175 - 130  [0.479] 461
Started game 474 of 10000 (Magic vs PassedPawn)
Finished game 463 (PassedPawn vs Magic): 1/2-1/2 {Draw by 3-fold repetition}
Score of PassedPawn vs Magic: 156 - 175 - 131  [0.479] 462
Started game 475 of 10000 (PassedPawn vs Magic)
Finished game 469 (PassedPawn vs Magic): 1-0 {White wins by adjudication}
Score of PassedPawn vs Magic: 157 - 175 - 131  [0.481] 463
Started game 476 of 10000 (Magic vs PassedPawn)
Finished game 461 (PassedPawn vs Magic): 1-0 {White wins by adjudication}
Score of PassedPawn vs Magic: 158 - 175 - 131  [0.482] 464
Started game 477 of 10000 (PassedPawn vs Magic)
Finished game 465 (PassedPawn vs Magic): 1-0 {White wins by adjudication}
Score of PassedPawn vs Magic: 159 - 175 - 131  [0.483] 465
Started game 478 of 10000 (Magic vs PassedPawn)
Finished game 462 (Magic vs PassedPawn): 0-1 {Black wins by adjudication}
Score of PassedPawn vs Magic: 160 - 175 - 131  [0.484] 466
Started game 479 of 10000 (PassedPawn vs Magic)
Finished game 467 (PassedPawn vs Magic): 0-1 {Black wins by adjudication}
Score of PassedPawn vs Magic: 160 - 176 - 131  [0.483] 467
Started game 480 of 10000 (Magic vs PassedPawn)
Finished game 468 (Magic vs PassedPawn): 1-0 {White wins by adjudication}
Score of PassedPawn vs Magic: 160 - 177 - 131  [0.482] 468
Started game 481 of 10000 (PassedPawn vs Magic)
Finished game 471 (PassedPawn vs Magic): 0-1 {Black wins by adjudication}
Score of PassedPawn vs Magic: 160 - 178 - 131  [0.481] 469
Started game 482 of 10000 (Magic vs PassedPawn)
Finished game 466 (Magic vs PassedPawn): 1-0 {White wins by adjudication}
Score of PassedPawn vs Magic: 160 - 179 - 131  [0.480] 470
Started game 483 of 10000 (PassedPawn vs Magic)
Finished game 472 (Magic vs PassedPawn): 1-0 {White wins by adjudication}
Score of PassedPawn vs Magic: 160 - 180 - 131  [0.479] 471
Started game 484 of 10000 (Magic vs PassedPawn)
Finished game 476 (Magic vs PassedPawn): 1-0 {White wins by adjudication}
Score of PassedPawn vs Magic: 160 - 181 - 131  [0.478] 472
Started game 485 of 10000 (PassedPawn vs Magic)
Finished game 479 (PassedPawn vs Magic): 0-1 {Black wins by adjudication}
Score of PassedPawn vs Magic: 160 - 182 - 131  [0.477] 473
Started game 486 of 10000 (Magic vs PassedPawn)
Finished game 474 (Magic vs PassedPawn): 1-0 {White wins by adjudication}
Score of PassedPawn vs Magic: 160 - 183 - 131  [0.476] 474
Started game 487 of 10000 (PassedPawn vs Magic)
Finished game 475 (PassedPawn vs Magic): 0-1 {Black wins by adjudication}
Score of PassedPawn vs Magic: 160 - 184 - 131  [0.475] 475
Started game 488 of 10000 (Magic vs PassedPawn)
Finished game 477 (PassedPawn vs Magic): 0-1 {Black wins by adjudication}
Score of PassedPawn vs Magic: 160 - 185 - 131  [0.474] 476
Started game 489 of 10000 (PassedPawn vs Magic)
Finished game 470 (Magic vs PassedPawn): 0-1 {Black mates}
Score of PassedPawn vs Magic: 161 - 185 - 131  [0.475] 477
Started game 490 of 10000 (Magic vs PassedPawn)
Finished game 473 (PassedPawn vs Magic): 1-0 {White wins by adjudication}
Score of PassedPawn vs Magic: 162 - 185 - 131  [0.476] 478
Started game 491 of 10000 (PassedPawn vs Magic)
Finished game 480 (Magic vs PassedPawn): 1-0 {White wins by adjudication}
Score of PassedPawn vs Magic: 162 - 186 - 131  [0.475] 479
Started game 492 of 10000 (Magic vs PassedPawn)
Finished game 478 (Magic vs PassedPawn): 1-0 {White mates}
Score of PassedPawn vs Magic: 162 - 187 - 131  [0.474] 480
Started game 493 of 10000 (PassedPawn vs Magic)
Finished game 482 (Magic vs PassedPawn): 1-0 {White wins by adjudication}
Score of PassedPawn vs Magic: 162 - 188 - 131  [0.473] 481
Started game 494 of 10000 (Magic vs PassedPawn)
Finished game 486 (Magic vs PassedPawn): 1-0 {White wins by adjudication}
Score of PassedPawn vs Magic: 162 - 189 - 131  [0.472] 482
Started game 495 of 10000 (PassedPawn vs Magic)
Finished game 481 (PassedPawn vs Magic): 1-0 {White wins by adjudication}
Score of PassedPawn vs Magic: 163 - 189 - 131  [0.473] 483
Started game 496 of 10000 (Magic vs PassedPawn)
Finished game 485 (PassedPawn vs Magic): 1-0 {White wins by adjudication}
Score of PassedPawn vs Magic: 164 - 189 - 131  [0.474] 484
Started game 497 of 10000 (PassedPawn vs Magic)
Finished game 488 (Magic vs PassedPawn): 1-0 {White wins by adjudication}
Score of PassedPawn vs Magic: 164 - 190 - 131  [0.473] 485
Started game 498 of 10000 (Magic vs PassedPawn)
Finished game 489 (PassedPawn vs Magic): 1/2-1/2 {Draw by 3-fold repetition}
Score of PassedPawn vs Magic: 164 - 190 - 132  [0.473] 486
Started game 499 of 10000 (PassedPawn vs Magic)
Finished game 487 (PassedPawn vs Magic): 0-1 {Black wins by adjudication}
Score of PassedPawn vs Magic: 164 - 191 - 132  [0.472] 487
Started game 500 of 10000 (Magic vs PassedPawn)
Finished game 484 (Magic vs PassedPawn): 1/2-1/2 {Draw by insufficient mating material}
Score of PassedPawn vs Magic: 164 - 191 - 133  [0.472] 488
Started game 501 of 10000 (PassedPawn vs Magic)
Finished game 491 (PassedPawn vs Magic): 1-0 {White wins by adjudication}
Score of PassedPawn vs Magic: 165 - 191 - 133  [0.473] 489
Started game 502 of 10000 (Magic vs PassedPawn)
Finished game 492 (Magic vs PassedPawn): 0-1 {Black wins by adjudication}
Score of PassedPawn vs Magic: 166 - 191 - 133  [0.474] 490
Started game 503 of 10000 (PassedPawn vs Magic)
Finished game 483 (PassedPawn vs Magic): 1/2-1/2 {Draw by fifty moves rule}
Score of PassedPawn vs Magic: 166 - 191 - 134  [0.475] 491
Started game 504 of 10000 (Magic vs PassedPawn)
Finished game 493 (PassedPawn vs Magic): 1/2-1/2 {Draw by 3-fold repetition}
Score of PassedPawn vs Magic: 166 - 191 - 135  [0.475] 492
Started game 505 of 10000 (PassedPawn vs Magic)
Finished game 496 (Magic vs PassedPawn): 1-0 {White wins by adjudication}
Score of PassedPawn vs Magic: 166 - 192 - 135  [0.474] 493
Started game 506 of 10000 (Magic vs PassedPawn)
Finished game 500 (Magic vs PassedPawn): 0-1 {Black wins by adjudication}
Score of PassedPawn vs Magic: 167 - 192 - 135  [0.475] 494
Started game 507 of 10000 (PassedPawn vs Magic)
Finished game 501 (PassedPawn vs Magic): 0-1 {Black wins by adjudication}
Score of PassedPawn vs Magic: 167 - 193 - 135  [0.474] 495
Started game 508 of 10000 (Magic vs PassedPawn)
Finished game 495 (PassedPawn vs Magic): 0-1 {Black wins by adjudication}
Score of PassedPawn vs Magic: 167 - 194 - 135  [0.473] 496
Started game 509 of 10000 (PassedPawn vs Magic)
Finished game 494 (Magic vs PassedPawn): 1-0 {White wins by adjudication}
Score of PassedPawn vs Magic: 167 - 195 - 135  [0.472] 497
Started game 510 of 10000 (Magic vs PassedPawn)
Finished game 499 (PassedPawn vs Magic): 1-0 {White wins by adjudication}
Score of PassedPawn vs Magic: 168 - 195 - 135  [0.473] 498
Started game 511 of 10000 (PassedPawn vs Magic)
Finished game 498 (Magic vs PassedPawn): 1-0 {White wins by adjudication}
Score of PassedPawn vs Magic: 168 - 196 - 135  [0.472] 499
Started game 512 of 10000 (Magic vs PassedPawn)
Finished game 490 (Magic vs PassedPawn): 1/2-1/2 {Draw by fifty moves rule}
Score of PassedPawn vs Magic: 168 - 196 - 136  [0.472] 500
Started game 513 of 10000 (PassedPawn vs Magic)
Finished game 502 (Magic vs PassedPawn): 1/2-1/2 {Draw by adjudication}
Score of PassedPawn vs Magic: 168 - 196 - 137  [0.472] 501
Started game 514 of 10000 (Magic vs PassedPawn)
Finished game 504 (Magic vs PassedPawn): 1/2-1/2 {Draw by 3-fold repetition}
Score of PassedPawn vs Magic: 168 - 196 - 138  [0.472] 502
Started game 515 of 10000 (PassedPawn vs Magic)
Finished game 503 (PassedPawn vs Magic): 1-0 {White wins by adjudication}
Score of PassedPawn vs Magic: 169 - 196 - 138  [0.473] 503
Started game 516 of 10000 (Magic vs PassedPawn)
Finished game 497 (PassedPawn vs Magic): 1/2-1/2 {Draw by insufficient mating material}
Score of PassedPawn vs Magic: 169 - 196 - 139  [0.473] 504
Started game 517 of 10000 (PassedPawn vs Magic)
Finished game 512 (Magic vs PassedPawn): 1/2-1/2 {Draw by 3-fold repetition}
Score of PassedPawn vs Magic: 169 - 196 - 140  [0.473] 505
Started game 518 of 10000 (Magic vs PassedPawn)
Finished game 505 (PassedPawn vs Magic): 1-0 {White wins by adjudication}
Score of PassedPawn vs Magic: 170 - 196 - 140  [0.474] 506
Started game 519 of 10000 (PassedPawn vs Magic)
Finished game 506 (Magic vs PassedPawn): 1-0 {White wins by adjudication}
Score of PassedPawn vs Magic: 170 - 197 - 140  [0.473] 507
Started game 520 of 10000 (Magic vs PassedPawn)
Finished game 510 (Magic vs PassedPawn): 1-0 {White wins by adjudication}
Score of PassedPawn vs Magic: 170 - 198 - 140  [0.472] 508
Started game 521 of 10000 (PassedPawn vs Magic)
Finished game 507 (PassedPawn vs Magic): 1-0 {White wins by adjudication}
Score of PassedPawn vs Magic: 171 - 198 - 140  [0.473] 509
Started game 522 of 10000 (Magic vs PassedPawn)
Finished game 508 (Magic vs PassedPawn): 1-0 {White wins by adjudication}
Score of PassedPawn vs Magic: 171 - 199 - 140  [0.473] 510
Started game 523 of 10000 (PassedPawn vs Magic)
Finished game 511 (PassedPawn vs Magic): 0-1 {Black wins by adjudication}
Score of PassedPawn vs Magic: 171 - 200 - 140  [0.472] 511
Started game 524 of 10000 (Magic vs PassedPawn)
Finished game 514 (Magic vs PassedPawn): 0-1 {Black wins by adjudication}
Score of PassedPawn vs Magic: 172 - 200 - 140  [0.473] 512
Started game 525 of 10000 (PassedPawn vs Magic)
Finished game 515 (PassedPawn vs Magic): 0-1 {Black wins by adjudication}
Score of PassedPawn vs Magic: 172 - 201 - 140  [0.472] 513
Started game 526 of 10000 (Magic vs PassedPawn)
Finished game 517 (PassedPawn vs Magic): 1-0 {White wins by adjudication}
Score of PassedPawn vs Magic: 173 - 201 - 140  [0.473] 514
Started game 527 of 10000 (PassedPawn vs Magic)
Finished game 513 (PassedPawn vs Magic): 1/2-1/2 {Draw by 3-fold repetition}
Score of PassedPawn vs Magic: 173 - 201 - 141  [0.473] 515
Started game 528 of 10000 (Magic vs PassedPawn)
Finished game 516 (Magic vs PassedPawn): 1/2-1/2 {Draw by 3-fold repetition}
Score of PassedPawn vs Magic: 173 - 201 - 142  [0.473] 516
Started game 529 of 10000 (PassedPawn vs Magic)
Finished game 521 (PassedPawn vs Magic): 1-0 {White wins by adjudication}
Score of PassedPawn vs Magic: 174 - 201 - 142  [0.474] 517
Started game 530 of 10000 (Magic vs PassedPawn)
Finished game 518 (Magic vs PassedPawn): 1-0 {White wins by adjudication}
Score of PassedPawn vs Magic: 174 - 202 - 142  [0.473] 518
Started game 531 of 10000 (PassedPawn vs Magic)
Finished game 509 (PassedPawn vs Magic): 1/2-1/2 {Draw by insufficient mating material}
Score of PassedPawn vs Magic: 174 - 202 - 143  [0.473] 519
Started game 532 of 10000 (Magic vs PassedPawn)
Finished game 519 (PassedPawn vs Magic): 1-0 {White wins by adjudication}
Score of PassedPawn vs Magic: 175 - 202 - 143  [0.474] 520
Started game 533 of 10000 (PassedPawn vs Magic)
Finished game 522 (Magic vs PassedPawn): 1-0 {White wins by adjudication}
Score of PassedPawn vs Magic: 175 - 203 - 143  [0.473] 521
Started game 534 of 10000 (Magic vs PassedPawn)
Finished game 523 (PassedPawn vs Magic): 1/2-1/2 {Draw by 3-fold repetition}
Score of PassedPawn vs Magic: 175 - 203 - 144  [0.473] 522
Started game 535 of 10000 (PassedPawn vs Magic)
Finished game 520 (Magic vs PassedPawn): 0-1 {Black wins by adjudication}
Score of PassedPawn vs Magic: 176 - 203 - 144  [0.474] 523
Started game 536 of 10000 (Magic vs PassedPawn)
Finished game 524 (Magic vs PassedPawn): 0-1 {Black wins by adjudication}
Score of PassedPawn vs Magic: 177 - 203 - 144  [0.475] 524
Started game 537 of 10000 (PassedPawn vs Magic)
Finished game 525 (PassedPawn vs Magic): 1-0 {White wins by adjudication}
Score of PassedPawn vs Magic: 178 - 203 - 144  [0.476] 525
Started game 538 of 10000 (Magic vs PassedPawn)
Finished game 526 (Magic vs PassedPawn): 1-0 {White wins by adjudication}
Score of PassedPawn vs Magic: 178 - 204 - 144  [0.475] 526
Started game 539 of 10000 (PassedPawn vs Magic)
Finished game 529 (PassedPawn vs Magic): 1/2-1/2 {Draw by 3-fold repetition}
Score of PassedPawn vs Magic: 178 - 204 - 145  [0.475] 527
Started game 540 of 10000 (Magic vs PassedPawn)
Finished game 527 (PassedPawn vs Magic): 0-1 {Black wins by adjudication}
Score of PassedPawn vs Magic: 178 - 205 - 145  [0.474] 528
Started game 541 of 10000 (PassedPawn vs Magic)
Finished game 528 (Magic vs PassedPawn): 0-1 {Black wins by adjudication}
Score of PassedPawn vs Magic: 179 - 205 - 145  [0.475] 529
Started game 542 of 10000 (Magic vs PassedPawn)
Finished game 535 (PassedPawn vs Magic): 1/2-1/2 {Draw by 3-fold repetition}
Score of PassedPawn vs Magic: 179 - 205 - 146  [0.475] 530
Started game 543 of 10000 (PassedPawn vs Magic)
Finished game 533 (PassedPawn vs Magic): 0-1 {Black wins by adjudication}
Score of PassedPawn vs Magic: 179 - 206 - 146  [0.475] 531
Started game 544 of 10000 (Magic vs PassedPawn)
Finished game 530 (Magic vs PassedPawn): 0-1 {Black wins by adjudication}
Score of PassedPawn vs Magic: 180 - 206 - 146  [0.476] 532
Started game 545 of 10000 (PassedPawn vs Magic)
Finished game 532 (Magic vs PassedPawn): 0-1 {Black wins by adjudication}
Score of PassedPawn vs Magic: 181 - 206 - 146  [0.477] 533
Started game 546 of 10000 (Magic vs PassedPawn)
Finished game 531 (PassedPawn vs Magic): 0-1 {Black wins by adjudication}
Score of PassedPawn vs Magic: 181 - 207 - 146  [0.476] 534
Started game 547 of 10000 (PassedPawn vs Magic)
Finished game 536 (Magic vs PassedPawn): 1-0 {White wins by adjudication}
Score of PassedPawn vs Magic: 181 - 208 - 146  [0.475] 535
Started game 548 of 10000 (Magic vs PassedPawn)
Finished game 539 (PassedPawn vs Magic): 1/2-1/2 {Draw by 3-fold repetition}
Score of PassedPawn vs Magic: 181 - 208 - 147  [0.475] 536
Started game 549 of 10000 (PassedPawn vs Magic)
Finished game 541 (PassedPawn vs Magic): 1-0 {White wins by adjudication}
Score of PassedPawn vs Magic: 182 - 208 - 147  [0.476] 537
Started game 550 of 10000 (Magic vs PassedPawn)
Finished game 543 (PassedPawn vs Magic): 1-0 {White wins by adjudication}
Score of PassedPawn vs Magic: 183 - 208 - 147  [0.477] 538
Started game 551 of 10000 (PassedPawn vs Magic)
Finished game 537 (PassedPawn vs Magic): 1/2-1/2 {Draw by adjudication}
Score of PassedPawn vs Magic: 183 - 208 - 148  [0.477] 539
Started game 552 of 10000 (Magic vs PassedPawn)
Finished game 538 (Magic vs PassedPawn): 1-0 {White wins by adjudication}
Score of PassedPawn vs Magic: 183 - 209 - 148  [0.476] 540
Started game 553 of 10000 (PassedPawn vs Magic)
Finished game 534 (Magic vs PassedPawn): 1-0 {White wins by adjudication}
Score of PassedPawn vs Magic: 183 - 210 - 148  [0.475] 541
Started game 554 of 10000 (Magic vs PassedPawn)
Finished game 542 (Magic vs PassedPawn): 1-0 {White wins by adjudication}
Score of PassedPawn vs Magic: 183 - 211 - 148  [0.474] 542
Started game 555 of 10000 (PassedPawn vs Magic)
Finished game 540 (Magic vs PassedPawn): 0-1 {Black wins by adjudication}
Score of PassedPawn vs Magic: 184 - 211 - 148  [0.475] 543
Started game 556 of 10000 (Magic vs PassedPawn)
Finished game 545 (PassedPawn vs Magic): 0-1 {Black wins by adjudication}
Score of PassedPawn vs Magic: 184 - 212 - 148  [0.474] 544
Started game 557 of 10000 (PassedPawn vs Magic)
Finished game 546 (Magic vs PassedPawn): 1-0 {White wins by adjudication}
Score of PassedPawn vs Magic: 184 - 213 - 148  [0.473] 545
Started game 558 of 10000 (Magic vs PassedPawn)
Finished game 548 (Magic vs PassedPawn): 0-1 {Black wins by adjudication}
Score of PassedPawn vs Magic: 185 - 213 - 148  [0.474] 546
Started game 559 of 10000 (PassedPawn vs Magic)
Finished game 549 (PassedPawn vs Magic): 1-0 {White wins by adjudication}
Score of PassedPawn vs Magic: 186 - 213 - 148  [0.475] 547
Started game 560 of 10000 (Magic vs PassedPawn)
Finished game 547 (PassedPawn vs Magic): 1-0 {White mates}
Score of PassedPawn vs Magic: 187 - 213 - 148  [0.476] 548
Started game 561 of 10000 (PassedPawn vs Magic)
Finished game 544 (Magic vs PassedPawn): 1/2-1/2 {Draw by fifty moves rule}
Score of PassedPawn vs Magic: 187 - 213 - 149  [0.476] 549
Started game 562 of 10000 (Magic vs PassedPawn)
Finished game 554 (Magic vs PassedPawn): 0-1 {Black wins by adjudication}
Score of PassedPawn vs Magic: 188 - 213 - 149  [0.477] 550
Started game 563 of 10000 (PassedPawn vs Magic)
Finished game 555 (PassedPawn vs Magic): 0-1 {Black wins by adjudication}
Score of PassedPawn vs Magic: 188 - 214 - 149  [0.476] 551
Started game 564 of 10000 (Magic vs PassedPawn)
Finished game 552 (Magic vs PassedPawn): 1-0 {White wins by adjudication}
Score of PassedPawn vs Magic: 188 - 215 - 149  [0.476] 552
Started game 565 of 10000 (PassedPawn vs Magic)
Finished game 553 (PassedPawn vs Magic): 0-1 {Black wins by adjudication}
Score of PassedPawn vs Magic: 188 - 216 - 149  [0.475] 553
Started game 566 of 10000 (Magic vs PassedPawn)
Finished game 551 (PassedPawn vs Magic): 0-1 {Black wins by adjudication}
Score of PassedPawn vs Magic: 188 - 217 - 149  [0.474] 554
Started game 567 of 10000 (PassedPawn vs Magic)
Finished game 557 (PassedPawn vs Magic): 0-1 {Black wins by adjudication}
Score of PassedPawn vs Magic: 188 - 218 - 149  [0.473] 555
Started game 568 of 10000 (Magic vs PassedPawn)
Finished game 550 (Magic vs PassedPawn): 1-0 {White wins by adjudication}
Score of PassedPawn vs Magic: 188 - 219 - 149  [0.472] 556
Started game 569 of 10000 (PassedPawn vs Magic)
Finished game 559 (PassedPawn vs Magic): 0-1 {Black wins by adjudication}
Score of PassedPawn vs Magic: 188 - 220 - 149  [0.471] 557
Started game 570 of 10000 (Magic vs PassedPawn)
Finished game 558 (Magic vs PassedPawn): 1/2-1/2 {Draw by 3-fold repetition}
Score of PassedPawn vs Magic: 188 - 220 - 150  [0.471] 558
Started game 571 of 10000 (PassedPawn vs Magic)
Finished game 560 (Magic vs PassedPawn): 1/2-1/2 {Draw by 3-fold repetition}
Score of PassedPawn vs Magic: 188 - 220 - 151  [0.471] 559
Started game 572 of 10000 (Magic vs PassedPawn)
Finished game 556 (Magic vs PassedPawn): 1/2-1/2 {Draw by fifty moves rule}
Score of PassedPawn vs Magic: 188 - 220 - 152  [0.471] 560
Started game 573 of 10000 (PassedPawn vs Magic)
Finished game 562 (Magic vs PassedPawn): 0-1 {Black wins by adjudication}
Score of PassedPawn vs Magic: 189 - 220 - 152  [0.472] 561
Started game 574 of 10000 (Magic vs PassedPawn)
Finished game 566 (Magic vs PassedPawn): 1/2-1/2 {Draw by 3-fold repetition}
Score of PassedPawn vs Magic: 189 - 220 - 153  [0.472] 562
Started game 575 of 10000 (PassedPawn vs Magic)
Finished game 564 (Magic vs PassedPawn): 0-1 {Black wins by adjudication}
Score of PassedPawn vs Magic: 190 - 220 - 153  [0.473] 563
Started game 576 of 10000 (Magic vs PassedPawn)
Finished game 565 (PassedPawn vs Magic): 1/2-1/2 {Draw by adjudication}
Score of PassedPawn vs Magic: 190 - 220 - 154  [0.473] 564
Started game 577 of 10000 (PassedPawn vs Magic)
Finished game 568 (Magic vs PassedPawn): 1/2-1/2 {Draw by adjudication}
Score of PassedPawn vs Magic: 190 - 220 - 155  [0.473] 565
Started game 578 of 10000 (Magic vs PassedPawn)
Finished game 563 (PassedPawn vs Magic): 1/2-1/2 {Draw by insufficient mating material}
Score of PassedPawn vs Magic: 190 - 220 - 156  [0.473] 566
Started game 579 of 10000 (PassedPawn vs Magic)
Finished game 567 (PassedPawn vs Magic): 1/2-1/2 {Draw by insufficient mating material}
Score of PassedPawn vs Magic: 190 - 220 - 157  [0.474] 567
Started game 580 of 10000 (Magic vs PassedPawn)
Finished game 572 (Magic vs PassedPawn): 0-1 {Black wins by adjudication}
Score of PassedPawn vs Magic: 191 - 220 - 157  [0.474] 568
Started game 581 of 10000 (PassedPawn vs Magic)
Finished game 561 (PassedPawn vs Magic): 0-1 {Black wins by adjudication}
Score of PassedPawn vs Magic: 191 - 221 - 157  [0.474] 569
Started game 582 of 10000 (Magic vs PassedPawn)
Finished game 574 (Magic vs PassedPawn): 0-1 {Black wins by adjudication}
Score of PassedPawn vs Magic: 192 - 221 - 157  [0.475] 570
Started game 583 of 10000 (PassedPawn vs Magic)
Finished game 575 (PassedPawn vs Magic): 1/2-1/2 {Draw by 3-fold repetition}
Score of PassedPawn vs Magic: 192 - 221 - 158  [0.475] 571
Started game 584 of 10000 (Magic vs PassedPawn)
Finished game 569 (PassedPawn vs Magic): 1/2-1/2 {Draw by 3-fold repetition}
Score of PassedPawn vs Magic: 192 - 221 - 159  [0.475] 572
Started game 585 of 10000 (PassedPawn vs Magic)
Finished game 573 (PassedPawn vs Magic): 1/2-1/2 {Draw by insufficient mating material}
Score of PassedPawn vs Magic: 192 - 221 - 160  [0.475] 573
Started game 586 of 10000 (Magic vs PassedPawn)
Finished game 570 (Magic vs PassedPawn): 1-0 {White wins by adjudication}
Score of PassedPawn vs Magic: 192 - 222 - 160  [0.474] 574
Started game 587 of 10000 (PassedPawn vs Magic)
Finished game 571 (PassedPawn vs Magic): 1-0 {White wins by adjudication}
Score of PassedPawn vs Magic: 193 - 222 - 160  [0.475] 575
Started game 588 of 10000 (Magic vs PassedPawn)
Finished game 579 (PassedPawn vs Magic): 0-1 {Black wins by adjudication}
Score of PassedPawn vs Magic: 193 - 223 - 160  [0.474] 576
Started game 589 of 10000 (PassedPawn vs Magic)
Finished game 578 (Magic vs PassedPawn): 0-1 {Black wins by adjudication}
Score of PassedPawn vs Magic: 194 - 223 - 160  [0.475] 577
Started game 590 of 10000 (Magic vs PassedPawn)
Finished game 577 (PassedPawn vs Magic): 1-0 {White wins by adjudication}
Score of PassedPawn vs Magic: 195 - 223 - 160  [0.476] 578
Started game 591 of 10000 (PassedPawn vs Magic)
Finished game 586 (Magic vs PassedPawn): 1/2-1/2 {Draw by 3-fold repetition}
Score of PassedPawn vs Magic: 195 - 223 - 161  [0.476] 579
Started game 592 of 10000 (Magic vs PassedPawn)
Finished game 576 (Magic vs PassedPawn): 1-0 {White wins by adjudication}
Score of PassedPawn vs Magic: 195 - 224 - 161  [0.475] 580
Started game 593 of 10000 (PassedPawn vs Magic)
Finished game 582 (Magic vs PassedPawn): 1-0 {White wins by adjudication}
Score of PassedPawn vs Magic: 195 - 225 - 161  [0.474] 581
Started game 594 of 10000 (Magic vs PassedPawn)
Finished game 580 (Magic vs PassedPawn): 0-1 {Black wins by adjudication}
Score of PassedPawn vs Magic: 196 - 225 - 161  [0.475] 582
Started game 595 of 10000 (PassedPawn vs Magic)
Finished game 581 (PassedPawn vs Magic): 1-0 {White wins by adjudication}
Score of PassedPawn vs Magic: 197 - 225 - 161  [0.476] 583
Started game 596 of 10000 (Magic vs PassedPawn)
Finished game 585 (PassedPawn vs Magic): 1-0 {White wins by adjudication}
Score of PassedPawn vs Magic: 198 - 225 - 161  [0.477] 584
Started game 597 of 10000 (PassedPawn vs Magic)
Finished game 584 (Magic vs PassedPawn): 1/2-1/2 {Draw by 3-fold repetition}
Score of PassedPawn vs Magic: 198 - 225 - 162  [0.477] 585
Started game 598 of 10000 (Magic vs PassedPawn)
Finished game 589 (PassedPawn vs Magic): 1-0 {White wins by adjudication}
Score of PassedPawn vs Magic: 199 - 225 - 162  [0.478] 586
Started game 599 of 10000 (PassedPawn vs Magic)
Finished game 587 (PassedPawn vs Magic): 0-1 {Black wins by adjudication}
Score of PassedPawn vs Magic: 199 - 226 - 162  [0.477] 587
Started game 600 of 10000 (Magic vs PassedPawn)
Finished game 583 (PassedPawn vs Magic): 1-0 {White wins by adjudication}
Score of PassedPawn vs Magic: 200 - 226 - 162  [0.478] 588
Started game 601 of 10000 (PassedPawn vs Magic)
Finished game 590 (Magic vs PassedPawn): 0-1 {Black wins by adjudication}
Score of PassedPawn vs Magic: 201 - 226 - 162  [0.479] 589
Started game 602 of 10000 (Magic vs PassedPawn)
Finished game 588 (Magic vs PassedPawn): 0-1 {Black wins by adjudication}
Score of PassedPawn vs Magic: 202 - 226 - 162  [0.480] 590
Started game 603 of 10000 (PassedPawn vs Magic)
Finished game 591 (PassedPawn vs Magic): 1-0 {White wins by adjudication}
Score of PassedPawn vs Magic: 203 - 226 - 162  [0.481] 591
Started game 604 of 10000 (Magic vs PassedPawn)
Finished game 597 (PassedPawn vs Magic): 1-0 {White wins by adjudication}
Score of PassedPawn vs Magic: 204 - 226 - 162  [0.481] 592
Started game 605 of 10000 (PassedPawn vs Magic)
Finished game 594 (Magic vs PassedPawn): 0-1 {Black wins by adjudication}
Score of PassedPawn vs Magic: 205 - 226 - 162  [0.482] 593
Started game 606 of 10000 (Magic vs PassedPawn)
Finished game 593 (PassedPawn vs Magic): 0-1 {Black wins by adjudication}
Score of PassedPawn vs Magic: 205 - 227 - 162  [0.481] 594
Started game 607 of 10000 (PassedPawn vs Magic)
Finished game 596 (Magic vs PassedPawn): 1-0 {White wins by adjudication}
Score of PassedPawn vs Magic: 205 - 228 - 162  [0.481] 595
Started game 608 of 10000 (Magic vs PassedPawn)
Finished game 602 (Magic vs PassedPawn): 0-1 {Black wins by adjudication}
Score of PassedPawn vs Magic: 206 - 228 - 162  [0.482] 596
Started game 609 of 10000 (PassedPawn vs Magic)
Finished game 592 (Magic vs PassedPawn): 1-0 {White wins by adjudication}
Score of PassedPawn vs Magic: 206 - 229 - 162  [0.481] 597
Started game 610 of 10000 (Magic vs PassedPawn)
Finished game 600 (Magic vs PassedPawn): 1-0 {White wins by adjudication}
Score of PassedPawn vs Magic: 206 - 230 - 162  [0.480] 598
Started game 611 of 10000 (PassedPawn vs Magic)
Finished game 598 (Magic vs PassedPawn): 0-1 {Black wins by adjudication}
Score of PassedPawn vs Magic: 207 - 230 - 162  [0.481] 599
Started game 612 of 10000 (Magic vs PassedPawn)
Finished game 599 (PassedPawn vs Magic): 0-1 {Black wins by adjudication}
Score of PassedPawn vs Magic: 207 - 231 - 162  [0.480] 600
Started game 613 of 10000 (PassedPawn vs Magic)
Finished game 601 (PassedPawn vs Magic): 1/2-1/2 {Draw by 3-fold repetition}
Score of PassedPawn vs Magic: 207 - 231 - 163  [0.480] 601
Started game 614 of 10000 (Magic vs PassedPawn)
Finished game 605 (PassedPawn vs Magic): 1-0 {White wins by adjudication}
Score of PassedPawn vs Magic: 208 - 231 - 163  [0.481] 602
Started game 615 of 10000 (PassedPawn vs Magic)
Finished game 604 (Magic vs PassedPawn): 1-0 {White wins by adjudication}
Score of PassedPawn vs Magic: 208 - 232 - 163  [0.480] 603
Started game 616 of 10000 (Magic vs PassedPawn)
Finished game 595 (PassedPawn vs Magic): 1/2-1/2 {Draw by fifty moves rule}
Score of PassedPawn vs Magic: 208 - 232 - 164  [0.480] 604
Started game 617 of 10000 (PassedPawn vs Magic)
Finished game 603 (PassedPawn vs Magic): 1/2-1/2 {Draw by insufficient mating material}
Score of PassedPawn vs Magic: 208 - 232 - 165  [0.480] 605
Started game 618 of 10000 (Magic vs PassedPawn)
Finished game 610 (Magic vs PassedPawn): 1-0 {White wins by adjudication}
Score of PassedPawn vs Magic: 208 - 233 - 165  [0.479] 606
Started game 619 of 10000 (PassedPawn vs Magic)
Finished game 609 (PassedPawn vs Magic): 1-0 {White wins by adjudication}
Score of PassedPawn vs Magic: 209 - 233 - 165  [0.480] 607
Started game 620 of 10000 (Magic vs PassedPawn)
Finished game 617 (PassedPawn vs Magic): 1/2-1/2 {Draw by 3-fold repetition}
Score of PassedPawn vs Magic: 209 - 233 - 166  [0.480] 608
Started game 621 of 10000 (PassedPawn vs Magic)
Finished game 607 (PassedPawn vs Magic): 1/2-1/2 {Draw by adjudication}
Score of PassedPawn vs Magic: 209 - 233 - 167  [0.480] 609
Started game 622 of 10000 (Magic vs PassedPawn)
Finished game 606 (Magic vs PassedPawn): 1-0 {White wins by adjudication}
Score of PassedPawn vs Magic: 209 - 234 - 167  [0.480] 610
Started game 623 of 10000 (PassedPawn vs Magic)
Finished game 613 (PassedPawn vs Magic): 1/2-1/2 {Draw by insufficient mating material}
Score of PassedPawn vs Magic: 209 - 234 - 168  [0.480] 611
Started game 624 of 10000 (Magic vs PassedPawn)
Finished game 608 (Magic vs PassedPawn): 1/2-1/2 {Draw by 3-fold repetition}
Score of PassedPawn vs Magic: 209 - 234 - 169  [0.480] 612
Started game 625 of 10000 (PassedPawn vs Magic)
Finished game 612 (Magic vs PassedPawn): 0-1 {Black wins by adjudication}
Score of PassedPawn vs Magic: 210 - 234 - 169  [0.480] 613
Started game 626 of 10000 (Magic vs PassedPawn)
Finished game 611 (PassedPawn vs Magic): 1-0 {White wins by adjudication}
Score of PassedPawn vs Magic: 211 - 234 - 169  [0.481] 614
Started game 627 of 10000 (PassedPawn vs Magic)
Finished game 614 (Magic vs PassedPawn): 1/2-1/2 {Draw by 3-fold repetition}
Score of PassedPawn vs Magic: 211 - 234 - 170  [0.481] 615
Started game 628 of 10000 (Magic vs PassedPawn)
Finished game 618 (Magic vs PassedPawn): 0-1 {Black wins by adjudication}
Score of PassedPawn vs Magic: 212 - 234 - 170  [0.482] 616
Started game 629 of 10000 (PassedPawn vs Magic)
Finished game 615 (PassedPawn vs Magic): 0-1 {Black wins by adjudication}
Score of PassedPawn vs Magic: 212 - 235 - 170  [0.481] 617
Started game 630 of 10000 (Magic vs PassedPawn)
Finished game 619 (PassedPawn vs Magic): 0-1 {Black wins by adjudication}
Score of PassedPawn vs Magic: 212 - 236 - 170  [0.481] 618
Started game 631 of 10000 (PassedPawn vs Magic)
Finished game 616 (Magic vs PassedPawn): 0-1 {Black wins by adjudication}
Score of PassedPawn vs Magic: 213 - 236 - 170  [0.481] 619
Started game 632 of 10000 (Magic vs PassedPawn)
Finished game 622 (Magic vs PassedPawn): 1-0 {White wins by adjudication}
Score of PassedPawn vs Magic: 213 - 237 - 170  [0.481] 620
Started game 633 of 10000 (PassedPawn vs Magic)
Finished game 621 (PassedPawn vs Magic): 0-1 {Black wins by adjudication}
Score of PassedPawn vs Magic: 213 - 238 - 170  [0.480] 621
Started game 634 of 10000 (Magic vs PassedPawn)
Finished game 623 (PassedPawn vs Magic): 1/2-1/2 {Draw by 3-fold repetition}
Score of PassedPawn vs Magic: 213 - 238 - 171  [0.480] 622
Started game 635 of 10000 (PassedPawn vs Magic)
Finished game 620 (Magic vs PassedPawn): 1/2-1/2 {Draw by insufficient mating material}
Score of PassedPawn vs Magic: 213 - 238 - 172  [0.480] 623
Started game 636 of 10000 (Magic vs PassedPawn)
Finished game 627 (PassedPawn vs Magic): 0-1 {Black wins by adjudication}
Score of PassedPawn vs Magic: 213 - 239 - 172  [0.479] 624
Started game 637 of 10000 (PassedPawn vs Magic)
Finished game 626 (Magic vs PassedPawn): 1-0 {White wins by adjudication}
Score of PassedPawn vs Magic: 213 - 240 - 172  [0.478] 625
Started game 638 of 10000 (Magic vs PassedPawn)
Finished game 624 (Magic vs PassedPawn): 1/2-1/2 {Draw by 3-fold repetition}
Score of PassedPawn vs Magic: 213 - 240 - 173  [0.478] 626
Started game 639 of 10000 (PassedPawn vs Magic)
Finished game 629 (PassedPawn vs Magic): 0-1 {Black wins by adjudication}
Score of PassedPawn vs Magic: 213 - 241 - 173  [0.478] 627
Started game 640 of 10000 (Magic vs PassedPawn)
Finished game 631 (PassedPawn vs Magic): 0-1 {Black wins by adjudication}
Score of PassedPawn vs Magic: 213 - 242 - 173  [0.477] 628
Started game 641 of 10000 (PassedPawn vs Magic)
Finished game 628 (Magic vs PassedPawn): 1/2-1/2 {Draw by fifty moves rule}
Score of PassedPawn vs Magic: 213 - 242 - 174  [0.477] 629
Started game 642 of 10000 (Magic vs PassedPawn)
Finished game 625 (PassedPawn vs Magic): 1/2-1/2 {Draw by 3-fold repetition}
Score of PassedPawn vs Magic: 213 - 242 - 175  [0.477] 630
Started game 643 of 10000 (PassedPawn vs Magic)
Finished game 634 (Magic vs PassedPawn): 1-0 {White wins by adjudication}
Score of PassedPawn vs Magic: 213 - 243 - 175  [0.476] 631
Started game 644 of 10000 (Magic vs PassedPawn)
Finished game 633 (PassedPawn vs Magic): 1-0 {White wins by adjudication}
Score of PassedPawn vs Magic: 214 - 243 - 175  [0.477] 632
Started game 645 of 10000 (PassedPawn vs Magic)
Finished game 630 (Magic vs PassedPawn): 1/2-1/2 {Draw by fifty moves rule}
Score of PassedPawn vs Magic: 214 - 243 - 176  [0.477] 633
Started game 646 of 10000 (Magic vs PassedPawn)
Finished game 641 (PassedPawn vs Magic): 1-0 {White wins by adjudication}
Score of PassedPawn vs Magic: 215 - 243 - 176  [0.478] 634
Started game 647 of 10000 (PassedPawn vs Magic)
Finished game 632 (Magic vs PassedPawn): 1/2-1/2 {Draw by fifty moves rule}
Score of PassedPawn vs Magic: 215 - 243 - 177  [0.478] 635
Started game 648 of 10000 (Magic vs PassedPawn)
Finished game 637 (PassedPawn vs Magic): 1-0 {White wins by adjudication}
Score of PassedPawn vs Magic: 216 - 243 - 177  [0.479] 636
Started game 649 of 10000 (PassedPawn vs Magic)
Finished game 639 (PassedPawn vs Magic): 1-0 {White wins by adjudication}
Score of PassedPawn vs Magic: 217 - 243 - 177  [0.480] 637
Started game 650 of 10000 (Magic vs PassedPawn)
Finished game 635 (PassedPawn vs Magic): 1/2-1/2 {Draw by 3-fold repetition}
Score of PassedPawn vs Magic: 217 - 243 - 178  [0.480] 638
Started game 651 of 10000 (PassedPawn vs Magic)
Finished game 642 (Magic vs PassedPawn): 1-0 {White wins by adjudication}
Score of PassedPawn vs Magic: 217 - 244 - 178  [0.479] 639
Started game 652 of 10000 (Magic vs PassedPawn)
Finished game 640 (Magic vs PassedPawn): 0-1 {Black wins by adjudication}
Score of PassedPawn vs Magic: 218 - 244 - 178  [0.480] 640
Started game 653 of 10000 (PassedPawn vs Magic)
Finished game 638 (Magic vs PassedPawn): 1/2-1/2 {Draw by fifty moves rule}
Score of PassedPawn vs Magic: 218 - 244 - 179  [0.480] 641
Started game 654 of 10000 (Magic vs PassedPawn)
Finished game 636 (Magic vs PassedPawn): 1-0 {White wins by adjudication}
Score of PassedPawn vs Magic: 218 - 245 - 179  [0.479] 642
Started game 655 of 10000 (PassedPawn vs Magic)
Finished game 651 (PassedPawn vs Magic): 1/2-1/2 {Draw by 3-fold repetition}
Score of PassedPawn vs Magic: 218 - 245 - 180  [0.479] 643
Started game 656 of 10000 (Magic vs PassedPawn)
Finished game 646 (Magic vs PassedPawn): 1-0 {White wins by adjudication}
Score of PassedPawn vs Magic: 218 - 246 - 180  [0.478] 644
Started game 657 of 10000 (PassedPawn vs Magic)
Finished game 643 (PassedPawn vs Magic): 1-0 {White wins by adjudication}
Score of PassedPawn vs Magic: 219 - 246 - 180  [0.479] 645
Started game 658 of 10000 (Magic vs PassedPawn)
Finished game 645 (PassedPawn vs Magic): 1-0 {White wins by adjudication}
Score of PassedPawn vs Magic: 220 - 246 - 180  [0.480] 646
Started game 659 of 10000 (PassedPawn vs Magic)
Finished game 647 (PassedPawn vs Magic): 1/2-1/2 {Draw by 3-fold repetition}
Score of PassedPawn vs Magic: 220 - 246 - 181  [0.480] 647
Started game 660 of 10000 (Magic vs PassedPawn)
Finished game 648 (Magic vs PassedPawn): 1-0 {White mates}
Score of PassedPawn vs Magic: 220 - 247 - 181  [0.479] 648
Started game 661 of 10000 (PassedPawn vs Magic)
Finished game 644 (Magic vs PassedPawn): 1/2-1/2 {Draw by fifty moves rule}
Score of PassedPawn vs Magic: 220 - 247 - 182  [0.479] 649
Started game 662 of 10000 (Magic vs PassedPawn)
Finished game 649 (PassedPawn vs Magic): 1-0 {White wins by adjudication}
Score of PassedPawn vs Magic: 221 - 247 - 182  [0.480] 650
Started game 663 of 10000 (PassedPawn vs Magic)
Finished game 650 (Magic vs PassedPawn): 1/2-1/2 {Draw by 3-fold repetition}
Score of PassedPawn vs Magic: 221 - 247 - 183  [0.480] 651
Started game 664 of 10000 (Magic vs PassedPawn)
Finished game 655 (PassedPawn vs Magic): 0-1 {Black wins by adjudication}
Score of PassedPawn vs Magic: 221 - 248 - 183  [0.479] 652
Started game 665 of 10000 (PassedPawn vs Magic)
Finished game 652 (Magic vs PassedPawn): 1-0 {White wins by adjudication}
Score of PassedPawn vs Magic: 221 - 249 - 183  [0.479] 653
Started game 666 of 10000 (Magic vs PassedPawn)
Finished game 660 (Magic vs PassedPawn): 1/2-1/2 {Draw by 3-fold repetition}
Score of PassedPawn vs Magic: 221 - 249 - 184  [0.479] 654
Started game 667 of 10000 (PassedPawn vs Magic)
Finished game 657 (PassedPawn vs Magic): 1-0 {White wins by adjudication}
Score of PassedPawn vs Magic: 222 - 249 - 184  [0.479] 655
Started game 668 of 10000 (Magic vs PassedPawn)
Finished game 653 (PassedPawn vs Magic): 1/2-1/2 {Draw by adjudication}
Score of PassedPawn vs Magic: 222 - 249 - 185  [0.479] 656
Started game 669 of 10000 (PassedPawn vs Magic)
Finished game 656 (Magic vs PassedPawn): 1-0 {White wins by adjudication}
Score of PassedPawn vs Magic: 222 - 250 - 185  [0.479] 657
Started game 670 of 10000 (Magic vs PassedPawn)
Finished game 654 (Magic vs PassedPawn): 1-0 {White wins by adjudication}
Score of PassedPawn vs Magic: 222 - 251 - 185  [0.478] 658
Started game 671 of 10000 (PassedPawn vs Magic)
Finished game 662 (Magic vs PassedPawn): 0-1 {Black wins by adjudication}
Score of PassedPawn vs Magic: 223 - 251 - 185  [0.479] 659
Started game 672 of 10000 (Magic vs PassedPawn)
Finished game 665 (PassedPawn vs Magic): 1/2-1/2 {Draw by 3-fold repetition}
Score of PassedPawn vs Magic: 223 - 251 - 186  [0.479] 660
Started game 673 of 10000 (PassedPawn vs Magic)
Finished game 664 (Magic vs PassedPawn): 1-0 {White wins by adjudication}
Score of PassedPawn vs Magic: 223 - 252 - 186  [0.478] 661
Started game 674 of 10000 (Magic vs PassedPawn)
Finished game 659 (PassedPawn vs Magic): 0-1 {Black wins by adjudication}
Score of PassedPawn vs Magic: 223 - 253 - 186  [0.477] 662
Started game 675 of 10000 (PassedPawn vs Magic)
Finished game 663 (PassedPawn vs Magic): 0-1 {Black wins by adjudication}
Score of PassedPawn vs Magic: 223 - 254 - 186  [0.477] 663
Started game 676 of 10000 (Magic vs PassedPawn)
Finished game 668 (Magic vs PassedPawn): 1-0 {White wins by adjudication}
Score of PassedPawn vs Magic: 223 - 255 - 186  [0.476] 664
Started game 677 of 10000 (PassedPawn vs Magic)
Finished game 671 (PassedPawn vs Magic): 1-0 {White wins by adjudication}
Score of PassedPawn vs Magic: 224 - 255 - 186  [0.477] 665
Started game 678 of 10000 (Magic vs PassedPawn)
Finished game 661 (PassedPawn vs Magic): 0-1 {Black wins by adjudication}
Score of PassedPawn vs Magic: 224 - 256 - 186  [0.476] 666
Started game 679 of 10000 (PassedPawn vs Magic)
Finished game 667 (PassedPawn vs Magic): 1/2-1/2 {Draw by 3-fold repetition}
Score of PassedPawn vs Magic: 224 - 256 - 187  [0.476] 667
Started game 680 of 10000 (Magic vs PassedPawn)
Finished game 658 (Magic vs PassedPawn): 1/2-1/2 {Draw by fifty moves rule}
Score of PassedPawn vs Magic: 224 - 256 - 188  [0.476] 668
Started game 681 of 10000 (PassedPawn vs Magic)
Finished game 669 (PassedPawn vs Magic): 1-0 {White wins by adjudication}
Score of PassedPawn vs Magic: 225 - 256 - 188  [0.477] 669
Started game 682 of 10000 (Magic vs PassedPawn)
Finished game 672 (Magic vs PassedPawn): 1-0 {White wins by adjudication}
Score of PassedPawn vs Magic: 225 - 257 - 188  [0.476] 670
Started game 683 of 10000 (PassedPawn vs Magic)
Finished game 670 (Magic vs PassedPawn): 0-1 {Black wins by adjudication}
Score of PassedPawn vs Magic: 226 - 257 - 188  [0.477] 671
Started game 684 of 10000 (Magic vs PassedPawn)
Finished game 673 (PassedPawn vs Magic): 1-0 {White wins by adjudication}
Score of PassedPawn vs Magic: 227 - 257 - 188  [0.478] 672
Started game 685 of 10000 (PassedPawn vs Magic)
Finished game 666 (Magic vs PassedPawn): 1/2-1/2 {Draw by insufficient mating material}
Score of PassedPawn vs Magic: 227 - 257 - 189  [0.478] 673
Started game 686 of 10000 (Magic vs PassedPawn)
Finished game 675 (PassedPawn vs Magic): 0-1 {Black wins by adjudication}
Score of PassedPawn vs Magic: 227 - 258 - 189  [0.477] 674
Started game 687 of 10000 (PassedPawn vs Magic)
Finished game 678 (Magic vs PassedPawn): 0-1 {Black wins by adjudication}
Score of PassedPawn vs Magic: 228 - 258 - 189  [0.478] 675
Started game 688 of 10000 (Magic vs PassedPawn)
Finished game 680 (Magic vs PassedPawn): 1-0 {White wins by adjudication}
Score of PassedPawn vs Magic: 228 - 259 - 189  [0.477] 676
Started game 689 of 10000 (PassedPawn vs Magic)
Finished game 682 (Magic vs PassedPawn): 1-0 {White wins by adjudication}
Score of PassedPawn vs Magic: 228 - 260 - 189  [0.476] 677
Started game 690 of 10000 (Magic vs PassedPawn)
Finished game 681 (PassedPawn vs Magic): 1/2-1/2 {Draw by insufficient mating material}
Score of PassedPawn vs Magic: 228 - 260 - 190  [0.476] 678
Started game 691 of 10000 (PassedPawn vs Magic)
Finished game 684 (Magic vs PassedPawn): 1-0 {White wins by adjudication}
Score of PassedPawn vs Magic: 228 - 261 - 190  [0.476] 679
Started game 692 of 10000 (Magic vs PassedPawn)
Finished game 677 (PassedPawn vs Magic): 0-1 {Black wins by adjudication}
Score of PassedPawn vs Magic: 228 - 262 - 190  [0.475] 680
Started game 693 of 10000 (PassedPawn vs Magic)
Finished game 674 (Magic vs PassedPawn): 1/2-1/2 {Draw by 3-fold repetition}
Score of PassedPawn vs Magic: 228 - 262 - 191  [0.475] 681
Started game 694 of 10000 (Magic vs PassedPawn)
Finished game 683 (PassedPawn vs Magic): 0-1 {Black wins by adjudication}
Score of PassedPawn vs Magic: 228 - 263 - 191  [0.474] 682
Started game 695 of 10000 (PassedPawn vs Magic)
Finished game 676 (Magic vs PassedPawn): 0-1 {Black wins by adjudication}
Score of PassedPawn vs Magic: 229 - 263 - 191  [0.475] 683
Started game 696 of 10000 (Magic vs PassedPawn)
Finished game 687 (PassedPawn vs Magic): 1/2-1/2 {Draw by stalemate}
Score of PassedPawn vs Magic: 229 - 263 - 192  [0.475] 684
Started game 697 of 10000 (PassedPawn vs Magic)
Finished game 685 (PassedPawn vs Magic): 0-1 {Black wins by adjudication}
Score of PassedPawn vs Magic: 229 - 264 - 192  [0.474] 685
Started game 698 of 10000 (Magic vs PassedPawn)
Finished game 679 (PassedPawn vs Magic): 1/2-1/2 {Draw by fifty moves rule}
Score of PassedPawn vs Magic: 229 - 264 - 193  [0.474] 686
Started game 699 of 10000 (PassedPawn vs Magic)
Finished game 690 (Magic vs PassedPawn): 1/2-1/2 {Draw by 3-fold repetition}
Score of PassedPawn vs Magic: 229 - 264 - 194  [0.475] 687
Started game 700 of 10000 (Magic vs PassedPawn)
Finished game 688 (Magic vs PassedPawn): 1/2-1/2 {Draw by 3-fold repetition}
Score of PassedPawn vs Magic: 229 - 264 - 195  [0.475] 688
Started game 701 of 10000 (PassedPawn vs Magic)
Finished game 693 (PassedPawn vs Magic): 1-0 {White wins by adjudication}
Score of PassedPawn vs Magic: 230 - 264 - 195  [0.475] 689
Started game 702 of 10000 (Magic vs PassedPawn)
Finished game 691 (PassedPawn vs Magic): 1/2-1/2 {Draw by 3-fold repetition}
Score of PassedPawn vs Magic: 230 - 264 - 196  [0.475] 690
Started game 703 of 10000 (PassedPawn vs Magic)
Finished game 689 (PassedPawn vs Magic): 1/2-1/2 {Draw by 3-fold repetition}
Score of PassedPawn vs Magic: 230 - 264 - 197  [0.475] 691
Started game 704 of 10000 (Magic vs PassedPawn)
Finished game 701 (PassedPawn vs Magic): 1/2-1/2 {Draw by 3-fold repetition}
Score of PassedPawn vs Magic: 230 - 264 - 198  [0.475] 692
Started game 705 of 10000 (PassedPawn vs Magic)
Finished game 694 (Magic vs PassedPawn): 0-1 {Black wins by adjudication}
Score of PassedPawn vs Magic: 231 - 264 - 198  [0.476] 693
Started game 706 of 10000 (Magic vs PassedPawn)
Finished game 686 (Magic vs PassedPawn): 1/2-1/2 {Draw by fifty moves rule}
Score of PassedPawn vs Magic: 231 - 264 - 199  [0.476] 694
Started game 707 of 10000 (PassedPawn vs Magic)
Finished game 692 (Magic vs PassedPawn): 1-0 {White wins by adjudication}
Score of PassedPawn vs Magic: 231 - 265 - 199  [0.476] 695
Started game 708 of 10000 (Magic vs PassedPawn)
Finished game 695 (PassedPawn vs Magic): 0-1 {Black wins by adjudication}
Score of PassedPawn vs Magic: 231 - 266 - 199  [0.475] 696
Started game 709 of 10000 (PassedPawn vs Magic)
Finished game 696 (Magic vs PassedPawn): 0-1 {Black wins by adjudication}
Score of PassedPawn vs Magic: 232 - 266 - 199  [0.476] 697
Started game 710 of 10000 (Magic vs PassedPawn)
Finished game 697 (PassedPawn vs Magic): 0-1 {Black wins by adjudication}
Score of PassedPawn vs Magic: 232 - 267 - 199  [0.475] 698
Started game 711 of 10000 (PassedPawn vs Magic)
Finished game 702 (Magic vs PassedPawn): 1/2-1/2 {Draw by adjudication}
Score of PassedPawn vs Magic: 232 - 267 - 200  [0.475] 699
Started game 712 of 10000 (Magic vs PassedPawn)
Finished game 699 (PassedPawn vs Magic): 1/2-1/2 {Draw by adjudication}
Score of PassedPawn vs Magic: 232 - 267 - 201  [0.475] 700
Started game 713 of 10000 (PassedPawn vs Magic)
Finished game 698 (Magic vs PassedPawn): 1-0 {White wins by adjudication}
Score of PassedPawn vs Magic: 232 - 268 - 201  [0.474] 701
Started game 714 of 10000 (Magic vs PassedPawn)
Finished game 705 (PassedPawn vs Magic): 1-0 {White wins by adjudication}
Score of PassedPawn vs Magic: 233 - 268 - 201  [0.475] 702
Started game 715 of 10000 (PassedPawn vs Magic)
Finished game 700 (Magic vs PassedPawn): 0-1 {Black wins by adjudication}
Score of PassedPawn vs Magic: 234 - 268 - 201  [0.476] 703
Started game 716 of 10000 (Magic vs PassedPawn)
Finished game 703 (PassedPawn vs Magic): 0-1 {Black wins by adjudication}
Score of PassedPawn vs Magic: 234 - 269 - 201  [0.475] 704
Started game 717 of 10000 (PassedPawn vs Magic)
Finished game 704 (Magic vs PassedPawn): 1-0 {White wins by adjudication}
Score of PassedPawn vs Magic: 234 - 270 - 201  [0.474] 705
Started game 718 of 10000 (Magic vs PassedPawn)
Finished game 708 (Magic vs PassedPawn): 1-0 {White wins by adjudication}
Score of PassedPawn vs Magic: 234 - 271 - 201  [0.474] 706
Started game 719 of 10000 (PassedPawn vs Magic)
Finished game 707 (PassedPawn vs Magic): 0-1 {Black wins by adjudication}
Score of PassedPawn vs Magic: 234 - 272 - 201  [0.473] 707
Started game 720 of 10000 (Magic vs PassedPawn)
Finished game 709 (PassedPawn vs Magic): 0-1 {Black wins by adjudication}
Score of PassedPawn vs Magic: 234 - 273 - 201  [0.472] 708
Started game 721 of 10000 (PassedPawn vs Magic)
Finished game 706 (Magic vs PassedPawn): 1/2-1/2 {Draw by insufficient mating material}
Score of PassedPawn vs Magic: 234 - 273 - 202  [0.472] 709
Started game 722 of 10000 (Magic vs PassedPawn)
Finished game 710 (Magic vs PassedPawn): 0-1 {Black wins by adjudication}
Score of PassedPawn vs Magic: 235 - 273 - 202  [0.473] 710
Started game 723 of 10000 (PassedPawn vs Magic)
Finished game 712 (Magic vs PassedPawn): 0-1 {Black wins by adjudication}
Score of PassedPawn vs Magic: 236 - 273 - 202  [0.474] 711
Started game 724 of 10000 (Magic vs PassedPawn)
Finished game 716 (Magic vs PassedPawn): 1/2-1/2 {Draw by 3-fold repetition}
Score of PassedPawn vs Magic: 236 - 273 - 203  [0.474] 712
Started game 725 of 10000 (PassedPawn vs Magic)
Finished game 717 (PassedPawn vs Magic): 1-0 {White wins by adjudication}
Score of PassedPawn vs Magic: 237 - 273 - 203  [0.475] 713
Started game 726 of 10000 (Magic vs PassedPawn)
Finished game 714 (Magic vs PassedPawn): 1-0 {White wins by adjudication}
Score of PassedPawn vs Magic: 237 - 274 - 203  [0.474] 714
Started game 727 of 10000 (PassedPawn vs Magic)
Finished game 718 (Magic vs PassedPawn): 1/2-1/2 {Draw by 3-fold repetition}
Score of PassedPawn vs Magic: 237 - 274 - 204  [0.474] 715
Started game 728 of 10000 (Magic vs PassedPawn)
Finished game 719 (PassedPawn vs Magic): 1/2-1/2 {Draw by adjudication}
Score of PassedPawn vs Magic: 237 - 274 - 205  [0.474] 716
Started game 729 of 10000 (PassedPawn vs Magic)
Finished game 711 (PassedPawn vs Magic): 1/2-1/2 {Draw by fifty moves rule}
Score of PassedPawn vs Magic: 237 - 274 - 206  [0.474] 717
Started game 730 of 10000 (Magic vs PassedPawn)
Finished game 720 (Magic vs PassedPawn): 0-1 {Black wins by adjudication}
Score of PassedPawn vs Magic: 238 - 274 - 206  [0.475] 718
Started game 731 of 10000 (PassedPawn vs Magic)
Finished game 713 (PassedPawn vs Magic): 1/2-1/2 {Draw by adjudication}
Score of PassedPawn vs Magic: 238 - 274 - 207  [0.475] 719
Started game 732 of 10000 (Magic vs PassedPawn)
Finished game 715 (PassedPawn vs Magic): 1-0 {White wins by adjudication}
Score of PassedPawn vs Magic: 239 - 274 - 207  [0.476] 720
Started game 733 of 10000 (PassedPawn vs Magic)
Finished game 722 (Magic vs PassedPawn): 1/2-1/2 {Draw by insufficient mating material}
Score of PassedPawn vs Magic: 239 - 274 - 208  [0.476] 721
Started game 734 of 10000 (Magic vs PassedPawn)
Finished game 721 (PassedPawn vs Magic): 0-1 {Black wins by adjudication}
Score of PassedPawn vs Magic: 239 - 275 - 208  [0.475] 722
Started game 735 of 10000 (PassedPawn vs Magic)
Finished game 723 (PassedPawn vs Magic): 0-1 {Black wins by adjudication}
Score of PassedPawn vs Magic: 239 - 276 - 208  [0.474] 723
Started game 736 of 10000 (Magic vs PassedPawn)
Finished game 729 (PassedPawn vs Magic): 1-0 {White wins by adjudication}
Score of PassedPawn vs Magic: 240 - 276 - 208  [0.475] 724
Started game 737 of 10000 (PassedPawn vs Magic)
Finished game 725 (PassedPawn vs Magic): 0-1 {Black wins by adjudication}
Score of PassedPawn vs Magic: 240 - 277 - 208  [0.474] 725
Started game 738 of 10000 (Magic vs PassedPawn)
Finished game 728 (Magic vs PassedPawn): 1-0 {White wins by adjudication}
Score of PassedPawn vs Magic: 240 - 278 - 208  [0.474] 726
Started game 739 of 10000 (PassedPawn vs Magic)
Finished game 727 (PassedPawn vs Magic): 1-0 {White wins by adjudication}
Score of PassedPawn vs Magic: 241 - 278 - 208  [0.475] 727
Started game 740 of 10000 (Magic vs PassedPawn)
Finished game 724 (Magic vs PassedPawn): 1-0 {White wins by adjudication}
Score of PassedPawn vs Magic: 241 - 279 - 208  [0.474] 728
Started game 741 of 10000 (PassedPawn vs Magic)
Finished game 736 (Magic vs PassedPawn): 1/2-1/2 {Draw by 3-fold repetition}
Score of PassedPawn vs Magic: 241 - 279 - 209  [0.474] 729
Started game 742 of 10000 (Magic vs PassedPawn)
Finished game 726 (Magic vs PassedPawn): 1-0 {White wins by adjudication}
Score of PassedPawn vs Magic: 241 - 280 - 209  [0.473] 730
Started game 743 of 10000 (PassedPawn vs Magic)
Finished game 734 (Magic vs PassedPawn): 1-0 {White wins by adjudication}
Score of PassedPawn vs Magic: 241 - 281 - 209  [0.473] 731
Started game 744 of 10000 (Magic vs PassedPawn)
Finished game 730 (Magic vs PassedPawn): 1-0 {White wins by adjudication}
Score of PassedPawn vs Magic: 241 - 282 - 209  [0.472] 732
Started game 745 of 10000 (PassedPawn vs Magic)
Finished game 732 (Magic vs PassedPawn): 0-1 {Black wins by adjudication}
Score of PassedPawn vs Magic: 242 - 282 - 209  [0.473] 733
Started game 746 of 10000 (Magic vs PassedPawn)
Finished game 733 (PassedPawn vs Magic): 0-1 {Black wins by adjudication}
Score of PassedPawn vs Magic: 242 - 283 - 209  [0.472] 734
Started game 747 of 10000 (PassedPawn vs Magic)
Finished game 735 (PassedPawn vs Magic): 0-1 {Black wins by adjudication}
Score of PassedPawn vs Magic: 242 - 284 - 209  [0.471] 735
Started game 748 of 10000 (Magic vs PassedPawn)
Finished game 731 (PassedPawn vs Magic): 0-1 {Black mates}
Score of PassedPawn vs Magic: 242 - 285 - 209  [0.471] 736
Started game 749 of 10000 (PassedPawn vs Magic)
Finished game 738 (Magic vs PassedPawn): 0-1 {Black wins by adjudication}
Score of PassedPawn vs Magic: 243 - 285 - 209  [0.472] 737
Started game 750 of 10000 (Magic vs PassedPawn)
Finished game 739 (PassedPawn vs Magic): 1-0 {White wins by adjudication}
Score of PassedPawn vs Magic: 244 - 285 - 209  [0.472] 738
Started game 751 of 10000 (PassedPawn vs Magic)
Finished game 740 (Magic vs PassedPawn): 1-0 {White wins by adjudication}
Score of PassedPawn vs Magic: 244 - 286 - 209  [0.472] 739
Started game 752 of 10000 (Magic vs PassedPawn)
Finished game 741 (PassedPawn vs Magic): 1-0 {White wins by adjudication}
Score of PassedPawn vs Magic: 245 - 286 - 209  [0.472] 740
Started game 753 of 10000 (PassedPawn vs Magic)
Finished game 737 (PassedPawn vs Magic): 1/2-1/2 {Draw by insufficient mating material}
Score of PassedPawn vs Magic: 245 - 286 - 210  [0.472] 741
Started game 754 of 10000 (Magic vs PassedPawn)
Finished game 742 (Magic vs PassedPawn): 1/2-1/2 {Draw by 3-fold repetition}
Score of PassedPawn vs Magic: 245 - 286 - 211  [0.472] 742
Started game 755 of 10000 (PassedPawn vs Magic)
Finished game 750 (Magic vs PassedPawn): 1-0 {White wins by adjudication}
Score of PassedPawn vs Magic: 245 - 287 - 211  [0.472] 743
Started game 756 of 10000 (Magic vs PassedPawn)
Finished game 743 (PassedPawn vs Magic): 1/2-1/2 {Draw by insufficient mating material}
Score of PassedPawn vs Magic: 245 - 287 - 212  [0.472] 744
Started game 757 of 10000 (PassedPawn vs Magic)
Finished game 747 (PassedPawn vs Magic): 0-1 {Black wins by adjudication}
Score of PassedPawn vs Magic: 245 - 288 - 212  [0.471] 745
Started game 758 of 10000 (Magic vs PassedPawn)
Finished game 744 (Magic vs PassedPawn): 0-1 {Black mates}
Score of PassedPawn vs Magic: 246 - 288 - 212  [0.472] 746
Started game 759 of 10000 (PassedPawn vs Magic)
Finished game 748 (Magic vs PassedPawn): 1-0 {White wins by adjudication}
Score of PassedPawn vs Magic: 246 - 289 - 212  [0.471] 747
Started game 760 of 10000 (Magic vs PassedPawn)
Finished game 746 (Magic vs PassedPawn): 0-1 {Black wins by adjudication}
Score of PassedPawn vs Magic: 247 - 289 - 212  [0.472] 748
Started game 761 of 10000 (PassedPawn vs Magic)
Finished game 752 (Magic vs PassedPawn): 0-1 {Black wins by adjudication}
Score of PassedPawn vs Magic: 248 - 289 - 212  [0.473] 749
Started game 762 of 10000 (Magic vs PassedPawn)
Finished game 749 (PassedPawn vs Magic): 1-0 {White wins by adjudication}
Score of PassedPawn vs Magic: 249 - 289 - 212  [0.473] 750
Started game 763 of 10000 (PassedPawn vs Magic)
Finished game 754 (Magic vs PassedPawn): 1/2-1/2 {Draw by 3-fold repetition}
Score of PassedPawn vs Magic: 249 - 289 - 213  [0.473] 751
Started game 764 of 10000 (Magic vs PassedPawn)
Finished game 753 (PassedPawn vs Magic): 1/2-1/2 {Draw by 3-fold repetition}
Score of PassedPawn vs Magic: 249 - 289 - 214  [0.473] 752
Started game 765 of 10000 (PassedPawn vs Magic)
Finished game 745 (PassedPawn vs Magic): 1/2-1/2 {Draw by fifty moves rule}
Score of PassedPawn vs Magic: 249 - 289 - 215  [0.473] 753
Started game 766 of 10000 (Magic vs PassedPawn)
Finished game 756 (Magic vs PassedPawn): 0-1 {Black wins by adjudication}
Score of PassedPawn vs Magic: 250 - 289 - 215  [0.474] 754
Started game 767 of 10000 (PassedPawn vs Magic)
Finished game 755 (PassedPawn vs Magic): 0-1 {Black wins by adjudication}
Score of PassedPawn vs Magic: 250 - 290 - 215  [0.474] 755
Started game 768 of 10000 (Magic vs PassedPawn)
Finished game 758 (Magic vs PassedPawn): 1-0 {White wins by adjudication}
Score of PassedPawn vs Magic: 250 - 291 - 215  [0.473] 756
Started game 769 of 10000 (PassedPawn vs Magic)
Finished game 762 (Magic vs PassedPawn): 1-0 {White wins by adjudication}
Score of PassedPawn vs Magic: 250 - 292 - 215  [0.472] 757
Started game 770 of 10000 (Magic vs PassedPawn)
Finished game 757 (PassedPawn vs Magic): 1/2-1/2 {Draw by 3-fold repetition}
Score of PassedPawn vs Magic: 250 - 292 - 216  [0.472] 758
Started game 771 of 10000 (PassedPawn vs Magic)
Finished game 759 (PassedPawn vs Magic): 1-0 {White wins by adjudication}
Score of PassedPawn vs Magic: 251 - 292 - 216  [0.473] 759
Started game 772 of 10000 (Magic vs PassedPawn)
Finished game 760 (Magic vs PassedPawn): 1-0 {White wins by adjudication}
Score of PassedPawn vs Magic: 251 - 293 - 216  [0.472] 760
Started game 773 of 10000 (PassedPawn vs Magic)
Finished game 761 (PassedPawn vs Magic): 0-1 {Black wins by adjudication}
Score of PassedPawn vs Magic: 251 - 294 - 216  [0.472] 761
Started game 774 of 10000 (Magic vs PassedPawn)
Finished game 764 (Magic vs PassedPawn): 1-0 {White wins by adjudication}
Score of PassedPawn vs Magic: 251 - 295 - 216  [0.471] 762
Started game 775 of 10000 (PassedPawn vs Magic)
Finished game 763 (PassedPawn vs Magic): 1-0 {White wins by adjudication}
Score of PassedPawn vs Magic: 252 - 295 - 216  [0.472] 763
Started game 776 of 10000 (Magic vs PassedPawn)
Finished game 751 (PassedPawn vs Magic): 0-1 {Black wins by adjudication}
Score of PassedPawn vs Magic: 252 - 296 - 216  [0.471] 764
Started game 777 of 10000 (PassedPawn vs Magic)
Finished game 765 (PassedPawn vs Magic): 0-1 {Black wins by adjudication}
Score of PassedPawn vs Magic: 252 - 297 - 216  [0.471] 765
Started game 778 of 10000 (Magic vs PassedPawn)
Finished game 767 (PassedPawn vs Magic): 0-1 {Black wins by adjudication}
Score of PassedPawn vs Magic: 252 - 298 - 216  [0.470] 766
Started game 779 of 10000 (PassedPawn vs Magic)
Finished game 766 (Magic vs PassedPawn): 1-0 {White wins by adjudication}
Score of PassedPawn vs Magic: 252 - 299 - 216  [0.469] 767
Started game 780 of 10000 (Magic vs PassedPawn)
Finished game 770 (Magic vs PassedPawn): 1/2-1/2 {Draw by 3-fold repetition}
Score of PassedPawn vs Magic: 252 - 299 - 217  [0.469] 768
Started game 781 of 10000 (PassedPawn vs Magic)
Finished game 775 (PassedPawn vs Magic): 0-1 {Black wins by adjudication}
Score of PassedPawn vs Magic: 252 - 300 - 217  [0.469] 769
Started game 782 of 10000 (Magic vs PassedPawn)
Finished game 772 (Magic vs PassedPawn): 1-0 {White wins by adjudication}
Score of PassedPawn vs Magic: 252 - 301 - 217  [0.468] 770
Started game 783 of 10000 (PassedPawn vs Magic)
Finished game 769 (PassedPawn vs Magic): 0-1 {Black wins by adjudication}
Score of PassedPawn vs Magic: 252 - 302 - 217  [0.468] 771
Started game 784 of 10000 (Magic vs PassedPawn)
Finished game 771 (PassedPawn vs Magic): 1-0 {White wins by adjudication}
Score of PassedPawn vs Magic: 253 - 302 - 217  [0.468] 772
Started game 785 of 10000 (PassedPawn vs Magic)
Finished game 768 (Magic vs PassedPawn): 1/2-1/2 {Draw by insufficient mating material}
Score of PassedPawn vs Magic: 253 - 302 - 218  [0.468] 773
Started game 786 of 10000 (Magic vs PassedPawn)
Finished game 774 (Magic vs PassedPawn): 0-1 {Black wins by adjudication}
Score of PassedPawn vs Magic: 254 - 302 - 218  [0.469] 774
Started game 787 of 10000 (PassedPawn vs Magic)
Finished game 780 (Magic vs PassedPawn): 1-0 {White mates}
Score of PassedPawn vs Magic: 254 - 303 - 218  [0.468] 775
Started game 788 of 10000 (Magic vs PassedPawn)
Finished game 778 (Magic vs PassedPawn): 0-1 {Black wins by adjudication}
Score of PassedPawn vs Magic: 255 - 303 - 218  [0.469] 776
Started game 789 of 10000 (PassedPawn vs Magic)
Finished game 776 (Magic vs PassedPawn): 1-0 {White wins by adjudication}
Score of PassedPawn vs Magic: 255 - 304 - 218  [0.468] 777
Started game 790 of 10000 (Magic vs PassedPawn)
Finished game 773 (PassedPawn vs Magic): 0-1 {Black wins by adjudication}
Score of PassedPawn vs Magic: 255 - 305 - 218  [0.468] 778
Started game 791 of 10000 (PassedPawn vs Magic)
Finished game 787 (PassedPawn vs Magic): 1/2-1/2 {Draw by 3-fold repetition}
Score of PassedPawn vs Magic: 255 - 305 - 219  [0.468] 779
Started game 792 of 10000 (Magic vs PassedPawn)
Finished game 779 (PassedPawn vs Magic): 0-1 {Black wins by adjudication}
Score of PassedPawn vs Magic: 255 - 306 - 219  [0.467] 780
Started game 793 of 10000 (PassedPawn vs Magic)
Finished game 777 (PassedPawn vs Magic): 1-0 {White wins by adjudication}
Score of PassedPawn vs Magic: 256 - 306 - 219  [0.468] 781
Started game 794 of 10000 (Magic vs PassedPawn)
Finished game 781 (PassedPawn vs Magic): 1-0 {White wins by adjudication}
Score of PassedPawn vs Magic: 257 - 306 - 219  [0.469] 782
Started game 795 of 10000 (PassedPawn vs Magic)
Finished game 783 (PassedPawn vs Magic): 1/2-1/2 {Draw by insufficient mating material}
Score of PassedPawn vs Magic: 257 - 306 - 220  [0.469] 783
Started game 796 of 10000 (Magic vs PassedPawn)
Finished game 782 (Magic vs PassedPawn): 1-0 {White wins by adjudication}
Score of PassedPawn vs Magic: 257 - 307 - 220  [0.468] 784
Started game 797 of 10000 (PassedPawn vs Magic)
Finished game 785 (PassedPawn vs Magic): 0-1 {Black wins by adjudication}
Score of PassedPawn vs Magic: 257 - 308 - 220  [0.468] 785
Started game 798 of 10000 (Magic vs PassedPawn)
Finished game 786 (Magic vs PassedPawn): 1-0 {White wins by adjudication}
Score of PassedPawn vs Magic: 257 - 309 - 220  [0.467] 786
Started game 799 of 10000 (PassedPawn vs Magic)
Finished game 789 (PassedPawn vs Magic): 1-0 {White wins by adjudication}
Score of PassedPawn vs Magic: 258 - 309 - 220  [0.468] 787
Started game 800 of 10000 (Magic vs PassedPawn)
Finished game 788 (Magic vs PassedPawn): 1/2-1/2 {Draw by 3-fold repetition}
Score of PassedPawn vs Magic: 258 - 309 - 221  [0.468] 788
Started game 801 of 10000 (PassedPawn vs Magic)
Finished game 792 (Magic vs PassedPawn): 0-1 {Black wins by adjudication}
Score of PassedPawn vs Magic: 259 - 309 - 221  [0.468] 789
Started game 802 of 10000 (Magic vs PassedPawn)
Finished game 790 (Magic vs PassedPawn): 0-1 {Black wins by adjudication}
Score of PassedPawn vs Magic: 260 - 309 - 221  [0.469] 790
Started game 803 of 10000 (PassedPawn vs Magic)
Finished game 791 (PassedPawn vs Magic): 1/2-1/2 {Draw by 3-fold repetition}
Score of PassedPawn vs Magic: 260 - 309 - 222  [0.469] 791
Started game 804 of 10000 (Magic vs PassedPawn)
Finished game 793 (PassedPawn vs Magic): 0-1 {Black wins by adjudication}
Score of PassedPawn vs Magic: 260 - 310 - 222  [0.468] 792
Started game 805 of 10000 (PassedPawn vs Magic)
Finished game 784 (Magic vs PassedPawn): 1-0 {White wins by adjudication}
Score of PassedPawn vs Magic: 260 - 311 - 222  [0.468] 793
Started game 806 of 10000 (Magic vs PassedPawn)
Finished game 795 (PassedPawn vs Magic): 0-1 {Black wins by adjudication}
Score of PassedPawn vs Magic: 260 - 312 - 222  [0.467] 794
Started game 807 of 10000 (PassedPawn vs Magic)
Finished game 794 (Magic vs PassedPawn): 1-0 {White mates}
Score of PassedPawn vs Magic: 260 - 313 - 222  [0.467] 795
Started game 808 of 10000 (Magic vs PassedPawn)
Finished game 802 (Magic vs PassedPawn): 1-0 {White wins by adjudication}
Score of PassedPawn vs Magic: 260 - 314 - 222  [0.466] 796
Started game 809 of 10000 (PassedPawn vs Magic)
Finished game 798 (Magic vs PassedPawn): 1-0 {White wins by adjudication}
Score of PassedPawn vs Magic: 260 - 315 - 222  [0.465] 797
Started game 810 of 10000 (Magic vs PassedPawn)
Finished game 797 (PassedPawn vs Magic): 1/2-1/2 {Draw by insufficient mating material}
Score of PassedPawn vs Magic: 260 - 315 - 223  [0.466] 798
Started game 811 of 10000 (PassedPawn vs Magic)
Finished game 801 (PassedPawn vs Magic): 1-0 {White wins by adjudication}
Score of PassedPawn vs Magic: 261 - 315 - 223  [0.466] 799
Started game 812 of 10000 (Magic vs PassedPawn)
Finished game 803 (PassedPawn vs Magic): 1/2-1/2 {Draw by 3-fold repetition}
Score of PassedPawn vs Magic: 261 - 315 - 224  [0.466] 800
Started game 813 of 10000 (PassedPawn vs Magic)
Finished game 808 (Magic vs PassedPawn): 0-1 {Black wins by adjudication}
Score of PassedPawn vs Magic: 262 - 315 - 224  [0.467] 801
Started game 814 of 10000 (Magic vs PassedPawn)
Finished game 800 (Magic vs PassedPawn): 0-1 {Black wins by adjudication}
Score of PassedPawn vs Magic: 263 - 315 - 224  [0.468] 802
Started game 815 of 10000 (PassedPawn vs Magic)
Finished game 804 (Magic vs PassedPawn): 0-1 {Black wins by adjudication}
Score of PassedPawn vs Magic: 264 - 315 - 224  [0.468] 803
Started game 816 of 10000 (Magic vs PassedPawn)
Finished game 796 (Magic vs PassedPawn): 1-0 {White mates}
Score of PassedPawn vs Magic: 264 - 316 - 224  [0.468] 804
Started game 817 of 10000 (PassedPawn vs Magic)
Finished game 811 (PassedPawn vs Magic): 1-0 {White wins by adjudication}
Score of PassedPawn vs Magic: 265 - 316 - 224  [0.468] 805
Started game 818 of 10000 (Magic vs PassedPawn)
Finished game 806 (Magic vs PassedPawn): 1-0 {White wins by adjudication}
Score of PassedPawn vs Magic: 265 - 317 - 224  [0.468] 806
Started game 819 of 10000 (PassedPawn vs Magic)
Finished game 807 (PassedPawn vs Magic): 1/2-1/2 {Draw by 3-fold repetition}
Score of PassedPawn vs Magic: 265 - 317 - 225  [0.468] 807
Started game 820 of 10000 (Magic vs PassedPawn)
Finished game 812 (Magic vs PassedPawn): 0-1 {Black wins by adjudication}
Score of PassedPawn vs Magic: 266 - 317 - 225  [0.468] 808
Started game 821 of 10000 (PassedPawn vs Magic)
Finished game 805 (PassedPawn vs Magic): 1-0 {White wins by adjudication}
Score of PassedPawn vs Magic: 267 - 317 - 225  [0.469] 809
Started game 822 of 10000 (Magic vs PassedPawn)
Finished game 810 (Magic vs PassedPawn): 0-1 {Black wins by adjudication}
Score of PassedPawn vs Magic: 268 - 317 - 225  [0.470] 810
Started game 823 of 10000 (PassedPawn vs Magic)
Finished game 809 (PassedPawn vs Magic): 1-0 {White mates}
Score of PassedPawn vs Magic: 269 - 317 - 225  [0.470] 811
Started game 824 of 10000 (Magic vs PassedPawn)
Finished game 813 (PassedPawn vs Magic): 0-1 {Black wins by adjudication}
Score of PassedPawn vs Magic: 269 - 318 - 225  [0.470] 812
Started game 825 of 10000 (PassedPawn vs Magic)
Finished game 799 (PassedPawn vs Magic): 1/2-1/2 {Draw by insufficient mating material}
Score of PassedPawn vs Magic: 269 - 318 - 226  [0.470] 813
Started game 826 of 10000 (Magic vs PassedPawn)
Finished game 817 (PassedPawn vs Magic): 1-0 {White wins by adjudication}
Score of PassedPawn vs Magic: 270 - 318 - 226  [0.471] 814
Started game 827 of 10000 (PassedPawn vs Magic)
Finished game 819 (PassedPawn vs Magic): 0-1 {Black wins by adjudication}
Score of PassedPawn vs Magic: 270 - 319 - 226  [0.470] 815
Started game 828 of 10000 (Magic vs PassedPawn)
Finished game 818 (Magic vs PassedPawn): 0-1 {Black wins by adjudication}
Score of PassedPawn vs Magic: 271 - 319 - 226  [0.471] 816
Started game 829 of 10000 (PassedPawn vs Magic)
Finished game 816 (Magic vs PassedPawn): 1-0 {White wins by adjudication}
Score of PassedPawn vs Magic: 271 - 320 - 226  [0.470] 817
Started game 830 of 10000 (Magic vs PassedPawn)
Finished game 815 (PassedPawn vs Magic): 1-0 {White wins by adjudication}
Score of PassedPawn vs Magic: 272 - 320 - 226  [0.471] 818
Started game 831 of 10000 (PassedPawn vs Magic)
Finished game 821 (PassedPawn vs Magic): 1-0 {White wins by adjudication}
Score of PassedPawn vs Magic: 273 - 320 - 226  [0.471] 819
Started game 832 of 10000 (Magic vs PassedPawn)
Finished game 824 (Magic vs PassedPawn): 1-0 {White wins by adjudication}
Score of PassedPawn vs Magic: 273 - 321 - 226  [0.471] 820
Started game 833 of 10000 (PassedPawn vs Magic)
Finished game 814 (Magic vs PassedPawn): 1/2-1/2 {Draw by adjudication}
Score of PassedPawn vs Magic: 273 - 321 - 227  [0.471] 821
Started game 834 of 10000 (Magic vs PassedPawn)
Finished game 820 (Magic vs PassedPawn): 1-0 {White wins by adjudication}
Score of PassedPawn vs Magic: 273 - 322 - 227  [0.470] 822
Started game 835 of 10000 (PassedPawn vs Magic)
Finished game 822 (Magic vs PassedPawn): 1/2-1/2 {Draw by 3-fold repetition}
Score of PassedPawn vs Magic: 273 - 322 - 228  [0.470] 823
Started game 836 of 10000 (Magic vs PassedPawn)
Finished game 829 (PassedPawn vs Magic): 1/2-1/2 {Draw by adjudication}
Score of PassedPawn vs Magic: 273 - 322 - 229  [0.470] 824
Started game 837 of 10000 (PassedPawn vs Magic)
Finished game 826 (Magic vs PassedPawn): 1-0 {White wins by adjudication}
Score of PassedPawn vs Magic: 273 - 323 - 229  [0.470] 825
Started game 838 of 10000 (Magic vs PassedPawn)
Finished game 825 (PassedPawn vs Magic): 0-1 {Black wins by adjudication}
Score of PassedPawn vs Magic: 273 - 324 - 229  [0.469] 826
Started game 839 of 10000 (PassedPawn vs Magic)
Finished game 827 (PassedPawn vs Magic): 1/2-1/2 {Draw by 3-fold repetition}
Score of PassedPawn vs Magic: 273 - 324 - 230  [0.469] 827
Started game 840 of 10000 (Magic vs PassedPawn)
Finished game 833 (PassedPawn vs Magic): 1-0 {White wins by adjudication}
Score of PassedPawn vs Magic: 274 - 324 - 230  [0.470] 828
Started game 841 of 10000 (PassedPawn vs Magic)
Finished game 841 (PassedPawn vs Magic): 1-0 {White mates}
Score of PassedPawn vs Magic: 275 - 324 - 230  [0.470] 829
Started game 842 of 10000 (Magic vs PassedPawn)
Finished game 828 (Magic vs PassedPawn): 1-0 {White wins by adjudication}
Score of PassedPawn vs Magic: 275 - 325 - 230  [0.470] 830
Started game 843 of 10000 (PassedPawn vs Magic)
Finished game 842 (Magic vs PassedPawn): 1-0 {White mates}
Score of PassedPawn vs Magic: 275 - 326 - 230  [0.469] 831
Started game 844 of 10000 (Magic vs PassedPawn)
Finished game 823 (PassedPawn vs Magic): 1-0 {White wins by adjudication}
Score of PassedPawn vs Magic: 276 - 326 - 230  [0.470] 832
Started game 845 of 10000 (PassedPawn vs Magic)
Finished game 834 (Magic vs PassedPawn): 1-0 {White wins by adjudication}
Score of PassedPawn vs Magic: 276 - 327 - 230  [0.469] 833
Started game 846 of 10000 (Magic vs PassedPawn)
Finished game 830 (Magic vs PassedPawn): 1/2-1/2 {Draw by 3-fold repetition}
Score of PassedPawn vs Magic: 276 - 327 - 231  [0.469] 834
Started game 847 of 10000 (PassedPawn vs Magic)
Finished game 832 (Magic vs PassedPawn): 1-0 {White wins by adjudication}
Score of PassedPawn vs Magic: 276 - 328 - 231  [0.469] 835
Started game 848 of 10000 (Magic vs PassedPawn)
Finished game 831 (PassedPawn vs Magic): 0-1 {Black wins by adjudication}
Score of PassedPawn vs Magic: 276 - 329 - 231  [0.468] 836
Started game 849 of 10000 (PassedPawn vs Magic)
Finished game 836 (Magic vs PassedPawn): 0-1 {Black wins by adjudication}
Score of PassedPawn vs Magic: 277 - 329 - 231  [0.469] 837
Started game 850 of 10000 (Magic vs PassedPawn)
Finished game 838 (Magic vs PassedPawn): 1/2-1/2 {Draw by 3-fold repetition}
Score of PassedPawn vs Magic: 277 - 329 - 232  [0.469] 838
Started game 851 of 10000 (PassedPawn vs Magic)
Finished game 835 (PassedPawn vs Magic): 1/2-1/2 {Draw by insufficient mating material}
Score of PassedPawn vs Magic: 277 - 329 - 233  [0.469] 839
Started game 852 of 10000 (Magic vs PassedPawn)
Finished game 844 (Magic vs PassedPawn): 1-0 {White wins by adjudication}
Score of PassedPawn vs Magic: 277 - 330 - 233  [0.468] 840
Started game 853 of 10000 (PassedPawn vs Magic)
Finished game 837 (PassedPawn vs Magic): 1-0 {White wins by adjudication}
Score of PassedPawn vs Magic: 278 - 330 - 233  [0.469] 841
Started game 854 of 10000 (Magic vs PassedPawn)
Finished game 850 (Magic vs PassedPawn): 1/2-1/2 {Draw by 3-fold repetition}
Score of PassedPawn vs Magic: 278 - 330 - 234  [0.469] 842
Started game 855 of 10000 (PassedPawn vs Magic)
Finished game 839 (PassedPawn vs Magic): 0-1 {Black wins by adjudication}
Score of PassedPawn vs Magic: 278 - 331 - 234  [0.469] 843
Started game 856 of 10000 (Magic vs PassedPawn)
Finished game 845 (PassedPawn vs Magic): 1/2-1/2 {Draw by 3-fold repetition}
Score of PassedPawn vs Magic: 278 - 331 - 235  [0.469] 844
Started game 857 of 10000 (PassedPawn vs Magic)
Finished game 848 (Magic vs PassedPawn): 1-0 {White wins by adjudication}
Score of PassedPawn vs Magic: 278 - 332 - 235  [0.468] 845
Started game 858 of 10000 (Magic vs PassedPawn)
Finished game 840 (Magic vs PassedPawn): 1-0 {White wins by adjudication}
Score of PassedPawn vs Magic: 278 - 333 - 235  [0.467] 846
Started game 859 of 10000 (PassedPawn vs Magic)
Finished game 843 (PassedPawn vs Magic): 1/2-1/2 {Draw by insufficient mating material}
Score of PassedPawn vs Magic: 278 - 333 - 236  [0.468] 847
Started game 860 of 10000 (Magic vs PassedPawn)
Finished game 849 (PassedPawn vs Magic): 1/2-1/2 {Draw by insufficient mating material}
Score of PassedPawn vs Magic: 278 - 333 - 237  [0.468] 848
Started game 861 of 10000 (PassedPawn vs Magic)
Finished game 846 (Magic vs PassedPawn): 1-0 {White wins by adjudication}
Score of PassedPawn vs Magic: 278 - 334 - 237  [0.467] 849
Started game 862 of 10000 (Magic vs PassedPawn)
Finished game 851 (PassedPawn vs Magic): 1/2-1/2 {Draw by 3-fold repetition}
Score of PassedPawn vs Magic: 278 - 334 - 238  [0.467] 850
Started game 863 of 10000 (PassedPawn vs Magic)
Finished game 852 (Magic vs PassedPawn): 1-0 {White wins by adjudication}
Score of PassedPawn vs Magic: 278 - 335 - 238  [0.467] 851
Started game 864 of 10000 (Magic vs PassedPawn)
Finished game 853 (PassedPawn vs Magic): 1-0 {White wins by adjudication}
Score of PassedPawn vs Magic: 279 - 335 - 238  [0.467] 852
Started game 865 of 10000 (PassedPawn vs Magic)
Finished game 858 (Magic vs PassedPawn): 0-1 {Black wins by adjudication}
Score of PassedPawn vs Magic: 280 - 335 - 238  [0.468] 853
Started game 866 of 10000 (Magic vs PassedPawn)
Finished game 847 (PassedPawn vs Magic): 1/2-1/2 {Draw by fifty moves rule}
Score of PassedPawn vs Magic: 280 - 335 - 239  [0.468] 854
Started game 867 of 10000 (PassedPawn vs Magic)
Finished game 856 (Magic vs PassedPawn): 0-1 {Black wins by adjudication}
Score of PassedPawn vs Magic: 281 - 335 - 239  [0.468] 855
Started game 868 of 10000 (Magic vs PassedPawn)
Finished game 857 (PassedPawn vs Magic): 0-1 {Black wins by adjudication}
Score of PassedPawn vs Magic: 281 - 336 - 239  [0.468] 856
Started game 869 of 10000 (PassedPawn vs Magic)
Finished game 855 (PassedPawn vs Magic): 0-1 {Black wins by adjudication}
Score of PassedPawn vs Magic: 281 - 337 - 239  [0.467] 857
Started game 870 of 10000 (Magic vs PassedPawn)
Finished game 854 (Magic vs PassedPawn): 1/2-1/2 {Draw by 3-fold repetition}
Score of PassedPawn vs Magic: 281 - 337 - 240  [0.467] 858
Started game 871 of 10000 (PassedPawn vs Magic)
Finished game 859 (PassedPawn vs Magic): 1-0 {White wins by adjudication}
Score of PassedPawn vs Magic: 282 - 337 - 240  [0.468] 859
Started game 872 of 10000 (Magic vs PassedPawn)
Finished game 860 (Magic vs PassedPawn): 1-0 {White wins by adjudication}
Score of PassedPawn vs Magic: 282 - 338 - 240  [0.467] 860
Started game 873 of 10000 (PassedPawn vs Magic)
Finished game 861 (PassedPawn vs Magic): 1-0 {White wins by adjudication}
Score of PassedPawn vs Magic: 283 - 338 - 240  [0.468] 861
Started game 874 of 10000 (Magic vs PassedPawn)
Finished game 863 (PassedPawn vs Magic): 0-1 {Black wins by adjudication}
Score of PassedPawn vs Magic: 283 - 339 - 240  [0.468] 862
Started game 875 of 10000 (PassedPawn vs Magic)
Finished game 862 (Magic vs PassedPawn): 1-0 {White wins by adjudication}
Score of PassedPawn vs Magic: 283 - 340 - 240  [0.467] 863
Started game 876 of 10000 (Magic vs PassedPawn)
Finished game 864 (Magic vs PassedPawn): 1-0 {White wins by adjudication}
Score of PassedPawn vs Magic: 283 - 341 - 240  [0.466] 864
Started game 877 of 10000 (PassedPawn vs Magic)
Finished game 865 (PassedPawn vs Magic): 0-1 {Black wins by adjudication}
Score of PassedPawn vs Magic: 283 - 342 - 240  [0.466] 865
Started game 878 of 10000 (Magic vs PassedPawn)
Finished game 868 (Magic vs PassedPawn): 1-0 {White wins by adjudication}
Score of PassedPawn vs Magic: 283 - 343 - 240  [0.465] 866
Started game 879 of 10000 (PassedPawn vs Magic)
Finished game 872 (Magic vs PassedPawn): 0-1 {Black wins by adjudication}
Score of PassedPawn vs Magic: 284 - 343 - 240  [0.466] 867
Started game 880 of 10000 (Magic vs PassedPawn)
Finished game 867 (PassedPawn vs Magic): 1-0 {White wins by adjudication}
Score of PassedPawn vs Magic: 285 - 343 - 240  [0.467] 868
Started game 881 of 10000 (PassedPawn vs Magic)
Finished game 866 (Magic vs PassedPawn): 1/2-1/2 {Draw by insufficient mating material}
Score of PassedPawn vs Magic: 285 - 343 - 241  [0.467] 869
Started game 882 of 10000 (Magic vs PassedPawn)
Finished game 875 (PassedPawn vs Magic): 1-0 {White wins by adjudication}
Score of PassedPawn vs Magic: 286 - 343 - 241  [0.467] 870
Started game 883 of 10000 (PassedPawn vs Magic)
Finished game 876 (Magic vs PassedPawn): 1/2-1/2 {Draw by 3-fold repetition}
Score of PassedPawn vs Magic: 286 - 343 - 242  [0.467] 871
Started game 884 of 10000 (Magic vs PassedPawn)
Finished game 869 (PassedPawn vs Magic): 0-1 {Black wins by adjudication}
Score of PassedPawn vs Magic: 286 - 344 - 242  [0.467] 872
Started game 885 of 10000 (PassedPawn vs Magic)
Finished game 870 (Magic vs PassedPawn): 0-1 {Black wins by adjudication}
Score of PassedPawn vs Magic: 287 - 344 - 242  [0.467] 873
Started game 886 of 10000 (Magic vs PassedPawn)
Finished game 871 (PassedPawn vs Magic): 1-0 {White wins by adjudication}
Score of PassedPawn vs Magic: 288 - 344 - 242  [0.468] 874
Started game 887 of 10000 (PassedPawn vs Magic)
Finished game 874 (Magic vs PassedPawn): 1-0 {White wins by adjudication}
Score of PassedPawn vs Magic: 288 - 345 - 242  [0.467] 875
Started game 888 of 10000 (Magic vs PassedPawn)
Finished game 873 (PassedPawn vs Magic): 0-1 {Black wins by adjudication}
Score of PassedPawn vs Magic: 288 - 346 - 242  [0.467] 876
Started game 889 of 10000 (PassedPawn vs Magic)
Finished game 879 (PassedPawn vs Magic): 0-1 {Black wins by adjudication}
Score of PassedPawn vs Magic: 288 - 347 - 242  [0.466] 877
Started game 890 of 10000 (Magic vs PassedPawn)
Finished game 882 (Magic vs PassedPawn): 1-0 {White wins by adjudication}
Score of PassedPawn vs Magic: 288 - 348 - 242  [0.466] 878
Started game 891 of 10000 (PassedPawn vs Magic)
Finished game 878 (Magic vs PassedPawn): 1-0 {White wins by adjudication}
Score of PassedPawn vs Magic: 288 - 349 - 242  [0.465] 879
Started game 892 of 10000 (Magic vs PassedPawn)
Finished game 877 (PassedPawn vs Magic): 1-0 {White wins by adjudication}
Score of PassedPawn vs Magic: 289 - 349 - 242  [0.466] 880
Started game 893 of 10000 (PassedPawn vs Magic)
Finished game 885 (PassedPawn vs Magic): 0-1 {Black wins by adjudication}
Score of PassedPawn vs Magic: 289 - 350 - 242  [0.465] 881
Started game 894 of 10000 (Magic vs PassedPawn)
Finished game 886 (Magic vs PassedPawn): 1/2-1/2 {Draw by 3-fold repetition}
Score of PassedPawn vs Magic: 289 - 350 - 243  [0.465] 882
Started game 895 of 10000 (PassedPawn vs Magic)
Finished game 883 (PassedPawn vs Magic): 1-0 {White wins by adjudication}
Score of PassedPawn vs Magic: 290 - 350 - 243  [0.466] 883
Started game 896 of 10000 (Magic vs PassedPawn)
Finished game 881 (PassedPawn vs Magic): 1/2-1/2 {Draw by insufficient mating material}
Score of PassedPawn vs Magic: 290 - 350 - 244  [0.466] 884
Started game 897 of 10000 (PassedPawn vs Magic)
Finished game 880 (Magic vs PassedPawn): 0-1 {Black wins by adjudication}
Score of PassedPawn vs Magic: 291 - 350 - 244  [0.467] 885
Started game 898 of 10000 (Magic vs PassedPawn)
Finished game 884 (Magic vs PassedPawn): 1-0 {White wins by adjudication}
Score of PassedPawn vs Magic: 291 - 351 - 244  [0.466] 886
Started game 899 of 10000 (PassedPawn vs Magic)
Finished game 889 (PassedPawn vs Magic): 1-0 {White wins by adjudication}
Score of PassedPawn vs Magic: 292 - 351 - 244  [0.467] 887
Started game 900 of 10000 (Magic vs PassedPawn)
Finished game 887 (PassedPawn vs Magic): 1-0 {White wins by adjudication}
Score of PassedPawn vs Magic: 293 - 351 - 244  [0.467] 888
Started game 901 of 10000 (PassedPawn vs Magic)
Finished game 888 (Magic vs PassedPawn): 0-1 {Black wins by adjudication}
Score of PassedPawn vs Magic: 294 - 351 - 244  [0.468] 889
Started game 902 of 10000 (Magic vs PassedPawn)
Finished game 890 (Magic vs PassedPawn): 1-0 {White wins by adjudication}
Score of PassedPawn vs Magic: 294 - 352 - 244  [0.467] 890
Started game 903 of 10000 (PassedPawn vs Magic)
Finished game 892 (Magic vs PassedPawn): 0-1 {Black wins by adjudication}
Score of PassedPawn vs Magic: 295 - 352 - 244  [0.468] 891
Started game 904 of 10000 (Magic vs PassedPawn)
Finished game 891 (PassedPawn vs Magic): 1-0 {White wins by adjudication}
Score of PassedPawn vs Magic: 296 - 352 - 244  [0.469] 892
Started game 905 of 10000 (PassedPawn vs Magic)
Finished game 898 (Magic vs PassedPawn): 1/2-1/2 {Draw by 3-fold repetition}
Score of PassedPawn vs Magic: 296 - 352 - 245  [0.469] 893
Started game 906 of 10000 (Magic vs PassedPawn)
Finished game 894 (Magic vs PassedPawn): 0-1 {Black wins by adjudication}
Score of PassedPawn vs Magic: 297 - 352 - 245  [0.469] 894
Started game 907 of 10000 (PassedPawn vs Magic)
Finished game 895 (PassedPawn vs Magic): 0-1 {Black wins by adjudication}
Score of PassedPawn vs Magic: 297 - 353 - 245  [0.469] 895
Started game 908 of 10000 (Magic vs PassedPawn)
Finished game 896 (Magic vs PassedPawn): 1-0 {White wins by adjudication}
Score of PassedPawn vs Magic: 297 - 354 - 245  [0.468] 896
Started game 909 of 10000 (PassedPawn vs Magic)
Finished game 897 (PassedPawn vs Magic): 1-0 {White wins by adjudication}
Score of PassedPawn vs Magic: 298 - 354 - 245  [0.469] 897
Started game 910 of 10000 (Magic vs PassedPawn)
Finished game 899 (PassedPawn vs Magic): 0-1 {Black wins by adjudication}
Score of PassedPawn vs Magic: 298 - 355 - 245  [0.468] 898
Started game 911 of 10000 (PassedPawn vs Magic)
Finished game 901 (PassedPawn vs Magic): 1-0 {White wins by adjudication}
Score of PassedPawn vs Magic: 299 - 355 - 245  [0.469] 899
Started game 912 of 10000 (Magic vs PassedPawn)
Finished game 900 (Magic vs PassedPawn): 1-0 {White wins by adjudication}
Score of PassedPawn vs Magic: 299 - 356 - 245  [0.468] 900
Started game 913 of 10000 (PassedPawn vs Magic)
Finished game 893 (PassedPawn vs Magic): 1/2-1/2 {Draw by fifty moves rule}
Score of PassedPawn vs Magic: 299 - 356 - 246  [0.468] 901
Started game 914 of 10000 (Magic vs PassedPawn)
Finished game 902 (Magic vs PassedPawn): 0-1 {Black wins by adjudication}
Score of PassedPawn vs Magic: 300 - 356 - 246  [0.469] 902
Started game 915 of 10000 (PassedPawn vs Magic)
Finished game 906 (Magic vs PassedPawn): 0-1 {Black wins by adjudication}
Score of PassedPawn vs Magic: 301 - 356 - 246  [0.470] 903
Started game 916 of 10000 (Magic vs PassedPawn)
Finished game 904 (Magic vs PassedPawn): 0-1 {Black wins by adjudication}
Score of PassedPawn vs Magic: 302 - 356 - 246  [0.470] 904
Started game 917 of 10000 (PassedPawn vs Magic)
Finished game 903 (PassedPawn vs Magic): 1/2-1/2 {Draw by adjudication}
Score of PassedPawn vs Magic: 302 - 356 - 247  [0.470] 905
Started game 918 of 10000 (Magic vs PassedPawn)
Finished game 908 (Magic vs PassedPawn): 0-1 {Black wins by adjudication}
Score of PassedPawn vs Magic: 303 - 356 - 247  [0.471] 906
Started game 919 of 10000 (PassedPawn vs Magic)
Finished game 911 (PassedPawn vs Magic): 0-1 {Black wins by adjudication}
Score of PassedPawn vs Magic: 303 - 357 - 247  [0.470] 907
Started game 920 of 10000 (Magic vs PassedPawn)
Finished game 913 (PassedPawn vs Magic): 0-1 {Black wins by adjudication}
Score of PassedPawn vs Magic: 303 - 358 - 247  [0.470] 908
Started game 921 of 10000 (PassedPawn vs Magic)
Finished game 905 (PassedPawn vs Magic): 1/2-1/2 {Draw by fifty moves rule}
Score of PassedPawn vs Magic: 303 - 358 - 248  [0.470] 909
Started game 922 of 10000 (Magic vs PassedPawn)
Finished game 909 (PassedPawn vs Magic): 1-0 {White wins by adjudication}
Score of PassedPawn vs Magic: 304 - 358 - 248  [0.470] 910
Started game 923 of 10000 (PassedPawn vs Magic)
Finished game 912 (Magic vs PassedPawn): 1-0 {White wins by adjudication}
Score of PassedPawn vs Magic: 304 - 359 - 248  [0.470] 911
Started game 924 of 10000 (Magic vs PassedPawn)
Finished game 914 (Magic vs PassedPawn): 1/2-1/2 {Draw by adjudication}
Score of PassedPawn vs Magic: 304 - 359 - 249  [0.470] 912
Started game 925 of 10000 (PassedPawn vs Magic)
Finished game 910 (Magic vs PassedPawn): 0-1 {Black wins by adjudication}
Score of PassedPawn vs Magic: 305 - 359 - 249  [0.470] 913
Started game 926 of 10000 (Magic vs PassedPawn)
Finished game 907 (PassedPawn vs Magic): 1/2-1/2 {Draw by adjudication}
Score of PassedPawn vs Magic: 305 - 359 - 250  [0.470] 914
Started game 927 of 10000 (PassedPawn vs Magic)
Finished game 916 (Magic vs PassedPawn): 0-1 {Black wins by adjudication}
Score of PassedPawn vs Magic: 306 - 359 - 250  [0.471] 915
Started game 928 of 10000 (Magic vs PassedPawn)
Finished game 915 (PassedPawn vs Magic): 0-1 {Black wins by adjudication}
Score of PassedPawn vs Magic: 306 - 360 - 250  [0.471] 916
Started game 929 of 10000 (PassedPawn vs Magic)
Finished game 917 (PassedPawn vs Magic): 1-0 {White wins by adjudication}
Score of PassedPawn vs Magic: 307 - 360 - 250  [0.471] 917
Started game 930 of 10000 (Magic vs PassedPawn)
Finished game 918 (Magic vs PassedPawn): 1-0 {White wins by adjudication}
Score of PassedPawn vs Magic: 307 - 361 - 250  [0.471] 918
Started game 931 of 10000 (PassedPawn vs Magic)
Finished game 920 (Magic vs PassedPawn): 1-0 {White wins by adjudication}
Score of PassedPawn vs Magic: 307 - 362 - 250  [0.470] 919
Started game 932 of 10000 (Magic vs PassedPawn)
Finished game 919 (PassedPawn vs Magic): 1-0 {White wins by adjudication}
Score of PassedPawn vs Magic: 308 - 362 - 250  [0.471] 920
Started game 933 of 10000 (PassedPawn vs Magic)
Finished game 921 (PassedPawn vs Magic): 1-0 {White wins by adjudication}
Score of PassedPawn vs Magic: 309 - 362 - 250  [0.471] 921
Started game 934 of 10000 (Magic vs PassedPawn)
Finished game 923 (PassedPawn vs Magic): 0-1 {Black wins by adjudication}
Score of PassedPawn vs Magic: 309 - 363 - 250  [0.471] 922
Started game 935 of 10000 (PassedPawn vs Magic)
Finished game 924 (Magic vs PassedPawn): 0-1 {Black wins by adjudication}
Score of PassedPawn vs Magic: 310 - 363 - 250  [0.471] 923
Started game 936 of 10000 (Magic vs PassedPawn)
Finished game 927 (PassedPawn vs Magic): 0-1 {Black wins by adjudication}
Score of PassedPawn vs Magic: 310 - 364 - 250  [0.471] 924
Started game 937 of 10000 (PassedPawn vs Magic)
Finished game 928 (Magic vs PassedPawn): 0-1 {Black wins by adjudication}
Score of PassedPawn vs Magic: 311 - 364 - 250  [0.471] 925
Started game 938 of 10000 (Magic vs PassedPawn)
Finished game 926 (Magic vs PassedPawn): 1-0 {White wins by adjudication}
Score of PassedPawn vs Magic: 311 - 365 - 250  [0.471] 926
Started game 939 of 10000 (PassedPawn vs Magic)
Finished game 925 (PassedPawn vs Magic): 1-0 {White wins by adjudication}
Score of PassedPawn vs Magic: 312 - 365 - 250  [0.471] 927
Started game 940 of 10000 (Magic vs PassedPawn)
Finished game 930 (Magic vs PassedPawn): 0-1 {Black wins by adjudication}
Score of PassedPawn vs Magic: 313 - 365 - 250  [0.472] 928
Started game 941 of 10000 (PassedPawn vs Magic)
Finished game 932 (Magic vs PassedPawn): 1-0 {White wins by adjudication}
Score of PassedPawn vs Magic: 313 - 366 - 250  [0.471] 929
Started game 942 of 10000 (Magic vs PassedPawn)
Finished game 929 (PassedPawn vs Magic): 1/2-1/2 {Draw by 3-fold repetition}
Score of PassedPawn vs Magic: 313 - 366 - 251  [0.472] 930
Started game 943 of 10000 (PassedPawn vs Magic)
Finished game 941 (PassedPawn vs Magic): 1/2-1/2 {Draw by 3-fold repetition}
Score of PassedPawn vs Magic: 313 - 366 - 252  [0.472] 931
Started game 944 of 10000 (Magic vs PassedPawn)
Finished game 931 (PassedPawn vs Magic): 1-0 {White wins by adjudication}
Score of PassedPawn vs Magic: 314 - 366 - 252  [0.472] 932
Started game 945 of 10000 (PassedPawn vs Magic)
Finished game 933 (PassedPawn vs Magic): 1-0 {White wins by adjudication}
Score of PassedPawn vs Magic: 315 - 366 - 252  [0.473] 933
Started game 946 of 10000 (Magic vs PassedPawn)
Finished game 937 (PassedPawn vs Magic): 1/2-1/2 {Draw by insufficient mating material}
Score of PassedPawn vs Magic: 315 - 366 - 253  [0.473] 934
Started game 947 of 10000 (PassedPawn vs Magic)
Finished game 939 (PassedPawn vs Magic): 0-1 {Black wins by adjudication}
Score of PassedPawn vs Magic: 315 - 367 - 253  [0.472] 935
Started game 948 of 10000 (Magic vs PassedPawn)
Finished game 935 (PassedPawn vs Magic): 1-0 {White wins by adjudication}
Score of PassedPawn vs Magic: 316 - 367 - 253  [0.473] 936
Started game 949 of 10000 (PassedPawn vs Magic)
Finished game 922 (Magic vs PassedPawn): 1/2-1/2 {Draw by 3-fold repetition}
Score of PassedPawn vs Magic: 316 - 367 - 254  [0.473] 937
Started game 950 of 10000 (Magic vs PassedPawn)
Finished game 934 (Magic vs PassedPawn): 1-0 {White wins by adjudication}
Score of PassedPawn vs Magic: 316 - 368 - 254  [0.472] 938
Started game 951 of 10000 (PassedPawn vs Magic)
Finished game 938 (Magic vs PassedPawn): 1-0 {White wins by adjudication}
Score of PassedPawn vs Magic: 316 - 369 - 254  [0.472] 939
Started game 952 of 10000 (Magic vs PassedPawn)
Finished game 936 (Magic vs PassedPawn): 0-1 {Black wins by adjudication}
Score of PassedPawn vs Magic: 317 - 369 - 254  [0.472] 940
Started game 953 of 10000 (PassedPawn vs Magic)
Finished game 940 (Magic vs PassedPawn): 0-1 {Black wins by adjudication}
Score of PassedPawn vs Magic: 318 - 369 - 254  [0.473] 941
Started game 954 of 10000 (Magic vs PassedPawn)
Finished game 942 (Magic vs PassedPawn): 0-1 {Black wins by adjudication}
Score of PassedPawn vs Magic: 319 - 369 - 254  [0.473] 942
Started game 955 of 10000 (PassedPawn vs Magic)
Finished game 943 (PassedPawn vs Magic): 0-1 {Black wins by adjudication}
Score of PassedPawn vs Magic: 319 - 370 - 254  [0.473] 943
Started game 956 of 10000 (Magic vs PassedPawn)
Finished game 945 (PassedPawn vs Magic): 1-0 {White wins by adjudication}
Score of PassedPawn vs Magic: 320 - 370 - 254  [0.474] 944
Started game 957 of 10000 (PassedPawn vs Magic)
Finished game 944 (Magic vs PassedPawn): 1-0 {White wins by adjudication}
Score of PassedPawn vs Magic: 320 - 371 - 254  [0.473] 945
Started game 958 of 10000 (Magic vs PassedPawn)
Finished game 948 (Magic vs PassedPawn): 1-0 {White wins by adjudication}
Score of PassedPawn vs Magic: 320 - 372 - 254  [0.473] 946
Started game 959 of 10000 (PassedPawn vs Magic)
Finished game 950 (Magic vs PassedPawn): 1/2-1/2 {Draw by insufficient mating material}
Score of PassedPawn vs Magic: 320 - 372 - 255  [0.473] 947
Started game 960 of 10000 (Magic vs PassedPawn)
Finished game 946 (Magic vs PassedPawn): 1-0 {White wins by adjudication}
Score of PassedPawn vs Magic: 320 - 373 - 255  [0.472] 948
Started game 961 of 10000 (PassedPawn vs Magic)
Finished game 949 (PassedPawn vs Magic): 1/2-1/2 {Draw by insufficient mating material}
Score of PassedPawn vs Magic: 320 - 373 - 256  [0.472] 949
Started game 962 of 10000 (Magic vs PassedPawn)
Finished game 954 (Magic vs PassedPawn): 1-0 {White wins by adjudication}
Score of PassedPawn vs Magic: 320 - 374 - 256  [0.472] 950
Started game 963 of 10000 (PassedPawn vs Magic)
Finished game 951 (PassedPawn vs Magic): 1-0 {White wins by adjudication}
Score of PassedPawn vs Magic: 321 - 374 - 256  [0.472] 951
Started game 964 of 10000 (Magic vs PassedPawn)
Finished game 953 (PassedPawn vs Magic): 0-1 {Black wins by adjudication}
Score of PassedPawn vs Magic: 321 - 375 - 256  [0.472] 952
Started game 965 of 10000 (PassedPawn vs Magic)
Finished game 955 (PassedPawn vs Magic): 0-1 {Black wins by adjudication}
Score of PassedPawn vs Magic: 321 - 376 - 256  [0.471] 953
Started game 966 of 10000 (Magic vs PassedPawn)
Finished game 952 (Magic vs PassedPawn): 0-1 {Black wins by adjudication}
Score of PassedPawn vs Magic: 322 - 376 - 256  [0.472] 954
Started game 967 of 10000 (PassedPawn vs Magic)
Finished game 947 (PassedPawn vs Magic): 1/2-1/2 {Draw by 3-fold repetition}
Score of PassedPawn vs Magic: 322 - 376 - 257  [0.472] 955
Started game 968 of 10000 (Magic vs PassedPawn)
Finished game 956 (Magic vs PassedPawn): 0-1 {Black wins by adjudication}
Score of PassedPawn vs Magic: 323 - 376 - 257  [0.472] 956
Started game 969 of 10000 (PassedPawn vs Magic)
Finished game 957 (PassedPawn vs Magic): 0-1 {Black wins by adjudication}
Score of PassedPawn vs Magic: 323 - 377 - 257  [0.472] 957
Started game 970 of 10000 (Magic vs PassedPawn)
Finished game 959 (PassedPawn vs Magic): 1-0 {White wins by adjudication}
Score of PassedPawn vs Magic: 324 - 377 - 257  [0.472] 958
Started game 971 of 10000 (PassedPawn vs Magic)
Finished game 958 (Magic vs PassedPawn): 1-0 {White wins by adjudication}
Score of PassedPawn vs Magic: 324 - 378 - 257  [0.472] 959
Started game 972 of 10000 (Magic vs PassedPawn)
Finished game 960 (Magic vs PassedPawn): 0-1 {Black wins by adjudication}
Score of PassedPawn vs Magic: 325 - 378 - 257  [0.472] 960
Started game 973 of 10000 (PassedPawn vs Magic)
Finished game 961 (PassedPawn vs Magic): 1/2-1/2 {Draw by adjudication}
Score of PassedPawn vs Magic: 325 - 378 - 258  [0.472] 961
Started game 974 of 10000 (Magic vs PassedPawn)
Finished game 963 (PassedPawn vs Magic): 1-0 {White wins by adjudication}
Score of PassedPawn vs Magic: 326 - 378 - 258  [0.473] 962
Started game 975 of 10000 (PassedPawn vs Magic)
Finished game 964 (Magic vs PassedPawn): 0-1 {Black wins by adjudication}
Score of PassedPawn vs Magic: 327 - 378 - 258  [0.474] 963
Started game 976 of 10000 (Magic vs PassedPawn)
Finished game 962 (Magic vs PassedPawn): 0-1 {Black wins by adjudication}
Score of PassedPawn vs Magic: 328 - 378 - 258  [0.474] 964
Started game 977 of 10000 (PassedPawn vs Magic)
Finished game 968 (Magic vs PassedPawn): 1-0 {White wins by adjudication}
Score of PassedPawn vs Magic: 328 - 379 - 258  [0.474] 965
Started game 978 of 10000 (Magic vs PassedPawn)
Finished game 967 (PassedPawn vs Magic): 1-0 {White wins by adjudication}
Score of PassedPawn vs Magic: 329 - 379 - 258  [0.474] 966
Started game 979 of 10000 (PassedPawn vs Magic)
Finished game 966 (Magic vs PassedPawn): 1-0 {White wins by adjudication}
Score of PassedPawn vs Magic: 329 - 380 - 258  [0.474] 967
Started game 980 of 10000 (Magic vs PassedPawn)
Finished game 965 (PassedPawn vs Magic): 0-1 {Black wins by adjudication}
Score of PassedPawn vs Magic: 329 - 381 - 258  [0.473] 968
Started game 981 of 10000 (PassedPawn vs Magic)
Finished game 971 (PassedPawn vs Magic): 0-1 {Black wins by adjudication}
Score of PassedPawn vs Magic: 329 - 382 - 258  [0.473] 969
Started game 982 of 10000 (Magic vs PassedPawn)
Finished game 969 (PassedPawn vs Magic): 1/2-1/2 {Draw by adjudication}
Score of PassedPawn vs Magic: 329 - 382 - 259  [0.473] 970
Started game 983 of 10000 (PassedPawn vs Magic)
Finished game 972 (Magic vs PassedPawn): 0-1 {Black wins by adjudication}
Score of PassedPawn vs Magic: 330 - 382 - 259  [0.473] 971
Started game 984 of 10000 (Magic vs PassedPawn)
Finished game 973 (PassedPawn vs Magic): 1/2-1/2 {Draw by 3-fold repetition}
Score of PassedPawn vs Magic: 330 - 382 - 260  [0.473] 972
Started game 985 of 10000 (PassedPawn vs Magic)
Finished game 974 (Magic vs PassedPawn): 0-1 {Black wins by adjudication}
Score of PassedPawn vs Magic: 331 - 382 - 260  [0.474] 973
Started game 986 of 10000 (Magic vs PassedPawn)
Finished game 975 (PassedPawn vs Magic): 0-1 {Black wins by adjudication}
Score of PassedPawn vs Magic: 331 - 383 - 260  [0.473] 974
Started game 987 of 10000 (PassedPawn vs Magic)
Finished game 978 (Magic vs PassedPawn): 1/2-1/2 {Draw by 3-fold repetition}
Score of PassedPawn vs Magic: 331 - 383 - 261  [0.473] 975
Started game 988 of 10000 (Magic vs PassedPawn)
Finished game 984 (Magic vs PassedPawn): 1/2-1/2 {Draw by 3-fold repetition}
Score of PassedPawn vs Magic: 331 - 383 - 262  [0.473] 976
Started game 989 of 10000 (PassedPawn vs Magic)
Finished game 977 (PassedPawn vs Magic): 0-1 {Black wins by adjudication}
Score of PassedPawn vs Magic: 331 - 384 - 262  [0.473] 977
Started game 990 of 10000 (Magic vs PassedPawn)
Finished game 981 (PassedPawn vs Magic): 0-1 {Black wins by adjudication}
Score of PassedPawn vs Magic: 331 - 385 - 262  [0.472] 978
Started game 991 of 10000 (PassedPawn vs Magic)
Finished game 979 (PassedPawn vs Magic): 1-0 {White wins by adjudication}
Score of PassedPawn vs Magic: 332 - 385 - 262  [0.473] 979
Started game 992 of 10000 (Magic vs PassedPawn)
Finished game 982 (Magic vs PassedPawn): 1/2-1/2 {Draw by adjudication}
Score of PassedPawn vs Magic: 332 - 385 - 263  [0.473] 980
Started game 993 of 10000 (PassedPawn vs Magic)
Finished game 980 (Magic vs PassedPawn): 0-1 {Black wins by adjudication}
Score of PassedPawn vs Magic: 333 - 385 - 263  [0.473] 981
Started game 994 of 10000 (Magic vs PassedPawn)
Finished game 983 (PassedPawn vs Magic): 1-0 {White wins by adjudication}
Score of PassedPawn vs Magic: 334 - 385 - 263  [0.474] 982
Started game 995 of 10000 (PassedPawn vs Magic)
Finished game 986 (Magic vs PassedPawn): 1-0 {White wins by adjudication}
Score of PassedPawn vs Magic: 334 - 386 - 263  [0.474] 983
Started game 996 of 10000 (Magic vs PassedPawn)
Finished game 976 (Magic vs PassedPawn): 1/2-1/2 {Draw by adjudication}
Score of PassedPawn vs Magic: 334 - 386 - 264  [0.474] 984
Started game 997 of 10000 (PassedPawn vs Magic)
Finished game 985 (PassedPawn vs Magic): 0-1 {Black wins by adjudication}
Score of PassedPawn vs Magic: 334 - 387 - 264  [0.473] 985
Started game 998 of 10000 (Magic vs PassedPawn)
Finished game 970 (Magic vs PassedPawn): 1/2-1/2 {Draw by fifty moves rule}
Score of PassedPawn vs Magic: 334 - 387 - 265  [0.473] 986
Started game 999 of 10000 (PassedPawn vs Magic)
Finished game 987 (PassedPawn vs Magic): 1-0 {White wins by adjudication}
Score of PassedPawn vs Magic: 335 - 387 - 265  [0.474] 987
Started game 1000 of 10000 (Magic vs PassedPawn)
Finished game 991 (PassedPawn vs Magic): 0-1 {Black wins by adjudication}
Score of PassedPawn vs Magic: 335 - 388 - 265  [0.473] 988
Started game 1001 of 10000 (PassedPawn vs Magic)
Finished game 992 (Magic vs PassedPawn): 1/2-1/2 {Draw by 3-fold repetition}
Score of PassedPawn vs Magic: 335 - 388 - 266  [0.473] 989
Started game 1002 of 10000 (Magic vs PassedPawn)
Finished game 989 (PassedPawn vs Magic): 1-0 {White wins by adjudication}
Score of PassedPawn vs Magic: 336 - 388 - 266  [0.474] 990
Started game 1003 of 10000 (PassedPawn vs Magic)
Finished game 994 (Magic vs PassedPawn): 0-1 {Black wins by adjudication}
Score of PassedPawn vs Magic: 337 - 388 - 266  [0.474] 991
Started game 1004 of 10000 (Magic vs PassedPawn)
Finished game 990 (Magic vs PassedPawn): 0-1 {Black wins by adjudication}
Score of PassedPawn vs Magic: 338 - 388 - 266  [0.475] 992
Started game 1005 of 10000 (PassedPawn vs Magic)
Finished game 993 (PassedPawn vs Magic): 1/2-1/2 {Draw by adjudication}
Score of PassedPawn vs Magic: 338 - 388 - 267  [0.475] 993
Started game 1006 of 10000 (Magic vs PassedPawn)
Finished game 995 (PassedPawn vs Magic): 1-0 {White wins by adjudication}
Score of PassedPawn vs Magic: 339 - 388 - 267  [0.475] 994
Started game 1007 of 10000 (PassedPawn vs Magic)
Finished game 996 (Magic vs PassedPawn): 1/2-1/2 {Draw by stalemate}
Score of PassedPawn vs Magic: 339 - 388 - 268  [0.475] 995
Started game 1008 of 10000 (Magic vs PassedPawn)
Finished game 999 (PassedPawn vs Magic): 1-0 {White wins by adjudication}
Score of PassedPawn vs Magic: 340 - 388 - 268  [0.476] 996
Started game 1009 of 10000 (PassedPawn vs Magic)
Finished game 998 (Magic vs PassedPawn): 1-0 {White wins by adjudication}
Score of PassedPawn vs Magic: 340 - 389 - 268  [0.475] 997
Started game 1010 of 10000 (Magic vs PassedPawn)
Finished game 988 (Magic vs PassedPawn): 1/2-1/2 {Draw by fifty moves rule}
Score of PassedPawn vs Magic: 340 - 389 - 269  [0.475] 998
Started game 1011 of 10000 (PassedPawn vs Magic)
Finished game 1000 (Magic vs PassedPawn): 1-0 {White wins by adjudication}
Score of PassedPawn vs Magic: 340 - 390 - 269  [0.475] 999
Started game 1012 of 10000 (Magic vs PassedPawn)
Finished game 997 (PassedPawn vs Magic): 1-0 {White wins by adjudication}
Score of PassedPawn vs Magic: 341 - 390 - 269  [0.475] 1000
Started game 1013 of 10000 (PassedPawn vs Magic)
Finished game 1001 (PassedPawn vs Magic): 0-1 {Black wins by adjudication}
Score of PassedPawn vs Magic: 341 - 391 - 269  [0.475] 1001
Started game 1014 of 10000 (Magic vs PassedPawn)
Finished game 1004 (Magic vs PassedPawn): 0-1 {Black wins by adjudication}
Score of PassedPawn vs Magic: 342 - 391 - 269  [0.476] 1002
Started game 1015 of 10000 (PassedPawn vs Magic)
Finished game 1006 (Magic vs PassedPawn): 1/2-1/2 {Draw by 3-fold repetition}
Score of PassedPawn vs Magic: 342 - 391 - 270  [0.476] 1003
Started game 1016 of 10000 (Magic vs PassedPawn)
Finished game 1007 (PassedPawn vs Magic): 1/2-1/2 {Draw by 3-fold repetition}
Score of PassedPawn vs Magic: 342 - 391 - 271  [0.476] 1004
Started game 1017 of 10000 (PassedPawn vs Magic)
Finished game 1002 (Magic vs PassedPawn): 1/2-1/2 {Draw by insufficient mating material}
Score of PassedPawn vs Magic: 342 - 391 - 272  [0.476] 1005
Started game 1018 of 10000 (Magic vs PassedPawn)
Finished game 1003 (PassedPawn vs Magic): 0-1 {Black wins by adjudication}
Score of PassedPawn vs Magic: 342 - 392 - 272  [0.475] 1006
Started game 1019 of 10000 (PassedPawn vs Magic)
Finished game 1010 (Magic vs PassedPawn): 1-0 {White wins by adjudication}
Score of PassedPawn vs Magic: 342 - 393 - 272  [0.475] 1007
Started game 1020 of 10000 (Magic vs PassedPawn)
Finished game 1012 (Magic vs PassedPawn): 1/2-1/2 {Draw by adjudication}
Score of PassedPawn vs Magic: 342 - 393 - 273  [0.475] 1008
Started game 1021 of 10000 (PassedPawn vs Magic)
Finished game 1005 (PassedPawn vs Magic): 1-0 {White wins by adjudication}
Score of PassedPawn vs Magic: 343 - 393 - 273  [0.475] 1009
Started game 1022 of 10000 (Magic vs PassedPawn)
Finished game 1008 (Magic vs PassedPawn): 1/2-1/2 {Draw by insufficient mating material}
Score of PassedPawn vs Magic: 343 - 393 - 274  [0.475] 1010
Started game 1023 of 10000 (PassedPawn vs Magic)
Finished game 1009 (PassedPawn vs Magic): 1-0 {White wins by adjudication}
Score of PassedPawn vs Magic: 344 - 393 - 274  [0.476] 1011
Started game 1024 of 10000 (Magic vs PassedPawn)
Finished game 1011 (PassedPawn vs Magic): 1/2-1/2 {Draw by insufficient mating material}
Score of PassedPawn vs Magic: 344 - 393 - 275  [0.476] 1012
Started game 1025 of 10000 (PassedPawn vs Magic)
Finished game 1014 (Magic vs PassedPawn): 1/2-1/2 {Draw by insufficient mating material}
Score of PassedPawn vs Magic: 344 - 393 - 276  [0.476] 1013
Started game 1026 of 10000 (Magic vs PassedPawn)
Finished game 1017 (PassedPawn vs Magic): 0-1 {Black wins by adjudication}
Score of PassedPawn vs Magic: 344 - 394 - 276  [0.475] 1014
Started game 1027 of 10000 (PassedPawn vs Magic)
Finished game 1015 (PassedPawn vs Magic): 1-0 {White wins by adjudication}
Score of PassedPawn vs Magic: 345 - 394 - 276  [0.476] 1015
Started game 1028 of 10000 (Magic vs PassedPawn)
Finished game 1016 (Magic vs PassedPawn): 1/2-1/2 {Draw by 3-fold repetition}
Score of PassedPawn vs Magic: 345 - 394 - 277  [0.476] 1016
Started game 1029 of 10000 (PassedPawn vs Magic)
Finished game 1019 (PassedPawn vs Magic): 1-0 {White wins by adjudication}
Score of PassedPawn vs Magic: 346 - 394 - 277  [0.476] 1017
Started game 1030 of 10000 (Magic vs PassedPawn)
Finished game 1020 (Magic vs PassedPawn): 1-0 {White wins by adjudication}
Score of PassedPawn vs Magic: 346 - 395 - 277  [0.476] 1018
Started game 1031 of 10000 (PassedPawn vs Magic)
Finished game 1022 (Magic vs PassedPawn): 1/2-1/2 {Draw by 3-fold repetition}
Score of PassedPawn vs Magic: 346 - 395 - 278  [0.476] 1019
Started game 1032 of 10000 (Magic vs PassedPawn)
Finished game 1024 (Magic vs PassedPawn): 0-1 {Black mates}
Score of PassedPawn vs Magic: 347 - 395 - 278  [0.476] 1020
Started game 1033 of 10000 (PassedPawn vs Magic)
Finished game 1023 (PassedPawn vs Magic): 0-1 {Black wins by adjudication}
Score of PassedPawn vs Magic: 347 - 396 - 278  [0.476] 1021
Started game 1034 of 10000 (Magic vs PassedPawn)
Finished game 1018 (Magic vs PassedPawn): 0-1 {Black wins by adjudication}
Score of PassedPawn vs Magic: 348 - 396 - 278  [0.477] 1022
Started game 1035 of 10000 (PassedPawn vs Magic)
Finished game 1021 (PassedPawn vs Magic): 1/2-1/2 {Draw by stalemate}
Score of PassedPawn vs Magic: 348 - 396 - 279  [0.477] 1023
Started game 1036 of 10000 (Magic vs PassedPawn)
Finished game 1028 (Magic vs PassedPawn): 0-1 {Black wins by adjudication}
Score of PassedPawn vs Magic: 349 - 396 - 279  [0.477] 1024
Started game 1037 of 10000 (PassedPawn vs Magic)
Finished game 1013 (PassedPawn vs Magic): 1/2-1/2 {Draw by fifty moves rule}
Score of PassedPawn vs Magic: 349 - 396 - 280  [0.477] 1025
Started game 1038 of 10000 (Magic vs PassedPawn)
Finished game 1025 (PassedPawn vs Magic): 0-1 {Black wins by adjudication}
Score of PassedPawn vs Magic: 349 - 397 - 280  [0.477] 1026
Started game 1039 of 10000 (PassedPawn vs Magic)
Finished game 1026 (Magic vs PassedPawn): 1/2-1/2 {Draw by 3-fold repetition}
Score of PassedPawn vs Magic: 349 - 397 - 281  [0.477] 1027
Started game 1040 of 10000 (Magic vs PassedPawn)
Finished game 1029 (PassedPawn vs Magic): 0-1 {Black wins by adjudication}
Score of PassedPawn vs Magic: 349 - 398 - 281  [0.476] 1028
Started game 1041 of 10000 (PassedPawn vs Magic)
Finished game 1031 (PassedPawn vs Magic): 1/2-1/2 {Draw by insufficient mating material}
Score of PassedPawn vs Magic: 349 - 398 - 282  [0.476] 1029
Started game 1042 of 10000 (Magic vs PassedPawn)
Finished game 1030 (Magic vs PassedPawn): 1/2-1/2 {Draw by 3-fold repetition}
Score of PassedPawn vs Magic: 349 - 398 - 283  [0.476] 1030
Started game 1043 of 10000 (PassedPawn vs Magic)
Finished game 1032 (Magic vs PassedPawn): 1/2-1/2 {Draw by 3-fold repetition}
Score of PassedPawn vs Magic: 349 - 398 - 284  [0.476] 1031
Started game 1044 of 10000 (Magic vs PassedPawn)
Finished game 1038 (Magic vs PassedPawn): 1/2-1/2 {Draw by 3-fold repetition}
Score of PassedPawn vs Magic: 349 - 398 - 285  [0.476] 1032
Started game 1045 of 10000 (PassedPawn vs Magic)
Finished game 1036 (Magic vs PassedPawn): 1-0 {White wins by adjudication}
Score of PassedPawn vs Magic: 349 - 399 - 285  [0.476] 1033
Started game 1046 of 10000 (Magic vs PassedPawn)
Finished game 1027 (PassedPawn vs Magic): 1/2-1/2 {Draw by fifty moves rule}
Score of PassedPawn vs Magic: 349 - 399 - 286  [0.476] 1034
Started game 1047 of 10000 (PassedPawn vs Magic)
Finished game 1035 (PassedPawn vs Magic): 1/2-1/2 {Draw by insufficient mating material}
Score of PassedPawn vs Magic: 349 - 399 - 287  [0.476] 1035
Started game 1048 of 10000 (Magic vs PassedPawn)
Finished game 1034 (Magic vs PassedPawn): 0-1 {Black wins by adjudication}
Score of PassedPawn vs Magic: 350 - 399 - 287  [0.476] 1036
Started game 1049 of 10000 (PassedPawn vs Magic)
Finished game 1041 (PassedPawn vs Magic): 0-1 {Black wins by adjudication}
Score of PassedPawn vs Magic: 350 - 400 - 287  [0.476] 1037
Started game 1050 of 10000 (Magic vs PassedPawn)
Finished game 1037 (PassedPawn vs Magic): 1/2-1/2 {Draw by insufficient mating material}
Score of PassedPawn vs Magic: 350 - 400 - 288  [0.476] 1038
Started game 1051 of 10000 (PassedPawn vs Magic)
Finished game 1039 (PassedPawn vs Magic): 1-0 {White wins by adjudication}
Score of PassedPawn vs Magic: 351 - 400 - 288  [0.476] 1039
Started game 1052 of 10000 (Magic vs PassedPawn)
Finished game 1044 (Magic vs PassedPawn): 1-0 {White wins by adjudication}
Score of PassedPawn vs Magic: 351 - 401 - 288  [0.476] 1040
Started game 1053 of 10000 (PassedPawn vs Magic)
Finished game 1040 (Magic vs PassedPawn): 1/2-1/2 {Draw by fifty moves rule}
Score of PassedPawn vs Magic: 351 - 401 - 289  [0.476] 1041
Started game 1054 of 10000 (Magic vs PassedPawn)
Finished game 1033 (PassedPawn vs Magic): 1/2-1/2 {Draw by adjudication}
Score of PassedPawn vs Magic: 351 - 401 - 290  [0.476] 1042
Started game 1055 of 10000 (PassedPawn vs Magic)
Finished game 1042 (Magic vs PassedPawn): 1/2-1/2 {Draw by adjudication}
Score of PassedPawn vs Magic: 351 - 401 - 291  [0.476] 1043
Started game 1056 of 10000 (Magic vs PassedPawn)
Finished game 1043 (PassedPawn vs Magic): 0-1 {Black wins by adjudication}
Score of PassedPawn vs Magic: 351 - 402 - 291  [0.476] 1044
Started game 1057 of 10000 (PassedPawn vs Magic)
Finished game 1052 (Magic vs PassedPawn): 1/2-1/2 {Draw by 3-fold repetition}
Score of PassedPawn vs Magic: 351 - 402 - 292  [0.476] 1045
Started game 1058 of 10000 (Magic vs PassedPawn)
Finished game 1047 (PassedPawn vs Magic): 1-0 {White wins by adjudication}
Score of PassedPawn vs Magic: 352 - 402 - 292  [0.476] 1046
Started game 1059 of 10000 (PassedPawn vs Magic)
Finished game 1049 (PassedPawn vs Magic): 0-1 {Black wins by adjudication}
Score of PassedPawn vs Magic: 352 - 403 - 292  [0.476] 1047
Started game 1060 of 10000 (Magic vs PassedPawn)
Finished game 1055 (PassedPawn vs Magic): 0-1 {Black wins by adjudication}
Score of PassedPawn vs Magic: 352 - 404 - 292  [0.475] 1048
Started game 1061 of 10000 (PassedPawn vs Magic)
Finished game 1053 (PassedPawn vs Magic): 0-1 {Black wins by adjudication}
Score of PassedPawn vs Magic: 352 - 405 - 292  [0.475] 1049
Started game 1062 of 10000 (Magic vs PassedPawn)
Finished game 1048 (Magic vs PassedPawn): 1-0 {White wins by adjudication}
Score of PassedPawn vs Magic: 352 - 406 - 292  [0.474] 1050
Started game 1063 of 10000 (PassedPawn vs Magic)
Finished game 1057 (PassedPawn vs Magic): 1/2-1/2 {Draw by 3-fold repetition}
Score of PassedPawn vs Magic: 352 - 406 - 293  [0.474] 1051
Started game 1064 of 10000 (Magic vs PassedPawn)
Finished game 1051 (PassedPawn vs Magic): 1/2-1/2 {Draw by 3-fold repetition}
Score of PassedPawn vs Magic: 352 - 406 - 294  [0.474] 1052
Started game 1065 of 10000 (PassedPawn vs Magic)
Finished game 1056 (Magic vs PassedPawn): 1-0 {White wins by adjudication}
Score of PassedPawn vs Magic: 352 - 407 - 294  [0.474] 1053
Started game 1066 of 10000 (Magic vs PassedPawn)
Finished game 1045 (PassedPawn vs Magic): 0-1 {Black wins by adjudication}
Score of PassedPawn vs Magic: 352 - 408 - 294  [0.473] 1054
Started game 1067 of 10000 (PassedPawn vs Magic)
Finished game 1050 (Magic vs PassedPawn): 1-0 {White wins by adjudication}
Score of PassedPawn vs Magic: 352 - 409 - 294  [0.473] 1055
Started game 1068 of 10000 (Magic vs PassedPawn)
Finished game 1058 (Magic vs PassedPawn): 1-0 {White wins by adjudication}
Score of PassedPawn vs Magic: 352 - 410 - 294  [0.473] 1056
Started game 1069 of 10000 (PassedPawn vs Magic)
Finished game 1046 (Magic vs PassedPawn): 1/2-1/2 {Draw by fifty moves rule}
Score of PassedPawn vs Magic: 352 - 410 - 295  [0.473] 1057
Started game 1070 of 10000 (Magic vs PassedPawn)
Finished game 1059 (PassedPawn vs Magic): 1-0 {White wins by adjudication}
Score of PassedPawn vs Magic: 353 - 410 - 295  [0.473] 1058
Started game 1071 of 10000 (PassedPawn vs Magic)
Finished game 1064 (Magic vs PassedPawn): 0-1 {Black wins by adjudication}
Score of PassedPawn vs Magic: 354 - 410 - 295  [0.474] 1059
Started game 1072 of 10000 (Magic vs PassedPawn)
Finished game 1060 (Magic vs PassedPawn): 0-1 {Black wins by adjudication}
Score of PassedPawn vs Magic: 355 - 410 - 295  [0.474] 1060
Started game 1073 of 10000 (PassedPawn vs Magic)
Finished game 1061 (PassedPawn vs Magic): 0-1 {Black wins by adjudication}
Score of PassedPawn vs Magic: 355 - 411 - 295  [0.474] 1061
Started game 1074 of 10000 (Magic vs PassedPawn)
Finished game 1065 (PassedPawn vs Magic): 0-1 {Black wins by adjudication}
Score of PassedPawn vs Magic: 355 - 412 - 295  [0.473] 1062
Started game 1075 of 10000 (PassedPawn vs Magic)
Finished game 1066 (Magic vs PassedPawn): 0-1 {Black wins by adjudication}
Score of PassedPawn vs Magic: 356 - 412 - 295  [0.474] 1063
Started game 1076 of 10000 (Magic vs PassedPawn)
Finished game 1063 (PassedPawn vs Magic): 0-1 {Black wins by adjudication}
Score of PassedPawn vs Magic: 356 - 413 - 295  [0.473] 1064
Started game 1077 of 10000 (PassedPawn vs Magic)
Finished game 1067 (PassedPawn vs Magic): 0-1 {Black wins by adjudication}
Score of PassedPawn vs Magic: 356 - 414 - 295  [0.473] 1065
Started game 1078 of 10000 (Magic vs PassedPawn)
Finished game 1068 (Magic vs PassedPawn): 0-1 {Black wins by adjudication}
Score of PassedPawn vs Magic: 357 - 414 - 295  [0.473] 1066
Started game 1079 of 10000 (PassedPawn vs Magic)
Finished game 1069 (PassedPawn vs Magic): 0-1 {Black wins by adjudication}
Score of PassedPawn vs Magic: 357 - 415 - 295  [0.473] 1067
Started game 1080 of 10000 (Magic vs PassedPawn)
Finished game 1070 (Magic vs PassedPawn): 1/2-1/2 {Draw by insufficient mating material}
Score of PassedPawn vs Magic: 357 - 415 - 296  [0.473] 1068
Started game 1081 of 10000 (PassedPawn vs Magic)
Finished game 1072 (Magic vs PassedPawn): 1-0 {White wins by adjudication}
Score of PassedPawn vs Magic: 357 - 416 - 296  [0.472] 1069
Started game 1082 of 10000 (Magic vs PassedPawn)
Finished game 1062 (Magic vs PassedPawn): 1/2-1/2 {Draw by fifty moves rule}
Score of PassedPawn vs Magic: 357 - 416 - 297  [0.472] 1070
Started game 1083 of 10000 (PassedPawn vs Magic)
Finished game 1074 (Magic vs PassedPawn): 1-0 {White wins by adjudication}
Score of PassedPawn vs Magic: 357 - 417 - 297  [0.472] 1071
Started game 1084 of 10000 (Magic vs PassedPawn)
Finished game 1076 (Magic vs PassedPawn): 1-0 {White wins by adjudication}
Score of PassedPawn vs Magic: 357 - 418 - 297  [0.472] 1072
Started game 1085 of 10000 (PassedPawn vs Magic)
Finished game 1075 (PassedPawn vs Magic): 0-1 {Black wins by adjudication}
Score of PassedPawn vs Magic: 357 - 419 - 297  [0.471] 1073
Started game 1086 of 10000 (Magic vs PassedPawn)
Finished game 1054 (Magic vs PassedPawn): 1/2-1/2 {Draw by adjudication}
Score of PassedPawn vs Magic: 357 - 419 - 298  [0.471] 1074
Started game 1087 of 10000 (PassedPawn vs Magic)
Finished game 1073 (PassedPawn vs Magic): 1-0 {White wins by adjudication}
Score of PassedPawn vs Magic: 358 - 419 - 298  [0.472] 1075
Started game 1088 of 10000 (Magic vs PassedPawn)
Finished game 1071 (PassedPawn vs Magic): 1-0 {White wins by adjudication}
Score of PassedPawn vs Magic: 359 - 419 - 298  [0.472] 1076
Started game 1089 of 10000 (PassedPawn vs Magic)
Finished game 1078 (Magic vs PassedPawn): 1-0 {White wins by adjudication}
Score of PassedPawn vs Magic: 359 - 420 - 298  [0.472] 1077
Started game 1090 of 10000 (Magic vs PassedPawn)
Finished game 1077 (PassedPawn vs Magic): 0-1 {Black wins by adjudication}
Score of PassedPawn vs Magic: 359 - 421 - 298  [0.471] 1078
Started game 1091 of 10000 (PassedPawn vs Magic)
Finished game 1088 (Magic vs PassedPawn): 1/2-1/2 {Draw by 3-fold repetition}
Score of PassedPawn vs Magic: 359 - 421 - 299  [0.471] 1079
Started game 1092 of 10000 (Magic vs PassedPawn)
Finished game 1080 (Magic vs PassedPawn): 1-0 {White wins by adjudication}
Score of PassedPawn vs Magic: 359 - 422 - 299  [0.471] 1080
Started game 1093 of 10000 (PassedPawn vs Magic)
Finished game 1081 (PassedPawn vs Magic): 0-1 {Black wins by adjudication}
Score of PassedPawn vs Magic: 359 - 423 - 299  [0.470] 1081
Started game 1094 of 10000 (Magic vs PassedPawn)
Finished game 1083 (PassedPawn vs Magic): 1-0 {White wins by adjudication}
Score of PassedPawn vs Magic: 360 - 423 - 299  [0.471] 1082
Started game 1095 of 10000 (PassedPawn vs Magic)
Finished game 1086 (Magic vs PassedPawn): 1/2-1/2 {Draw by 3-fold repetition}
Score of PassedPawn vs Magic: 360 - 423 - 300  [0.471] 1083
Started game 1096 of 10000 (Magic vs PassedPawn)
Finished game 1087 (PassedPawn vs Magic): 1-0 {White wins by adjudication}
Score of PassedPawn vs Magic: 361 - 423 - 300  [0.471] 1084
Started game 1097 of 10000 (PassedPawn vs Magic)
Finished game 1085 (PassedPawn vs Magic): 1/2-1/2 {Draw by insufficient mating material}
Score of PassedPawn vs Magic: 361 - 423 - 301  [0.471] 1085
Started game 1098 of 10000 (Magic vs PassedPawn)
Finished game 1079 (PassedPawn vs Magic): 1/2-1/2 {Draw by fifty moves rule}
Score of PassedPawn vs Magic: 361 - 423 - 302  [0.471] 1086
Started game 1099 of 10000 (PassedPawn vs Magic)
Finished game 1089 (PassedPawn vs Magic): 1-0 {White wins by adjudication}
Score of PassedPawn vs Magic: 362 - 423 - 302  [0.472] 1087
Started game 1100 of 10000 (Magic vs PassedPawn)
Finished game 1090 (Magic vs PassedPawn): 0-1 {Black wins by adjudication}
Score of PassedPawn vs Magic: 363 - 423 - 302  [0.472] 1088
Started game 1101 of 10000 (PassedPawn vs Magic)
Finished game 1084 (Magic vs PassedPawn): 1/2-1/2 {Draw by 3-fold repetition}
Score of PassedPawn vs Magic: 363 - 423 - 303  [0.472] 1089
Started game 1102 of 10000 (Magic vs PassedPawn)
Finished game 1101 (PassedPawn vs Magic): 1/2-1/2 {Draw by 3-fold repetition}
Score of PassedPawn vs Magic: 363 - 423 - 304  [0.472] 1090
Started game 1103 of 10000 (PassedPawn vs Magic)
Finished game 1092 (Magic vs PassedPawn): 0-1 {Black wins by adjudication}
Score of PassedPawn vs Magic: 364 - 423 - 304  [0.473] 1091
Started game 1104 of 10000 (Magic vs PassedPawn)
Finished game 1082 (Magic vs PassedPawn): 0-1 {Black mates}
Score of PassedPawn vs Magic: 365 - 423 - 304  [0.473] 1092
Started game 1105 of 10000 (PassedPawn vs Magic)
Finished game 1096 (Magic vs PassedPawn): 1-0 {White wins by adjudication}
Score of PassedPawn vs Magic: 365 - 424 - 304  [0.473] 1093
Started game 1106 of 10000 (Magic vs PassedPawn)
Finished game 1095 (PassedPawn vs Magic): 0-1 {Black wins by adjudication}
Score of PassedPawn vs Magic: 365 - 425 - 304  [0.473] 1094
Started game 1107 of 10000 (PassedPawn vs Magic)
Finished game 1091 (PassedPawn vs Magic): 0-1 {Black wins by adjudication}
Score of PassedPawn vs Magic: 365 - 426 - 304  [0.472] 1095
Started game 1108 of 10000 (Magic vs PassedPawn)
Finished game 1093 (PassedPawn vs Magic): 1/2-1/2 {Draw by 3-fold repetition}
Score of PassedPawn vs Magic: 365 - 426 - 305  [0.472] 1096
Started game 1109 of 10000 (PassedPawn vs Magic)
Finished game 1094 (Magic vs PassedPawn): 1-0 {White wins by adjudication}
Score of PassedPawn vs Magic: 365 - 427 - 305  [0.472] 1097
Started game 1110 of 10000 (Magic vs PassedPawn)
Finished game 1098 (Magic vs PassedPawn): 1-0 {White mates}
Score of PassedPawn vs Magic: 365 - 428 - 305  [0.471] 1098
Started game 1111 of 10000 (PassedPawn vs Magic)
Finished game 1099 (PassedPawn vs Magic): 1/2-1/2 {Draw by 3-fold repetition}
Score of PassedPawn vs Magic: 365 - 428 - 306  [0.471] 1099
Started game 1112 of 10000 (Magic vs PassedPawn)
Finished game 1097 (PassedPawn vs Magic): 1/2-1/2 {Draw by insufficient mating material}
Score of PassedPawn vs Magic: 365 - 428 - 307  [0.471] 1100
Started game 1113 of 10000 (PassedPawn vs Magic)
Finished game 1102 (Magic vs PassedPawn): 0-1 {Black wins by adjudication}
Score of PassedPawn vs Magic: 366 - 428 - 307  [0.472] 1101
Started game 1114 of 10000 (Magic vs PassedPawn)
Finished game 1106 (Magic vs PassedPawn): 1-0 {White wins by adjudication}
Score of PassedPawn vs Magic: 366 - 429 - 307  [0.471] 1102
Started game 1115 of 10000 (PassedPawn vs Magic)
Finished game 1105 (PassedPawn vs Magic): 1-0 {White wins by adjudication}
Score of PassedPawn vs Magic: 367 - 429 - 307  [0.472] 1103
Started game 1116 of 10000 (Magic vs PassedPawn)
Finished game 1104 (Magic vs PassedPawn): 1-0 {White wins by adjudication}
Score of PassedPawn vs Magic: 367 - 430 - 307  [0.471] 1104
Started game 1117 of 10000 (PassedPawn vs Magic)
Finished game 1103 (PassedPawn vs Magic): 0-1 {Black wins by adjudication}
Score of PassedPawn vs Magic: 367 - 431 - 307  [0.471] 1105
Started game 1118 of 10000 (Magic vs PassedPawn)
Finished game 1117 (PassedPawn vs Magic): 1-0 {White mates}
Score of PassedPawn vs Magic: 368 - 431 - 307  [0.472] 1106
Started game 1119 of 10000 (PassedPawn vs Magic)
Finished game 1118 (Magic vs PassedPawn): 1-0 {White mates}
Score of PassedPawn vs Magic: 368 - 432 - 307  [0.471] 1107
Started game 1120 of 10000 (Magic vs PassedPawn)
Finished game 1112 (Magic vs PassedPawn): 1-0 {White wins by adjudication}
Score of PassedPawn vs Magic: 368 - 433 - 307  [0.471] 1108
Started game 1121 of 10000 (PassedPawn vs Magic)
Finished game 1121 (PassedPawn vs Magic): 1-0 {White mates}
Score of PassedPawn vs Magic: 369 - 433 - 307  [0.471] 1109
Started game 1122 of 10000 (Magic vs PassedPawn)
Finished game 1108 (Magic vs PassedPawn): 0-1 {Black wins by adjudication}
Score of PassedPawn vs Magic: 370 - 433 - 307  [0.472] 1110
Started game 1123 of 10000 (PassedPawn vs Magic)
Finished game 1110 (Magic vs PassedPawn): 1/2-1/2 {Draw by 3-fold repetition}
Score of PassedPawn vs Magic: 370 - 433 - 308  [0.472] 1111
Started game 1124 of 10000 (Magic vs PassedPawn)
Finished game 1100 (Magic vs PassedPawn): 1/2-1/2 {Draw by fifty moves rule}
Score of PassedPawn vs Magic: 370 - 433 - 309  [0.472] 1112
Started game 1125 of 10000 (PassedPawn vs Magic)
Finished game 1122 (Magic vs PassedPawn): 1-0 {White mates}
Score of PassedPawn vs Magic: 370 - 434 - 309  [0.471] 1113
Started game 1126 of 10000 (Magic vs PassedPawn)
Finished game 1114 (Magic vs PassedPawn): 1/2-1/2 {Draw by 3-fold repetition}
Score of PassedPawn vs Magic: 370 - 434 - 310  [0.471] 1114
Started game 1127 of 10000 (PassedPawn vs Magic)
Finished game 1107 (PassedPawn vs Magic): 1/2-1/2 {Draw by insufficient mating material}
Score of PassedPawn vs Magic: 370 - 434 - 311  [0.471] 1115
Started game 1128 of 10000 (Magic vs PassedPawn)
Finished game 1113 (PassedPawn vs Magic): 1-0 {White wins by adjudication}
Score of PassedPawn vs Magic: 371 - 434 - 311  [0.472] 1116
Started game 1129 of 10000 (PassedPawn vs Magic)
Finished game 1115 (PassedPawn vs Magic): 0-1 {Black wins by adjudication}
Score of PassedPawn vs Magic: 371 - 435 - 311  [0.471] 1117
Started game 1130 of 10000 (Magic vs PassedPawn)
Finished game 1124 (Magic vs PassedPawn): 1/2-1/2 {Draw by 3-fold repetition}
Score of PassedPawn vs Magic: 371 - 435 - 312  [0.471] 1118
Started game 1131 of 10000 (PassedPawn vs Magic)
Finished game 1116 (Magic vs PassedPawn): 1-0 {White mates}
Score of PassedPawn vs Magic: 371 - 436 - 312  [0.471] 1119
Started game 1132 of 10000 (Magic vs PassedPawn)
Finished game 1111 (PassedPawn vs Magic): 0-1 {Black mates}
Score of PassedPawn vs Magic: 371 - 437 - 312  [0.471] 1120
Started game 1133 of 10000 (PassedPawn vs Magic)
Finished game 1120 (Magic vs PassedPawn): 1/2-1/2 {Draw by adjudication}
Score of PassedPawn vs Magic: 371 - 437 - 313  [0.471] 1121
Started game 1134 of 10000 (Magic vs PassedPawn)
Finished game 1119 (PassedPawn vs Magic): 1-0 {White wins by adjudication}
Score of PassedPawn vs Magic: 372 - 437 - 313  [0.471] 1122
Started game 1135 of 10000 (PassedPawn vs Magic)
Finished game 1109 (PassedPawn vs Magic): 1/2-1/2 {Draw by insufficient mating material}
Score of PassedPawn vs Magic: 372 - 437 - 314  [0.471] 1123
Started game 1136 of 10000 (Magic vs PassedPawn)
Finished game 1128 (Magic vs PassedPawn): 1-0 {White wins by adjudication}
Score of PassedPawn vs Magic: 372 - 438 - 314  [0.471] 1124
Started game 1137 of 10000 (PassedPawn vs Magic)
Finished game 1125 (PassedPawn vs Magic): 1/2-1/2 {Draw by adjudication}
Score of PassedPawn vs Magic: 372 - 438 - 315  [0.471] 1125
Started game 1138 of 10000 (Magic vs PassedPawn)
Finished game 1126 (Magic vs PassedPawn): 1-0 {White wins by adjudication}
Score of PassedPawn vs Magic: 372 - 439 - 315  [0.470] 1126
Started game 1139 of 10000 (PassedPawn vs Magic)
Finished game 1123 (PassedPawn vs Magic): 1-0 {White wins by adjudication}
Score of PassedPawn vs Magic: 373 - 439 - 315  [0.471] 1127
Started game 1140 of 10000 (Magic vs PassedPawn)
Finished game 1134 (Magic vs PassedPawn): 1-0 {White wins by adjudication}
Score of PassedPawn vs Magic: 373 - 440 - 315  [0.470] 1128
Started game 1141 of 10000 (PassedPawn vs Magic)
Finished game 1129 (PassedPawn vs Magic): 1-0 {White wins by adjudication}
Score of PassedPawn vs Magic: 374 - 440 - 315  [0.471] 1129
Started game 1142 of 10000 (Magic vs PassedPawn)
Finished game 1130 (Magic vs PassedPawn): 1/2-1/2 {Draw by stalemate}
Score of PassedPawn vs Magic: 374 - 440 - 316  [0.471] 1130
Started game 1143 of 10000 (PassedPawn vs Magic)
Finished game 1132 (Magic vs PassedPawn): 0-1 {Black wins by adjudication}
Score of PassedPawn vs Magic: 375 - 440 - 316  [0.471] 1131
Started game 1144 of 10000 (Magic vs PassedPawn)
Finished game 1127 (PassedPawn vs Magic): 1/2-1/2 {Draw by adjudication}
Score of PassedPawn vs Magic: 375 - 440 - 317  [0.471] 1132
Started game 1145 of 10000 (PassedPawn vs Magic)
Finished game 1133 (PassedPawn vs Magic): 1-0 {White wins by adjudication}
Score of PassedPawn vs Magic: 376 - 440 - 317  [0.472] 1133
Started game 1146 of 10000 (Magic vs PassedPawn)
Finished game 1135 (PassedPawn vs Magic): 0-1 {Black wins by adjudication}
Score of PassedPawn vs Magic: 376 - 441 - 317  [0.471] 1134
Started game 1147 of 10000 (PassedPawn vs Magic)
Finished game 1131 (PassedPawn vs Magic): 0-1 {Black wins by adjudication}
Score of PassedPawn vs Magic: 376 - 442 - 317  [0.471] 1135
Started game 1148 of 10000 (Magic vs PassedPawn)
Finished game 1140 (Magic vs PassedPawn): 1-0 {White wins by adjudication}
Score of PassedPawn vs Magic: 376 - 443 - 317  [0.471] 1136
Started game 1149 of 10000 (PassedPawn vs Magic)
Finished game 1139 (PassedPawn vs Magic): 1-0 {White wins by adjudication}
Score of PassedPawn vs Magic: 377 - 443 - 317  [0.471] 1137
Started game 1150 of 10000 (Magic vs PassedPawn)
Finished game 1136 (Magic vs PassedPawn): 1-0 {White wins by adjudication}
Score of PassedPawn vs Magic: 377 - 444 - 317  [0.471] 1138
Started game 1151 of 10000 (PassedPawn vs Magic)
Finished game 1137 (PassedPawn vs Magic): 1-0 {White wins by adjudication}
Score of PassedPawn vs Magic: 378 - 444 - 317  [0.471] 1139
Started game 1152 of 10000 (Magic vs PassedPawn)
Finished game 1138 (Magic vs PassedPawn): 1-0 {White wins by adjudication}
Score of PassedPawn vs Magic: 378 - 445 - 317  [0.471] 1140
Started game 1153 of 10000 (PassedPawn vs Magic)
Finished game 1145 (PassedPawn vs Magic): 0-1 {Black wins by adjudication}
Score of PassedPawn vs Magic: 378 - 446 - 317  [0.470] 1141
Started game 1154 of 10000 (Magic vs PassedPawn)
Finished game 1141 (PassedPawn vs Magic): 0-1 {Black wins by adjudication}
Score of PassedPawn vs Magic: 378 - 447 - 317  [0.470] 1142
Started game 1155 of 10000 (PassedPawn vs Magic)
Finished game 1142 (Magic vs PassedPawn): 0-1 {Black wins by adjudication}
Score of PassedPawn vs Magic: 379 - 447 - 317  [0.470] 1143
Started game 1156 of 10000 (Magic vs PassedPawn)
Finished game 1146 (Magic vs PassedPawn): 0-1 {Black wins by adjudication}
Score of PassedPawn vs Magic: 380 - 447 - 317  [0.471] 1144
Started game 1157 of 10000 (PassedPawn vs Magic)
Finished game 1144 (Magic vs PassedPawn): 1-0 {White wins by adjudication}
Score of PassedPawn vs Magic: 380 - 448 - 317  [0.470] 1145
Started game 1158 of 10000 (Magic vs PassedPawn)
Finished game 1148 (Magic vs PassedPawn): 1-0 {White wins by adjudication}
Score of PassedPawn vs Magic: 380 - 449 - 317  [0.470] 1146
Started game 1159 of 10000 (PassedPawn vs Magic)
Finished game 1150 (Magic vs PassedPawn): 1/2-1/2 {Draw by 3-fold repetition}
Score of PassedPawn vs Magic: 380 - 449 - 318  [0.470] 1147
Started game 1160 of 10000 (Magic vs PassedPawn)
Finished game 1147 (PassedPawn vs Magic): 1-0 {White wins by adjudication}
Score of PassedPawn vs Magic: 381 - 449 - 318  [0.470] 1148
Started game 1161 of 10000 (PassedPawn vs Magic)
Finished game 1154 (Magic vs PassedPawn): 1-0 {White mates}
Score of PassedPawn vs Magic: 381 - 450 - 318  [0.470] 1149
Started game 1162 of 10000 (Magic vs PassedPawn)
Finished game 1152 (Magic vs PassedPawn): 1/2-1/2 {Draw by 3-fold repetition}
Score of PassedPawn vs Magic: 381 - 450 - 319  [0.470] 1150
Started game 1163 of 10000 (PassedPawn vs Magic)
Finished game 1143 (PassedPawn vs Magic): 1/2-1/2 {Draw by fifty moves rule}
Score of PassedPawn vs Magic: 381 - 450 - 320  [0.470] 1151
Started game 1164 of 10000 (Magic vs PassedPawn)
Finished game 1158 (Magic vs PassedPawn): 1-0 {White wins by adjudication}
Score of PassedPawn vs Magic: 381 - 451 - 320  [0.470] 1152
Started game 1165 of 10000 (PassedPawn vs Magic)
Finished game 1155 (PassedPawn vs Magic): 1-0 {White wins by adjudication}
Score of PassedPawn vs Magic: 382 - 451 - 320  [0.470] 1153
Started game 1166 of 10000 (Magic vs PassedPawn)
Finished game 1149 (PassedPawn vs Magic): 1-0 {White wins by adjudication}
Score of PassedPawn vs Magic: 383 - 451 - 320  [0.471] 1154
Started game 1167 of 10000 (PassedPawn vs Magic)
Finished game 1151 (PassedPawn vs Magic): 1/2-1/2 {Draw by insufficient mating material}
Score of PassedPawn vs Magic: 383 - 451 - 321  [0.471] 1155
Started game 1168 of 10000 (Magic vs PassedPawn)
Finished game 1160 (Magic vs PassedPawn): 1/2-1/2 {Draw by 3-fold repetition}
Score of PassedPawn vs Magic: 383 - 451 - 322  [0.471] 1156
Started game 1169 of 10000 (PassedPawn vs Magic)
Finished game 1156 (Magic vs PassedPawn): 0-1 {Black wins by adjudication}
Score of PassedPawn vs Magic: 384 - 451 - 322  [0.471] 1157
Started game 1170 of 10000 (Magic vs PassedPawn)
Finished game 1157 (PassedPawn vs Magic): 0-1 {Black wins by adjudication}
Score of PassedPawn vs Magic: 384 - 452 - 322  [0.471] 1158
Started game 1171 of 10000 (PassedPawn vs Magic)
Finished game 1159 (PassedPawn vs Magic): 1/2-1/2 {Draw by adjudication}
Score of PassedPawn vs Magic: 384 - 452 - 323  [0.471] 1159
Started game 1172 of 10000 (Magic vs PassedPawn)
Finished game 1153 (PassedPawn vs Magic): 1/2-1/2 {Draw by insufficient mating material}
Score of PassedPawn vs Magic: 384 - 452 - 324  [0.471] 1160
Started game 1173 of 10000 (PassedPawn vs Magic)
Finished game 1162 (Magic vs PassedPawn): 0-1 {Black wins by adjudication}
Score of PassedPawn vs Magic: 385 - 452 - 324  [0.471] 1161
Started game 1174 of 10000 (Magic vs PassedPawn)
Finished game 1163 (PassedPawn vs Magic): 0-1 {Black wins by adjudication}
Score of PassedPawn vs Magic: 385 - 453 - 324  [0.471] 1162
Started game 1175 of 10000 (PassedPawn vs Magic)
Finished game 1161 (PassedPawn vs Magic): 0-1 {Black mates}
Score of PassedPawn vs Magic: 385 - 454 - 324  [0.470] 1163
Started game 1176 of 10000 (Magic vs PassedPawn)
Finished game 1167 (PassedPawn vs Magic): 1-0 {White wins by adjudication}
Score of PassedPawn vs Magic: 386 - 454 - 324  [0.471] 1164
Started game 1177 of 10000 (PassedPawn vs Magic)
Finished game 1165 (PassedPawn vs Magic): 0-1 {Black mates}
Score of PassedPawn vs Magic: 386 - 455 - 324  [0.470] 1165
Started game 1178 of 10000 (Magic vs PassedPawn)
Finished game 1169 (PassedPawn vs Magic): 1-0 {White wins by adjudication}
Score of PassedPawn vs Magic: 387 - 455 - 324  [0.471] 1166
Started game 1179 of 10000 (PassedPawn vs Magic)
Finished game 1164 (Magic vs PassedPawn): 0-1 {Black wins by adjudication}
Score of PassedPawn vs Magic: 388 - 455 - 324  [0.471] 1167
Started game 1180 of 10000 (Magic vs PassedPawn)
Finished game 1166 (Magic vs PassedPawn): 1-0 {White wins by adjudication}
Score of PassedPawn vs Magic: 388 - 456 - 324  [0.471] 1168
Started game 1181 of 10000 (PassedPawn vs Magic)
Finished game 1168 (Magic vs PassedPawn): 1-0 {White wins by adjudication}
Score of PassedPawn vs Magic: 388 - 457 - 324  [0.470] 1169
Started game 1182 of 10000 (Magic vs PassedPawn)
Finished game 1171 (PassedPawn vs Magic): 0-1 {Black wins by adjudication}
Score of PassedPawn vs Magic: 388 - 458 - 324  [0.470] 1170
Started game 1183 of 10000 (PassedPawn vs Magic)
Finished game 1170 (Magic vs PassedPawn): 1-0 {White wins by adjudication}
Score of PassedPawn vs Magic: 388 - 459 - 324  [0.470] 1171
Started game 1184 of 10000 (Magic vs PassedPawn)
Finished game 1173 (PassedPawn vs Magic): 1/2-1/2 {Draw by adjudication}
Score of PassedPawn vs Magic: 388 - 459 - 325  [0.470] 1172
Started game 1185 of 10000 (PassedPawn vs Magic)
Finished game 1172 (Magic vs PassedPawn): 0-1 {Black wins by adjudication}
Score of PassedPawn vs Magic: 389 - 459 - 325  [0.470] 1173
Started game 1186 of 10000 (Magic vs PassedPawn)
Finished game 1174 (Magic vs PassedPawn): 1/2-1/2 {Draw by adjudication}
Score of PassedPawn vs Magic: 389 - 459 - 326  [0.470] 1174
Started game 1187 of 10000 (PassedPawn vs Magic)
Finished game 1176 (Magic vs PassedPawn): 1-0 {White wins by adjudication}
Score of PassedPawn vs Magic: 389 - 460 - 326  [0.470] 1175
Started game 1188 of 10000 (Magic vs PassedPawn)
Finished game 1177 (PassedPawn vs Magic): 1-0 {White wins by adjudication}
Score of PassedPawn vs Magic: 390 - 460 - 326  [0.470] 1176
Started game 1189 of 10000 (PassedPawn vs Magic)
Finished game 1178 (Magic vs PassedPawn): 1-0 {White wins by adjudication}
Score of PassedPawn vs Magic: 390 - 461 - 326  [0.470] 1177
Started game 1190 of 10000 (Magic vs PassedPawn)
Finished game 1175 (PassedPawn vs Magic): 1/2-1/2 {Draw by insufficient mating material}
Score of PassedPawn vs Magic: 390 - 461 - 327  [0.470] 1178
Started game 1191 of 10000 (PassedPawn vs Magic)
Finished game 1185 (PassedPawn vs Magic): 0-1 {Black wins by adjudication}
Score of PassedPawn vs Magic: 390 - 462 - 327  [0.469] 1179
Started game 1192 of 10000 (Magic vs PassedPawn)
Finished game 1184 (Magic vs PassedPawn): 0-1 {Black mates}
Score of PassedPawn vs Magic: 391 - 462 - 327  [0.470] 1180
Started game 1193 of 10000 (PassedPawn vs Magic)
Finished game 1183 (PassedPawn vs Magic): 0-1 {Black wins by adjudication}
Score of PassedPawn vs Magic: 391 - 463 - 327  [0.470] 1181
Started game 1194 of 10000 (Magic vs PassedPawn)
Finished game 1179 (PassedPawn vs Magic): 1/2-1/2 {Draw by insufficient mating material}
Score of PassedPawn vs Magic: 391 - 463 - 328  [0.470] 1182
Started game 1195 of 10000 (PassedPawn vs Magic)
Finished game 1181 (PassedPawn vs Magic): 1/2-1/2 {Draw by adjudication}
Score of PassedPawn vs Magic: 391 - 463 - 329  [0.470] 1183
Started game 1196 of 10000 (Magic vs PassedPawn)
Finished game 1186 (Magic vs PassedPawn): 0-1 {Black wins by adjudication}
Score of PassedPawn vs Magic: 392 - 463 - 329  [0.470] 1184
Started game 1197 of 10000 (PassedPawn vs Magic)
Finished game 1180 (Magic vs PassedPawn): 0-1 {Black wins by adjudication}
Score of PassedPawn vs Magic: 393 - 463 - 329  [0.470] 1185
Started game 1198 of 10000 (Magic vs PassedPawn)
Finished game 1188 (Magic vs PassedPawn): 1-0 {White wins by adjudication}
Score of PassedPawn vs Magic: 393 - 464 - 329  [0.470] 1186
Started game 1199 of 10000 (PassedPawn vs Magic)
Finished game 1191 (PassedPawn vs Magic): 1-0 {White wins by adjudication}
Score of PassedPawn vs Magic: 394 - 464 - 329  [0.471] 1187
Started game 1200 of 10000 (Magic vs PassedPawn)
Finished game 1190 (Magic vs PassedPawn): 1/2-1/2 {Draw by insufficient mating material}
Score of PassedPawn vs Magic: 394 - 464 - 330  [0.471] 1188
Started game 1201 of 10000 (PassedPawn vs Magic)
Finished game 1195 (PassedPawn vs Magic): 0-1 {Black wins by adjudication}
Score of PassedPawn vs Magic: 394 - 465 - 330  [0.470] 1189
Started game 1202 of 10000 (Magic vs PassedPawn)
Finished game 1189 (PassedPawn vs Magic): 1/2-1/2 {Draw by adjudication}
Score of PassedPawn vs Magic: 394 - 465 - 331  [0.470] 1190
Started game 1203 of 10000 (PassedPawn vs Magic)
Finished game 1194 (Magic vs PassedPawn): 0-1 {Black wins by adjudication}
Score of PassedPawn vs Magic: 395 - 465 - 331  [0.471] 1191
Started game 1204 of 10000 (Magic vs PassedPawn)
Finished game 1187 (PassedPawn vs Magic): 1/2-1/2 {Draw by insufficient mating material}
Score of PassedPawn vs Magic: 395 - 465 - 332  [0.471] 1192
Started game 1205 of 10000 (PassedPawn vs Magic)
Finished game 1197 (PassedPawn vs Magic): 1-0 {White wins by adjudication}
Score of PassedPawn vs Magic: 396 - 465 - 332  [0.471] 1193
Started game 1206 of 10000 (Magic vs PassedPawn)
Finished game 1182 (Magic vs PassedPawn): 1/2-1/2 {Draw by fifty moves rule}
Score of PassedPawn vs Magic: 396 - 465 - 333  [0.471] 1194
Started game 1207 of 10000 (PassedPawn vs Magic)
Finished game 1193 (PassedPawn vs Magic): 1-0 {White wins by adjudication}
Score of PassedPawn vs Magic: 397 - 465 - 333  [0.472] 1195
Started game 1208 of 10000 (Magic vs PassedPawn)
Finished game 1192 (Magic vs PassedPawn): 1-0 {White wins by adjudication}
Score of PassedPawn vs Magic: 397 - 466 - 333  [0.471] 1196
Started game 1209 of 10000 (PassedPawn vs Magic)
Finished game 1196 (Magic vs PassedPawn): 0-1 {Black wins by adjudication}
Score of PassedPawn vs Magic: 398 - 466 - 333  [0.472] 1197
Started game 1210 of 10000 (Magic vs PassedPawn)
Finished game 1199 (PassedPawn vs Magic): 0-1 {Black wins by adjudication}
Score of PassedPawn vs Magic: 398 - 467 - 333  [0.471] 1198
Started game 1211 of 10000 (PassedPawn vs Magic)
Finished game 1198 (Magic vs PassedPawn): 1-0 {White wins by adjudication}
Score of PassedPawn vs Magic: 398 - 468 - 333  [0.471] 1199
Started game 1212 of 10000 (Magic vs PassedPawn)
Finished game 1201 (PassedPawn vs Magic): 1-0 {White wins by adjudication}
Score of PassedPawn vs Magic: 399 - 468 - 333  [0.471] 1200
Started game 1213 of 10000 (PassedPawn vs Magic)
Finished game 1200 (Magic vs PassedPawn): 1/2-1/2 {Draw by insufficient mating material}
Score of PassedPawn vs Magic: 399 - 468 - 334  [0.471] 1201
Started game 1214 of 10000 (Magic vs PassedPawn)
Finished game 1203 (PassedPawn vs Magic): 1/2-1/2 {Draw by 3-fold repetition}
Score of PassedPawn vs Magic: 399 - 468 - 335  [0.471] 1202
Started game 1215 of 10000 (PassedPawn vs Magic)
Finished game 1204 (Magic vs PassedPawn): 0-1 {Black wins by adjudication}
Score of PassedPawn vs Magic: 400 - 468 - 335  [0.472] 1203
Started game 1216 of 10000 (Magic vs PassedPawn)
Finished game 1202 (Magic vs PassedPawn): 0-1 {Black wins by adjudication}
Score of PassedPawn vs Magic: 401 - 468 - 335  [0.472] 1204
Started game 1217 of 10000 (PassedPawn vs Magic)
Finished game 1205 (PassedPawn vs Magic): 1-0 {White wins by adjudication}
Score of PassedPawn vs Magic: 402 - 468 - 335  [0.473] 1205
Started game 1218 of 10000 (Magic vs PassedPawn)
Finished game 1211 (PassedPawn vs Magic): 0-1 {Black wins by adjudication}
Score of PassedPawn vs Magic: 402 - 469 - 335  [0.472] 1206
Started game 1219 of 10000 (PassedPawn vs Magic)
Finished game 1208 (Magic vs PassedPawn): 1-0 {White wins by adjudication}
Score of PassedPawn vs Magic: 402 - 470 - 335  [0.472] 1207
Started game 1220 of 10000 (Magic vs PassedPawn)
Finished game 1209 (PassedPawn vs Magic): 1/2-1/2 {Draw by adjudication}
Score of PassedPawn vs Magic: 402 - 470 - 336  [0.472] 1208
Started game 1221 of 10000 (PassedPawn vs Magic)
Finished game 1212 (Magic vs PassedPawn): 1/2-1/2 {Draw by 3-fold repetition}
Score of PassedPawn vs Magic: 402 - 470 - 337  [0.472] 1209
Started game 1222 of 10000 (Magic vs PassedPawn)
Finished game 1215 (PassedPawn vs Magic): 1/2-1/2 {Draw by 3-fold repetition}
Score of PassedPawn vs Magic: 402 - 470 - 338  [0.472] 1210
Started game 1223 of 10000 (PassedPawn vs Magic)
Finished game 1210 (Magic vs PassedPawn): 1-0 {White wins by adjudication}
Score of PassedPawn vs Magic: 402 - 471 - 338  [0.472] 1211
Started game 1224 of 10000 (Magic vs PassedPawn)
Finished game 1207 (PassedPawn vs Magic): 0-1 {Black wins by adjudication}
Score of PassedPawn vs Magic: 402 - 472 - 338  [0.471] 1212
Started game 1225 of 10000 (PassedPawn vs Magic)
Finished game 1214 (Magic vs PassedPawn): 1-0 {White wins by adjudication}
Score of PassedPawn vs Magic: 402 - 473 - 338  [0.471] 1213
Started game 1226 of 10000 (Magic vs PassedPawn)
Finished game 1218 (Magic vs PassedPawn): 1-0 {White wins by adjudication}
Score of PassedPawn vs Magic: 402 - 474 - 338  [0.470] 1214
Started game 1227 of 10000 (PassedPawn vs Magic)
Finished game 1213 (PassedPawn vs Magic): 0-1 {Black wins by adjudication}
Score of PassedPawn vs Magic: 402 - 475 - 338  [0.470] 1215
Started game 1228 of 10000 (Magic vs PassedPawn)
Finished game 1206 (Magic vs PassedPawn): 1/2-1/2 {Draw by fifty moves rule}
Score of PassedPawn vs Magic: 402 - 475 - 339  [0.470] 1216
Started game 1229 of 10000 (PassedPawn vs Magic)
Finished game 1216 (Magic vs PassedPawn): 1-0 {White wins by adjudication}
Score of PassedPawn vs Magic: 402 - 476 - 339  [0.470] 1217
Started game 1230 of 10000 (Magic vs PassedPawn)
Finished game 1221 (PassedPawn vs Magic): 0-1 {Black wins by adjudication}
Score of PassedPawn vs Magic: 402 - 477 - 339  [0.469] 1218
Started game 1231 of 10000 (PassedPawn vs Magic)
Finished game 1219 (PassedPawn vs Magic): 1/2-1/2 {Draw by adjudication}
Score of PassedPawn vs Magic: 402 - 477 - 340  [0.469] 1219
Started game 1232 of 10000 (Magic vs PassedPawn)
Finished game 1224 (Magic vs PassedPawn): 0-1 {Black wins by adjudication}
Score of PassedPawn vs Magic: 403 - 477 - 340  [0.470] 1220
Started game 1233 of 10000 (PassedPawn vs Magic)
Finished game 1223 (PassedPawn vs Magic): 1-0 {White wins by adjudication}
Score of PassedPawn vs Magic: 404 - 477 - 340  [0.470] 1221
Started game 1234 of 10000 (Magic vs PassedPawn)
Finished game 1220 (Magic vs PassedPawn): 1/2-1/2 {Draw by 3-fold repetition}
Score of PassedPawn vs Magic: 404 - 477 - 341  [0.470] 1222
Started game 1235 of 10000 (PassedPawn vs Magic)
Finished game 1217 (PassedPawn vs Magic): 1/2-1/2 {Draw by fifty moves rule}
Score of PassedPawn vs Magic: 404 - 477 - 342  [0.470] 1223
Started game 1236 of 10000 (Magic vs PassedPawn)
Finished game 1225 (PassedPawn vs Magic): 1-0 {White wins by adjudication}
Score of PassedPawn vs Magic: 405 - 477 - 342  [0.471] 1224
Started game 1237 of 10000 (PassedPawn vs Magic)
Finished game 1227 (PassedPawn vs Magic): 1-0 {White wins by adjudication}
Score of PassedPawn vs Magic: 406 - 477 - 342  [0.471] 1225
Started game 1238 of 10000 (Magic vs PassedPawn)
Finished game 1222 (Magic vs PassedPawn): 1/2-1/2 {Draw by insufficient mating material}
Score of PassedPawn vs Magic: 406 - 477 - 343  [0.471] 1226
Started game 1239 of 10000 (PassedPawn vs Magic)
Finished game 1228 (Magic vs PassedPawn): 1/2-1/2 {Draw by insufficient mating material}
Score of PassedPawn vs Magic: 406 - 477 - 344  [0.471] 1227
Started game 1240 of 10000 (Magic vs PassedPawn)
Finished game 1226 (Magic vs PassedPawn): 1-0 {White wins by adjudication}
Score of PassedPawn vs Magic: 406 - 478 - 344  [0.471] 1228
Started game 1241 of 10000 (PassedPawn vs Magic)
Finished game 1229 (PassedPawn vs Magic): 0-1 {Black wins by adjudication}
Score of PassedPawn vs Magic: 406 - 479 - 344  [0.470] 1229
Started game 1242 of 10000 (Magic vs PassedPawn)
Finished game 1230 (Magic vs PassedPawn): 1-0 {White wins by adjudication}
Score of PassedPawn vs Magic: 406 - 480 - 344  [0.470] 1230
Started game 1243 of 10000 (PassedPawn vs Magic)
Finished game 1232 (Magic vs PassedPawn): 1/2-1/2 {Draw by 3-fold repetition}
Score of PassedPawn vs Magic: 406 - 480 - 345  [0.470] 1231
Started game 1244 of 10000 (Magic vs PassedPawn)
Finished game 1233 (PassedPawn vs Magic): 1-0 {White wins by adjudication}
Score of PassedPawn vs Magic: 407 - 480 - 345  [0.470] 1232
Started game 1245 of 10000 (PassedPawn vs Magic)
Finished game 1235 (PassedPawn vs Magic): 0-1 {Black wins by adjudication}
Score of PassedPawn vs Magic: 407 - 481 - 345  [0.470] 1233
Started game 1246 of 10000 (Magic vs PassedPawn)
Finished game 1234 (Magic vs PassedPawn): 1-0 {White wins by adjudication}
Score of PassedPawn vs Magic: 407 - 482 - 345  [0.470] 1234
Started game 1247 of 10000 (PassedPawn vs Magic)
Finished game 1236 (Magic vs PassedPawn): 1-0 {White wins by adjudication}
Score of PassedPawn vs Magic: 407 - 483 - 345  [0.469] 1235
Started game 1248 of 10000 (Magic vs PassedPawn)
Finished game 1231 (PassedPawn vs Magic): 1/2-1/2 {Draw by fifty moves rule}
Score of PassedPawn vs Magic: 407 - 483 - 346  [0.469] 1236
Started game 1249 of 10000 (PassedPawn vs Magic)
Finished game 1238 (Magic vs PassedPawn): 1-0 {White wins by adjudication}
Score of PassedPawn vs Magic: 407 - 484 - 346  [0.469] 1237
Started game 1250 of 10000 (Magic vs PassedPawn)
Finished game 1237 (PassedPawn vs Magic): 1/2-1/2 {Draw by adjudication}
Score of PassedPawn vs Magic: 407 - 484 - 347  [0.469] 1238
Started game 1251 of 10000 (PassedPawn vs Magic)
Finished game 1243 (PassedPawn vs Magic): 1/2-1/2 {Draw by adjudication}
Score of PassedPawn vs Magic: 407 - 484 - 348  [0.469] 1239
Started game 1252 of 10000 (Magic vs PassedPawn)
Finished game 1241 (PassedPawn vs Magic): 1-0 {White wins by adjudication}
Score of PassedPawn vs Magic: 408 - 484 - 348  [0.469] 1240
Started game 1253 of 10000 (PassedPawn vs Magic)
Finished game 1240 (Magic vs PassedPawn): 1-0 {White wins by adjudication}
Score of PassedPawn vs Magic: 408 - 485 - 348  [0.469] 1241
Started game 1254 of 10000 (Magic vs PassedPawn)
Finished game 1244 (Magic vs PassedPawn): 1/2-1/2 {Draw by 3-fold repetition}
Score of PassedPawn vs Magic: 408 - 485 - 349  [0.469] 1242
Started game 1255 of 10000 (PassedPawn vs Magic)
Finished game 1246 (Magic vs PassedPawn): 1/2-1/2 {Draw by insufficient mating material}
Score of PassedPawn vs Magic: 408 - 485 - 350  [0.469] 1243
Started game 1256 of 10000 (Magic vs PassedPawn)
Finished game 1239 (PassedPawn vs Magic): 1/2-1/2 {Draw by fifty moves rule}
Score of PassedPawn vs Magic: 408 - 485 - 351  [0.469] 1244
Started game 1257 of 10000 (PassedPawn vs Magic)
Finished game 1242 (Magic vs PassedPawn): 1-0 {White wins by adjudication}
Score of PassedPawn vs Magic: 408 - 486 - 351  [0.469] 1245
Started game 1258 of 10000 (Magic vs PassedPawn)
Finished game 1247 (PassedPawn vs Magic): 1/2-1/2 {Draw by 3-fold repetition}
Score of PassedPawn vs Magic: 408 - 486 - 352  [0.469] 1246
Started game 1259 of 10000 (PassedPawn vs Magic)
Finished game 1245 (PassedPawn vs Magic): 1-0 {White wins by adjudication}
Score of PassedPawn vs Magic: 409 - 486 - 352  [0.469] 1247
Started game 1260 of 10000 (Magic vs PassedPawn)
Finished game 1253 (PassedPawn vs Magic): 1-0 {White wins by adjudication}
Score of PassedPawn vs Magic: 410 - 486 - 352  [0.470] 1248
Started game 1261 of 10000 (PassedPawn vs Magic)
Finished game 1250 (Magic vs PassedPawn): 1-0 {White wins by adjudication}
Score of PassedPawn vs Magic: 410 - 487 - 352  [0.469] 1249
Started game 1262 of 10000 (Magic vs PassedPawn)
Finished game 1248 (Magic vs PassedPawn): 1/2-1/2 {Draw by insufficient mating material}
Score of PassedPawn vs Magic: 410 - 487 - 353  [0.469] 1250
Started game 1263 of 10000 (PassedPawn vs Magic)
Finished game 1251 (PassedPawn vs Magic): 0-1 {Black wins by adjudication}
Score of PassedPawn vs Magic: 410 - 488 - 353  [0.469] 1251
Started game 1264 of 10000 (Magic vs PassedPawn)
Finished game 1255 (PassedPawn vs Magic): 1/2-1/2 {Draw by 3-fold repetition}
Score of PassedPawn vs Magic: 410 - 488 - 354  [0.469] 1252
Started game 1265 of 10000 (PassedPawn vs Magic)
Finished game 1254 (Magic vs PassedPawn): 0-1 {Black wins by adjudication}
Score of PassedPawn vs Magic: 411 - 488 - 354  [0.469] 1253
Started game 1266 of 10000 (Magic vs PassedPawn)
Finished game 1252 (Magic vs PassedPawn): 1-0 {White wins by adjudication}
Score of PassedPawn vs Magic: 411 - 489 - 354  [0.469] 1254
Started game 1267 of 10000 (PassedPawn vs Magic)
Finished game 1257 (PassedPawn vs Magic): 1-0 {White wins by adjudication}
Score of PassedPawn vs Magic: 412 - 489 - 354  [0.469] 1255
Started game 1268 of 10000 (Magic vs PassedPawn)
Finished game 1259 (PassedPawn vs Magic): 1-0 {White wins by adjudication}
Score of PassedPawn vs Magic: 413 - 489 - 354  [0.470] 1256
Started game 1269 of 10000 (PassedPawn vs Magic)
Finished game 1261 (PassedPawn vs Magic): 1/2-1/2 {Draw by 3-fold repetition}
Score of PassedPawn vs Magic: 413 - 489 - 355  [0.470] 1257
Started game 1270 of 10000 (Magic vs PassedPawn)
Finished game 1256 (Magic vs PassedPawn): 0-1 {Black wins by adjudication}
Score of PassedPawn vs Magic: 414 - 489 - 355  [0.470] 1258
Started game 1271 of 10000 (PassedPawn vs Magic)
Finished game 1258 (Magic vs PassedPawn): 1-0 {White wins by adjudication}
Score of PassedPawn vs Magic: 414 - 490 - 355  [0.470] 1259
Started game 1272 of 10000 (Magic vs PassedPawn)
Finished game 1249 (PassedPawn vs Magic): 1/2-1/2 {Draw by insufficient mating material}
Score of PassedPawn vs Magic: 414 - 490 - 356  [0.470] 1260
Started game 1273 of 10000 (PassedPawn vs Magic)
Finished game 1260 (Magic vs PassedPawn): 1-0 {White wins by adjudication}
Score of PassedPawn vs Magic: 414 - 491 - 356  [0.469] 1261
Started game 1274 of 10000 (Magic vs PassedPawn)
Finished game 1262 (Magic vs PassedPawn): 0-1 {Black wins by adjudication}
Score of PassedPawn vs Magic: 415 - 491 - 356  [0.470] 1262
Started game 1275 of 10000 (PassedPawn vs Magic)
Finished game 1265 (PassedPawn vs Magic): 1/2-1/2 {Draw by 3-fold repetition}
Score of PassedPawn vs Magic: 415 - 491 - 357  [0.470] 1263
Started game 1276 of 10000 (Magic vs PassedPawn)
Finished game 1263 (PassedPawn vs Magic): 1/2-1/2 {Draw by 3-fold repetition}
Score of PassedPawn vs Magic: 415 - 491 - 358  [0.470] 1264
Started game 1277 of 10000 (PassedPawn vs Magic)
Finished game 1269 (PassedPawn vs Magic): 0-1 {Black wins by adjudication}
Score of PassedPawn vs Magic: 415 - 492 - 358  [0.470] 1265
Started game 1278 of 10000 (Magic vs PassedPawn)
Finished game 1267 (PassedPawn vs Magic): 0-1 {Black wins by adjudication}
Score of PassedPawn vs Magic: 415 - 493 - 358  [0.469] 1266
Started game 1279 of 10000 (PassedPawn vs Magic)
Finished game 1270 (Magic vs PassedPawn): 1-0 {White wins by adjudication}
Score of PassedPawn vs Magic: 415 - 494 - 358  [0.469] 1267
Started game 1280 of 10000 (Magic vs PassedPawn)
Finished game 1274 (Magic vs PassedPawn): 1/2-1/2 {Draw by 3-fold repetition}
Score of PassedPawn vs Magic: 415 - 494 - 359  [0.469] 1268
Started game 1281 of 10000 (PassedPawn vs Magic)
Finished game 1268 (Magic vs PassedPawn): 0-1 {Black wins by adjudication}
Score of PassedPawn vs Magic: 416 - 494 - 359  [0.469] 1269
Started game 1282 of 10000 (Magic vs PassedPawn)
Finished game 1266 (Magic vs PassedPawn): 1-0 {White wins by adjudication}
Score of PassedPawn vs Magic: 416 - 495 - 359  [0.469] 1270
Started game 1283 of 10000 (PassedPawn vs Magic)
Finished game 1271 (PassedPawn vs Magic): 0-1 {Black wins by adjudication}
Score of PassedPawn vs Magic: 416 - 496 - 359  [0.469] 1271
Started game 1284 of 10000 (Magic vs PassedPawn)
Finished game 1272 (Magic vs PassedPawn): 0-1 {Black wins by adjudication}
Score of PassedPawn vs Magic: 417 - 496 - 359  [0.469] 1272
Started game 1285 of 10000 (PassedPawn vs Magic)
Finished game 1273 (PassedPawn vs Magic): 1/2-1/2 {Draw by 3-fold repetition}
Score of PassedPawn vs Magic: 417 - 496 - 360  [0.469] 1273
Started game 1286 of 10000 (Magic vs PassedPawn)
Finished game 1264 (Magic vs PassedPawn): 1-0 {White wins by adjudication}
Score of PassedPawn vs Magic: 417 - 497 - 360  [0.469] 1274
Started game 1287 of 10000 (PassedPawn vs Magic)
Finished game 1276 (Magic vs PassedPawn): 0-1 {Black wins by adjudication}
Score of PassedPawn vs Magic: 418 - 497 - 360  [0.469] 1275
Started game 1288 of 10000 (Magic vs PassedPawn)
Finished game 1280 (Magic vs PassedPawn): 1-0 {White wins by adjudication}
Score of PassedPawn vs Magic: 418 - 498 - 360  [0.469] 1276
Started game 1289 of 10000 (PassedPawn vs Magic)
Finished game 1283 (PassedPawn vs Magic): 1/2-1/2 {Draw by 3-fold repetition}
Score of PassedPawn vs Magic: 418 - 498 - 361  [0.469] 1277
Started game 1290 of 10000 (Magic vs PassedPawn)
Finished game 1279 (PassedPawn vs Magic): 0-1 {Black wins by adjudication}
Score of PassedPawn vs Magic: 418 - 499 - 361  [0.468] 1278
Started game 1291 of 10000 (PassedPawn vs Magic)
Finished game 1275 (PassedPawn vs Magic): 1/2-1/2 {Draw by 3-fold repetition}
Score of PassedPawn vs Magic: 418 - 499 - 362  [0.468] 1279
Started game 1292 of 10000 (Magic vs PassedPawn)
Finished game 1277 (PassedPawn vs Magic): 1-0 {White wins by adjudication}
Score of PassedPawn vs Magic: 419 - 499 - 362  [0.469] 1280
Started game 1293 of 10000 (PassedPawn vs Magic)
Finished game 1282 (Magic vs PassedPawn): 1-0 {White wins by adjudication}
Score of PassedPawn vs Magic: 419 - 500 - 362  [0.468] 1281
Started game 1294 of 10000 (Magic vs PassedPawn)
Finished game 1286 (Magic vs PassedPawn): 1/2-1/2 {Draw by 3-fold repetition}
Score of PassedPawn vs Magic: 419 - 500 - 363  [0.468] 1282
Started game 1295 of 10000 (PassedPawn vs Magic)
Finished game 1281 (PassedPawn vs Magic): 1-0 {White wins by adjudication}
Score of PassedPawn vs Magic: 420 - 500 - 363  [0.469] 1283
Started game 1296 of 10000 (Magic vs PassedPawn)
Finished game 1278 (Magic vs PassedPawn): 1-0 {White wins by adjudication}
Score of PassedPawn vs Magic: 420 - 501 - 363  [0.468] 1284
Started game 1297 of 10000 (PassedPawn vs Magic)
Finished game 1284 (Magic vs PassedPawn): 1-0 {White wins by adjudication}
Score of PassedPawn vs Magic: 420 - 502 - 363  [0.468] 1285
Started game 1298 of 10000 (Magic vs PassedPawn)
Finished game 1285 (PassedPawn vs Magic): 1-0 {White wins by adjudication}
Score of PassedPawn vs Magic: 421 - 502 - 363  [0.469] 1286
Started game 1299 of 10000 (PassedPawn vs Magic)
Finished game 1289 (PassedPawn vs Magic): 1/2-1/2 {Draw by 3-fold repetition}
Score of PassedPawn vs Magic: 421 - 502 - 364  [0.469] 1287
Started game 1300 of 10000 (Magic vs PassedPawn)
Finished game 1294 (Magic vs PassedPawn): 1-0 {White wins by adjudication}
Score of PassedPawn vs Magic: 421 - 503 - 364  [0.468] 1288
Started game 1301 of 10000 (PassedPawn vs Magic)
Finished game 1293 (PassedPawn vs Magic): 0-1 {Black wins by adjudication}
Score of PassedPawn vs Magic: 421 - 504 - 364  [0.468] 1289
Started game 1302 of 10000 (Magic vs PassedPawn)
Finished game 1291 (PassedPawn vs Magic): 0-1 {Black wins by adjudication}
Score of PassedPawn vs Magic: 421 - 505 - 364  [0.467] 1290
Started game 1303 of 10000 (PassedPawn vs Magic)
Finished game 1287 (PassedPawn vs Magic): 0-1 {Black wins by adjudication}
Score of PassedPawn vs Magic: 421 - 506 - 364  [0.467] 1291
Started game 1304 of 10000 (Magic vs PassedPawn)
Finished game 1297 (PassedPawn vs Magic): 0-1 {Black wins by adjudication}
Score of PassedPawn vs Magic: 421 - 507 - 364  [0.467] 1292
Started game 1305 of 10000 (PassedPawn vs Magic)
Finished game 1288 (Magic vs PassedPawn): 1/2-1/2 {Draw by insufficient mating material}
Score of PassedPawn vs Magic: 421 - 507 - 365  [0.467] 1293
Started game 1306 of 10000 (Magic vs PassedPawn)
Finished game 1290 (Magic vs PassedPawn): 0-1 {Black wins by adjudication}
Score of PassedPawn vs Magic: 422 - 507 - 365  [0.467] 1294
Started game 1307 of 10000 (PassedPawn vs Magic)
Finished game 1292 (Magic vs PassedPawn): 0-1 {Black wins by adjudication}
Score of PassedPawn vs Magic: 423 - 507 - 365  [0.468] 1295
Started game 1308 of 10000 (Magic vs PassedPawn)
Finished game 1298 (Magic vs PassedPawn): 0-1 {Black wins by adjudication}
Score of PassedPawn vs Magic: 424 - 507 - 365  [0.468] 1296
Started game 1309 of 10000 (PassedPawn vs Magic)
Finished game 1300 (Magic vs PassedPawn): 1-0 {White wins by adjudication}
Score of PassedPawn vs Magic: 424 - 508 - 365  [0.468] 1297
Started game 1310 of 10000 (Magic vs PassedPawn)
Finished game 1295 (PassedPawn vs Magic): 0-1 {Black wins by adjudication}
Score of PassedPawn vs Magic: 424 - 509 - 365  [0.467] 1298
Started game 1311 of 10000 (PassedPawn vs Magic)
Finished game 1299 (PassedPawn vs Magic): 0-1 {Black mates}
Score of PassedPawn vs Magic: 424 - 510 - 365  [0.467] 1299
Started game 1312 of 10000 (Magic vs PassedPawn)
Finished game 1296 (Magic vs PassedPawn): 1-0 {White wins by adjudication}
Score of PassedPawn vs Magic: 424 - 511 - 365  [0.467] 1300
Started game 1313 of 10000 (PassedPawn vs Magic)
Finished game 1301 (PassedPawn vs Magic): 0-1 {Black wins by adjudication}
Score of PassedPawn vs Magic: 424 - 512 - 365  [0.466] 1301
Started game 1314 of 10000 (Magic vs PassedPawn)
Finished game 1302 (Magic vs PassedPawn): 1-0 {White wins by adjudication}
Score of PassedPawn vs Magic: 424 - 513 - 365  [0.466] 1302
Started game 1315 of 10000 (PassedPawn vs Magic)
Finished game 1307 (PassedPawn vs Magic): 1-0 {White wins by adjudication}
Score of PassedPawn vs Magic: 425 - 513 - 365  [0.466] 1303
Started game 1316 of 10000 (Magic vs PassedPawn)
Finished game 1305 (PassedPawn vs Magic): 1/2-1/2 {Draw by 3-fold repetition}
Score of PassedPawn vs Magic: 425 - 513 - 366  [0.466] 1304
Started game 1317 of 10000 (PassedPawn vs Magic)
Finished game 1304 (Magic vs PassedPawn): 0-1 {Black wins by adjudication}
Score of PassedPawn vs Magic: 426 - 513 - 366  [0.467] 1305
Started game 1318 of 10000 (Magic vs PassedPawn)
Finished game 1308 (Magic vs PassedPawn): 1-0 {White wins by adjudication}
Score of PassedPawn vs Magic: 426 - 514 - 366  [0.466] 1306
Started game 1319 of 10000 (PassedPawn vs Magic)
Finished game 1306 (Magic vs PassedPawn): 0-1 {Black wins by adjudication}
Score of PassedPawn vs Magic: 427 - 514 - 366  [0.467] 1307
Started game 1320 of 10000 (Magic vs PassedPawn)
Finished game 1311 (PassedPawn vs Magic): 0-1 {Black wins by adjudication}
Score of PassedPawn vs Magic: 427 - 515 - 366  [0.466] 1308
Started game 1321 of 10000 (PassedPawn vs Magic)
Finished game 1310 (Magic vs PassedPawn): 0-1 {Black wins by adjudication}
Score of PassedPawn vs Magic: 428 - 515 - 366  [0.467] 1309
Started game 1322 of 10000 (Magic vs PassedPawn)
Finished game 1303 (PassedPawn vs Magic): 1/2-1/2 {Draw by insufficient mating material}
Score of PassedPawn vs Magic: 428 - 515 - 367  [0.467] 1310
Started game 1323 of 10000 (PassedPawn vs Magic)
Finished game 1312 (Magic vs PassedPawn): 1-0 {White wins by adjudication}
Score of PassedPawn vs Magic: 428 - 516 - 367  [0.466] 1311
Started game 1324 of 10000 (Magic vs PassedPawn)
Finished game 1314 (Magic vs PassedPawn): 1/2-1/2 {Draw by insufficient mating material}
Score of PassedPawn vs Magic: 428 - 516 - 368  [0.466] 1312
Started game 1325 of 10000 (PassedPawn vs Magic)
Finished game 1309 (PassedPawn vs Magic): 0-1 {Black wins by adjudication}
Score of PassedPawn vs Magic: 428 - 517 - 368  [0.466] 1313
Started game 1326 of 10000 (Magic vs PassedPawn)
Finished game 1313 (PassedPawn vs Magic): 1-0 {White wins by adjudication}
Score of PassedPawn vs Magic: 429 - 517 - 368  [0.467] 1314
Started game 1327 of 10000 (PassedPawn vs Magic)
Finished game 1316 (Magic vs PassedPawn): 1/2-1/2 {Draw by 3-fold repetition}
Score of PassedPawn vs Magic: 429 - 517 - 369  [0.467] 1315
Started game 1328 of 10000 (Magic vs PassedPawn)
Finished game 1320 (Magic vs PassedPawn): 0-1 {Black wins by adjudication}
Score of PassedPawn vs Magic: 430 - 517 - 369  [0.467] 1316
Started game 1329 of 10000 (PassedPawn vs Magic)
Finished game 1317 (PassedPawn vs Magic): 0-1 {Black wins by adjudication}
Score of PassedPawn vs Magic: 430 - 518 - 369  [0.467] 1317
Started game 1330 of 10000 (Magic vs PassedPawn)
Finished game 1319 (PassedPawn vs Magic): 1/2-1/2 {Draw by insufficient mating material}
Score of PassedPawn vs Magic: 430 - 518 - 370  [0.467] 1318
Started game 1331 of 10000 (PassedPawn vs Magic)
Finished game 1318 (Magic vs PassedPawn): 0-1 {Black wins by adjudication}
Score of PassedPawn vs Magic: 431 - 518 - 370  [0.467] 1319
Started game 1332 of 10000 (Magic vs PassedPawn)
Finished game 1323 (PassedPawn vs Magic): 0-1 {Black wins by adjudication}
Score of PassedPawn vs Magic: 431 - 519 - 370  [0.467] 1320
Started game 1333 of 10000 (PassedPawn vs Magic)
Finished game 1322 (Magic vs PassedPawn): 1/2-1/2 {Draw by insufficient mating material}
Score of PassedPawn vs Magic: 431 - 519 - 371  [0.467] 1321
Started game 1334 of 10000 (Magic vs PassedPawn)
Finished game 1327 (PassedPawn vs Magic): 1/2-1/2 {Draw by 3-fold repetition}
Score of PassedPawn vs Magic: 431 - 519 - 372  [0.467] 1322
Started game 1335 of 10000 (PassedPawn vs Magic)
Finished game 1325 (PassedPawn vs Magic): 1/2-1/2 {Draw by fifty moves rule}
Score of PassedPawn vs Magic: 431 - 519 - 373  [0.467] 1323
Started game 1336 of 10000 (Magic vs PassedPawn)
Finished game 1324 (Magic vs PassedPawn): 0-1 {Black wins by adjudication}
Score of PassedPawn vs Magic: 432 - 519 - 373  [0.467] 1324
Started game 1337 of 10000 (PassedPawn vs Magic)
Finished game 1315 (PassedPawn vs Magic): 1/2-1/2 {Draw by fifty moves rule}
Score of PassedPawn vs Magic: 432 - 519 - 374  [0.467] 1325
Started game 1338 of 10000 (Magic vs PassedPawn)
Finished game 1321 (PassedPawn vs Magic): 1/2-1/2 {Draw by 3-fold repetition}
Score of PassedPawn vs Magic: 432 - 519 - 375  [0.467] 1326
Started game 1339 of 10000 (PassedPawn vs Magic)
Finished game 1326 (Magic vs PassedPawn): 1-0 {White wins by adjudication}
Score of PassedPawn vs Magic: 432 - 520 - 375  [0.467] 1327
Started game 1340 of 10000 (Magic vs PassedPawn)
Finished game 1331 (PassedPawn vs Magic): 0-1 {Black wins by adjudication}
Score of PassedPawn vs Magic: 432 - 521 - 375  [0.466] 1328
Started game 1341 of 10000 (PassedPawn vs Magic)
Finished game 1330 (Magic vs PassedPawn): 0-1 {Black wins by adjudication}
Score of PassedPawn vs Magic: 433 - 521 - 375  [0.467] 1329
Started game 1342 of 10000 (Magic vs PassedPawn)
Finished game 1328 (Magic vs PassedPawn): 1/2-1/2 {Draw by adjudication}
Score of PassedPawn vs Magic: 433 - 521 - 376  [0.467] 1330
Started game 1343 of 10000 (PassedPawn vs Magic)
Finished game 1332 (Magic vs PassedPawn): 1/2-1/2 {Draw by 3-fold repetition}
Score of PassedPawn vs Magic: 433 - 521 - 377  [0.467] 1331
Started game 1344 of 10000 (Magic vs PassedPawn)
Finished game 1329 (PassedPawn vs Magic): 1/2-1/2 {Draw by insufficient mating material}
Score of PassedPawn vs Magic: 433 - 521 - 378  [0.467] 1332
Started game 1345 of 10000 (PassedPawn vs Magic)
Finished game 1334 (Magic vs PassedPawn): 0-1 {Black wins by adjudication}
Score of PassedPawn vs Magic: 434 - 521 - 378  [0.467] 1333
Started game 1346 of 10000 (Magic vs PassedPawn)
Finished game 1333 (PassedPawn vs Magic): 0-1 {Black wins by adjudication}
Score of PassedPawn vs Magic: 434 - 522 - 378  [0.467] 1334
Started game 1347 of 10000 (PassedPawn vs Magic)
Finished game 1335 (PassedPawn vs Magic): 1/2-1/2 {Draw by adjudication}
Score of PassedPawn vs Magic: 434 - 522 - 379  [0.467] 1335
Started game 1348 of 10000 (Magic vs PassedPawn)
Finished game 1337 (PassedPawn vs Magic): 1/2-1/2 {Draw by adjudication}
Score of PassedPawn vs Magic: 434 - 522 - 380  [0.467] 1336
Started game 1349 of 10000 (PassedPawn vs Magic)
Finished game 1341 (PassedPawn vs Magic): 0-1 {Black wins by adjudication}
Score of PassedPawn vs Magic: 434 - 523 - 380  [0.467] 1337
Started game 1350 of 10000 (Magic vs PassedPawn)
Finished game 1340 (Magic vs PassedPawn): 1-0 {White wins by adjudication}
Score of PassedPawn vs Magic: 434 - 524 - 380  [0.466] 1338
Started game 1351 of 10000 (PassedPawn vs Magic)
Finished game 1338 (Magic vs PassedPawn): 1-0 {White wins by adjudication}
Score of PassedPawn vs Magic: 434 - 525 - 380  [0.466] 1339
Started game 1352 of 10000 (Magic vs PassedPawn)
Finished game 1343 (PassedPawn vs Magic): 0-1 {Black wins by adjudication}
Score of PassedPawn vs Magic: 434 - 526 - 380  [0.466] 1340
Started game 1353 of 10000 (PassedPawn vs Magic)
Finished game 1342 (Magic vs PassedPawn): 1-0 {White wins by adjudication}
Score of PassedPawn vs Magic: 434 - 527 - 380  [0.465] 1341
Started game 1354 of 10000 (Magic vs PassedPawn)
Finished game 1344 (Magic vs PassedPawn): 1-0 {White wins by adjudication}
Score of PassedPawn vs Magic: 434 - 528 - 380  [0.465] 1342
Started game 1355 of 10000 (PassedPawn vs Magic)
Finished game 1346 (Magic vs PassedPawn): 0-1 {Black wins by adjudication}
Score of PassedPawn vs Magic: 435 - 528 - 380  [0.465] 1343
Started game 1356 of 10000 (Magic vs PassedPawn)
Finished game 1350 (Magic vs PassedPawn): 1-0 {White wins by adjudication}
Score of PassedPawn vs Magic: 435 - 529 - 380  [0.465] 1344
Started game 1357 of 10000 (PassedPawn vs Magic)
Finished game 1339 (PassedPawn vs Magic): 1/2-1/2 {Draw by fifty moves rule}
Score of PassedPawn vs Magic: 435 - 529 - 381  [0.465] 1345
Started game 1358 of 10000 (Magic vs PassedPawn)
Finished game 1345 (PassedPawn vs Magic): 1-0 {White wins by adjudication}
Score of PassedPawn vs Magic: 436 - 529 - 381  [0.465] 1346
Started game 1359 of 10000 (PassedPawn vs Magic)
Finished game 1347 (PassedPawn vs Magic): 1/2-1/2 {Draw by 3-fold repetition}
Score of PassedPawn vs Magic: 436 - 529 - 382  [0.465] 1347
Started game 1360 of 10000 (Magic vs PassedPawn)
Finished game 1336 (Magic vs PassedPawn): 1-0 {White wins by adjudication}
Score of PassedPawn vs Magic: 436 - 530 - 382  [0.465] 1348
Started game 1361 of 10000 (PassedPawn vs Magic)
Finished game 1349 (PassedPawn vs Magic): 0-1 {Black wins by adjudication}
Score of PassedPawn vs Magic: 436 - 531 - 382  [0.465] 1349
Started game 1362 of 10000 (Magic vs PassedPawn)
Finished game 1359 (PassedPawn vs Magic): 1/2-1/2 {Draw by 3-fold repetition}
Score of PassedPawn vs Magic: 436 - 531 - 383  [0.465] 1350
Started game 1363 of 10000 (PassedPawn vs Magic)
Finished game 1353 (PassedPawn vs Magic): 1-0 {White wins by adjudication}
Score of PassedPawn vs Magic: 437 - 531 - 383  [0.465] 1351
Started game 1364 of 10000 (Magic vs PassedPawn)
Finished game 1348 (Magic vs PassedPawn): 1-0 {White mates}
Score of PassedPawn vs Magic: 437 - 532 - 383  [0.465] 1352
Started game 1365 of 10000 (PassedPawn vs Magic)
Finished game 1351 (PassedPawn vs Magic): 1/2-1/2 {Draw by 3-fold repetition}
Score of PassedPawn vs Magic: 437 - 532 - 384  [0.465] 1353
Started game 1366 of 10000 (Magic vs PassedPawn)
Finished game 1354 (Magic vs PassedPawn): 1/2-1/2 {Draw by 3-fold repetition}
Score of PassedPawn vs Magic: 437 - 532 - 385  [0.465] 1354
Started game 1367 of 10000 (PassedPawn vs Magic)
Finished game 1356 (Magic vs PassedPawn): 1-0 {White wins by adjudication}
Score of PassedPawn vs Magic: 437 - 533 - 385  [0.465] 1355
Started game 1368 of 10000 (Magic vs PassedPawn)
Finished game 1361 (PassedPawn vs Magic): 1-0 {White wins by adjudication}
Score of PassedPawn vs Magic: 438 - 533 - 385  [0.465] 1356
Started game 1369 of 10000 (PassedPawn vs Magic)
Finished game 1357 (PassedPawn vs Magic): 1-0 {White wins by adjudication}
Score of PassedPawn vs Magic: 439 - 533 - 385  [0.465] 1357
Started game 1370 of 10000 (Magic vs PassedPawn)
Finished game 1363 (PassedPawn vs Magic): 0-1 {Black wins by adjudication}
Score of PassedPawn vs Magic: 439 - 534 - 385  [0.465] 1358
Started game 1371 of 10000 (PassedPawn vs Magic)
Finished game 1362 (Magic vs PassedPawn): 0-1 {Black wins by adjudication}
Score of PassedPawn vs Magic: 440 - 534 - 385  [0.465] 1359
Started game 1372 of 10000 (Magic vs PassedPawn)
Finished game 1360 (Magic vs PassedPawn): 1-0 {White wins by adjudication}
Score of PassedPawn vs Magic: 440 - 535 - 385  [0.465] 1360
Started game 1373 of 10000 (PassedPawn vs Magic)
Finished game 1352 (Magic vs PassedPawn): 1/2-1/2 {Draw by 3-fold repetition}
Score of PassedPawn vs Magic: 440 - 535 - 386  [0.465] 1361
Started game 1374 of 10000 (Magic vs PassedPawn)
Finished game 1355 (PassedPawn vs Magic): 1/2-1/2 {Draw by fifty moves rule}
Score of PassedPawn vs Magic: 440 - 535 - 387  [0.465] 1362
Started game 1375 of 10000 (PassedPawn vs Magic)
Finished game 1364 (Magic vs PassedPawn): 1-0 {White wins by adjudication}
Score of PassedPawn vs Magic: 440 - 536 - 387  [0.465] 1363
Started game 1376 of 10000 (Magic vs PassedPawn)
Finished game 1358 (Magic vs PassedPawn): 1-0 {White wins by adjudication}
Score of PassedPawn vs Magic: 440 - 537 - 387  [0.464] 1364
Started game 1377 of 10000 (PassedPawn vs Magic)
Finished game 1365 (PassedPawn vs Magic): 1-0 {White wins by adjudication}
Score of PassedPawn vs Magic: 441 - 537 - 387  [0.465] 1365
Started game 1378 of 10000 (Magic vs PassedPawn)
Finished game 1369 (PassedPawn vs Magic): 0-1 {Black wins by adjudication}
Score of PassedPawn vs Magic: 441 - 538 - 387  [0.464] 1366
Started game 1379 of 10000 (PassedPawn vs Magic)
Finished game 1370 (Magic vs PassedPawn): 1/2-1/2 {Draw by 3-fold repetition}
Score of PassedPawn vs Magic: 441 - 538 - 388  [0.465] 1367
Started game 1380 of 10000 (Magic vs PassedPawn)
Finished game 1367 (PassedPawn vs Magic): 0-1 {Black wins by adjudication}
Score of PassedPawn vs Magic: 441 - 539 - 388  [0.464] 1368
Started game 1381 of 10000 (PassedPawn vs Magic)
Finished game 1373 (PassedPawn vs Magic): 1-0 {White wins by adjudication}
Score of PassedPawn vs Magic: 442 - 539 - 388  [0.465] 1369
Started game 1382 of 10000 (Magic vs PassedPawn)
Finished game 1366 (Magic vs PassedPawn): 0-1 {Black wins by adjudication}
Score of PassedPawn vs Magic: 443 - 539 - 388  [0.465] 1370
Started game 1383 of 10000 (PassedPawn vs Magic)
Finished game 1371 (PassedPawn vs Magic): 0-1 {Black wins by adjudication}
Score of PassedPawn vs Magic: 443 - 540 - 388  [0.465] 1371
Started game 1384 of 10000 (Magic vs PassedPawn)
Finished game 1380 (Magic vs PassedPawn): 1-0 {White wins by adjudication}
Score of PassedPawn vs Magic: 443 - 541 - 388  [0.464] 1372
Started game 1385 of 10000 (PassedPawn vs Magic)
Finished game 1368 (Magic vs PassedPawn): 1/2-1/2 {Draw by fifty moves rule}
Score of PassedPawn vs Magic: 443 - 541 - 389  [0.464] 1373
Started game 1386 of 10000 (Magic vs PassedPawn)
Finished game 1372 (Magic vs PassedPawn): 1-0 {White wins by adjudication}
Score of PassedPawn vs Magic: 443 - 542 - 389  [0.464] 1374
Started game 1387 of 10000 (PassedPawn vs Magic)
Finished game 1377 (PassedPawn vs Magic): 0-1 {Black wins by adjudication}
Score of PassedPawn vs Magic: 443 - 543 - 389  [0.464] 1375
Started game 1388 of 10000 (Magic vs PassedPawn)
Finished game 1375 (PassedPawn vs Magic): 1-0 {White wins by adjudication}
Score of PassedPawn vs Magic: 444 - 543 - 389  [0.464] 1376
Started game 1389 of 10000 (PassedPawn vs Magic)
Finished game 1382 (Magic vs PassedPawn): 1/2-1/2 {Draw by 3-fold repetition}
Score of PassedPawn vs Magic: 444 - 543 - 390  [0.464] 1377
Started game 1390 of 10000 (Magic vs PassedPawn)
Finished game 1374 (Magic vs PassedPawn): 0-1 {Black wins by adjudication}
Score of PassedPawn vs Magic: 445 - 543 - 390  [0.464] 1378
Started game 1391 of 10000 (PassedPawn vs Magic)
Finished game 1376 (Magic vs PassedPawn): 1/2-1/2 {Draw by insufficient mating material}
Score of PassedPawn vs Magic: 445 - 543 - 391  [0.464] 1379
Started game 1392 of 10000 (Magic vs PassedPawn)
Finished game 1379 (PassedPawn vs Magic): 1-0 {White wins by adjudication}
Score of PassedPawn vs Magic: 446 - 543 - 391  [0.465] 1380
Started game 1393 of 10000 (PassedPawn vs Magic)
Finished game 1378 (Magic vs PassedPawn): 0-1 {Black wins by adjudication}
Score of PassedPawn vs Magic: 447 - 543 - 391  [0.465] 1381
Started game 1394 of 10000 (Magic vs PassedPawn)
Finished game 1381 (PassedPawn vs Magic): 0-1 {Black wins by adjudication}
Score of PassedPawn vs Magic: 447 - 544 - 391  [0.465] 1382
Started game 1395 of 10000 (PassedPawn vs Magic)
Finished game 1383 (PassedPawn vs Magic): 1-0 {White wins by adjudication}
Score of PassedPawn vs Magic: 448 - 544 - 391  [0.465] 1383
Started game 1396 of 10000 (Magic vs PassedPawn)
Finished game 1385 (PassedPawn vs Magic): 1-0 {White wins by adjudication}
Score of PassedPawn vs Magic: 449 - 544 - 391  [0.466] 1384
Started game 1397 of 10000 (PassedPawn vs Magic)
Finished game 1388 (Magic vs PassedPawn): 1-0 {White wins by adjudication}
Score of PassedPawn vs Magic: 449 - 545 - 391  [0.465] 1385
Started game 1398 of 10000 (Magic vs PassedPawn)
Finished game 1389 (PassedPawn vs Magic): 0-1 {Black wins by adjudication}
Score of PassedPawn vs Magic: 449 - 546 - 391  [0.465] 1386
Started game 1399 of 10000 (PassedPawn vs Magic)
Finished game 1384 (Magic vs PassedPawn): 0-1 {Black wins by adjudication}
Score of PassedPawn vs Magic: 450 - 546 - 391  [0.465] 1387
Started game 1400 of 10000 (Magic vs PassedPawn)
Finished game 1386 (Magic vs PassedPawn): 0-1 {Black wins by adjudication}
Score of PassedPawn vs Magic: 451 - 546 - 391  [0.466] 1388
Started game 1401 of 10000 (PassedPawn vs Magic)
Finished game 1387 (PassedPawn vs Magic): 1/2-1/2 {Draw by insufficient mating material}
Score of PassedPawn vs Magic: 451 - 546 - 392  [0.466] 1389
Started game 1402 of 10000 (Magic vs PassedPawn)
Finished game 1395 (PassedPawn vs Magic): 0-1 {Black wins by adjudication}
Score of PassedPawn vs Magic: 451 - 547 - 392  [0.465] 1390
Started game 1403 of 10000 (PassedPawn vs Magic)
Finished game 1391 (PassedPawn vs Magic): 0-1 {Black wins by adjudication}
Score of PassedPawn vs Magic: 451 - 548 - 392  [0.465] 1391
Started game 1404 of 10000 (Magic vs PassedPawn)
Finished game 1390 (Magic vs PassedPawn): 1-0 {White wins by adjudication}
Score of PassedPawn vs Magic: 451 - 549 - 392  [0.465] 1392
Started game 1405 of 10000 (PassedPawn vs Magic)
Finished game 1394 (Magic vs PassedPawn): 1-0 {White wins by adjudication}
Score of PassedPawn vs Magic: 451 - 550 - 392  [0.464] 1393
Started game 1406 of 10000 (Magic vs PassedPawn)
Finished game 1393 (PassedPawn vs Magic): 1/2-1/2 {Draw by insufficient mating material}
Score of PassedPawn vs Magic: 451 - 550 - 393  [0.464] 1394
Started game 1407 of 10000 (PassedPawn vs Magic)
Finished game 1397 (PassedPawn vs Magic): 1-0 {White wins by adjudication}
Score of PassedPawn vs Magic: 452 - 550 - 393  [0.465] 1395
Started game 1408 of 10000 (Magic vs PassedPawn)
Finished game 1400 (Magic vs PassedPawn): 0-1 {Black wins by adjudication}
Score of PassedPawn vs Magic: 453 - 550 - 393  [0.465] 1396
Started game 1409 of 10000 (PassedPawn vs Magic)
Finished game 1392 (Magic vs PassedPawn): 1/2-1/2 {Draw by insufficient mating material}
Score of PassedPawn vs Magic: 453 - 550 - 394  [0.465] 1397
Started game 1410 of 10000 (Magic vs PassedPawn)
Finished game 1399 (PassedPawn vs Magic): 1/2-1/2 {Draw by adjudication}
Score of PassedPawn vs Magic: 453 - 550 - 395  [0.465] 1398
Started game 1411 of 10000 (PassedPawn vs Magic)
Finished game 1402 (Magic vs PassedPawn): 1/2-1/2 {Draw by stalemate}
Score of PassedPawn vs Magic: 453 - 550 - 396  [0.465] 1399
Started game 1412 of 10000 (Magic vs PassedPawn)
Finished game 1398 (Magic vs PassedPawn): 1-0 {White wins by adjudication}
Score of PassedPawn vs Magic: 453 - 551 - 396  [0.465] 1400
Started game 1413 of 10000 (PassedPawn vs Magic)
Finished game 1404 (Magic vs PassedPawn): 1-0 {White wins by adjudication}
Score of PassedPawn vs Magic: 453 - 552 - 396  [0.465] 1401
Started game 1414 of 10000 (Magic vs PassedPawn)
Finished game 1396 (Magic vs PassedPawn): 1/2-1/2 {Draw by fifty moves rule}
Score of PassedPawn vs Magic: 453 - 552 - 397  [0.465] 1402
Started game 1415 of 10000 (PassedPawn vs Magic)
Finished game 1403 (PassedPawn vs Magic): 1-0 {White wins by adjudication}
Score of PassedPawn vs Magic: 454 - 552 - 397  [0.465] 1403
Started game 1416 of 10000 (Magic vs PassedPawn)
Finished game 1406 (Magic vs PassedPawn): 0-1 {Black wins by adjudication}
Score of PassedPawn vs Magic: 455 - 552 - 397  [0.465] 1404
Started game 1417 of 10000 (PassedPawn vs Magic)
Finished game 1405 (PassedPawn vs Magic): 1-0 {White wins by adjudication}
Score of PassedPawn vs Magic: 456 - 552 - 397  [0.466] 1405
Started game 1418 of 10000 (Magic vs PassedPawn)
Finished game 1401 (PassedPawn vs Magic): 1/2-1/2 {Draw by insufficient mating material}
Score of PassedPawn vs Magic: 456 - 552 - 398  [0.466] 1406
Started game 1419 of 10000 (PassedPawn vs Magic)
Finished game 1407 (PassedPawn vs Magic): 0-1 {Black wins by adjudication}
Score of PassedPawn vs Magic: 456 - 553 - 398  [0.466] 1407
Started game 1420 of 10000 (Magic vs PassedPawn)
Finished game 1411 (PassedPawn vs Magic): 0-1 {Black wins by adjudication}
Score of PassedPawn vs Magic: 456 - 554 - 398  [0.465] 1408
Started game 1421 of 10000 (PassedPawn vs Magic)
Finished game 1408 (Magic vs PassedPawn): 1-0 {White wins by adjudication}
Score of PassedPawn vs Magic: 456 - 555 - 398  [0.465] 1409
Started game 1422 of 10000 (Magic vs PassedPawn)
Finished game 1410 (Magic vs PassedPawn): 1-0 {White wins by adjudication}
Score of PassedPawn vs Magic: 456 - 556 - 398  [0.465] 1410
Started game 1423 of 10000 (PassedPawn vs Magic)
Finished game 1409 (PassedPawn vs Magic): 0-1 {Black wins by adjudication}
Score of PassedPawn vs Magic: 456 - 557 - 398  [0.464] 1411
Started game 1424 of 10000 (Magic vs PassedPawn)
Finished game 1412 (Magic vs PassedPawn): 1-0 {White wins by adjudication}
Score of PassedPawn vs Magic: 456 - 558 - 398  [0.464] 1412
Started game 1425 of 10000 (PassedPawn vs Magic)
Finished game 1414 (Magic vs PassedPawn): 1-0 {White wins by adjudication}
Score of PassedPawn vs Magic: 456 - 559 - 398  [0.464] 1413
Started game 1426 of 10000 (Magic vs PassedPawn)
Finished game 1413 (PassedPawn vs Magic): 1-0 {White wins by adjudication}
Score of PassedPawn vs Magic: 457 - 559 - 398  [0.464] 1414
Started game 1427 of 10000 (PassedPawn vs Magic)
Finished game 1416 (Magic vs PassedPawn): 1-0 {White wins by adjudication}
Score of PassedPawn vs Magic: 457 - 560 - 398  [0.464] 1415
Started game 1428 of 10000 (Magic vs PassedPawn)
Finished game 1417 (PassedPawn vs Magic): 1-0 {White wins by adjudication}
Score of PassedPawn vs Magic: 458 - 560 - 398  [0.464] 1416
Started game 1429 of 10000 (PassedPawn vs Magic)
Finished game 1415 (PassedPawn vs Magic): 1/2-1/2 {Draw by adjudication}
Score of PassedPawn vs Magic: 458 - 560 - 399  [0.464] 1417
Started game 1430 of 10000 (Magic vs PassedPawn)
Finished game 1419 (PassedPawn vs Magic): 1/2-1/2 {Draw by 3-fold repetition}
Score of PassedPawn vs Magic: 458 - 560 - 400  [0.464] 1418
Started game 1431 of 10000 (PassedPawn vs Magic)
Finished game 1418 (Magic vs PassedPawn): 1-0 {White wins by adjudication}
Score of PassedPawn vs Magic: 458 - 561 - 400  [0.464] 1419
Started game 1432 of 10000 (Magic vs PassedPawn)
Finished game 1422 (Magic vs PassedPawn): 1/2-1/2 {Draw by 3-fold repetition}
Score of PassedPawn vs Magic: 458 - 561 - 401  [0.464] 1420
Started game 1433 of 10000 (PassedPawn vs Magic)
Finished game 1420 (Magic vs PassedPawn): 0-1 {Black wins by adjudication}
Score of PassedPawn vs Magic: 459 - 561 - 401  [0.464] 1421
Started game 1434 of 10000 (Magic vs PassedPawn)
Finished game 1425 (PassedPawn vs Magic): 0-1 {Black wins by adjudication}
Score of PassedPawn vs Magic: 459 - 562 - 401  [0.464] 1422
Started game 1435 of 10000 (PassedPawn vs Magic)
Finished game 1424 (Magic vs PassedPawn): 1-0 {White wins by adjudication}
Score of PassedPawn vs Magic: 459 - 563 - 401  [0.463] 1423
Started game 1436 of 10000 (Magic vs PassedPawn)
Finished game 1423 (PassedPawn vs Magic): 1-0 {White wins by adjudication}
Score of PassedPawn vs Magic: 460 - 563 - 401  [0.464] 1424
Started game 1437 of 10000 (PassedPawn vs Magic)
Finished game 1426 (Magic vs PassedPawn): 1/2-1/2 {Draw by 3-fold repetition}
Score of PassedPawn vs Magic: 460 - 563 - 402  [0.464] 1425
Started game 1438 of 10000 (Magic vs PassedPawn)
Finished game 1427 (PassedPawn vs Magic): 1-0 {White wins by adjudication}
Score of PassedPawn vs Magic: 461 - 563 - 402  [0.464] 1426
Started game 1439 of 10000 (PassedPawn vs Magic)
Finished game 1428 (Magic vs PassedPawn): 1-0 {White wins by adjudication}
Score of PassedPawn vs Magic: 461 - 564 - 402  [0.464] 1427
Started game 1440 of 10000 (Magic vs PassedPawn)
Finished game 1421 (PassedPawn vs Magic): 1/2-1/2 {Draw by insufficient mating material}
Score of PassedPawn vs Magic: 461 - 564 - 403  [0.464] 1428
Started game 1441 of 10000 (PassedPawn vs Magic)
Finished game 1431 (PassedPawn vs Magic): 0-1 {Black wins by adjudication}
Score of PassedPawn vs Magic: 461 - 565 - 403  [0.464] 1429
Started game 1442 of 10000 (Magic vs PassedPawn)
Finished game 1430 (Magic vs PassedPawn): 1/2-1/2 {Draw by insufficient mating material}
Score of PassedPawn vs Magic: 461 - 565 - 404  [0.464] 1430
Started game 1443 of 10000 (PassedPawn vs Magic)
Finished game 1435 (PassedPawn vs Magic): 1-0 {White wins by adjudication}
Score of PassedPawn vs Magic: 462 - 565 - 404  [0.464] 1431
Started game 1444 of 10000 (Magic vs PassedPawn)
Finished game 1429 (PassedPawn vs Magic): 0-1 {Black wins by adjudication}
Score of PassedPawn vs Magic: 462 - 566 - 404  [0.464] 1432
Started game 1445 of 10000 (PassedPawn vs Magic)
Finished game 1433 (PassedPawn vs Magic): 1-0 {White wins by adjudication}
Score of PassedPawn vs Magic: 463 - 566 - 404  [0.464] 1433
Started game 1446 of 10000 (Magic vs PassedPawn)
Finished game 1434 (Magic vs PassedPawn): 1-0 {White wins by adjudication}
Score of PassedPawn vs Magic: 463 - 567 - 404  [0.464] 1434
Started game 1447 of 10000 (PassedPawn vs Magic)
Finished game 1432 (Magic vs PassedPawn): 0-1 {Black wins by adjudication}
Score of PassedPawn vs Magic: 464 - 567 - 404  [0.464] 1435
Started game 1448 of 10000 (Magic vs PassedPawn)
Finished game 1436 (Magic vs PassedPawn): 1-0 {White wins by adjudication}
Score of PassedPawn vs Magic: 464 - 568 - 404  [0.464] 1436
Started game 1449 of 10000 (PassedPawn vs Magic)
Finished game 1440 (Magic vs PassedPawn): 0-1 {Black wins by adjudication}
Score of PassedPawn vs Magic: 465 - 568 - 404  [0.464] 1437
Started game 1450 of 10000 (Magic vs PassedPawn)
Finished game 1438 (Magic vs PassedPawn): 0-1 {Black wins by adjudication}
Score of PassedPawn vs Magic: 466 - 568 - 404  [0.465] 1438
Started game 1451 of 10000 (PassedPawn vs Magic)
Finished game 1437 (PassedPawn vs Magic): 1-0 {White wins by adjudication}
Score of PassedPawn vs Magic: 467 - 568 - 404  [0.465] 1439
Started game 1452 of 10000 (Magic vs PassedPawn)
Finished game 1441 (PassedPawn vs Magic): 1-0 {White wins by adjudication}
Score of PassedPawn vs Magic: 468 - 568 - 404  [0.465] 1440
Started game 1453 of 10000 (PassedPawn vs Magic)
Finished game 1445 (PassedPawn vs Magic): 1-0 {White wins by adjudication}
Score of PassedPawn vs Magic: 469 - 568 - 404  [0.466] 1441
Started game 1454 of 10000 (Magic vs PassedPawn)
Finished game 1442 (Magic vs PassedPawn): 0-1 {Black wins by adjudication}
Score of PassedPawn vs Magic: 470 - 568 - 404  [0.466] 1442
Started game 1455 of 10000 (PassedPawn vs Magic)
Finished game 1446 (Magic vs PassedPawn): 1-0 {White wins by adjudication}
Score of PassedPawn vs Magic: 470 - 569 - 404  [0.466] 1443
Started game 1456 of 10000 (Magic vs PassedPawn)
Finished game 1443 (PassedPawn vs Magic): 1-0 {White wins by adjudication}
Score of PassedPawn vs Magic: 471 - 569 - 404  [0.466] 1444
Started game 1457 of 10000 (PassedPawn vs Magic)
Finished game 1439 (PassedPawn vs Magic): 0-1 {Black wins by adjudication}
Score of PassedPawn vs Magic: 471 - 570 - 404  [0.466] 1445
Started game 1458 of 10000 (Magic vs PassedPawn)
Finished game 1448 (Magic vs PassedPawn): 0-1 {Black wins by adjudication}
Score of PassedPawn vs Magic: 472 - 570 - 404  [0.466] 1446
Started game 1459 of 10000 (PassedPawn vs Magic)
Finished game 1444 (Magic vs PassedPawn): 1-0 {White wins by adjudication}
Score of PassedPawn vs Magic: 472 - 571 - 404  [0.466] 1447
Started game 1460 of 10000 (Magic vs PassedPawn)
Finished game 1450 (Magic vs PassedPawn): 1-0 {White wins by adjudication}
Score of PassedPawn vs Magic: 472 - 572 - 404  [0.465] 1448
Started game 1461 of 10000 (PassedPawn vs Magic)
Finished game 1447 (PassedPawn vs Magic): 1/2-1/2 {Draw by insufficient mating material}
Score of PassedPawn vs Magic: 472 - 572 - 405  [0.465] 1449
Started game 1462 of 10000 (Magic vs PassedPawn)
Finished game 1451 (PassedPawn vs Magic): 1/2-1/2 {Draw by 3-fold repetition}
Score of PassedPawn vs Magic: 472 - 572 - 406  [0.466] 1450
Started game 1463 of 10000 (PassedPawn vs Magic)
Finished game 1449 (PassedPawn vs Magic): 0-1 {Black mates}
Score of PassedPawn vs Magic: 472 - 573 - 406  [0.465] 1451
Started game 1464 of 10000 (Magic vs PassedPawn)
Finished game 1453 (PassedPawn vs Magic): 0-1 {Black wins by adjudication}
Score of PassedPawn vs Magic: 472 - 574 - 406  [0.465] 1452
Started game 1465 of 10000 (PassedPawn vs Magic)
Finished game 1452 (Magic vs PassedPawn): 0-1 {Black wins by adjudication}
Score of PassedPawn vs Magic: 473 - 574 - 406  [0.465] 1453
Started game 1466 of 10000 (Magic vs PassedPawn)
Finished game 1455 (PassedPawn vs Magic): 1/2-1/2 {Draw by stalemate}
Score of PassedPawn vs Magic: 473 - 574 - 407  [0.465] 1454
Started game 1467 of 10000 (PassedPawn vs Magic)
Finished game 1454 (Magic vs PassedPawn): 1/2-1/2 {Draw by insufficient mating material}
Score of PassedPawn vs Magic: 473 - 574 - 408  [0.465] 1455
Started game 1468 of 10000 (Magic vs PassedPawn)
Finished game 1457 (PassedPawn vs Magic): 1-0 {White mates}
Score of PassedPawn vs Magic: 474 - 574 - 408  [0.466] 1456
Started game 1469 of 10000 (PassedPawn vs Magic)
Finished game 1456 (Magic vs PassedPawn): 1/2-1/2 {Draw by insufficient mating material}
Score of PassedPawn vs Magic: 474 - 574 - 409  [0.466] 1457
Started game 1470 of 10000 (Magic vs PassedPawn)
Finished game 1459 (PassedPawn vs Magic): 1/2-1/2 {Draw by 3-fold repetition}
Score of PassedPawn vs Magic: 474 - 574 - 410  [0.466] 1458
Started game 1471 of 10000 (PassedPawn vs Magic)
Finished game 1458 (Magic vs PassedPawn): 1-0 {White wins by adjudication}
Score of PassedPawn vs Magic: 474 - 575 - 410  [0.465] 1459
Started game 1472 of 10000 (Magic vs PassedPawn)
Finished game 1460 (Magic vs PassedPawn): 0-1 {Black wins by adjudication}
Score of PassedPawn vs Magic: 475 - 575 - 410  [0.466] 1460
Started game 1473 of 10000 (PassedPawn vs Magic)
Finished game 1461 (PassedPawn vs Magic): 1/2-1/2 {Draw by 3-fold repetition}
Score of PassedPawn vs Magic: 475 - 575 - 411  [0.466] 1461
Started game 1474 of 10000 (Magic vs PassedPawn)
Finished game 1463 (PassedPawn vs Magic): 0-1 {Black wins by adjudication}
Score of PassedPawn vs Magic: 475 - 576 - 411  [0.465] 1462
Started game 1475 of 10000 (PassedPawn vs Magic)
Finished game 1465 (PassedPawn vs Magic): 1/2-1/2 {Draw by insufficient mating material}
Score of PassedPawn vs Magic: 475 - 576 - 412  [0.465] 1463
Started game 1476 of 10000 (Magic vs PassedPawn)
Finished game 1464 (Magic vs PassedPawn): 1/2-1/2 {Draw by 3-fold repetition}
Score of PassedPawn vs Magic: 475 - 576 - 413  [0.466] 1464
Started game 1477 of 10000 (PassedPawn vs Magic)
Finished game 1470 (Magic vs PassedPawn): 0-1 {Black wins by adjudication}
Score of PassedPawn vs Magic: 476 - 576 - 413  [0.466] 1465
Started game 1478 of 10000 (Magic vs PassedPawn)
Finished game 1468 (Magic vs PassedPawn): 0-1 {Black wins by adjudication}
Score of PassedPawn vs Magic: 477 - 576 - 413  [0.466] 1466
Started game 1479 of 10000 (PassedPawn vs Magic)
Finished game 1462 (Magic vs PassedPawn): 1-0 {White wins by adjudication}
Score of PassedPawn vs Magic: 477 - 577 - 413  [0.466] 1467
Started game 1480 of 10000 (Magic vs PassedPawn)
Finished game 1467 (PassedPawn vs Magic): 0-1 {Black wins by adjudication}
Score of PassedPawn vs Magic: 477 - 578 - 413  [0.466] 1468
Started game 1481 of 10000 (PassedPawn vs Magic)
Finished game 1469 (PassedPawn vs Magic): 0-1 {Black wins by adjudication}
Score of PassedPawn vs Magic: 477 - 579 - 413  [0.465] 1469
Started game 1482 of 10000 (Magic vs PassedPawn)
Finished game 1473 (PassedPawn vs Magic): 1-0 {White wins by adjudication}
Score of PassedPawn vs Magic: 478 - 579 - 413  [0.466] 1470
Started game 1483 of 10000 (PassedPawn vs Magic)
Finished game 1466 (Magic vs PassedPawn): 1/2-1/2 {Draw by insufficient mating material}
Score of PassedPawn vs Magic: 478 - 579 - 414  [0.466] 1471
Started game 1484 of 10000 (Magic vs PassedPawn)
Finished game 1471 (PassedPawn vs Magic): 0-1 {Black wins by adjudication}
Score of PassedPawn vs Magic: 478 - 580 - 414  [0.465] 1472
Started game 1485 of 10000 (PassedPawn vs Magic)
Finished game 1474 (Magic vs PassedPawn): 0-1 {Black wins by adjudication}
Score of PassedPawn vs Magic: 479 - 580 - 414  [0.466] 1473
Started game 1486 of 10000 (Magic vs PassedPawn)
Finished game 1472 (Magic vs PassedPawn): 1/2-1/2 {Draw by adjudication}
Score of PassedPawn vs Magic: 479 - 580 - 415  [0.466] 1474
Started game 1487 of 10000 (PassedPawn vs Magic)
Finished game 1482 (Magic vs PassedPawn): 1-0 {White wins by adjudication}
Score of PassedPawn vs Magic: 479 - 581 - 415  [0.465] 1475
Started game 1488 of 10000 (Magic vs PassedPawn)
Finished game 1479 (PassedPawn vs Magic): 0-1 {Black wins by adjudication}
Score of PassedPawn vs Magic: 479 - 582 - 415  [0.465] 1476
Started game 1489 of 10000 (PassedPawn vs Magic)
Finished game 1477 (PassedPawn vs Magic): 0-1 {Black wins by adjudication}
Score of PassedPawn vs Magic: 479 - 583 - 415  [0.465] 1477
Started game 1490 of 10000 (Magic vs PassedPawn)
Finished game 1478 (Magic vs PassedPawn): 1-0 {White wins by adjudication}
Score of PassedPawn vs Magic: 479 - 584 - 415  [0.464] 1478
Started game 1491 of 10000 (PassedPawn vs Magic)
Finished game 1475 (PassedPawn vs Magic): 0-1 {Black wins by adjudication}
Score of PassedPawn vs Magic: 479 - 585 - 415  [0.464] 1479
Started game 1492 of 10000 (Magic vs PassedPawn)
Finished game 1476 (Magic vs PassedPawn): 1-0 {White wins by adjudication}
Score of PassedPawn vs Magic: 479 - 586 - 415  [0.464] 1480
Started game 1493 of 10000 (PassedPawn vs Magic)
Finished game 1484 (Magic vs PassedPawn): 0-1 {Black wins by adjudication}
Score of PassedPawn vs Magic: 480 - 586 - 415  [0.464] 1481
Started game 1494 of 10000 (Magic vs PassedPawn)
Finished game 1480 (Magic vs PassedPawn): 0-1 {Black wins by adjudication}
Score of PassedPawn vs Magic: 481 - 586 - 415  [0.465] 1482
Started game 1495 of 10000 (PassedPawn vs Magic)
Finished game 1483 (PassedPawn vs Magic): 1-0 {White wins by adjudication}
Score of PassedPawn vs Magic: 482 - 586 - 415  [0.465] 1483
Started game 1496 of 10000 (Magic vs PassedPawn)
Finished game 1489 (PassedPawn vs Magic): 0-1 {Black wins by adjudication}
Score of PassedPawn vs Magic: 482 - 587 - 415  [0.465] 1484
Started game 1497 of 10000 (PassedPawn vs Magic)
Finished game 1486 (Magic vs PassedPawn): 1/2-1/2 {Draw by insufficient mating material}
Score of PassedPawn vs Magic: 482 - 587 - 416  [0.465] 1485
Started game 1498 of 10000 (Magic vs PassedPawn)
Finished game 1488 (Magic vs PassedPawn): 1-0 {White wins by adjudication}
Score of PassedPawn vs Magic: 482 - 588 - 416  [0.464] 1486
Started game 1499 of 10000 (PassedPawn vs Magic)
Finished game 1487 (PassedPawn vs Magic): 1/2-1/2 {Draw by stalemate}
Score of PassedPawn vs Magic: 482 - 588 - 417  [0.464] 1487
Started game 1500 of 10000 (Magic vs PassedPawn)
Finished game 1492 (Magic vs PassedPawn): 0-1 {Black wins by adjudication}
Score of PassedPawn vs Magic: 483 - 588 - 417  [0.465] 1488
Started game 1501 of 10000 (PassedPawn vs Magic)
Finished game 1493 (PassedPawn vs Magic): 1-0 {White wins by adjudication}
Score of PassedPawn vs Magic: 484 - 588 - 417  [0.465] 1489
Started game 1502 of 10000 (Magic vs PassedPawn)
Finished game 1481 (PassedPawn vs Magic): 1/2-1/2 {Draw by fifty moves rule}
Score of PassedPawn vs Magic: 484 - 588 - 418  [0.465] 1490
Started game 1503 of 10000 (PassedPawn vs Magic)
Finished game 1490 (Magic vs PassedPawn): 1/2-1/2 {Draw by insufficient mating material}
Score of PassedPawn vs Magic: 484 - 588 - 419  [0.465] 1491
Started game 1504 of 10000 (Magic vs PassedPawn)
Finished game 1496 (Magic vs PassedPawn): 0-1 {Black wins by adjudication}
Score of PassedPawn vs Magic: 485 - 588 - 419  [0.465] 1492
Started game 1505 of 10000 (PassedPawn vs Magic)
Finished game 1491 (PassedPawn vs Magic): 0-1 {Black wins by adjudication}
Score of PassedPawn vs Magic: 485 - 589 - 419  [0.465] 1493
Started game 1506 of 10000 (Magic vs PassedPawn)
Finished game 1494 (Magic vs PassedPawn): 1-0 {White wins by adjudication}
Score of PassedPawn vs Magic: 485 - 590 - 419  [0.465] 1494
Started game 1507 of 10000 (PassedPawn vs Magic)
Finished game 1485 (PassedPawn vs Magic): 1/2-1/2 {Draw by 3-fold repetition}
Score of PassedPawn vs Magic: 485 - 590 - 420  [0.465] 1495
Started game 1508 of 10000 (Magic vs PassedPawn)
Finished game 1495 (PassedPawn vs Magic): 0-1 {Black wins by adjudication}
Score of PassedPawn vs Magic: 485 - 591 - 420  [0.465] 1496
Started game 1509 of 10000 (PassedPawn vs Magic)
Finished game 1500 (Magic vs PassedPawn): 1-0 {White wins by adjudication}
Score of PassedPawn vs Magic: 485 - 592 - 420  [0.464] 1497
Started game 1510 of 10000 (Magic vs PassedPawn)
Finished game 1499 (PassedPawn vs Magic): 1-0 {White wins by adjudication}
Score of PassedPawn vs Magic: 486 - 592 - 420  [0.465] 1498
Started game 1511 of 10000 (PassedPawn vs Magic)
Finished game 1498 (Magic vs PassedPawn): 1-0 {White wins by adjudication}
Score of PassedPawn vs Magic: 486 - 593 - 420  [0.464] 1499
Started game 1512 of 10000 (Magic vs PassedPawn)
Finished game 1497 (PassedPawn vs Magic): 1-0 {White wins by adjudication}
Score of PassedPawn vs Magic: 487 - 593 - 420  [0.465] 1500
Started game 1513 of 10000 (PassedPawn vs Magic)
Finished game 1505 (PassedPawn vs Magic): 1-0 {White wins by adjudication}
Score of PassedPawn vs Magic: 488 - 593 - 420  [0.465] 1501
Started game 1514 of 10000 (Magic vs PassedPawn)
Finished game 1503 (PassedPawn vs Magic): 0-1 {Black wins by adjudication}
Score of PassedPawn vs Magic: 488 - 594 - 420  [0.465] 1502
Started game 1515 of 10000 (PassedPawn vs Magic)
Finished game 1502 (Magic vs PassedPawn): 1-0 {White wins by adjudication}
Score of PassedPawn vs Magic: 488 - 595 - 420  [0.464] 1503
Started game 1516 of 10000 (Magic vs PassedPawn)
Finished game 1501 (PassedPawn vs Magic): 1/2-1/2 {Draw by 3-fold repetition}
Score of PassedPawn vs Magic: 488 - 595 - 421  [0.464] 1504
Started game 1517 of 10000 (PassedPawn vs Magic)
Finished game 1504 (Magic vs PassedPawn): 1-0 {White wins by adjudication}
Score of PassedPawn vs Magic: 488 - 596 - 421  [0.464] 1505
Started game 1518 of 10000 (Magic vs PassedPawn)
Finished game 1506 (Magic vs PassedPawn): 1-0 {White wins by adjudication}
Score of PassedPawn vs Magic: 488 - 597 - 421  [0.464] 1506
Started game 1519 of 10000 (PassedPawn vs Magic)
Finished game 1507 (PassedPawn vs Magic): 1-0 {White wins by adjudication}
Score of PassedPawn vs Magic: 489 - 597 - 421  [0.464] 1507
Started game 1520 of 10000 (Magic vs PassedPawn)
Finished game 1509 (PassedPawn vs Magic): 1-0 {White wins by adjudication}
Score of PassedPawn vs Magic: 490 - 597 - 421  [0.465] 1508
Started game 1521 of 10000 (PassedPawn vs Magic)
Finished game 1512 (Magic vs PassedPawn): 1-0 {White wins by adjudication}
Score of PassedPawn vs Magic: 490 - 598 - 421  [0.464] 1509
Started game 1522 of 10000 (Magic vs PassedPawn)
Finished game 1510 (Magic vs PassedPawn): 0-1 {Black wins by adjudication}
Score of PassedPawn vs Magic: 491 - 598 - 421  [0.465] 1510
Started game 1523 of 10000 (PassedPawn vs Magic)
Finished game 1508 (Magic vs PassedPawn): 1/2-1/2 {Draw by fifty moves rule}
Score of PassedPawn vs Magic: 491 - 598 - 422  [0.465] 1511
Started game 1524 of 10000 (Magic vs PassedPawn)
Finished game 1518 (Magic vs PassedPawn): 0-1 {Black wins by adjudication}
Score of PassedPawn vs Magic: 492 - 598 - 422  [0.465] 1512
Started game 1525 of 10000 (PassedPawn vs Magic)
Finished game 1513 (PassedPawn vs Magic): 0-1 {Black wins by adjudication}
Score of PassedPawn vs Magic: 492 - 599 - 422  [0.465] 1513
Started game 1526 of 10000 (Magic vs PassedPawn)
Finished game 1515 (PassedPawn vs Magic): 1-0 {White wins by adjudication}
Score of PassedPawn vs Magic: 493 - 599 - 422  [0.465] 1514
Started game 1527 of 10000 (PassedPawn vs Magic)
Finished game 1516 (Magic vs PassedPawn): 1-0 {White wins by adjudication}
Score of PassedPawn vs Magic: 493 - 600 - 422  [0.465] 1515
Started game 1528 of 10000 (Magic vs PassedPawn)
Finished game 1517 (PassedPawn vs Magic): 1-0 {White wins by adjudication}
Score of PassedPawn vs Magic: 494 - 600 - 422  [0.465] 1516
Started game 1529 of 10000 (PassedPawn vs Magic)
Finished game 1511 (PassedPawn vs Magic): 0-1 {Black wins by adjudication}
Score of PassedPawn vs Magic: 494 - 601 - 422  [0.465] 1517
Started game 1530 of 10000 (Magic vs PassedPawn)
Finished game 1519 (PassedPawn vs Magic): 1-0 {White wins by adjudication}
Score of PassedPawn vs Magic: 495 - 601 - 422  [0.465] 1518
Started game 1531 of 10000 (PassedPawn vs Magic)
Finished game 1514 (Magic vs PassedPawn): 0-1 {Black wins by adjudication}
Score of PassedPawn vs Magic: 496 - 601 - 422  [0.465] 1519
Started game 1532 of 10000 (Magic vs PassedPawn)
Finished game 1520 (Magic vs PassedPawn): 1-0 {White wins by adjudication}
Score of PassedPawn vs Magic: 496 - 602 - 422  [0.465] 1520
Started game 1533 of 10000 (PassedPawn vs Magic)
Finished game 1523 (PassedPawn vs Magic): 1-0 {White wins by adjudication}
Score of PassedPawn vs Magic: 497 - 602 - 422  [0.465] 1521
Started game 1534 of 10000 (Magic vs PassedPawn)
Finished game 1524 (Magic vs PassedPawn): 1-0 {White wins by adjudication}
Score of PassedPawn vs Magic: 497 - 603 - 422  [0.465] 1522
Started game 1535 of 10000 (PassedPawn vs Magic)
Finished game 1525 (PassedPawn vs Magic): 0-1 {Black wins by adjudication}
Score of PassedPawn vs Magic: 497 - 604 - 422  [0.465] 1523
Started game 1536 of 10000 (Magic vs PassedPawn)
Finished game 1522 (Magic vs PassedPawn): 1-0 {White wins by adjudication}
Score of PassedPawn vs Magic: 497 - 605 - 422  [0.465] 1524
Started game 1537 of 10000 (PassedPawn vs Magic)
Finished game 1526 (Magic vs PassedPawn): 1-0 {White wins by adjudication}
Score of PassedPawn vs Magic: 497 - 606 - 422  [0.464] 1525
Started game 1538 of 10000 (Magic vs PassedPawn)
Finished game 1527 (PassedPawn vs Magic): 0-1 {Black wins by adjudication}
Score of PassedPawn vs Magic: 497 - 607 - 422  [0.464] 1526
Started game 1539 of 10000 (PassedPawn vs Magic)
Finished game 1521 (PassedPawn vs Magic): 1/2-1/2 {Draw by fifty moves rule}
Score of PassedPawn vs Magic: 497 - 607 - 423  [0.464] 1527
Started game 1540 of 10000 (Magic vs PassedPawn)
Finished game 1528 (Magic vs PassedPawn): 1-0 {White mates}
Score of PassedPawn vs Magic: 497 - 608 - 423  [0.464] 1528
Started game 1541 of 10000 (PassedPawn vs Magic)
Finished game 1529 (PassedPawn vs Magic): 0-1 {Black mates}
Score of PassedPawn vs Magic: 497 - 609 - 423  [0.463] 1529
Started game 1542 of 10000 (Magic vs PassedPawn)
Finished game 1534 (Magic vs PassedPawn): 1/2-1/2 {Draw by 3-fold repetition}
Score of PassedPawn vs Magic: 497 - 609 - 424  [0.463] 1530
Started game 1543 of 10000 (PassedPawn vs Magic)
Finished game 1532 (Magic vs PassedPawn): 1-0 {White wins by adjudication}
Score of PassedPawn vs Magic: 497 - 610 - 424  [0.463] 1531
Started game 1544 of 10000 (Magic vs PassedPawn)
Finished game 1531 (PassedPawn vs Magic): 1/2-1/2 {Draw by insufficient mating material}
Score of PassedPawn vs Magic: 497 - 610 - 425  [0.463] 1532
Started game 1545 of 10000 (PassedPawn vs Magic)
Finished game 1533 (PassedPawn vs Magic): 1/2-1/2 {Draw by adjudication}
Score of PassedPawn vs Magic: 497 - 610 - 426  [0.463] 1533
Started game 1546 of 10000 (Magic vs PassedPawn)
Finished game 1530 (Magic vs PassedPawn): 0-1 {Black wins by adjudication}
Score of PassedPawn vs Magic: 498 - 610 - 426  [0.463] 1534
Started game 1547 of 10000 (PassedPawn vs Magic)
Finished game 1535 (PassedPawn vs Magic): 1-0 {White wins by adjudication}
Score of PassedPawn vs Magic: 499 - 610 - 426  [0.464] 1535
Started game 1548 of 10000 (Magic vs PassedPawn)
Finished game 1536 (Magic vs PassedPawn): 1/2-1/2 {Draw by insufficient mating material}
Score of PassedPawn vs Magic: 499 - 610 - 427  [0.464] 1536
Started game 1549 of 10000 (PassedPawn vs Magic)
Finished game 1538 (Magic vs PassedPawn): 1-0 {White wins by adjudication}
Score of PassedPawn vs Magic: 499 - 611 - 427  [0.464] 1537
Started game 1550 of 10000 (Magic vs PassedPawn)
Finished game 1537 (PassedPawn vs Magic): 1/2-1/2 {Draw by insufficient mating material}
Score of PassedPawn vs Magic: 499 - 611 - 428  [0.464] 1538
Started game 1551 of 10000 (PassedPawn vs Magic)
Finished game 1544 (Magic vs PassedPawn): 1-0 {White wins by adjudication}
Score of PassedPawn vs Magic: 499 - 612 - 428  [0.463] 1539
Started game 1552 of 10000 (Magic vs PassedPawn)
Finished game 1540 (Magic vs PassedPawn): 1-0 {White wins by adjudication}
Score of PassedPawn vs Magic: 499 - 613 - 428  [0.463] 1540
Started game 1553 of 10000 (PassedPawn vs Magic)
Finished game 1542 (Magic vs PassedPawn): 1-0 {White wins by adjudication}
Score of PassedPawn vs Magic: 499 - 614 - 428  [0.463] 1541
Started game 1554 of 10000 (Magic vs PassedPawn)
Finished game 1545 (PassedPawn vs Magic): 0-1 {Black wins by adjudication}
Score of PassedPawn vs Magic: 499 - 615 - 428  [0.462] 1542
Started game 1555 of 10000 (PassedPawn vs Magic)
Finished game 1543 (PassedPawn vs Magic): 0-1 {Black wins by adjudication}
Score of PassedPawn vs Magic: 499 - 616 - 428  [0.462] 1543
Started game 1556 of 10000 (Magic vs PassedPawn)
Finished game 1541 (PassedPawn vs Magic): 1-0 {White mates}
Score of PassedPawn vs Magic: 500 - 616 - 428  [0.462] 1544
Started game 1557 of 10000 (PassedPawn vs Magic)
Finished game 1547 (PassedPawn vs Magic): 1/2-1/2 {Draw by 3-fold repetition}
Score of PassedPawn vs Magic: 500 - 616 - 429  [0.462] 1545
Started game 1558 of 10000 (Magic vs PassedPawn)
Finished game 1546 (Magic vs PassedPawn): 0-1 {Black wins by adjudication}
Score of PassedPawn vs Magic: 501 - 616 - 429  [0.463] 1546
Started game 1559 of 10000 (PassedPawn vs Magic)
Finished game 1539 (PassedPawn vs Magic): 1/2-1/2 {Draw by fifty moves rule}
Score of PassedPawn vs Magic: 501 - 616 - 430  [0.463] 1547
Started game 1560 of 10000 (Magic vs PassedPawn)
Finished game 1550 (Magic vs PassedPawn): 1-0 {White wins by adjudication}
Score of PassedPawn vs Magic: 501 - 617 - 430  [0.463] 1548
Started game 1561 of 10000 (PassedPawn vs Magic)
Finished game 1548 (Magic vs PassedPawn): 1-0 {White wins by adjudication}
Score of PassedPawn vs Magic: 501 - 618 - 430  [0.462] 1549
Started game 1562 of 10000 (Magic vs PassedPawn)
Finished game 1549 (PassedPawn vs Magic): 0-1 {Black wins by adjudication}
Score of PassedPawn vs Magic: 501 - 619 - 430  [0.462] 1550
Started game 1563 of 10000 (PassedPawn vs Magic)
Finished game 1551 (PassedPawn vs Magic): 0-1 {Black wins by adjudication}
Score of PassedPawn vs Magic: 501 - 620 - 430  [0.462] 1551
Started game 1564 of 10000 (Magic vs PassedPawn)
Finished game 1552 (Magic vs PassedPawn): 1-0 {White wins by adjudication}
Score of PassedPawn vs Magic: 501 - 621 - 430  [0.461] 1552
Started game 1565 of 10000 (PassedPawn vs Magic)
Finished game 1555 (PassedPawn vs Magic): 1-0 {White wins by adjudication}
Score of PassedPawn vs Magic: 502 - 621 - 430  [0.462] 1553
Started game 1566 of 10000 (Magic vs PassedPawn)
Finished game 1558 (Magic vs PassedPawn): 1/2-1/2 {Draw by 3-fold repetition}
Score of PassedPawn vs Magic: 502 - 621 - 431  [0.462] 1554
Started game 1567 of 10000 (PassedPawn vs Magic)
Finished game 1556 (Magic vs PassedPawn): 1/2-1/2 {Draw by adjudication}
Score of PassedPawn vs Magic: 502 - 621 - 432  [0.462] 1555
Started game 1568 of 10000 (Magic vs PassedPawn)
Finished game 1559 (PassedPawn vs Magic): 1/2-1/2 {Draw by 3-fold repetition}
Score of PassedPawn vs Magic: 502 - 621 - 433  [0.462] 1556
Started game 1569 of 10000 (PassedPawn vs Magic)
Finished game 1557 (PassedPawn vs Magic): 0-1 {Black wins by adjudication}
Score of PassedPawn vs Magic: 502 - 622 - 433  [0.461] 1557
Started game 1570 of 10000 (Magic vs PassedPawn)
Finished game 1561 (PassedPawn vs Magic): 1-0 {White wins by adjudication}
Score of PassedPawn vs Magic: 503 - 622 - 433  [0.462] 1558
Started game 1571 of 10000 (PassedPawn vs Magic)
Finished game 1562 (Magic vs PassedPawn): 1-0 {White wins by adjudication}
Score of PassedPawn vs Magic: 503 - 623 - 433  [0.462] 1559
Started game 1572 of 10000 (Magic vs PassedPawn)
Finished game 1560 (Magic vs PassedPawn): 1-0 {White wins by adjudication}
Score of PassedPawn vs Magic: 503 - 624 - 433  [0.461] 1560
Started game 1573 of 10000 (PassedPawn vs Magic)
Finished game 1564 (Magic vs PassedPawn): 1-0 {White wins by adjudication}
Score of PassedPawn vs Magic: 503 - 625 - 433  [0.461] 1561
Started game 1574 of 10000 (Magic vs PassedPawn)
Finished game 1566 (Magic vs PassedPawn): 0-1 {Black wins by adjudication}
Score of PassedPawn vs Magic: 504 - 625 - 433  [0.461] 1562
Started game 1575 of 10000 (PassedPawn vs Magic)
Finished game 1563 (PassedPawn vs Magic): 1-0 {White wins by adjudication}
Score of PassedPawn vs Magic: 505 - 625 - 433  [0.462] 1563
Started game 1576 of 10000 (Magic vs PassedPawn)
Finished game 1554 (Magic vs PassedPawn): 1-0 {White wins by adjudication}
Score of PassedPawn vs Magic: 505 - 626 - 433  [0.461] 1564
Started game 1577 of 10000 (PassedPawn vs Magic)
Finished game 1567 (PassedPawn vs Magic): 1-0 {White wins by adjudication}
Score of PassedPawn vs Magic: 506 - 626 - 433  [0.462] 1565
Started game 1578 of 10000 (Magic vs PassedPawn)
Finished game 1565 (PassedPawn vs Magic): 0-1 {Black wins by adjudication}
Score of PassedPawn vs Magic: 506 - 627 - 433  [0.461] 1566
Started game 1579 of 10000 (PassedPawn vs Magic)
Finished game 1553 (PassedPawn vs Magic): 0-1 {Black wins by adjudication}
Score of PassedPawn vs Magic: 506 - 628 - 433  [0.461] 1567
Started game 1580 of 10000 (Magic vs PassedPawn)
Finished game 1568 (Magic vs PassedPawn): 1-0 {White wins by adjudication}
Score of PassedPawn vs Magic: 506 - 629 - 433  [0.461] 1568
Started game 1581 of 10000 (PassedPawn vs Magic)
Finished game 1570 (Magic vs PassedPawn): 1-0 {White wins by adjudication}
Score of PassedPawn vs Magic: 506 - 630 - 433  [0.460] 1569
Started game 1582 of 10000 (Magic vs PassedPawn)
Finished game 1569 (PassedPawn vs Magic): 0-1 {Black wins by adjudication}
Score of PassedPawn vs Magic: 506 - 631 - 433  [0.460] 1570
Started game 1583 of 10000 (PassedPawn vs Magic)
Finished game 1573 (PassedPawn vs Magic): 1-0 {White wins by adjudication}
Score of PassedPawn vs Magic: 507 - 631 - 433  [0.461] 1571
Started game 1584 of 10000 (Magic vs PassedPawn)
Finished game 1572 (Magic vs PassedPawn): 1/2-1/2 {Draw by 3-fold repetition}
Score of PassedPawn vs Magic: 507 - 631 - 434  [0.461] 1572
Started game 1585 of 10000 (PassedPawn vs Magic)
Finished game 1580 (Magic vs PassedPawn): 0-1 {Black wins by adjudication}
Score of PassedPawn vs Magic: 508 - 631 - 434  [0.461] 1573
Started game 1586 of 10000 (Magic vs PassedPawn)
Finished game 1574 (Magic vs PassedPawn): 1/2-1/2 {Draw by 3-fold repetition}
Score of PassedPawn vs Magic: 508 - 631 - 435  [0.461] 1574
Started game 1587 of 10000 (PassedPawn vs Magic)
Finished game 1576 (Magic vs PassedPawn): 1/2-1/2 {Draw by insufficient mating material}
Score of PassedPawn vs Magic: 508 - 631 - 436  [0.461] 1575
Started game 1588 of 10000 (Magic vs PassedPawn)
Finished game 1577 (PassedPawn vs Magic): 1-0 {White wins by adjudication}
Score of PassedPawn vs Magic: 509 - 631 - 436  [0.461] 1576
Started game 1589 of 10000 (PassedPawn vs Magic)
Finished game 1579 (PassedPawn vs Magic): 0-1 {Black wins by adjudication}
Score of PassedPawn vs Magic: 509 - 632 - 436  [0.461] 1577
Started game 1590 of 10000 (Magic vs PassedPawn)
Finished game 1571 (PassedPawn vs Magic): 1/2-1/2 {Draw by adjudication}
Score of PassedPawn vs Magic: 509 - 632 - 437  [0.461] 1578
Started game 1591 of 10000 (PassedPawn vs Magic)
Finished game 1585 (PassedPawn vs Magic): 1/2-1/2 {Draw by 3-fold repetition}
Score of PassedPawn vs Magic: 509 - 632 - 438  [0.461] 1579
Started game 1592 of 10000 (Magic vs PassedPawn)
Finished game 1581 (PassedPawn vs Magic): 0-1 {Black wins by adjudication}
Score of PassedPawn vs Magic: 509 - 633 - 438  [0.461] 1580
Started game 1593 of 10000 (PassedPawn vs Magic)
Finished game 1586 (Magic vs PassedPawn): 1/2-1/2 {Draw by 3-fold repetition}
Score of PassedPawn vs Magic: 509 - 633 - 439  [0.461] 1581
Started game 1594 of 10000 (Magic vs PassedPawn)
Finished game 1575 (PassedPawn vs Magic): 0-1 {Black wins by adjudication}
Score of PassedPawn vs Magic: 509 - 634 - 439  [0.460] 1582
Started game 1595 of 10000 (PassedPawn vs Magic)
Finished game 1583 (PassedPawn vs Magic): 0-1 {Black wins by adjudication}
Score of PassedPawn vs Magic: 509 - 635 - 439  [0.460] 1583
Started game 1596 of 10000 (Magic vs PassedPawn)
Finished game 1578 (Magic vs PassedPawn): 1/2-1/2 {Draw by fifty moves rule}
Score of PassedPawn vs Magic: 509 - 635 - 440  [0.460] 1584
Started game 1597 of 10000 (PassedPawn vs Magic)
Finished game 1582 (Magic vs PassedPawn): 0-1 {Black wins by adjudication}
Score of PassedPawn vs Magic: 510 - 635 - 440  [0.461] 1585
Started game 1598 of 10000 (Magic vs PassedPawn)
Finished game 1584 (Magic vs PassedPawn): 0-1 {Black wins by adjudication}
Score of PassedPawn vs Magic: 511 - 635 - 440  [0.461] 1586
Started game 1599 of 10000 (PassedPawn vs Magic)
Finished game 1588 (Magic vs PassedPawn): 1-0 {White wins by adjudication}
Score of PassedPawn vs Magic: 511 - 636 - 440  [0.461] 1587
Started game 1600 of 10000 (Magic vs PassedPawn)
Finished game 1587 (PassedPawn vs Magic): 1-0 {White wins by adjudication}
Score of PassedPawn vs Magic: 512 - 636 - 440  [0.461] 1588
Started game 1601 of 10000 (PassedPawn vs Magic)
Finished game 1589 (PassedPawn vs Magic): 1/2-1/2 {Draw by 3-fold repetition}
Score of PassedPawn vs Magic: 512 - 636 - 441  [0.461] 1589
Started game 1602 of 10000 (Magic vs PassedPawn)
Finished game 1590 (Magic vs PassedPawn): 1-0 {White wins by adjudication}
Score of PassedPawn vs Magic: 512 - 637 - 441  [0.461] 1590
Started game 1603 of 10000 (PassedPawn vs Magic)
Finished game 1596 (Magic vs PassedPawn): 1/2-1/2 {Draw by 3-fold repetition}
Score of PassedPawn vs Magic: 512 - 637 - 442  [0.461] 1591
Started game 1604 of 10000 (Magic vs PassedPawn)
Finished game 1594 (Magic vs PassedPawn): 1-0 {White wins by adjudication}
Score of PassedPawn vs Magic: 512 - 638 - 442  [0.460] 1592
Started game 1605 of 10000 (PassedPawn vs Magic)
Finished game 1593 (PassedPawn vs Magic): 0-1 {Black wins by adjudication}
Score of PassedPawn vs Magic: 512 - 639 - 442  [0.460] 1593
Started game 1606 of 10000 (Magic vs PassedPawn)
Finished game 1591 (PassedPawn vs Magic): 0-1 {Black wins by adjudication}
Score of PassedPawn vs Magic: 512 - 640 - 442  [0.460] 1594
Started game 1607 of 10000 (PassedPawn vs Magic)
Finished game 1592 (Magic vs PassedPawn): 0-1 {Black wins by adjudication}
Score of PassedPawn vs Magic: 513 - 640 - 442  [0.460] 1595
Started game 1608 of 10000 (Magic vs PassedPawn)
Finished game 1598 (Magic vs PassedPawn): 0-1 {Black wins by adjudication}
Score of PassedPawn vs Magic: 514 - 640 - 442  [0.461] 1596
Started game 1609 of 10000 (PassedPawn vs Magic)
Finished game 1595 (PassedPawn vs Magic): 1-0 {White wins by adjudication}
Score of PassedPawn vs Magic: 515 - 640 - 442  [0.461] 1597
Started game 1610 of 10000 (Magic vs PassedPawn)
Finished game 1599 (PassedPawn vs Magic): 0-1 {Black wins by adjudication}
Score of PassedPawn vs Magic: 515 - 641 - 442  [0.461] 1598
Started game 1611 of 10000 (PassedPawn vs Magic)
Finished game 1597 (PassedPawn vs Magic): 1/2-1/2 {Draw by fifty moves rule}
Score of PassedPawn vs Magic: 515 - 641 - 443  [0.461] 1599
Started game 1612 of 10000 (Magic vs PassedPawn)
Finished game 1600 (Magic vs PassedPawn): 1-0 {White wins by adjudication}
Score of PassedPawn vs Magic: 515 - 642 - 443  [0.460] 1600
Started game 1613 of 10000 (PassedPawn vs Magic)
Finished game 1601 (PassedPawn vs Magic): 1-0 {White wins by adjudication}
Score of PassedPawn vs Magic: 516 - 642 - 443  [0.461] 1601
Started game 1614 of 10000 (Magic vs PassedPawn)
Finished game 1603 (PassedPawn vs Magic): 0-1 {Black wins by adjudication}
Score of PassedPawn vs Magic: 516 - 643 - 443  [0.460] 1602
Started game 1615 of 10000 (PassedPawn vs Magic)
Finished game 1604 (Magic vs PassedPawn): 1-0 {White wins by adjudication}
Score of PassedPawn vs Magic: 516 - 644 - 443  [0.460] 1603
Started game 1616 of 10000 (Magic vs PassedPawn)
Finished game 1607 (PassedPawn vs Magic): 0-1 {Black wins by adjudication}
Score of PassedPawn vs Magic: 516 - 645 - 443  [0.460] 1604
Started game 1617 of 10000 (PassedPawn vs Magic)
Finished game 1609 (PassedPawn vs Magic): 1/2-1/2 {Draw by 3-fold repetition}
Score of PassedPawn vs Magic: 516 - 645 - 444  [0.460] 1605
Started game 1618 of 10000 (Magic vs PassedPawn)
Finished game 1605 (PassedPawn vs Magic): 1/2-1/2 {Draw by 3-fold repetition}
Score of PassedPawn vs Magic: 516 - 645 - 445  [0.460] 1606
Started game 1619 of 10000 (PassedPawn vs Magic)
Finished game 1602 (Magic vs PassedPawn): 1-0 {White wins by adjudication}
Score of PassedPawn vs Magic: 516 - 646 - 445  [0.460] 1607
Started game 1620 of 10000 (Magic vs PassedPawn)
Finished game 1608 (Magic vs PassedPawn): 1/2-1/2 {Draw by 3-fold repetition}
Score of PassedPawn vs Magic: 516 - 646 - 446  [0.460] 1608
Started game 1621 of 10000 (PassedPawn vs Magic)
Finished game 1613 (PassedPawn vs Magic): 1-0 {White wins by adjudication}
Score of PassedPawn vs Magic: 517 - 646 - 446  [0.460] 1609
Started game 1622 of 10000 (Magic vs PassedPawn)
Finished game 1606 (Magic vs PassedPawn): 1/2-1/2 {Draw by adjudication}
Score of PassedPawn vs Magic: 517 - 646 - 447  [0.460] 1610
Started game 1623 of 10000 (PassedPawn vs Magic)
Finished game 1610 (Magic vs PassedPawn): 1-0 {White wins by adjudication}
Score of PassedPawn vs Magic: 517 - 647 - 447  [0.460] 1611
Started game 1624 of 10000 (Magic vs PassedPawn)
Finished game 1616 (Magic vs PassedPawn): 1/2-1/2 {Draw by adjudication}
Score of PassedPawn vs Magic: 517 - 647 - 448  [0.460] 1612
Started game 1625 of 10000 (PassedPawn vs Magic)
Finished game 1611 (PassedPawn vs Magic): 1/2-1/2 {Draw by fifty moves rule}
Score of PassedPawn vs Magic: 517 - 647 - 449  [0.460] 1613
Started game 1626 of 10000 (Magic vs PassedPawn)
Finished game 1619 (PassedPawn vs Magic): 0-1 {Black wins by adjudication}
Score of PassedPawn vs Magic: 517 - 648 - 449  [0.459] 1614
Started game 1627 of 10000 (PassedPawn vs Magic)
Finished game 1614 (Magic vs PassedPawn): 1/2-1/2 {Draw by 3-fold repetition}
Score of PassedPawn vs Magic: 517 - 648 - 450  [0.459] 1615
Started game 1628 of 10000 (Magic vs PassedPawn)
Finished game 1617 (PassedPawn vs Magic): 0-1 {Black wins by adjudication}
Score of PassedPawn vs Magic: 517 - 649 - 450  [0.459] 1616
Started game 1629 of 10000 (PassedPawn vs Magic)
Finished game 1615 (PassedPawn vs Magic): 1-0 {White wins by adjudication}
Score of PassedPawn vs Magic: 518 - 649 - 450  [0.459] 1617
Started game 1630 of 10000 (Magic vs PassedPawn)
Finished game 1620 (Magic vs PassedPawn): 1/2-1/2 {Draw by adjudication}
Score of PassedPawn vs Magic: 518 - 649 - 451  [0.460] 1618
Started game 1631 of 10000 (PassedPawn vs Magic)
Finished game 1621 (PassedPawn vs Magic): 1-0 {White wins by adjudication}
Score of PassedPawn vs Magic: 519 - 649 - 451  [0.460] 1619
Started game 1632 of 10000 (Magic vs PassedPawn)
Finished game 1618 (Magic vs PassedPawn): 1/2-1/2 {Draw by insufficient mating material}
Score of PassedPawn vs Magic: 519 - 649 - 452  [0.460] 1620
Started game 1633 of 10000 (PassedPawn vs Magic)
Finished game 1612 (Magic vs PassedPawn): 0-1 {Black mates}
Score of PassedPawn vs Magic: 520 - 649 - 452  [0.460] 1621
Started game 1634 of 10000 (Magic vs PassedPawn)
Finished game 1624 (Magic vs PassedPawn): 1/2-1/2 {Draw by 3-fold repetition}
Score of PassedPawn vs Magic: 520 - 649 - 453  [0.460] 1622
Started game 1635 of 10000 (PassedPawn vs Magic)
Finished game 1622 (Magic vs PassedPawn): 1-0 {White wins by adjudication}
Score of PassedPawn vs Magic: 520 - 650 - 453  [0.460] 1623
Started game 1636 of 10000 (Magic vs PassedPawn)
Finished game 1623 (PassedPawn vs Magic): 0-1 {Black wins by adjudication}
Score of PassedPawn vs Magic: 520 - 651 - 453  [0.460] 1624
Started game 1637 of 10000 (PassedPawn vs Magic)
Finished game 1626 (Magic vs PassedPawn): 1-0 {White wins by adjudication}
Score of PassedPawn vs Magic: 520 - 652 - 453  [0.459] 1625
Started game 1638 of 10000 (Magic vs PassedPawn)
Finished game 1625 (PassedPawn vs Magic): 1-0 {White wins by adjudication}
Score of PassedPawn vs Magic: 521 - 652 - 453  [0.460] 1626
Started game 1639 of 10000 (PassedPawn vs Magic)
Finished game 1627 (PassedPawn vs Magic): 1-0 {White wins by adjudication}
Score of PassedPawn vs Magic: 522 - 652 - 453  [0.460] 1627
Started game 1640 of 10000 (Magic vs PassedPawn)
Finished game 1631 (PassedPawn vs Magic): 1-0 {White wins by adjudication}
Score of PassedPawn vs Magic: 523 - 652 - 453  [0.460] 1628
Started game 1641 of 10000 (PassedPawn vs Magic)
Finished game 1628 (Magic vs PassedPawn): 1/2-1/2 {Draw by 3-fold repetition}
Score of PassedPawn vs Magic: 523 - 652 - 454  [0.460] 1629
Started game 1642 of 10000 (Magic vs PassedPawn)
Finished game 1633 (PassedPawn vs Magic): 1/2-1/2 {Draw by insufficient mating material}
Score of PassedPawn vs Magic: 523 - 652 - 455  [0.460] 1630
Started game 1643 of 10000 (PassedPawn vs Magic)
Finished game 1637 (PassedPawn vs Magic): 0-1 {Black wins by adjudication}
Score of PassedPawn vs Magic: 523 - 653 - 455  [0.460] 1631
Started game 1644 of 10000 (Magic vs PassedPawn)
Finished game 1632 (Magic vs PassedPawn): 0-1 {Black wins by adjudication}
Score of PassedPawn vs Magic: 524 - 653 - 455  [0.460] 1632
Started game 1645 of 10000 (PassedPawn vs Magic)
Finished game 1636 (Magic vs PassedPawn): 1/2-1/2 {Draw by 3-fold repetition}
Score of PassedPawn vs Magic: 524 - 653 - 456  [0.461] 1633
Started game 1646 of 10000 (Magic vs PassedPawn)
Finished game 1629 (PassedPawn vs Magic): 1/2-1/2 {Draw by adjudication}
Score of PassedPawn vs Magic: 524 - 653 - 457  [0.461] 1634
Started game 1647 of 10000 (PassedPawn vs Magic)
Finished game 1635 (PassedPawn vs Magic): 0-1 {Black wins by adjudication}
Score of PassedPawn vs Magic: 524 - 654 - 457  [0.460] 1635
Started game 1648 of 10000 (Magic vs PassedPawn)
Finished game 1638 (Magic vs PassedPawn): 1-0 {White wins by adjudication}
Score of PassedPawn vs Magic: 524 - 655 - 457  [0.460] 1636
Started game 1649 of 10000 (PassedPawn vs Magic)
Finished game 1639 (PassedPawn vs Magic): 1/2-1/2 {Draw by 3-fold repetition}
Score of PassedPawn vs Magic: 524 - 655 - 458  [0.460] 1637
Started game 1650 of 10000 (Magic vs PassedPawn)
Finished game 1630 (Magic vs PassedPawn): 0-1 {Black wins by adjudication}
Score of PassedPawn vs Magic: 525 - 655 - 458  [0.460] 1638
Started game 1651 of 10000 (PassedPawn vs Magic)
Finished game 1640 (Magic vs PassedPawn): 0-1 {Black wins by adjudication}
Score of PassedPawn vs Magic: 526 - 655 - 458  [0.461] 1639
Started game 1652 of 10000 (Magic vs PassedPawn)
Finished game 1642 (Magic vs PassedPawn): 1-0 {White mates}
Score of PassedPawn vs Magic: 526 - 656 - 458  [0.460] 1640
Started game 1653 of 10000 (PassedPawn vs Magic)
Finished game 1641 (PassedPawn vs Magic): 0-1 {Black wins by adjudication}
Score of PassedPawn vs Magic: 526 - 657 - 458  [0.460] 1641
Started game 1654 of 10000 (Magic vs PassedPawn)
Finished game 1644 (Magic vs PassedPawn): 1-0 {White wins by adjudication}
Score of PassedPawn vs Magic: 526 - 658 - 458  [0.460] 1642
Started game 1655 of 10000 (PassedPawn vs Magic)
Finished game 1646 (Magic vs PassedPawn): 0-1 {Black wins by adjudication}
Score of PassedPawn vs Magic: 527 - 658 - 458  [0.460] 1643
Started game 1656 of 10000 (Magic vs PassedPawn)
Finished game 1634 (Magic vs PassedPawn): 1/2-1/2 {Draw by fifty moves rule}
Score of PassedPawn vs Magic: 527 - 658 - 459  [0.460] 1644
Started game 1657 of 10000 (PassedPawn vs Magic)
Finished game 1647 (PassedPawn vs Magic): 1-0 {White wins by adjudication}
Score of PassedPawn vs Magic: 528 - 658 - 459  [0.460] 1645
Started game 1658 of 10000 (Magic vs PassedPawn)
Finished game 1648 (Magic vs PassedPawn): 1-0 {White wins by adjudication}
Score of PassedPawn vs Magic: 528 - 659 - 459  [0.460] 1646
Started game 1659 of 10000 (PassedPawn vs Magic)
Finished game 1645 (PassedPawn vs Magic): 0-1 {Black wins by adjudication}
Score of PassedPawn vs Magic: 528 - 660 - 459  [0.460] 1647
Started game 1660 of 10000 (Magic vs PassedPawn)
Finished game 1650 (Magic vs PassedPawn): 0-1 {Black wins by adjudication}
Score of PassedPawn vs Magic: 529 - 660 - 459  [0.460] 1648
Started game 1661 of 10000 (PassedPawn vs Magic)
Finished game 1651 (PassedPawn vs Magic): 1-0 {White wins by adjudication}
Score of PassedPawn vs Magic: 530 - 660 - 459  [0.461] 1649
Started game 1662 of 10000 (Magic vs PassedPawn)
Finished game 1652 (Magic vs PassedPawn): 1-0 {White wins by adjudication}
Score of PassedPawn vs Magic: 530 - 661 - 459  [0.460] 1650
Started game 1663 of 10000 (PassedPawn vs Magic)
Finished game 1656 (Magic vs PassedPawn): 0-1 {Black wins by adjudication}
Score of PassedPawn vs Magic: 531 - 661 - 459  [0.461] 1651
Started game 1664 of 10000 (Magic vs PassedPawn)
Finished game 1643 (PassedPawn vs Magic): 0-1 {Black wins by adjudication}
Score of PassedPawn vs Magic: 531 - 662 - 459  [0.460] 1652
Started game 1665 of 10000 (PassedPawn vs Magic)
Finished game 1653 (PassedPawn vs Magic): 1-0 {White wins by adjudication}
Score of PassedPawn vs Magic: 532 - 662 - 459  [0.461] 1653
Started game 1666 of 10000 (Magic vs PassedPawn)
Finished game 1654 (Magic vs PassedPawn): 1-0 {White wins by adjudication}
Score of PassedPawn vs Magic: 532 - 663 - 459  [0.460] 1654
Started game 1667 of 10000 (PassedPawn vs Magic)
Finished game 1655 (PassedPawn vs Magic): 1-0 {White wins by adjudication}
Score of PassedPawn vs Magic: 533 - 663 - 459  [0.461] 1655
Started game 1668 of 10000 (Magic vs PassedPawn)
Finished game 1657 (PassedPawn vs Magic): 0-1 {Black wins by adjudication}
Score of PassedPawn vs Magic: 533 - 664 - 459  [0.460] 1656
Started game 1669 of 10000 (PassedPawn vs Magic)
Finished game 1660 (Magic vs PassedPawn): 1-0 {White wins by adjudication}
Score of PassedPawn vs Magic: 533 - 665 - 459  [0.460] 1657
Started game 1670 of 10000 (Magic vs PassedPawn)
Finished game 1661 (PassedPawn vs Magic): 1/2-1/2 {Draw by 3-fold repetition}
Score of PassedPawn vs Magic: 533 - 665 - 460  [0.460] 1658
Started game 1671 of 10000 (PassedPawn vs Magic)
Finished game 1659 (PassedPawn vs Magic): 1-0 {White wins by adjudication}
Score of PassedPawn vs Magic: 534 - 665 - 460  [0.461] 1659
Started game 1672 of 10000 (Magic vs PassedPawn)
Finished game 1662 (Magic vs PassedPawn): 1-0 {White wins by adjudication}
Score of PassedPawn vs Magic: 534 - 666 - 460  [0.460] 1660
Started game 1673 of 10000 (PassedPawn vs Magic)
Finished game 1649 (PassedPawn vs Magic): 1/2-1/2 {Draw by 3-fold repetition}
Score of PassedPawn vs Magic: 534 - 666 - 461  [0.460] 1661
Started game 1674 of 10000 (Magic vs PassedPawn)
Finished game 1658 (Magic vs PassedPawn): 1-0 {White wins by adjudication}
Score of PassedPawn vs Magic: 534 - 667 - 461  [0.460] 1662
Started game 1675 of 10000 (PassedPawn vs Magic)
Finished game 1663 (PassedPawn vs Magic): 1-0 {White wins by adjudication}
Score of PassedPawn vs Magic: 535 - 667 - 461  [0.460] 1663
Started game 1676 of 10000 (Magic vs PassedPawn)
Finished game 1664 (Magic vs PassedPawn): 1-0 {White wins by adjudication}
Score of PassedPawn vs Magic: 535 - 668 - 461  [0.460] 1664
Started game 1677 of 10000 (PassedPawn vs Magic)
Finished game 1668 (Magic vs PassedPawn): 1-0 {White wins by adjudication}
Score of PassedPawn vs Magic: 535 - 669 - 461  [0.460] 1665
Started game 1678 of 10000 (Magic vs PassedPawn)
Finished game 1666 (Magic vs PassedPawn): 1/2-1/2 {Draw by 3-fold repetition}
Score of PassedPawn vs Magic: 535 - 669 - 462  [0.460] 1666
Started game 1679 of 10000 (PassedPawn vs Magic)
Finished game 1665 (PassedPawn vs Magic): 0-1 {Black wins by adjudication}
Score of PassedPawn vs Magic: 535 - 670 - 462  [0.460] 1667
Started game 1680 of 10000 (Magic vs PassedPawn)
Finished game 1669 (PassedPawn vs Magic): 1-0 {White wins by adjudication}
Score of PassedPawn vs Magic: 536 - 670 - 462  [0.460] 1668
Started game 1681 of 10000 (PassedPawn vs Magic)
Finished game 1667 (PassedPawn vs Magic): 1/2-1/2 {Draw by adjudication}
Score of PassedPawn vs Magic: 536 - 670 - 463  [0.460] 1669
Started game 1682 of 10000 (Magic vs PassedPawn)
Finished game 1672 (Magic vs PassedPawn): 1-0 {White wins by adjudication}
Score of PassedPawn vs Magic: 536 - 671 - 463  [0.460] 1670
Started game 1683 of 10000 (PassedPawn vs Magic)
Finished game 1671 (PassedPawn vs Magic): 0-1 {Black wins by adjudication}
Score of PassedPawn vs Magic: 536 - 672 - 463  [0.459] 1671
Finished game 1679 (PassedPawn vs Magic): * {No result}
Score of PassedPawn vs Magic: 536 - 672 - 463  [0.459] 1671
Finished game 1673 (PassedPawn vs Magic): * {No result}
Score of PassedPawn vs Magic: 536 - 672 - 463  [0.459] 1671
Finished game 1676 (Magic vs PassedPawn): * {No result}
Score of PassedPawn vs Magic: 536 - 672 - 463  [0.459] 1671
Finished game 1674 (Magic vs PassedPawn): * {No result}
Score of PassedPawn vs Magic: 536 - 672 - 463  [0.459] 1671
Finished game 1681 (PassedPawn vs Magic): * {No result}
Score of PassedPawn vs Magic: 536 - 672 - 463  [0.459] 1671
Finished game 1670 (Magic vs PassedPawn): * {No result}
Score of PassedPawn vs Magic: 536 - 672 - 463  [0.459] 1671
Finished game 1675 (PassedPawn vs Magic): * {No result}
Score of PassedPawn vs Magic: 536 - 672 - 463  [0.459] 1671
Finished game 1678 (Magic vs PassedPawn): * {No result}
Score of PassedPawn vs Magic: 536 - 672 - 463  [0.459] 1671
Finished game 1683 (PassedPawn vs Magic): * {No result}
Score of PassedPawn vs Magic: 536 - 672 - 463  [0.459] 1671
Finished game 1680 (Magic vs PassedPawn): * {No result}
Score of PassedPawn vs Magic: 536 - 672 - 463  [0.459] 1671
Finished game 1677 (PassedPawn vs Magic): * {No result}
Score of PassedPawn vs Magic: 536 - 672 - 463  [0.459] 1671
Finished game 1682 (Magic vs PassedPawn): * {No result}
Score of PassedPawn vs Magic: 536 - 672 - 463  [0.459] 1671
...      PassedPawn playing White: 291 - 303 - 242  [0.493] 836
...      PassedPawn playing Black: 245 - 369 - 221  [0.426] 835
...      White vs Black: 660 - 548 - 463  [0.534] 1671
Elo difference: -28.3 +/- 14.2, LOS: 0.0 %, DrawRatio: 27.7 %
SPRT: llr -2.95 (-100.4%), lbound -2.94, ubound 2.94 - H0 was accepted

Player: PassedPawn
   "Draw by 3-fold repetition": 215
   "Draw by adjudication": 73
   "Draw by fifty moves rule": 57
   "Draw by insufficient mating material": 105
   "Draw by stalemate": 13
   "Loss: Black mates": 9
   "Loss: Black wins by adjudication": 294
   "Loss: White mates": 20
   "Loss: White wins by adjudication": 349
   "No result": 12
   "Win: Black mates": 7
   "Win: Black wins by adjudication": 238
   "Win: White mates": 8
   "Win: White wins by adjudication": 283
Player: Magic
   "Draw by 3-fold repetition": 215
   "Draw by adjudication": 73
   "Draw by fifty moves rule": 57
   "Draw by insufficient mating material": 105
   "Draw by stalemate": 13
   "Loss: Black mates": 7
   "Loss: Black wins by adjudication": 238
   "Loss: White mates": 8
   "Loss: White wins by adjudication": 283
   "No result": 12
   "Win: Black mates": 9
   "Win: Black wins by adjudication": 294
   "Win: White mates": 20
   "Win: White wins by adjudication": 349
Finished match
